# Blender 4.3.2
# www.blender.org
mtllib link3.mtl
o node0_001_Part__Feature.000
v 0.054787 0.070825 -0.056363
v 0.042549 0.070783 -0.052265
v 0.028061 0.070813 -0.034438
v 0.027425 0.070774 -0.035020
v 0.021010 0.070806 -0.031610
v 0.025208 0.070783 -0.028911
v 0.033068 0.070764 -0.044377
v 0.052652 0.070828 -0.057335
v 0.021580 0.070814 -0.023842
v 0.024092 0.070830 -0.037364
v 0.020650 0.070762 -0.019448
v 0.056114 0.070805 -0.060789
v 0.027005 0.070814 -0.036416
v 0.020300 0.070752 -0.017005
v 0.027172 0.070772 -0.035483
v 0.020696 0.070813 -0.015964
v 0.059304 0.070805 -0.060335
v 0.041936 0.070788 -0.051511
v 0.022129 0.070889 -0.010271
v 0.037247 0.070803 -0.046264
v 0.022708 0.070800 -0.003026
v 0.020554 0.070662 -0.016280
v 0.018748 0.070666 -0.009372
v 0.026150 0.070753 0.003233
v 0.024981 0.071006 0.000039
v 0.016791 0.070571 -0.016865
v 0.017243 0.070587 -0.020110
v 0.017686 0.070821 -0.020212
v 0.016751 0.070400 -0.014695
v 0.017448 0.070831 -0.013490
v 0.017615 0.070401 -0.011025
v 0.034046 0.070820 -0.049684
v 0.031132 0.070575 -0.047514
v 0.018529 0.070566 -0.025667
v 0.027363 0.070809 -0.042572
v 0.028298 0.070548 -0.044345
v 0.048750 0.070518 -0.059501
v 0.051879 0.070812 -0.060259
v 0.044428 0.070805 -0.056968
v 0.043529 0.070506 -0.056972
v 0.039157 0.070792 -0.053865
v 0.025677 0.070476 -0.040993
v 0.038597 0.070412 -0.053996
v 0.034417 0.070523 -0.050650
v 0.022604 0.070580 -0.035809
v 0.020047 0.070405 -0.030479
v 0.058908 0.070477 -0.060941
v 0.055725 0.070483 -0.061258
v 0.052949 0.070525 -0.060923
v 0.073777 0.070563 -0.056032
v 0.069738 0.070751 -0.057064
v 0.027927 0.070224 0.007262
v 0.076619 0.071241 -0.054728
v 0.053720 0.083789 -0.046445
v 0.081358 0.080974 -0.051100
v 0.047524 0.078464 -0.046108
v 0.088126 0.081866 -0.049629
v 0.048723 0.083471 -0.043495
v 0.039182 0.078323 -0.039260
v 0.050550 0.087340 -0.041865
v 0.043147 0.079846 -0.041830
v 0.072420 0.072292 -0.054801
v 0.047237 0.087181 -0.039432
v 0.034366 0.072677 -0.038247
v 0.076996 0.080737 -0.051621
v 0.043737 0.086960 -0.036328
v 0.090960 0.089317 -0.046265
v 0.038491 0.083238 -0.033931
v 0.111872 0.084746 -0.038758
v 0.114726 0.083944 -0.036681
v 0.106307 0.072385 -0.045410
v 0.100680 0.072099 -0.048144
v 0.108261 0.087137 -0.040332
v 0.110438 0.090588 -0.037389
v 0.106876 0.082736 -0.042571
v 0.099742 0.083406 -0.045701
v 0.061561 0.072930 -0.054276
v 0.084471 0.086471 -0.048697
v 0.062719 0.078614 -0.052082
v 0.057869 0.078772 -0.050942
v 0.053727 0.079216 -0.049166
v 0.054584 0.072340 -0.053026
v 0.083283 0.088744 -0.047853
v 0.067002 0.072806 -0.054735
v 0.074887 0.084490 -0.050309
v 0.069564 0.079162 -0.052431
v 0.077113 0.088498 -0.048378
v 0.057967 0.072681 -0.053777
v 0.067163 0.083974 -0.050246
v 0.113567 0.064988 -0.042462
v 0.113761 0.073882 -0.040282
v 0.109507 0.064879 -0.045124
v 0.110871 0.072297 -0.042716
v 0.104915 0.064866 -0.047646
v 0.069720 0.088026 -0.048435
v 0.062168 0.083663 -0.049567
v 0.064167 0.087906 -0.047660
v 0.058399 0.084330 -0.048163
v 0.060019 0.087707 -0.046659
v 0.046016 0.072586 -0.048671
v 0.042233 0.072422 -0.046130
v 0.099383 0.064930 -0.050173
v 0.056391 0.087527 -0.045301
v 0.038404 0.072613 -0.042736
v 0.035654 0.077712 -0.035592
v 0.094914 0.072260 -0.050304
v 0.089372 0.065116 -0.053621
v 0.039477 0.087049 -0.031044
v 0.086211 0.065096 -0.054452
v 0.086757 0.071101 -0.052921
v 0.107940 0.090506 -0.039034
v 0.104087 0.087303 -0.042538
v 0.093786 0.082103 -0.048102
v 0.099487 0.086930 -0.044651
v 0.092575 0.085604 -0.047348
v 0.098325 0.089755 -0.043942
v 0.078510 0.070242 -0.054790
v 0.104301 0.090201 -0.041214
v 0.125195 0.092194 0.017091
v 0.127995 0.093255 0.001628
v 0.127332 0.087555 0.016549
v 0.094395 0.089943 0.045402
v 0.112639 0.091849 0.034929
v 0.116902 0.091693 0.030867
v 0.130110 0.088050 0.001127
v 0.130001 0.087873 -0.004504
v 0.124086 0.090907 0.020951
v 0.127453 0.093528 0.005901
v 0.098340 0.088086 0.044910
v 0.129261 0.084109 0.013891
v 0.130799 0.083271 -0.008162
v 0.103224 0.087846 0.042955
v 0.121471 0.084404 0.029256
v 0.131288 0.084006 -0.002063
v 0.102133 0.083651 0.044803
v 0.113883 0.088590 0.035571
v 0.126367 0.085161 0.020747
v 0.107485 0.093829 0.037681
v 0.127943 0.091770 0.008137
v 0.129510 0.088715 0.006124
v 0.091062 0.089942 0.046135
v 0.108584 0.091797 0.038081
v 0.098260 0.084400 0.046087
v 0.117836 0.087068 0.032408
v 0.118331 0.083191 0.033415
v 0.064184 0.089209 0.043496
v 0.063982 0.084599 0.044997
v 0.114487 0.091054 -0.033694
v 0.115069 0.087604 -0.034975
v 0.127648 0.082600 0.019468
v 0.116980 0.091210 -0.031120
v 0.120586 0.091565 0.026256
v 0.126310 0.093686 0.011367
v 0.119748 0.091605 -0.027367
v 0.124342 0.087746 0.022963
v 0.118995 0.084234 -0.032353
v 0.114363 0.085050 0.036631
v 0.088421 0.093059 0.045196
v 0.123138 0.092069 -0.021653
v 0.122680 0.087945 -0.025681
v 0.094693 0.084924 0.047020
v 0.131197 0.083713 0.004315
v 0.123592 0.083616 -0.026564
v 0.124698 0.088166 -0.021980
v 0.125595 0.089535 -0.018942
v 0.125566 0.092431 -0.015796
v 0.126962 0.091313 0.013131
v 0.084821 0.092887 0.045593
v 0.109746 0.088782 0.038716
v 0.087106 0.088787 0.047122
v 0.091435 0.085006 0.047718
v 0.116897 0.093972 0.029180
v 0.121403 0.087957 0.027588
v 0.130193 0.085063 0.009112
v 0.101636 0.093568 0.041125
v 0.126397 0.083082 -0.021876
v 0.126705 0.092615 -0.011932
v 0.079760 0.092606 0.045715
v 0.127456 0.085237 -0.018216
v 0.083190 0.090581 0.046648
v 0.087736 0.085321 0.048184
v 0.105848 0.090367 0.040526
v 0.128504 0.088195 0.012116
v 0.124700 0.093791 0.016216
v 0.124475 0.083930 0.024936
v 0.127461 0.092826 -0.008179
v 0.110555 0.085162 0.039568
v 0.127540 0.088913 -0.014475
v 0.081628 0.087875 0.047693
v 0.129326 0.087488 -0.009704
v 0.083857 0.084529 0.048662
v 0.075481 0.092362 0.045361
v 0.127968 0.093011 -0.003787
v 0.129273 0.084617 -0.013446
v 0.077029 0.088773 0.047021
v 0.107274 0.085162 0.041708
v 0.077961 0.084624 0.048465
v 0.073090 0.087738 0.046793
v 0.071813 0.092199 0.044712
v 0.067042 0.091817 0.043494
v 0.068255 0.087393 0.045703
v 0.074014 0.083068 0.048284
v 0.070319 0.084119 0.047241
v 0.066128 0.080522 0.046827
v 0.112901 0.093906 0.033431
v 0.120084 0.087639 -0.029476
v 0.098324 0.093438 0.042574
v 0.065263 0.071365 -0.056132
v 0.073544 0.071199 -0.055379
v 0.070945 0.071399 -0.055650
v 0.068189 0.071153 -0.056394
v 0.065930 0.070911 -0.057373
v 0.066623 0.072087 -0.055288
v 0.037899 0.071311 -0.044202
v 0.058028 0.071683 -0.054706
v 0.044860 0.071883 -0.048630
v 0.048736 0.071368 -0.051738
v 0.037817 0.071823 -0.043117
v 0.044183 0.071293 -0.049144
v 0.040733 0.071115 -0.047143
v 0.059497 0.071116 -0.055973
v 0.037686 0.070827 -0.045742
v 0.037998 0.071074 -0.044954
v 0.033458 0.071900 -0.038164
v 0.061559 0.072023 -0.054945
v 0.043047 0.070924 -0.049399
v 0.055082 0.070991 -0.055166
v 0.050701 0.072289 -0.051446
v 0.042283 0.070784 -0.049994
v 0.054706 0.071348 -0.054354
v 0.055109 0.070902 -0.055642
v 0.026448 0.072562 -0.022969
v 0.024853 0.072737 -0.014368
v 0.024241 0.071936 -0.014758
v 0.029179 0.071066 -0.034136
v 0.024315 0.071372 -0.020104
v 0.024054 0.071804 -0.010536
v 0.027654 0.072331 -0.026937
v 0.023204 0.071285 -0.011906
v 0.025439 0.072589 -0.019043
v 0.028551 0.070885 -0.034211
v 0.027312 0.071396 -0.028932
v 0.025029 0.071774 -0.020832
v 0.024810 0.072643 -0.010479
v 0.029879 0.072256 -0.031851
v 0.026003 0.070954 -0.028215
v 0.029962 0.071312 -0.034370
v 0.024430 0.071572 -0.004266
v 0.025121 0.072564 -0.006641
v 0.022458 0.070916 -0.015202
v 0.030820 0.072490 -0.033236
v 0.023469 0.071293 -0.015683
v 0.025449 0.072168 -0.003004
v 0.023713 0.071126 -0.003922
v 0.027756 0.071826 0.005123
v 0.025871 0.073027 -0.003441
v 0.027056 0.071353 0.003862
v 0.026144 0.071934 0.000205
v 0.019486 0.065405 -0.004522
v 0.017580 0.067675 -0.009045
v 0.015737 0.065361 -0.010919
v 0.014793 0.065394 -0.013552
v 0.014431 0.065322 -0.015474
v 0.014352 0.065475 -0.017448
v 0.014670 0.065548 -0.020011
v 0.049832 0.065470 -0.062599
v 0.021497 0.065872 -0.037743
v 0.045802 0.065634 -0.060697
v 0.017088 0.065579 -0.028364
v 0.018919 0.065764 -0.032761
v 0.039422 0.065782 -0.056895
v 0.034725 0.065916 -0.053353
v 0.031419 0.065869 -0.050362
v 0.028854 0.065856 -0.047707
v 0.027226 0.065923 -0.045865
v 0.024482 0.065822 -0.042319
v 0.055735 0.065392 -0.063358
v 0.058515 0.065514 -0.062817
v 0.052629 0.065433 -0.063249
v 0.068009 0.065405 -0.059701
v 0.079740 0.065236 -0.055900
v 0.126291 0.065015 0.029168
v 0.132072 0.072977 0.012702
v 0.132712 0.064900 0.015735
v 0.130354 0.073000 0.018172
v 0.134260 0.065094 0.009427
v 0.133704 0.072803 0.001292
v 0.132367 0.075100 0.009398
v 0.133485 0.073530 -0.002841
v 0.133134 0.073614 -0.006519
v 0.131873 0.072385 -0.013841
v 0.132412 0.074101 -0.010258
v 0.132995 0.074510 0.006154
v 0.130208 0.075178 -0.017308
v 0.134799 0.064849 0.005565
v 0.072472 0.072825 0.050204
v 0.111434 0.069836 0.042935
v 0.107019 0.074548 0.044574
v 0.123911 0.065020 0.032477
v 0.130500 0.065052 -0.021587
v 0.068649 0.073141 0.049244
v 0.121866 0.065031 0.034937
v 0.127428 0.071541 -0.025090
v 0.129001 0.064886 -0.024601
v 0.126049 0.064917 -0.029515
v 0.124538 0.072865 -0.029238
v 0.103693 0.072355 0.046699
v 0.123370 0.064896 -0.033110
v 0.119127 0.072545 0.035843
v 0.121803 0.074538 -0.032309
v 0.120230 0.064899 -0.036667
v 0.118441 0.065084 0.038422
v 0.062866 0.074610 0.046917
v 0.099522 0.073595 0.048130
v 0.117193 0.064948 -0.039549
v 0.115647 0.065129 0.040877
v 0.117411 0.074580 -0.036984
v 0.077649 0.073051 0.050951
v 0.083507 0.074100 0.050952
v 0.088042 0.073490 0.050786
v 0.091299 0.075191 0.049966
v 0.078304 0.064894 0.052433
v 0.111483 0.078060 0.040907
v 0.116223 0.077113 0.037367
v 0.121707 0.076017 0.031915
v 0.127426 0.072553 0.024700
v 0.128265 0.064819 0.025888
v 0.124825 0.074873 0.028057
v 0.094515 0.064905 0.051213
v 0.094880 0.075155 0.049212
v 0.098182 0.064905 0.050214
v 0.106774 0.064884 0.046650
v 0.113095 0.064905 0.042781
v 0.130619 0.065037 0.021319
v 0.059484 0.074425 0.045384
v 0.059150 0.084093 0.042833
v 0.050555 0.074248 0.039664
v 0.054371 0.074189 0.042493
v 0.052458 0.065074 0.043210
v 0.047418 0.064914 0.039146
v 0.056651 0.065123 0.045841
v 0.054800 0.084737 0.039970
v 0.050058 0.083475 0.036643
v 0.027518 0.065077 0.009606
v 0.055405 0.090997 0.037774
v 0.057441 0.088120 0.040458
v 0.052815 0.087839 0.037346
v 0.061092 0.091431 0.041087
v 0.060953 0.088011 0.042500
v 0.037899 0.082554 0.021013
v 0.044244 0.087624 0.028214
v 0.040811 0.086870 0.023446
v 0.042730 0.089728 0.024540
v 0.034240 0.081391 0.014215
v 0.042617 0.083610 0.028094
v 0.037253 0.086152 0.017101
v 0.033808 0.083125 0.011556
v 0.032154 0.082700 0.007339
v 0.026583 0.072803 -0.000072
v 0.036714 0.088744 0.013146
v 0.031657 0.083910 0.003815
v 0.034821 0.088505 0.007747
v 0.029638 0.082471 -0.003120
v 0.030038 0.083957 -0.005972
v 0.028293 0.080608 -0.009276
v 0.027081 0.077723 -0.013823
v 0.032759 0.088038 -0.000210
v 0.028684 0.080701 -0.015291
v 0.029883 0.081757 -0.018397
v 0.030185 0.084387 -0.011025
v 0.031190 0.079443 -0.025899
v 0.034883 0.081976 -0.029876
v 0.042479 0.072468 0.032035
v 0.035912 0.065227 0.025430
v 0.038933 0.076140 0.025824
v 0.031408 0.065180 0.017733
v 0.039228 0.089262 0.018374
v 0.044344 0.064938 0.036156
v 0.043102 0.064927 0.034772
v 0.046473 0.073157 0.036240
v 0.046468 0.083680 0.032937
v 0.034971 0.070432 0.021814
v 0.032082 0.087763 -0.010586
v 0.032146 0.087413 -0.013587
v 0.031708 0.082663 -0.022280
v 0.032873 0.087385 -0.016857
v 0.031796 0.070908 0.015678
v 0.034244 0.087184 -0.021252
v 0.050053 0.087919 0.034858
v 0.051725 0.090670 0.034980
v 0.046864 0.087009 0.031924
v 0.048750 0.090411 0.032143
v 0.036111 0.087065 -0.025525
v 0.045881 0.090146 0.028820
v 0.122766 0.093899 0.020417
v 0.120064 0.093932 0.025074
v 0.093914 0.093347 0.043990
v 0.108077 0.100940 0.026325
v 0.108088 0.100934 -0.026207
v 0.112171 0.100927 0.021537
v 0.104157 0.100922 -0.029586
v 0.085877 0.100940 0.036536
v 0.093652 0.100925 0.035000
v 0.101234 0.100936 0.031526
v 0.115290 0.100941 0.016397
v 0.117463 0.100931 0.010950
v 0.118787 0.100933 0.005291
v 0.119166 0.100929 -0.002445
v 0.111594 0.100927 -0.022309
v 0.114571 0.100931 -0.017765
v 0.062143 0.100930 0.030490
v 0.066419 0.100911 0.032978
v 0.071860 0.100943 0.035079
v 0.078485 0.100924 0.036504
v 0.100110 0.100915 -0.032158
v 0.096060 0.100930 -0.034074
v 0.092527 0.100913 -0.035325
v 0.090396 0.096853 -0.039663
v 0.084264 0.095823 -0.041555
v 0.076749 0.095690 -0.041834
v 0.071264 0.094016 -0.042931
v 0.086911 0.100938 -0.036369
v 0.081645 0.100930 -0.036697
v 0.075277 0.100922 -0.036049
v 0.052943 0.100945 -0.021793
v 0.049963 0.098607 -0.023309
v 0.065809 0.094279 -0.041420
v 0.061849 0.094218 -0.039993
v 0.068229 0.098277 -0.037402
v 0.055555 0.092561 -0.038672
v 0.069306 0.100935 -0.034226
v 0.052504 0.093713 -0.034841
v 0.062406 0.097533 -0.035928
v 0.046471 0.090641 -0.033905
v 0.060092 0.098296 -0.033452
v 0.063293 0.100940 -0.031268
v 0.054930 0.097489 -0.030899
v 0.048825 0.095167 -0.029002
v 0.058869 0.100936 -0.028090
v 0.043710 0.091094 -0.030034
v 0.053012 0.098627 -0.026995
v 0.050291 0.100800 0.017905
v 0.056662 0.100931 0.026015
v 0.042890 0.094372 0.015899
v 0.052648 0.100938 0.021267
v 0.041059 0.094554 0.010531
v 0.037673 0.092641 0.004290
v 0.048491 0.100931 0.013651
v 0.035776 0.091568 -0.002329
v 0.032027 0.087786 -0.006946
v 0.043982 0.098792 0.005851
v 0.046926 0.100928 0.008867
v 0.038891 0.094786 -0.005413
v 0.040484 0.096215 -0.001187
v 0.035970 0.091188 -0.013198
v 0.039205 0.094662 -0.009944
v 0.045905 0.100936 0.002374
v 0.036507 0.089788 -0.019905
v 0.044013 0.099043 -0.007097
v 0.041452 0.095608 -0.014537
v 0.039929 0.090403 -0.025580
v 0.041362 0.093939 -0.019770
v 0.046875 0.100942 -0.008815
v 0.043821 0.093817 -0.024772
v 0.046203 0.098987 -0.015232
v 0.046032 0.097339 -0.019927
v 0.049462 0.100938 -0.015978
v 0.117455 0.100938 -0.011174
v 0.045859 0.100939 -0.001317
v 0.075504 0.100952 -0.033033
v 0.116040 0.100959 -0.003612
v 0.048911 0.100960 0.000797
v 0.081041 0.100960 0.033624
v 0.080266 0.100947 -0.033665
v 0.049068 0.100960 0.003489
v 0.087496 0.100962 0.033315
v 0.086996 0.100955 -0.033424
v 0.049787 0.100959 0.007916
v 0.115963 0.100959 0.003586
v 0.051728 0.100961 0.013771
v 0.059901 0.100960 -0.025085
v 0.114990 0.100961 0.008998
v 0.093418 0.100959 -0.031874
v 0.095384 0.100961 0.031161
v 0.053927 0.100960 -0.018123
v 0.100092 0.100956 -0.028821
v 0.054699 0.100960 0.018926
v 0.058022 0.100960 0.023123
v 0.051574 0.100960 -0.013571
v 0.107216 0.100958 -0.022932
v 0.066301 0.100959 -0.029544
v 0.061219 0.100949 0.026162
v 0.103145 0.100960 0.026663
v 0.112714 0.100960 0.014771
v 0.067501 0.100958 0.030222
v 0.049511 0.100961 -0.007019
v 0.112266 0.100961 -0.015867
v 0.110890 0.100954 0.018200
v 0.070237 0.100952 -0.031388
v 0.074107 0.100955 0.032676
v 0.106896 0.100951 0.023288
v 0.114569 0.100952 -0.010315
v 0.116298 0.063186 -0.036702
v 0.114718 0.063249 -0.038038
v 0.113540 0.063194 -0.039064
v 0.111953 0.063182 -0.040280
v 0.108764 0.063163 -0.042444
v 0.132332 0.063101 -0.003356
v 0.132111 0.063076 -0.005921
v 0.106618 0.063084 -0.043762
v 0.131899 0.063184 -0.007026
v 0.103878 0.063132 -0.045129
v 0.131495 0.063088 -0.009684
v 0.131214 0.063182 -0.010772
v 0.130954 0.063162 -0.012074
v 0.130564 0.063191 -0.013435
v 0.129438 0.063183 -0.016914
v 0.128992 0.063177 -0.018218
v 0.128197 0.063104 -0.020151
v 0.126890 0.063162 -0.022861
v 0.125758 0.063117 -0.024955
v 0.122442 0.063233 -0.029891
v 0.121502 0.063188 -0.031124
v 0.119839 0.063185 -0.033089
v 0.118875 0.063187 -0.034167
v 0.069240 0.063129 0.048154
v 0.073055 0.063204 0.049005
v 0.080715 0.063210 0.049861
v 0.078470 0.063169 0.049754
v 0.085017 0.063080 0.049883
v 0.043643 0.063263 0.031266
v 0.042405 0.063288 0.030414
v 0.088674 0.063105 0.049545
v 0.087029 0.063232 0.049658
v 0.091782 0.063170 0.049058
v 0.097023 0.063208 0.047733
v 0.101029 0.063191 0.046319
v 0.098446 0.063193 0.047278
v 0.103746 0.063200 0.045159
v 0.102309 0.063190 0.045786
v 0.107480 0.063119 0.043246
v 0.112414 0.063091 0.039993
v 0.110057 0.063136 0.041624
v 0.115831 0.063192 0.037135
v 0.118653 0.063197 0.034405
v 0.119614 0.063116 0.033436
v 0.132383 0.063163 -0.001457
v 0.124508 0.063163 0.026933
v 0.122045 0.063099 0.030489
v 0.126192 0.063179 0.024077
v 0.125561 0.063179 0.025186
v 0.044879 0.063250 0.032754
v 0.046642 0.063289 0.034636
v 0.127941 0.063130 0.020674
v 0.127405 0.063107 0.021842
v 0.126833 0.063106 0.022982
v 0.048144 0.063262 0.036146
v 0.129770 0.063185 0.016010
v 0.053047 0.063164 0.040297
v 0.051890 0.063240 0.039414
v 0.130463 0.063098 0.013963
v 0.056401 0.063157 0.042547
v 0.055239 0.063157 0.041819
v 0.054123 0.063159 0.041070
v 0.131394 0.063181 0.010042
v 0.060289 0.063126 0.044719
v 0.058547 0.063152 0.043797
v 0.057532 0.063153 0.043228
v 0.132280 0.063182 0.003281
v 0.132174 0.063196 0.004759
v 0.132393 0.063105 0.002089
v 0.065492 0.063163 0.046942
v 0.066937 0.063209 0.047394
v 0.042108 0.062940 0.029456
v 0.035946 0.062490 0.020651
v 0.033572 0.062142 0.017127
v 0.058771 0.053510 -0.050023
v 0.072473 0.056314 -0.050532
v 0.062191 0.053799 -0.050240
v 0.067003 0.054624 -0.050364
v 0.053008 0.053487 -0.049257
v 0.043086 0.053483 -0.047199
v 0.033867 0.053481 -0.043059
v 0.037268 0.053483 -0.044956
v 0.078358 0.058522 -0.050754
v 0.020633 0.054056 -0.014210
v 0.021084 0.054504 -0.012008
v 0.021546 0.054960 -0.010151
v 0.020413 0.053835 -0.015634
v 0.020214 0.053610 -0.017651
v 0.028599 0.060774 0.008918
v 0.020207 0.053516 -0.019336
v 0.020347 0.053489 -0.021162
v 0.020950 0.053491 -0.024602
v 0.025174 0.058723 0.001570
v 0.021766 0.053490 -0.027368
v 0.023073 0.053490 -0.030637
v 0.025372 0.053483 -0.034680
v 0.027663 0.053499 -0.037680
v 0.022659 0.056186 -0.005997
v 0.030814 0.053494 -0.040803
v 0.027667 0.054393 -0.038686
v 0.030517 0.054426 -0.041379
v 0.020262 0.054110 -0.025719
v 0.023035 0.054290 -0.032321
v 0.025711 0.054367 -0.036404
v 0.019978 0.056081 -0.018575
v 0.020228 0.057091 -0.015463
v 0.020341 0.055063 -0.010204
v 0.022948 0.057817 -0.001293
v 0.019603 0.054380 -0.013556
v 0.020687 0.056253 -0.022379
v 0.019245 0.053957 -0.020481
v 0.019157 0.053990 -0.017481
v 0.021430 0.055753 -0.025783
v 0.022169 0.055503 -0.028147
v 0.021658 0.054220 -0.029508
v 0.022863 0.054983 -0.030589
v 0.021515 0.056313 -0.005832
v 0.041149 0.063111 0.030053
v 0.035687 0.062762 0.022233
v 0.031342 0.062053 0.015672
v 0.028245 0.061149 0.010514
v 0.025512 0.059856 0.005192
v 0.050184 0.054266 -0.049619
v 0.039950 0.054401 -0.046784
v 0.058390 0.054133 -0.050935
v 0.044297 0.054366 -0.048220
v 0.034572 0.056644 -0.041001
v 0.035070 0.054426 -0.044543
v 0.034894 0.055877 -0.042212
v 0.048763 0.055619 -0.048049
v 0.052686 0.055883 -0.048757
v 0.056144 0.055705 -0.049555
v 0.062206 0.055574 -0.050618
v 0.051422 0.058728 -0.046594
v 0.057222 0.057624 -0.048743
v 0.063406 0.054439 -0.051301
v 0.059568 0.059437 -0.048496
v 0.066141 0.057904 -0.050390
v 0.068647 0.055437 -0.051484
v 0.061624 0.063743 -0.047638
v 0.072337 0.056538 -0.051658
v 0.036988 0.058978 -0.040133
v 0.035906 0.058288 -0.040131
v 0.039864 0.059114 -0.041658
v 0.035267 0.057584 -0.040413
v 0.038327 0.056514 -0.043364
v 0.041935 0.055885 -0.045626
v 0.045571 0.055741 -0.047019
v 0.087715 0.061392 -0.050211
v 0.092885 0.062289 -0.049201
v 0.101980 0.063000 -0.046171
v 0.098266 0.062807 -0.047620
v 0.105648 0.063031 -0.044478
v 0.083323 0.060242 -0.050647
v 0.131170 0.064816 0.019797
v 0.115975 0.064813 0.040514
v 0.120979 0.064782 0.035780
v 0.133740 0.064850 0.011767
v 0.124526 0.064805 0.031509
v 0.051840 0.064816 0.042628
v 0.135112 0.064899 0.000733
v 0.134882 0.064884 -0.004861
v 0.134135 0.064852 -0.009962
v 0.133111 0.064885 -0.014378
v 0.131621 0.064868 -0.018803
v 0.055711 0.064813 0.045168
v 0.060502 0.064888 0.047762
v 0.127397 0.064736 -0.027176
v 0.065477 0.064914 0.049784
v 0.067819 0.064801 0.050424
v 0.070588 0.064887 0.051219
v 0.073653 0.064928 0.051847
v 0.115069 0.064716 -0.041159
v 0.083379 0.064873 0.052589
v 0.089921 0.064893 0.052070
v 0.086975 0.064990 0.052410
v 0.101388 0.064765 0.049007
v 0.102989 0.064965 0.048452
v 0.109876 0.064987 0.044924
v 0.110706 0.064821 0.044310
v 0.085340 0.064829 -0.054396
v 0.080157 0.064878 -0.055529
v 0.094868 0.064924 -0.051869
v 0.091415 0.064780 -0.052818
v 0.058378 0.065177 -0.062805
v 0.070887 0.064982 -0.058341
v 0.058111 0.064912 -0.062565
v 0.069764 0.065085 -0.058942
v 0.055263 0.064933 -0.063118
v 0.050989 0.065024 -0.062756
v 0.047938 0.065045 -0.061485
v 0.053899 0.065151 -0.063301
v 0.020118 0.065266 -0.034209
v 0.019502 0.065373 -0.033626
v 0.017867 0.065179 -0.029450
v 0.027455 0.065448 -0.045355
v 0.026020 0.065544 -0.044077
v 0.037850 0.065339 -0.055218
v 0.023422 0.065452 -0.040379
v 0.021803 0.065648 -0.038149
v 0.015755 0.065146 -0.023683
v 0.016317 0.065074 -0.024806
v 0.015754 0.065536 -0.024262
v 0.023222 0.065373 -0.039459
v 0.014793 0.064946 -0.019179
v 0.043598 0.065156 -0.059064
v 0.043855 0.065417 -0.059552
v 0.034058 0.065450 -0.052341
v 0.032713 0.065596 -0.051430
v 0.030146 0.065472 -0.048262
v 0.028589 0.065538 -0.047110
v 0.038739 0.065457 -0.056235
v 0.020924 0.065304 -0.035752
v 0.014820 0.064842 -0.014807
v 0.014488 0.065016 -0.016069
v 0.014971 0.065037 -0.013220
v 0.014482 0.065248 -0.018930
v 0.015521 0.064949 -0.011945
v 0.021235 0.065071 -0.001950
v 0.027387 0.064845 0.009019
v 0.024710 0.064954 0.004424
v 0.019356 0.065078 -0.005345
v 0.017105 0.065110 -0.008849
v 0.042509 0.064883 0.033989
v 0.040189 0.064950 0.031302
v 0.037396 0.064913 0.027351
v 0.030634 0.064928 0.015941
v 0.033876 0.064954 0.021873
v 0.032442 0.064921 0.019277
v 0.026760 0.063763 -0.026351
v 0.028202 0.063792 -0.028318
v 0.041321 0.063524 0.030103
v 0.023062 0.063628 -0.004889
v 0.037880 0.063530 0.025285
v 0.029639 0.063866 -0.030070
v 0.031983 0.063542 0.016212
v 0.022569 0.063715 -0.008032
v 0.022489 0.063567 -0.015556
v 0.029075 0.063545 0.011200
v 0.022341 0.063659 -0.010661
v 0.026576 0.063547 0.006128
v 0.022280 0.063571 -0.012917
v 0.024432 0.063565 0.000420
v 0.022994 0.063598 -0.018158
v 0.035029 0.063935 -0.035019
v 0.038886 0.063956 -0.037715
v 0.023570 0.063626 -0.020087
v 0.024670 0.063676 -0.022722
v 0.031859 0.063890 -0.032293
v 0.025852 0.063727 -0.024910
v 0.041705 0.061264 -0.041076
v 0.043604 0.057565 -0.044696
v 0.047263 0.057929 -0.045749
v 0.045475 0.064003 -0.041475
v 0.045979 0.061572 -0.042949
v 0.052474 0.061032 -0.045739
v 0.054735 0.063872 -0.045391
v 0.067890 0.063658 -0.049349
v 0.130687 0.063029 0.014002
v 0.130087 0.063030 0.015857
v 0.128267 0.063038 0.020575
v 0.127777 0.063062 0.021705
v 0.127204 0.063066 0.022845
v 0.126466 0.063040 0.024124
v 0.108868 0.063065 -0.042554
v 0.125837 0.063038 0.025237
v 0.111854 0.063045 -0.040569
v 0.114025 0.063048 -0.039014
v 0.116010 0.063042 -0.037343
v 0.125175 0.063064 0.026473
v 0.124722 0.063017 0.027023
v 0.119751 0.063028 -0.033584
v 0.123814 0.063009 -0.028351
v 0.126009 0.063042 -0.025024
v 0.127017 0.063031 -0.023061
v 0.122849 0.063040 0.029463
v 0.129447 0.063034 -0.017667
v 0.131120 0.063032 -0.012299
v 0.122974 0.063063 0.029713
v 0.131375 0.063015 -0.011048
v 0.131708 0.063030 -0.009807
v 0.132297 0.063032 -0.006042
v 0.132551 0.063027 -0.003400
v 0.132634 0.063033 -0.001442
v 0.132625 0.063031 0.002169
v 0.132538 0.063032 0.003602
v 0.131822 0.063026 0.009008
v 0.122118 0.063065 0.030844
v 0.119660 0.063052 0.033725
v 0.118759 0.063038 0.034594
v 0.116107 0.063022 0.037218
v 0.111740 0.063051 0.040801
v 0.107662 0.063040 0.043372
v 0.110077 0.063044 0.041902
v 0.105673 0.063031 0.044428
v 0.102998 0.063029 0.045734
v 0.101676 0.063033 0.046331
v 0.097841 0.063047 0.047766
v 0.085069 0.063069 0.050102
v 0.087586 0.063050 0.049877
v 0.080777 0.063055 0.050125
v 0.078912 0.063049 0.050049
v 0.075776 0.063034 0.049676
v 0.071892 0.063051 0.048973
v 0.069105 0.063064 0.048328
v 0.066549 0.063058 0.047530
v 0.065327 0.063065 0.047115
v 0.059272 0.063086 0.044485
v 0.057977 0.063108 0.043821
v 0.056869 0.063111 0.043183
v 0.055779 0.063113 0.042517
v 0.054706 0.063116 0.041824
v 0.053545 0.063125 0.041021
v 0.052506 0.063122 0.040276
v 0.051707 0.063088 0.039549
v 0.048913 0.063088 0.037232
v 0.047480 0.063107 0.035909
v 0.046119 0.063117 0.034548
v 0.043853 0.063104 0.031872
v 0.091681 0.063034 0.049301
v 0.089490 0.063079 0.049719
v 0.122279 0.063022 -0.030489
v 0.128394 0.063017 -0.020140
v 0.045364 0.063101 0.033689
v 0.044436 0.063103 0.032614
v 0.080450 0.059484 -0.051853
v 0.072936 0.063590 -0.050355
v 0.099952 0.062906 -0.047951
v 0.106739 0.063063 -0.044880
v 0.085260 0.060922 -0.051583
v 0.089598 0.061843 -0.050942
v 0.111678 0.063067 -0.041828
v 0.114588 0.063065 -0.039646
v 0.094355 0.062494 -0.049809
v 0.111889 0.063595 -0.041547
v 0.085613 0.063601 -0.051034
v 0.078569 0.063557 -0.051070
v 0.114427 0.063589 -0.039601
v 0.091792 0.063572 -0.050160
v 0.100757 0.063535 -0.047479
v 0.106881 0.063571 -0.044640
v 0.049201 0.065223 -0.060368
v 0.051696 0.065554 -0.058618
v 0.032453 0.065080 -0.034991
v 0.029374 0.064859 -0.031876
v 0.025822 0.066380 -0.037556
v 0.057839 0.065855 -0.054479
v 0.027968 0.066301 -0.035197
v 0.058971 0.064823 -0.048743
v 0.059173 0.065532 -0.051164
v 0.057470 0.065810 -0.051895
v 0.027168 0.066368 -0.035212
v 0.023878 0.065800 -0.030135
v 0.024714 0.065523 -0.029451
v 0.029404 0.064273 -0.030619
v 0.053790 0.065903 -0.056127
v 0.049448 0.065724 -0.057860
v 0.077804 0.063984 0.051172
v 0.028201 0.064483 0.009509
v 0.029497 0.064423 0.011948
v 0.118568 0.063798 0.036305
v 0.043387 0.067169 -0.050132
v 0.061763 0.064286 0.047427
v 0.024167 0.064628 0.001699
v 0.024583 0.064127 0.000846
v 0.054947 0.063931 0.043161
v 0.052364 0.065659 -0.047701
v 0.025500 0.064267 0.003392
v 0.050535 0.066420 -0.054288
v 0.026704 0.064399 0.006349
v 0.044256 0.066219 -0.055224
v 0.049541 0.065044 -0.044962
v 0.048955 0.066268 -0.047500
v 0.042797 0.067165 -0.047629
v 0.027585 0.064470 0.008254
v 0.050179 0.064219 0.040123
v 0.031114 0.064362 0.014706
v 0.032358 0.064305 0.016736
v 0.047802 0.064164 0.037918
v 0.045438 0.063917 0.035109
v 0.044565 0.063792 0.033905
v 0.033286 0.064213 0.018273
v 0.034680 0.064193 0.020388
v 0.036686 0.064087 0.023476
v 0.037570 0.064532 0.025996
v 0.039328 0.064014 0.027328
v 0.041852 0.064311 0.031610
v 0.042782 0.064257 0.032688
v 0.041210 0.063979 0.029918
v 0.023021 0.065886 -0.030387
v 0.024782 0.065334 -0.028477
v 0.021823 0.065808 -0.029845
v 0.116993 0.063950 -0.038074
v 0.038644 0.066441 -0.052224
v 0.022721 0.064610 -0.022717
v 0.020191 0.065471 -0.025721
v 0.022156 0.064385 -0.020454
v 0.096600 0.063533 -0.048918
v 0.042272 0.067145 -0.049957
v 0.034508 0.066222 -0.050129
v 0.041339 0.065137 -0.040886
v 0.087231 0.064363 -0.052470
v 0.077658 0.064456 -0.053253
v 0.038842 0.067042 -0.044318
v 0.021585 0.064241 -0.017517
v 0.077648 0.064118 -0.052183
v 0.034938 0.066931 -0.047678
v 0.076715 0.064803 -0.055143
v 0.021104 0.064363 -0.016854
v 0.070918 0.065028 -0.055144
v 0.071405 0.064596 -0.052594
v 0.020436 0.064471 -0.016528
v 0.037004 0.067292 -0.045606
v 0.040172 0.066084 -0.042043
v 0.036418 0.067195 -0.046953
v 0.065720 0.064786 -0.051286
v 0.035676 0.067047 -0.047504
v 0.033494 0.066318 -0.038715
v 0.058494 0.065550 -0.057307
v 0.018503 0.064936 -0.018213
v 0.018786 0.064857 -0.017494
v 0.036756 0.067293 -0.044978
v 0.034224 0.066795 -0.047591
v 0.019674 0.064691 -0.016771
v 0.036061 0.064859 -0.037208
v 0.032322 0.066775 -0.045821
v 0.022917 0.063878 -0.005763
v 0.023313 0.063961 -0.003818
v 0.099443 0.063871 0.048353
v 0.023792 0.064038 -0.001848
v 0.032417 0.066911 -0.040523
v 0.053394 0.065718 -0.057554
v 0.053670 0.065846 -0.056946
v 0.021616 0.070656 -0.015420
v 0.021658 0.070836 -0.015240
v 0.020341 0.064681 -0.016602
v 0.021850 0.070678 -0.015330
v 0.021616 0.070656 -0.015420
v 0.018772 0.065078 -0.020250
v 0.022022 0.070652 -0.024982
v 0.023392 0.070670 -0.028663
v 0.024306 0.070660 -0.029078
v 0.024642 0.065634 -0.029325
v 0.026417 0.071274 -0.027299
v 0.023747 0.064979 -0.025845
v 0.023196 0.070812 -0.028534
v 0.023992 0.070828 -0.029162
v 0.028648 0.066310 -0.035561
v 0.030584 0.066735 -0.038281
v 0.033282 0.071335 -0.039184
v 0.033584 0.067154 -0.041880
v 0.036858 0.067281 -0.046358
v 0.026267 0.066403 -0.035803
v 0.025793 0.066411 -0.036552
v 0.027089 0.070653 -0.036394
v 0.028660 0.066611 -0.041699
v 0.036239 0.070775 -0.046719
v 0.030616 0.070667 -0.041548
v 0.030128 0.070811 -0.041056
v 0.035418 0.070667 -0.046595
v 0.035253 0.070826 -0.046634
v 0.053077 0.066208 -0.055398
v 0.052839 0.070687 -0.057264
v 0.053645 0.070777 -0.057223
v 0.042195 0.070620 -0.051896
v 0.047655 0.070771 -0.055130
v 0.041036 0.067012 -0.050951
v 0.040640 0.066755 -0.052028
v 0.040964 0.066544 -0.052982
v 0.042111 0.067283 -0.050169
v 0.043081 0.067282 -0.050062
v 0.047245 0.066882 -0.052612
v 0.041967 0.070742 -0.050565
v 0.052511 0.065597 -0.058327
v 0.053305 0.066038 -0.055399
v 0.053573 0.066146 -0.055891
vn 0.0024 1.0000 0.0081
vn 0.0044 1.0000 0.0080
vn 0.0030 1.0000 0.0022
vn -0.0560 0.9981 -0.0253
vn -0.3008 0.9350 -0.1876
vn -0.3408 0.9286 -0.1470
vn 0.2508 0.9082 -0.3350
vn 0.2239 0.9285 -0.2961
vn 0.0064 1.0000 0.0011
vn -0.0065 1.0000 0.0027
vn 0.0032 1.0000 0.0068
vn 0.0034 1.0000 0.0020
vn 0.0028 1.0000 0.0033
vn -0.0627 0.9978 -0.0228
vn 0.0036 1.0000 -0.0062
vn 0.0045 1.0000 0.0078
vn -0.2700 0.9408 -0.2050
vn -0.1885 0.9598 -0.2079
vn -0.2502 0.9670 -0.0476
vn 0.0225 0.9997 -0.0114
vn 0.0129 0.9999 -0.0071
vn 0.0203 0.9998 0.0080
vn 0.0007 1.0000 -0.0081
vn -0.0235 0.9992 0.0325
vn -0.0022 1.0000 -0.0012
vn -0.0029 0.9997 0.0258
vn -0.3897 0.9171 0.0837
vn 0.0201 0.9998 -0.0063
vn -0.0297 0.9985 -0.0467
vn -0.0195 0.9994 -0.0291
vn 0.0227 0.9997 -0.0062
vn -0.0038 0.9998 -0.0178
vn 0.0025 1.0000 0.0009
vn 0.0135 0.9999 0.0076
vn -0.1616 0.9867 0.0154
vn -0.0490 0.9988 -0.0058
vn 0.0298 0.9714 -0.2357
vn -0.0430 0.9990 -0.0082
vn -0.2880 0.9476 0.1384
vn -0.0625 0.9940 -0.0893
vn 0.0217 0.9997 0.0096
vn -0.7363 0.5303 0.4204
vn -0.7297 0.6171 0.2946
vn -0.8639 0.3114 0.3958
vn -0.6415 0.6908 0.3335
vn -0.4868 0.8474 0.2120
vn -0.2248 0.9681 0.1103
vn -0.3456 0.9383 -0.0093
vn -0.4803 0.8732 -0.0825
vn -0.7891 0.6061 0.1003
vn -0.3283 0.9395 -0.0977
vn -0.3804 0.8649 -0.3275
vn -0.4282 0.8607 -0.2755
vn -0.3239 0.8604 -0.3934
vn -0.3679 0.7485 -0.5517
vn -0.3850 0.7509 -0.5365
vn -0.3614 0.9125 -0.1916
vn -0.5794 0.7860 -0.2154
vn -0.2671 0.9303 -0.2515
vn -0.2037 0.7455 -0.6346
vn -0.2840 0.6895 -0.6663
vn -0.2632 0.8114 -0.5218
vn -0.2778 0.8296 -0.4844
vn 0.0256 0.8210 -0.5703
vn 0.1657 0.6152 -0.7708
vn -0.0175 0.8313 -0.5555
vn 0.1489 0.8253 -0.5447
vn -0.1385 0.6689 -0.7304
vn 0.1283 0.8556 -0.5014
vn 0.2072 0.7080 -0.6751
vn 0.2062 0.3024 -0.9306
vn 0.1279 0.3159 -0.9401
vn 0.1425 0.3592 -0.9223
vn -0.5719 0.5613 -0.5983
vn -0.5667 0.4964 -0.6576
vn -0.4944 0.5777 -0.6495
vn 0.2022 0.2923 -0.9347
vn -0.6329 0.4915 -0.5983
vn -0.4980 0.5094 -0.7017
vn -0.4471 0.6286 -0.6364
vn -0.4102 0.4972 -0.7646
vn 0.0842 0.4570 -0.8855
vn -0.5077 0.6256 -0.5923
vn -0.5714 0.6177 -0.5404
vn -0.6726 0.5303 -0.5162
vn 0.3850 0.2056 -0.8997
vn 0.4708 0.2382 -0.8495
vn 0.4595 0.1969 -0.8661
vn -0.2551 0.4305 -0.8658
vn -0.2613 0.6147 -0.7442
vn -0.3746 0.4514 -0.8099
vn 0.1374 0.3670 -0.9200
vn 0.0873 0.5307 -0.8431
vn 0.1844 0.5170 -0.8359
vn 0.5732 0.2615 -0.7766
vn 0.5359 0.1925 -0.8221
vn -0.1363 0.3984 -0.9070
vn -0.1118 0.4855 -0.8671
vn -0.1930 0.5362 -0.8217
vn 0.6009 0.1968 -0.7747
vn 0.5791 0.1739 -0.7965
vn 0.5055 0.1721 -0.8455
vn -0.0750 0.5663 -0.8208
vn 0.0147 0.5494 -0.8354
vn 0.0187 0.3953 -0.9184
vn -0.1924 0.4540 -0.8700
vn -0.0934 0.4279 -0.8990
vn 0.4396 0.1767 -0.8806
vn -0.3404 0.6183 -0.7084
vn -0.4375 0.5313 -0.7255
vn -0.2903 0.4792 -0.8283
vn -0.4858 0.4698 -0.7371
vn 0.3734 0.1883 -0.9084
vn -0.3518 0.6215 -0.7000
vn -0.2569 0.6120 -0.7480
vn 0.3099 0.2201 -0.9250
vn 0.3237 0.1955 -0.9258
vn -0.6474 0.5531 -0.5244
vn -0.7060 0.4854 -0.5157
vn 0.2702 0.2152 -0.9385
vn -0.6370 0.6264 -0.4493
vn 0.6455 0.2417 -0.7245
vn 0.5009 0.5195 -0.6922
vn 0.6474 0.3146 -0.6942
vn 0.4974 0.3083 -0.8109
vn 0.2270 0.2435 -0.9430
vn 0.4103 0.3158 -0.8555
vn 0.3562 0.2601 -0.8975
vn 0.3359 0.3237 -0.8845
vn 0.2796 0.2671 -0.9222
vn 0.2309 0.2206 -0.9476
vn 0.2457 0.3276 -0.9123
vn 0.2790 0.5152 -0.8104
vn 0.2443 0.2581 -0.9347
vn 0.0694 0.3364 -0.9392
vn 0.4306 0.5320 -0.7290
vn -0.0225 0.3636 -0.9313
vn -0.0190 0.4876 -0.8729
vn 0.3683 0.5222 -0.7692
vn -0.1717 0.5949 -0.7852
vn 0.9450 0.3265 0.0207
vn 0.9234 0.3775 -0.0694
vn 0.9240 0.3809 0.0345
vn 0.9418 0.3241 -0.0896
vn 0.8241 0.3809 0.4193
vn 0.8894 0.3143 0.3319
vn 0.8488 0.4050 0.3398
vn 0.3946 0.2425 0.8863
vn 0.4894 0.2640 0.8311
vn 0.4079 0.3233 0.8539
vn 0.9291 0.2442 0.2778
vn 0.9143 0.3278 0.2378
vn 0.9686 0.2454 -0.0391
vn 0.9583 0.2367 -0.1600
vn 0.6233 0.3364 0.7059
vn 0.6836 0.3970 0.6124
vn 0.5932 0.4013 0.6979
vn 0.8699 0.2697 0.4130
vn 0.3189 0.3306 0.8883
vn 0.9008 0.4027 0.1623
vn 0.7996 0.5932 0.0936
vn 0.1678 0.3596 0.9179
vn 0.2387 0.3595 0.9021
vn 0.2292 0.4051 0.8851
vn 0.5267 0.4006 0.7497
vn 0.6104 0.4232 0.6695
vn 0.4992 0.4299 0.7524
vn 0.7560 0.4195 0.5025
vn 0.8013 0.4311 0.4148
vn 0.9330 0.3397 0.1189
vn 0.3127 0.2484 0.9168
vn 0.7096 0.2352 0.6642
vn 0.7735 0.2494 0.5826
vn 0.7012 0.3065 0.6437
vn 0.5619 0.5428 -0.6242
vn 0.8959 0.2265 0.3821
vn 0.7008 0.3408 -0.6266
vn 0.7725 0.6046 0.1940
vn 0.7560 0.3956 0.5215
vn 0.1228 0.3943 0.9107
vn 0.7253 0.2518 -0.6407
vn 0.6328 0.2611 0.7290
vn 0.7978 0.3248 -0.5079
vn 0.6675 0.5536 -0.4979
vn 0.7227 0.5624 -0.4019
vn 0.2413 0.2625 0.9343
vn 0.9665 0.2436 0.0813
vn 0.8397 0.3195 -0.4390
vn 0.8126 0.2418 -0.5302
vn 0.7455 0.3110 -0.5895
vn 0.8567 0.3576 -0.3717
vn 0.7662 0.5692 -0.2982
vn 0.8819 0.3921 0.2620
vn 0.5454 0.3358 0.7680
vn 0.0903 0.3389 0.9365
vn 0.1757 0.2644 0.9483
vn 0.7716 0.3259 0.5462
vn 0.8269 0.3226 0.4606
vn 0.8687 0.2351 -0.4359
vn 0.8938 0.2677 -0.3599
vn 0.0509 0.3939 0.9178
vn 0.1038 0.2676 0.9579
vn 0.4606 0.3724 0.8057
vn -0.0551 0.3825 0.9223
vn 0.0166 0.3775 0.9259
vn 0.9479 0.2617 0.1816
vn 0.3914 0.3904 0.8333
vn 0.6969 0.4277 0.5757
vn 0.8413 0.4386 0.3161
vn 0.5610 0.2647 0.7843
vn -0.0169 0.3204 0.9471
vn 0.9288 0.3170 -0.1919
vn 0.8954 0.3412 -0.2860
vn 0.8965 0.3753 -0.2357
vn 0.8337 0.2420 0.4964
vn 0.9133 0.3732 -0.1628
vn 0.0261 0.2519 0.9674
vn 0.9296 0.2542 -0.2668
vn -0.1081 0.3411 0.9338
vn -0.1395 0.3743 0.9168
vn -0.0877 0.2552 0.9629
vn -0.1848 0.3199 0.9293
vn -0.2838 0.3115 0.9069
vn -0.2168 0.3692 0.9037
vn -0.1693 0.2327 0.9577
vn -0.2909 0.5533 0.7805
vn -0.2428 0.2451 0.9386
vn -0.3614 0.3490 0.8646
vn -0.3702 0.2555 0.8931
vn -0.3194 0.2182 0.9221
vn 0.3248 0.3825 0.8650
vn 0.1601 0.6539 -0.7395
vn 0.1038 0.7451 -0.6588
vn 0.0612 0.8740 -0.4820
vn -0.0116 0.7012 -0.7128
vn -0.0307 0.8696 -0.4928
vn -0.3685 0.7411 -0.5612
vn -0.1399 0.7759 -0.6152
vn -0.0825 0.7110 -0.6983
vn -0.0700 0.9099 -0.4088
vn -0.2938 0.7937 -0.5327
vn -0.3030 0.8309 -0.4666
vn -0.1354 0.9865 -0.0917
vn -0.2190 0.9335 -0.2838
vn -0.2437 0.9264 -0.2871
vn -0.5441 0.7357 -0.4033
vn -0.4770 0.7410 -0.4726
vn -0.4484 0.8117 -0.3743
vn -0.3799 0.8313 -0.4058
vn -0.1069 0.9267 -0.3602
vn -0.1750 0.8099 -0.5599
vn -0.1767 0.9532 -0.2452
vn -0.0582 0.9897 -0.1308
vn -0.6641 0.7466 0.0406
vn -0.4528 0.8916 -0.0017
vn -0.5743 0.8099 0.1195
vn -0.6481 0.7416 -0.1731
vn -0.5714 0.8129 -0.1122
vn -0.5253 0.8485 -0.0642
vn -0.6855 0.7256 -0.0607
vn -0.8198 0.5509 -0.1565
vn -0.8527 0.5194 -0.0558
vn -0.8415 0.5392 0.0350
vn -0.8301 0.5486 0.0999
vn -0.7964 0.5473 -0.2573
vn -0.7445 0.6047 -0.2831
vn -0.4955 0.8388 -0.2256
vn -0.4091 0.8992 -0.1549
vn -0.5706 0.7644 -0.3003
vn -0.2484 0.9686 -0.0113
vn -0.4721 0.8325 -0.2898
vn -0.3132 0.9349 -0.1667
vn -0.7672 0.4457 -0.4612
vn -0.3054 0.9439 -0.1254
vn -0.7758 0.4757 -0.4146
vn -0.3657 0.9265 0.0888
vn -0.2008 0.9737 -0.1079
vn -0.7495 0.6371 0.1798
vn -0.8884 0.4246 0.1744
vn -0.7670 0.5537 0.3243
vn -0.8860 0.3465 0.3083
vn -0.8776 0.4154 0.2394
vn -0.7396 0.6239 0.2523
vn -0.8306 0.3092 0.4631
vn -0.8316 0.2709 0.4849
vn -0.8658 0.3182 0.3861
vn -0.8658 0.2541 0.4310
vn -0.8972 0.4391 -0.0476
vn -0.8937 0.4215 -0.1537
vn -0.9095 0.4147 -0.0283
vn -0.8999 0.3754 0.2220
vn -0.9104 0.3995 0.1073
vn -0.8672 0.3957 -0.3021
vn -0.8723 0.4164 -0.2564
vn -0.8532 0.3938 -0.3420
vn -0.8761 0.4147 -0.2458
vn -0.8797 0.4459 -0.1652
vn -0.8151 0.3812 -0.4362
vn -0.7666 0.3606 -0.5313
vn -0.8066 0.3677 -0.4627
vn -0.2873 0.4317 -0.8550
vn -0.4111 0.4070 -0.8157
vn -0.8441 0.3801 -0.3782
vn -0.4471 0.4088 -0.7956
vn -0.5016 0.3826 -0.7759
vn -0.5315 0.3875 -0.7532
vn -0.5872 0.3725 -0.7186
vn -0.6106 0.3744 -0.6978
vn -0.6483 0.3605 -0.6707
vn -0.6700 0.3633 -0.6474
vn -0.6849 0.3566 -0.6354
vn -0.7170 0.3591 -0.5974
vn -0.7189 0.3617 -0.5936
vn -0.7637 0.3505 -0.5421
vn 0.0501 0.3540 -0.9339
vn -0.1200 0.3842 -0.9154
vn 0.0061 0.3950 -0.9186
vn 0.2213 0.3260 -0.9191
vn 0.3026 0.2708 -0.9138
vn 0.9491 0.1922 0.2497
vn 0.9410 0.1674 0.2940
vn 0.9566 0.1690 0.2374
vn 0.8146 0.1979 0.5453
vn 0.8631 0.1905 0.4677
vn 0.9162 0.1934 0.3510
vn 0.9684 0.1751 0.1775
vn 0.9618 0.2027 0.1838
vn 0.9814 0.1898 0.0286
vn 0.9797 0.1932 -0.0537
vn 0.9740 0.1961 0.1138
vn 0.9801 0.1739 0.0960
vn -0.3743 0.1951 0.9065
vn -0.2704 0.1915 0.9435
vn 0.9852 0.1710 0.0129
vn 0.7603 0.2005 0.6179
vn 0.9811 0.1700 -0.0924
vn 0.9733 0.1924 -0.1255
vn 0.9680 0.1709 -0.1838
vn 0.2437 0.1989 0.9492
vn 0.3263 0.1936 0.9252
vn 0.9601 0.1951 -0.2004
vn 0.9474 0.1735 -0.2689
vn 0.9458 0.1864 -0.2661
vn 0.9179 0.1992 -0.3432
vn 0.9249 0.1756 -0.3371
vn 0.7526 0.1981 -0.6280
vn 0.8073 0.1908 -0.5584
vn 0.8976 0.1822 -0.4014
vn 0.8605 0.1886 -0.4732
vn 0.8641 0.1694 -0.4740
vn 0.8174 0.1696 -0.5505
vn 0.7638 0.1734 -0.6217
vn 0.7093 0.1769 -0.6824
vn 0.7035 0.1911 0.6845
vn 0.6754 -0.1721 0.7170
vn 0.7449 -0.1526 0.6495
vn 0.6766 0.1966 -0.7096
vn 0.6491 0.1762 -0.7400
vn -0.1882 0.1921 0.9632
vn -0.0898 0.1914 0.9774
vn 0.0130 0.1963 0.9804
vn -0.3201 0.1672 0.9325
vn -0.2318 0.1656 0.9586
vn 0.1042 0.1930 0.9756
vn -0.1618 0.1717 0.9718
vn 0.1707 0.2005 0.9647
vn 0.4050 0.1882 0.8947
vn 0.4748 0.1995 0.8572
vn -0.0729 0.1726 0.9823
vn 0.5666 0.2085 0.7972
vn 0.5513 0.1841 0.8137
vn 0.6246 -0.0265 0.7805
vn 0.6511 0.2056 0.7306
vn 0.0058 0.1750 0.9845
vn 0.0803 0.1741 0.9815
vn 0.8222 0.1785 0.5405
vn 0.8609 0.1672 0.4806
vn 0.7776 0.1843 0.6011
vn 0.1503 0.1735 0.9733
vn 0.2203 0.1758 0.9595
vn 0.2972 0.1691 0.9397
vn 0.3816 0.1613 0.9101
vn 0.4514 0.1728 0.8754
vn 0.5088 0.1705 0.8438
vn 0.5674 0.1659 0.8066
vn 0.9018 0.1640 0.3998
vn -0.4639 0.2436 0.8518
vn -0.4484 0.1982 0.8716
vn -0.6210 0.1950 0.7592
vn -0.6557 0.1711 0.7353
vn -0.5726 0.1738 0.8012
vn -0.4780 0.1784 0.8601
vn -0.5377 0.1983 0.8194
vn -0.5513 0.2546 0.7945
vn -0.4026 0.1730 0.8989
vn -0.6478 0.2410 0.7226
vn -0.4999 0.3289 0.8012
vn -0.5903 0.3186 0.7417
vn -0.3988 0.5493 0.7343
vn -0.4282 0.3179 0.8459
vn -0.4976 0.5404 0.6785
vn -0.7676 0.3273 0.5511
vn -0.6861 0.5233 0.5055
vn -0.7361 0.5137 0.4408
vn -0.8170 0.3265 0.4753
vn -0.8439 0.2746 0.4609
vn -0.7884 0.2600 0.5576
vn -0.5733 0.5364 0.6193
vn -0.8774 0.2944 0.3788
vn -0.8826 0.3319 0.3329
vn -0.8737 0.2389 0.4238
vn -0.8958 0.3416 0.2844
vn -0.8073 0.5090 0.2985
vn -0.8175 0.5283 0.2293
vn -0.9079 0.3962 0.1370
vn -0.8979 0.3824 0.2180
vn -0.8236 0.5526 0.1276
vn -0.9088 0.4165 0.0245
vn -0.8950 0.4418 0.0609
vn -0.9043 0.4207 -0.0723
vn -0.8817 0.4526 -0.1328
vn -0.8504 0.4740 -0.2283
vn -0.8040 0.4806 -0.3501
vn -0.7611 0.1962 0.6183
vn -0.8210 0.1896 0.5386
vn -0.7755 0.1771 0.6060
vn -0.8449 0.2173 0.4888
vn -0.8692 -0.1791 0.4609
vn -0.8142 0.2231 0.5360
vn -0.8546 0.3412 0.3914
vn -0.7760 0.5147 0.3646
vn -0.6948 0.1924 0.6930
vn -0.7116 0.1755 0.6803
vn -0.7418 0.1738 0.6478
vn -0.7248 0.2465 0.6434
vn -0.8097 0.5865 0.0214
vn -0.8827 0.4679 -0.0445
vn -0.7895 0.6114 -0.0541
vn -0.6598 0.3202 0.6798
vn -0.7887 0.6007 -0.1310
vn -0.8106 0.4979 -0.3083
vn -0.7571 0.6168 -0.2152
vn -0.7217 0.3111 0.6183
vn -0.7309 0.6147 -0.2964
vn -0.6368 0.5274 0.5624
vn -0.6970 0.6184 -0.3630
vn -0.7425 0.5111 -0.4329
vn 0.5079 0.7097 -0.4882
vn 0.4897 0.7099 -0.5062
vn 0.5486 0.7181 -0.4281
vn 0.4203 0.6994 -0.5781
vn 0.1448 0.7545 0.6401
vn 0.0566 0.7532 0.6553
vn 0.0722 0.7481 0.6596
vn 0.1934 0.7648 0.6146
vn 0.2131 0.7574 0.6172
vn 0.3243 0.7720 0.5466
vn 0.2679 0.7635 0.5876
vn 0.3475 0.7693 0.5361
vn 0.4336 0.7750 0.4598
vn 0.4206 0.7712 0.4779
vn 0.6018 0.7675 0.2208
vn 0.5681 0.7732 0.2818
vn 0.5721 0.7695 0.2841
vn 0.6091 0.7702 0.1894
vn 0.6386 0.7648 0.0857
vn 0.6524 0.7561 -0.0517
vn 0.6549 0.7557 0.0041
vn 0.6523 0.7454 -0.1375
vn 0.6356 0.7441 -0.2060
vn 0.5977 0.7301 -0.3313
vn -0.1832 0.7296 0.6589
vn -0.2007 0.7292 0.6542
vn 0.4854 0.7701 0.4140
vn 0.0068 0.7438 0.6683
vn -0.0790 0.7404 0.6675
vn -0.0592 0.7368 0.6735
vn 0.5117 0.7754 0.3700
vn 0.5318 0.7710 0.3502
vn 0.6606 0.7470 -0.0743
vn 0.6468 0.7368 -0.1970
vn -0.3055 0.7189 0.6244
vn -0.4032 0.7099 0.5776
vn -0.5079 0.6970 0.5063
vn -0.1266 0.7343 0.6669
vn 0.2762 0.6744 -0.6848
vn 0.3466 0.6872 -0.6385
vn 0.1552 0.6691 -0.7268
vn 0.1989 0.6753 -0.7102
vn 0.0649 0.6756 -0.7344
vn -0.0364 0.7004 -0.7128
vn 0.0944 0.6909 -0.7168
vn -0.1094 0.7112 -0.6945
vn -0.0017 0.7091 -0.7051
vn -0.5452 0.7272 -0.4171
vn -0.1950 0.7342 -0.6504
vn -0.1125 0.7439 -0.6587
vn -0.2763 0.7459 -0.6061
vn -0.2010 0.7660 -0.6107
vn -0.3618 0.7425 -0.5637
vn -0.4171 0.7532 -0.5087
vn -0.2869 0.7772 -0.5600
vn -0.2179 0.7887 -0.5748
vn -0.4904 0.7258 -0.4824
vn -0.3396 0.7882 -0.5132
vn -0.3019 0.8046 -0.5113
vn -0.3990 0.7872 -0.4703
vn -0.4817 0.7688 -0.4205
vn -0.3741 0.8133 -0.4456
vn -0.4303 0.8078 -0.4029
vn -0.4929 0.8008 -0.3402
vn -0.4579 0.8226 -0.3372
vn -0.6480 0.6718 0.3588
vn -0.6875 0.6619 0.2987
vn -0.5914 0.6797 0.4338
vn -0.7081 0.6703 0.2221
vn -0.6797 0.6819 0.2701
vn -0.7213 0.6905 0.0540
vn -0.7231 0.6764 0.1402
vn -0.6868 0.7151 0.1303
vn -0.6826 0.7064 0.1872
vn -0.6829 0.7301 -0.0245
vn -0.6874 0.7249 0.0433
vn -0.6695 0.7284 -0.1458
vn -0.6558 0.7472 -0.1081
vn -0.6673 0.7425 0.0584
vn -0.6412 0.7242 -0.2536
vn -0.6454 0.7636 -0.0190
vn -0.6143 0.7650 -0.1933
vn -0.6190 0.7799 -0.0927
vn -0.6018 0.7221 -0.3413
vn -0.6002 0.7543 -0.2661
vn -0.5858 0.7980 -0.1418
vn -0.5547 0.7590 -0.3410
vn -0.5617 0.7978 -0.2190
vn -0.5462 0.7871 -0.2866
vn -0.5247 0.8131 -0.2520
vn -0.2484 0.9592 0.1347
vn -0.0157 0.9998 0.0097
vn -0.0175 0.9998 0.0075
vn 0.0007 1.0000 0.0081
vn -0.0018 0.9999 0.0099
vn -0.0015 1.0000 0.0098
vn 0.0096 1.0000 -0.0003
vn 0.0058 1.0000 -0.0017
vn 0.0091 1.0000 -0.0007
vn -0.0001 1.0000 -0.0057
vn -0.0009 1.0000 -0.0064
vn -0.0013 1.0000 -0.0086
vn -0.0079 1.0000 0.0012
vn -0.0073 1.0000 0.0003
vn -0.0070 1.0000 -0.0001
vn -0.0083 1.0000 0.0013
vn 0.0024 1.0000 0.0084
vn -0.0001 1.0000 -0.0058
vn -0.0096 0.9999 0.0027
vn -0.0098 0.9999 0.0028
vn 0.0090 1.0000 0.0004
vn 0.0006 1.0000 -0.0071
vn 0.0091 1.0000 0.0010
vn 0.0033 0.9999 0.0105
vn -0.0091 1.0000 0.0036
vn 0.0093 1.0000 0.0023
vn 0.0030 0.9999 -0.0111
vn 0.0049 0.9999 -0.0146
vn 0.0035 0.9999 0.0101
vn -0.0047 1.0000 -0.0057
vn -0.0052 1.0000 -0.0062
vn -0.0045 1.0000 -0.0033
vn -0.0055 1.0000 -0.0028
vn 0.0036 0.9999 -0.0105
vn 0.0063 0.9999 -0.0108
vn -0.0060 1.0000 0.0041
vn 0.0102 0.9999 0.0024
vn 0.0083 0.9999 -0.0122
vn 0.0063 0.9999 -0.0112
vn -0.0066 1.0000 -0.0031
vn -0.0058 1.0000 0.0071
vn -0.0034 1.0000 -0.0058
vn -0.0051 1.0000 0.0070
vn 0.0060 1.0000 -0.0064
vn 0.0039 1.0000 0.0073
vn -0.0066 1.0000 -0.0030
vn 0.0068 1.0000 -0.0057
vn -0.0025 1.0000 -0.0060
vn -0.0043 1.0000 0.0059
vn 0.0060 1.0000 0.0038
vn 0.0043 1.0000 0.0057
vn -0.0047 1.0000 0.0073
vn 0.0079 1.0000 -0.0059
vn 0.0053 1.0000 0.0033
vn -0.0062 0.9999 0.0110
vn -0.0064 1.0000 -0.0016
vn -0.0015 1.0000 -0.0065
vn -0.0064 1.0000 -0.0011
vn 0.0079 1.0000 -0.0049
vn -0.0078 0.9999 0.0140
vn 0.0056 1.0000 0.0055
vn 0.0046 1.0000 0.0028
vn -0.0013 1.0000 -0.0056
vn -0.0017 1.0000 0.0062
vn 0.0084 0.9999 -0.0056
vn 0.0059 1.0000 0.0050
vn -0.0000 1.0000 0.0063
vn 0.0050 1.0000 0.0025
vn -0.0016 1.0000 -0.0098
vn 0.0045 1.0000 -0.0012
vn -0.4894 -0.8383 0.2402
vn -0.5125 -0.8252 0.2375
vn -0.5291 -0.8179 0.2261
vn -0.5712 -0.6072 -0.5523
vn -0.5318 -0.5675 -0.6285
vn -0.5890 -0.6130 -0.5266
vn -0.5278 -0.5552 -0.6428
vn -0.4779 -0.5189 -0.7088
vn -0.4052 -0.5682 -0.7162
vn -0.5242 -0.8414 -0.1315
vn -0.4204 -0.9055 -0.0580
vn -0.4223 -0.9058 -0.0347
vn -0.5325 -0.8314 -0.1588
vn -0.5663 -0.7950 -0.2176
vn -0.6110 -0.7287 -0.3092
vn -0.5969 -0.7603 -0.2562
vn -0.6062 -0.7168 -0.3446
vn -0.6387 -0.6351 -0.4344
vn -0.6085 -0.6430 -0.4651
vn -0.9097 0.3981 -0.1180
vn -0.9443 0.3290 -0.0002
vn -0.9255 0.3711 -0.0762
vn -0.8149 0.5261 -0.2434
vn -0.8743 0.4372 -0.2107
vn -0.9596 0.2616 0.1034
vn -0.9526 0.3032 0.0232
vn -0.8084 0.5170 -0.2816
vn -0.7205 0.6169 -0.3166
vn -0.7571 0.5665 -0.3253
vn -0.7267 0.6022 -0.3305
vn -0.6778 0.5882 -0.4412
vn -0.0545 -0.9795 0.1941
vn -0.0408 -0.9752 0.2174
vn 0.0378 -0.9429 0.3308
vn -0.1215 -0.9815 0.1477
vn -0.0896 -0.9842 0.1528
vn -0.1010 -0.9713 0.2155
vn -0.0530 -0.9885 0.1417
vn -0.0178 -0.9722 0.2337
vn -0.0523 -0.9747 0.2171
vn -0.0704 -0.9517 0.2989
vn -0.0088 -0.9532 0.3021
vn -0.0371 -0.9444 0.3268
vn -0.0613 -0.9479 0.3127
vn -0.0608 -0.9491 0.3089
vn -0.0908 -0.9630 0.2536
vn -0.1051 -0.9556 0.2751
vn -0.1873 -0.9604 0.2063
vn -0.2074 -0.9392 0.2737
vn -0.1781 -0.9641 0.1972
vn -0.2885 -0.9475 0.1382
vn -0.3359 -0.9378 0.0876
vn -0.3233 -0.9418 0.0917
vn -0.3969 -0.9179 0.0035
vn -0.3587 -0.5327 -0.7665
vn -0.2877 -0.6073 -0.7405
vn -0.2492 -0.5829 -0.7734
vn -0.2070 -0.6050 -0.7688
vn -0.1170 -0.7487 -0.6525
vn -0.1321 -0.7556 -0.6415
vn -0.0387 -0.8266 -0.5615
vn -0.3441 0.7660 -0.5429
vn -0.4128 0.7091 -0.5716
vn -0.3156 0.7124 -0.6268
vn -0.2778 0.8060 -0.5227
vn -0.2399 0.7659 -0.5965
vn -0.1860 0.7409 -0.6453
vn -0.2139 0.6791 -0.7022
vn -0.1642 0.6525 -0.7397
vn -0.1985 0.6351 -0.7464
vn -0.1613 0.5810 -0.7978
vn -0.1315 0.5315 -0.8368
vn -0.1721 0.4971 -0.8505
vn -0.1329 0.4125 -0.9012
vn -0.1063 0.4273 -0.8978
vn -0.2601 0.4834 -0.8359
vn -0.2040 0.4380 -0.8755
vn -0.2255 0.3488 -0.9097
vn -0.1639 0.2801 -0.9459
vn -0.1269 0.3007 -0.9452
vn -0.2502 0.2872 -0.9246
vn -0.2483 0.7143 -0.6543
vn -0.4328 0.6639 -0.6099
vn -0.4409 0.6292 -0.6401
vn -0.4076 0.6078 -0.6815
vn -0.3941 0.5701 -0.7209
vn 0.5447 -0.5351 0.6457
vn 0.6092 -0.5490 0.5723
vn 0.6534 -0.5359 0.5347
vn 0.7755 -0.2950 0.5582
vn 0.7680 -0.3148 0.5578
vn 0.5323 -0.7914 0.3004
vn 0.6361 -0.6463 0.4215
vn 0.4871 -0.7930 0.3659
vn 0.8868 -0.4367 0.1516
vn -0.4908 -0.4695 0.7339
vn -0.6003 -0.2644 0.7548
vn -0.5889 -0.2902 0.7543
vn 0.9308 -0.1010 0.3513
vn -0.5075 -0.2567 0.8225
vn -0.4310 -0.4232 0.7969
vn 0.7431 -0.5778 -0.3376
vn 0.5693 -0.7918 -0.2213
vn 0.5438 -0.7936 -0.2729
vn 0.8210 -0.2842 -0.4951
vn 0.4524 -0.7455 -0.4894
vn 0.4344 -0.7949 -0.4237
vn 0.3624 -0.8128 -0.4560
vn -0.4222 -0.4403 0.7924
vn 0.0581 -0.7081 0.7037
vn 0.0120 -0.7981 0.6025
vn 0.0833 -0.7944 0.6017
vn -0.2672 -0.1700 0.9485
vn 0.3243 -0.6255 0.7096
vn 0.2145 -0.8052 0.5528
vn 0.2793 -0.7953 0.5380
vn 0.3413 -0.1637 0.9256
vn 0.4332 -0.5981 0.6742
vn 0.4218 -0.5519 0.7194
vn 0.5159 -0.3358 0.7881
vn 0.5682 -0.7888 0.2342
vn 0.7325 -0.5842 0.3496
vn 0.5918 -0.2616 0.7625
vn 0.5989 -0.2826 -0.7493
vn 0.2476 -0.4921 -0.8346
vn 0.1712 -0.6968 -0.6965
vn 0.2104 -0.5879 -0.7811
vn 0.1572 -0.6652 -0.7299
vn 0.1802 -0.5996 -0.7797
vn 0.2506 -0.4823 -0.8394
vn 0.3142 -0.7993 -0.5122
vn 0.4316 -0.6438 -0.6319
vn 0.2321 -0.5566 -0.7977
vn 0.2572 -0.5207 -0.8141
vn 0.2821 -0.4536 -0.8454
vn 0.2394 -0.1352 -0.9615
vn 0.2647 -0.1416 -0.9539
vn 0.0247 -0.9875 -0.1557
vn 0.1230 -0.9139 -0.3869
vn 0.0119 -0.9955 -0.0939
vn 0.1768 -0.7452 -0.6429
vn 0.1541 -0.7447 -0.6493
vn -0.2330 -0.3077 -0.9225
vn -0.4029 -0.3986 -0.8239
vn -0.3192 -0.5149 -0.7956
vn -0.0348 0.0269 -0.9990
vn -0.0172 -0.9979 0.0630
vn 0.0278 -0.9932 0.1134
vn -0.0247 -0.9988 -0.0423
vn -0.1491 -0.4582 -0.8762
vn -0.1416 -0.4776 -0.8671
vn -0.0630 -0.8437 -0.5331
vn 0.0651 -0.5228 -0.8500
vn 0.0377 -0.4940 -0.8686
vn 0.1044 -0.5438 -0.8327
vn 0.1946 -0.1138 -0.9743
vn -0.2296 -0.9554 -0.1857
vn -0.1568 -0.9759 -0.1520
vn -0.2430 -0.9482 -0.2047
vn -0.2753 -0.9081 -0.3156
vn -0.4451 -0.6750 -0.5885
vn -0.2951 -0.8859 -0.3578
vn -0.5319 -0.5436 -0.6493
vn -0.4921 -0.4629 -0.7372
vn -0.5232 -0.6397 -0.5630
vn -0.8465 -0.3087 -0.4339
vn -0.8312 -0.4117 -0.3737
vn -0.8339 -0.3088 -0.4574
vn -0.4253 -0.8678 -0.2569
vn -0.1681 -0.9773 -0.1287
vn -0.1619 -0.9795 -0.1197
vn -0.8286 -0.1957 -0.5245
vn -0.6569 -0.5845 -0.4763
vn -0.7282 -0.4796 -0.4896
vn -0.3514 -0.9290 -0.1163
vn -0.6869 -0.6988 -0.1994
vn -0.4476 -0.8784 -0.1676
vn -0.8708 -0.4080 -0.2744
vn -0.7567 -0.6445 -0.1094
vn -0.7388 -0.6582 -0.1450
vn -0.3213 -0.9317 -0.1693
vn -0.3327 -0.9260 -0.1784
vn -0.3499 -0.9147 -0.2022
vn -0.3588 -0.7173 -0.5973
vn -0.3718 -0.7270 -0.5773
vn -0.4151 -0.4422 -0.7951
vn -0.7177 -0.6413 -0.2714
vn -0.7387 -0.5980 -0.3109
vn -0.5104 0.0500 -0.8585
vn -0.9327 -0.2716 -0.2371
vn -0.1305 -0.9841 -0.1203
vn -0.5996 -0.5646 -0.5672
vn -0.5998 -0.5432 -0.5874
vn -0.7151 -0.4123 -0.5645
vn -0.6549 -0.5163 -0.5519
vn -0.5356 -0.7815 -0.3200
vn -0.6432 -0.5206 -0.5615
vn -0.9375 -0.3473 -0.0231
vn -0.9559 -0.2902 0.0455
vn -0.9024 -0.4102 0.1316
vn -0.9291 -0.2283 0.2911
vn -0.9392 -0.2603 0.2239
vn -0.8342 -0.4283 0.3474
vn -0.7615 -0.4678 0.4487
vn -0.7313 -0.5614 0.3873
vn -0.4912 -0.8576 0.1524
vn -0.9329 -0.3590 -0.0274
vn -0.4233 -0.9057 -0.0212
vn -0.4066 -0.9134 -0.0193
vn -0.8321 -0.5352 0.1451
vn -0.9744 0.1926 -0.1156
vn -0.6414 -0.6868 0.3420
vn -0.7100 -0.5862 0.3902
vn -0.7715 -0.5125 0.3770
vn -0.6534 -0.6619 0.3674
vn -0.6058 -0.7023 0.3739
vn -0.4914 -0.8373 0.2398
vn -0.4025 -0.8615 0.3096
vn -0.4924 -0.7721 0.4018
vn -0.4218 -0.8253 0.3755
vn -0.7765 -0.3091 0.5492
vn -0.7790 -0.2948 0.5534
vn -0.6945 -0.5663 0.4438
vn -0.6907 -0.5743 0.4395
vn -0.8494 -0.3290 0.4125
vn -0.7559 -0.4998 0.4229
vn -0.8516 -0.1611 0.4989
vn -0.7177 0.5035 -0.4811
vn -0.6869 0.5250 -0.5025
vn -0.2761 -0.0014 0.9611
vn -0.8189 0.0931 0.5664
vn -0.7884 0.2493 0.5624
vn -0.7858 0.2593 0.5615
vn -0.6215 0.5232 -0.5830
vn -0.8187 0.2113 0.5339
vn -0.8369 0.1744 0.5188
vn -0.8452 0.1760 0.5047
vn -0.4270 0.8560 -0.2916
vn -0.4290 0.8636 -0.2649
vn -0.9621 0.2168 0.1655
vn -0.9595 0.1844 0.2130
vn -0.9679 0.2179 0.1249
vn -0.9596 0.1745 0.2209
vn -0.9313 0.3475 -0.1091
vn -0.8670 0.1694 0.4686
vn -0.3884 0.8551 -0.3433
vn -0.8776 0.1671 0.4494
vn -0.9663 0.2496 0.0635
vn -0.3558 0.8488 -0.3911
vn -0.9037 0.1661 0.3946
vn -0.9546 0.2976 -0.0142
vn -0.9174 0.1595 0.3645
vn -0.9403 0.1626 0.2991
vn -0.9015 0.3740 -0.2178
vn -0.9490 0.1634 0.2695
vn -0.8692 0.4062 -0.2819
vn -0.8135 0.4554 -0.3618
vn -0.6238 0.4417 -0.6448
vn -0.5519 0.4765 -0.6843
vn -0.7620 0.4922 -0.4209
vn -0.4731 0.4917 -0.7310
vn -0.3932 0.5099 -0.7651
vn -0.2823 0.6242 -0.7285
vn -0.2635 0.5711 -0.7775
vn -0.3793 0.4374 -0.8153
vn -0.3498 0.4571 -0.8178
vn -0.3013 0.4064 -0.8626
vn -0.3046 0.3463 -0.8873
vn -0.2057 0.2233 -0.9528
vn -0.1374 0.2093 -0.9682
vn -0.2886 -0.9532 -0.0898
vn -0.2911 -0.9524 -0.0906
vn -0.6024 -0.7869 -0.1337
vn -0.4827 -0.8639 -0.1439
vn -0.4960 -0.8506 -0.1744
vn -0.0634 -0.9889 0.1343
vn -0.2465 -0.8007 0.5460
vn -0.2493 -0.7938 0.5547
vn -0.3115 -0.9417 -0.1273
vn -0.2925 -0.9493 -0.1154
vn -0.1631 -0.9828 -0.0862
vn -0.1455 -0.9866 -0.0741
vn -0.1363 -0.9878 -0.0756
vn -0.0076 -0.9994 0.0344
vn -0.1639 -0.9812 -0.1023
vn -0.3976 -0.8955 -0.2001
vn -0.4130 -0.8851 -0.2144
vn -0.4118 -0.8842 -0.2207
vn -0.3325 -0.8748 0.3524
vn -0.3545 -0.8361 0.4187
vn -0.3072 -0.8627 0.4018
vn -0.3924 -0.8510 0.3489
vn -0.4197 -0.8090 0.4115
vn -0.4000 -0.8916 -0.2121
vn -0.2826 -0.9399 -0.1917
vn -0.4127 -0.8341 -0.3661
vn -0.3986 -0.8568 -0.3272
vn -0.5079 -0.7597 0.4060
vn -0.4903 -0.7745 0.3996
vn -0.4662 -0.8337 0.2961
vn -0.5566 -0.7272 0.4017
vn -0.2573 -0.9535 0.1571
vn -0.2462 -0.9588 0.1417
vn -0.4654 -0.8502 0.2462
vn -0.4087 -0.8913 0.1963
vn -0.4862 -0.8564 0.1736
vn -0.4341 -0.8401 -0.3253
vn -0.5173 -0.8473 0.1207
vn -0.5998 -0.7785 0.1848
vn -0.5842 -0.7998 0.1378
vn -0.5263 -0.8434 0.1080
vn -0.2860 -0.9580 0.0220
vn -0.5553 -0.8195 0.1413
vn -0.2418 -0.9696 0.0384
vn -0.2536 -0.9672 0.0168
vn -0.3110 -0.9500 0.0265
vn -0.2346 -0.9721 -0.0043
vn -0.2416 -0.9702 -0.0204
vn 0.0490 -0.9967 0.0644
vn 0.0624 -0.9964 0.0576
vn 0.0282 -0.9979 0.0589
vn -0.4515 -0.8922 0.0122
vn -0.3205 -0.9469 0.0264
vn -0.3112 -0.9502 0.0123
vn -0.3240 -0.9460 0.0132
vn -0.4657 -0.8846 -0.0235
vn -0.4878 -0.8724 -0.0306
vn -0.5075 -0.8579 -0.0804
vn -0.6009 -0.7956 -0.0775
vn -0.0929 -0.9935 -0.0655
vn -0.1022 -0.9917 -0.0781
vn -0.2194 -0.9595 -0.1768
vn -0.2530 -0.9476 -0.1951
vn -0.4072 -0.8110 -0.4201
vn -0.4184 -0.7969 -0.4358
vn -0.3771 -0.8255 -0.4200
vn -0.1841 -0.9396 -0.2884
vn -0.1483 -0.9735 -0.1742
vn -0.1277 -0.9790 -0.1589
vn -0.3710 -0.8177 -0.4401
vn -0.1820 -0.9303 -0.3184
vn -0.1801 -0.9276 -0.3272
vn -0.1842 -0.9373 -0.2960
vn -0.2393 -0.8686 -0.4339
vn -0.2355 -0.8077 -0.5405
vn -0.2852 -0.7558 -0.5894
vn -0.2021 -0.8498 -0.4868
vn -0.2282 -0.8299 -0.5092
vn -0.1561 -0.8687 -0.4702
vn -0.1812 -0.8573 -0.4818
vn -0.0555 -0.8328 -0.5508
vn -0.0630 -0.8404 -0.5383
vn -0.0859 -0.8799 -0.4672
vn 0.0144 -0.8642 -0.5029
vn -0.0000 -0.8631 -0.5051
vn 0.0102 -0.8620 -0.5069
vn -0.0300 -0.9986 -0.0425
vn 0.0136 -0.9985 -0.0525
vn 0.0241 -0.9982 -0.0551
vn 0.0539 -0.8941 -0.4445
vn 0.0395 -0.9011 -0.4318
vn 0.0594 -0.8837 -0.4642
vn 0.1254 -0.8562 -0.5013
vn 0.1153 -0.7572 -0.6429
vn 0.0814 -0.9532 -0.2912
vn 0.0790 -0.9476 -0.3095
vn 0.1624 -0.8677 -0.4698
vn 0.1447 -0.9103 -0.3879
vn 0.1485 -0.9155 -0.3739
vn 0.0697 -0.9846 -0.1605
vn 0.0854 -0.9754 -0.2032
vn 0.0785 -0.9809 -0.1781
vn 0.0710 -0.9894 -0.1266
vn 0.0701 -0.9886 -0.1334
vn 0.0754 -0.9892 -0.1260
vn 0.0718 -0.9895 -0.1251
vn 0.0744 -0.9902 -0.1179
vn 0.0755 -0.9897 -0.1213
vn 0.0682 -0.9918 -0.1078
vn 0.0738 -0.9907 -0.1142
vn 0.0801 -0.9889 -0.1248
vn 0.0685 -0.9924 -0.1021
vn 0.0834 -0.9776 -0.1934
vn 0.0830 -0.9809 -0.1759
vn 0.3785 -0.8278 -0.4140
vn 0.3776 -0.8254 -0.4197
vn 0.3115 -0.8785 -0.3621
vn 0.3301 -0.8776 -0.3475
vn 0.3323 -0.8678 -0.3695
vn 0.3115 -0.8786 -0.3621
vn 0.3442 -0.8760 -0.3379
vn 0.3415 -0.8917 -0.2971
vn 0.1949 -0.9302 -0.3112
vn 0.2306 -0.9187 -0.3205
vn 0.3959 -0.8468 -0.3553
vn -0.1942 -0.8366 -0.5122
vn -0.1395 -0.8215 -0.5529
vn -0.1065 -0.8478 -0.5195
vn -0.0843 -0.8542 -0.5131
vn -0.2871 -0.8326 0.4736
vn -0.2687 -0.8307 0.4875
vn -0.2908 -0.8337 0.4694
vn -0.3389 -0.8015 0.4927
vn -0.3668 -0.7852 0.4989
vn -0.3029 -0.8568 0.4173
vn -0.0260 -0.9992 -0.0301
vn -0.0233 -0.9988 -0.0425
vn -0.0092 -0.9849 -0.1731
vn -0.0614 -0.8599 -0.5068
vn -0.0859 -0.8800 -0.4671
vn 0.0680 -0.9955 -0.0655
vn -0.3403 -0.8735 0.3482
vn -0.3977 -0.8519 0.3409
vn 0.1502 -0.8466 -0.5105
vn 0.3964 -0.8278 -0.3969
vn -0.4931 -0.8546 0.1630
vn 0.3729 -0.8674 -0.3294
vn 0.3916 -0.8566 -0.3361
vn -0.5982 -0.7924 0.1195
vn 0.3870 -0.8678 -0.3118
vn -0.2569 -0.9654 -0.0453
vn -0.4606 -0.8875 0.0151
vn 0.3019 -0.9279 -0.2186
vn 0.3312 -0.9256 -0.1832
vn 0.3036 -0.9259 -0.2246
vn -0.0219 -0.8344 -0.5508
vn 0.3223 -0.9295 -0.1794
vn 0.1224 -0.9013 -0.4154
vn 0.0666 -0.8863 -0.4583
vn 0.1764 -0.9035 -0.3905
vn 0.2555 -0.9227 -0.2887
vn -0.1551 0.1922 -0.9690
vn 0.0131 -0.9999 0.0109
vn 0.0060 -0.9991 0.0427
vn 0.0522 -0.9986 0.0012
vn 0.2900 -0.9504 -0.1125
vn 0.2626 -0.9566 -0.1266
vn -0.0008 -1.0000 0.0001
vn 0.2170 -0.9735 -0.0727
vn 0.1904 -0.9774 -0.0915
vn 0.0071 -0.9998 -0.0167
vn 0.0115 -0.9998 -0.0187
vn 0.1367 -0.9903 -0.0255
vn 0.0129 -0.9998 -0.0165
vn 0.0126 -0.9998 -0.0157
vn 0.1150 -0.9924 -0.0436
vn 0.0664 -0.9977 0.0146
vn 0.0633 0.2029 -0.9772
vn 0.1415 0.2315 -0.9625
vn 0.0409 0.1927 -0.9804
vn 0.5648 0.2044 -0.7995
vn 0.5901 0.2386 -0.7713
vn 0.5369 0.2198 -0.8145
vn 0.5900 0.2458 -0.7691
vn 0.1959 0.2057 -0.9588
vn 0.2430 0.2450 -0.9386
vn 0.2940 0.1803 -0.9387
vn 0.3301 0.2479 -0.9108
vn 0.3869 0.1860 -0.9032
vn 0.4402 0.2765 -0.8543
vn 0.4695 0.2673 -0.8415
vn -0.0622 0.1777 -0.9821
vn -0.0375 0.1719 -0.9844
vn 0.0140 -0.9864 0.1638
vn -0.0600 -0.9931 0.1011
vn -0.0418 -0.9907 0.1295
vn -0.0352 -0.9925 0.1171
vn 0.3096 -0.9476 0.0784
vn 0.2677 -0.9535 0.1387
vn 0.2845 -0.9396 0.1903
vn -0.0683 -0.9971 0.0337
vn -0.2962 -0.8864 -0.3557
vn -0.1140 -0.9280 -0.3547
vn -0.1871 -0.9298 -0.3171
vn -0.4332 -0.8058 -0.4037
vn -0.3364 -0.8447 -0.4163
vn -0.4190 -0.7931 -0.4421
vn 0.4609 -0.7838 0.4162
vn 0.4700 -0.7961 0.3812
vn 0.0809 -0.7936 0.6030
vn 0.1391 -0.8005 0.5830
vn 0.1143 -0.7898 0.6027
vn -0.0850 -0.9711 -0.2232
vn -0.1355 -0.9780 -0.1586
vn -0.2907 -0.9380 -0.1887
vn -0.4346 -0.8209 -0.3704
vn -0.3586 -0.8763 -0.3216
vn 0.0364 -0.7979 0.6017
vn 0.0836 -0.2768 0.9573
vn -0.0193 -0.7927 0.6093
vn -0.0623 -0.7947 0.6038
vn -0.0444 -0.8017 0.5961
vn -0.0371 -0.7860 0.6171
vn -0.1095 -0.7652 0.6344
vn -0.0984 -0.8273 0.5531
vn -0.5147 -0.8168 0.2607
vn -0.5174 -0.8164 0.2564
vn -0.5035 -0.8276 0.2481
vn -0.0239 -0.9755 0.2187
vn 0.0002 -0.9806 0.1959
vn 0.4207 -0.8022 0.4237
vn 0.2402 -0.9703 -0.0293
vn -0.1218 -0.8048 0.5809
vn -0.1200 -0.7964 0.5927
vn 0.0859 -0.9647 0.2491
vn -0.1709 -0.8335 0.5254
vn -0.1955 -0.8165 0.5432
vn -0.1605 -0.7786 0.6066
vn -0.2187 -0.9424 -0.2532
vn -0.2366 -0.8036 0.5462
vn -0.2027 -0.7360 0.6459
vn -0.2145 -0.7767 0.5922
vn -0.2516 -0.8163 0.5199
vn -0.3088 -0.7582 0.5743
vn -0.2649 -0.8406 0.4726
vn -0.1579 -0.9113 -0.3803
vn -0.1504 -0.8630 -0.4823
vn -0.2208 -0.8294 -0.5132
vn 0.4062 -0.8176 0.4080
vn -0.4415 -0.8708 0.2162
vn -0.4617 -0.8557 0.2339
vn -0.3266 -0.7970 0.5080
vn -0.3285 -0.7204 0.6108
vn -0.3299 -0.7581 0.5626
vn -0.1800 -0.9294 -0.3222
vn -0.1127 -0.9701 -0.2148
vn -0.3392 -0.7706 0.5395
vn -0.3652 -0.7642 0.5317
vn -0.4782 -0.8510 0.2170
vn -0.0973 -0.9908 -0.0936
vn -0.5973 -0.7521 0.2784
vn -0.3205 -0.8460 0.4262
vn -0.2255 -0.8534 -0.4699
vn -0.3798 -0.7558 0.5334
vn -0.5203 -0.5995 0.6082
vn 0.4007 -0.8017 0.4435
vn -0.1629 -0.9548 -0.2486
vn -0.0829 -0.9923 -0.0923
vn -0.3938 -0.7650 0.5096
vn 0.1968 -0.9789 0.0554
vn -0.5144 -0.8151 0.2664
vn -0.2067 -0.9613 -0.1821
vn 0.1223 -0.9897 -0.0742
vn 0.0682 -0.9663 0.2480
vn -0.3746 -0.8052 0.4597
vn -0.4325 -0.7637 0.4792
vn -0.4362 -0.8691 0.2333
vn -0.4109 -0.8004 0.4366
vn -0.4285 -0.8732 0.2321
vn -0.4700 -0.7473 0.4698
vn -0.4501 -0.7820 0.4311
vn -0.5101 -0.7310 0.4532
vn -0.4920 -0.7381 0.4617
vn -0.4469 -0.7875 0.4244
vn -0.3679 -0.8381 0.4027
vn -0.4232 -0.8727 0.2433
vn -0.4200 -0.8787 0.2269
vn -0.4390 -0.8655 0.2413
vn -0.4048 -0.8798 0.2492
vn -0.3866 -0.8897 0.2427
vn -0.4174 -0.8722 0.2550
vn -0.5388 -0.7767 0.3263
vn -0.4139 -0.8701 0.2675
vn -0.4881 -0.7702 0.4104
vn -0.4537 -0.8226 0.3428
vn -0.5413 -0.7461 0.3877
vn -0.5112 -0.7586 0.4040
vn -0.4858 -0.8081 0.3330
vn -0.3939 -0.8895 0.2316
vn -0.4009 -0.8302 0.3874
vn -0.3975 -0.8917 -0.2163
vn -0.3916 -0.8758 -0.2823
vn -0.4516 -0.8326 0.3206
vn 0.0739 -0.9972 -0.0059
vn 0.1452 -0.9878 0.0559
vn 0.1370 -0.9895 0.0466
vn -0.4067 -0.8762 -0.2585
vn -0.4075 -0.8758 -0.2587
vn 0.1222 -0.9561 0.2665
vn 0.4822 -0.7956 -0.3667
vn 0.4730 -0.7946 -0.3807
vn 0.4913 -0.7978 -0.3494
vn 0.4484 -0.7968 -0.4051
vn 0.5389 -0.7980 -0.2698
vn 0.5087 -0.8020 -0.3132
vn 0.4128 -0.7932 -0.4478
vn 0.1561 -0.9543 0.2549
vn 0.1910 -0.9336 0.3032
vn 0.4974 -0.7932 -0.3513
vn 0.4048 -0.7979 -0.4467
vn 0.5209 -0.8012 -0.2947
vn -0.2851 -0.7798 -0.5573
vn -0.4214 -0.8810 -0.2152
vn -0.4214 -0.8780 -0.2269
vn 0.3587 -0.7787 0.5148
vn 0.5542 -0.7942 -0.2492
vn 0.3398 -0.7991 -0.4960
vn 0.1431 -0.9896 0.0167
vn 0.3344 -0.7956 0.5052
vn 0.3514 -0.7998 0.4867
vn 0.4223 -0.7302 -0.5371
vn 0.3890 -0.7949 -0.4656
vn 0.5630 -0.8003 -0.2064
vn 0.5757 -0.8006 -0.1662
vn 0.1147 -0.9933 -0.0167
vn 0.2894 -0.8030 -0.5211
vn 0.5863 -0.7964 -0.1483
vn 0.2520 -0.8146 -0.5224
vn 0.1310 -0.9675 0.2162
vn 0.0143 -0.9993 0.0338
vn 0.5898 -0.7950 -0.1416
vn 0.5932 -0.7972 -0.1125
vn 0.5908 -0.7974 -0.1224
vn 0.2234 -0.8175 -0.5309
vn 0.6239 -0.7785 -0.0689
vn 0.1986 -0.8286 -0.5235
vn 0.6106 -0.7908 -0.0427
vn 0.5990 -0.7986 -0.0595
vn -0.4357 -0.8843 -0.1679
vn -0.4314 -0.8860 -0.1701
vn 0.1693 -0.8464 -0.5049
vn 0.6102 -0.7921 -0.0159
vn 0.1460 -0.8691 -0.4727
vn 0.6086 -0.7934 0.0051
vn 0.1048 -0.8930 -0.4377
vn 0.0955 -0.9072 -0.4097
vn 0.6095 -0.7924 0.0247
vn 0.0825 -0.9861 0.1440
vn 0.2446 -0.9242 0.2934
vn -0.2740 -0.8275 -0.4901
vn 0.6018 -0.7972 0.0479
vn 0.5968 -0.7996 0.0669
vn 0.0516 -0.9311 -0.3610
vn 0.0325 -0.9013 -0.4320
vn 0.0221 -0.9694 -0.2445
vn 0.5925 -0.7980 0.1102
vn 0.5696 -0.8100 0.1395
vn 0.0803 -0.9966 -0.0199
vn -0.0165 -0.9695 -0.2446
vn 0.5798 -0.7955 0.1761
vn -0.4527 -0.8830 -0.1242
vn -0.1129 -0.9747 -0.1927
vn 0.0135 -0.9984 0.0557
vn 0.5943 -0.7887 0.1571
vn -0.4384 -0.8912 -0.1165
vn -0.0068 -0.9931 -0.1173
vn -0.0369 -0.9325 -0.3592
vn -0.0131 -0.8972 -0.4414
vn -0.3962 -0.9150 -0.0763
vn 0.5697 -0.7975 0.1985
vn 0.1701 -0.9596 0.2242
vn -0.3371 -0.9191 -0.2040
vn 0.5532 -0.7969 0.2429
vn 0.0382 -0.9984 -0.0415
vn 0.2983 -0.7911 0.5341
vn -0.0534 -0.9962 -0.0681
vn -0.2757 -0.9513 -0.1376
vn -0.0689 -0.9226 -0.3796
vn -0.0701 -0.9649 -0.2530
vn -0.2403 -0.9700 -0.0357
vn -0.1535 -0.9825 -0.1057
vn -0.0598 -0.9976 -0.0354
vn 0.5599 -0.7804 0.2784
vn 0.2774 -0.7968 0.5368
vn 0.0098 -0.9994 -0.0333
vn -0.2419 -0.8741 -0.4213
vn 0.5438 -0.7935 0.2733
vn 0.0230 -0.9948 -0.0991
vn 0.2772 -0.9238 0.2642
vn -0.1196 -0.9482 -0.2942
vn 0.0705 -0.9894 0.1267
vn 0.1028 -0.9801 0.1698
vn 0.5173 -0.8066 0.2859
vn 0.5140 -0.8070 0.2908
vn -0.1117 -0.9042 -0.4123
vn -0.1801 -0.9375 -0.2978
vn -0.0388 -0.9945 -0.0973
vn -0.0187 -0.9998 0.0069
vn -0.0189 -0.9934 0.1132
vn -0.0861 -0.9907 -0.1050
vn 0.2239 -0.9450 0.2384
vn 0.5098 -0.7967 0.3247
vn -0.3355 -0.7739 -0.5372
vn -0.1489 -0.9882 0.0356
vn -0.1279 -0.9650 -0.2289
vn -0.3473 -0.7917 -0.5026
vn 0.2586 -0.7913 0.5541
vn 0.2687 -0.9328 0.2403
vn -0.2215 -0.9732 0.0615
vn -0.2346 -0.9616 0.1422
vn -0.2738 -0.9569 0.0966
vn -0.2851 -0.9459 0.1546
vn 0.2823 -0.9348 0.2156
vn -0.3192 -0.9387 0.1302
vn -0.3811 -0.9166 0.1207
vn 0.1911 -0.8028 0.5649
vn 0.2641 -0.7522 0.6036
vn -0.3758 -0.9168 0.1350
vn -0.3569 -0.7978 -0.4859
vn 0.4905 -0.7981 0.3499
vn 0.4824 -0.8124 0.3275
vn 0.1812 -0.7916 0.5835
vn 0.1579 -0.8138 0.5592
vn -0.0485 -0.9859 0.1600
vn -0.0423 -0.9771 0.2084
vn -0.0491 -0.9671 0.2495
vn 0.7337 0.1689 0.6581
vn 0.3401 -0.5777 -0.7420
vn 0.3778 0.7616 -0.5265
vn 0.1142 0.0523 -0.9921
vn -0.2876 0.3027 -0.9087
vn -0.5165 0.3327 -0.7890
vn 0.1331 0.2796 -0.9508
vn 0.2187 0.1481 -0.9645
vn 0.2487 0.0773 -0.9655
vn -0.0000 -0.0000 1.0000
vn 0.2488 0.0774 -0.9654
vn 0.2188 0.1482 -0.9644
vn 0.2488 0.0774 -0.9655
vn 0.5123 0.0276 -0.8584
vn -0.5243 0.3128 -0.7920
vn -0.7272 0.3481 -0.5916
vn 0.9259 -0.1181 -0.3587
vn 0.9253 -0.1064 -0.3640
vn 0.9240 -0.1484 -0.3525
vn 0.6274 -0.0285 -0.7782
vn 0.9058 -0.1980 -0.3745
vn 0.9153 -0.2047 -0.3469
vn 0.9050 -0.1968 -0.3772
vn 0.8964 -0.3511 0.2705
vn 0.9277 -0.3311 0.1727
vn 0.9307 -0.3298 0.1583
vn 0.8928 -0.3551 0.2773
vn 0.8767 -0.3578 0.3215
vn 0.8771 -0.3603 0.3177
vn 0.9400 -0.3233 0.1091
vn 0.9388 -0.3177 0.1332
vn 0.4066 -0.3376 0.8490
vn 0.4039 -0.3377 0.8502
vn 0.3888 -0.3389 0.8567
vn -0.2929 -0.1536 0.9437
vn -0.1728 -0.1727 0.9697
vn -0.2769 -0.1618 0.9472
vn -0.1774 -0.0315 0.9836
vn 0.3859 -0.3391 0.8580
vn -0.7182 0.0230 0.6954
vn -0.6670 0.0134 0.7449
vn -0.7248 0.0243 0.6886
vn -0.6601 0.0122 0.7510
vn -0.9485 0.2149 0.2326
vn -0.9248 0.1684 0.3413
vn -0.9468 0.2105 0.2436
vn -0.9193 0.1602 0.3595
vn -0.9393 0.2979 -0.1702
vn -0.9272 0.3070 -0.2145
vn -0.9364 0.2986 -0.1846
vn -0.9391 0.2962 -0.1744
vn -0.9059 0.3158 -0.2821
vn -0.9053 0.3193 -0.2800
vn -0.9215 0.3084 -0.2361
vn -0.8985 0.3091 -0.3116
vn -0.0073 0.4903 -0.8715
vn 0.6499 0.7458 0.1463
vn 0.6705 0.6974 0.2531
vn 0.9079 0.2791 0.3127
vn 0.6122 0.1366 0.7788
vn 0.2655 0.7813 0.5649
vn -0.1964 0.1223 0.9729
vn -0.4451 0.3023 -0.8429
vn -0.3665 0.3044 -0.8792
vn -0.3588 0.3045 -0.8823
vn -0.4530 0.3019 -0.8388
vn 0.3535 0.0947 -0.9306
vn 0.0558 0.2002 -0.9782
vn 0.0358 0.2085 -0.9774
vn 0.1796 0.1601 -0.9706
vn 0.5213 0.0437 -0.8523
vn -0.7707 0.3341 -0.5426
vn -0.7354 0.3451 -0.5831
vn -0.7059 0.3364 -0.6233
vn -0.7802 0.3417 -0.5240
vn -0.7926 0.3306 -0.5124
vn -0.8097 0.3273 -0.4871
vn -0.7895 0.3251 -0.5206
vn -0.6780 0.0197 0.7348
vn -0.8870 0.1253 0.4444
vn -0.6492 -0.0133 0.7605
vn -0.8878 0.1415 0.4379
vn -0.9394 0.1728 0.2960
vn -0.9581 0.2203 0.1828
vn -0.8882 0.3147 -0.3347
vn -0.9355 0.2825 -0.2122
vn 0.5486 0.0044 -0.8361
vn 0.6612 -0.0059 -0.7502
vn 0.8388 -0.1351 -0.5275
vn 0.8651 -0.1440 -0.4805
vn 0.8680 -0.1450 -0.4750
vn 0.8367 -0.1344 -0.5309
vn 0.9557 -0.2930 0.0275
vn 0.9560 -0.2906 -0.0397
vn 0.9557 -0.2902 -0.0492
vn 0.9553 -0.2932 0.0366
vn 0.7426 -0.3731 0.5562
vn 0.7696 -0.3772 0.5153
vn 0.7762 -0.3691 0.5111
vn 0.7315 -0.3707 0.5723
vn 0.6707 -0.3621 0.6473
vn 0.6768 -0.3604 0.6419
vn 0.6336 -0.3670 0.6811
vn 0.6296 -0.3699 0.6832
vn -0.3419 -0.1254 0.9313
vn -0.1852 -0.2023 0.9617
vn 0.0448 -0.2561 0.9656
vn 0.1730 -0.2935 0.9402
vn 0.1813 -0.2971 0.9375
vn 0.8869 0.4408 -0.1384
vn 0.6245 0.6525 0.4292
vn 0.6260 0.6505 0.4301
vn 0.7383 0.4563 0.4967
vn 0.7401 0.4521 0.4978
vn 0.5238 0.6703 0.5256
vn 0.7207 0.2802 0.6341
vn 0.0984 0.3316 0.9383
vn -0.9111 0.1599 0.3799
vn -0.9109 0.1598 0.3805
vn -0.9080 0.1583 0.3880
vn -0.8428 0.3417 -0.4158
vn -0.8742 0.3219 -0.3635
vn -0.9335 0.3153 -0.1709
vn -0.9483 0.2981 -0.1092
vn -0.5822 0.3271 -0.7444
vn -0.5039 0.3224 -0.8013
vn -0.9078 0.1582 0.3885
vn -0.4088 -0.1124 0.9057
vn -0.6501 -0.0174 0.7597
vn -0.6008 -0.0225 0.7991
vn -0.4626 -0.0867 0.8823
vn 0.0346 -0.2446 0.9690
vn 0.1369 -0.2923 0.9465
vn 0.4596 -0.3403 0.8203
vn 0.7224 -0.2637 0.6392
vn 0.5004 -0.3608 0.7870
vn 0.6655 -0.2255 0.7115
vn 0.4040 -0.3413 0.8487
vn 0.3451 -0.3223 0.8815
vn 0.8575 -0.3577 0.3697
vn 0.8509 -0.3556 0.3867
vn 0.7268 -0.2965 0.6195
vn 0.9425 -0.2220 -0.2498
vn 0.9262 -0.2260 -0.3018
vn 0.9301 -0.2006 -0.3076
vn 0.9528 -0.3001 -0.0463
vn 0.8682 -0.1686 -0.4667
vn 0.5896 0.0114 -0.8076
vn 0.6088 0.0100 -0.7933
vn 0.6133 0.0093 -0.7898
vn 0.5858 0.0120 -0.8104
vn 0.1076 0.1792 -0.9779
vn 0.1539 0.1784 -0.9719
vn 0.1158 0.1789 -0.9770
vn 0.1600 0.1782 -0.9709
vn -0.4384 0.3102 -0.8435
vn -0.4256 0.3119 -0.8495
vn -0.3802 0.3024 -0.8741
vn -0.4730 0.3177 -0.8218
vn -0.4727 0.3180 -0.8218
vn -0.0870 0.3582 0.9296
vn 0.2804 0.7032 0.6534
vn 0.6051 -0.3760 -0.7018
vn 0.0624 -0.8155 -0.5754
vn -0.1564 0.1746 -0.9721
vn -0.3329 -0.8441 -0.4203
vn -0.3980 -0.7468 -0.5329
vn -0.3807 -0.5028 -0.7761
vn -0.6613 -0.7352 0.1485
vn -0.8263 -0.2500 -0.5047
vn -0.5363 -0.7147 -0.4489
vn -0.5252 -0.6355 -0.5659
vn -0.5182 -0.7082 -0.4795
vn -0.7465 0.3158 -0.5857
vn -0.4471 -0.4691 -0.7616
vn 0.2366 -0.2237 -0.9455
vn -0.8567 -0.5142 -0.0406
vn -0.5437 -0.7594 0.3573
s 1
usemtl Part__Feature_001_001_001_002.001
f 968//1 39//2 2//3
f 3//4 10//5 5//6
f 3//7 4//8 10//9
f 948//10 949//11 5//6
f 9//12 948//10 5//6
f 3//4 5//6 949//11
f 968//1 38//13 39//2
f 6//14 3//4 949//11
f 961//15 7//16 35//17
f 7//16 32//18 35//17
f 9//12 5//6 28//19
f 8//20 38//13 968//1
f 961//15 35//17 10//9
f 963//21 32//18 7//16
f 11//22 9//12 28//19
f 966//23 38//13 8//20
f 959//24 32//18 963//21
f 966//23 12//25 38//13
f 13//26 961//15 10//9
f 11//22 28//19 30//27
f 14//28 11//22 30//27
f 1//29 12//25 966//23
f 16//30 14//28 30//27
f 15//31 13//26 10//9
f 1//29 17//32 12//25
f 2//3 41//33 18//34
f 19//35 937//36 16//30
f 19//35 16//30 30//27
f 4//8 15//31 10//9
f 212//37 17//32 1//29
f 2//3 39//2 41//33
f 20//38 32//18 959//24
f 21//39 19//35 30//27
f 20//38 41//33 32//18
f 20//38 18//34 41//33
f 20//38 229//40 975//41
f 20//38 975//41 18//34
f 23//42 31//43 52//44
f 23//42 52//44 24//45
f 21//39 24//45 25//46
f 21//39 23//47 24//45
f 26//48 28//19 27//49
f 30//27 28//19 26//48
f 30//27 26//48 29//50
f 30//27 29//50 31//43
f 23//47 30//27 31//43
f 30//27 23//47 21//39
f 34//51 27//49 28//19
f 35//17 36//52 42//53
f 44//54 41//55 43//56
f 32//18 41//55 44//54
f 45//57 35//17 42//53
f 46//58 34//51 5//6
f 10//5 35//17 45//57
f 34//51 28//19 5//6
f 33//59 35//17 32//18
f 38//60 37//61 39//62
f 37//61 40//63 39//62
f 39//62 40//63 41//55
f 33//59 32//18 44//54
f 36//52 35//17 33//59
f 43//56 41//55 40//63
f 10//5 45//57 5//6
f 46//58 5//6 45//57
f 12//64 47//65 48//66
f 12//64 17//67 47//65
f 49//68 37//61 38//60
f 12//64 48//66 49//68
f 38//60 12//64 49//68
f 51//69 47//65 17//67
f 50//70 117//71 47//65
f 51//69 50//70 47//65
f 51//69 17//32 212//37
f 55//72 117//71 53//73
f 104//74 61//75 101//76
f 55//72 57//77 117//71
f 104//74 59//78 61//75
f 58//79 60//80 54//81
f 62//82 55//72 53//73
f 63//83 58//79 61//75
f 63//83 60//80 58//79
f 66//84 63//83 61//75
f 66//84 61//75 59//78
f 68//85 66//84 59//78
f 72//86 75//87 71//88
f 80//89 82//90 81//91
f 78//92 83//93 67//94
f 75//87 69//95 93//96
f 79//97 77//98 88//99
f 93//96 91//100 90//101
f 93//96 90//101 92//102
f 95//103 87//104 85//105
f 71//88 93//96 92//102
f 96//106 89//107 79//97
f 94//108 71//88 92//102
f 96//106 79//97 80//89
f 81//91 82//90 228//109
f 81//91 228//109 100//110
f 81//91 98//111 80//89
f 56//112 81//91 100//110
f 72//86 94//108 102//113
f 72//86 71//88 94//108
f 103//114 99//115 98//111
f 56//112 100//110 101//76
f 93//96 69//95 91//100
f 58//79 54//81 56//112
f 54//81 60//80 103//114
f 106//116 72//86 102//113
f 106//116 102//113 685//117
f 58//79 56//112 61//75
f 64//118 59//78 104//74
f 71//88 75//87 93//96
f 59//78 64//118 105//119
f 106//116 685//117 107//120
f 59//78 105//119 68//85
f 68//85 108//121 66//84
f 70//122 91//100 69//95
f 74//123 149//124 69//95
f 73//125 69//95 75//87
f 74//123 69//95 73//125
f 110//126 106//116 107//120
f 112//127 73//125 75//87
f 76//128 72//86 106//116
f 112//127 75//87 76//128
f 114//129 112//127 76//128
f 113//130 106//116 110//126
f 113//130 76//128 106//116
f 57//77 113//130 110//126
f 109//131 110//126 107//120
f 76//128 75//87 72//86
f 115//132 76//128 113//130
f 115//132 114//129 76//128
f 115//132 116//133 114//129
f 115//132 67//94 116//133
f 115//132 113//130 57//77
f 110//126 281//134 117//71
f 110//126 109//131 281//134
f 115//132 78//92 67//94
f 65//135 55//72 62//82
f 78//92 115//132 57//77
f 73//125 111//136 74//123
f 78//92 57//77 55//72
f 62//82 86//137 65//135
f 84//138 86//137 62//82
f 73//125 118//139 111//136
f 78//92 55//72 65//135
f 86//137 85//105 65//135
f 112//127 118//139 73//125
f 85//105 78//92 65//135
f 86//137 84//138 77//98
f 79//97 86//137 77//98
f 85//105 83//93 78//92
f 85//105 87//104 83//93
f 79//97 89//107 86//137
f 89//107 85//105 86//137
f 80//89 79//97 88//99
f 80//89 88//99 82//90
f 89//107 95//103 85//105
f 112//127 116//133 118//139
f 89//107 97//140 95//103
f 96//106 97//140 89//107
f 114//129 116//133 112//127
f 98//111 96//106 80//89
f 98//111 99//115 97//140
f 98//111 97//140 96//106
f 54//81 81//91 56//112
f 54//81 98//111 81//91
f 54//81 103//114 98//111
f 57//77 110//126 117//71
f 101//76 61//75 56//112
f 125//141 193//142 120//143
f 125//141 126//144 193//142
f 127//145 121//146 119//147
f 135//148 196//149 132//150
f 121//146 130//151 183//152
f 134//153 131//154 126//144
f 136//155 124//156 123//157
f 137//158 121//146 127//145
f 135//148 132//150 129//159
f 139//160 120//143 128//161
f 141//162 122//163 397//164
f 142//165 205//166 138//167
f 396//168 127//145 395//169
f 134//153 126//144 125//141
f 142//165 123//157 205//166
f 140//170 125//141 120//143
f 143//171 135//148 129//159
f 145//172 133//173 144//174
f 149//124 74//123 148//175
f 139//160 140//170 120//143
f 150//176 130//151 121//146
f 70//122 69//95 149//124
f 151//177 149//124 148//175
f 139//160 128//161 153//178
f 152//179 127//145 396//168
f 158//180 141//162 397//164
f 156//181 149//124 151//177
f 156//181 70//122 149//124
f 157//182 144//174 136//155
f 160//183 154//184 159//185
f 161//186 129//159 122//163
f 150//176 121//146 137//158
f 162//187 134//153 125//141
f 164//188 160//183 159//185
f 163//189 156//181 206//190
f 163//189 206//190 160//183
f 165//191 164//188 159//185
f 166//192 165//191 159//185
f 162//187 125//141 140//170
f 167//193 139//160 153//178
f 169//194 136//155 123//157
f 169//194 123//157 142//165
f 170//195 141//162 158//180
f 157//182 145//172 144//174
f 171//196 122//163 141//162
f 171//196 161//186 122//163
f 173//197 127//145 152//179
f 173//197 155//198 127//145
f 176//199 163//189 160//183
f 179//200 164//188 165//191
f 179//200 176//199 164//188
f 170//195 158//180 168//201
f 181//202 141//162 170//195
f 181//202 171//196 141//162
f 182//203 142//165 138//167
f 178//204 180//205 168//201
f 183//152 140//170 139//160
f 174//206 162//187 140//170
f 182//203 138//167 175//207
f 124//156 396//168 172//208
f 167//193 153//178 184//209
f 124//156 152//179 396//168
f 180//205 170//195 168//201
f 187//210 136//155 169//194
f 187//210 157//182 136//155
f 119//147 167//193 184//209
f 182//203 169//194 142//165
f 189//211 170//195 180//205
f 183//152 139//160 167//193
f 190//212 188//213 177//214
f 185//215 137//158 155//198
f 189//211 181//202 170//195
f 190//212 177//214 186//216
f 191//217 181//202 189//211
f 185//215 155//198 173//197
f 174//206 140//170 183//152
f 190//212 194//218 188//213
f 195//219 189//211 178//204
f 196//149 187//210 169//194
f 196//149 169//194 182//203
f 195//219 178//204 192//220
f 124//156 172//208 205//166
f 197//221 189//211 195//219
f 198//222 195//219 192//220
f 132//150 182//203 175//207
f 198//222 197//221 195//219
f 201//223 198//222 199//224
f 202//225 197//221 198//222
f 121//146 167//193 119//147
f 201//223 199//224 200//226
f 130//151 174//206 183//152
f 203//227 202//225 198//222
f 203//227 198//222 201//223
f 201//223 200//226 146//228
f 201//223 146//228 147//229
f 201//223 204//230 203//227
f 147//229 204//230 201//223
f 206//190 151//177 154//184
f 206//190 156//181 151//177
f 160//183 206//190 154//184
f 131//154 194//218 190//212
f 160//183 164//188 176//199
f 188//213 165//191 166//192
f 188//213 166//192 177//214
f 119//147 184//209 395//169
f 179//200 165//191 188//213
f 132//150 196//149 182//203
f 194//218 179//200 188//213
f 126//144 190//212 186//216
f 126//144 186//216 193//142
f 137//158 127//145 155//198
f 173//197 133//173 185//215
f 173//197 152//179 124//156
f 144//174 173//197 124//156
f 144//174 124//156 136//155
f 144//174 133//173 173//197
f 129//159 207//231 122//163
f 143//171 129//159 161//186
f 121//146 183//152 167//193
f 189//211 180//205 178//204
f 191//217 189//211 197//221
f 198//222 192//220 199//224
f 123//157 124//156 205//166
f 131//154 190//212 126//144
f 129//159 175//207 207//231
f 129//159 132//150 175//207
f 122//163 207//231 397//164
f 127//145 119//147 395//169
f 209//232 117//71 50//70
f 209//232 210//233 62//82
f 210//233 50//70 51//69
f 51//69 211//234 210//233
f 209//232 62//82 53//73
f 212//37 211//234 51//69
f 53//73 117//71 209//232
f 210//233 209//232 50//70
f 210//233 84//138 62//82
f 211//234 213//235 210//233
f 213//235 84//138 210//233
f 212//37 208//236 211//234
f 211//234 208//236 213//235
f 216//237 100//110 228//109
f 215//238 225//239 221//240
f 217//241 216//237 228//109
f 217//241 219//242 216//237
f 20//38 222//243 220//244
f 101//76 100//110 216//237
f 223//245 220//244 222//243
f 224//246 104//74 218//247
f 224//246 64//118 104//74
f 82//90 88//99 215//238
f 225//239 77//98 84//138
f 225//239 84//138 213//235
f 952//248 224//246 218//247
f 952//248 218//247 214//249
f 220//244 216//237 219//242
f 221//240 213//235 208//236
f 227//250 215//238 221//240
f 228//109 230//251 217//241
f 221//240 225//239 213//235
f 214//249 101//76 216//237
f 230//251 82//90 215//238
f 220//244 219//242 226//252
f 231//253 227//250 221//240
f 220//244 214//249 216//237
f 20//38 220//244 226//252
f 230//251 215//238 227//250
f 20//38 226//252 229//40
f 218//247 104//74 101//76
f 231//253 221//240 1//29
f 221//240 208//236 212//37
f 223//245 214//249 220//244
f 88//99 77//98 225//239
f 230//251 228//109 82//90
f 218//247 101//76 214//249
f 1//29 221//240 212//37
f 215//238 88//99 225//239
f 237//254 239//255 248//256
f 243//257 236//258 252//259
f 243//257 252//259 234//260
f 240//261 243//257 234//260
f 240//261 234//260 233//262
f 244//263 237//254 248//256
f 244//263 248//256 249//264
f 232//265 243//257 240//261
f 238//266 243//257 232//265
f 242//267 946//268 243//257
f 238//266 242//267 243//257
f 245//269 242//267 238//266
f 250//270 937//36 19//35
f 247//271 235//272 242//267
f 243//257 946//268 236//258
f 64//118 224//246 251//273
f 245//269 247//271 242//267
f 242//267 246//274 946//268
f 234//260 239//255 237//254
f 235//272 6//14 246//274
f 224//246 952//248 247//271
f 224//246 247//271 245//269
f 235//272 246//274 242//267
f 251//273 224//246 245//275
f 234//260 237//254 244//263
f 252//259 19//35 239//255
f 252//259 250//270 19//35
f 233//262 234//260 244//263
f 239//255 19//35 21//39
f 239//255 21//39 254//276
f 241//277 3//4 6//14
f 252//259 239//255 234//260
f 239//255 254//276 248//256
f 235//272 241//277 6//14
f 248//256 25//46 253//278
f 253//278 256//279 249//264
f 257//280 52//44 255//281
f 257//280 24//45 52//44
f 253//278 359//282 256//279
f 253//278 258//283 359//282
f 248//256 254//276 25//46
f 258//283 255//281 359//282
f 25//46 254//276 21//39
f 258//283 25//46 24//45
f 25//46 258//283 253//278
f 24//45 257//280 258//283
f 255//281 258//283 257//280
f 249//264 248//256 253//278
f 260//284 259//285 52//44
f 260//284 261//286 259//285
f 52//44 31//43 260//284
f 52//44 259//285 344//287
f 26//288 265//289 264//290
f 29//50 262//291 31//43
f 31//43 261//286 260//284
f 31//43 262//291 261//286
f 29//50 263//292 262//291
f 29//50 264//290 263//292
f 26//288 264//290 29//50
f 269//293 34//294 46//295
f 265//289 34//294 705//296
f 265//289 27//297 34//294
f 45//298 42//299 267//300
f 37//61 266//301 268//302
f 270//303 46//295 45//298
f 270//303 45//298 267//300
f 40//304 268//302 271//305
f 40//304 37//61 268//302
f 269//293 46//295 270//303
f 271//305 43//306 40//304
f 705//296 34//294 269//293
f 43//306 271//305 272//307
f 43//306 272//307 44//308
f 273//309 33//310 44//308
f 273//309 44//308 272//307
f 274//311 33//310 273//309
f 275//312 36//313 33//310
f 275//312 33//310 274//311
f 26//288 27//297 265//289
f 275//312 42//299 36//313
f 276//314 42//299 275//312
f 267//300 42//299 276//314
f 277//315 279//316 48//317
f 48//317 47//65 277//315
f 277//315 47//65 278//318
f 49//68 266//301 37//61
f 49//68 279//316 266//301
f 48//317 279//316 49//68
f 117//71 281//134 280//319
f 117//71 280//319 278//318
f 278//318 47//65 117//71
f 283//320 284//321 660//322
f 185//215 328//323 326//324
f 283//320 285//325 284//321
f 283//320 660//322 286//326
f 288//327 283//320 286//326
f 134//153 287//328 289//329
f 293//330 288//327 286//326
f 293//330 286//326 295//331
f 204//230 313//332 301//333
f 287//328 293//330 295//331
f 287//328 295//331 663//334
f 133//173 145//172 325//335
f 133//173 328//323 185//215
f 289//329 663//334 664//336
f 289//329 287//328 663//334
f 290//337 289//329 664//336
f 290//337 131//154 134//153
f 290//337 664//336 665//338
f 203//227 301//333 202//225
f 143//171 330//339 314//340
f 143//171 161//186 330//339
f 292//341 665//338 666//342
f 292//341 290//337 665//338
f 291//343 292//341 666//342
f 294//344 291//343 666//342
f 294//344 666//342 667//345
f 310//346 163//189 306//347
f 156//181 163//189 310//346
f 300//348 294//344 667//345
f 303//349 300//348 304//350
f 290//337 134//153 289//329
f 203//227 204//230 301//333
f 303//349 304//350 305//351
f 135//148 143//171 314//340
f 306//347 303//349 305//351
f 306//347 305//351 308//352
f 310//346 306//347 308//352
f 310//346 308//352 311//353
f 309//354 312//355 302//356
f 317//357 311//353 315//358
f 317//357 310//346 311//353
f 315//358 90//101 91//100
f 317//357 315//358 91//100
f 296//359 202//225 301//333
f 202//225 296//359 318//360
f 318//360 319//361 197//221
f 301//333 313//332 671//362
f 319//361 191//217 197//221
f 301//333 671//362 673//363
f 320//364 191//217 319//361
f 320//364 181//202 191//217
f 296//359 301//333 673//363
f 296//359 673//363 674//365
f 321//366 171//196 181//202
f 321//366 181//202 320//364
f 330//339 171//196 321//366
f 135//148 314//340 307//367
f 298//368 135//148 307//367
f 318//360 674//365 322//369
f 318//360 296//359 674//365
f 323//370 298//368 297//371
f 316//372 323//370 297//371
f 324//373 316//372 312//355
f 316//372 324//373 323//370
f 309//354 324//373 312//355
f 318//360 322//369 676//374
f 323//370 196//149 298//368
f 323//370 187//210 196//149
f 319//361 318//360 676//374
f 323//370 157//182 187//210
f 324//373 157//182 323//370
f 325//335 309//354 302//356
f 309//354 145//172 324//373
f 319//361 676//374 678//375
f 282//376 327//377 326//324
f 320//364 319//361 678//375
f 325//335 302//356 299//378
f 328//323 299//378 282//376
f 324//373 145//172 157//182
f 325//335 145//172 309//354
f 328//323 282//376 326//324
f 320//364 678//375 677//379
f 328//323 325//335 299//378
f 328//323 133//173 325//335
f 150//176 326//324 285//325
f 321//366 320//364 677//379
f 321//366 677//379 329//380
f 150//176 137//158 326//324
f 137//158 185//215 326//324
f 130//151 150//176 285//325
f 330//339 321//366 329//380
f 130//151 285//325 283//320
f 331//381 330//339 329//380
f 174//206 283//320 288//327
f 293//330 162//187 174//206
f 293//330 174//206 288//327
f 314//340 331//381 680//382
f 314//340 330//339 331//381
f 292//341 131//154 290//337
f 291//343 194//218 292//341
f 291//343 294//344 194//218
f 307//367 314//340 680//382
f 292//341 194//218 131//154
f 176//199 294//344 300//348
f 307//367 680//382 332//383
f 176//199 300//348 303//349
f 294//344 179//200 194//218
f 298//368 307//367 332//383
f 179//200 294//344 176//199
f 303//349 163//189 176//199
f 298//368 332//383 681//384
f 306//347 163//189 303//349
f 297//371 298//368 681//384
f 297//371 681//384 333//385
f 317//357 156//181 310//346
f 317//357 70//122 156//181
f 297//371 333//385 316//372
f 330//339 161//186 171//196
f 130//151 283//320 174//206
f 287//328 162//187 293//330
f 134//153 162//187 287//328
f 326//324 327//377 334//386
f 285//325 326//324 334//386
f 91//100 70//122 317//357
f 202//225 318//360 197//221
f 285//325 334//386 284//321
f 298//368 196//149 135//148
f 313//332 147//229 336//387
f 313//332 336//387 335//388
f 313//332 204//230 147//229
f 337//389 340//390 339//391
f 341//392 338//393 339//391
f 338//393 342//394 337//389
f 335//388 341//392 669//395
f 338//393 336//387 342//394
f 335//388 338//393 341//392
f 335//388 336//387 338//393
f 338//393 337//389 339//391
f 313//332 669//395 671//362
f 313//332 335//388 669//395
f 337//389 342//394 343//396
f 342//394 336//387 346//397
f 342//394 347//398 343//396
f 342//394 346//397 347//398
f 348//399 146//228 200//226
f 349//400 146//228 348//399
f 349//400 147//229 146//228
f 346//397 349//400 348//399
f 346//397 348//399 345//401
f 336//387 147//229 349//400
f 347//398 346//397 345//401
f 336//387 349//400 346//397
f 351//402 394//403 353//404
f 352//405 351//402 353//404
f 350//406 355//407 352//405
f 390//408 347//398 345//401
f 255//281 354//409 357//410
f 354//409 387//411 350//406
f 358//412 357//410 360//413
f 358//412 360//413 362//414
f 363//415 249//264 256//279
f 363//415 256//279 361//416
f 244//263 249//264 363//415
f 367//417 363//415 361//416
f 365//418 363//415 364//419
f 366//420 233//262 365//418
f 366//420 240//261 233//262
f 366//420 368//421 240//261
f 369//422 232//265 240//261
f 245//275 371//423 251//273
f 373//424 374//425 727//426
f 382//427 376//428 374//425
f 355//407 375//429 373//424
f 375//429 350//406 382//427
f 356//430 350//406 352//405
f 356//430 354//409 350//406
f 377//431 352//405 353//404
f 377//431 356//430 352//405
f 358//412 255//281 357//410
f 359//282 255//281 358//412
f 360//413 354//409 356//430
f 360//413 357//410 354//409
f 356//430 377//431 360//413
f 380//432 378//433 340//390
f 380//432 340//390 337//389
f 361//416 359//282 358//412
f 256//279 359//282 361//416
f 373//424 379//434 378//433
f 373//424 378//433 380//432
f 373//424 727//426 379//434
f 361//416 358//412 362//414
f 365//418 233//262 244//263
f 367//417 361//416 362//414
f 365//418 244//263 363//415
f 343//396 380//432 337//389
f 375//429 374//425 373//424
f 367//417 364//419 363//415
f 381//435 373//424 380//432
f 364//419 367//417 450//436
f 370//437 366//420 365//418
f 369//422 240//261 368//421
f 368//421 366//420 370//437
f 370//437 365//418 364//419
f 450//436 370//437 364//419
f 382//427 374//425 375//429
f 383//438 370//437 450//436
f 381//435 380//432 343//396
f 371//423 238//266 232//265
f 389//439 343//396 347//398
f 384//440 368//421 370//437
f 384//440 370//437 383//438
f 369//422 368//421 384//440
f 371//423 232//265 369//422
f 245//275 238//266 371//423
f 385//441 371//423 369//422
f 389//439 381//435 343//396
f 386//442 369//422 384//440
f 386//442 385//441 369//422
f 390//408 389//439 347//398
f 391//443 381//435 389//439
f 388//444 385//441 386//442
f 355//407 373//424 381//435
f 387//411 344//287 376//428
f 389//439 390//408 392//445
f 393//446 371//423 385//441
f 372//447 251//273 371//423
f 105//119 64//118 251//273
f 355//407 381//435 391//443
f 105//119 251//273 372//447
f 388//444 393//446 385//441
f 392//445 391//443 389//439
f 372//447 371//423 393//446
f 387//411 52//44 344//287
f 68//85 105//119 372//447
f 108//121 68//85 372//447
f 108//121 372//447 393//446
f 354//409 52//44 387//411
f 376//428 382//427 387//411
f 394//403 391//443 392//445
f 350//406 375//429 355//407
f 351//402 391//443 394//403
f 350//406 387//411 382//427
f 352//405 355//407 351//402
f 354//409 255//281 52//44
f 351//402 355//407 391//443
f 151//448 399//449 409//450
f 401//451 399//449 148//175
f 397//452 402//453 158//454
f 397//452 403//455 402//453
f 403//455 397//452 207//456
f 404//457 175//458 138//459
f 175//458 404//457 403//455
f 138//459 398//460 404//457
f 205//461 398//460 138//459
f 184//462 405//463 395//464
f 406//465 405//463 184//462
f 407//466 153//178 128//161
f 408//467 128//161 120//468
f 153//178 407//466 406//465
f 128//161 408//467 407//466
f 186//469 468//470 408//467
f 410//471 166//192 159//185
f 409//450 159//185 154//184
f 410//471 468//470 166//192
f 410//471 159//185 409//450
f 148//175 74//123 401//451
f 199//472 413//473 200//226
f 172//474 398//460 205//461
f 168//475 414//476 178//477
f 405//463 400//478 396//479
f 405//463 396//479 395//464
f 207//456 175//458 403//455
f 396//479 400//478 172//474
f 184//462 153//178 406//465
f 186//469 408//467 193//480
f 120//468 193//480 408//467
f 177//481 166//192 468//470
f 200//226 412//482 348//399
f 413//473 412//482 200//226
f 177//481 468//470 186//469
f 348//399 411//483 345//401
f 345//401 411//483 443//484
f 411//483 348//399 412//482
f 151//448 409//450 154//184
f 151//448 148//175 399//449
f 178//477 414//476 192//485
f 168//475 402//453 414//476
f 414//476 413//473 199//472
f 414//476 199//472 192//485
f 398//460 172//474 400//478
f 158//454 402//453 168//475
f 116//133 416//486 118//139
f 401//451 74//123 415//487
f 67//94 418//488 116//133
f 417//489 416//486 116//133
f 418//488 417//489 116//133
f 415//487 111//136 118//139
f 415//487 118//139 416//486
f 419//490 67//94 83//93
f 87//104 419//490 83//93
f 419//490 418//488 67//94
f 420//491 419//490 87//104
f 95//103 420//491 87//104
f 418//488 422//492 417//489
f 422//492 418//488 419//490
f 97//140 421//493 95//103
f 421//493 420//491 95//103
f 423//494 419//490 420//491
f 440//495 66//84 108//121
f 423//494 422//492 419//490
f 427//496 421//493 97//140
f 99//115 427//496 97//140
f 421//493 424//497 420//491
f 420//491 424//497 423//494
f 103//114 428//498 99//115
f 428//498 427//496 99//115
f 424//497 421//493 427//496
f 429//499 424//497 427//496
f 428//498 429//499 427//496
f 430//500 428//498 103//114
f 60//80 432//501 430//500
f 433//502 428//498 430//500
f 429//499 431//503 424//497
f 433//502 429//499 428//498
f 431//503 429//499 433//502
f 434//504 63//83 66//84
f 63//83 432//501 60//80
f 430//500 435//505 433//502
f 432//501 63//83 434//504
f 433//502 436//506 431//503
f 432//501 435//505 430//500
f 432//501 437//507 435//505
f 435//505 436//506 433//502
f 430//500 103//114 60//80
f 434//504 438//508 432//501
f 438//508 437//507 432//501
f 439//509 435//505 437//507
f 434//504 440//495 438//508
f 439//509 436//506 435//505
f 438//508 441//510 437//507
f 441//510 439//509 437//507
f 441//510 438//508 426//511
f 441//510 425//512 439//509
f 434//504 66//84 440//495
f 441//510 426//511 425//512
f 415//487 74//123 111//136
f 353//404 394//403 442//513
f 444//514 353//404 442//513
f 392//445 443//484 445//515
f 444//514 360//413 377//431
f 446//516 362//414 360//413
f 394//403 445//515 442//513
f 446//516 360//413 444//514
f 448//517 444//514 442//513
f 449//518 450//436 367//417
f 449//518 367//417 447//519
f 447//519 446//516 451//520
f 448//517 446//516 444//514
f 452//521 446//516 448//517
f 452//521 451//520 446//516
f 453//522 450//436 449//518
f 454//523 449//518 447//519
f 454//523 447//519 451//520
f 383//438 450//436 453//522
f 453//522 449//518 454//523
f 455//524 384//440 383//438
f 455//524 383//438 456//525
f 454//523 451//520 457//526
f 456//525 383//438 453//522
f 451//520 452//521 457//526
f 458//527 388//444 386//442
f 454//523 457//526 469//528
f 458//527 386//442 455//524
f 454//523 469//528 453//522
f 460//529 458//527 455//524
f 458//527 393//446 388//444
f 456//525 453//522 459//530
f 460//529 455//524 456//525
f 459//530 453//522 469//528
f 393//446 458//527 461//531
f 462//532 458//527 460//529
f 461//531 458//527 462//532
f 459//530 469//528 463//533
f 460//529 456//525 459//530
f 440//495 108//121 461//531
f 464//534 461//531 462//532
f 463//533 460//529 459//530
f 462//532 460//529 465//535
f 465//535 460//529 463//533
f 464//534 440//495 461//531
f 466//536 462//532 465//535
f 464//534 462//532 466//536
f 465//535 463//533 467//537
f 466//536 465//535 467//537
f 464//534 466//536 426//511
f 466//536 467//537 426//511
f 438//508 440//495 464//534
f 438//508 464//534 426//511
f 426//511 467//537 425//512
f 386//442 384//440 455//524
f 461//531 108//121 393//446
f 362//414 446//516 447//519
f 447//519 367//417 362//414
f 390//408 345//401 443//484
f 443//484 392//445 390//408
f 444//514 377//431 353//404
f 445//515 394//403 392//445
f 442//538 445//539 448//540
f 402//541 473//542 414//543
f 408//544 468//545 471//546
f 474//547 423//548 470//549
f 475//550 472//551 469//552
f 475//550 469//552 457//553
f 402//541 476//554 473//542
f 477//555 423//548 474//547
f 478//556 475//550 457//553
f 478//556 457//553 452//557
f 408//544 471//546 479//558
f 477//555 422//559 423//548
f 407//560 408//544 479//558
f 403//561 476//554 402//541
f 480//562 452//557 448//540
f 480//562 478//556 452//557
f 407//560 479//558 482//563
f 483//564 422//559 477//555
f 483//564 417//565 422//559
f 403//561 484//566 476//554
f 481//567 439//568 425//569
f 485//570 481//567 425//569
f 483//564 416//571 417//565
f 480//562 448//540 445//539
f 486//572 416//571 483//564
f 487//573 480//562 445//539
f 406//574 407//560 482//563
f 486//572 415//575 416//571
f 401//576 415//575 486//572
f 485//570 425//569 467//577
f 488//578 487//573 445//539
f 481//567 436//579 439//568
f 488//578 445//539 443//580
f 399//581 401//576 486//572
f 404//582 484//566 403//561
f 489//583 485//570 467//577
f 490//584 399//581 486//572
f 491//585 436//579 481//567
f 492//586 488//578 443//580
f 405//587 406//574 482//563
f 404//582 493//588 484//566
f 411//589 492//586 443//580
f 409//590 399//581 490//584
f 405//587 482//563 494//591
f 495//592 492//586 411//589
f 489//583 467//577 463//593
f 491//585 431//594 436//579
f 496//595 489//583 463//593
f 497//596 409//590 490//584
f 412//597 495//592 411//589
f 405//587 494//591 498//598
f 398//599 493//588 404//582
f 499//600 431//594 491//585
f 413//601 495//592 412//597
f 410//602 409//590 497//596
f 400//603 405//587 498//598
f 413//601 500//604 495//592
f 400//603 498//598 501//605
f 470//549 431//594 499//600
f 398//599 501//605 493//588
f 398//599 400//603 501//605
f 470//549 424//606 431//594
f 468//545 410//602 497//596
f 496//595 463//593 469//552
f 468//545 497//596 502//607
f 472//551 496//595 469//552
f 470//549 423//548 424//606
f 468//545 502//607 471//546
f 414//543 473//542 500//604
f 414//543 500//604 413//601
f 520//608 519//609 518//610
f 602//611 601//612 599//613
f 603//614 601//612 602//611
f 603//614 583//615 601//612
f 630//616 583//615 603//614
f 594//617 593//618 613//619
f 613//619 604//620 594//617
f 604//620 596//621 594//617
f 597//622 604//620 617//623
f 597//622 596//621 604//620
f 597//622 617//623 605//624
f 598//625 597//622 605//624
f 606//626 598//625 605//624
f 606//626 599//613 598//625
f 602//611 599//613 606//626
f 613//627 614//628 607//629
f 604//630 613//627 612//631
f 614//628 611//632 608//633
f 614//628 608//633 607//629
f 615//634 604//630 612//631
f 617//635 615//634 616//636
f 617//635 604//630 615//634
f 617//635 616//636 618//637
f 605//638 617//635 618//637
f 620//639 574//640 532//641
f 621//642 575//643 574//640
f 621//642 574//640 620//639
f 622//644 576//645 575//643
f 622//644 575//643 621//642
f 622//644 591//646 576//645
f 623//647 591//646 622//644
f 624//648 591//646 623//647
f 624//648 595//649 591//646
f 610//650 595//649 624//648
f 610//650 600//651 595//649
f 619//652 600//651 610//650
f 609//653 600//651 619//652
f 609//653 588//654 600//651
f 611//655 588//654 609//653
f 611//655 587//656 588//654
f 611//655 586//657 587//656
f 611//655 589//658 586//657
f 614//659 589//658 611//655
f 614//659 590//660 589//658
f 614//659 592//661 590//660
f 613//619 592//661 614//659
f 613//619 593//618 592//661
f 630//616 584//662 583//615
f 626//663 584//662 630//616
f 626//663 582//664 584//662
f 628//665 582//664 626//663
f 581//666 582//664 625//667
f 627//668 581//666 625//667
f 628//665 625//667 582//664
f 631//669 629//670 648//671
f 630//672 631//669 626//673
f 631//669 648//671 626//673
f 628//674 650//675 625//676
f 625//676 632//677 633//678
f 625//676 633//678 627//679
f 627//679 633//678 634//680
f 627//679 635//681 638//682
f 634//680 636//683 637//684
f 633//678 636//683 634//680
f 634//680 637//684 635//681
f 627//679 634//680 635//681
f 635//681 639//685 640//686
f 635//681 637//684 639//685
f 641//687 638//682 635//681
f 640//686 639//685 642//688
f 641//687 635//681 640//686
f 628//674 649//689 650//675
f 626//673 649//689 628//674
f 647//690 645//691 644//692
f 648//671 647//690 644//692
f 648//671 629//670 647//690
f 649//689 644//692 646//693
f 648//671 644//692 649//689
f 626//673 648//671 649//689
f 312//355 316//372 658//694
f 302//356 312//355 659//695
f 299//696 302//356 659//695
f 282//697 299//696 661//698
f 327//699 282//700 661//701
f 295//702 286//702 660//702
f 339//703 340//704 662//705
f 334//386 657//706 284//321
f 668//707 341//708 339//703
f 300//709 667//710 304//711
f 305//712 304//712 670//712
f 315//713 311//714 675//715
f 341//708 668//707 669//716
f 339//703 662//705 668//707
f 678//717 676//718 677//719
f 672//720 673//363 671//362
f 680//721 679//722 332//723
f 679//724 680//382 331//381
f 682//725 681//726 332//723
f 681//726 682//725 333//727
f 327//699 657//728 334//729
f 316//372 333//730 658//694
f 312//355 658//694 659//695
f 299//696 659//695 661//698
f 90//731 315//731 675//731
f 686//732 109//733 107//734
f 109//733 683//735 684//736
f 685//737 686//732 107//734
f 92//738 90//739 675//715
f 109//733 686//732 683//735
f 281//740 109//733 684//736
f 281//740 690//741 280//742
f 687//743 278//744 280//742
f 684//736 690//741 281//740
f 688//745 690//746 684//747
f 687//743 280//742 690//741
f 687//748 688//745 689//749
f 687//748 690//746 688//745
f 692//750 693//751 266//752
f 694//753 279//316 277//315
f 691//754 693//755 692//756
f 692//750 266//752 279//757
f 694//758 692//750 279//757
f 691//759 692//759 694//759
f 691//760 694//761 277//762
f 277//763 278//744 687//743
f 687//748 691//760 277//762
f 689//749 691//760 687//748
f 699//764 713//765 698//766
f 710//767 714//768 700//769
f 272//770 271//771 714//768
f 711//772 714//768 710//767
f 272//770 714//768 711//772
f 696//773 270//774 267//775
f 715//776 701//777 706//778
f 702//779 276//780 701//781
f 267//775 276//780 702//779
f 707//782 703//783 704//784
f 705//785 703//783 719//786
f 703//783 707//787 719//786
f 697//788 696//789 695//790
f 709//791 708//792 714//768
f 271//771 709//791 714//768
f 708//792 700//769 714//768
f 268//793 266//752 693//751
f 703//783 269//794 697//795
f 705//785 269//794 703//783
f 268//302 709//796 271//305
f 719//786 265//797 705//785
f 698//766 713//765 712//798
f 709//791 268//793 693//751
f 709//791 693//751 708//792
f 274//799 273//800 711//772
f 699//801 701//781 276//780
f 276//780 275//802 699//801
f 696//789 701//777 715//776
f 696//789 702//803 701//777
f 696//773 267//775 702//779
f 269//794 696//773 697//795
f 703//783 697//795 704//784
f 712//798 710//767 700//769
f 713//765 711//772 710//767
f 273//800 272//770 711//772
f 713//765 710//767 712//798
f 713//804 274//799 711//772
f 698//766 701//777 699//764
f 701//777 698//766 706//778
f 696//773 269//794 270//774
f 713//804 275//802 274//799
f 275//802 713//804 699//801
f 696//789 715//776 695//790
f 264//805 717//806 263//807
f 263//807 718//808 262//809
f 720//810 725//811 261//812
f 718//808 720//810 261//812
f 718//808 261//812 262//809
f 716//813 720//813 718//813
f 719//814 717//806 264//805
f 707//787 717//815 719//786
f 707//787 716//816 717//815
f 717//806 716//817 718//808
f 717//806 718//808 263//807
f 265//289 719//818 264//290
f 723//819 722//820 344//821
f 259//822 723//819 344//821
f 259//822 724//823 721//824
f 721//824 723//819 259//822
f 261//812 725//811 259//822
f 725//811 724//823 259//822
f 727//825 726//826 379//827
f 728//828 727//829 374//830
f 374//830 730//831 728//828
f 729//832 731//833 376//428
f 376//428 730//834 374//425
f 731//833 730//834 376//428
f 344//821 722//820 729//832
f 376//428 344//821 729//832
f 616//636 732//835 733//836
f 620//837 532//837 734//837
f 618//637 616//636 733//836
f 736//838 620//839 734//840
f 618//637 733//836 737//841
f 605//638 618//637 737//841
f 621//842 620//839 736//838
f 605//638 737//841 645//691
f 738//843 621//842 736//838
f 622//844 621//842 738//843
f 606//845 605//846 645//691
f 609//847 735//848 739//849
f 609//847 619//850 735//848
f 606//845 645//691 647//690
f 607//629 608//633 740//851
f 606//845 647//690 629//670
f 622//844 738//843 741//852
f 602//853 606//845 629//670
f 623//854 622//844 741//852
f 609//847 739//849 742//855
f 602//853 629//670 631//669
f 603//856 602//853 631//669
f 603//856 631//669 630//672
f 623//854 741//852 743//857
f 611//632 609//847 742//855
f 611//632 742//855 744//858
f 624//859 623//854 743//857
f 624//859 743//857 745//860
f 608//633 611//632 744//858
f 608//633 744//858 740//851
f 607//629 740//851 746//861
f 610//862 624//859 745//860
f 607//629 746//861 749//863
f 613//627 607//629 749//863
f 612//631 613//627 749//863
f 612//631 749//863 750//864
f 644//692 751//865 747//866
f 615//634 750//864 752//867
f 615//634 612//631 750//864
f 645//691 737//841 751//865
f 610//862 745//860 735//848
f 645//691 751//865 644//692
f 616//636 752//867 732//835
f 616//636 615//634 752//867
f 619//850 610//862 735//848
f 650//675 632//677 625//676
f 646//693 747//866 748//868
f 646//693 748//868 753//869
f 646//693 644//692 747//866
f 754//870 646//693 753//869
f 754//870 753//869 755//871
f 754//870 649//689 646//693
f 650//675 754//870 755//871
f 650//675 649//689 754//870
f 632//677 755//871 633//678
f 632//677 650//675 755//871
f 633//678 755//871 636//683
f 753//869 748//868 756//872
f 757//873 753//869 756//872
f 636//683 757//873 758//874
f 757//873 755//871 753//869
f 636//683 758//874 637//684
f 755//871 757//873 636//683
f 758//874 756//872 759//875
f 757//873 756//872 758//874
f 637//684 758//874 639//685
f 639//685 759//875 642//688
f 759//875 639//685 758//874
f 640//686 642//688 760//876
f 643//877 640//686 760//876
f 761//878 561//879 565//880
f 762//881 558//882 561//879
f 655//883 512//884 653//885
f 763//886 554//887 558//882
f 554//887 763//886 764//888
f 555//889 764//888 765//890
f 510//891 512//884 655//883
f 556//892 765//890 766//893
f 550//894 766//893 768//895
f 771//896 504//897 770//898
f 774//899 525//900 771//896
f 551//901 768//895 772//902
f 773//903 548//904 772//902
f 824//905 523//906 774//899
f 775//907 522//908 824//905
f 521//909 776//910 777//911
f 825//912 519//609 777//911
f 779//913 518//610 825//912
f 778//914 548//904 773//903
f 780//915 516//916 779//913
f 782//917 515//918 780//915
f 783//919 514//920 782//917
f 784//921 513//922 783//919
f 785//923 509//924 784//925
f 778//926 773//927 781//928
f 786//929 508//930 785//923
f 571//931 786//929 787//932
f 569//933 787//932 788//934
f 789//935 570//936 788//934
f 761//878 565//880 789//935
f 762//881 561//879 761//878
f 549//937 781//928 790//938
f 763//886 558//882 762//881
f 549//937 778//926 781//928
f 546//939 790//938 791//940
f 555//889 554//887 764//888
f 556//892 555//889 765//890
f 550//894 556//892 766//893
f 551//901 550//894 768//895
f 548//904 551//901 772//902
f 545//941 791//940 792//942
f 546//939 549//937 790//938
f 545//941 546//939 791//940
f 545//941 792//942 793//943
f 543//944 542//945 794//946
f 793//943 544//947 545//941
f 795//948 541//949 796//950
f 797//951 541//949 795//948
f 798//952 539//953 797//951
f 799//954 540//955 798//952
f 800//956 538//957 799//954
f 544//947 793//943 542//945
f 794//946 542//945 793//943
f 801//958 534//959 802//960
f 528//961 801//962 803//963
f 528//964 530//965 801//966
f 529//967 528//961 804//968
f 796//950 543//944 794//946
f 805//969 529//967 804//968
f 806//970 527//971 805//969
f 807//972 526//973 806//970
f 808//974 526//973 807//972
f 572//975 808//974 809//976
f 567//977 566//978 810//979
f 568//980 567//977 811//981
f 562//982 568//980 812//983
f 563//984 562//982 813//985
f 796//950 541//949 543//944
f 564//986 563//984 814//987
f 559//988 564//986 815//989
f 560//990 559//988 816//991
f 560//992 817//993 818//994
f 819//995 557//996 818//997
f 553//998 819//995 820//999
f 797//951 539//953 541//949
f 532//1000 531//1001 821//1002
f 798//952 540//955 539//953
f 799//954 537//1003 540//955
f 799//954 538//957 537//1003
f 800//956 536//1004 538//957
f 535//1005 800//956 822//1006
f 535//1005 536//1004 800//956
f 507//1007 510//1008 767//1009
f 769//1010 507//1007 767//1009
f 769//1010 506//1011 507//1007
f 769//1010 770//898 505//1012
f 822//1013 823//1014 533//1015
f 535//1005 822//1006 533//1016
f 533//1015 823//1014 802//1017
f 769//1010 505//1012 506//1011
f 533//1015 802//960 534//959
f 770//898 504//897 505//1012
f 530//965 534//1018 801//966
f 504//897 771//896 503//1019
f 771//896 525//900 503//1019
f 528//961 803//963 804//968
f 774//899 524//1020 525//900
f 774//899 523//906 524//1020
f 805//969 527//971 529//967
f 824//905 522//908 523//906
f 806//970 526//973 527//971
f 521//909 522//908 775//907
f 776//910 521//909 775//907
f 808//974 573//1021 526//973
f 808//974 572//975 573//1021
f 566//978 572//975 809//976
f 777//911 520//608 521//909
f 810//979 566//978 809//976
f 777//911 519//609 520//608
f 567//977 810//979 811//981
f 568//980 811//981 812//983
f 562//982 812//983 813//985
f 563//984 813//985 814//987
f 564//986 814//987 815//989
f 559//988 815//989 816//991
f 560//992 816//1022 817//993
f 825//912 518//610 519//609
f 779//913 517//1023 518//610
f 779//913 516//916 517//1023
f 818//997 557//996 560//992
f 819//995 553//998 557//996
f 515//918 516//916 780//915
f 782//917 514//920 515//918
f 826//1024 553//998 820//999
f 513//922 514//920 783//919
f 826//1024 552//1025 553//998
f 784//1026 511//1026 513//1026
f 827//1027 552//1025 826//1024
f 509//924 511//1028 784//925
f 821//1002 552//1025 827//1027
f 821//1002 531//1001 552//1025
f 785//923 508//930 509//924
f 786//929 547//1029 508//930
f 786//929 571//931 547//1029
f 571//931 787//932 569//933
f 788//934 570//936 569//933
f 789//935 565//880 570//936
f 643//1030 585//1031 578//1032
f 627//668 577//1033 581//666
f 828//1034 585//1031 643//1030
f 638//1035 577//1033 627//668
f 638//1035 579//1036 577//1033
f 638//1035 580//1037 579//1036
f 641//1038 580//1037 638//1035
f 641//1038 578//1032 580//1037
f 643//1030 578//1032 641//1038
f 643//877 760//876 829//1039
f 643//877 641//687 640//686
f 831//1040 655//883 653//1041
f 831//1040 653//1041 830//1042
f 656//1043 585//1031 828//1034
f 831//1040 510//891 655//883
f 832//1044 656//1043 828//1034
f 767//1045 510//891 831//1040
f 651//1046 656//1043 832//1044
f 833//1047 651//1046 832//1044
f 834//1048 769//1049 767//1045
f 834//1048 767//1045 831//1040
f 833//1047 652//1050 651//1046
f 835//1051 770//1052 769//1049
f 835//1051 769//1049 834//1048
f 836//1053 652//1050 833//1047
f 836//1053 654//1054 652//1050
f 830//1042 654//1054 836//1053
f 830//1042 653//1041 654//1054
f 838//1055 833//1056 832//1057
f 837//1058 835//1059 834//1060
f 840//1061 835//1059 837//1058
f 841//1062 833//1056 838//1055
f 841//1062 836//1063 833//1056
f 900//1064 836//1063 841//1062
f 900//1064 830//1065 836//1063
f 842//1066 830//1065 900//1064
f 831//1067 830//1065 842//1066
f 843//1068 831//1067 842//1066
f 839//1069 832//1057 828//1070
f 838//1055 832//1057 839//1069
f 837//1058 831//1067 843//1068
f 837//1058 834//1060 831//1067
f 643//877 829//1039 839//1069
f 643//877 839//1069 828//1070
f 693//755 691//754 844//1071
f 977//1072 858//1073 921//1074
f 848//1075 706//1076 958//1077
f 977//1072 921//1074 849//1078
f 847//1079 850//1080 950//1081
f 737//1082 846//1083 751//1084
f 791//1085 790//1086 661//701
f 823//1087 329//1088 677//719
f 823//1087 822//1089 329//1088
f 847//1079 854//1090 850//1080
f 847//1079 846//1083 737//1082
f 847//1079 855//1091 854//1090
f 847//1079 856//1092 855//1091
f 857//1093 847//1079 737//1082
f 857//1093 856//1092 847//1079
f 857//1093 737//1082 733//1094
f 857//1093 733//1094 856//1092
f 801//1095 823//1087 677//719
f 801//1095 677//719 676//718
f 801//1096 802//1096 823//1096
f 676//718 803//1097 801//1095
f 860//1098 676//718 322//1099
f 860//1098 803//1097 676//718
f 860//1098 804//1100 803//1097
f 860//1098 805//1101 804//1100
f 860//1098 322//1099 674//1102
f 722//1103 861//1104 862//1105
f 844//1071 845//1106 859//1107
f 863//1108 661//701 659//695
f 706//1076 848//1075 956//1109
f 673//1110 860//1098 674//1102
f 806//1111 805//1101 860//1098
f 673//1110 806//1111 860//1098
f 844//1071 708//1112 693//755
f 863//1108 791//1085 661//701
f 806//1111 673//1110 672//1113
f 671//1114 806//1111 672//1113
f 671//1114 807//1115 806//1111
f 864//1116 977//1072 849//1078
f 865//1117 808//1118 807//1115
f 865//1117 809//1119 808//1118
f 671//1114 865//1117 807//1115
f 865//1117 671//1114 669//1120
f 865//1117 810//1121 809//1119
f 865//1117 669//1120 668//1122
f 851//1123 642//1124 759//1125
f 863//1108 792//1126 791//1085
f 866//1127 721//824 867//1128
f 868//1129 811//1130 810//1121
f 868//1129 812//1131 811//1130
f 865//1117 668//1122 868//1129
f 865//1117 868//1129 810//1121
f 869//1132 852//1133 851//1123
f 868//1129 813//1134 812//1131
f 868//1129 814//1135 813//1134
f 866//1127 723//819 721//824
f 866//1127 867//1128 870//1136
f 869//1132 853//1137 852//1133
f 870//1136 723//819 866//1127
f 722//1103 870//1136 872//1138
f 723//819 870//1136 722//1103
f 662//1139 868//1129 668//1122
f 874//1140 869//1132 851//1123
f 868//1129 815//1141 814//1135
f 868//1129 816//1142 815//1141
f 863//1108 793//1143 792//1126
f 875//1144 853//1137 869//1132
f 876//1145 853//1137 875//1144
f 817//1146 816//1142 868//1129
f 715//1147 706//1076 956//1109
f 722//1103 872//1138 877//1148
f 864//1116 871//1149 977//1072
f 715//1147 956//1109 955//1150
f 722//1103 877//1148 861//1104
f 874//1140 851//1123 759//1125
f 873//1151 844//1071 859//1107
f 878//1152 818//1153 817//1146
f 862//1105 729//1154 722//1103
f 878//1152 868//1129 662//1139
f 876//1145 849//1078 853//1137
f 878//1152 817//1146 868//1129
f 878//1152 881//1155 818//1153
f 879//1156 729//1154 862//1105
f 881//1155 819//1157 818//1153
f 883//1158 826//1159 820//1160
f 882//1161 820//1160 819//1157
f 882//1161 819//1157 881//1155
f 878//1152 662//1139 340//1162
f 879//1156 731//1163 729//1154
f 879//1156 880//1164 731//1163
f 878//1152 340//1162 881//1155
f 880//1164 884//1165 731//1163
f 885//1166 730//1167 731//1163
f 885//1166 731//1163 884//1165
f 708//1112 844//1071 873//1151
f 887//1168 886//1169 888//1170
f 882//1161 883//1158 820//1160
f 883//1158 827//1171 826//1159
f 887//1168 885//1166 886//1169
f 889//1172 532//1173 821//1174
f 890//1175 821//1174 827//1171
f 887//1168 728//1176 730//1167
f 855//1091 955//1150 854//1090
f 863//1108 659//695 658//694
f 730//1167 885//1166 887//1168
f 378//1177 881//1155 340//1162
f 378//1177 882//1161 881//1155
f 893//1178 733//1094 732//1179
f 889//1172 891//1180 532//1173
f 889//1172 727//825 891//1180
f 893//1178 856//1092 733//1094
f 728//1176 888//1170 891//1180
f 728//1176 891//1180 727//825
f 892//1181 955//1150 855//1091
f 379//827 883//1158 882//1161
f 892//1181 715//1147 955//1150
f 379//827 882//1161 378//1177
f 892//1181 695//1182 715//1147
f 890//1175 727//825 889//1172
f 890//1175 889//1172 821//1174
f 876//1145 864//1116 849//1078
f 890//1175 726//826 727//825
f 726//826 827//1171 883//1158
f 726//826 883//1158 379//827
f 726//826 890//1175 827//1171
f 887//1168 888//1170 728//1176
f 894//1183 695//1182 892//1181
f 947//1184 893//1178 732//1179
f 947//1184 732//1179 752//1185
f 658//694 793//1143 863//1108
f 971//1186 708//1112 873//1151
f 824//1187 308//1188 305//1189
f 774//1190 311//714 308//1188
f 777//1191 670//1192 304//711
f 824//1187 305//1189 670//1192
f 895//1193 311//714 774//1190
f 896//1194 700//1195 708//1112
f 896//1194 708//1112 971//1186
f 824//1187 774//1190 308//1188
f 895//1193 675//715 311//714
f 775//1196 824//1187 670//1192
f 895//1193 774//1190 771//1197
f 776//1198 775//1196 670//1192
f 874//1140 759//1125 756//1199
f 897//1200 752//1185 750//1201
f 794//1202 793//1143 658//694
f 897//1200 947//1184 752//1185
f 825//1203 777//1191 304//711
f 895//1193 837//1204 675//715
f 825//1203 304//711 667//710
f 697//1205 695//1182 894//1183
f 777//1191 776//1198 670//1192
f 796//1206 794//1202 658//694
f 796//1206 658//694 333//1207
f 840//1208 837//1204 895//1193
f 840//1208 895//1193 770//1209
f 770//1209 895//1193 771//1197
f 837//1204 92//738 675//715
f 779//1210 825//1203 667//710
f 779//1210 667//710 666//1211
f 697//1205 894//1183 898//1212
f 843//1213 92//738 837//1204
f 666//1211 780//1214 779//1210
f 843//1213 94//1215 92//738
f 796//1206 333//1207 682//725
f 896//1194 971//1186 970//1216
f 876//1145 901//1217 864//1116
f 782//1218 666//1211 665//1219
f 782//1218 780//1214 666//1211
f 782//1218 665//1219 783//1220
f 94//1215 843//1213 842//1221
f 665//1219 784//1222 783//1220
f 102//1223 94//1215 842//1221
f 785//1224 665//1219 664//1225
f 785//1224 784//1222 665//1219
f 899//1226 750//1201 749//1227
f 899//1226 897//1200 750//1201
f 900//1228 102//1223 842//1221
f 785//1224 664//1225 786//1229
f 900//1228 685//1230 102//1223
f 786//1229 664//1225 663//1231
f 900//1228 841//1232 685//1230
f 841//1232 686//1233 685//1230
f 787//1234 786//1229 663//1231
f 969//1235 896//1194 970//1216
f 902//1236 700//1195 896//1194
f 903//1237 869//1132 874//1140
f 788//1238 663//1231 295//1239
f 788//1238 787//1234 663//1231
f 904//1240 841//1232 838//1241
f 904//1240 686//1233 841//1232
f 904//1240 683//1242 686//1233
f 295//1239 789//1243 788//1238
f 789//1243 295//1239 660//1244
f 704//1245 697//1205 898//1212
f 905//1246 683//1242 904//1240
f 284//1247 789//1243 660//1244
f 899//1226 749//1227 746//1248
f 906//1249 876//1145 875//1144
f 954//1250 901//1217 876//1145
f 838//1241 905//1246 904//1240
f 761//1251 789//1243 284//1247
f 907//1252 899//1226 746//1248
f 954//1250 969//1235 901//1217
f 910//1253 684//747 683//1242
f 908//1254 905//1246 838//1241
f 908//1254 838//1241 839//1255
f 907//1252 746//1248 740//1256
f 762//1257 761//1251 284//1247
f 905//1246 910//1253 683//1242
f 909//1258 896//1194 969//1235
f 910//1253 688//745 684//747
f 911//1259 907//1252 740//1256
f 657//728 762//1257 284//1247
f 657//728 763//1260 762//1257
f 704//1245 898//1212 941//1261
f 903//1237 874//1140 756//1199
f 682//725 795//1262 796//1206
f 909//1258 902//1236 896//1194
f 912//1263 688//745 910//1253
f 905//1246 912//1263 910//1253
f 914//1264 911//1259 740//1256
f 829//1265 908//1254 839//1255
f 829//1265 913//1266 908//1254
f 744//1267 926//1268 914//1264
f 744//1267 914//1264 740//1256
f 915//1269 954//1250 876//1145
f 913//1266 912//1263 905//1246
f 913//1266 905//1246 908//1254
f 657//728 764//1270 763//1260
f 682//725 797//1271 795//1262
f 707//1272 704//1245 941//1261
f 797//1271 682//725 332//723
f 916//1273 875//1144 869//1132
f 765//1274 657//728 327//699
f 916//1273 869//1132 903//1237
f 765//1274 764//1270 657//728
f 707//1272 941//1261 922//1275
f 853//1137 688//745 912//1263
f 902//1236 712//1276 700//1195
f 918//1277 913//1266 829//1265
f 969//1235 954//1250 917//1278
f 969//1235 917//1278 919//1279
f 327//699 766//1280 765//1274
f 327//699 768//1281 766//1280
f 918//1277 829//1265 760//1282
f 906//1249 915//1269 876//1145
f 919//1279 909//1258 969//1235
f 920//1283 875//1144 916//1273
f 920//1283 906//1249 875//1144
f 707//1272 922//1275 923//1284
f 716//1285 707//1272 923//1284
f 921//1074 689//1286 688//745
f 918//1277 912//1263 913//1266
f 906//1249 924//1287 915//1269
f 716//1285 923//1284 926//1268
f 902//1236 909//1258 925//1288
f 772//1289 768//1281 327//699
f 846//1083 920//1283 916//1273
f 748//1290 903//1237 756//1199
f 797//1271 332//723 679//722
f 720//1291 716//1285 926//1268
f 720//1291 926//1268 744//1267
f 772//1289 327//699 661//701
f 933//1292 924//1287 906//1249
f 927//1293 916//1273 903//1237
f 798//1294 797//1271 679//722
f 928//1295 902//1236 925//1288
f 928//1295 712//1276 902//1236
f 720//1291 744//1267 742//1296
f 849//1078 688//745 853//1137
f 725//1297 720//1291 742//1296
f 725//1297 742//1296 739//1298
f 927//1293 903//1237 748//1290
f 724//1299 725//1297 739//1298
f 928//1295 698//1300 712//1276
f 849//1078 921//1074 688//745
f 724//1299 739//1298 929//1301
f 721//824 724//1299 929//1301
f 721//824 929//1301 930//1302
f 931//1303 799//1304 798//1294
f 927//1293 846//1083 916//1273
f 931//1303 798//1294 679//722
f 721//824 930//1302 932//1305
f 721//824 932//1305 867//1128
f 844//1071 689//1286 921//1074
f 851//1123 918//1277 760//1282
f 747//1306 927//1293 748//1290
f 852//1133 853//1137 912//1263
f 852//1133 912//1263 918//1277
f 781//1307 773//1308 772//1289
f 698//1300 928//1295 958//1077
f 844//1071 691//754 689//1286
f 931//1303 800//1309 799//1304
f 852//1133 918//1277 851//1123
f 661//701 781//1307 772//1289
f 851//1123 760//1282 642//1124
f 790//1086 781//1307 661//701
f 920//1283 933//1292 906//1249
f 931//1303 679//722 331//1310
f 846//1083 927//1293 747//1306
f 706//1076 698//1300 958//1077
f 329//1088 800//1309 931//1303
f 329//1088 822//1089 800//1309
f 846//1083 747//1306 751//1084
f 329//1088 931//1303 331//1310
f 920//1283 950//1081 933//1292
f 847//1079 920//1283 846//1083
f 847//1079 950//1081 920//1283
f 921//1074 858//1073 935//1311
f 921//1074 935//1311 934//1312
f 976//1313 921//1074 934//1312
f 976//1313 845//1106 844//1071
f 976//1313 844//1071 921//1074
f 835//1314 840//1314 770//1314
f 16//1315 939//1315 936//1315
f 937//1316 939//1316 16//1316
f 938//1317 250//1318 911//1319
f 938//1317 939//1320 250//1318
s 0
f 940//1321 926//1322 936//1323
s 1
f 939//1320 926//1324 940//1325
f 938//1317 926//1326 939//1320
f 936//1327 926//1327 16//1327
f 911//1319 252//1328 907//1329
f 911//1319 250//1318 252//1328
f 16//1330 926//1331 22//1332
f 926//1333 923//1333 22//1333
f 922//1334 14//1335 22//1332
f 923//1336 922//1334 22//1332
f 898//1337 11//1338 941//1339
f 942//1340 898//1337 943//1341
f 943//1341 898//1337 894//1342
f 898//1337 942//1340 11//1338
f 941//1339 11//1338 922//1343
f 922//1343 11//1338 14//1344
f 894//1345 892//1346 943//1347
f 855//1348 6//1349 892//1350
f 892//1350 6//1349 944//1351
f 892//1346 944//1352 943//1347
f 945//1353 6//1354 855//1355
f 945//1353 246//1356 6//1354
f 893//1357 946//1358 945//1359
f 945//1359 946//1358 246//1360
f 907//1361 236//1362 899//1363
f 252//1364 236//1362 907//1361
f 947//1365 236//1362 946//1366
f 897//1367 236//1362 947//1365
f 893//1368 947//1365 946//1366
f 899//1363 236//1362 897//1367
f 250//1318 939//1320 937//1369
f 14//1335 16//1330 22//1332
f 9//1370 11//1370 942//1370
f 943//1371 948//1371 942//1371
f 942//1372 948//1372 9//1372
f 949//1373 948//1373 943//1373
f 949//1374 943//1374 944//1374
f 6//1349 949//1375 944//1351
f 950//1376 235//1377 247//1378
f 850//1379 235//1377 950//1376
f 854//1380 235//1381 850//1382
f 854//1380 241//1383 235//1381
f 854//1380 3//1384 241//1383
f 951//1385 952//1386 953//1387
f 951//1385 247//1388 952//1386
f 950//1389 247//1388 951//1385
f 953//1387 214//1390 924//1391
f 953//1387 952//1386 214//1390
f 917//1392 222//1393 20//1394
f 954//1395 222//1393 917//1392
f 954//1395 223//1396 222//1393
f 915//1397 223//1396 954//1395
f 915//1398 214//1390 223//1399
f 924//1391 214//1390 915//1398
f 955//1400 4//1401 854//1380
f 955//1402 15//1403 4//1404
f 956//1405 15//1403 955//1402
f 956//1406 957//1407 15//1408
f 848//1409 957//1407 956//1406
f 854//1380 4//1401 3//1384
f 958//1410 957//1411 848//1412
f 958//1410 960//1413 957//1411
f 928//1414 960//1413 958//1410
f 928//1414 7//1415 960//1413
f 925//1416 7//1415 928//1414
f 925//1416 962//1417 7//1415
f 919//1418 959//1419 909//1420
f 917//1392 20//1394 919//1418
f 919//1418 20//1394 959//1419
f 925//1421 959//1419 962//1422
f 909//1420 959//1419 925//1421
f 13//1423 15//1423 957//1423
f 960//1424 961//1425 957//1426
f 961//1425 13//1427 957//1426
f 7//1428 962//1428 963//1428
f 7//1429 961//1429 960//1429
f 959//1430 963//1430 962//1430
f 934//1431 935//1432 1//1433
f 978//1434 227//1435 935//1436
f 231//1437 935//1436 227//1435
f 230//1438 978//1434 964//1439
f 227//1435 978//1434 230//1438
f 231//1440 1//1433 935//1432
f 966//1441 934//1442 1//1443
f 976//1444 934//1442 966//1441
f 966//1441 845//1445 976//1444
f 965//1446 845//1445 966//1441
f 873//1447 967//1448 971//1449
f 873//1447 2//1450 967//1448
f 873//1447 968//1451 2//1450
f 859//1452 968//1451 873//1447
f 859//1452 965//1446 968//1451
f 845//1445 965//1446 859//1452
f 971//1453 967//1448 970//1454
f 970//1454 967//1448 18//1455
f 970//1456 975//1457 969//1458
f 970//1456 18//1459 975//1457
f 975//1457 229//1460 969//1458
f 972//1461 229//1462 226//1463
f 969//1464 229//1462 972//1461
f 972//1465 226//1466 973//1467
f 973//1467 226//1466 219//1468
f 974//1469 217//1470 871//1471
f 871//1471 217//1470 230//1438
f 219//1472 974//1469 973//1473
f 219//1472 217//1470 974//1469
f 871//1471 230//1438 964//1439
f 966//1474 8//1474 965//1474
f 965//1475 8//1475 968//1475
f 967//1448 2//1450 18//1455
f 901//1476 969//1476 972//1476
f 973//1477 901//1477 972//1477
f 864//1478 901//1478 973//1478
f 871//1149 864//1116 974//1479
f 973//1480 974//1479 864//1116
f 964//1481 977//1481 871//1481
f 978//1482 935//1482 858//1482
f 978//1483 858//1483 977//1483
f 964//1484 978//1484 977//1484
f 933//1485 953//1485 924//1485
f 933//1486 950//1486 951//1486
f 933//1487 951//1385 953//1387
f 938//1488 911//1488 914//1488
f 938//1317 914//1489 926//1326
f 856//1490 893//1490 945//1490
f 856//1491 945//1491 855//1491
o node1_Part__Feature001.000
v 0.069944 0.000500 -0.057590
v 0.069548 0.000500 -0.058083
v 0.049466 0.000500 -0.046956
v 0.047595 0.000500 -0.045568
v 0.061496 0.000500 -0.066111
v 0.059654 0.000500 -0.069622
v 0.062438 0.000500 -0.053806
v 0.065467 0.000499 -0.061148
v 0.053032 0.000500 -0.049269
v 0.063584 0.000499 -0.063178
v 0.058373 0.000500 -0.072942
v 0.066965 0.000500 -0.055273
v 0.067699 0.000500 -0.059265
v 0.057134 0.000500 -0.051519
v 0.057269 0.000500 -0.076532
v 0.056246 0.000500 -0.081294
v 0.055572 0.000500 -0.085893
v 0.070017 0.000500 -0.056738
v 0.055084 0.000500 -0.090905
v 0.054384 0.000500 -0.091041
v 0.054878 0.000500 -0.091041
v 0.069241 0.000500 -0.055874
v 0.069659 0.000498 -0.056129
v 0.053765 -0.011018 -0.091033
v 0.052619 -0.011361 -0.091044
v 0.052480 -0.015792 -0.091026
v 0.054384 0.000500 -0.091041
v 0.053830 -0.000500 -0.091041
v 0.054327 -0.000433 -0.091043
v 0.054887 -0.002102 -0.091037
v 0.054337 -0.007935 -0.091029
v 0.058738 -0.004226 -0.052477
v 0.052280 -0.005928 -0.048967
v 0.063322 -0.005301 -0.054414
v 0.065621 -0.012322 -0.055212
v 0.066290 -0.016026 -0.055300
v 0.054781 -0.012774 -0.050519
v 0.058749 -0.015087 -0.052493
v 0.059316 -0.018219 -0.052569
v 0.062539 -0.012598 -0.054136
v 0.047493 -0.000447 -0.045497
v 0.061160 -0.009049 -0.053611
v 0.054978 -0.003435 -0.050530
v 0.050009 -0.013281 -0.047482
v 0.046917 -0.000501 -0.045041
v 0.046764 -0.003839 -0.044928
v 0.055302 -0.018191 -0.050593
v 0.065174 -0.018222 -0.054794
v 0.057738 -0.009097 -0.052081
v 0.048727 -0.008122 -0.046520
v 0.052140 -0.014000 -0.048899
v 0.066927 -0.004030 -0.055522
v 0.069203 -0.005728 -0.056231
v 0.062251 -0.018208 -0.053764
v 0.051909 -0.018140 -0.048609
v 0.046034 -0.008304 -0.044347
v 0.068156 -0.010122 -0.055963
v 0.045055 -0.011911 -0.043532
v 0.048491 -0.018180 -0.046278
v 0.046051 -0.018199 -0.044392
v 0.043797 -0.015179 -0.042401
v 0.043385 -0.018249 -0.042060
v 0.042239 -0.018328 -0.041070
v 0.053711 -0.003694 -0.091043
v 0.053312 -0.007525 -0.091042
v 0.044113 -0.018399 -0.049169
v 0.049031 -0.018398 -0.077176
v 0.046151 -0.018398 -0.059229
v 0.051569 -0.015468 -0.091045
v 0.050352 -0.018384 -0.088413
v 0.047661 -0.018396 -0.067814
v 0.050898 -0.017320 -0.090351
v 0.051234 -0.016443 -0.090872
v 0.050568 -0.018032 -0.089506
v 0.054456 -0.018347 -0.077081
v 0.053224 -0.018383 -0.081000
v 0.045976 -0.018352 -0.044482
v 0.051834 -0.018383 -0.088422
v 0.050053 -0.018386 -0.047639
v 0.065762 -0.018374 -0.056318
v 0.054228 -0.018369 -0.050170
v 0.065351 -0.018380 -0.055068
v 0.057055 -0.018368 -0.051651
v 0.062509 -0.018362 -0.060675
v 0.060210 -0.018372 -0.053114
v 0.059988 -0.018379 -0.064496
v 0.057568 -0.018347 -0.069215
v 0.055787 -0.018343 -0.073354
v 0.060471 -0.005638 -0.068595
v 0.059067 -0.005610 -0.071648
v 0.067706 -0.001397 -0.059447
v 0.058273 -0.008900 -0.072961
v 0.053459 -0.013728 -0.088817
v 0.052901 -0.018284 -0.083121
v 0.056021 -0.002437 -0.082806
v 0.055806 -0.005517 -0.083034
v 0.056095 -0.013692 -0.076620
v 0.056813 -0.010400 -0.076543
v 0.054538 -0.015982 -0.079707
v 0.053895 -0.015864 -0.082495
v 0.056709 -0.002770 -0.079325
v 0.063245 -0.001219 -0.063910
v 0.062125 -0.001713 -0.065572
v 0.054278 -0.010802 -0.087714
v 0.055088 -0.013450 -0.080294
v 0.058205 -0.006864 -0.073676
v 0.054776 -0.008676 -0.086905
v 0.053145 -0.014037 -0.090893
v 0.057195 -0.001987 -0.077338
v 0.057645 -0.012801 -0.072961
v 0.060594 -0.002280 -0.068250
v 0.058189 -0.002776 -0.074073
v 0.052460 -0.016309 -0.090759
v 0.053728 -0.018277 -0.079757
v 0.055465 -0.008533 -0.082977
v 0.056518 -0.006104 -0.079482
v 0.055961 -0.009802 -0.079920
v 0.060189 -0.008702 -0.068782
v 0.053891 -0.013632 -0.085808
v 0.061907 -0.005672 -0.066168
v 0.055468 -0.016550 -0.076036
v 0.054853 -0.011739 -0.083089
v 0.061349 -0.016263 -0.063985
v 0.059933 -0.016677 -0.066041
v 0.052054 -0.017635 -0.089997
v 0.059393 -0.018269 -0.065839
v 0.060850 -0.018309 -0.063302
v 0.057353 -0.006342 -0.076355
v 0.064818 -0.016832 -0.058834
v 0.066066 -0.014959 -0.058535
v 0.063473 -0.004868 -0.063886
v 0.066546 -0.016741 -0.056857
v 0.066382 -0.003923 -0.060722
v 0.065196 -0.003909 -0.061855
v 0.065322 -0.006724 -0.061647
v 0.063180 -0.008384 -0.064054
v 0.053121 -0.016332 -0.085619
v 0.058927 -0.002366 -0.071965
v 0.058991 -0.012659 -0.069987
v 0.061773 -0.009530 -0.065872
v 0.064508 -0.010189 -0.062031
v 0.068003 -0.004030 -0.059331
v 0.067493 -0.006700 -0.059573
v 0.060163 -0.011680 -0.068068
v 0.062580 -0.012294 -0.063960
v 0.061157 -0.012760 -0.065943
v 0.055000 -0.002674 -0.090906
v 0.069724 -0.003663 -0.058059
v 0.055363 -0.002011 -0.087531
v 0.069318 -0.006455 -0.058212
v 0.065762 -0.010420 -0.060611
v 0.055109 -0.005696 -0.087590
v 0.056858 -0.016460 -0.072461
v 0.054272 -0.009230 -0.090846
v 0.067629 -0.008387 -0.059237
v 0.064016 -0.012997 -0.061779
v 0.052259 -0.018273 -0.086674
v 0.068959 -0.008953 -0.058019
v 0.067088 -0.011530 -0.058975
v 0.058351 -0.016221 -0.069321
v 0.062816 -0.016516 -0.061666
v 0.068553 -0.011101 -0.057723
v 0.065252 -0.013836 -0.059982
v 0.067587 -0.013903 -0.057516
v 0.051905 -0.018204 -0.089071
v 0.052141 -0.016895 -0.090656
v 0.069562 -0.006235 -0.056720
v 0.070057 -0.002053 -0.057406
v 0.069961 -0.003619 -0.057144
v 0.069937 -0.002782 -0.056786
v 0.069743 -0.001656 -0.058078
v 0.065809 -0.018311 -0.055684
v 0.069786 -0.001986 -0.056430
v 0.065721 -0.018125 -0.055260
v 0.066612 -0.016817 -0.056152
v 0.068841 -0.009947 -0.056519
v 0.067672 -0.014215 -0.057062
v 0.069075 -0.009403 -0.056823
v 0.068570 -0.011598 -0.056980
v 0.067736 -0.014114 -0.056672
v 0.067617 -0.013988 -0.056121
v 0.068577 -0.009872 -0.056201
v 0.069532 -0.007416 -0.057217
v 0.068858 -0.010436 -0.057386
v 0.069309 -0.008220 -0.057666
v 0.069775 -0.005431 -0.057618
v 0.049590 -0.018301 -0.047157
v 0.054805 -0.005139 -0.090924
vn 0.0001 1.0000 0.0027
vn 0.0004 1.0000 -0.0003
vn 0.0117 0.9999 0.0111
vn 0.4428 -0.2352 -0.8652
vn 0.0112 -0.0034 -0.9999
vn 0.0105 -0.0023 -0.9999
vn 0.0029 -0.0003 -1.0000
vn 0.0005 0.0023 -1.0000
vn 0.0027 0.0010 -1.0000
vn -0.0081 -0.0811 -0.9967
vn 0.0079 -0.0019 -1.0000
vn -0.0050 0.0010 -1.0000
vn 0.0031 -0.0008 -1.0000
vn 0.3913 -0.0125 -0.9202
vn 0.4762 -0.0684 -0.8767
vn 0.0123 -0.0013 -0.9999
vn 0.5958 -0.0040 0.8031
vn 0.6066 -0.0060 0.7950
vn 0.5742 -0.0139 0.8186
vn 0.4893 0.0131 0.8720
vn 0.4180 0.0335 0.9078
vn 0.4408 -0.0037 0.8976
vn 0.3536 0.0231 0.9351
vn 0.3016 0.0179 0.9533
vn 0.3393 -0.0270 0.9403
vn 0.3820 -0.0033 0.9242
vn 0.4853 -0.0229 0.8740
vn 0.4178 -0.0293 0.9081
vn 0.4412 -0.0414 0.8965
vn 0.6009 -0.0046 0.7993
vn 0.6208 -0.0019 0.7840
vn 0.6256 -0.0029 0.7801
vn 0.4772 0.0399 0.8779
vn 0.4056 0.0513 0.9126
vn 0.5806 0.0074 0.8142
vn 0.5390 -0.0110 0.8422
vn 0.4876 -0.0975 0.8676
vn 0.5375 -0.0748 0.8399
vn 0.5363 0.0168 0.8438
vn 0.2864 -0.0400 0.9573
vn 0.3904 -0.0545 0.9191
vn 0.2822 -0.0543 0.9578
vn 0.5497 -0.0626 0.8330
vn 0.3537 0.0434 0.9344
vn 0.3530 -0.0486 0.9344
vn 0.5363 0.0314 0.8435
vn 0.5172 -0.0296 0.8553
vn 0.6279 0.0027 0.7783
vn 0.4114 -0.0384 0.9106
vn 0.5935 0.0139 0.8047
vn 0.6373 0.0003 0.7706
vn 0.6396 -0.0017 0.7687
vn 0.6613 -0.0001 0.7502
vn 0.6472 -0.2225 0.7291
vn 0.6549 -0.0307 0.7551
vn 0.0049 -1.0000 0.0016
vn 0.0094 -1.0000 0.0011
vn 0.0071 -1.0000 0.0014
vn -0.0062 -0.9908 -0.1351
vn 0.0010 -1.0000 0.0096
vn 0.0020 -1.0000 0.0092
vn 0.0018 -1.0000 0.0048
vn -0.0001 -0.9913 -0.1316
vn 0.1235 -0.9728 0.1960
vn 0.0046 -1.0000 0.0051
vn 0.0020 -1.0000 0.0007
vn 0.0009 -1.0000 0.0013
vn 0.0038 -1.0000 -0.0004
vn 0.0315 -0.9995 0.0076
vn -0.0007 -1.0000 -0.0001
vn 0.0403 -0.9991 0.0088
vn 0.0027 -1.0000 -0.0017
vn 0.0037 -1.0000 -0.0012
vn 0.0040 -1.0000 -0.0063
vn 0.0066 -1.0000 -0.0013
vn 0.8006 0.0773 -0.5942
vn 0.8349 0.0696 -0.5460
vn 0.7740 0.0876 -0.6270
vn 0.6008 0.0540 -0.7976
vn 0.5893 0.0793 -0.8040
vn 0.6673 0.0665 -0.7418
vn 0.7606 0.0179 -0.6490
vn 0.9093 -0.1999 -0.3650
vn 0.9410 -0.1549 -0.3009
vn 0.9246 -0.1122 -0.3641
vn 0.9483 0.0140 -0.3171
vn 0.9680 0.0125 -0.2505
vn 0.9657 0.0485 -0.2551
vn 0.7967 -0.5607 -0.2256
vn 0.9344 -0.2901 -0.2066
vn 0.9232 -0.2885 -0.2539
vn 0.9682 -0.0829 -0.2360
vn 0.9808 -0.0847 -0.1757
vn 0.9858 -0.0222 -0.1667
vn 0.9576 -0.1579 -0.2411
vn 0.9717 -0.1446 -0.1868
vn 0.8839 -0.0932 -0.4583
vn 0.9194 -0.0331 -0.3919
vn 0.8862 -0.0204 -0.4628
vn 0.8632 -0.4742 -0.1733
vn 0.9749 -0.0183 -0.2220
vn 0.9543 -0.2553 -0.1552
vn 0.9580 -0.2600 -0.1211
vn 0.9697 -0.2073 -0.1296
vn 0.8449 -0.0167 -0.5347
vn 0.8862 0.0538 -0.4602
vn 0.9052 -0.2955 -0.3054
vn 0.9408 -0.2340 -0.2453
vn 0.9255 -0.2323 -0.2992
vn 0.9580 -0.2132 -0.1919
vn 0.9774 -0.1593 -0.1387
vn 0.9425 0.0554 -0.3295
vn 0.7997 -0.3033 -0.5181
vn 0.7617 -0.4977 -0.4148
vn 0.8283 -0.2992 -0.4737
vn 0.7065 -0.5451 -0.4513
vn 0.9354 -0.3345 -0.1149
vn 0.8206 -0.3873 -0.4203
vn 0.8410 -0.2356 -0.4870
vn 0.9548 -0.0680 -0.2895
vn 0.7157 -0.4011 -0.5718
vn 0.6895 -0.3461 -0.6362
vn 0.8089 -0.4502 -0.3781
vn 0.8165 -0.4955 -0.2962
vn 0.7405 -0.4153 -0.5283
vn 0.7908 0.0055 -0.6120
vn 0.6919 0.0770 -0.7178
vn 0.6744 0.0093 -0.7383
vn 0.7242 0.0172 -0.6894
vn 0.8947 -0.3534 -0.2733
vn 0.7299 -0.0620 -0.6808
vn 0.9378 -0.3078 -0.1603
vn 0.9286 0.0411 -0.3688
vn 0.9068 0.0802 -0.4139
vn 0.8897 -0.1933 -0.4135
vn 0.7965 -0.0907 -0.5979
vn 0.7567 -0.1428 -0.6380
vn 0.6178 -0.0145 -0.7862
vn 0.7994 -0.1907 -0.5697
vn 0.8406 -0.1136 -0.5296
vn 0.8366 -0.1993 -0.5103
vn 0.8001 -0.0431 -0.5983
vn 0.9926 -0.0365 -0.1157
vn 0.9936 -0.0521 -0.0999
vn 0.9947 -0.0236 -0.0998
vn 0.6439 -0.0754 -0.7614
vn 0.8780 -0.3305 -0.3461
vn 0.9920 -0.0033 -0.1265
vn 0.7583 -0.1098 -0.6426
vn 0.8630 -0.1613 -0.4788
vn 0.7094 -0.1675 -0.6846
vn 0.9863 -0.1038 -0.1278
vn 0.8838 -0.2825 -0.3730
vn 0.7612 -0.2324 -0.6055
vn 0.8287 -0.0842 -0.5533
vn 0.6436 -0.1337 -0.7536
vn 0.8381 -0.5276 -0.1387
vn 0.8575 -0.4948 -0.1410
vn 0.9826 0.0135 -0.1854
vn 0.7730 -0.1964 -0.6032
vn 0.6771 -0.2372 -0.6966
vn 0.7226 -0.2821 -0.6310
vn 0.8623 -0.2818 -0.4208
vn 0.9410 -0.0627 -0.3325
vn 0.7631 -0.3468 -0.5453
vn 0.8259 -0.2808 -0.4889
vn 0.9001 -0.1636 -0.4037
vn 0.7677 -0.3359 -0.5457
vn 0.8461 0.0935 -0.5248
vn 0.8498 -0.3372 -0.4051
vn -0.0093 -0.3695 -0.9292
vn 0.3777 -0.5338 -0.7566
vn -0.0048 -0.6733 -0.7393
vn 0.0359 -0.7608 -0.6480
vn 0.0011 -0.8858 -0.4641
vn 0.0199 -0.9214 -0.3880
vn 0.9085 -0.3956 0.1344
vn 0.8563 -0.4676 0.2193
vn 0.9346 -0.0585 0.3509
vn 0.9912 -0.0854 0.1007
vn 0.9896 -0.0186 -0.1425
vn 0.7399 -0.3916 0.5469
vn 0.8956 -0.3744 -0.2401
vn 0.8524 -0.1834 0.4896
vn 0.9571 -0.2844 0.0550
vn 0.9541 -0.1942 0.2280
vn 0.9380 -0.3319 0.1003
vn 0.8278 -0.2325 0.5105
vn 0.8855 -0.1135 0.4507
vn 0.9849 -0.1630 0.0588
vn 0.6485 -0.1067 0.7537
vn 0.9562 -0.2416 -0.1651
vn 0.9654 -0.1113 -0.2359
vn 0.7867 -0.0480 0.6155
vn 0.7046 -0.0375 0.7086
vn 0.9308 -0.1894 -0.3126
vn 0.9306 0.0502 -0.3625
vn 0.9713 0.0049 0.2379
vn 0.3254 -0.6275 0.7074
vn 0.3773 -0.5854 0.7176
vn 0.3019 -0.7222 0.6223
vn 0.3709 -0.6605 0.6528
vn 0.5244 -0.2500 0.8139
vn 0.4168 -0.7005 0.5793
vn 0.5111 -0.6031 0.6124
vn 0.5536 -0.3777 0.7422
vn 0.5098 -0.6064 0.6103
vn 0.6472 -0.2226 0.7291
vn 0.2647 -0.7210 0.6404
vn 0.2095 -0.7725 0.5994
vn 0.2864 -0.5896 0.7552
vn 0.2019 -0.7868 0.5832
vn 0.6410 -0.4782 0.6004
vn 0.2487 -0.9655 0.0776
vn 0.4478 -0.8524 -0.2701
vn 0.4723 -0.8740 -0.1146
vn 0.6889 -0.7144 -0.1228
vn 0.7499 -0.4869 -0.4478
vn 0.8594 -0.1963 -0.4722
vn 0.6558 -0.0431 -0.7537
vn 0.5574 -0.0001 -0.8303
vn 0.5495 0.0008 -0.8355
vn -0.9982 0.0598 -0.0000
vn -0.0000 -0.0000 -1.0000
vn -0.9982 0.0598 -0.0001
s 1
usemtl Part__Feature001_010_001_002.001
f 998//1492 997//1492 999//1492
f 979//1493 980//1493 996//1493
f 1001//1494 996//1494 1000//1494
f 1004//1495 1003//1496 1002//1497
f 1007//1498 1005//1499 999//1500
f 1004//1495 1047//1501 1003//1496
f 1042//1502 1006//1503 1007//1504
f 1008//1505 1042//1502 1007//1504
f 1008//1505 1007//1504 999//1500
f 1009//1506 1042//1502 1008//1505
f 1009//1506 1043//1507 1042//1502
f 1002//1497 1003//1496 1043//1507
f 1002//1497 1043//1507 1009//1506
f 982//1508 1019//1509 981//1510
f 1015//1511 1016//1512 1027//1513
f 1018//1514 1013//1515 1012//1516
f 1020//1517 1018//1514 1012//1516
f 1021//1518 1010//1519 992//1520
f 1019//1509 1028//1521 981//1510
f 1010//1519 1020//1517 1012//1516
f 1019//1509 1023//1522 1024//1523
f 1016//1512 1025//1524 1017//1525
f 1028//1521 1022//1526 1011//1527
f 1028//1521 1011//1527 981//1510
f 1026//1528 1014//1529 1013//1515
f 1029//1530 1015//1511 1011//1527
f 1025//1524 1016//1512 1015//1511
f 1030//1531 1000//1532 990//1533
f 1030//1531 1031//1534 1000//1532
f 1024//1523 1028//1521 1019//1509
f 1032//1535 1026//1528 1013//1515
f 1022//1526 1029//1530 1011//1527
f 1027//1513 1020//1517 1010//1519
f 1012//1516 990//1533 985//1536
f 1012//1516 1030//1531 990//1533
f 1033//1537 1025//1524 1015//1511
f 1021//1518 992//1520 987//1538
f 1029//1530 1033//1537 1015//1511
f 1034//1539 1028//1521 1024//1523
f 1021//1518 1027//1513 1010//1519
f 1035//1540 1031//1534 1030//1531
f 1016//1512 1018//1514 1020//1517
f 1011//1527 1021//1518 987//1538
f 1022//1526 1033//1537 1029//1530
f 1027//1513 1016//1512 1020//1517
f 1013//1515 1035//1540 1030//1531
f 1037//1541 1033//1537 1022//1526
f 1038//1542 1022//1526 1028//1521
f 1015//1511 1027//1513 1021//1518
f 1036//1543 1038//1542 1028//1521
f 1036//1543 1028//1521 1034//1539
f 1016//1512 1032//1535 1018//1514
f 1010//1519 985//1536 992//1520
f 1010//1519 1012//1516 985//1536
f 1039//1544 1038//1542 1036//1543
f 1012//1516 1013//1515 1030//1531
f 1040//1545 1038//1542 1039//1544
f 1041//1546 1040//1545 1039//1544
f 981//1510 1011//1527 987//1538
f 1032//1535 1013//1515 1018//1514
f 1038//1542 1037//1541 1022//1526
f 1017//1525 1032//1535 1016//1512
f 1011//1527 1015//1511 1021//1518
f 1013//1515 1014//1529 1035//1540
f 1054//1547 1053//1548 1045//1549
f 1054//1547 1045//1549 1048//1550
f 1055//1551 1041//1552 1044//1553
f 1056//1554 1054//1547 1048//1550
f 1057//1555 1055//1551 1044//1553
f 1059//1556 1057//1555 1044//1553
f 1046//1557 1059//1556 1044//1553
f 1061//1558 1059//1556 1046//1557
f 1062//1559 1060//1560 1063//1561
f 1062//1559 1058//1562 1060//1560
f 1064//1563 1063//1561 1061//1558
f 1064//1563 1062//1559 1063//1561
f 1064//1563 1061//1558 1046//1557
f 1064//1563 1046//1557 1049//1564
f 1065//1565 1064//1563 1049//1564
f 1066//1566 1065//1565 1049//1564
f 1066//1566 1049//1564 1045//1549
f 1053//1548 1066//1566 1045//1549
f 1080//1567 1081//1568 988//1569
f 1069//1570 991//1571 980//1572
f 1069//1570 980//1572 1149//1573
f 1088//1574 1076//1575 1070//1576
f 1090//1577 1087//1578 993//1579
f 1092//1580 1078//1581 1077//1582
f 1094//1583 1074//1584 1073//1585
f 1095//1586 1093//1587 1074//1584
f 1096//1588 1068//1589 1067//1590
f 1096//1588 1070//1576 1068//1589
f 1092//1580 1072//1591 1078//1581
f 1094//1583 1073//1585 1079//1592
f 1097//1593 1071//1594 1082//1595
f 1098//1596 1089//1597 1081//1568
f 1067//1590 1089//1597 1098//1596
f 1099//1598 1083//1599 1075//1600
f 1099//1598 1077//1582 1083//1599
f 1100//1601 1082//1595 1085//1602
f 1090//1577 993//1579 989//1603
f 1100//1601 1085//1602 1093//1587
f 1088//1574 1075//1600 1076//1575
f 1101//1604 1104//1605 1102//1606
f 1101//1604 1105//1607 1104//1605
f 1095//1586 1074//1584 1094//1583
f 1103//1608 1091//1609 1086//1610
f 1103//1608 1086//1610 1071//1594
f 1106//1611 1094//1583 1079//1592
f 1106//1611 1079//1592 1087//1578
f 1099//1598 1092//1580 1077//1582
f 1107//1612 1108//1613 1110//1614
f 1107//1612 1110//1614 1058//1615
f 1107//1612 1058//1615 1062//1616
f 1109//1617 1081//1568 1080//1567
f 988//1569 986//1618 1111//1619
f 1112//1620 1080//1567 988//1569
f 1112//1620 1109//1617 1080//1567
f 1096//1588 1067//1590 1098//1596
f 1053//1621 1092//1580 1099//1598
f 1109//1617 1112//1620 1113//1622
f 1069//1570 1111//1619 986//1618
f 1112//1620 988//1569 1111//1619
f 1097//1593 1082//1595 1100//1601
f 1109//1617 1098//1596 1081//1568
f 1115//1623 1071//1594 1097//1593
f 1116//1624 989//1603 984//1625
f 1117//1626 1088//1574 1070//1576
f 1117//1626 1070//1576 1096//1588
f 1114//1627 1113//1622 1119//1628
f 1114//1627 1109//1617 1113//1622
f 1120//1629 1111//1619 1069//1570
f 1116//1624 1090//1577 989//1603
f 1099//1598 1075//1600 1088//1574
f 1111//1619 1113//1622 1112//1620
f 1115//1623 1103//1608 1071//1594
f 1106//1611 1087//1578 1090//1577
f 1123//1630 1118//1631 1114//1627
f 1123//1630 1124//1632 1118//1631
f 1120//1629 1069//1570 1149//1573
f 1120//1629 1149//1573 1126//1633
f 1127//1634 1125//1635 997//1636
f 1113//1622 1111//1619 1121//1637
f 1066//1638 1053//1621 1099//1598
f 1127//1634 997//1636 995//1639
f 1120//1629 1126//1633 1128//1640
f 1118//1631 1096//1588 1098//1596
f 1122//1641 1096//1588 1118//1631
f 1113//1622 1121//1637 1129//1642
f 1123//1630 1114//1627 1119//1628
f 1122//1641 1117//1626 1096//1588
f 1121//1637 1111//1619 1120//1629
f 1114//1627 1098//1596 1109//1617
f 1121//1637 1120//1629 1128//1640
f 1130//1643 1125//1635 1127//1634
f 1131//1644 1099//1598 1088//1574
f 1095//1586 1100//1601 1093//1587
f 1131//1644 1066//1638 1099//1598
f 1123//1630 1119//1628 1134//1645
f 1129//1642 1119//1628 1113//1622
f 1166//1646 1125//1635 1130//1643
f 1089//1597 1116//1624 984//1625
f 1123//1630 1102//1606 1124//1632
f 1123//1630 1101//1604 1102//1606
f 1133//1647 1129//1642 1121//1637
f 1135//1648 1143//1649 1103//1608
f 1135//1648 1103//1608 1115//1623
f 1078//1581 1097//1593 1100//1601
f 1133//1647 1121//1637 1128//1640
f 1073//1585 995//1639 994//1650
f 1073//1585 1127//1634 995//1639
f 1129//1642 1134//1645 1119//1628
f 1118//1631 1098//1596 1114//1627
f 1133//1647 1128//1640 1136//1651
f 1076//1575 1095//1586 1094//1583
f 1076//1575 1094//1583 1106//1611
f 1124//1632 1122//1641 1118//1631
f 1137//1652 1129//1642 1133//1647
f 1083//1599 1100//1601 1095//1586
f 1137//1652 1133//1647 1136//1651
f 1134//1645 1129//1642 1141//1653
f 1138//1654 1088//1574 1117//1626
f 1138//1654 1131//1644 1088//1574
f 1084//1655 1106//1611 1090//1577
f 1139//1656 1101//1604 1134//1645
f 1137//1652 1136//1651 1140//1657
f 1085//1602 1166//1646 1130//1643
f 1085//1602 1132//1658 1166//1646
f 1137//1652 1141//1653 1129//1642
f 1083//1599 1078//1581 1100//1601
f 1141//1653 1139//1656 1134//1645
f 1138//1654 1117//1626 1122//1641
f 1078//1581 1115//1623 1097//1593
f 1139//1656 1105//1607 1101//1604
f 1139//1656 1062//1616 1105//1607
f 1137//1652 1140//1657 1142//1659
f 1107//1612 1139//1656 1141//1653
f 1141//1653 1108//1613 1107//1612
f 1068//1589 1090//1577 1116//1624
f 1089//1597 984//1625 983//1660
f 1108//1613 1142//1659 1110//1614
f 1107//1612 1062//1616 1139//1656
f 1069//1570 986//1618 991//1571
f 1074//1584 1130//1643 1127//1634
f 1074//1584 1127//1634 1073//1585
f 1072//1591 1135//1648 1115//1623
f 1101//1604 1123//1630 1134//1645
f 1138//1654 1066//1638 1131//1644
f 1124//1632 1138//1654 1122//1641
f 1065//1661 1066//1638 1138//1654
f 1108//1613 1137//1652 1142//1659
f 1082//1595 1132//1658 1085//1602
f 1141//1653 1137//1652 1108//1613
f 1079//1592 1073//1585 994//1650
f 1068//1589 1084//1655 1090//1577
f 1102//1606 1138//1654 1124//1632
f 1087//1578 994//1650 993//1579
f 1072//1591 1115//1623 1078//1581
f 1070//1576 1106//1611 1084//1655
f 1071//1594 1086//1610 1132//1658
f 1070//1576 1076//1575 1106//1611
f 1071//1594 1132//1658 1082//1595
f 1081//1568 1089//1597 983//1660
f 1087//1578 1079//1592 994//1650
f 1067//1590 1116//1624 1089//1597
f 1067//1590 1068//1589 1116//1624
f 1104//1605 1065//1661 1138//1654
f 1104//1605 1138//1654 1102//1606
f 1093//1587 1130//1643 1074//1584
f 1077//1582 1078//1581 1083//1599
f 1070//1576 1084//1655 1068//1589
f 1075//1600 1095//1586 1076//1575
f 1075//1600 1083//1599 1095//1586
f 1081//1568 983//1660 988//1569
f 1085//1602 1130//1643 1093//1587
f 1051//1662 1047//1501 1004//1495
f 1144//1663 1050//1664 1051//1662
f 1144//1663 1051//1662 1004//1495
f 1103//1665 1050//1664 1144//1663
f 1103//1665 1052//1666 1050//1664
f 1143//1667 1052//1666 1103//1665
f 1143//1667 1048//1550 1052//1666
f 1056//1554 1048//1550 1143//1667
f 1153//1668 1150//1669 1058//1615
f 1153//1668 1058//1615 1110//1614
f 1148//1670 1147//1671 1146//1672
f 1152//1673 1150//1669 1153//1668
f 1014//1529 1026//1528 1152//1673
f 1155//1674 1110//1614 1142//1659
f 1154//1675 1157//1676 1156//1677
f 1155//1674 1153//1668 1110//1614
f 1158//1678 1153//1668 1155//1674
f 1159//1679 1153//1668 1158//1678
f 1159//1679 1152//1673 1153//1668
f 1159//1679 1014//1529 1152//1673
f 1145//1680 1156//1677 1161//1681
f 1154//1675 1145//1680 1031//1534
f 1140//1657 1155//1674 1142//1659
f 1157//1676 1155//1674 1140//1657
f 1146//1672 1126//1633 1149//1573
f 1157//1676 1158//1678 1155//1674
f 1157//1676 1159//1679 1158//1678
f 1154//1675 1159//1679 1157//1676
f 1160//1682 1159//1679 1154//1675
f 1160//1682 1014//1529 1159//1679
f 1035//1540 1014//1529 1160//1682
f 1162//1683 1156//1677 1157//1676
f 1156//1677 1145//1680 1154//1675
f 1164//1684 1128//1640 1126//1633
f 1031//1534 1151//1685 1001//1686
f 1147//1671 1161//1681 1164//1684
f 1145//1680 1161//1681 1147//1671
f 1146//1672 1164//1684 1126//1633
f 1147//1671 1164//1684 1146//1672
f 1148//1670 1145//1680 1147//1671
f 1151//1685 1145//1680 1148//1670
f 1151//1685 1031//1534 1145//1680
f 1140//1657 1136//1651 1163//1687
f 1162//1683 1163//1687 1161//1681
f 1162//1683 1161//1681 1156//1677
f 1149//1573 980//1572 979//1688
f 1146//1672 1149//1573 979//1688
f 1146//1672 979//1688 996//1689
f 1148//1670 1146//1672 996//1689
f 1164//1684 1161//1681 1163//1687
f 996//1689 1151//1685 1148//1670
f 1001//1686 1151//1685 996//1689
f 1140//1657 1163//1687 1162//1683
f 1128//1640 1164//1684 1163//1687
f 1160//1682 1031//1534 1035//1540
f 1140//1657 1162//1683 1157//1676
f 1136//1651 1128//1640 1163//1687
f 1031//1534 1001//1686 1000//1532
f 1154//1675 1031//1534 1160//1682
f 1017//1690 1025//1691 1061//1692
f 1059//1693 1025//1691 1033//1694
f 1033//1694 1165//1695 1059//1693
f 1055//1696 1057//1555 1165//1695
f 1055//1696 1037//1697 1038//1698
f 1040//1699 1055//1696 1038//1698
f 1063//1700 1060//1701 1032//1702
f 1026//1703 1032//1702 1060//1701
f 1063//1700 1032//1702 1017//1690
f 1059//1693 1061//1692 1025//1691
f 1057//1555 1059//1556 1165//1695
f 1055//1696 1165//1695 1037//1697
f 1041//1546 1055//1696 1040//1699
f 1165//1695 1033//1694 1037//1697
f 1063//1700 1017//1690 1061//1692
f 1060//1704 1150//1669 1152//1673
f 1060//1560 1058//1562 1150//1705
f 1026//1528 1060//1704 1152//1673
f 1064//1706 1105//1607 1062//1616
f 1072//1591 1054//1707 1056//1708
f 1072//1591 1092//1580 1054//1707
f 1135//1648 1056//1708 1143//1649
f 1056//1708 1135//1648 1072//1591
f 1054//1707 1092//1580 1053//1621
f 1104//1605 1064//1706 1065//1661
f 1064//1706 1104//1605 1105//1607
f 1091//1609 1103//1709 1144//1663
f 1004//1495 1091//1609 1144//1663
f 1086//1610 1091//1609 1004//1495
f 1002//1710 1086//1610 1004//1495
f 1009//1506 1132//1658 1002//1710
f 1166//1646 1132//1658 1009//1506
f 1166//1646 1009//1506 1008//1505
f 1125//1711 1166//1646 1008//1505
f 1125//1711 1008//1505 997//1712
f 999//1713 997//1712 1008//1505
f 1002//1710 1132//1658 1086//1610
s 0
f 1007//1714 998//1715 1005//1716
o node2_Part__Feature002.000
v 0.017142 0.000497 -0.008844
v 0.019210 0.000500 -0.007335
v 0.025617 0.000500 -0.007918
v 0.009001 0.000500 -0.012024
v 0.026941 0.000500 -0.014546
v 0.024521 0.000501 -0.002225
v 0.012249 0.000500 -0.011123
v 0.009000 0.000500 -0.012654
v 0.028322 0.000500 -0.018987
v 0.025105 0.000499 -0.002827
v 0.023252 0.000499 -0.002341
v 0.014487 0.000500 -0.010300
v 0.021233 0.000500 -0.005234
v 0.008998 -0.010976 -0.014148
v 0.009007 -0.009600 -0.012811
v 0.009010 -0.004297 -0.012202
v 0.009000 0.000500 -0.012654
v 0.009001 -0.001012 -0.012706
v 0.009010 -0.015714 -0.014140
v 0.008998 -0.003994 -0.013295
v 0.009001 -0.001100 -0.013169
v 0.009462 -0.017006 -0.015726
v 0.011500 -0.018374 -0.016523
v 0.010251 -0.017860 -0.016131
v 0.018039 -0.018400 -0.018250
v 0.028640 -0.003739 -0.019865
v 0.028598 -0.001100 -0.019738
v 0.023579 -0.018398 -0.020435
v 0.029519 -0.014079 -0.022117
v 0.009040 -0.016028 -0.015379
v 0.024102 -0.002360 -0.002255
v 0.023665 -0.002083 -0.002246
v 0.023564 -0.014837 -0.004710
v 0.024692 -0.000981 -0.002421
v 0.025265 -0.015742 -0.005887
v 0.025024 -0.014417 -0.005042
v 0.023737 -0.009111 -0.003133
v 0.025001 -0.004980 -0.003339
v 0.024863 -0.004211 -0.002930
v 0.023484 -0.016896 -0.005596
v 0.023214 -0.002750 -0.002469
v 0.023388 -0.008991 -0.003196
v 0.024512 -0.011476 -0.003825
v 0.023074 -0.011020 -0.003868
v 0.023009 -0.008042 -0.003271
v 0.024881 -0.008636 -0.003617
v 0.024774 -0.010360 -0.003816
v 0.024313 -0.010310 -0.003468
v 0.025453 -0.018257 -0.006881
v 0.025188 -0.018239 -0.006379
v 0.023765 -0.005370 -0.002533
v 0.023345 -0.005027 -0.002605
v 0.024167 -0.018293 -0.005983
v 0.024577 -0.003180 -0.002525
v 0.024059 -0.016863 -0.005375
v 0.024796 -0.015715 -0.005167
v 0.022963 -0.004267 -0.002792
v 0.024410 -0.015888 -0.005021
v 0.024083 -0.001355 -0.002195
v 0.023146 -0.014517 -0.004898
v 0.023941 0.000499 -0.002121
v 0.024007 -0.014634 -0.004559
v 0.024002 -0.012068 -0.003814
v 0.023545 -0.012085 -0.003877
v 0.024398 -0.007881 -0.003026
v 0.025055 -0.011255 -0.004569
v 0.024185 -0.005193 -0.002559
v 0.009119 -0.012539 -0.013236
v 0.018264 -0.008434 -0.008620
v 0.010516 -0.013282 -0.013110
v 0.011968 -0.013853 -0.012870
v 0.018137 -0.012425 -0.009515
v 0.013680 -0.003464 -0.010698
v 0.020115 -0.014936 -0.008614
v 0.015307 -0.003173 -0.009948
v 0.010681 -0.003163 -0.011642
v 0.013182 -0.018287 -0.013855
v 0.015435 -0.018235 -0.012931
v 0.009115 -0.002459 -0.011983
v 0.020069 -0.008493 -0.007044
v 0.020655 -0.016996 -0.008887
v 0.015112 -0.008473 -0.010570
v 0.021861 -0.012491 -0.005971
v 0.021560 -0.008547 -0.005387
v 0.016653 -0.008513 -0.009726
v 0.010332 -0.017806 -0.014429
v 0.017206 -0.004601 -0.008962
v 0.021494 -0.018248 -0.008653
v 0.022633 -0.018293 -0.007449
v 0.013638 -0.016834 -0.013193
v 0.018191 -0.015008 -0.010192
v 0.009119 -0.005132 -0.012147
v 0.013651 -0.008505 -0.011224
v 0.012012 -0.008702 -0.011830
v 0.022121 -0.015061 -0.006519
v 0.016511 -0.012477 -0.010590
v 0.009219 -0.016213 -0.014127
v 0.012168 -0.003447 -0.011237
v 0.018979 -0.016975 -0.010300
v 0.019898 -0.012501 -0.008078
v 0.010275 -0.008312 -0.012245
v 0.019769 -0.018283 -0.010262
v 0.014344 -0.012410 -0.011695
v 0.022194 -0.003286 -0.003905
v 0.020588 -0.001726 -0.005950
v 0.016063 -0.015969 -0.011810
v 0.018508 -0.001521 -0.007884
v 0.020891 -0.004618 -0.005708
v 0.009117 -0.008131 -0.012476
v 0.017172 -0.016953 -0.011514
v 0.017571 -0.018296 -0.011829
v 0.014372 -0.014930 -0.012324
v 0.019265 -0.004565 -0.007368
v 0.025308 -0.005346 -0.006638
v 0.026202 -0.014631 -0.011866
v 0.029491 -0.018189 -0.022071
v 0.028881 -0.008272 -0.020520
v 0.028572 -0.018245 -0.019787
v 0.025567 -0.015077 -0.008364
v 0.026530 -0.007772 -0.013320
v 0.027077 -0.012786 -0.015372
v 0.026548 -0.018225 -0.013025
v 0.027127 -0.018264 -0.015341
v 0.030404 -0.018195 -0.024144
v 0.025804 -0.006392 -0.009907
v 0.025865 -0.018198 -0.009592
v 0.028326 -0.000941 -0.019006
v 0.027800 -0.018214 -0.017500
v 0.025735 -0.018376 -0.009732
v 0.021866 -0.018374 -0.008496
v 0.020310 -0.018387 -0.010015
v 0.029273 -0.018363 -0.021875
v 0.028367 -0.018397 -0.022888
v 0.030251 -0.018368 -0.024117
v 0.025139 -0.018391 -0.006601
v 0.026522 -0.018383 -0.013612
v 0.027373 -0.018379 -0.016680
v 0.023710 -0.018368 -0.006218
v 0.017604 -0.018376 -0.011957
v 0.014132 -0.018373 -0.013657
v 0.011485 -0.018329 -0.014386
v 0.010585 -0.018063 -0.014591
v 0.009808 -0.017467 -0.014562
v 0.009230 -0.016604 -0.014418
v 0.009680 -0.017124 -0.014319
v 0.024723 -0.018346 -0.006122
v 0.028425 -0.001091 -0.019270
vn -0.9999 -0.0012 0.0101
vn -1.0000 -0.0019 0.0016
vn -1.0000 -0.0019 0.0023
vn -1.0000 -0.0006 0.0063
vn -1.0000 -0.0022 0.0069
vn -0.8897 -0.1735 0.4223
vn -0.8908 -0.0766 0.4478
vn -0.9744 -0.2243 -0.0176
vn -0.9999 -0.0011 0.0101
vn -1.0000 0.0010 -0.0002
vn 0.4650 -0.0256 0.8849
vn 0.6117 -0.0594 0.7888
vn 0.9089 -0.0266 0.4162
vn -0.4273 -0.1073 0.8977
vn -0.2154 -0.0534 0.9751
vn -0.5641 -0.0457 0.8245
vn -0.4094 -0.1772 0.8950
vn -0.6760 -0.1229 0.7266
vn -0.6553 -0.1895 0.7312
vn 0.8376 -0.0919 0.5385
vn 0.7203 -0.1369 0.6800
vn 0.8149 -0.1331 0.5641
vn 0.5066 -0.2068 0.8370
vn 0.9612 -0.0383 0.2732
vn 0.9616 -0.0364 0.2722
vn 0.7464 -0.2088 0.6319
vn 0.5958 -0.2397 0.7665
vn 0.3765 -0.3435 0.8604
vn 0.2454 -0.3220 0.9144
vn -0.0871 -0.4086 0.9085
vn -0.7193 -0.0624 0.6919
vn -0.5520 -0.3510 0.7563
vn -0.0982 -0.3845 0.9179
vn -0.5708 -0.3976 0.7184
vn 0.1652 -0.0511 0.9849
vn 0.1889 -0.0748 0.9791
vn 0.0164 -0.2973 0.9547
vn -0.3774 -0.3120 0.8719
vn -0.6818 -0.2482 0.6881
vn 0.9791 -0.0179 0.2024
vn 0.0926 -0.2574 0.9619
vn -0.3355 -0.2551 0.9069
vn 0.3612 -0.1909 0.9128
vn -0.0759 -0.1362 0.9878
vn 0.3013 -0.1198 0.9460
vn 0.4392 -0.1431 0.8869
vn 0.5600 -0.0815 0.8245
vn 0.8058 -0.0800 0.5868
vn -0.0388 -0.1920 0.9806
vn 0.9632 -0.0418 0.2655
vn -0.0621 -0.0216 0.9978
vn -0.5917 -0.0120 0.8061
vn -0.4286 -0.5912 0.6832
vn -0.3293 -0.2885 0.8991
vn -0.2847 -0.2314 0.9303
vn -0.5612 -0.2488 0.7894
vn -0.6719 -0.1878 0.7165
vn -0.5832 -0.1901 0.7898
vn -0.6599 -0.2446 0.7105
vn -0.7440 -0.2459 0.6213
vn -0.7591 -0.1814 0.6252
vn -0.2031 -0.0917 0.9749
vn -0.2502 -0.0502 0.9669
vn -0.2206 -0.0185 0.9752
vn -0.2198 -0.2187 0.9507
vn -0.5157 -0.1276 0.8472
vn -0.6086 -0.1167 0.7849
vn -0.5526 -0.0628 0.8311
vn -0.3042 -0.0607 0.9507
vn -0.3708 -0.0584 0.9269
vn -0.4133 -0.0201 0.9104
vn -0.3070 -0.0211 0.9515
vn -0.5411 -0.3392 0.7695
vn -0.5883 -0.1657 0.7915
vn -0.5754 -0.2990 0.7613
vn -0.6520 -0.2982 0.6971
vn -0.7763 -0.1107 0.6205
vn -0.7005 -0.1108 0.7050
vn -0.2513 -0.5135 0.8205
vn -0.2340 -0.1365 0.9626
vn -0.2926 -0.1452 0.9451
vn -0.2525 -0.0150 0.9675
vn -0.2588 -0.5071 0.8221
vn -0.3966 -0.1951 0.8970
vn -0.4460 -0.1288 0.8857
vn -0.4943 -0.1981 0.8464
vn -0.5062 -0.5696 0.6476
vn -0.5882 -0.5463 0.5964
vn -0.1056 -0.2560 0.9609
vn -0.8135 -0.0249 0.5810
vn -0.7739 -0.0020 0.6333
vn -0.7368 -0.0061 0.6761
vn -0.6589 0.0039 0.7522
vn -0.4529 -0.2709 0.8494
vn -0.3661 -0.1362 0.9206
vn -0.6318 -0.0147 0.7750
vn -0.4535 -0.0447 0.8901
vn -0.7532 -0.0586 0.6552
vn -0.5579 -0.1074 0.8230
vn -0.4932 -0.3055 0.8145
vn -0.5380 -0.0221 0.8426
vn -0.3802 -0.2500 0.8905
vn -0.6650 -0.0570 0.7447
vn -0.4931 -0.3283 0.8056
vn -0.6448 -0.5244 0.5560
vn -0.4034 -0.3098 0.8610
vn 0.9741 0.0193 0.2252
vn 0.9628 0.0103 0.2701
vn 0.9591 0.0030 0.2832
vn 0.9772 0.0130 0.2122
vn 0.9832 -0.0108 0.1821
vn 0.9672 -0.0156 0.2536
vn 0.9885 -0.0284 0.1484
vn 0.9152 -0.0017 0.4031
vn 0.9255 -0.0014 0.3788
vn 0.9216 -0.0022 0.3882
vn 0.9883 0.0192 0.1514
vn 0.9850 0.0277 0.1703
vn 0.9922 -0.0145 0.1240
vn 0.9706 -0.0067 0.2405
vn 0.9366 -0.0025 0.3504
vn 0.9383 -0.0018 0.3458
vn 0.9366 -0.0031 0.3503
vn 0.9496 -0.0045 0.3136
vn 0.9502 0.0044 0.3115
vn 0.9377 -0.0010 0.3473
vn 0.9320 -0.0023 0.3626
vn 0.9549 -0.0008 0.2968
vn -0.2256 -0.9520 0.2071
vn -0.1635 -0.9706 0.1765
vn 0.4045 -0.9116 0.0732
vn 0.0141 -0.9998 0.0119
vn 0.0169 -0.9997 0.0183
vn 0.0235 -0.9996 0.0125
vn 0.3217 -0.9235 0.2090
vn 0.0016 -1.0000 0.0014
vn 0.0038 -1.0000 0.0022
vn 0.0053 -1.0000 -0.0003
vn -0.0013 -1.0000 0.0019
vn -0.0008 -1.0000 0.0031
vn -0.0091 -0.9975 0.0699
vn 0.0088 -0.9908 0.1352
vn -0.0062 -1.0000 0.0064
vn -0.1540 -0.9881 -0.0010
vn -0.1368 -0.9904 0.0199
vn -0.5183 0.3356 -0.7866
vn -0.4362 -0.8589 0.2684
vn -0.5434 -0.8391 -0.0264
vn -0.6882 -0.6761 0.2633
vn -0.8260 -0.5630 -0.0271
vn -0.8539 -0.4421 0.2745
vn -0.7141 -0.0453 0.6986
vn -0.8087 -0.0238 0.5877
vn -0.8114 -0.0232 0.5840
vn -0.7952 -0.0638 0.6030
vn -0.6916 -0.5577 0.4590
vn -0.3739 -0.5219 0.7667
vn -0.1880 -0.8425 0.5048
vn -0.2877 -0.8375 0.4645
vn -0.2906 -0.8436 0.4516
vn 0.4948 -0.8594 0.1292
vn 0.4933 -0.7641 0.4157
vn 0.4272 -0.7866 0.4458
vn -0.0096 -0.9474 0.3200
vn 0.6688 -0.7201 0.1847
vn 0.7176 -0.6798 0.1517
vn 0.6531 -0.7378 0.1707
vn 0.6506 -0.7357 0.1885
vn 0.7306 -0.6346 0.2519
vn 0.8464 -0.4340 0.3085
vn 0.7463 -0.5968 0.2948
vn 0.7340 -0.5982 0.3215
vn 0.7355 -0.5959 0.3224
vn 0.7542 -0.6456 0.1199
vn 0.7512 -0.5757 0.3230
vn -0.6308 0.0258 -0.7755
vn -0.0000 -0.0000 -1.0000
vn -0.6306 0.0258 -0.7757
s 1
usemtl Part__Feature002_007_001_002.001
f 1182//1717 1170//1718 1183//1719
f 1184//1720 1182//1717 1183//1719
f 1180//1721 1185//1722 1181//1723
f 1196//1724 1185//1722 1180//1721
f 1186//1725 1184//1720 1187//1726
f 1186//1725 1182//1717 1184//1720
f 1180//1721 1182//1717 1186//1725
f 1180//1721 1181//1723 1182//1717
f 1172//1727 1200//1728 1176//1729
f 1218//1730 1198//1731 1207//1732
f 1208//1733 1211//1734 1210//1735
f 1212//1736 1213//1737 1202//1738
f 1209//1739 1202//1738 1213//1737
f 1202//1738 1215//1740 1201//1741
f 1216//1742 1215//1740 1202//1738
f 1222//1743 1312//1744 1216//1742
f 1224//1745 1219//1746 1312//1744
f 1207//1732 1223//1747 1218//1730
f 1224//1745 1312//1744 1222//1743
f 1206//1748 1219//1746 1221//1749
f 1221//1749 1219//1746 1224//1745
f 1206//1748 1304//1750 1219//1746
f 1200//1728 1225//1751 1197//1752
f 1228//1753 1221//1749 1224//1745
f 1199//1754 1221//1749 1228//1753
f 1226//1755 1206//1748 1199//1754
f 1212//1736 1201//1741 1232//1756
f 1212//1736 1202//1738 1201//1741
f 1224//1745 1222//1743 1209//1739
f 1228//1753 1224//1745 1229//1757
f 1209//1739 1222//1743 1202//1738
f 1230//1758 1199//1754 1228//1753
f 1229//1757 1224//1745 1209//1739
f 1214//1759 1209//1739 1213//1737
f 1230//1758 1228//1753 1229//1757
f 1210//1735 1199//1754 1230//1758
f 1226//1755 1199//1754 1210//1735
f 1217//1760 1233//1761 1197//1752
f 1217//1760 1197//1752 1198//1731
f 1217//1760 1198//1731 1218//1730
f 1231//1762 1213//1737 1212//1736
f 1231//1762 1214//1759 1213//1737
f 1220//1763 1205//1764 1200//1728
f 1203//1765 1214//1759 1231//1762
f 1204//1766 1212//1736 1232//1756
f 1200//1728 1197//1752 1220//1763
f 1205//1764 1212//1736 1204//1766
f 1198//1731 1227//1767 1177//1768
f 1217//1760 1203//1765 1231//1762
f 1217//1760 1231//1762 1233//1761
f 1231//1762 1212//1736 1205//1764
f 1211//1734 1208//1733 1218//1730
f 1217//1760 1208//1733 1203//1765
f 1218//1730 1208//1733 1217//1760
f 1223//1747 1211//1734 1218//1730
f 1214//1759 1229//1757 1209//1739
f 1214//1759 1203//1765 1229//1757
f 1200//1728 1205//1764 1176//1729
f 1207//1732 1198//1731 1177//1768
f 1230//1758 1229//1757 1203//1765
f 1230//1758 1203//1765 1208//1733
f 1220//1763 1233//1761 1231//1762
f 1233//1761 1220//1763 1197//1752
f 1208//1733 1210//1735 1230//1758
f 1225//1751 1198//1731 1197//1752
f 1220//1763 1231//1762 1205//1764
f 1225//1751 1227//1767 1198//1731
f 1223//1747 1207//1732 1177//1768
f 1222//1743 1216//1742 1202//1738
f 1172//1727 1225//1751 1200//1728
f 1172//1727 1227//1767 1225//1751
f 1221//1749 1199//1754 1206//1748
f 1204//1766 1176//1729 1205//1764
f 1252//1769 1256//1770 1237//1771
f 1257//1772 1266//1773 1238//1774
f 1257//1772 1240//1775 1266//1773
f 1261//1776 1226//1755 1249//1777
f 1258//1778 1242//1779 1245//1780
f 1252//1769 1237//1771 1236//1781
f 1251//1782 1235//1783 1253//1784
f 1264//1785 1239//1786 1178//1787
f 1264//1785 1178//1787 1173//1788
f 1263//1789 1236//1781 1234//1790
f 1265//1791 1247//1792 1240//1775
f 1266//1773 1250//1793 1246//1794
f 1266//1773 1249//1777 1250//1793
f 1252//1769 1243//1795 1256//1770
f 1267//1796 1260//1797 1264//1785
f 1267//1796 1264//1785 1242//1779
f 1242//1779 1173//1788 1170//1798
f 1252//1769 1307//1799 1243//1795
f 1269//1800 1251//1782 1248//1801
f 1269//1800 1262//1802 1251//1782
f 1263//1789 1252//1769 1236//1781
f 1268//1803 1254//1804 1247//1792
f 1311//1805 1252//1769 1263//1789
f 1265//1791 1240//1775 1257//1772
f 1270//1806 1177//1768 1179//1807
f 1270//1806 1223//1747 1177//1768
f 1271//1808 1270//1806 1179//1807
f 1267//1796 1242//1779 1258//1778
f 1206//1748 1226//1755 1261//1776
f 1271//1808 1179//1807 1168//1809
f 1272//1810 1238//1774 1262//1802
f 1272//1810 1257//1772 1238//1774
f 1268//1803 1247//1792 1265//1791
f 1242//1779 1264//1785 1173//1788
f 1269//1800 1248//1801 1259//1811
f 1273//1812 1271//1808 1168//1809
f 1248//1801 1251//1782 1253//1784
f 1248//1801 1253//1784 1241//1813
f 1274//1814 1270//1806 1271//1808
f 1267//1796 1258//1778 1275//1815
f 1276//1816 1265//1791 1257//1772
f 1250//1793 1223//1747 1270//1806
f 1273//1812 1168//1809 1167//1817
f 1245//1780 1242//1779 1170//1798
f 1276//1816 1257//1772 1272//1810
f 1250//1793 1211//1734 1223//1747
f 1278//1818 1272//1810 1262//1802
f 1279//1819 1274//1814 1271//1808
f 1278//1818 1262//1802 1269//1800
f 1237//1771 1269//1800 1259//1811
f 1237//1771 1259//1811 1260//1797
f 1238//1774 1266//1773 1246//1794
f 1238//1774 1246//1794 1235//1783
f 1277//1820 1268//1803 1265//1791
f 1254//1804 1206//1748 1261//1776
f 1250//1793 1270//1806 1274//1814
f 1279//1819 1271//1808 1273//1812
f 1240//1775 1261//1776 1249//1777
f 1277//1820 1265//1791 1276//1816
f 1246//1794 1250//1793 1274//1814
f 1250//1793 1210//1735 1211//1734
f 1206//1748 1255//1821 1304//1750
f 1241//1813 1167//1817 1178//1787
f 1267//1796 1275//1815 1234//1790
f 1236//1781 1260//1797 1267//1796
f 1253//1784 1279//1819 1273//1812
f 1246//1794 1274//1814 1279//1819
f 1240//1775 1249//1777 1266//1773
f 1256//1770 1272//1810 1278//1818
f 1259//1811 1241//1813 1239//1786
f 1259//1811 1248//1801 1241//1813
f 1236//1781 1267//1796 1234//1790
f 1244//1822 1276//1816 1272//1810
f 1244//1822 1277//1820 1276//1816
f 1253//1784 1273//1812 1167//1817
f 1236//1781 1237//1771 1260//1797
f 1237//1771 1278//1818 1269//1800
f 1235//1783 1246//1794 1279//1819
f 1249//1777 1210//1735 1250//1793
f 1249//1777 1226//1755 1210//1735
f 1247//1792 1261//1776 1240//1775
f 1247//1792 1254//1804 1261//1776
f 1244//1822 1272//1810 1256//1770
f 1239//1786 1241//1813 1178//1787
f 1255//1821 1206//1748 1254//1804
f 1262//1802 1238//1774 1235//1783
f 1262//1802 1235//1783 1251//1782
f 1256//1770 1278//1818 1237//1771
f 1241//1813 1253//1784 1167//1817
f 1260//1797 1239//1786 1264//1785
f 1260//1797 1259//1811 1239//1786
f 1243//1795 1244//1822 1256//1770
f 1235//1783 1279//1819 1253//1784
f 1288//1823 1289//1824 1287//1825
f 1288//1823 1287//1825 1281//1826
f 1291//1827 1171//1828 1169//1829
f 1290//1830 1195//1831 1282//1832
f 1201//1741 1285//1833 1232//1756
f 1292//1834 1281//1826 1285//1833
f 1176//1729 1280//1835 1169//1829
f 1281//1826 1286//1836 1291//1827
f 1292//1834 1288//1823 1281//1826
f 1291//1827 1286//1836 1171//1828
f 1204//1766 1280//1835 1176//1729
f 1192//1837 1193//1838 1313//1839
f 1293//1840 1192//1837 1313//1839
f 1294//1841 1284//1842 1287//1825
f 1284//1842 1195//1831 1283//1843
f 1292//1834 1285//1833 1201//1741
f 1215//1740 1292//1834 1201//1741
f 1171//1828 1293//1840 1175//1844
f 1280//1835 1291//1827 1169//1829
f 1232//1756 1280//1835 1204//1766
f 1284//1842 1192//1837 1293//1840
f 1284//1842 1293//1840 1287//1825
f 1281//1826 1287//1825 1286//1836
f 1284//1842 1283//1843 1192//1837
f 1287//1825 1293//1840 1171//1828
f 1284//1842 1282//1832 1195//1831
f 1285//1833 1281//1826 1291//1827
f 1285//1833 1291//1827 1280//1835
f 1286//1836 1287//1825 1171//1828
f 1232//1756 1285//1833 1280//1835
f 1289//1824 1294//1841 1287//1825
f 1296//1845 1297//1846 1295//1847
f 1298//1848 1299//1849 1300//1850
f 1301//1851 1296//1845 1295//1847
f 1295//1847 1297//1846 1302//1852
f 1298//1848 1194//1853 1299//1849
f 1298//1848 1303//1854 1194//1853
f 1297//1846 1305//1855 1302//1852
f 1303//1854 1302//1852 1194//1853
f 1302//1852 1305//1855 1191//1856
f 1301//1851 1304//1857 1296//1845
f 1302//1852 1191//1856 1194//1853
f 1312//1858 1304//1857 1301//1851
f 1305//1855 1306//1859 1191//1856
f 1191//1856 1306//1859 1189//1860
f 1189//1860 1306//1859 1307//1861
f 1300//1862 1299//1862 1290//1862
f 1308//1863 1189//1860 1307//1861
f 1308//1863 1190//1864 1189//1860
f 1309//1865 1188//1866 1190//1864
f 1309//1865 1190//1864 1308//1863
f 1310//1867 1188//1866 1309//1865
f 1310//1867 1196//1724 1188//1866
f 1185//1722 1196//1724 1310//1867
f 1182//1868 1181//1723 1275//1815
f 1182//1868 1245//1869 1170//1870
f 1234//1790 1185//1722 1263//1789
f 1182//1868 1258//1871 1245//1869
f 1181//1723 1185//1722 1234//1790
f 1181//1723 1234//1790 1275//1815
f 1182//1868 1275//1815 1258//1871
f 1263//1789 1185//1722 1310//1867
f 1311//1872 1263//1789 1310//1867
f 1311//1872 1310//1867 1309//1865
f 1252//1769 1311//1872 1309//1865
f 1308//1863 1252//1769 1309//1865
f 1307//1799 1252//1769 1308//1863
f 1255//1821 1296//1845 1304//1750
f 1244//1873 1306//1874 1305//1875
f 1306//1874 1243//1795 1307//1799
f 1306//1874 1244//1873 1243//1795
f 1254//1804 1296//1845 1255//1821
f 1305//1875 1277//1876 1244//1873
f 1305//1875 1297//1846 1268//1803
f 1268//1803 1297//1846 1296//1845
f 1296//1845 1254//1804 1268//1803
f 1268//1803 1277//1876 1305//1875
f 1215//1877 1216//1878 1301//1851
f 1216//1878 1312//1879 1301//1851
f 1219//1880 1304//1857 1312//1858
f 1289//1881 1288//1882 1302//1883
f 1289//1881 1302//1883 1303//1884
f 1294//1885 1289//1881 1303//1884
f 1284//1886 1294//1885 1303//1884
f 1284//1886 1303//1884 1298//1887
f 1300//1888 1290//1889 1298//1887
f 1295//1847 1215//1877 1301//1851
f 1292//1890 1215//1877 1295//1847
f 1302//1883 1288//1882 1295//1847
f 1288//1882 1292//1890 1295//1847
f 1298//1887 1282//1891 1284//1886
f 1298//1887 1290//1889 1282//1891
s 0
f 1184//1892 1183//1893 1174//1894
o node3_Part__Feature003.000
v 0.051797 0.000500 0.045648
v 0.047808 0.000500 0.042709
v 0.071673 0.000500 0.053947
v 0.076008 0.000500 0.054623
v 0.036897 0.000500 0.030766
v 0.054918 0.000500 0.047591
v 0.039824 0.000500 0.034725
v 0.078895 0.000500 0.054886
v 0.057431 0.000500 0.048961
v 0.082497 0.000500 0.055002
v 0.060234 0.000500 0.050302
v 0.082500 0.000654 0.055000
v 0.042483 0.000500 0.037743
v 0.063183 0.000500 0.051503
v 0.044630 0.000500 0.039896
v 0.066746 0.000500 0.052714
v 0.043008 0.023088 0.037333
v 0.043390 0.030552 0.036971
v 0.058480 0.067328 0.042683
v 0.059847 0.060267 0.044815
v 0.067454 0.015615 0.052611
v 0.067557 0.023089 0.052250
v 0.055794 0.044864 0.045075
v 0.045336 0.083049 0.026669
v 0.043349 0.072361 0.027814
v 0.065503 0.008127 0.052241
v 0.042326 0.015613 0.037142
v 0.041261 0.008272 0.036316
v 0.055591 0.030547 0.046593
v 0.055416 0.038000 0.045713
v 0.074142 0.083105 0.044963
v 0.074148 0.074650 0.046823
v 0.047192 0.060247 0.035687
v 0.049232 0.067334 0.035953
v 0.054089 0.015611 0.046751
v 0.053258 0.023085 0.045791
v 0.071404 0.060248 0.048960
v 0.072276 0.052851 0.050300
v 0.046491 0.044864 0.038057
v 0.047212 0.052866 0.037296
v 0.051819 0.008103 0.045581
v 0.069225 0.044847 0.050662
v 0.070754 0.037999 0.051819
v 0.043080 0.038004 0.035638
v 0.059588 0.082957 0.039627
v 0.060623 0.074687 0.042232
v 0.067701 0.030546 0.051730
v 0.070605 0.030548 0.052480
v 0.071144 0.067324 0.047639
v 0.053036 0.030549 0.045028
v 0.067832 0.052867 0.049204
v 0.049216 0.082982 0.031405
v 0.048022 0.074701 0.032759
v 0.051042 0.082974 0.033239
v 0.050651 0.074651 0.035324
v 0.066751 0.038003 0.050754
v 0.051024 0.015615 0.044761
v 0.042893 0.044773 0.034298
v 0.043751 0.082988 0.024339
v 0.070704 0.082968 0.044229
v 0.070037 0.074738 0.045899
v 0.040323 0.015613 0.034841
v 0.045796 0.067348 0.032448
v 0.043674 0.052726 0.033611
v 0.055004 0.060267 0.042018
v 0.040226 0.023086 0.034139
v 0.079991 0.008184 0.054878
v 0.082464 0.015677 0.054711
v 0.083747 0.021300 0.054431
v 0.054396 0.052852 0.042951
v 0.044520 0.060314 0.032823
v 0.052421 0.038000 0.043800
v 0.079410 0.023220 0.054248
v 0.082962 0.024989 0.054214
v 0.050752 0.023087 0.044097
v 0.040415 0.030227 0.033575
v 0.068157 0.060247 0.048109
v 0.079439 0.030680 0.053720
v 0.065864 0.044853 0.049672
v 0.056955 0.074682 0.040121
v 0.064843 0.030548 0.050832
v 0.079454 0.015613 0.054622
v 0.063403 0.015614 0.051271
v 0.079487 0.038170 0.053038
v 0.067985 0.067335 0.046784
v 0.082988 0.038976 0.053032
v 0.055224 0.067335 0.040686
v 0.064103 0.023084 0.051122
v 0.037894 0.007840 0.032083
v 0.082032 0.052552 0.051378
v 0.079516 0.044944 0.052287
v 0.061506 0.008127 0.050775
v 0.048380 0.008222 0.043053
v 0.083026 0.058301 0.050510
v 0.050947 0.044864 0.041826
v 0.038083 0.014839 0.032003
v 0.050093 0.030550 0.042958
v 0.076942 0.008150 0.054648
v 0.079097 0.060439 0.050070
v 0.075811 0.015616 0.054310
v 0.079705 0.067445 0.048883
v 0.056962 0.082995 0.037968
v 0.048112 0.015613 0.042548
v 0.081028 0.074656 0.047533
v 0.083001 0.082868 0.045785
v 0.080647 0.082990 0.045720
v 0.040111 0.039546 0.031778
v 0.062850 0.038000 0.049367
v 0.051129 0.052857 0.040635
v 0.061282 0.023086 0.050023
v 0.049096 0.038004 0.041330
v 0.067685 0.082999 0.043291
v 0.048346 0.023084 0.042255
v 0.042122 0.054300 0.031350
v 0.064451 0.060255 0.046851
v 0.041080 0.046341 0.031757
v 0.076792 0.052868 0.051025
v 0.038141 0.025075 0.031165
v 0.061485 0.030548 0.049538
v 0.060018 0.015613 0.049880
v 0.075257 0.023086 0.053852
v 0.036859 0.013918 0.030288
v 0.037371 0.019917 0.030579
v 0.046747 0.082996 0.028555
v 0.045882 0.074731 0.030321
v 0.062982 0.052856 0.047480
v 0.073927 0.008140 0.054263
v 0.039118 0.032245 0.031598
v 0.074731 0.030552 0.053255
v 0.064973 0.074736 0.044214
v 0.045141 0.008030 0.040292
v 0.055191 0.083096 0.036680
v 0.053490 0.074678 0.037692
v 0.060971 0.044864 0.047765
v 0.050501 0.060267 0.038699
v 0.036845 0.008162 0.030540
v 0.074829 0.038004 0.052585
v 0.036293 0.003796 0.029826
v 0.046838 0.030553 0.040307
v 0.042539 0.059984 0.030461
v 0.045337 0.015616 0.040165
v 0.064387 0.067330 0.045505
v 0.043276 0.066249 0.029653
v 0.052137 0.067327 0.038431
v 0.077808 0.074680 0.047331
v 0.044405 0.074776 0.028428
v 0.077431 0.083206 0.045432
v 0.076097 0.044847 0.051979
v 0.046041 0.023085 0.040290
v 0.056543 0.008243 0.048434
v 0.059058 0.038006 0.047691
v 0.058533 0.023084 0.048760
v 0.071600 0.015613 0.053616
v 0.053182 0.083426 0.034996
v 0.074888 0.067347 0.048396
v 0.058224 0.030548 0.048024
v 0.056733 0.015612 0.048265
v 0.071677 0.023086 0.053248
v 0.069688 0.008052 0.053432
v 0.074700 0.060248 0.049592
v 0.045982 0.038000 0.038597
v 0.072637 0.044855 0.051447
v 0.062952 0.083158 0.041335
v 0.061387 0.067329 0.044194
v 0.058322 0.052866 0.045295
v 0.055851 0.023085 0.047353
v 0.128433 0.044815 0.025189
v 0.127678 0.038583 0.027866
v 0.128471 0.031960 0.027742
v 0.127578 0.038547 -0.028033
v 0.127803 0.031785 -0.028850
v 0.128991 0.031264 -0.026983
v 0.128271 0.026543 0.028863
v 0.129062 0.018359 -0.028507
v 0.128684 0.025041 -0.028395
v 0.128874 0.020957 0.028553
v 0.121304 0.077197 -0.026584
v 0.122029 0.069876 -0.028117
v 0.125157 0.073292 0.021655
v 0.125123 0.067618 0.024014
v 0.124489 0.062264 -0.026907
v 0.125334 0.056561 -0.027283
v 0.126681 0.054420 0.025685
v 0.130287 0.015614 -0.026643
v 0.129466 0.009565 -0.028444
v 0.128379 0.015611 0.029804
v 0.128478 0.009596 0.030007
v 0.128183 0.003905 0.030621
v 0.126642 0.045218 -0.028112
v 0.127394 0.048074 0.026189
v 0.130793 0.003987 -0.026301
v 0.130151 0.000500 -0.027492
v 0.128996 0.000500 0.029388
v 0.120605 0.083031 -0.025319
v 0.123069 0.082713 0.021322
v 0.123245 0.078569 0.022910
v 0.124207 0.073130 0.023493
v 0.127130 0.051177 -0.025840
v 0.123644 0.069614 -0.025782
v 0.131158 0.009935 -0.025433
v 0.127350 0.000500 0.031845
v 0.126429 0.046524 0.028156
v 0.127144 0.031787 0.029863
v 0.127033 0.024716 0.030967
v 0.122567 0.076411 -0.024951
v 0.130057 0.021202 -0.026515
v 0.127143 0.019353 0.031342
v 0.128012 0.045483 -0.025768
v 0.125072 0.062402 0.025931
v 0.131880 0.000500 -0.024233
v 0.137470 0.005497 -0.000992
v 0.137498 0.002506 0.000000
v 0.137486 0.000500 -0.001430
v 0.137486 0.000500 0.001430
v 0.137467 0.005497 0.000997
v 0.127409 0.010067 0.031568
v 0.129175 0.041525 -0.024608
v 0.132146 0.004065 -0.023658
v 0.121456 0.082927 0.024034
v 0.130698 0.024886 -0.024869
v 0.122290 0.076617 0.025316
v 0.123760 0.069622 0.025590
v 0.125907 0.062254 -0.024554
v 0.125143 0.055141 0.027971
v 0.129492 0.035391 -0.025338
v 0.126131 0.006267 0.033438
v 0.122102 0.082909 -0.022960
v 0.126964 0.056553 -0.024530
v 0.125121 0.067619 -0.024017
v 0.131584 0.017465 -0.023991
v 0.126168 0.038861 0.030116
v 0.124981 0.000501 0.034967
v 0.130790 0.028289 -0.024142
v 0.124309 0.073128 -0.023315
v 0.126750 0.013826 0.032293
v 0.125091 0.047078 0.030022
v 0.125631 0.031422 0.032057
v 0.123716 0.060251 0.028659
v 0.082482 0.004538 -0.054985
v 0.085404 0.000500 -0.054937
v 0.083770 0.009969 -0.054879
v 0.082484 0.011954 -0.054837
v 0.084243 0.015621 -0.054682
v 0.123381 0.078648 -0.022623
v 0.123092 0.066066 0.027816
v 0.084338 0.020826 -0.054439
v 0.085743 0.005813 -0.054880
v 0.124906 0.023703 0.033928
v 0.082513 0.031289 -0.053749
v 0.125318 0.017579 0.033929
v 0.132659 0.009935 -0.022316
v 0.129283 0.048245 -0.022608
v 0.130550 0.035634 -0.023218
v 0.083812 0.035251 -0.053384
v 0.133307 0.000501 -0.021107
v 0.121975 0.071305 0.027711
v 0.084012 0.028285 -0.053964
v 0.084159 0.041970 -0.052686
v 0.127402 0.060251 -0.022449
v 0.123521 0.054410 0.030486
v 0.128323 0.054611 -0.022560
v 0.086199 0.011874 -0.054716
v 0.081238 0.047802 -0.052035
v 0.083196 0.049071 -0.051840
v 0.124629 0.039104 0.032196
v 0.131699 0.031661 -0.021579
v 0.083585 0.055339 -0.050956
v 0.132669 0.017647 -0.021613
v 0.120051 0.082979 0.026154
v 0.126754 0.065469 -0.021764
v 0.123663 0.046206 0.032127
v 0.086652 0.023018 -0.054180
v 0.083610 0.060398 -0.050162
v 0.132298 0.024924 -0.021454
v 0.120913 0.076352 0.027450
v 0.087506 0.017287 -0.054415
v 0.086111 0.028162 -0.053875
v 0.130560 0.042790 -0.021440
v 0.082187 0.065415 -0.049327
v 0.125311 0.072960 -0.021492
v 0.086308 0.035138 -0.053278
v 0.088680 0.006607 -0.054620
v 0.089098 0.000500 -0.054608
v 0.083568 0.073010 -0.047886
v 0.125010 0.010155 0.034727
v 0.123676 0.000500 0.036471
v 0.124246 0.032159 0.033740
v 0.081441 0.082044 -0.045966
v 0.083747 0.078714 -0.046694
v 0.085034 0.066072 -0.049144
v 0.085132 0.051544 -0.051442
v 0.086905 0.045875 -0.052075
v 0.131544 0.038734 -0.020254
v 0.120967 0.067627 0.030232
v 0.122362 0.062301 0.029958
v 0.084430 0.083522 -0.045592
v 0.133730 0.010116 -0.019718
v 0.123402 0.028285 0.035237
v 0.089147 0.011874 -0.054436
v 0.134453 0.000500 -0.018093
v 0.088565 0.031631 -0.053383
v 0.123816 0.013883 0.035970
v 0.122702 0.038736 0.034634
v 0.129493 0.055176 -0.019806
v 0.133391 0.018909 -0.019705
v 0.085905 0.058398 -0.050382
v 0.123005 0.006701 0.037154
v 0.134326 0.004013 -0.018391
v 0.122808 0.020404 0.036671
v 0.125099 0.077381 -0.019862
v 0.126798 0.069450 -0.019949
v 0.128419 0.062203 -0.019481
v 0.130611 0.048235 -0.019615
v 0.118755 0.078641 0.029491
v 0.118449 0.083049 0.028291
v 0.087271 0.051541 -0.051292
v 0.119637 0.073434 0.030117
v 0.087624 0.039053 -0.052778
v 0.121708 0.056548 0.032270
v 0.088916 0.024929 -0.053839
v 0.122278 0.033535 0.035862
v 0.133022 0.028158 -0.019057
v 0.121662 0.051732 0.033427
v 0.121879 0.045095 0.034495
v 0.090097 0.017468 -0.054101
v 0.120553 0.062699 0.032122
v 0.091764 0.000501 -0.054232
v 0.085945 0.073130 -0.047748
v 0.086925 0.065779 -0.049059
v 0.121476 0.000501 0.038831
v 0.133970 0.023884 -0.017276
v 0.086459 0.078619 -0.046561
v 0.088264 0.058770 -0.050112
v 0.121627 0.027921 0.037239
v 0.122284 0.013938 0.037648
v 0.134797 0.011875 -0.016524
v 0.131376 0.046658 -0.018214
v 0.132387 0.038837 -0.018035
v 0.091754 0.009753 -0.054115
v 0.127570 0.069457 -0.018139
v 0.130616 0.052858 -0.017871
v 0.134424 0.017289 -0.017021
v 0.124911 0.082930 -0.017215
v 0.089856 0.040683 -0.052345
v 0.091730 0.024751 -0.053446
v 0.133097 0.031839 -0.018016
v 0.126443 0.076429 -0.017226
v 0.088688 0.065781 -0.048870
v 0.134810 0.006645 -0.016874
v 0.119894 0.058559 0.033902
v 0.091664 0.030059 -0.053065
v 0.120895 0.037010 0.036869
v 0.092524 0.017469 -0.053708
v 0.118711 0.069148 0.032480
v 0.120782 0.010229 0.039338
v 0.090053 0.054781 -0.050490
v 0.090313 0.048594 -0.051321
v 0.092266 0.034714 -0.052555
v 0.120395 0.015613 0.039463
v 0.119916 0.050243 0.035672
v 0.087905 0.073257 -0.047539
v 0.119800 0.041877 0.037267
v 0.116593 0.082927 0.030541
v 0.135650 0.000501 -0.014215
v 0.129053 0.065273 -0.016379
v 0.120921 0.021085 0.038590
v 0.130080 0.058410 -0.016939
v 0.094674 0.000501 -0.053654
v 0.118978 0.000500 0.041180
v 0.133281 0.035589 -0.016421
v 0.094024 0.009933 -0.053674
v 0.092146 0.041536 -0.051869
v 0.135712 0.009600 -0.013551
v 0.132565 0.043597 -0.015904
v 0.118995 0.006079 0.041117
v 0.134330 0.028287 -0.015103
v 0.118260 0.063937 0.034342
v 0.128221 0.071303 -0.015357
v 0.134900 0.021254 -0.014772
v 0.120221 0.031790 0.038234
v 0.119417 0.024930 0.039716
v 0.135348 0.017469 -0.013863
v 0.090937 0.063941 -0.048858
v 0.117779 0.057628 0.036313
v 0.089567 0.077000 -0.046548
v 0.090280 0.083079 -0.045080
v 0.118412 0.049675 0.037292
v 0.117472 0.073135 0.032691
v 0.094863 0.023018 -0.052914
v 0.094841 0.017275 -0.053228
v 0.127183 0.076696 -0.015024
v 0.094700 0.028109 -0.052604
v 0.118994 0.035141 0.039000
v 0.118110 0.011877 0.041713
v 0.090789 0.069956 -0.047776
v 0.133699 0.038734 -0.013924
v 0.116491 0.076855 0.032621
v 0.116466 0.069463 0.034737
v 0.131956 0.050259 -0.015049
v 0.091800 0.059043 -0.049534
v 0.136409 0.000500 -0.010967
v 0.092848 0.051251 -0.050503
v 0.094031 0.045429 -0.051025
v 0.094338 0.038734 -0.051720
v 0.118022 0.033554 0.040094
v 0.096665 0.010304 -0.053031
v 0.097550 0.000501 -0.052920
v 0.118531 0.017467 0.041071
v 0.136329 0.004020 -0.011250
v 0.134505 0.030583 -0.013841
v 0.126350 0.082908 -0.013143
v 0.129742 0.065720 -0.013999
v 0.130846 0.058469 -0.014556
v 0.135408 0.024862 -0.011892
v 0.135993 0.015611 -0.011487
v 0.117435 0.042072 0.039458
v 0.133310 0.045402 -0.012449
v 0.097040 0.017333 -0.052672
v 0.116610 0.061958 0.036448
v 0.114266 0.080914 0.033597
v 0.128070 0.076529 -0.012236
v 0.116613 0.047878 0.039247
v 0.136354 0.009599 -0.010687
v 0.093477 0.066122 -0.047959
v 0.094830 0.058526 -0.048953
v 0.116659 0.006174 0.043069
v 0.115327 0.000501 0.044155
v 0.116638 0.028401 0.041814
v 0.096748 0.038557 -0.051132
v 0.096128 0.031842 -0.051951
v 0.117481 0.021142 0.041727
v 0.097202 0.024750 -0.052200
v 0.135896 0.021033 -0.010693
v 0.132519 0.051544 -0.012314
v 0.134273 0.038551 -0.011691
v 0.129375 0.069799 -0.012522
v 0.115843 0.054267 0.038758
v 0.092552 0.073129 -0.046803
v 0.094782 0.051675 -0.050008
v 0.131586 0.058337 -0.011931
v 0.135063 0.031928 -0.010997
v 0.099257 0.010038 -0.052274
v 0.115532 0.015617 0.043623
v 0.115192 0.066087 0.036776
v 0.100381 0.000501 -0.052031
v 0.093709 0.082899 -0.044386
v 0.099118 0.021250 -0.051846
v 0.136876 0.006214 -0.008069
v 0.114491 0.073342 0.035559
v 0.097288 0.045034 -0.050225
v 0.130618 0.065776 -0.010561
v 0.093005 0.076837 -0.045932
v 0.136536 0.013367 -0.009087
v 0.114577 0.060251 0.038616
v 0.115192 0.041739 0.041384
v 0.115496 0.035891 0.041913
v 0.115845 0.021468 0.043023
v 0.133902 0.045211 -0.009828
v 0.100595 0.017468 -0.051554
v 0.131674 0.060251 -0.010099
v 0.098503 0.030161 -0.051417
v 0.095366 0.071299 -0.046482
v 0.115610 0.010084 0.043782
v 0.095826 0.065888 -0.047402
v 0.137015 0.000500 -0.007331
v 0.135630 0.029897 -0.008903
v 0.097361 0.051372 -0.049348
v 0.114778 0.026539 0.043431
v 0.136352 0.021146 -0.008059
v 0.133126 0.051194 -0.009775
v 0.134702 0.038734 -0.009500
v 0.101266 0.009631 -0.051598
v 0.114942 0.048574 0.040522
v 0.097582 0.056561 -0.048494
v 0.113131 0.000500 0.045697
v 0.111568 0.083395 0.035213
v 0.127436 0.082876 -0.008814
v 0.128263 0.078659 -0.009445
v 0.129522 0.072833 -0.009307
v 0.099318 0.038558 -0.050341
v 0.113138 0.063942 0.038981
v 0.114263 0.031968 0.043292
v 0.112597 0.076832 0.036253
v 0.113032 0.069453 0.037789
v 0.113385 0.054553 0.040697
v 0.113766 0.010108 0.045119
v 0.100665 0.031607 -0.050561
v 0.113186 0.021147 0.044987
v 0.095292 0.076944 -0.045322
v 0.136849 0.013745 -0.006885
v 0.098068 0.061768 -0.047468
v 0.103162 0.000501 -0.050991
v 0.112430 0.003904 0.046139
v 0.137213 0.005816 -0.005363
v 0.102024 0.024598 -0.050615
v 0.113385 0.046382 0.042075
v 0.096421 0.083031 -0.043580
v 0.134741 0.041876 -0.007133
v 0.136162 0.028420 -0.005861
v 0.100436 0.046703 -0.048978
v 0.131212 0.065434 -0.007735
v 0.112854 0.038909 0.043498
v 0.103392 0.017343 -0.050492
v 0.132782 0.055003 -0.008634
v 0.112510 0.015611 0.045745
v 0.135472 0.035441 -0.006622
v 0.137329 0.000500 -0.004394
v 0.100086 0.051727 -0.048393
v 0.136675 0.021251 -0.005402
v 0.097886 0.069619 -0.046049
v 0.103679 0.009932 -0.050647
v 0.111151 0.067629 0.039659
v 0.112599 0.028105 0.044830
v 0.110413 0.078610 0.037482
v 0.111012 0.072964 0.038493
v 0.101393 0.038609 -0.049595
v 0.111572 0.009930 0.046567
v 0.109116 0.082890 0.037259
v 0.112071 0.058404 0.040939
v 0.132584 0.058337 -0.006580
v 0.097526 0.076941 -0.044627
v 0.137147 0.013939 -0.003846
v 0.134249 0.046584 -0.006637
v 0.100819 0.056557 -0.047364
v 0.103387 0.033525 -0.049326
v 0.111611 0.046450 0.043316
v 0.129293 0.076535 -0.006028
v 0.105666 0.000501 -0.049900
v 0.109348 0.000500 0.048017
v 0.137365 0.006421 -0.003300
v 0.136874 0.021143 -0.002939
v 0.100230 0.069461 -0.045236
v 0.133712 0.051374 -0.005781
v 0.110600 0.038735 0.045009
v 0.111556 0.031792 0.045176
v 0.102268 0.042395 -0.048813
v 0.110858 0.062402 0.040993
v 0.135720 0.035441 -0.004168
v 0.109656 0.004005 0.047820
v 0.136449 0.027560 -0.003160
v 0.127931 0.082927 -0.005592
v 0.100501 0.062026 -0.046551
v 0.110573 0.051376 0.043220
v 0.105858 0.010104 -0.049674
v 0.110303 0.024940 0.046553
v 0.130730 0.069465 -0.005887
v 0.099062 0.082909 -0.042676
v 0.109874 0.017669 0.047277
v 0.134900 0.043373 -0.004052
v 0.109028 0.072965 0.039890
v 0.104566 0.024878 -0.049532
v 0.099617 0.076396 -0.043991
v 0.106046 0.017467 -0.049300
v 0.132108 0.062266 -0.005071
v 0.109529 0.009753 0.047786
v 0.105691 0.030918 -0.048528
v 0.109395 0.056556 0.043076
v 0.103151 0.052855 -0.046991
v 0.103593 0.048101 -0.047503
v 0.107799 0.005850 -0.048810
v 0.133453 0.054410 -0.003913
v 0.102110 0.065749 -0.045197
v 0.137386 0.010092 -0.000954
v 0.107809 0.078699 0.039267
v 0.108410 0.067624 0.041499
v 0.109117 0.062085 0.042204
v 0.105336 0.044623 -0.047174
v 0.130237 0.073021 -0.003855
v 0.109588 0.045327 0.044760
v 0.109704 0.031838 0.046308
v 0.109348 0.000500 -0.048017
v 0.106914 0.026540 -0.048292
v 0.137137 0.017470 -0.000247
v 0.103648 0.058399 -0.045861
v 0.104935 0.038734 -0.048083
v 0.135419 0.039993 -0.001336
v 0.136152 0.032108 -0.001809
v 0.132313 0.062085 -0.002919
v 0.101842 0.078614 -0.042551
v 0.134409 0.048214 -0.002330
v 0.129125 0.078603 -0.003200
v 0.107794 0.013550 -0.048599
v 0.106723 0.006579 0.049344
v 0.105689 0.082723 0.039527
v 0.107363 0.013568 0.048824
v 0.108596 0.051369 0.044439
v 0.131075 0.069331 -0.001926
v 0.102010 0.082873 -0.041429
v 0.128200 0.083049 -0.002223
v 0.107414 0.040476 0.046641
v 0.107873 0.035273 0.046993
v 0.133151 0.057371 -0.001140
v 0.107649 0.028113 0.047785
v 0.136733 0.024748 -0.000001
v 0.102805 0.073307 -0.043317
v 0.107501 0.021202 -0.048370
v 0.106062 0.000500 0.049703
v 0.105535 0.051381 -0.046100
v 0.106343 0.073493 0.041434
v 0.106684 0.065782 0.042915
v 0.107723 0.021138 0.048255
v 0.107201 0.045087 0.046158
v 0.137372 0.010070 0.001443
v 0.104568 0.065665 -0.044066
v 0.133979 0.051671 -0.001271
v 0.106865 0.038734 -0.047136
v 0.136205 0.031782 0.000484
v 0.106894 0.058403 0.044222
v 0.109892 0.006081 -0.047659
v 0.109605 0.013743 -0.047608
v 0.107899 0.032106 -0.047294
v 0.109312 0.024853 -0.047134
v 0.129679 0.076478 -0.000980
v 0.106381 0.051980 0.045577
v 0.132080 0.063940 -0.000223
v 0.134819 0.045221 0.001413
v 0.104930 0.078569 0.041011
v 0.135556 0.038787 0.000479
v 0.137044 0.017472 0.003194
v 0.137364 0.000501 0.004113
v 0.106091 0.058396 -0.044649
v 0.110532 0.021025 -0.046689
v 0.104124 0.000501 0.050593
v 0.105425 0.028586 0.048853
v 0.136654 0.025114 0.002439
v 0.105697 0.021683 0.049230
v 0.105092 0.014057 0.049894
v 0.137266 0.009755 0.003859
v 0.107385 0.048233 -0.045605
v 0.108303 0.041894 -0.045972
v 0.134048 0.051199 0.001076
v 0.136121 0.031785 0.003139
v 0.104869 0.063942 0.044248
v 0.111849 0.006350 -0.046482
v 0.112510 0.000500 -0.046097
v 0.104891 0.048235 0.046883
v 0.104798 0.035857 0.048468
v 0.110604 0.030057 -0.045935
v 0.131411 0.067623 0.001101
v 0.108097 0.052855 -0.044490
v 0.109733 0.035633 -0.045894
v 0.105434 0.073128 -0.042021
v 0.103756 0.010105 0.050609
v 0.104842 0.042250 0.047704
v 0.111713 0.014114 -0.046329
v 0.104333 0.069624 0.043364
v 0.105035 0.078598 -0.040944
v 0.130384 0.072968 0.001375
v 0.106842 0.065886 -0.042802
v 0.132967 0.058478 0.001599
v 0.135412 0.039268 0.003136
v 0.136537 0.024390 0.004877
v 0.104469 0.058402 0.045470
v 0.109739 0.047823 -0.044310
v 0.103043 0.076856 0.042394
v 0.128163 0.083297 0.001390
v 0.108469 0.058401 -0.043314
v 0.110065 0.042248 -0.044891
v 0.103203 0.024699 0.050134
v 0.137063 0.000501 0.007063
v 0.129199 0.078598 0.001858
v 0.103350 0.017469 0.050499
v 0.102976 0.041897 0.048581
v 0.133952 0.051253 0.003223
v 0.101368 0.004068 0.051656
v 0.136790 0.017645 0.006043
v 0.137012 0.010299 0.006408
v 0.102137 0.031916 0.049983
v 0.111874 0.035096 -0.044615
v 0.101607 0.009927 0.051465
v 0.134617 0.045466 0.004377
v 0.100843 0.082713 0.042001
v 0.111844 0.024817 -0.045605
v 0.113707 0.010114 -0.045157
v 0.114522 0.003981 -0.044705
v 0.115541 0.000500 -0.043986
v 0.108755 0.063940 -0.042058
v 0.103242 0.050189 0.047362
v 0.100597 0.000500 0.051943
v 0.101852 0.072960 0.043824
v 0.102523 0.065778 0.045006
v 0.135980 0.030057 0.006287
v 0.132290 0.062161 0.003147
v 0.113288 0.017471 -0.045138
v 0.135555 0.035630 0.005752
v 0.113256 0.028109 -0.044386
v 0.110712 0.051195 -0.043158
v 0.101335 0.026537 0.050726
v 0.107647 0.076285 -0.039979
v 0.101983 0.058408 0.046594
v 0.133273 0.054590 0.005648
v 0.100791 0.037831 0.049911
v 0.112302 0.043572 -0.043263
v 0.134866 0.041738 0.006264
v 0.101060 0.017411 0.051392
v 0.130215 0.073128 0.003874
v 0.136184 0.025125 0.007538
v 0.107875 0.069599 -0.041397
v 0.128070 0.083031 0.004051
v 0.114177 0.021523 -0.044259
v 0.115442 0.009933 -0.043913
v 0.136643 0.006562 0.009495
v 0.136541 0.000500 0.010251
v 0.100585 0.052854 0.048037
v 0.111190 0.058807 -0.041485
v 0.131568 0.065847 0.004214
v 0.099508 0.009932 0.052194
v 0.136289 0.019353 0.009038
v 0.136596 0.013884 0.008628
v 0.100170 0.078608 0.043265
v 0.100466 0.046699 0.048965
v 0.133950 0.048634 0.006895
v 0.117118 0.003960 -0.042736
v 0.129003 0.078621 0.004587
v 0.097817 0.006229 0.052796
v 0.114066 0.038404 -0.042693
v 0.099973 0.065959 0.046027
v 0.099845 0.021088 0.051619
v 0.109565 0.069620 -0.040310
v 0.132327 0.060244 0.006087
v 0.116167 0.017133 -0.043051
v 0.097783 0.000500 0.052839
v 0.114938 0.031752 -0.042820
v 0.134997 0.037012 0.008819
v 0.135537 0.032106 0.008304
v 0.109042 0.082892 -0.037310
v 0.111352 0.063941 -0.040321
v 0.112756 0.053595 -0.041343
v 0.098636 0.033536 0.051069
v 0.099460 0.028348 0.051253
v 0.099368 0.073607 0.044699
v 0.115625 0.024748 -0.042940
v 0.135883 0.021621 0.010607
v 0.117290 0.009610 -0.042477
v 0.097935 0.023019 0.052103
v 0.129880 0.073135 0.006872
v 0.131314 0.065778 0.006630
v 0.099672 0.058313 0.047504
v 0.118416 0.000500 -0.041661
v 0.134478 0.042032 0.008729
v 0.135506 0.026541 0.010886
v 0.136162 0.013743 0.011018
v 0.097888 0.083405 0.042988
v 0.109810 0.076999 -0.038351
v 0.097099 0.013751 0.052810
v 0.114234 0.048232 -0.041137
v 0.116527 0.032239 -0.041509
v 0.136039 0.003991 0.012551
v 0.135742 0.000500 0.013848
v 0.097842 0.060256 0.047801
v 0.132251 0.058568 0.008506
v 0.095113 0.005485 0.053520
v 0.135049 0.031601 0.011192
v 0.111831 0.069459 -0.038735
v 0.114264 0.054626 -0.039999
v 0.098031 0.051371 0.049140
v 0.132956 0.052857 0.009418
v 0.097417 0.045073 0.050186
v 0.098488 0.038784 0.050590
v 0.135897 0.009817 0.012759
v 0.115062 0.042073 -0.041438
v 0.117447 0.026541 -0.041314
v 0.128639 0.078569 0.007500
v 0.117751 0.021444 -0.041477
v 0.097225 0.078568 0.044365
v 0.133636 0.046709 0.010261
v 0.097029 0.072839 0.045678
v 0.096323 0.017615 0.052854
v 0.118815 0.013746 -0.041019
v 0.094921 0.000500 0.053584
v 0.097246 0.028618 0.051907
v 0.116756 0.038730 -0.040523
v 0.097342 0.065777 0.046969
v 0.096927 0.056558 0.048690
v 0.113546 0.061741 -0.039138
v 0.135412 0.017470 0.013626
v 0.119519 0.006281 -0.040633
v 0.134325 0.038732 0.011369
v 0.130819 0.065704 0.009685
v 0.116416 0.047082 -0.039561
v 0.134961 0.024862 0.013731
v 0.096194 0.038738 0.051263
v 0.095154 0.024923 0.052723
v 0.121154 0.000501 -0.039150
v 0.135312 0.005899 0.015275
v 0.119683 0.021144 -0.039782
v 0.131858 0.058521 0.010571
v 0.111941 0.077045 -0.036724
v 0.094957 0.031794 0.052250
v 0.111922 0.083296 -0.034959
v 0.127315 0.082892 0.009354
v 0.129260 0.073490 0.009921
v 0.094660 0.081010 0.044589
v 0.093053 0.013891 0.053757
v 0.118360 0.035438 -0.039544
v 0.095700 0.050476 0.049946
v 0.135003 0.013438 0.015681
v 0.094650 0.065952 0.047710
v 0.134416 0.031591 0.013830
v 0.114599 0.067627 -0.036924
v 0.092733 0.021146 0.053487
v 0.116333 0.054786 -0.038228
v 0.132105 0.054778 0.012059
v 0.132521 0.049511 0.013450
v 0.118899 0.028615 -0.039836
v 0.133593 0.042067 0.012909
v 0.113661 0.072968 -0.036383
v 0.093904 0.043106 0.051340
v 0.092024 0.000500 0.054174
v 0.115566 0.061886 -0.037419
v 0.120923 0.015614 -0.038947
v 0.120848 0.009788 -0.039285
v 0.134453 0.000500 0.018093
v 0.091822 0.006192 0.054176
v 0.094439 0.073127 0.046358
v 0.094596 0.058915 0.048946
v 0.129581 0.069746 0.011775
v 0.118133 0.042068 -0.038827
v 0.133963 0.035320 0.014247
v 0.092188 0.026542 0.053238
v 0.091080 0.013597 0.054117
v 0.120427 0.035078 -0.037624
v 0.121105 0.028294 -0.037747
v 0.121433 0.021141 -0.038066
v 0.122386 0.012859 -0.037602
v 0.093241 0.035272 0.052308
v 0.134423 0.021101 0.016417
v 0.132681 0.045384 0.014782
v 0.093543 0.051369 0.050338
v 0.092135 0.045340 0.051426
v 0.122960 0.006055 -0.037218
v 0.132685 0.042053 0.016116
v 0.134516 0.006307 0.017780
v 0.133943 0.028107 0.016417
v 0.129986 0.065668 0.013169
v 0.118193 0.051374 -0.037174
v 0.119296 0.046722 -0.036964
v 0.092850 0.083287 0.044500
v 0.091137 0.031675 0.053021
v 0.116679 0.063939 -0.035914
v 0.131161 0.058464 0.013474
v 0.134055 0.013923 0.018518
v 0.092018 0.058511 0.049577
v 0.133854 0.023018 0.017762
v 0.128128 0.077241 0.011425
v 0.090428 0.037943 0.052555
v 0.120259 0.041893 -0.036792
v 0.124167 0.000500 -0.035922
v 0.117937 0.058509 -0.035952
v 0.089099 0.000500 0.054608
v 0.091653 0.072661 0.047089
v 0.091238 0.065594 0.048519
v 0.114524 0.076833 -0.034563
v 0.132974 0.036854 0.016982
v 0.089353 0.006614 0.054533
v 0.091509 0.078703 0.045839
v 0.089346 0.020768 0.054040
v 0.116153 0.069454 -0.035044
v 0.091303 0.051244 0.050798
v 0.131229 0.052856 0.016125
v 0.114361 0.083404 -0.032705
v 0.126238 0.082919 0.013505
v 0.133451 0.006407 0.020633
v 0.133133 0.028159 0.018763
v 0.128223 0.071323 0.015357
v 0.129122 0.065914 0.015845
v 0.133164 0.020826 0.020003
v 0.089047 0.027925 0.053615
v 0.123268 0.024750 -0.035766
v 0.087916 0.013747 0.054517
v 0.119480 0.054778 -0.035194
v 0.123244 0.017533 -0.036399
v 0.131473 0.048428 0.017280
v 0.133110 0.000500 0.021545
v 0.130454 0.058337 0.015864
v 0.086682 0.006361 0.054812
v 0.127286 0.076453 0.014890
v 0.124513 0.010104 -0.035327
v 0.124998 0.003981 -0.034899
v 0.117286 0.071294 -0.033405
v 0.089076 0.042233 0.052276
v 0.132865 0.013351 0.021600
v 0.122656 0.038542 -0.034720
v 0.090025 0.082928 0.045149
v 0.122596 0.031972 -0.035707
v 0.089607 0.076337 0.046680
v 0.090048 0.054784 0.050489
v 0.088956 0.048075 0.051571
v 0.086153 0.000500 0.054884
v 0.121364 0.047053 -0.034714
v 0.116203 0.077042 -0.032857
v 0.118960 0.062029 -0.034083
v 0.131125 0.044948 0.019434
v 0.131823 0.039066 0.019471
v 0.132234 0.031823 0.020295
v 0.125308 0.082724 0.016359
v 0.124219 0.031377 -0.033885
v 0.125214 0.024562 -0.033447
v 0.088854 0.058330 0.050110
v 0.086224 0.020930 0.054338
v 0.121176 0.054781 -0.033323
v 0.124854 0.017603 -0.034501
v 0.126024 0.009764 -0.033464
v 0.087773 0.031975 0.053436
v 0.126477 0.000500 -0.033040
v 0.132157 0.000501 0.023691
v 0.116748 0.083079 -0.030328
v 0.131844 0.026545 0.022217
v 0.118943 0.065991 -0.033090
v 0.129733 0.058812 0.017686
v 0.085624 0.028132 0.053912
v 0.085373 0.013569 0.054713
v 0.132029 0.009767 0.023690
v 0.126817 0.004057 -0.032564
v 0.088218 0.069256 0.048286
v 0.128184 0.065278 0.018669
v 0.131975 0.021313 0.022716
v 0.122912 0.046710 -0.032967
v 0.130392 0.051377 0.019033
v 0.083670 0.003818 0.054986
v 0.117743 0.078594 -0.030697
v 0.118435 0.073462 -0.031527
v 0.126099 0.078617 0.016817
v 0.087655 0.062101 0.049632
v 0.087240 0.050274 0.051474
v 0.121168 0.062098 -0.031540
v 0.130543 0.038539 0.022579
v 0.085728 0.042267 0.052581
v 0.086047 0.035934 0.053223
v 0.126728 0.018195 -0.032029
v 0.082500 0.000500 0.055002
v 0.131549 0.017151 0.024093
v 0.124509 0.040472 -0.032111
v 0.125073 0.035266 -0.032238
v 0.126552 0.072964 0.018846
v 0.128647 0.058698 0.020396
v 0.129927 0.045220 0.022128
v 0.086762 0.076703 0.046950
v 0.120149 0.069457 -0.030707
v 0.083246 0.009707 0.054897
v 0.129498 0.051690 0.021044
v 0.131179 0.031833 0.022702
v 0.127742 0.008134 -0.031159
v 0.128189 0.000500 -0.030629
v 0.131078 0.006264 0.025720
v 0.127819 0.013559 -0.030796
v 0.124787 0.045223 -0.030839
v 0.126457 0.031768 -0.030872
v 0.130507 0.000500 0.026849
v 0.085735 0.082910 0.045662
v 0.127167 0.024749 -0.030761
v 0.119860 0.076399 -0.028857
v 0.130227 0.024754 0.025770
v 0.125202 0.077208 0.019731
v 0.129045 0.004033 -0.029303
v 0.086166 0.069669 0.048408
v 0.085578 0.055190 0.050899
v 0.123313 0.053309 -0.031035
v 0.130702 0.013748 0.026029
v 0.083131 0.032323 0.053660
v 0.118993 0.082900 -0.027640
v 0.123833 0.083426 0.019391
v 0.126801 0.066135 0.021400
v 0.127823 0.056560 0.022911
v 0.130258 0.019349 0.026342
v 0.085414 0.062088 0.049813
v 0.129894 0.006215 0.027851
v 0.123260 0.058924 -0.029676
v 0.128271 0.051047 0.023786
v 0.126137 0.038906 -0.030148
v 0.129790 0.032118 0.025408
v 0.084149 0.046948 0.052100
v 0.122175 0.065711 -0.029218
v 0.129188 0.038738 0.025208
v 0.083439 0.063838 0.049589
v 0.126630 0.061258 0.023594
v 0.083586 0.076821 0.047107
v 0.129662 0.013564 0.027884
v 0.125330 0.051381 -0.028664
v 0.083384 0.069619 0.048546
v 0.115681 0.099899 -0.010316
v 0.108291 0.091822 0.033178
v 0.114168 0.101357 -0.008258
v 0.119758 0.085059 -0.025542
v 0.117242 0.085337 -0.028728
v 0.098941 0.100652 0.029468
v 0.117698 0.095404 -0.017756
v 0.115462 0.083502 0.031558
v 0.115228 0.085953 0.030671
v 0.118639 0.088906 -0.024434
v 0.104180 0.094551 0.033743
v 0.103855 0.096216 0.032290
v 0.117889 0.097803 -0.011390
v 0.116492 0.098656 -0.012623
v 0.111042 0.088987 0.032945
v 0.118463 0.093248 -0.019860
v 0.119058 0.093596 -0.018168
v 0.100241 0.099370 0.030658
v 0.107618 0.093643 0.032152
v 0.119592 0.086830 -0.024633
v 0.117220 0.097026 -0.015306
v 0.096444 0.100545 0.030892
v 0.096605 0.101652 0.029011
v 0.113173 0.085955 0.032734
v 0.118974 0.091215 -0.021591
v 0.103782 0.097485 0.030885
v 0.110898 0.090851 0.031746
v 0.100329 0.098146 0.032216
v 0.118412 0.096466 -0.013847
v 0.113810 0.087948 0.030992
v 0.111521 0.087300 0.033527
v 0.120151 0.089931 -0.020979
v 0.108012 0.090199 0.034567
v 0.120695 0.087434 -0.022404
v 0.119396 0.094552 -0.015718
v 0.113506 0.083978 0.033294
v 0.120533 0.091544 -0.018261
v 0.115392 0.100609 -0.007800
v 0.105495 0.092323 0.034789
v 0.101712 0.096230 0.033586
v 0.096835 0.099262 0.032520
v 0.121499 0.088907 -0.019549
v 0.093273 0.101359 0.030897
v 0.117739 0.098603 -0.008724
v 0.120746 0.092776 -0.015829
v 0.098262 0.097029 0.034526
v 0.120279 0.094465 -0.013663
v 0.108761 0.088102 0.035287
v 0.096898 0.098179 0.033836
v 0.114944 0.101371 -0.004156
v 0.121880 0.084780 -0.022313
v 0.101102 0.094980 0.035157
v 0.119745 0.096147 -0.010783
v 0.102286 0.093563 0.035746
v 0.110440 0.085837 0.035147
v 0.121937 0.086972 -0.020549
v 0.121665 0.090952 -0.016598
v 0.116521 0.099960 -0.006739
v 0.093286 0.099895 0.033051
v 0.102778 0.091863 0.036779
v 0.121701 0.092777 -0.013303
v 0.105804 0.089971 0.036231
v 0.119910 0.096712 -0.008024
v 0.120981 0.094548 -0.011295
v 0.107339 0.087528 0.036621
v 0.123034 0.089062 -0.015905
v 0.097912 0.095409 0.036276
v 0.123056 0.085954 -0.019158
v 0.094887 0.098243 0.034562
v 0.117625 0.099202 -0.005854
v 0.123392 0.087296 -0.017146
v 0.122472 0.090910 -0.014615
v 0.119182 0.097868 -0.005592
v 0.089772 0.101835 0.031146
v 0.108888 0.084917 0.036709
v 0.103962 0.089927 0.037380
v 0.098523 0.093643 0.037523
v 0.117493 0.099614 -0.003033
v 0.123576 0.083289 -0.020016
v 0.121609 0.094626 -0.008618
v 0.103772 0.087991 0.038575
v 0.088609 0.101288 0.032279
v 0.106372 0.086070 0.037922
v 0.095310 0.096228 0.036515
v 0.122492 0.092997 -0.010122
v 0.123330 0.090964 -0.011925
v 0.089924 0.100002 0.033815
v 0.107673 0.083861 0.037931
v 0.116058 0.100795 -0.000192
v 0.124322 0.084914 -0.017165
v 0.123944 0.089017 -0.013410
v 0.099894 0.091825 0.038237
v 0.091374 0.098548 0.035274
v 0.124869 0.086324 -0.014337
v 0.101293 0.089845 0.038846
v 0.092136 0.097429 0.036305
v 0.121437 0.095400 -0.006109
v 0.120840 0.096396 -0.003985
v 0.104859 0.085439 0.039104
v 0.119594 0.097800 -0.002402
v 0.094929 0.094479 0.038191
v 0.124752 0.089062 -0.010524
v 0.123177 0.092809 -0.007536
v 0.097669 0.091308 0.039526
v 0.122281 0.094542 -0.005199
v 0.125056 0.087694 -0.011824
v 0.124242 0.090833 -0.008567
v 0.092427 0.096228 0.037402
v 0.125524 0.083517 -0.015186
v 0.115445 0.101167 0.001996
v 0.082276 0.101125 -0.033058
v 0.085266 0.101223 -0.032808
v 0.083233 0.099944 -0.034696
v 0.100744 0.087950 0.040099
v 0.083848 0.098890 -0.035967
v 0.118008 0.099294 0.000420
v 0.094674 0.092782 0.039572
v 0.102184 0.085953 0.040304
v 0.087445 0.099949 -0.034337
v 0.083937 0.097763 -0.037188
v 0.083544 0.096194 -0.038713
v 0.086239 0.100014 0.034410
v 0.103505 0.083545 0.040493
v 0.123631 0.092745 -0.004876
v 0.092634 0.094625 0.038744
v 0.088484 0.101407 -0.032101
v 0.125810 0.085304 -0.012536
v 0.087215 0.098546 -0.036062
v 0.084790 0.101251 0.032802
v 0.085949 0.097026 -0.037787
v 0.097507 0.089032 0.040900
v 0.083529 0.094496 -0.040138
v 0.087374 0.098657 0.035930
v 0.120221 0.097273 0.000018
v 0.121861 0.095399 -0.002041
v 0.125330 0.089018 -0.007934
v 0.086082 0.095400 -0.039250
v 0.085138 0.093669 -0.040693
v 0.123100 0.093792 -0.002543
v 0.126104 0.086442 -0.009764
v 0.088815 0.097420 -0.037027
v 0.090539 0.099948 -0.033742
v 0.124709 0.090918 -0.005388
v 0.089981 0.096226 0.037964
v 0.084162 0.091799 -0.042006
v 0.091839 0.101774 -0.030692
v 0.090469 0.098548 -0.035490
v 0.099567 0.086580 0.041239
v 0.088113 0.097684 0.036866
v 0.088510 0.096228 -0.038228
v 0.094617 0.091017 0.040734
v 0.101464 0.083904 0.041372
v 0.092851 0.100334 -0.032591
v 0.126797 0.083542 -0.010909
v 0.084039 0.090028 -0.043029
v 0.119594 0.097800 0.002415
v 0.115746 0.100846 0.004037
v 0.121972 0.095333 0.000392
v 0.125370 0.089928 -0.004557
v 0.088139 0.094179 -0.040012
v 0.090698 0.094031 0.039676
v 0.118032 0.099171 0.002933
v 0.099256 0.085036 0.041944
v 0.126353 0.087287 -0.006591
v 0.086962 0.096634 0.038064
v 0.124652 0.091510 -0.002237
v 0.126962 0.084916 -0.008171
v 0.082380 0.088026 -0.044025
v 0.097158 0.087022 0.041965
v 0.087812 0.091778 -0.041705
v 0.084907 0.097854 0.037045
v 0.091629 0.091887 0.040966
v 0.080863 0.101826 0.031957
v 0.081836 0.100624 0.033780
v 0.123263 0.093674 -0.000123
v 0.087597 0.095402 0.039086
v 0.083617 0.086937 -0.044471
v 0.091752 0.097031 -0.036803
v 0.117103 0.099620 0.005985
v 0.126245 0.087984 -0.005113
v 0.093648 0.089928 0.041636
v 0.083541 0.099242 0.035546
v 0.091133 0.095400 -0.038456
v 0.085884 0.088985 -0.043448
v 0.094353 0.098200 -0.034805
v 0.089836 0.093309 -0.040375
v 0.121042 0.096236 0.003500
v 0.093155 0.087993 0.042743
v 0.088804 0.090070 -0.042570
v 0.095376 0.100002 -0.032136
v 0.096117 0.085837 0.042785
v 0.080738 0.099802 0.034840
v 0.119293 0.097800 0.005296
v 0.095617 0.101226 -0.030193
v 0.088296 0.093674 0.040349
v 0.124489 0.091856 0.000120
v 0.083126 0.084866 -0.045218
v 0.114558 0.101214 0.007553
v 0.127423 0.084809 -0.005398
v 0.125997 0.089017 -0.002323
v 0.085411 0.085953 -0.044759
v 0.088934 0.091433 0.041765
v 0.127001 0.086442 -0.004037
v 0.090691 0.089846 0.042369
v 0.122579 0.094466 0.002745
v 0.087627 0.087993 -0.043746
v 0.091520 0.091970 -0.040947
v 0.095481 0.083979 0.043605
v 0.093522 0.095303 -0.037931
v 0.080996 0.097622 0.037340
v 0.095879 0.098548 -0.033824
v 0.123755 0.092843 0.002992
v 0.084545 0.095457 0.039317
v 0.094847 0.096230 -0.036680
v 0.093447 0.085953 0.043497
v 0.125604 0.089924 0.000511
v 0.083522 0.096653 0.038285
v 0.092807 0.093764 -0.039376
v 0.085900 0.093626 0.040659
v 0.116246 0.099951 0.008015
v 0.086694 0.091944 0.041728
v 0.087731 0.085953 -0.044548
v 0.089838 0.087949 0.043439
v 0.126837 0.087286 -0.000859
v 0.080834 0.095881 0.038972
v 0.090753 0.086070 0.044049
v 0.121816 0.095059 0.005560
v 0.118731 0.097868 0.007984
v 0.124377 0.091892 0.002805
v 0.113021 0.101862 0.009361
v 0.127646 0.084914 -0.002343
v 0.081092 0.094580 0.040066
v 0.117315 0.098736 0.009781
v 0.087579 0.088980 0.043281
v 0.092354 0.089873 -0.041990
v 0.120355 0.096236 0.008007
v 0.085598 0.090835 0.042493
v 0.089927 0.084745 0.044661
v 0.098537 0.099949 -0.030762
v 0.087306 0.083424 -0.045402
v 0.084187 0.093302 0.041007
v 0.090474 0.087503 -0.043536
v 0.081437 0.092754 0.041399
v 0.126537 0.087986 0.000592
v 0.098574 0.101274 -0.028646
v 0.114206 0.100621 0.011691
v 0.087117 0.086473 0.044433
v 0.085337 0.088490 0.043728
v 0.095670 0.093580 -0.038661
v 0.083089 0.090396 0.042850
v 0.122769 0.093674 0.006330
v 0.097567 0.096705 -0.035170
v 0.093961 0.090917 -0.040980
v 0.125098 0.090447 0.004447
v 0.115681 0.099892 0.010347
v 0.096641 0.094978 -0.037162
v 0.095801 0.092328 -0.039519
v 0.124147 0.091824 0.005499
v 0.090095 0.084916 -0.044564
v 0.112567 0.101583 0.011969
v 0.127706 0.084917 0.000002
v 0.099498 0.098662 -0.032019
v 0.125932 0.089017 0.003328
v 0.087276 0.083520 0.045378
v 0.082985 0.087954 0.044050
v 0.084252 0.085519 0.044980
v 0.127129 0.086451 0.002146
v 0.119172 0.097026 0.009747
v 0.081929 0.084875 0.045216
v 0.121634 0.094551 0.008784
v 0.092743 0.087488 -0.043064
v 0.099698 0.097092 -0.033756
v 0.096597 0.090919 -0.040154
v 0.092397 0.084916 -0.044110
v 0.099178 0.095481 -0.035639
v 0.096202 0.089145 -0.041297
v 0.123003 0.092800 0.008497
v 0.115329 0.099205 0.013823
v 0.098469 0.093674 -0.037505
v 0.126839 0.086910 0.003673
v 0.124351 0.090917 0.007694
v 0.101639 0.099950 -0.028933
v 0.118122 0.097355 0.012146
v 0.101355 0.101222 -0.026991
v 0.112850 0.100604 0.014914
v 0.120454 0.095136 0.011457
v 0.125694 0.088833 0.006321
v 0.094631 0.085438 -0.043378
v 0.096189 0.087837 -0.041932
v 0.126695 0.086563 0.006238
v 0.101784 0.097800 -0.031780
v 0.099948 0.091573 -0.038402
v 0.111379 0.101866 0.013619
v 0.127523 0.084918 0.004099
v 0.123532 0.091269 0.010517
v 0.100724 0.094466 -0.035801
v 0.116873 0.097550 0.014850
v 0.124782 0.089474 0.009488
v 0.103817 0.098624 -0.029376
v 0.100948 0.092894 -0.036968
v 0.097305 0.085338 -0.042580
v 0.101691 0.096229 -0.033599
v 0.099607 0.089601 -0.039750
v 0.121597 0.093191 0.012756
v 0.127705 0.083430 0.006386
v 0.125700 0.087923 0.008723
v 0.098777 0.087487 -0.041162
v 0.102630 0.101891 -0.024721
v 0.119085 0.095318 0.014874
v 0.113424 0.099610 0.016633
v 0.104182 0.099948 -0.027073
v 0.103015 0.095058 -0.033997
v 0.104533 0.097725 -0.030042
v 0.110619 0.101306 0.016890
v 0.104342 0.101313 -0.024464
v 0.126806 0.085309 0.008338
v 0.104558 0.095891 -0.032170
v 0.120608 0.093681 0.014484
v 0.123002 0.090917 0.013048
v 0.103212 0.091480 -0.036797
v 0.124704 0.088484 0.011809
v 0.115119 0.098114 0.017147
v 0.126000 0.085956 0.010956
v 0.117704 0.096151 0.016228
v 0.102068 0.089856 -0.038447
v 0.104416 0.093190 -0.034801
v 0.111786 0.099999 0.018458
v 0.101450 0.087527 -0.039987
v 0.100207 0.084916 -0.041594
v 0.122676 0.090269 0.015127
v 0.126790 0.083549 0.010928
v 0.121338 0.091824 0.016008
v 0.106647 0.100378 -0.024128
v 0.108924 0.101175 0.019762
v 0.113096 0.098548 0.019671
v 0.106527 0.096303 -0.030245
v 0.116099 0.096230 0.019210
v 0.106930 0.099093 -0.026101
v 0.105577 0.093587 -0.033684
v 0.119362 0.093617 0.017524
v 0.105041 0.090918 -0.036091
v 0.117758 0.094979 0.018378
v 0.124423 0.087528 0.014160
v 0.107749 0.097886 -0.027178
v 0.104257 0.088485 -0.038042
v 0.102789 0.085440 -0.040217
v 0.113959 0.097247 0.020855
v 0.109879 0.100047 0.021104
v 0.106979 0.094643 -0.031672
v 0.120475 0.091521 0.018428
v 0.125711 0.084918 0.013293
v 0.106979 0.090269 -0.035266
v 0.107509 0.091824 -0.033752
v 0.108702 0.095401 -0.029449
v 0.122819 0.088485 0.017174
v 0.105264 0.085953 -0.038647
v 0.124230 0.086112 0.016303
v 0.109361 0.096923 -0.026972
v 0.117413 0.093679 0.021061
v 0.108494 0.093617 -0.031467
v 0.124766 0.084920 0.016068
v 0.104757 0.083416 -0.039863
v 0.115930 0.095274 0.021083
v 0.106590 0.087662 -0.037045
v 0.108778 0.100651 -0.021173
v 0.110591 0.098917 0.022451
v 0.109667 0.099263 -0.022921
v 0.119202 0.091737 0.020556
v 0.109644 0.091522 -0.032324
v 0.105926 0.101312 0.022964
v 0.121415 0.089016 0.019573
v 0.119819 0.090167 0.021321
v 0.122421 0.087019 0.019557
v 0.106597 0.083518 -0.038742
v 0.111275 0.097882 -0.023418
v 0.110553 0.095400 -0.027685
v 0.113937 0.095492 0.023661
v 0.108998 0.088485 -0.034906
v 0.107718 0.085955 -0.037097
v 0.110731 0.093646 -0.029434
v 0.111786 0.096946 0.024278
v 0.107495 0.099948 0.024049
v 0.117776 0.091887 0.022740
v 0.123627 0.084917 0.018775
v 0.115032 0.093642 0.024625
v 0.111394 0.091737 -0.030573
v 0.110668 0.099948 -0.020232
v 0.120903 0.087445 0.022042
v 0.110368 0.101329 -0.017241
v 0.109031 0.084797 -0.036655
v 0.112253 0.095333 -0.025941
v 0.109374 0.098560 0.024499
v 0.112724 0.096235 -0.024160
v 0.111118 0.089972 -0.032199
v 0.112436 0.093783 -0.027555
v 0.110685 0.086471 -0.034658
v 0.112129 0.088638 -0.032197
v 0.115988 0.091930 0.025270
v 0.104214 0.100620 0.025896
v 0.122316 0.084916 0.021408
v 0.112453 0.098684 -0.020355
v 0.118666 0.089514 0.023852
v 0.105668 0.099899 0.025895
v 0.112022 0.100006 -0.018075
v 0.113595 0.091977 -0.028111
v 0.111960 0.095404 0.026189
v 0.119864 0.087012 0.024079
v 0.108516 0.097120 0.027523
v 0.113491 0.090358 -0.029626
v 0.120848 0.084917 0.023951
v 0.107390 0.098531 0.026555
v 0.114645 0.092954 -0.025900
v 0.114248 0.096295 -0.022016
v 0.116817 0.089960 0.026044
v 0.112934 0.093359 0.027477
v 0.113064 0.086844 -0.032372
v 0.114444 0.094555 -0.024253
v 0.117489 0.088223 0.026584
v 0.111999 0.101146 -0.014868
v 0.112834 0.085036 -0.033465
v 0.118371 0.086830 0.026378
v 0.114463 0.091074 0.027961
v 0.115049 0.088028 -0.029648
v 0.113785 0.097787 -0.020110
v 0.101656 0.100648 0.027787
v 0.100033 0.101557 0.027272
v 0.110196 0.095403 0.028042
v 0.115346 0.089958 -0.027878
v 0.115236 0.089905 0.028055
v 0.103610 0.099264 0.028597
v 0.113706 0.099202 -0.017153
v 0.116181 0.091550 -0.025409
v 0.114054 0.099667 -0.015270
v 0.105324 0.097808 0.029334
v 0.119208 0.084916 0.026385
v 0.115202 0.085439 -0.030977
v 0.115775 0.095742 -0.020602
v 0.116449 0.093676 -0.022572
v 0.110836 0.093656 0.029340
v 0.115946 0.097100 -0.017790
v 0.115331 0.098178 -0.016562
v 0.111425 0.092332 0.030044
v 0.113235 0.101207 -0.011869
v 0.108323 0.095405 0.029781
v 0.106511 0.096331 0.030227
v 0.117483 0.087455 -0.027143
v 0.115907 0.087528 0.029017
v 0.117426 0.084917 0.028711
v 0.117117 0.089933 -0.025677
v 0.113212 0.089924 0.030240
v 0.114760 0.099948 -0.012746
v 0.117876 0.091547 -0.022990
v 0.106531 0.094978 0.031677
v 0.080774 0.099907 -0.034698
v 0.078103 0.096471 -0.038216
v 0.068612 0.096471 -0.035874
v 0.068666 0.097861 -0.034432
v 0.060739 0.101536 -0.024055
v 0.064170 0.092993 -0.036950
v 0.073768 0.089851 -0.042258
v 0.065604 0.094355 -0.036539
v 0.079210 0.098967 -0.035751
v 0.068071 0.094735 -0.037265
v 0.066324 0.096035 -0.035350
v 0.075731 0.093236 -0.040522
v 0.069421 0.085215 -0.043183
v 0.068618 0.087283 -0.042114
v 0.071461 0.097249 -0.036084
v 0.070146 0.098801 -0.033914
v 0.063841 0.090918 -0.038243
v 0.062333 0.091766 -0.036895
v 0.076880 0.094360 -0.039866
v 0.076004 0.095391 -0.038889
v 0.066779 0.083020 -0.042969
v 0.065949 0.085154 -0.041985
v 0.074190 0.101037 -0.032139
v 0.077275 0.101257 -0.032450
v 0.074674 0.100124 -0.033552
v 0.072397 0.099616 -0.033633
v 0.080545 0.096516 -0.038382
v 0.080142 0.097915 -0.036983
v 0.071325 0.087284 -0.042918
v 0.070678 0.089359 -0.041754
v 0.074110 0.091974 -0.041072
v 0.080161 0.094861 -0.039801
v 0.068566 0.083071 -0.043562
v 0.066615 0.092814 -0.038203
v 0.076604 0.091507 -0.041796
v 0.070189 0.095120 -0.037702
v 0.073303 0.097944 -0.035859
v 0.070361 0.083089 -0.044096
v 0.066678 0.091139 -0.039367
v 0.074082 0.087283 -0.043537
v 0.075256 0.099106 -0.034988
v 0.078821 0.092818 -0.041199
v 0.076496 0.089384 -0.042959
v 0.073271 0.085155 -0.044179
v 0.062242 0.101551 -0.025322
v 0.059884 0.099649 -0.026817
v 0.063881 0.101167 -0.027249
v 0.064499 0.087525 -0.040408
v 0.061291 0.099088 -0.028780
v 0.062682 0.100109 -0.028207
v 0.077990 0.100194 -0.034076
v 0.079802 0.091221 -0.042301
v 0.066792 0.089384 -0.040449
v 0.062050 0.097714 -0.031162
v 0.066929 0.101121 -0.029182
v 0.072430 0.083046 -0.044624
v 0.076310 0.087283 -0.043909
v 0.081272 0.092930 -0.041272
v 0.072793 0.096474 -0.037224
v 0.069072 0.092813 -0.039130
v 0.065694 0.100131 -0.030083
v 0.079734 0.089478 -0.043256
v 0.079906 0.101167 -0.032895
v 0.063882 0.099102 -0.030495
v 0.076388 0.097863 -0.036605
v 0.077241 0.085159 -0.044833
v 0.075338 0.083116 -0.045170
v 0.078555 0.087283 -0.044168
v 0.072889 0.094572 -0.038929
v 0.069664 0.101250 -0.030265
v 0.070151 0.091002 -0.040684
v 0.061711 0.096069 -0.032809
v 0.066671 0.099106 -0.032032
v 0.065651 0.097863 -0.033067
v 0.080571 0.087213 -0.044329
v 0.078144 0.083103 -0.045526
v 0.075317 0.096393 -0.037875
v 0.066449 0.087256 -0.041349
v 0.071542 0.092825 -0.039889
v 0.069653 0.100131 -0.031974
v 0.080743 0.085185 -0.045083
v 0.080281 0.083104 -0.045679
v 0.064023 0.096077 -0.034166
v 0.071837 0.101163 -0.031231
v 0.062837 0.093978 -0.035456
v 0.064806 0.083416 -0.042079
v 0.075189 0.102168 -0.030585
v 0.069692 0.109412 -0.005576
v 0.077189 0.110824 -0.000383
v 0.081165 0.111057 0.000000
v 0.074610 0.104960 0.025183
v 0.077947 0.110819 0.003037
v 0.081730 0.108109 -0.018570
v 0.081732 0.107104 -0.021415
v 0.060350 0.104393 -0.016304
v 0.064074 0.105544 -0.017135
v 0.069000 0.102141 0.028450
v 0.070926 0.101388 0.030552
v 0.072670 0.102963 0.028456
v 0.063107 0.106358 0.012929
v 0.065279 0.106409 0.015492
v 0.067473 0.107809 0.012443
v 0.058514 0.105659 0.006702
v 0.072463 0.103150 -0.028065
v 0.081730 0.108109 0.018570
v 0.073891 0.110434 0.001506
v 0.066740 0.108813 -0.004043
v 0.077193 0.106684 0.021864
v 0.079982 0.106988 0.021593
v 0.069690 0.103824 -0.025536
v 0.068212 0.104738 -0.022687
v 0.065273 0.104289 -0.021703
v 0.078705 0.108723 -0.016145
v 0.062389 0.105098 0.016625
v 0.072670 0.109981 0.005632
v 0.055417 0.104127 0.007109
v 0.065810 0.108673 -0.001746
v 0.058856 0.103006 0.018539
v 0.071175 0.104102 0.025662
v 0.069688 0.108941 0.009262
v 0.073629 0.108611 -0.014491
v 0.074175 0.109334 -0.011615
v 0.051258 0.101341 0.009785
v 0.054566 0.103249 0.009877
v 0.062144 0.107515 0.000000
v 0.078706 0.110843 -0.003420
v 0.081735 0.110936 -0.003775
v 0.078093 0.108176 0.017871
v 0.059402 0.103284 -0.018431
v 0.070285 0.108998 -0.009743
v 0.072674 0.109621 -0.008614
v 0.060252 0.106686 0.003541
v 0.067677 0.108489 -0.009163
v 0.061639 0.103547 -0.020276
v 0.078707 0.107830 -0.019052
v 0.069742 0.102504 -0.028123
v 0.080202 0.109184 0.014750
v 0.083275 0.109282 0.014512
v 0.059556 0.104253 0.015628
v 0.066221 0.102731 -0.025824
v 0.069692 0.109412 0.005576
v 0.080963 0.110700 -0.006461
v 0.073311 0.106230 0.021760
v 0.075900 0.108382 -0.016442
v 0.055265 0.101154 0.018689
v 0.057711 0.101271 0.021560
v 0.066740 0.108227 0.009146
v 0.075035 0.107728 0.018294
v 0.056093 0.104838 0.003416
v 0.066398 0.108405 -0.007266
v 0.061633 0.102760 -0.022184
v 0.067274 0.108692 0.006898
v 0.063827 0.107895 -0.004705
v 0.064938 0.101166 0.027947
v 0.071174 0.108534 -0.012982
v 0.067542 0.103097 0.025886
v 0.063828 0.107119 0.010432
v 0.052780 0.102713 0.006988
v 0.069688 0.105051 0.022826
v 0.081734 0.109685 0.012747
v 0.059321 0.106397 -0.001406
v 0.070902 0.109923 0.001494
v 0.081729 0.105956 -0.024207
v 0.075680 0.110613 -0.002651
v 0.054057 0.103709 0.004390
v 0.050327 0.101188 0.007248
v 0.059556 0.104977 0.012909
v 0.081733 0.110252 -0.009779
v 0.056804 0.102892 0.015914
v 0.076435 0.109034 0.014262
v 0.078702 0.106789 -0.021909
v 0.074816 0.107221 -0.019712
v 0.071177 0.106429 0.020155
v 0.055824 0.104816 0.000525
v 0.081732 0.110252 0.009779
v 0.066739 0.104384 0.022545
v 0.062639 0.101207 0.026296
v 0.060967 0.106873 -0.004613
v 0.076223 0.110471 -0.005622
v 0.077948 0.109937 0.010669
v 0.068210 0.107902 -0.012841
v 0.064407 0.103289 0.023361
v 0.063108 0.107392 0.007191
v 0.060967 0.106243 0.009554
v 0.067330 0.109007 0.003591
v 0.078706 0.110304 -0.008712
v 0.072670 0.107635 -0.017401
v 0.081732 0.104671 -0.026935
v 0.071176 0.107380 0.017319
v 0.072671 0.110192 -0.002633
v 0.068209 0.105819 0.019934
v 0.058714 0.105147 0.010479
v 0.063576 0.107237 -0.009357
v 0.081734 0.109685 -0.012747
v 0.060258 0.101310 0.024102
v 0.056094 0.103387 0.012871
v 0.051039 0.101971 0.004342
v 0.071923 0.108256 0.014758
v 0.053760 0.101347 0.015673
v 0.081735 0.110670 0.006784
v 0.078158 0.105555 -0.024744
v 0.075679 0.106259 -0.022510
v 0.068211 0.109333 0.000374
v 0.052744 0.103124 0.001925
v 0.078763 0.110514 0.007237
v 0.069689 0.107506 -0.015808
v 0.056415 0.105033 -0.002806
v 0.082470 0.102817 -0.030374
v 0.061168 0.106500 -0.008537
v 0.074174 0.109334 0.011614
v 0.052210 0.101266 0.012763
v 0.063831 0.107943 0.003983
v 0.065277 0.107124 -0.012663
v 0.068207 0.106980 0.016422
v 0.065274 0.105321 0.018974
v 0.077737 0.109875 -0.010901
v 0.075463 0.110063 -0.008295
v 0.081735 0.110936 0.003774
v 0.072670 0.109981 -0.005632
v 0.053961 0.103803 -0.001909
v 0.069686 0.109619 -0.002607
v 0.081732 0.108970 -0.015679
v 0.060979 0.102639 0.021833
v 0.071177 0.106679 -0.019455
v 0.057862 0.105457 -0.005854
v 0.078344 0.104113 -0.027727
v 0.075463 0.110063 0.008295
v 0.062389 0.103929 0.020015
v 0.077948 0.109341 -0.013557
v 0.079481 0.103036 -0.029842
v 0.066738 0.106810 -0.015609
v 0.065279 0.108526 0.001090
v 0.076223 0.110471 0.005622
v 0.071175 0.108846 0.011518
v 0.058477 0.105334 -0.008785
v 0.067274 0.106292 -0.017847
v 0.055420 0.104383 -0.004891
v 0.075732 0.104043 -0.027355
v 0.071542 0.105438 -0.022901
v 0.072674 0.109621 0.008614
v 0.081729 0.103250 0.029595
v 0.076925 0.101712 0.031676
v 0.078704 0.103199 0.029451
v 0.074175 0.104870 -0.025206
v 0.081202 0.104672 0.026922
v 0.068209 0.105819 -0.019934
v 0.061463 0.105639 -0.013414
v 0.075441 0.103101 0.029028
v 0.081730 0.105956 0.024206
v 0.059198 0.105148 -0.011463
v 0.077194 0.104523 0.026717
v 0.073817 0.101157 0.031865
v 0.078705 0.105606 0.024709
v 0.083979 0.107079 0.021467
v 0.079671 0.077785 -0.046824
v 0.079044 0.071841 -0.048003
v 0.080260 0.057800 -0.050540
v 0.079677 0.064193 -0.049457
v 0.068350 0.077786 -0.044723
v 0.081566 0.053915 -0.051164
v 0.080982 0.067455 -0.048931
v 0.081252 0.074828 -0.047514
v 0.070759 0.076586 -0.045682
v 0.072216 0.073313 -0.046716
v 0.071804 0.068931 -0.047490
v 0.073616 0.080003 -0.045574
v 0.074113 0.071269 -0.047503
v 0.075404 0.067746 -0.048382
v 0.076855 0.066380 -0.048828
v 0.076116 0.074814 -0.047107
v 0.076753 0.059600 -0.049985
v 0.077183 0.076406 -0.046901
v 0.077948 0.058529 -0.050275
v 0.082479 0.018729 -0.054569
v 0.082485 0.025099 -0.054202
v 0.095075 0.108117 -0.013655
v 0.102951 0.107183 -0.005725
v 0.105038 0.106262 -0.006697
v 0.107255 0.103021 0.016977
v 0.091616 0.109492 -0.010163
v 0.103301 0.107014 0.006142
v 0.106993 0.105560 0.005607
v 0.085271 0.110004 0.010894
v 0.086444 0.109371 0.013562
v 0.089195 0.109383 0.012400
v 0.087110 0.106283 0.023025
v 0.090674 0.106380 0.021750
v 0.087178 0.110124 0.009501
v 0.102955 0.103702 0.020304
v 0.106797 0.101709 0.021103
v 0.104989 0.103796 0.017723
v 0.087178 0.110124 -0.009501
v 0.088653 0.110411 -0.006421
v 0.100318 0.103570 0.022934
v 0.102629 0.101890 0.024722
v 0.101405 0.107902 -0.003526
v 0.099941 0.103953 -0.022357
v 0.103646 0.103052 -0.021209
v 0.100784 0.107382 0.009723
v 0.102576 0.106705 0.010049
v 0.084746 0.108807 0.016134
v 0.084724 0.105383 0.025383
v 0.084720 0.104029 0.028100
v 0.087711 0.104865 0.026039
v 0.084739 0.110585 -0.007201
v 0.084744 0.110873 -0.004172
v 0.096529 0.109387 -0.001113
v 0.099411 0.108627 -0.000364
v 0.098498 0.102770 0.025903
v 0.097972 0.108974 0.002573
v 0.112959 0.102678 -0.002942
v 0.100320 0.104886 -0.019646
v 0.097973 0.107607 0.012774
v 0.110424 0.102551 -0.012999
v 0.095912 0.107202 -0.016423
v 0.095078 0.109677 0.002609
v 0.107093 0.104527 -0.011725
v 0.107773 0.104907 -0.007915
v 0.110656 0.104017 -0.002018
v 0.112924 0.102773 0.000000
v 0.092147 0.108662 -0.013782
v 0.092994 0.109711 0.007172
v 0.109114 0.103023 0.013844
v 0.089195 0.109383 -0.012400
v 0.095913 0.107202 0.016423
v 0.109782 0.104469 0.002036
v 0.105039 0.105850 -0.009490
v 0.088653 0.110411 0.006421
v 0.091721 0.107531 0.018098
v 0.107074 0.105795 0.001387
v 0.096001 0.106219 -0.019392
v 0.097536 0.109025 -0.003905
v 0.091411 0.110327 0.003012
v 0.110440 0.103132 0.010390
v 0.094348 0.103175 0.027292
v 0.097558 0.108432 0.009123
v 0.095075 0.108117 0.013655
v 0.091721 0.107531 -0.018099
v 0.088654 0.108767 -0.015258
v 0.085271 0.110004 -0.010894
v 0.105912 0.104463 0.014168
v 0.088660 0.107417 0.019664
v 0.107771 0.103463 -0.014678
v 0.096268 0.104719 -0.023085
v 0.101738 0.107176 -0.009030
v 0.107771 0.104291 0.011312
v 0.099406 0.108295 -0.006196
v 0.085481 0.109448 -0.013530
v 0.093616 0.110021 -0.000375
v 0.098498 0.102770 -0.025903
v 0.099412 0.104907 0.020385
v 0.103646 0.107156 0.002490
v 0.111108 0.103473 0.006010
v 0.093615 0.105934 -0.021575
v 0.096268 0.104719 0.023084
v 0.107295 0.105620 -0.003119
v 0.092147 0.108662 0.013782
v 0.113169 0.102536 0.003272
v 0.087712 0.108193 -0.017573
v 0.099406 0.108295 0.006196
v 0.111754 0.103066 -0.006296
v 0.088660 0.107417 -0.019664
v 0.101681 0.105487 0.016454
v 0.103326 0.105882 -0.012699
v 0.093614 0.104769 -0.024331
v 0.090674 0.106380 -0.021750
v 0.108580 0.104463 0.008296
v 0.084739 0.110585 0.007201
v 0.084746 0.108807 -0.016134
v 0.100837 0.108105 0.003257
v 0.108114 0.102154 -0.018296
v 0.090674 0.103182 0.028578
v 0.105039 0.104795 -0.014306
v 0.095075 0.108736 0.010743
v 0.104807 0.106754 -0.001413
v 0.094348 0.103175 -0.027293
v 0.093614 0.109926 -0.003363
v 0.090140 0.110576 -0.000424
v 0.105039 0.105298 0.012259
v 0.087712 0.110775 0.002656
v 0.090675 0.104897 -0.025218
v 0.109113 0.104593 -0.005108
v 0.100835 0.106950 -0.011879
v 0.084746 0.107916 -0.019040
v 0.098315 0.108147 -0.009561
v 0.093614 0.104769 0.024330
v 0.087712 0.108193 0.017573
v 0.087110 0.106283 -0.023025
v 0.096025 0.109103 -0.007040
v 0.088654 0.108767 0.015258
v 0.084744 0.106876 -0.021900
v 0.084461 0.110965 0.003036
v 0.111741 0.102568 -0.009588
v 0.101737 0.106327 0.013274
v 0.089934 0.103412 -0.028376
v 0.087711 0.104865 -0.026039
v 0.104175 0.104113 -0.017808
v 0.096001 0.106219 0.019392
v 0.090675 0.104897 0.025217
v 0.084746 0.107916 0.019039
v 0.087710 0.103474 0.028737
v 0.110143 0.103497 -0.009363
v 0.090670 0.110405 -0.003394
v 0.084724 0.105383 -0.025382
v 0.091616 0.109492 0.010163
v 0.102251 0.107716 -0.000355
v 0.085335 0.103682 -0.028717
v 0.105039 0.105850 0.009490
v 0.101544 0.105555 -0.016385
v 0.096006 0.109266 0.005512
v 0.085482 0.110991 -0.000758
v 0.098911 0.106447 0.016261
v 0.092994 0.109711 -0.007172
v 0.093614 0.105934 0.021575
v 0.087712 0.110775 -0.002657
v 0.097973 0.107607 -0.012774
v 0.095075 0.108736 -0.010743
v 0.084507 0.102728 0.030434
v 0.106194 0.102026 -0.021024
v 0.098911 0.106447 -0.016262
v 0.050901 0.098386 0.018352
v 0.063100 0.096010 0.033703
v 0.050182 0.098939 0.015699
v 0.064087 0.097223 0.032969
v 0.051656 0.100185 0.015177
v 0.065295 0.091189 0.038751
v 0.064953 0.093227 0.037160
v 0.066765 0.087343 0.041436
v 0.066991 0.089410 0.040504
v 0.069442 0.087735 0.042171
v 0.070258 0.083806 0.043865
v 0.073532 0.084856 0.044339
v 0.048761 0.096593 0.018280
v 0.050233 0.097149 0.019739
v 0.069954 0.086087 0.043017
v 0.049417 0.091311 0.026411
v 0.063097 0.099774 0.029031
v 0.050107 0.094555 0.023645
v 0.048637 0.094553 0.021480
v 0.047181 0.087746 0.026502
v 0.048495 0.089414 0.026931
v 0.049373 0.087737 0.029179
v 0.063447 0.098386 0.031182
v 0.050200 0.085005 0.031586
v 0.048592 0.086086 0.029295
v 0.065887 0.094984 0.036128
v 0.050542 0.100084 0.013007
v 0.047624 0.091191 0.024104
v 0.048178 0.092865 0.023052
v 0.063421 0.094558 0.035271
v 0.048368 0.083509 0.030285
v 0.047067 0.094568 0.018780
v 0.061330 0.099820 0.027678
v 0.068009 0.085004 0.042790
v 0.061567 0.097218 0.031421
v 0.048815 0.098402 0.014119
v 0.048176 0.097290 0.015563
v 0.064383 0.089408 0.039400
v 0.060875 0.098652 0.029100
v 0.046184 0.089410 0.023711
v 0.062043 0.093305 0.035576
v 0.047127 0.084917 0.028146
v 0.046229 0.092866 0.019827
v 0.046404 0.086087 0.026551
v 0.049113 0.099329 0.011971
v 0.062858 0.090853 0.037797
v 0.049817 0.100280 0.010243
v 0.045976 0.091076 0.021675
v 0.061112 0.095586 0.032926
v 0.046708 0.095592 0.016127
v 0.064728 0.085296 0.041441
v 0.064815 0.087117 0.040738
v 0.059367 0.099859 0.026008
v 0.059337 0.097303 0.029721
v 0.065790 0.083399 0.042487
v 0.059406 0.098321 0.028411
v 0.047047 0.097572 0.011969
v 0.048172 0.098742 0.011315
v 0.046458 0.096303 0.013909
v 0.061946 0.089849 0.037941
v 0.044906 0.087731 0.023159
v 0.062922 0.087241 0.039807
v 0.044681 0.093626 0.015367
v 0.044936 0.092606 0.017659
v 0.060491 0.093201 0.034721
v 0.059807 0.091297 0.035745
v 0.044979 0.083953 0.025749
v 0.077951 0.100758 0.033297
v 0.044300 0.089346 0.020620
v 0.058875 0.096010 0.030890
v 0.059402 0.094554 0.032779
v 0.044653 0.085986 0.024067
v 0.044535 0.091087 0.018995
v 0.043707 0.088482 0.020366
v 0.079172 0.098850 0.035881
v 0.043285 0.086622 0.021252
v 0.043370 0.084534 0.022883
v 0.058371 0.093239 0.033251
v 0.060870 0.087240 0.038731
v 0.057395 0.098387 0.026551
v 0.057741 0.099754 0.024654
v 0.076794 0.098386 0.036094
v 0.077091 0.097223 0.037373
v 0.057235 0.094631 0.031067
v 0.059574 0.088816 0.037167
v 0.075639 0.099448 0.034646
v 0.061510 0.085004 0.040005
v 0.074075 0.100250 0.033241
v 0.077938 0.096007 0.038617
v 0.056786 0.096599 0.028475
v 0.079762 0.091608 0.042071
v 0.077815 0.094184 0.040131
v 0.056472 0.100246 0.022324
v 0.073987 0.098386 0.035537
v 0.074927 0.096016 0.038147
v 0.080797 0.089377 0.043348
v 0.057524 0.089408 0.035452
v 0.056903 0.091612 0.033487
v 0.058942 0.085005 0.038556
v 0.071821 0.098886 0.034374
v 0.055901 0.093571 0.030993
v 0.058310 0.087214 0.037203
v 0.073702 0.097220 0.036719
v 0.055810 0.098882 0.024150
v 0.054744 0.096671 0.026395
v 0.054443 0.094335 0.028911
v 0.078320 0.089862 0.042939
v 0.076046 0.092860 0.040833
v 0.081285 0.087154 0.044384
v 0.070330 0.099860 0.032615
v 0.074690 0.094554 0.039331
v 0.055262 0.089410 0.033751
v 0.055166 0.091597 0.032097
v 0.075881 0.091188 0.041879
v 0.056402 0.087215 0.035889
v 0.054292 0.098884 0.022364
v 0.054542 0.100250 0.019856
v 0.078470 0.087738 0.043961
v 0.079092 0.085429 0.044919
v 0.070387 0.097224 0.035766
v 0.071970 0.096007 0.037433
v 0.067991 0.100873 0.030128
v 0.056479 0.085005 0.036931
v 0.072304 0.094638 0.038717
v 0.073395 0.092858 0.040320
v 0.053371 0.097142 0.024154
v 0.052761 0.092466 0.029112
v 0.075577 0.089304 0.042867
v 0.052997 0.089953 0.031415
v 0.053884 0.087739 0.033622
v 0.054508 0.085739 0.035158
v 0.076632 0.087215 0.043985
v 0.068546 0.098386 0.033773
v 0.072622 0.091189 0.041232
v 0.052010 0.096015 0.024145
v 0.052247 0.094463 0.026445
v 0.069548 0.096010 0.036668
v 0.067403 0.099589 0.031733
v 0.070442 0.092969 0.039471
v 0.052628 0.098884 0.020087
v 0.069664 0.094576 0.037983
v 0.073505 0.088681 0.042804
v 0.075506 0.085970 0.044302
v 0.052315 0.099865 0.017320
v 0.051567 0.097288 0.021533
v 0.067173 0.097219 0.034508
v 0.051428 0.091186 0.028841
v 0.050428 0.092861 0.026084
v 0.051137 0.087334 0.031325
v 0.052197 0.085521 0.033287
v 0.065945 0.098387 0.032576
v 0.067842 0.093301 0.038339
v 0.068900 0.091194 0.040164
v 0.066253 0.096015 0.035336
v 0.070211 0.089410 0.041594
v 0.050962 0.089302 0.029849
v 0.072080 0.087215 0.043134
v 0.064897 0.099860 0.030030
v 0.049938 0.096010 0.021261
v 0.137000 0.005489 0.000985
v 0.137000 0.002533 0.000000
v 0.137000 0.005489 -0.000986
v 0.060085 0.000500 -0.068707
v 0.050814 0.000500 -0.064092
v 0.061295 0.000500 -0.066454
v 0.034742 0.000500 0.027307
v 0.062301 0.000500 -0.064872
v 0.048509 0.000500 -0.051249
v 0.068280 0.000500 -0.058871
v 0.054016 0.000500 -0.089596
v 0.054742 0.000500 -0.099271
v 0.055344 0.000500 -0.087921
v 0.047072 0.000500 -0.044567
v 0.078611 0.000500 -0.055208
v 0.019727 0.000500 -0.015471
v 0.081221 0.000500 -0.055019
v 0.020973 0.000500 -0.005535
v 0.055874 0.000502 -0.083669
v 0.044640 0.000500 -0.042492
v 0.025854 0.000500 -0.017984
v 0.018189 0.000500 -0.008169
v 0.041001 0.000500 -0.038963
v 0.056435 0.000500 -0.080311
v 0.052620 0.000500 -0.076770
v 0.016332 0.000500 -0.009367
v 0.029069 0.000500 -0.019682
v 0.013351 0.000500 -0.013675
v 0.036783 0.000500 -0.033938
v 0.057024 0.000500 -0.077586
v 0.057885 0.000500 -0.074387
v 0.010303 0.000501 -0.011667
v 0.008337 0.000500 -0.012774
v 0.026698 0.000500 0.006235
v 0.008270 0.000500 -0.012084
v 0.058933 0.000510 -0.071381
v 0.029145 0.000500 0.014151
v 0.030645 0.000500 -0.023478
v 0.033250 0.000500 -0.028541
v 0.017138 0.045751 -0.020332
v 0.016386 0.043909 -0.020022
v 0.017484 0.045797 -0.019101
v 0.057631 0.101302 -0.021476
v 0.020744 0.051108 -0.027871
v 0.019307 0.049504 -0.027830
v 0.024234 0.061226 -0.003770
v 0.020331 0.050127 -0.029720
v 0.021343 0.051099 -0.029780
v 0.053030 0.099720 -0.019303
v 0.034910 0.085661 0.002319
v 0.022836 0.052567 -0.029911
v 0.026274 0.047132 0.006996
v 0.026504 0.042577 0.008239
v 0.031821 0.014785 0.021220
v 0.032627 0.009856 0.023041
v 0.016863 0.042313 -0.017523
v 0.025764 0.069242 -0.011486
v 0.055354 0.099978 -0.021797
v 0.037736 0.050411 0.026194
v 0.015877 0.040971 -0.018507
v 0.025087 0.048033 0.003791
v 0.038164 0.043612 0.028294
v 0.045117 0.096487 -0.012107
v 0.042889 0.053585 -0.045435
v 0.018024 0.047957 -0.021417
v 0.016451 0.045688 -0.023095
v 0.016806 0.045716 -0.021609
v 0.017817 0.047821 -0.022927
v 0.034588 0.053566 -0.041488
v 0.033331 0.054222 -0.039771
v 0.015681 0.042624 -0.020271
v 0.017233 0.043832 -0.017770
v 0.034461 0.008103 0.026661
v 0.023365 0.052106 -0.031943
v 0.034710 0.053558 0.020894
v 0.036395 0.076969 -0.025721
v 0.034280 0.074987 -0.024638
v 0.017165 0.034177 -0.014118
v 0.016949 0.032245 -0.013962
v 0.017902 0.033722 -0.013065
v 0.025245 0.067914 -0.008444
v 0.054107 0.051779 -0.049753
v 0.037466 0.090109 -0.001745
v 0.036040 0.088260 -0.001754
v 0.051440 0.052422 -0.048787
v 0.056721 0.051360 -0.050379
v 0.025615 0.052584 -0.034643
v 0.023845 0.051785 -0.033513
v 0.022853 0.014465 -0.003374
v 0.016988 0.036454 -0.014910
v 0.016169 0.036706 -0.016074
v 0.025204 0.052747 0.003024
v 0.021753 0.017510 -0.005569
v 0.042103 0.094641 -0.008229
v 0.031004 0.022350 0.019314
v 0.035639 0.057655 0.021208
v 0.019841 0.025361 -0.009260
v 0.033052 0.076820 -0.021325
v 0.020701 0.018049 -0.007322
v 0.034752 0.082227 0.007631
v 0.033812 0.080379 0.007338
v 0.023642 0.014051 -0.001638
v 0.024233 0.053733 -0.000083
v 0.028555 0.073178 -0.016224
v 0.017987 0.029955 -0.012329
v 0.026848 0.037633 0.009510
v 0.018703 0.026812 -0.011000
v 0.016321 0.034492 -0.015218
v 0.038867 0.038263 0.030293
v 0.035843 0.048656 0.023789
v 0.039510 0.054034 -0.043574
v 0.036432 0.053141 -0.043147
v 0.033623 0.076219 -0.022746
v 0.047006 0.053203 -0.047094
v 0.045369 0.052562 -0.047333
v 0.040562 0.052956 -0.045300
v 0.034651 0.086000 -0.000193
v 0.060015 0.050650 -0.051160
v 0.063822 0.049604 -0.051947
v 0.061675 0.049204 -0.052238
v 0.062055 0.051231 -0.050890
v 0.024269 0.063997 -0.006605
v 0.030244 0.054026 -0.037524
v 0.028423 0.052957 -0.037372
v 0.016867 0.046657 -0.024616
v 0.024968 0.066648 -0.006902
v 0.037896 0.090669 -0.004227
v 0.028898 0.028382 0.014633
v 0.019588 0.022741 -0.009361
v 0.033592 0.082964 0.003180
v 0.015688 0.039388 -0.017887
v 0.037319 0.076650 -0.026965
v 0.039446 0.076984 -0.028876
v 0.032062 0.053044 -0.040494
v 0.035794 0.062590 0.019954
v 0.023882 0.008366 -0.001173
v 0.033708 0.067883 0.014754
v 0.051387 0.081029 -0.035956
v 0.016800 0.029755 -0.013621
v 0.019243 0.049728 -0.026147
v 0.017972 0.048175 -0.025352
v 0.019223 0.049961 -0.024554
v 0.050921 0.098362 -0.019361
v 0.047334 0.079533 -0.033914
v 0.050258 0.098744 -0.017261
v 0.024712 0.006953 0.000730
v 0.027569 0.053666 -0.035290
v 0.024004 0.057745 -0.002438
v 0.024779 0.056711 0.000526
v 0.042227 0.094423 -0.010011
v 0.018520 0.023672 -0.010791
v 0.048901 0.073275 -0.037405
v 0.017479 0.027427 -0.012494
v 0.033716 0.071849 0.013006
v 0.049954 0.051722 -0.049222
v 0.048921 0.053779 -0.047056
v 0.042441 0.094112 -0.012162
v 0.026243 0.069642 -0.013880
v 0.036946 0.054624 -0.041590
v 0.032774 0.072944 0.010737
v 0.015577 0.037894 -0.017307
v 0.032340 0.075960 0.007905
v 0.025563 0.068429 -0.012730
v 0.020777 0.022262 -0.007531
v 0.047569 0.097639 -0.014889
v 0.030973 0.074200 -0.020407
v 0.031023 0.075803 -0.018721
v 0.044912 0.079816 -0.031994
v 0.027789 0.072715 -0.014365
v 0.024654 0.063818 -0.004359
v 0.039941 0.092368 -0.009025
v 0.029283 0.072491 -0.018938
v 0.032828 0.068792 0.012887
v 0.015285 0.041354 -0.019869
v 0.021722 0.050747 -0.031802
v 0.037828 0.090459 -0.006204
v 0.053065 0.050719 -0.050626
v 0.062661 0.076021 -0.043096
v 0.058643 0.074955 -0.041724
v 0.038059 0.052858 -0.044371
v 0.042918 0.052414 -0.046824
v 0.032928 0.081066 0.004110
v 0.059159 0.100716 -0.024279
v 0.024306 0.051479 -0.034981
v 0.028071 0.034208 0.012573
v 0.015230 0.034568 -0.016460
v 0.052729 0.074706 -0.038990
v 0.029684 0.052476 -0.039436
v 0.015351 0.043344 -0.021926
v 0.053871 0.099024 -0.022014
v 0.024265 0.065200 -0.011673
v 0.045269 0.095727 -0.015103
v 0.054961 0.073669 -0.040420
v 0.026690 0.051984 -0.037214
v 0.015861 0.032494 -0.015183
v 0.017850 0.024015 -0.011554
v 0.032936 0.062270 0.015557
v 0.019515 0.019353 -0.009056
v 0.056537 0.099618 -0.023828
v 0.014790 0.036098 -0.017508
v 0.020613 0.049857 -0.031726
v 0.016643 0.046608 -0.026169
v 0.030253 0.071700 -0.021597
v 0.021408 0.013228 -0.005844
v 0.046825 0.073382 -0.036140
v 0.055081 0.049783 -0.051667
v 0.040632 0.072239 -0.032421
v 0.030514 0.017357 0.018288
v 0.014785 0.039102 -0.019032
v 0.033424 0.059035 0.017365
v 0.058028 0.049299 -0.052191
v 0.043683 0.072596 -0.034447
v 0.048461 0.051098 -0.049682
v 0.017867 0.047991 -0.027779
v 0.047856 0.096907 -0.017529
v 0.031092 0.016814 0.019601
v 0.063516 0.073138 -0.044134
v 0.022400 0.011004 -0.004094
v 0.014694 0.041487 -0.021049
v 0.018908 0.048822 -0.029634
v 0.028339 0.025170 0.013295
v 0.015510 0.030550 -0.015031
v 0.014287 0.037318 -0.018658
v 0.025044 0.051088 -0.037058
v 0.024842 0.043882 0.003692
v 0.025521 0.039846 0.005953
v 0.025151 0.000500 0.001817
v 0.032287 0.074112 0.009075
v 0.017081 0.025482 -0.012548
v 0.015270 0.044035 -0.023282
v 0.016317 0.027996 -0.013725
v 0.038303 0.072167 -0.030571
v 0.021271 0.049943 -0.033281
v 0.015748 0.045250 -0.024726
v 0.033382 0.000500 0.024762
v 0.032022 0.073081 -0.023128
v 0.014095 0.040101 -0.020743
v 0.023549 0.061044 -0.006767
v 0.036004 0.051978 -0.044706
v 0.030644 0.051966 -0.041219
v 0.046189 0.051235 -0.049139
v 0.034099 0.052144 -0.043366
v 0.026494 0.069238 -0.015775
v 0.038029 0.051980 -0.045670
v 0.020487 0.013897 -0.007180
v 0.014647 0.032284 -0.016286
v 0.040477 0.051953 -0.046660
v 0.057432 0.099229 -0.025402
v 0.036443 0.038199 0.026769
v 0.016445 0.046582 -0.027797
v 0.015587 0.028144 -0.014386
v 0.023686 0.063366 -0.010522
v 0.023277 0.058053 -0.005405
v 0.035565 0.087735 -0.004233
v 0.027264 0.069210 -0.018185
v 0.023474 0.004216 -0.001877
v 0.035135 0.044403 0.023619
v 0.014105 0.041644 -0.022254
v 0.028105 0.051355 -0.040161
v 0.013990 0.034396 -0.017631
v 0.027442 0.030676 0.011170
v 0.017835 0.047880 -0.029600
v 0.037841 0.090204 -0.008237
v 0.022421 0.050288 -0.034811
v 0.017856 0.020689 -0.011016
v 0.023939 0.048908 0.000203
v 0.051275 0.097710 -0.021293
v 0.013424 0.039186 -0.020917
v 0.016504 0.024661 -0.012902
v 0.013627 0.037546 -0.019550
v 0.014514 0.030246 -0.015793
v 0.019042 0.048658 -0.031611
v 0.014343 0.042871 -0.023466
v 0.014778 0.044125 -0.024850
v 0.032804 0.082970 -0.000312
v 0.014963 0.044814 -0.026216
v 0.013238 0.035653 -0.018918
v 0.051704 0.049341 -0.052124
v 0.032077 0.077276 0.006158
v 0.032004 0.051494 -0.043216
v 0.043673 0.094285 -0.015197
v 0.021166 0.049525 -0.034701
v 0.048408 0.096354 -0.019774
v 0.014680 0.028288 -0.015138
v 0.024046 0.000500 -0.000698
v 0.019413 0.014704 -0.008532
v 0.040943 0.051411 -0.047653
v 0.018707 0.015915 -0.009428
v 0.026120 0.035402 0.007750
v 0.025890 0.050758 -0.039086
v 0.013606 0.030828 -0.016677
v 0.013447 0.041848 -0.023640
v 0.012895 0.037823 -0.020544
v 0.054983 0.098093 -0.024958
v 0.059938 0.072164 -0.043019
v 0.016787 0.047003 -0.029580
v 0.021887 0.049646 -0.035964
v 0.021907 0.006528 -0.004564
v 0.033911 0.085363 -0.003556
v 0.017860 0.047799 -0.031546
v 0.014937 0.026153 -0.014420
v 0.023326 0.052287 -0.002639
v 0.012723 0.039991 -0.022538
v 0.040234 0.091908 -0.012188
v 0.012519 0.032293 -0.018011
v 0.043823 0.050670 -0.049538
v 0.013749 0.043038 -0.024990
v 0.014770 0.045047 -0.027691
v 0.017746 0.017582 -0.010575
v 0.045168 0.094586 -0.017789
v 0.052726 0.097386 -0.023709
v 0.016142 0.021010 -0.012465
v 0.038361 0.051085 -0.047376
v 0.019299 0.048509 -0.034058
v 0.012486 0.035959 -0.019788
v 0.022212 0.049539 -0.037154
v 0.034787 0.051012 -0.045974
v 0.030001 0.015941 0.017030
v 0.013063 0.028919 -0.016436
v 0.015774 0.046202 -0.029568
v 0.026581 0.031072 0.008965
v 0.015483 0.023201 -0.013374
v 0.012072 0.038148 -0.021654
v 0.012030 0.034582 -0.019430
v 0.031770 0.064779 0.012700
v 0.048793 0.049350 -0.052052
v 0.033017 0.051113 -0.044729
v 0.035713 0.087842 -0.006210
v 0.026701 0.050495 -0.040856
v 0.012768 0.042092 -0.025118
v 0.041950 0.092637 -0.015213
v 0.041460 0.050732 -0.048947
v 0.020876 0.008319 -0.006074
v 0.013456 0.027234 -0.015680
v 0.037927 0.089948 -0.010014
v 0.016704 0.047003 -0.031490
v 0.014102 0.024193 -0.014485
v 0.031304 0.068873 0.010096
v 0.016757 0.017156 -0.011261
v 0.023177 0.061260 -0.009615
v 0.011654 0.036325 -0.020751
v 0.034571 0.069182 -0.028889
v 0.065146 0.070891 -0.045241
v 0.037290 0.031821 0.029048
v 0.029708 0.050815 -0.043015
v 0.028551 0.069416 -0.020773
v 0.012338 0.040701 -0.023801
v 0.013197 0.043250 -0.026517
v 0.022981 0.054109 -0.004506
v 0.057967 0.098095 -0.027630
v 0.017297 0.047385 -0.032983
v 0.031004 0.009144 0.019364
v 0.014770 0.045453 -0.029556
v 0.011480 0.033573 -0.019335
v 0.023135 0.000501 -0.002412
v 0.022691 0.049416 -0.038735
v 0.031380 0.077595 0.004004
v 0.032195 0.055686 0.016361
v 0.011251 0.038497 -0.022764
v 0.011739 0.030599 -0.017845
v 0.020002 0.005966 -0.006786
v 0.024105 0.064381 -0.013722
v 0.030568 0.071513 0.007172
v 0.029516 0.014894 0.015750
v 0.013704 0.044467 -0.028699
v 0.015591 0.046279 -0.031438
v 0.012266 0.042390 -0.026405
v 0.032455 0.082851 -0.002276
v 0.011500 0.039919 -0.023910
v 0.012792 0.025691 -0.015614
v 0.045483 0.049823 -0.051169
v 0.049784 0.095982 -0.022486
v 0.027685 0.050236 -0.042800
v 0.031441 0.079162 0.002101
v 0.014530 0.021223 -0.013523
v 0.027081 0.067357 -0.019947
v 0.010774 0.032652 -0.019348
v 0.010720 0.036747 -0.021817
v 0.018015 0.047755 -0.034412
v 0.011754 0.028268 -0.016972
v 0.046359 0.094591 -0.019912
v 0.019674 0.048425 -0.036492
v 0.011110 0.040667 -0.025259
v 0.032227 0.000500 0.022313
v 0.031781 0.080745 0.000462
v 0.012289 0.043602 -0.028989
v 0.010320 0.034853 -0.020845
v 0.019114 0.008745 -0.007960
v 0.017373 0.014451 -0.010296
v 0.031069 0.050465 -0.045101
v 0.034979 0.050556 -0.047170
v 0.015563 0.018101 -0.012230
v 0.038106 0.089581 -0.012165
v 0.040086 0.050260 -0.049598
v 0.010330 0.038922 -0.024018
v 0.023283 0.049309 -0.040456
v 0.014488 0.045603 -0.031382
v 0.022073 0.000501 -0.004088
v 0.029845 0.066956 -0.025028
v 0.032212 0.067523 -0.027509
v 0.011784 0.042732 -0.027766
v 0.056319 0.096782 -0.028085
v 0.009791 0.037193 -0.022876
v 0.020759 0.003687 -0.005837
v 0.016062 0.046759 -0.034220
v 0.013142 0.021927 -0.014405
v 0.009600 0.031711 -0.019543
v 0.013287 0.044684 -0.030428
v 0.032458 0.050900 0.018011
v 0.024147 0.040019 0.001867
v 0.050813 0.070116 -0.039568
v 0.035681 0.087429 -0.008995
v 0.022647 0.057668 -0.008018
v 0.023647 0.044975 -0.000141
v 0.017421 0.047433 -0.035511
v 0.018250 0.009490 -0.008784
v 0.053967 0.096219 -0.026759
v 0.014884 0.046037 -0.032825
v 0.012195 0.024240 -0.015480
v 0.025382 0.065368 -0.018019
v 0.010591 0.041378 -0.026845
v 0.028543 0.050063 -0.044300
v 0.056985 0.070523 -0.042271
v 0.009272 0.035384 -0.021862
v 0.010259 0.029964 -0.018396
v 0.024402 0.063627 -0.017279
v 0.014130 0.017851 -0.012936
v 0.030441 0.073982 0.005073
v 0.025402 0.033974 0.005751
v 0.036341 0.050199 -0.048679
v 0.010192 0.028102 -0.017668
v 0.024249 0.064209 -0.015363
v 0.058968 0.097215 -0.029590
v 0.009096 0.033603 -0.020824
v 0.017517 0.047473 -0.036619
v 0.010825 0.025594 -0.016496
v 0.031086 0.060920 0.012919
v 0.009373 0.039405 -0.025338
v 0.034020 0.085516 -0.006196
v 0.020232 0.048393 -0.039200
v 0.023755 0.049246 -0.041717
v 0.015108 0.015738 -0.011972
v 0.016978 0.010217 -0.009809
v 0.051056 0.095583 -0.024638
v 0.011566 0.022779 -0.015317
v 0.008751 0.037728 -0.024062
v 0.046702 0.048872 -0.052803
v 0.013205 0.018385 -0.013477
v 0.028203 0.021185 0.012707
v 0.040074 0.090676 -0.015212
v 0.028215 0.064320 -0.024895
v 0.009400 0.040459 -0.026626
v 0.011086 0.042910 -0.029055
v 0.030938 0.049948 -0.046791
v 0.029245 0.049944 -0.045430
v 0.021815 0.048105 -0.006795
v 0.008233 0.035936 -0.022861
v 0.024157 0.049213 -0.042668
v 0.041029 0.049416 -0.051591
v 0.013015 0.044962 -0.032036
v 0.012153 0.018927 -0.014028
v 0.008511 0.030391 -0.019376
v 0.042548 0.092090 -0.017787
v 0.030446 0.065608 0.009975
v 0.015988 0.010944 -0.010526
v 0.043825 0.048989 -0.052611
v 0.066758 0.068389 -0.046309
v 0.014306 0.046046 -0.034644
v 0.007948 0.034231 -0.021791
v 0.007648 0.033135 -0.021232
v 0.017680 0.047542 -0.038089
v 0.036488 0.049751 -0.049984
v 0.011636 0.044060 -0.031232
v 0.044823 0.093134 -0.020010
v 0.008831 0.026611 -0.017599
v 0.040882 0.068860 -0.034269
v 0.035295 0.033708 0.025734
v 0.026899 0.025202 0.009488
v 0.009737 0.041974 -0.028671
v 0.047100 0.094057 -0.021963
v 0.008389 0.029136 -0.018830
v 0.009821 0.023733 -0.016232
v 0.007670 0.038327 -0.025304
v 0.021885 0.053445 -0.008467
v 0.008436 0.040889 -0.027965
v 0.024677 0.049183 -0.043817
v 0.068972 0.064993 -0.047632
v 0.018848 0.003537 -0.007686
v 0.007474 0.032012 -0.020641
v 0.007074 0.036588 -0.023974
v 0.033724 0.039977 0.022246
v 0.010183 0.043008 -0.030279
v 0.033167 0.049741 -0.048879
v 0.014499 0.011756 -0.011430
v 0.010734 0.020727 -0.015003
v 0.010268 0.043533 -0.031438
v 0.038938 0.049649 -0.050814
v 0.007582 0.039385 -0.026526
v 0.022108 0.057263 -0.010661
v 0.048456 0.093983 -0.023884
v 0.014672 0.046397 -0.036273
v 0.051743 0.094958 -0.026231
v 0.058373 0.095660 -0.031007
v 0.006812 0.034882 -0.022736
v 0.012510 0.045256 -0.034113
v 0.046718 0.069029 -0.037820
v 0.043887 0.069075 -0.036144
v 0.031940 0.082242 -0.004249
v 0.063050 0.067221 -0.045433
v 0.017907 0.047633 -0.039692
v 0.029789 0.068351 0.007361
v 0.030009 0.006523 0.016714
v 0.025222 0.049167 -0.044922
v 0.017873 0.004123 -0.008466
v 0.006754 0.030455 -0.020028
v 0.036003 0.067607 -0.031170
v 0.010597 0.044076 -0.032516
v 0.030627 0.079400 -0.002076
v 0.006737 0.027756 -0.018710
v 0.031945 0.047434 0.017952
v 0.020064 0.048199 -0.041756
v 0.008974 0.042455 -0.030194
v 0.019793 0.000500 -0.006782
v 0.029615 0.074259 0.002586
v 0.007913 0.024845 -0.017179
v 0.031184 0.049672 -0.048166
v 0.006196 0.032775 -0.021541
v 0.033978 0.085240 -0.008195
v 0.008218 0.041677 -0.029338
v 0.012648 0.013603 -0.012550
v 0.005870 0.037313 -0.025133
v 0.033585 0.049585 -0.049720
v 0.008852 0.021797 -0.015858
v 0.021571 0.050214 -0.008238
v 0.029637 0.075783 0.000805
v 0.006631 0.039970 -0.027743
v 0.014650 0.046566 -0.037664
v 0.005462 0.035822 -0.023949
v 0.038247 0.068118 -0.032719
v 0.005176 0.034610 -0.023095
v 0.016221 0.006604 -0.009771
v 0.041592 0.048852 -0.052908
v 0.043196 0.091520 -0.020027
v -0.000292 0.000630 -0.012703
v 0.009924 0.018634 -0.014624
v 0.010371 0.044603 -0.034255
v 0.030177 0.077750 -0.000365
v 0.005876 0.038478 -0.026305
v 0.000009 0.048457 -0.053642
v 0.036772 0.025927 0.029049
v 0.025899 0.049161 -0.046157
v 0.051766 0.068303 -0.040666
v 0.054800 0.094833 -0.029176
v 0.038572 0.088978 -0.015200
v 0.006664 0.041019 -0.029178
v 0.004853 0.033750 -0.022561
v 0.035914 0.086903 -0.012120
v 0.005098 0.031886 -0.021302
v 0.005301 0.029940 -0.020148
v 0.045578 0.096319 0.011480
v 0.032015 0.082442 -0.006140
v 0.010813 0.013948 -0.013176
v 0.012168 0.045727 -0.036627
v 0.025506 0.027648 0.005634
v 0.008299 0.043000 -0.031730
v 0.047291 0.098924 0.007572
v 0.021620 0.048493 -0.043842
v 0.005825 0.026327 -0.018261
v 0.006825 0.042050 -0.030750
v 0.052537 0.094221 -0.027894
v 0.006807 0.023036 -0.016732
v 0.042565 0.089658 0.016744
v 0.059034 0.068216 -0.043758
v 0.048907 0.100332 0.006432
v 0.014660 0.046756 -0.039182
v 0.030694 0.065679 -0.027091
v 0.045804 0.092317 -0.022776
v 0.026235 0.062651 -0.023185
v 0.004927 0.039004 -0.027222
v 0.043150 0.091339 0.015704
v 0.007911 0.019811 -0.015418
v 0.044455 0.094310 0.013412
v 0.041850 0.086585 0.018567
v 0.008827 0.043963 -0.033603
v 0.054558 0.067655 -0.042131
v 0.038168 0.048960 -0.052615
v 0.017314 0.047543 -0.041304
v 0.039990 0.089344 -0.017774
v 0.026744 0.049159 -0.047597
v 0.043321 0.078899 0.025359
v 0.029613 0.062234 0.009765
v 0.003764 0.032759 -0.022127
v 0.041349 0.080829 0.021371
v 0.035071 0.030369 0.025853
v 0.003857 0.030878 -0.020956
v 0.013927 0.008073 -0.011049
v 0.003079 0.037088 -0.025643
v 0.003927 0.037514 -0.025891
v 0.008981 0.015861 -0.014072
v 0.047664 0.092448 -0.024951
v 0.016597 0.002798 -0.009240
v 0.042228 0.084848 0.020634
v 0.028359 0.014968 0.012540
v 0.024566 0.033933 0.003177
v 0.004842 0.040096 -0.028566
v 0.011913 0.008787 -0.011851
v 0.018695 0.047911 -0.043356
v 0.035458 0.049106 -0.052038
v 0.030814 0.056186 0.013902
v 0.009525 0.044807 -0.035524
v 0.003905 0.028578 -0.019681
v 0.024568 0.060978 -0.021516
v 0.022517 0.059399 -0.016030
v 0.021904 0.057745 -0.014710
v 0.015560 0.003737 -0.009863
v 0.031744 0.049160 -0.051203
v 0.043954 0.094653 0.011280
v 0.003154 0.034729 -0.023614
v 0.002645 0.035960 -0.024705
v 0.006571 0.043305 -0.033235
v 0.004709 0.024377 -0.017593
v 0.005880 0.042495 -0.031917
v 0.014713 0.046966 -0.040843
v 0.055722 0.093899 -0.030892
v 0.028694 0.071323 0.002777
v 0.034022 0.084956 -0.009942
v 0.020908 0.053893 -0.013786
v 0.050617 0.093226 -0.027204
v 0.004572 0.041344 -0.030404
v 0.005730 0.021182 -0.016223
v 0.045518 0.097359 0.007729
v 0.002602 0.031857 -0.021718
v 0.002463 0.033730 -0.022972
v 0.003034 0.039179 -0.027864
v 0.020354 0.048262 -0.045320
v 0.041464 0.087855 0.016515
v 0.027696 0.049160 -0.048977
v 0.003121 0.026768 -0.018861
v 0.052444 0.102984 -0.000366
v 0.006801 0.017197 -0.014802
v 0.036539 0.086863 -0.014327
v 0.009455 0.045228 -0.036914
v 0.001877 0.030434 -0.020935
v 0.011900 0.046108 -0.038710
v 0.003076 0.040336 -0.029290
v 0.022178 0.041532 -0.004729
v 0.050661 0.101885 0.001332
v 0.060358 0.094319 -0.033686
v 0.013587 0.005068 -0.010837
v 0.001295 0.035287 -0.024254
v 0.043896 0.090853 -0.022104
v 0.001389 0.036920 -0.025690
v 0.064760 0.064280 -0.046697
v 0.006908 0.044060 -0.034775
v 0.021941 0.045978 -0.005978
v 0.029245 0.008094 0.014576
v 0.031937 0.082164 -0.008106
v 0.049097 0.100785 0.002988
v 0.047809 0.065964 -0.039660
v 0.001142 0.032997 -0.022565
v 0.041274 0.070031 0.025648
v 0.009773 0.009818 -0.012573
v 0.001491 0.028958 -0.020113
v 0.030767 0.000500 0.018772
v 0.026112 0.022769 0.006875
v 0.014758 0.047129 -0.042165
v 0.049004 0.092376 -0.026497
v 0.003491 0.022657 -0.017011
v 0.003506 0.042075 -0.031783
v 0.030433 0.079638 -0.005216
v 0.008095 0.013047 -0.013545
v 0.021919 0.048533 -0.046850
v 0.032083 0.041475 0.019312
v 0.021397 0.053403 -0.010544
v 0.001085 0.038069 -0.026839
v 0.040495 0.088850 -0.019555
v 0.028523 0.049092 -0.050500
v 0.005061 0.018322 -0.015339
v 0.001843 0.023816 -0.017599
v 0.039836 0.081439 0.018460
v 0.049618 0.066340 -0.040389
v 0.007733 0.045084 -0.037241
v 0.041844 0.091673 0.011977
v 0.029323 0.058519 0.010523
v 0.009215 0.045751 -0.038992
v 0.014533 0.000500 -0.010277
v 0.028538 0.069136 0.004029
v 0.028773 0.065631 0.006624
v 0.021093 0.054938 -0.014607
v 0.011711 0.046478 -0.040819
v 0.042557 0.092950 0.011316
v 0.030222 0.051000 0.014223
v 0.004211 0.043297 -0.033856
v 0.034153 0.084544 -0.012048
v 0.047270 0.099426 0.003637
v 0.052634 0.092789 -0.029495
v 0.023382 0.059339 -0.020426
v 0.001749 0.041695 -0.031378
v 0.000945 0.039540 -0.028478
v 0.044412 0.096045 0.008628
v 0.058787 0.066158 -0.044262
v 0.014964 0.047342 -0.043722
v 0.003417 0.020046 -0.016043
v 0.030630 0.048829 -0.052875
v 0.005009 0.044003 -0.035207
v 0.057199 0.093245 -0.032573
v 0.001062 0.025834 -0.018530
v 0.011256 0.006062 -0.011687
v 0.013375 0.002366 -0.010764
v 0.005849 0.044703 -0.036740
v 0.021746 0.048564 -0.048094
v 0.002230 0.043000 -0.033561
v 0.005341 0.013338 -0.013954
v 0.001074 0.041034 -0.030437
v 0.045768 0.065611 -0.038771
v 0.043359 0.065824 -0.037342
v 0.024778 0.048872 -0.049779
v 0.022802 0.037165 -0.002561
v 0.007441 0.010656 -0.013152
v 0.032186 0.064241 -0.029797
v 0.036840 0.086484 -0.015942
v 0.044490 0.090330 -0.023592
v 0.016280 0.047767 -0.045916
v 0.001237 0.021122 -0.016521
v 0.009159 0.046276 -0.041281
v 0.009223 0.006672 -0.012237
v 0.053706 0.065533 -0.042508
v 0.033300 0.035007 0.022339
v 0.039206 0.065302 -0.034962
v 0.003123 0.016816 -0.015023
v 0.058800 0.092736 -0.034080
v 0.011605 0.046854 -0.043123
v 0.010978 0.003256 -0.011552
v 0.012293 0.000500 -0.011121
v 0.002264 0.044184 -0.036022
v 0.006704 0.045776 -0.039997
v 0.001148 0.018170 -0.015503
v 0.006896 0.008198 -0.012823
v 0.049859 0.091595 -0.028165
v -0.000526 0.043673 -0.034973
v 0.040897 0.088470 -0.020779
v 0.042971 0.094464 0.008767
v 0.041503 0.064626 0.027731
v 0.034539 0.064481 -0.031865
v 0.017885 0.048284 -0.048825
v 0.004031 0.045062 -0.038113
v 0.008868 0.004268 -0.012089
v 0.037211 0.065205 -0.033577
v 0.002107 0.014151 -0.014361
v 0.031951 0.081877 -0.009819
v 0.021269 0.048683 -0.050635
v 0.053604 0.091735 -0.031254
v 0.012641 0.047484 -0.046345
v 0.004219 0.009909 -0.013368
v 0.006633 0.046228 -0.042014
v 0.049907 0.101360 -0.002465
v 0.056833 0.064139 -0.044183
v 0.023796 0.048803 -0.051982
v 0.048991 0.100794 -0.000180
v 0.040603 0.089973 0.011741
v 0.006431 0.005877 -0.012606
v 0.021115 0.053611 -0.012087
v 0.037531 0.082942 0.013091
v 0.046868 0.090122 -0.026618
v 0.060065 0.063855 -0.045376
v 0.028219 0.060894 0.007497
v 0.001969 0.045153 -0.038617
v 0.003240 0.045782 -0.040728
v -0.000962 0.044639 -0.037255
v -0.001090 0.016234 -0.014943
v 0.029234 0.077106 -0.004390
v 0.045188 0.097757 0.003393
v 0.045133 0.089759 -0.025040
v 0.007444 0.002846 -0.012253
v 0.001529 0.011601 -0.013806
v 0.028339 0.072656 0.000269
v 0.059847 0.092040 -0.035284
v 0.039414 0.082847 0.016812
v -0.001619 0.045359 -0.039397
v 0.024548 0.048729 -0.053120
v 0.071408 0.061962 -0.048781
v 0.039896 0.088649 0.012016
v 0.003484 0.007277 -0.013032
v 0.008236 0.046981 -0.045274
v 0.041369 0.088029 -0.022081
v 0.027320 0.014792 0.009375
v 0.038405 0.072098 0.020532
v 0.028913 0.075778 -0.002406
v 0.037246 0.086020 -0.017693
v 0.055536 0.091498 -0.032888
v 0.005034 0.003517 -0.012564
v 0.028700 0.054965 0.010406
v 0.022593 0.058174 -0.019482
v -0.001014 0.045967 -0.041687
v 0.004280 0.046543 -0.044002
v 0.052478 0.102871 -0.003658
v 0.052111 0.063964 -0.042436
v 0.005589 0.000501 -0.012450
v 0.001231 0.008163 -0.013239
v 0.013434 0.048172 -0.050009
v 0.002456 0.003920 -0.012775
v 0.016576 0.048521 -0.051411
v 0.017960 0.048665 -0.053141
v 0.044841 0.097323 0.004436
v 0.050267 0.090323 -0.029706
v 0.030817 0.042856 0.016910
v 0.041345 0.063950 -0.037096
v 0.002655 0.001807 -0.012665
v 0.043112 0.095224 0.006705
v 0.034438 0.084066 -0.014230
v 0.028969 0.062707 -0.027312
v 0.007199 0.047767 -0.049417
v -0.000803 0.047647 -0.049571
v 0.055799 0.104083 -0.008767
v 0.028036 0.009970 0.011002
v 0.013814 0.048573 -0.052734
v 0.004224 0.048447 -0.053237
v 0.032769 0.082524 -0.011985
v 0.039531 0.087346 0.012871
v 0.008358 0.048344 -0.052201
v 0.027565 0.067173 0.002863
v 0.062367 0.062180 -0.046573
v 0.010018 0.048575 -0.053423
v 0.023053 0.030788 -0.002009
v 0.021904 0.056993 -0.018466
v 0.035474 0.023719 0.027287
v 0.053144 0.103027 -0.006123
v 0.047080 0.099422 -0.000112
v 0.020770 0.050284 -0.011127
v 0.041107 0.092107 0.009014
v 0.047775 0.089314 -0.028284
v 0.041984 0.087479 -0.023562
v 0.027743 0.072410 -0.001723
v 0.021455 0.056230 -0.017015
v 0.029620 0.078112 -0.008004
v 0.073393 0.057612 -0.049937
v 0.037891 0.085354 -0.019907
v 0.058188 0.090786 -0.035187
v 0.046709 0.063239 -0.040350
v 0.029249 0.077368 -0.006120
v 0.029769 0.061946 -0.028923
v 0.036557 0.073884 0.016835
v 0.051805 0.089764 -0.031427
v 0.050713 0.101675 -0.005165
v 0.039558 0.063239 -0.036382
v 0.050639 0.062801 -0.042307
v 0.067229 0.060706 -0.048196
v 0.037634 0.084766 0.011565
v 0.034723 0.083664 -0.015827
v 0.042815 0.095395 0.004437
v 0.035410 0.018503 0.027679
v 0.027189 0.063678 0.003931
v 0.033273 0.029573 0.023002
v 0.040534 0.059631 0.027831
v 0.020888 0.044626 -0.008966
v 0.054838 0.062079 -0.044209
v 0.057517 0.061364 -0.045362
v 0.034437 0.061742 -0.033645
v 0.027890 0.073767 -0.003597
v 0.037023 0.061787 -0.035572
v 0.031345 0.035126 0.018988
v 0.024064 0.022810 0.000365
v 0.043299 0.087642 -0.025028
v 0.053496 0.089157 -0.033153
v 0.044237 0.062448 -0.039532
v 0.060741 0.090124 -0.037123
v 0.031527 0.080597 -0.011889
v 0.028560 0.004856 0.012333
v 0.056586 0.089876 -0.034782
v 0.021057 0.040541 -0.007937
v 0.024010 0.058460 -0.023343
v 0.020506 0.045752 -0.010283
v 0.044462 0.087323 -0.026646
v 0.026829 0.060361 -0.026471
v 0.044736 0.097551 -0.000054
v 0.027250 0.069979 -0.000499
v 0.056216 0.103747 -0.011619
v 0.040416 0.092506 0.005448
v 0.030742 0.061079 -0.030710
v 0.032296 0.080955 -0.014042
v 0.039522 0.064463 0.024946
v 0.049165 0.061498 -0.042288
v 0.060749 0.060687 -0.046573
v 0.052917 0.102531 -0.008790
v 0.029531 0.046854 0.013864
v 0.035111 0.083173 -0.017555
v 0.021812 0.033876 -0.005583
v 0.026809 0.060825 0.004356
v 0.029963 0.078294 -0.010653
v 0.022263 0.030219 -0.004357
v 0.020186 0.050135 -0.013239
v 0.065129 0.059954 -0.047904
v 0.021554 0.039510 -0.006474
v 0.040862 0.053139 0.029964
v 0.028104 0.050679 0.010312
v 0.046919 0.099200 -0.003391
v 0.038170 0.066944 0.022100
v 0.041959 0.061837 -0.038644
v 0.054169 0.060398 -0.044669
v 0.063171 0.089228 -0.038930
v 0.038629 0.084614 -0.021965
v 0.049602 0.087271 -0.031446
v 0.048073 0.087543 -0.029966
v 0.025259 0.058816 -0.025471
v 0.048668 0.100314 -0.005269
v 0.038536 0.060843 -0.037223
v 0.042833 0.095669 0.002483
v 0.020017 0.044939 -0.011407
v 0.054918 0.088238 -0.034725
v 0.069799 0.057633 -0.049408
v 0.036388 0.075762 0.015640
v 0.033813 0.021851 0.024697
v 0.019946 0.050731 -0.014916
v 0.038417 0.088923 0.007617
v 0.058844 0.088841 -0.036823
v 0.028149 0.075001 -0.006068
v 0.045591 0.086253 -0.028658
v 0.022789 0.057213 -0.021875
v 0.031910 0.060118 -0.032659
v 0.042030 0.085647 -0.025405
v 0.057933 0.103940 -0.014181
v 0.026957 0.056243 0.006381
v 0.032553 0.080536 -0.015613
v 0.035867 0.077087 0.014019
v 0.059193 0.059262 -0.046636
v 0.020065 0.047424 -0.012119
v 0.039454 0.090827 0.006707
v 0.040871 0.093264 0.004510
v 0.026540 0.067589 -0.000577
v 0.043353 0.060628 -0.040100
v 0.035734 0.082470 -0.019743
v 0.050980 0.101365 -0.008831
v 0.047437 0.060204 -0.042229
v 0.051836 0.059729 -0.044161
v 0.039249 0.084034 -0.023432
v 0.064633 0.058263 -0.048286
v 0.058720 0.087354 -0.037554
v 0.032253 0.027210 0.021453
v 0.051512 0.086753 -0.033232
v 0.028162 0.059851 -0.028825
v 0.042602 0.095631 -0.000072
v 0.020226 0.052648 -0.016923
v 0.028544 0.075809 -0.009600
v 0.020377 0.040118 -0.009599
v 0.026128 0.064170 0.000765
v 0.061495 0.087452 -0.039011
v 0.037097 0.086776 0.007614
v 0.029297 0.040136 0.014540
v 0.044665 0.097407 -0.003581
v 0.025993 0.058162 -0.027436
v 0.055784 0.087107 -0.035926
v 0.039703 0.059890 -0.038590
v 0.021221 0.032058 -0.007045
v 0.053317 0.102193 -0.011730
v 0.030427 0.078186 -0.013306
v 0.041197 0.094108 0.001560
v 0.032918 0.080033 -0.017319
v 0.037200 0.085828 0.009275
v 0.038426 0.060635 0.024513
v 0.033212 0.059417 -0.034400
v 0.025786 0.012478 0.004118
v 0.027591 0.073892 -0.007892
v 0.057701 0.058137 -0.046684
v 0.027058 0.072403 -0.006083
v 0.039930 0.083417 -0.024859
v 0.026494 0.070655 -0.005208
v 0.074923 0.055173 -0.050586
v 0.026322 0.069380 -0.003636
v 0.045879 0.059206 -0.042141
v 0.047085 0.099079 -0.006148
v 0.028429 0.044375 0.012185
v 0.021351 0.054784 -0.020962
v 0.036777 0.059181 -0.037295
v 0.055925 0.102916 -0.014415
v 0.049256 0.100241 -0.008868
v 0.053808 0.058458 -0.045422
v 0.063132 0.056766 -0.048472
v 0.027782 0.047686 0.010276
v 0.042233 0.084068 -0.026939
v 0.020347 0.053055 -0.018700
v 0.035137 0.013895 0.027560
v 0.027592 0.058283 -0.029614
v 0.019374 0.046045 -0.013504
v 0.050025 0.058523 -0.044148
v 0.043300 0.096237 -0.003466
v 0.023822 0.056828 -0.025084
v 0.042383 0.058490 -0.041013
v 0.038838 0.054865 0.026710
v 0.035691 0.079446 0.012176
v 0.052872 0.085419 -0.034919
v 0.020656 0.034918 -0.008480
v 0.019362 0.044069 -0.012796
v 0.046349 0.084352 -0.030622
v 0.067352 0.055521 -0.049591
v 0.019757 0.040870 -0.011115
v 0.035920 0.080986 -0.021698
v 0.061118 0.085718 -0.039582
v 0.028833 0.057839 -0.031584
v 0.044744 0.097301 -0.005704
v 0.056058 0.057047 -0.046749
v 0.039509 0.092243 0.001520
v 0.057900 0.085307 -0.038048
v 0.019009 0.045987 -0.014503
v 0.035115 0.058450 -0.036706
v 0.022590 0.055455 -0.024138
v 0.070679 0.054905 -0.050193
v 0.033507 0.079311 -0.019473
v 0.063637 0.085707 -0.040801
v 0.057256 0.102562 -0.017732
v 0.025741 0.010018 0.003656
v 0.078188 0.052713 -0.051244
v 0.050454 0.100442 -0.011905
v 0.026701 0.004993 0.006293
v 0.047787 0.083674 -0.032197
v 0.054856 0.084906 -0.036433
v 0.035738 0.008387 0.028823
v 0.038218 0.089975 0.004277
v 0.023646 0.021499 -0.001048
v 0.019340 0.049768 -0.016762
v 0.043222 0.083204 -0.028554
v 0.060517 0.056296 -0.048118
v 0.053830 0.101776 -0.014565
v 0.029186 0.075998 -0.013171
v 0.035642 0.067509 0.018017
v 0.024177 0.056210 -0.026654
v 0.047250 0.098819 -0.008915
v 0.026386 0.051999 0.006247
v 0.029851 0.034194 0.016288
v 0.048758 0.057069 -0.044568
v 0.033660 0.057935 -0.036055
v 0.028191 0.074625 -0.011585
v 0.039672 0.046597 0.029811
v 0.072888 0.053320 -0.050808
v 0.051526 0.057048 -0.045473
v 0.039790 0.057974 -0.040043
v 0.032437 0.020000 0.022305
v 0.020248 0.052507 -0.020819
v 0.049571 0.083405 -0.033659
v 0.036530 0.080393 -0.023144
v 0.021593 0.054283 -0.023103
v 0.035806 0.084456 0.007525
v 0.030286 0.076885 -0.015365
v 0.046158 0.057626 -0.043252
v 0.019825 0.035324 -0.010225
v 0.026739 0.056524 -0.030434
v 0.019506 0.050898 -0.018794
v 0.018924 0.047228 -0.015593
v 0.040935 0.094021 -0.001732
v 0.029792 0.056899 -0.033602
v 0.021853 0.026668 -0.005514
v 0.025315 0.064330 -0.002075
v 0.018979 0.041045 -0.012783
v 0.041753 0.094799 -0.003522
v 0.025758 0.056953 0.003198
v 0.025338 0.059865 0.000831
v 0.018573 0.047998 -0.017876
v 0.054116 0.055997 -0.046811
v 0.024817 0.055839 -0.028332
v 0.058854 0.055271 -0.048251
v 0.063082 0.054661 -0.049266
v 0.035842 0.057199 -0.038307
v 0.034020 0.013509 0.025618
v 0.039623 0.081130 -0.026324
v 0.036995 0.088126 0.004493
v 0.042802 0.056898 -0.042386
v 0.076116 0.051310 -0.051445
v 0.055297 0.082404 -0.037750
v 0.025450 0.066471 -0.003749
v 0.027169 0.045437 0.009348
v 0.059302 0.082697 -0.039777
v 0.019388 0.050693 -0.020064
v 0.037208 0.079774 -0.024555
v 0.021818 0.053849 -0.024755
v 0.080611 0.050142 -0.051703
v 0.030610 0.027531 0.018293
v 0.034723 0.080463 0.009351
v 0.034445 0.076836 0.011546
v 0.022937 0.022108 -0.002945
v 0.067549 0.053537 -0.050275
v 0.023318 0.054555 -0.027356
v 0.051550 0.100360 -0.014868
v 0.020396 0.031638 -0.008804
v 0.030602 0.076371 -0.017033
v 0.026775 0.071931 -0.009523
v 0.018125 0.045989 -0.017159
v 0.062534 0.083392 -0.041103
v 0.045343 0.056035 -0.044083
v 0.057035 0.082158 -0.038787
v 0.028147 0.039243 0.012319
v 0.037879 0.090227 0.001500
v 0.019142 0.037492 -0.011760
v 0.026047 0.070140 -0.008460
v 0.031806 0.056581 -0.035851
v 0.044776 0.096877 -0.008970
v 0.051355 0.083041 -0.035062
v 0.018380 0.041283 -0.014039
v 0.020950 0.026720 -0.007459
v 0.037606 0.056653 -0.039918
v 0.052832 0.055426 -0.046833
v 0.061365 0.053724 -0.049442
v 0.039150 0.092113 -0.001731
v 0.043199 0.080640 -0.030141
v 0.025385 0.055160 -0.030195
v 0.024494 0.012676 0.000415
v 0.020316 0.052082 -0.022947
v 0.018257 0.044715 -0.015783
v 0.027144 0.072470 -0.011375
v 0.070597 0.051673 -0.051152
v 0.041288 0.056322 -0.042158
v 0.065967 0.052810 -0.050396
v 0.019302 0.050472 -0.021375
v 0.053525 0.100825 -0.017125
v 0.025027 0.061036 -0.000770
v 0.040612 0.080276 -0.027949
v 0.022083 0.053441 -0.026345
v 0.018462 0.048202 -0.018876
v 0.051299 0.055022 -0.046712
v 0.056830 0.054324 -0.048377
v 0.078692 0.049646 -0.051817
v 0.047608 0.098452 -0.012006
v 0.048230 0.055569 -0.045437
v 0.018205 0.038459 -0.013586
v 0.021827 0.023303 -0.005565
v 0.033330 0.012627 0.024366
v 0.042040 0.094861 -0.006191
v 0.022617 0.020741 -0.003806
v 0.076563 0.047671 -0.052369
v 0.027595 0.054716 -0.033778
v 0.020223 0.028150 -0.008879
v 0.019415 0.032127 -0.010600
v 0.017989 0.042087 -0.015096
v 0.049722 0.099185 -0.014846
v 0.039163 0.055708 -0.041661
v 0.018609 0.035484 -0.012337
v 0.020414 0.051740 -0.024594
v 0.029518 0.054999 -0.035533
v 0.035382 0.055440 -0.039744
v 0.019243 0.050221 -0.022902
v 0.026146 0.054517 -0.032221
v 0.064202 0.051971 -0.050629
v 0.036506 0.088368 0.001477
v 0.074049 0.049483 -0.051934
v 0.035618 0.085997 0.004329
v 0.018231 0.048081 -0.020122
v 0.022412 0.053017 -0.028036
v 0.033050 0.055481 -0.038049
v 0.068919 0.050891 -0.051378
v 0.046340 0.054566 -0.045632
v 0.059279 0.052875 -0.049628
v 0.056775 0.053108 -0.049147
v 0.031606 0.055013 -0.037427
v 0.025566 0.005692 0.002935
v 0.024363 0.053505 -0.031086
v 0.054955 0.100902 -0.019080
v 0.043504 0.055049 -0.044221
v 0.039859 0.092797 -0.005206
v 0.071413 0.049331 -0.052025
v 0.051894 0.053417 -0.048048
v 0.020553 0.051426 -0.026183
v 0.017235 0.040843 -0.015999
v 0.041024 0.054644 -0.043594
v 0.019061 0.029438 -0.010842
v 0.017730 0.036211 -0.013808
v 0.017173 0.038362 -0.015215
v 0.018479 0.032536 -0.012074
v 0.054837 0.053003 -0.048903
v 0.021488 0.021318 -0.006207
v 0.066903 0.049596 -0.051939
v 0.069418 0.048839 -0.052289
v 0.008673 -0.009988 -0.014158
v 0.006755 -0.006157 -0.013382
v 0.005296 -0.011572 -0.014041
v 0.014630 -0.016764 -0.016965
v 0.013420 -0.014068 -0.015929
v 0.010580 -0.016548 -0.015987
v 0.016671 -0.014720 -0.016950
v 0.018086 -0.009635 -0.016290
v 0.022872 -0.008351 -0.017834
v 0.011529 -0.005596 -0.014077
v 0.008723 -0.004134 -0.013461
v 0.012230 -0.000827 -0.013944
v 0.002932 -0.015833 -0.014883
v 0.000801 -0.013894 -0.014327
v -0.000268 -0.018345 -0.015551
v 0.023525 -0.004802 -0.017696
v 0.026845 -0.002953 -0.019108
v 0.026469 -0.000578 -0.018854
v 0.028662 -0.000540 -0.019974
v 0.002934 -0.010066 -0.013606
v 0.002930 -0.026847 -0.019102
v 0.006755 -0.024954 -0.018536
v 0.004829 -0.023234 -0.017582
v 0.010632 -0.008956 -0.014312
v 0.008671 -0.021253 -0.017245
v 0.010633 -0.020208 -0.017194
v 0.014372 -0.004033 -0.014565
v 0.001052 -0.001022 -0.012703
v 0.020189 -0.012694 -0.017619
v 0.000324 -0.031235 -0.021445
v -0.000628 -0.028597 -0.019942
v 0.017599 -0.000733 -0.015312
v 0.014363 -0.019956 -0.017951
v 0.003857 -0.029872 -0.020798
v 0.007712 -0.013363 -0.014710
v 0.016234 -0.005957 -0.015228
v 0.023522 -0.011063 -0.018605
v 0.026864 -0.007296 -0.019533
v 0.003988 -0.019779 -0.016157
v 0.002597 -0.032786 -0.022494
v 0.006755 -0.016706 -0.015451
v 0.006754 -0.028455 -0.020290
v 0.010580 -0.025593 -0.019454
v 0.014362 -0.007906 -0.014973
v 0.018088 -0.003122 -0.015567
v 0.028836 -0.005667 -0.020372
v 0.012750 -0.023217 -0.018850
v 0.019920 -0.016743 -0.018618
v 0.002931 -0.021444 -0.016721
v -0.000632 -0.023167 -0.017343
v 0.010854 -0.013255 -0.015185
v 0.018084 -0.019598 -0.018933
v 0.014363 -0.010741 -0.015425
v 0.021504 -0.002657 -0.016737
v 0.023669 -0.000627 -0.017552
v 0.023274 -0.014186 -0.019236
v 0.026964 -0.009951 -0.020022
v 0.007149 -0.031423 -0.022072
v 0.019920 -0.005834 -0.016387
v 0.010327 -0.028673 -0.021001
v 0.016232 -0.023316 -0.019833
v 0.026988 -0.012471 -0.020566
v 0.011599 -0.030968 -0.022625
v 0.013457 -0.026684 -0.020662
v 0.029222 -0.010609 -0.021365
v 0.000799 -0.025144 -0.018217
v 0.013894 -0.030197 -0.022739
v 0.023766 -0.016735 -0.020197
v 0.001068 -0.004335 -0.012851
v 0.004335 -0.004605 -0.013010
v 0.005970 -0.000936 -0.012995
v -0.000049 -0.007025 -0.013090
v 0.021734 -0.020030 -0.020466
v 0.016423 -0.027160 -0.021759
v 0.019287 -0.024568 -0.021444
v 0.027268 -0.015879 -0.021647
v 0.009675 -0.000871 -0.013483
v -0.000637 -0.011663 -0.013836
v 0.029769 -0.014576 -0.022680
v 0.021876 -0.023421 -0.021955
v 0.024553 -0.020501 -0.021924
v 0.026350 -0.019247 -0.022336
v 0.027535 -0.031508 -0.031660
v 0.009358 -0.038652 -0.028776
v 0.017285 -0.041844 -0.039037
v 0.019862 -0.040383 -0.038198
v 0.023773 -0.030413 -0.027411
v 0.002764 -0.034766 -0.023952
v 0.004243 -0.033689 -0.023246
v 0.028855 -0.031176 -0.032707
v 0.017579 -0.041143 -0.037493
v 0.004877 -0.036458 -0.025576
v 0.006826 -0.036456 -0.025873
v 0.026042 -0.031421 -0.030127
v 0.018733 -0.030165 -0.024465
v 0.013609 -0.040198 -0.032636
v 0.031772 -0.031154 -0.036834
v 0.033914 -0.029210 -0.037526
v 0.020858 -0.031316 -0.026401
v 0.011695 -0.040125 -0.031575
v 0.018580 -0.031700 -0.025539
v 0.006505 -0.037976 -0.027344
v 0.032516 -0.029254 -0.035078
v 0.030235 -0.031143 -0.034423
v 0.035043 -0.029156 -0.040067
v 0.011159 -0.041380 -0.033370
v 0.017002 -0.029540 -0.023344
v 0.011607 -0.038966 -0.029926
v 0.024647 -0.031200 -0.028757
v 0.015366 -0.042033 -0.037529
v 0.033181 -0.030794 -0.039040
v 0.014152 -0.041409 -0.035128
v 0.017838 -0.042150 -0.040796
v 0.019442 -0.041417 -0.040751
v 0.021719 -0.032608 -0.028069
v 0.025944 -0.032760 -0.031574
v 0.008323 -0.039394 -0.029388
v 0.033653 -0.031032 -0.040828
v 0.009211 -0.040818 -0.031660
v 0.002039 -0.036029 -0.024954
v 0.027695 -0.032854 -0.033577
v 0.042770 -0.016719 -0.041432
v 0.041497 -0.018916 -0.040174
v -0.000237 -0.033825 -0.023157
v 0.030136 -0.032722 -0.036801
v 0.004111 -0.038379 -0.027415
v 0.015462 -0.031720 -0.024273
v 0.023595 -0.033493 -0.030350
v 0.002458 -0.037521 -0.026364
v 0.028275 -0.033561 -0.035403
v 0.005227 -0.039742 -0.029161
v 0.011997 -0.042259 -0.035512
v 0.006952 -0.040568 -0.030629
v 0.019696 -0.033600 -0.027794
v 0.025340 -0.034044 -0.032636
v 0.012587 -0.043202 -0.038173
v 0.031241 -0.032869 -0.039268
v 0.015837 -0.042924 -0.040737
v -0.000123 -0.035817 -0.024711
v 0.014515 -0.043221 -0.040082
v 0.032581 -0.032235 -0.041096
v 0.009738 -0.042264 -0.034356
v 0.021815 -0.034680 -0.030350
v 0.007628 -0.042013 -0.033080
v 0.031107 -0.033569 -0.040789
v 0.016439 -0.033630 -0.026192
v 0.026130 -0.035103 -0.035127
v 0.010414 -0.043705 -0.037982
v -0.001176 -0.037791 -0.026577
v 0.028721 -0.034647 -0.038198
v 0.030169 -0.016537 -0.023587
v 0.028679 -0.018186 -0.023248
v 0.002594 -0.039739 -0.028849
v 0.030963 -0.019277 -0.025284
v 0.023528 -0.035321 -0.032636
v 0.009047 -0.043054 -0.035646
v 0.001028 -0.039155 -0.028054
v 0.005461 -0.041487 -0.031655
v 0.003186 -0.041030 -0.030615
v 0.012563 -0.044010 -0.040795
v 0.028226 -0.020220 -0.023830
v 0.012278 -0.032947 -0.024168
v 0.030039 -0.021274 -0.025604
v 0.032090 -0.021537 -0.027460
v 0.026407 -0.021507 -0.023324
v 0.019796 -0.035454 -0.029862
v 0.028630 -0.022682 -0.025333
v 0.017770 -0.034915 -0.028064
v 0.004844 -0.042212 -0.032723
v 0.024004 -0.023507 -0.022994
v 0.032907 -0.022522 -0.028908
v 0.023299 -0.036409 -0.034046
v 0.009966 -0.044688 -0.040862
v 0.026131 -0.023617 -0.024223
v 0.005514 -0.043110 -0.034527
v 0.026873 -0.036099 -0.038198
v 0.008046 -0.044320 -0.038305
v 0.005745 -0.043762 -0.035980
v 0.029639 -0.034875 -0.040812
v 0.001139 -0.040582 -0.029846
v 0.002768 -0.042349 -0.032636
v 0.030205 -0.023920 -0.027344
v 0.033977 -0.023301 -0.030675
v 0.020889 -0.036258 -0.031654
v 0.027527 -0.024890 -0.025892
v 0.012984 -0.034678 -0.025809
v 0.000686 -0.041876 -0.031720
v 0.009468 -0.032139 -0.022926
v 0.030570 -0.025536 -0.028842
v 0.002917 -0.043648 -0.035098
v 0.034630 -0.023509 -0.031680
v 0.004883 -0.044704 -0.038089
v 0.024606 -0.037046 -0.036770
v 0.028538 -0.035764 -0.040758
v 0.007554 -0.045141 -0.040798
v 0.042305 -0.019133 -0.043740
v 0.016969 -0.036111 -0.028939
v 0.028653 -0.025652 -0.027263
v 0.015095 -0.035514 -0.027411
v 0.000577 -0.043002 -0.033647
v 0.040271 -0.020581 -0.038885
v 0.024798 -0.025651 -0.024602
v 0.018288 -0.036807 -0.030544
v 0.005425 -0.045429 -0.040738
v 0.032268 -0.025552 -0.030629
v 0.040707 -0.020885 -0.040720
v 0.000709 -0.043966 -0.035607
v 0.002219 -0.044967 -0.038237
v 0.022753 -0.025364 -0.023336
v 0.036118 -0.023537 -0.033828
v 0.027145 -0.036849 -0.040793
v 0.003311 -0.045640 -0.040765
v 0.038287 -0.022513 -0.036622
v -0.000742 -0.044801 -0.037665
v 0.020596 -0.037164 -0.032723
v 0.033617 -0.025912 -0.032634
v -0.000736 -0.045469 -0.039710
v 0.000844 -0.045780 -0.040876
v 0.039445 -0.022256 -0.039112
v 0.009416 -0.034023 -0.024282
v 0.020377 -0.038121 -0.034046
v 0.012933 -0.036352 -0.027399
v 0.025143 -0.027302 -0.025889
v 0.022041 -0.038285 -0.036072
v 0.037966 -0.024137 -0.038152
v 0.036320 -0.025083 -0.035985
v 0.025392 -0.037775 -0.039844
v 0.015394 -0.037166 -0.029342
v 0.017987 -0.037781 -0.031655
v 0.030661 -0.027543 -0.030703
v 0.039361 -0.023370 -0.040826
v 0.034135 -0.026756 -0.034330
v 0.021373 -0.026516 -0.023324
v 0.022228 -0.039105 -0.038122
v 0.027239 -0.027220 -0.027318
v 0.011128 -0.035943 -0.026401
v 0.024115 -0.038685 -0.040059
v 0.028854 -0.027925 -0.029254
v 0.025542 -0.038597 -0.043087
v 0.022802 -0.027505 -0.024654
v 0.009134 -0.036085 -0.025992
v 0.006840 -0.033294 -0.023277
v 0.036672 -0.026107 -0.038236
v 0.017623 -0.038662 -0.032723
v 0.031851 -0.028047 -0.032636
v 0.012364 -0.037784 -0.028759
v 0.015586 -0.038882 -0.031732
v 0.014212 -0.038628 -0.030629
v 0.038061 -0.025412 -0.040785
v 0.018842 -0.039495 -0.035118
v 0.018606 -0.027975 -0.022994
v 0.025780 -0.028606 -0.027318
v 0.034598 -0.027397 -0.035983
v 0.020602 -0.028646 -0.024273
v 0.026979 -0.029293 -0.028849
v 0.009372 -0.037446 -0.027409
v 0.006171 -0.035043 -0.024522
v 0.028666 -0.029536 -0.030629
v 0.022450 -0.039883 -0.040792
v 0.022278 -0.029578 -0.025809
v 0.015990 -0.040055 -0.033869
v 0.035578 -0.027528 -0.038148
v 0.030343 -0.029672 -0.032636
v 0.036935 -0.027029 -0.040812
v 0.016838 -0.040757 -0.035891
v 0.020713 -0.040814 -0.040816
v 0.036065 -0.028155 -0.040754
v 0.003115 -0.053177 -0.087076
v 0.003866 -0.053528 -0.091465
v 0.047398 -0.025941 -0.096022
v 0.003119 -0.051207 -0.070679
v 0.046880 -0.023853 -0.080757
v 0.045882 -0.024627 -0.076460
v 0.042469 -0.020849 -0.047861
v 0.047199 -0.027374 -0.104692
v 0.001667 -0.054889 -0.114364
v 0.003197 -0.054460 -0.104486
v 0.004822 -0.046977 -0.047425
v 0.046975 -0.028456 -0.115107
v 0.004216 -0.051943 -0.076753
v 0.005308 -0.050253 -0.065533
v 0.045383 -0.024101 -0.071304
v 0.043682 -0.022403 -0.057014
v 0.004159 -0.048505 -0.054818
v 0.045838 -0.026197 -0.082565
v 0.047062 -0.025247 -0.088472
v 0.001540 -0.054016 -0.096100
v 0.003179 -0.052711 -0.082603
v 0.000077 0.049136 -0.057323
v 0.046471 -0.029418 -0.121000
v 0.044408 -0.023979 -0.065183
v -0.000473 0.050219 -0.063593
v 0.000004 -0.055006 -0.121000
v 0.043341 -0.023925 -0.059386
v 0.041298 -0.021871 -0.045142
v 0.045830 -0.028043 -0.092217
v 0.045794 -0.028813 -0.097014
v -0.000779 -0.054920 -0.115180
v 0.045925 -0.030146 -0.115610
v 0.002411 -0.047269 -0.047926
v 0.044758 -0.026414 -0.075620
v 0.000568 -0.053445 -0.088990
v -0.000223 -0.054742 -0.108832
v 0.001487 -0.050405 -0.064864
v 0.000175 -0.054392 -0.101485
v 0.044996 -0.027978 -0.084268
v 0.001891 -0.051901 -0.075342
v 0.041077 -0.023521 -0.047968
v 0.045374 -0.030355 -0.105220
v 0.054930 0.000997 -0.116003
v 0.042975 -0.025724 -0.062803
v 0.054981 0.000000 -0.118993
v 0.055016 0.000000 -0.121000
v 0.002147 -0.049415 -0.059133
v 0.041864 -0.024845 -0.054822
v 0.054836 0.001104 -0.112058
v 0.044781 -0.031947 -0.121000
v 0.000063 -0.052792 -0.082501
v 0.054766 -0.000084 -0.109360
v 0.054933 -0.000995 -0.116003
v 0.045188 -0.031083 -0.112040
v 0.000571 -0.048622 -0.054504
v 0.043536 -0.026797 -0.069401
v -0.000957 -0.052185 -0.077382
v 0.000029 -0.051208 -0.070043
v -0.000547 -0.049503 -0.059346
v 0.041824 -0.026420 -0.059169
v 0.044279 -0.030106 -0.090003
v 0.043660 -0.028518 -0.077056
v -0.000415 -0.047265 -0.047644
v 0.044115 -0.031570 -0.099138
v 0.043693 -0.033207 -0.112948
v 0.041925 -0.028153 -0.065358
v 0.043135 -0.030134 -0.080926
v 0.039339 -0.026216 -0.047654
v 0.042199 -0.029578 -0.072329
v 0.043042 -0.034239 -0.121000
v 0.043524 -0.031448 -0.091849
v 0.043572 -0.032965 -0.106396
v 0.040094 -0.027614 -0.054819
v 0.000359 0.055014 -0.121000
v 0.001427 0.054827 -0.111837
v 0.001781 0.054598 -0.106057
v 0.001414 0.054346 -0.101107
v 0.001135 0.053884 -0.094299
v 0.042860 -0.033284 -0.099474
v 0.003247 0.054870 -0.117477
v 0.005046 0.054788 -0.121000
v 0.042623 -0.031678 -0.085498
v 0.040435 -0.028487 -0.059127
v 0.042402 -0.034928 -0.115606
v 0.000294 0.052421 -0.079290
v -0.000611 0.051700 -0.073602
v 0.040851 -0.031593 -0.073107
v 0.002154 0.053071 -0.085524
v 0.003005 0.054045 -0.097476
v 0.004360 0.054672 -0.112037
v -0.000192 0.051014 -0.068747
v 0.001937 0.051541 -0.072656
v 0.001678 0.050457 -0.065312
v 0.039994 -0.030740 -0.064979
v 0.041277 -0.032330 -0.079357
v 0.042320 -0.034541 -0.106180
v 0.041139 -0.036504 -0.121000
v 0.003387 0.053593 -0.091846
v 0.004414 0.054387 -0.104824
v 0.041197 -0.033487 -0.085321
v 0.002602 0.052562 -0.081021
v 0.041567 -0.035782 -0.112050
v 0.006156 0.054600 -0.116134
v 0.042108 -0.033490 -0.093037
v 0.038621 -0.031665 -0.061868
v 0.005919 0.053743 -0.096510
v 0.038061 -0.030632 -0.055717
v 0.037459 -0.028676 -0.047198
v 0.003672 0.051213 -0.071040
v 0.004472 0.051849 -0.076183
v 0.041246 -0.035464 -0.101621
v 0.005477 0.052442 -0.081879
v 0.005039 0.053179 -0.088693
v 0.040279 -0.037344 -0.115121
v 0.007235 0.054333 -0.110745
v 0.006445 0.054099 -0.103254
v 0.040706 -0.035182 -0.093065
v 0.039595 -0.034384 -0.079430
v 0.038877 -0.032864 -0.068015
v 0.040335 -0.037024 -0.109123
v 0.009437 0.054123 -0.115701
v 0.010908 0.053927 -0.121000
v 0.008927 0.053973 -0.107894
v 0.039419 -0.037642 -0.103622
v 0.038601 -0.034167 -0.072443
v 0.007306 0.052889 -0.088393
v 0.039057 -0.038736 -0.121000
v 0.039581 -0.036816 -0.096406
v 0.038934 -0.035746 -0.083085
v 0.008037 0.053733 -0.100504
v 0.036024 -0.030450 -0.047167
v 0.006902 0.051627 -0.076557
v 0.039473 -0.035970 -0.088485
v 0.008726 0.053091 -0.093072
v 0.008909 0.052044 -0.082550
v 0.010472 0.053476 -0.103413
v 0.010178 0.053175 -0.097658
v 0.012047 0.053605 -0.115940
v 0.038715 -0.038793 -0.110597
v 0.012210 0.053336 -0.108086
v 0.010726 0.051921 -0.084511
v 0.036067 -0.032976 -0.055821
v 0.037939 -0.038540 -0.096687
v 0.036594 -0.034548 -0.064238
v 0.011513 0.052452 -0.091849
v 0.037348 -0.036311 -0.076558
v 0.037119 -0.040487 -0.115126
v 0.036981 -0.040710 -0.121000
v 0.012976 0.052651 -0.098796
v 0.014654 0.052946 -0.115546
v 0.016644 0.052442 -0.121000
v 0.036829 -0.038612 -0.087953
v 0.037033 -0.039980 -0.103427
v 0.036228 -0.036391 -0.071027
v 0.034357 -0.032376 -0.047369
v 0.015010 0.052388 -0.103428
v 0.036770 -0.037810 -0.081992
v 0.014998 0.052647 -0.108953
v 0.013632 0.051509 -0.087257
v 0.036870 -0.040482 -0.109253
v 0.014754 0.051652 -0.092007
v 0.035113 -0.034838 -0.059133
v 0.017354 0.052101 -0.114309
v 0.015611 0.051842 -0.097652
v 0.036287 -0.039743 -0.093243
v 0.014699 0.050590 -0.081490
v 0.017374 0.051745 -0.105192
v 0.016860 0.050713 -0.088937
v 0.035486 -0.038192 -0.076931
v 0.033178 -0.033693 -0.047732
v 0.035447 -0.040951 -0.097935
v 0.033769 -0.035065 -0.054823
v 0.017794 0.051063 -0.096629
v 0.019320 0.051294 -0.110776
v 0.035633 -0.041911 -0.120999
v 0.035009 -0.036287 -0.064879
v 0.019340 0.050935 -0.103248
v 0.020545 0.050982 -0.117496
v 0.022186 0.050348 -0.121000
v 0.035132 -0.042060 -0.110452
v 0.021858 0.050334 -0.112909
v 0.019998 0.049682 -0.090168
v 0.034526 -0.042139 -0.103089
v 0.033428 -0.036537 -0.059467
v 0.019946 0.050199 -0.095817
v 0.033739 -0.038581 -0.070318
v 0.021231 0.050344 -0.106464
v 0.033966 -0.040374 -0.082196
v 0.024040 0.049418 -0.116316
v 0.022094 0.049658 -0.100926
v 0.034228 -0.042967 -0.115575
v 0.032438 -0.044440 -0.121000
v 0.022102 0.049185 -0.094682
v 0.023175 0.049541 -0.107614
v 0.034307 -0.041312 -0.091847
v 0.033575 -0.039825 -0.076558
v 0.032492 -0.038131 -0.062850
v 0.024924 0.048065 -0.097563
v 0.024065 0.048269 -0.094804
v 0.026613 0.048142 -0.121000
v 0.025034 0.048454 -0.104224
v 0.033717 -0.042373 -0.097826
v 0.033244 -0.043445 -0.107877
v 0.026033 0.048224 -0.110494
v 0.026903 0.047903 -0.115858
v 0.030896 -0.035844 -0.047910
v 0.031677 -0.044904 -0.116049
v 0.027989 0.046404 -0.098267
v 0.028810 0.046686 -0.112393
v 0.028052 0.046789 -0.104490
v 0.033300 -0.041686 -0.087928
v 0.030066 0.046076 -0.121000
v 0.031739 -0.037163 -0.055836
v 0.032358 -0.039316 -0.068102
v 0.031977 -0.043433 -0.094785
v 0.032012 -0.043895 -0.100542
v 0.030409 0.045455 -0.107610
v 0.031298 0.045048 -0.112096
v 0.031231 -0.044744 -0.104703
v 0.030413 0.045122 -0.101969
v 0.031871 -0.041904 -0.081185
v 0.032238 0.044525 -0.117473
v 0.034784 0.042629 -0.121000
v 0.032374 0.043920 -0.104733
v 0.030898 -0.041214 -0.072146
v 0.030851 -0.039711 -0.064014
v 0.032177 0.043262 -0.094181
v 0.033558 0.043345 -0.110954
v 0.033902 0.042679 -0.103620
v 0.030895 -0.043578 -0.088686
v 0.035561 0.041924 -0.117513
v 0.029800 -0.038615 -0.055301
v 0.035915 0.041458 -0.111997
v 0.035587 0.041387 -0.105124
v 0.029624 -0.036741 -0.047307
v 0.030419 -0.045597 -0.110760
v 0.039166 0.038642 -0.121000
v 0.038265 0.039387 -0.114342
v 0.037362 0.039776 -0.104946
v 0.029502 -0.043018 -0.077121
v 0.030143 -0.044873 -0.096420
v 0.029991 -0.043407 -0.082245
v 0.039031 0.038222 -0.106217
v 0.028536 -0.040632 -0.060190
v 0.027471 -0.047671 -0.121000
v 0.040370 0.037304 -0.117509
v 0.039896 0.037628 -0.111836
v 0.040831 0.036296 -0.106245
v 0.041951 0.035356 -0.112393
v 0.028322 -0.047050 -0.114386
v 0.028628 -0.041568 -0.065177
v 0.042465 0.034980 -0.120999
v 0.027904 -0.038053 -0.047251
v 0.028722 -0.045030 -0.088573
v 0.044215 0.032599 -0.115339
v 0.042902 0.034001 -0.108685
v 0.045714 0.030617 -0.121000
v 0.045845 0.030245 -0.114812
v 0.028586 -0.046491 -0.105025
v 0.028254 -0.046059 -0.096056
v 0.047425 0.027787 -0.117498
v 0.027824 -0.044936 -0.083040
v 0.046647 0.028841 -0.111797
v 0.048615 0.025761 -0.120999
v 0.048226 0.026151 -0.112347
v 0.049597 0.023791 -0.121000
v 0.049702 0.023220 -0.112534
v 0.050525 0.021552 -0.115284
v 0.050629 0.021486 -0.121000
v 0.051389 0.019383 -0.115055
v 0.052213 0.017348 -0.121000
v 0.052453 0.016468 -0.117401
v 0.052412 0.016167 -0.112223
v 0.053136 0.013780 -0.113876
v 0.026672 -0.047459 -0.102361
v 0.053400 0.013217 -0.120999
v 0.028203 -0.043177 -0.072593
v 0.053627 0.011487 -0.111968
v 0.053921 0.010912 -0.120999
v 0.054309 0.008477 -0.117339
v 0.054715 0.005784 -0.121000
v 0.026620 -0.041003 -0.055887
v 0.054764 0.004782 -0.117394
v 0.054574 0.005180 -0.111304
v 0.026329 -0.046521 -0.089025
v 0.054553 -0.000088 -0.104629
v 0.026444 -0.047939 -0.109124
v 0.054764 -0.002388 -0.110806
v 0.026310 -0.048230 -0.115598
v 0.026433 -0.045152 -0.078388
v 0.053916 -0.000099 -0.094452
v 0.054523 -0.001814 -0.104519
v 0.025349 -0.039928 -0.047779
v 0.026770 -0.043312 -0.068105
v 0.054108 -0.001950 -0.097652
v 0.053023 -0.000115 -0.084660
v 0.026093 -0.042644 -0.062249
v 0.054817 -0.003663 -0.115704
v 0.054715 -0.005784 -0.121000
v 0.051947 -0.000133 -0.075429
v 0.053505 -0.002408 -0.090175
v 0.050696 -0.000158 -0.066603
v 0.052730 -0.001742 -0.082233
v 0.049935 -0.000169 -0.061892
v 0.024737 -0.045037 -0.071234
v 0.024126 -0.048875 -0.103546
v 0.051262 -0.001844 -0.070674
v 0.048717 -0.000191 -0.055016
v 0.052022 -0.002665 -0.076558
v 0.047624 -0.000209 -0.049395
v 0.025387 -0.047706 -0.096100
v 0.024614 -0.048979 -0.110966
v 0.024690 -0.041961 -0.054867
v 0.025283 -0.046327 -0.082404
v 0.054065 -0.005272 -0.100326
v 0.049708 -0.001997 -0.060742
v 0.022186 -0.050348 -0.121000
v 0.024717 -0.044030 -0.065342
v 0.054350 -0.005495 -0.106063
v 0.054487 -0.006309 -0.111997
v 0.053601 -0.004970 -0.093396
v 0.023188 -0.049836 -0.117493
v 0.046685 -0.000226 -0.044856
v 0.054526 -0.006940 -0.117481
v 0.024015 -0.043241 -0.059127
v 0.052763 -0.004540 -0.083988
v 0.023610 -0.040924 -0.047546
v 0.050426 -0.004339 -0.066055
v 0.051145 -0.004943 -0.071234
v 0.023299 -0.047593 -0.084286
v 0.023792 -0.048138 -0.091850
v 0.022554 -0.049782 -0.106685
v 0.024021 -0.046203 -0.076447
v 0.022518 -0.050016 -0.112195
v 0.047324 -0.004146 -0.048772
v 0.022536 -0.049243 -0.097838
v 0.022416 -0.043214 -0.054823
v 0.048700 -0.003257 -0.055493
v 0.051855 -0.005151 -0.076758
v 0.022231 -0.045280 -0.064979
v 0.053393 -0.006933 -0.093542
v 0.046405 -0.004574 -0.044632
v 0.021664 -0.048131 -0.082415
v 0.053572 -0.008706 -0.099568
v 0.052540 -0.006982 -0.084380
v 0.021860 -0.044463 -0.059610
v 0.053903 -0.008968 -0.106493
v 0.020465 -0.051014 -0.117489
v 0.054009 -0.009580 -0.112125
v 0.021921 -0.046432 -0.071030
v 0.021293 -0.049283 -0.091637
v 0.021398 -0.047520 -0.076753
v 0.021345 -0.042185 -0.047676
v 0.053950 -0.010382 -0.115645
v 0.053775 -0.011634 -0.121000
v 0.020664 -0.050409 -0.103139
v 0.020103 -0.051042 -0.112368
v 0.048583 -0.005529 -0.055980
v 0.051743 -0.007509 -0.078120
v 0.020481 -0.049003 -0.085511
v 0.049557 -0.005650 -0.061518
v 0.019479 -0.051043 -0.106289
v 0.019668 -0.050433 -0.097430
v 0.052928 -0.009121 -0.091962
v 0.020157 -0.042194 -0.045287
v 0.019965 -0.044648 -0.056037
v 0.016644 -0.052442 -0.121000
v 0.050103 -0.008096 -0.066968
v 0.019513 -0.047196 -0.069062
v 0.050911 -0.009123 -0.073689
v 0.017776 -0.051955 -0.114192
v 0.053352 -0.011124 -0.103606
v 0.018873 -0.046301 -0.062239
v 0.053363 -0.013066 -0.115701
v 0.052017 -0.010387 -0.084840
v 0.046790 -0.008083 -0.048662
v 0.018747 -0.048773 -0.077840
v 0.052936 -0.011271 -0.097394
v 0.018385 -0.049857 -0.085797
v 0.018468 -0.050422 -0.091848
v 0.018250 -0.043566 -0.047490
v 0.053175 -0.013031 -0.108880
v 0.051290 -0.011015 -0.079523
v 0.017480 -0.051360 -0.099248
v 0.048812 -0.008212 -0.059327
v 0.052502 -0.011149 -0.091540
v 0.045850 -0.007902 -0.044177
v 0.016309 -0.052086 -0.105010
v 0.017658 -0.048217 -0.071028
v 0.017806 -0.045527 -0.055890
v 0.052829 -0.013073 -0.102061
v 0.051614 -0.012578 -0.085639
v 0.048048 -0.008811 -0.055672
v 0.016986 -0.049460 -0.078217
v 0.049803 -0.011637 -0.069583
v 0.015002 -0.052777 -0.112537
v 0.049113 -0.010480 -0.063590
v 0.014847 -0.052922 -0.117484
v 0.016263 -0.051191 -0.092026
v 0.052011 -0.013723 -0.092906
v 0.015720 -0.044564 -0.047565
v 0.052693 -0.015643 -0.117490
v 0.052213 -0.017348 -0.121000
v 0.015632 -0.050644 -0.084389
v 0.050226 -0.012453 -0.073924
v 0.052133 -0.015060 -0.099435
v 0.052447 -0.016064 -0.112204
v 0.016131 -0.047320 -0.062249
v 0.014996 -0.052035 -0.097828
v 0.045349 -0.009956 -0.043757
v 0.048931 -0.012510 -0.065375
v 0.014369 -0.052830 -0.109124
v 0.016362 -0.048116 -0.067457
v 0.052293 -0.015750 -0.105925
v 0.016176 -0.046125 -0.055858
v 0.050296 -0.014902 -0.079528
v 0.050852 -0.015321 -0.085500
v 0.047443 -0.011774 -0.055894
v 0.014557 -0.049417 -0.072193
v 0.046064 -0.011132 -0.048219
v 0.010908 -0.053927 -0.121000
v 0.048072 -0.012842 -0.060852
v 0.013264 -0.052844 -0.103243
v 0.051132 -0.016406 -0.091841
v 0.011969 -0.053647 -0.117481
v 0.013187 -0.045500 -0.048123
v 0.044970 -0.011269 -0.043432
v 0.051692 -0.018591 -0.115349
v 0.013914 -0.051965 -0.092962
v 0.014037 -0.048181 -0.063373
v 0.013992 -0.050552 -0.079532
v 0.049463 -0.015294 -0.074116
v 0.012088 -0.052826 -0.098372
v 0.012149 -0.053443 -0.110611
v 0.051208 -0.017623 -0.097837
v 0.012779 -0.051547 -0.085497
v 0.048621 -0.015410 -0.068646
v 0.014073 -0.046818 -0.055921
v 0.051540 -0.017660 -0.103255
v 0.051646 -0.018161 -0.108994
v 0.012814 -0.050109 -0.073730
v 0.046881 -0.013747 -0.055756
v 0.047663 -0.015039 -0.062160
v 0.049938 -0.018544 -0.087070
v 0.009760 -0.053621 -0.103423
v 0.011600 -0.052397 -0.091410
v 0.011076 -0.048793 -0.062445
v 0.009438 -0.053992 -0.110617
v 0.044341 -0.013130 -0.042881
v 0.011363 -0.049641 -0.068094
v 0.009056 -0.054214 -0.117478
v 0.044874 -0.014848 -0.047626
v 0.011933 -0.051076 -0.079534
v 0.012346 -0.047300 -0.055887
v 0.049561 -0.018152 -0.082402
v 0.050700 -0.021231 -0.117496
v 0.050045 -0.022862 -0.121000
v 0.050581 -0.019825 -0.100542
v 0.050615 -0.020590 -0.106433
v 0.048998 -0.017272 -0.075486
v 0.010535 -0.052070 -0.085676
v 0.050209 -0.019267 -0.092758
v 0.046124 -0.016048 -0.055637
v 0.050418 -0.021616 -0.112190
v 0.010319 -0.050937 -0.075622
v 0.009317 -0.053312 -0.097269
v 0.047639 -0.017271 -0.066442
v 0.008746 -0.052995 -0.092025
v 0.010004 -0.046141 -0.047382
v 0.046315 -0.017456 -0.059322
v 0.005046 -0.054788 -0.121000
v 0.048264 -0.019172 -0.075314
v 0.044534 -0.016609 -0.048940
v 0.009463 -0.047923 -0.055675
v 0.006971 -0.054401 -0.112037
v 0.008893 -0.051862 -0.080945
v 0.008659 -0.050992 -0.073751
v 0.005344 -0.054698 -0.116505
v 0.049571 -0.021505 -0.096097
v 0.007172 -0.052720 -0.086416
v 0.048690 -0.020363 -0.082403
v 0.049627 -0.022307 -0.101834
v 0.049324 -0.024197 -0.115701
v 0.006162 -0.054216 -0.104752
v 0.048733 -0.021811 -0.088394
v 0.008248 -0.050268 -0.068225
v 0.046441 -0.019094 -0.063555
v 0.047002 -0.020153 -0.069605
v 0.007843 -0.049376 -0.062248
v 0.005353 -0.053886 -0.097645
v 0.049035 -0.024345 -0.108900
v 0.006507 -0.053303 -0.091850
v 0.048482 -0.023153 -0.092212
v 0.047443 -0.021122 -0.075321
v 0.047728 -0.022534 -0.082402
v 0.006432 -0.051754 -0.077067
v 0.048582 -0.024668 -0.103209
v 0.007494 -0.046626 -0.047444
v 0.044555 -0.019770 -0.055097
v 0.004179 -0.054650 -0.110686
v 0.045644 -0.021549 -0.065174
v 0.043606 -0.018177 -0.047513
v 0.048318 -0.024426 -0.097651
v 0.005920 -0.051026 -0.071193
v 0.006459 -0.048480 -0.056036
v 0.048140 -0.026474 -0.115906
v 0.047986 -0.026877 -0.121000
v 0.006056 -0.052397 -0.082112
v 0.046308 -0.022607 -0.072317
v 0.044942 -0.020724 -0.059302
v 0.004635 -0.049384 -0.059906
v 0.047136 -0.027987 -0.110795
v 0.054500 0.000985 -0.116011
v 0.054500 -0.000985 -0.116011
v 0.054500 0.000000 -0.118967
v -0.005047 -0.054788 -0.121000
v 0.045707 0.003175 -0.121000
v 0.049679 0.003474 -0.121000
v 0.049823 -0.000197 -0.121000
v 0.049679 -0.003474 -0.121000
v 0.045435 0.002879 -0.121000
v 0.045701 -0.003172 -0.121000
v -0.029994 0.046125 -0.121000
v -0.024860 0.049083 -0.121000
v -0.019438 0.051472 -0.121000
v -0.013790 0.053263 -0.121000
v -0.007983 0.054437 -0.121000
v -0.003374 0.054911 -0.120999
v -0.042713 0.034681 -0.120999
v -0.039163 0.038645 -0.121000
v -0.034780 0.042632 -0.121000
v -0.055013 0.000812 -0.120999
v -0.054828 0.004344 -0.121000
v -0.054323 0.008725 -0.121000
v -0.053070 0.014515 -0.121000
v -0.051202 0.020138 -0.121000
v -0.048740 0.025527 -0.121000
v -0.045712 0.030620 -0.121000
v 0.045446 -0.002893 -0.121000
v -0.032439 -0.044440 -0.121000
v -0.037030 -0.040694 -0.121000
v -0.041191 -0.036476 -0.121000
v -0.044874 -0.031835 -0.121000
v -0.048037 -0.026825 -0.121000
v -0.050643 -0.021504 -0.121000
v -0.052662 -0.015934 -0.121000
v -0.054070 -0.010178 -0.121000
v -0.054851 -0.004306 -0.121000
v -0.010909 -0.053927 -0.121000
v -0.016644 -0.052441 -0.121000
v -0.022187 -0.050348 -0.121000
v -0.027472 -0.047670 -0.121000
v 0.040515 -0.000333 -0.039160
v 0.031098 -0.000497 -0.025588
v 0.038042 -0.000376 -0.036315
v 0.044283 -0.000267 -0.042861
v 0.035773 -0.000416 -0.033359
v 0.033404 -0.000457 -0.029759
v -0.034588 0.030404 -0.041984
v -0.035047 -0.016978 -0.027786
v -0.035001 0.028940 -0.039508
v -0.033076 0.031104 -0.039468
v -0.013796 0.031212 -0.023367
v -0.036101 -0.026396 -0.037434
v -0.019058 0.030751 -0.025036
v -0.036640 -0.026849 -0.039534
v -0.034514 -0.029511 -0.039462
v -0.035950 -0.028505 -0.041282
v -0.024830 0.032888 -0.030693
v -0.032961 -0.010521 -0.023724
v -0.028862 0.032667 -0.034768
v -0.031019 0.031091 -0.035493
v -0.033935 -0.012540 -0.025040
v -0.036890 -0.018365 -0.030693
v -0.035987 -0.017912 -0.029315
v -0.018321 0.032910 -0.026422
v -0.021766 0.031049 -0.026687
v -0.036754 -0.023468 -0.034804
v -0.021924 0.032945 -0.028515
v -0.034902 -0.014136 -0.026430
v -0.032875 -0.015115 -0.025038
v -0.037251 -0.020822 -0.033024
v -0.035363 -0.021147 -0.030698
v -0.025973 0.033323 -0.032318
v -0.027975 0.031660 -0.032318
v -0.031734 -0.009307 -0.022622
v -0.037657 -0.024123 -0.037435
v -0.035480 -0.025883 -0.035493
v -0.031135 0.032115 -0.037431
v -0.033716 -0.016781 -0.026428
v -0.035567 -0.022845 -0.032354
v -0.016971 0.031523 -0.024699
v -0.017339 0.030015 -0.023786
v -0.037276 -0.027053 -0.042015
v -0.011911 0.029878 -0.022032
v -0.026796 0.034382 -0.034768
v -0.031098 0.033081 -0.039468
v -0.032593 0.032437 -0.041702
v -0.034804 -0.009894 -0.025038
v -0.038393 -0.021327 -0.035493
v -0.035891 -0.011410 -0.026428
v -0.038105 -0.018301 -0.032354
v -0.036392 -0.014111 -0.027900
v -0.037769 -0.015295 -0.030037
v -0.014609 0.033108 -0.025033
v -0.038572 -0.023988 -0.039502
v -0.022225 0.034695 -0.030698
v -0.023873 0.034858 -0.032318
v -0.028039 0.034850 -0.037432
v -0.019005 0.034096 -0.027895
v -0.020093 0.034817 -0.029315
v -0.032274 -0.006091 -0.022475
v -0.039071 -0.021760 -0.037435
v -0.039260 -0.018061 -0.034031
v -0.034554 -0.007402 -0.024322
v -0.038823 -0.024449 -0.041282
v -0.010383 0.030894 -0.022319
v -0.024628 0.035967 -0.034768
v -0.030093 0.034319 -0.040282
v -0.033504 -0.006129 -0.023332
v -0.039671 -0.018882 -0.035533
v -0.039114 -0.015907 -0.032280
v -0.037192 -0.011844 -0.027900
v -0.038639 -0.012941 -0.030037
v -0.019491 0.036307 -0.030693
v -0.015204 0.034451 -0.026430
v -0.021959 0.036593 -0.033024
v -0.028072 0.035956 -0.040172
v -0.010977 0.032777 -0.023702
v -0.040336 -0.019313 -0.037434
v -0.040211 -0.021539 -0.040159
v -0.036074 -0.007915 -0.025722
v -0.007319 0.031836 -0.022355
v -0.025271 0.036897 -0.037434
v -0.037811 -0.008246 -0.027517
v -0.016208 0.035601 -0.027996
v -0.016795 0.036522 -0.029315
v -0.038532 -0.010319 -0.028925
v -0.040758 -0.016404 -0.035533
v -0.040026 -0.013526 -0.032319
v -0.033240 -0.003157 -0.022843
v -0.040476 -0.014963 -0.033929
v -0.035539 -0.004391 -0.024705
v -0.011107 0.034505 -0.025097
v -0.022498 0.037718 -0.035493
v -0.012003 0.035663 -0.026386
v -0.019408 0.037528 -0.032318
v -0.025846 0.037582 -0.040157
v -0.008249 0.032863 -0.023200
v -0.039687 -0.009737 -0.030188
v -0.037217 -0.005770 -0.026428
v -0.041449 -0.016793 -0.037434
v -0.041536 -0.018336 -0.039468
v -0.041398 -0.019691 -0.041119
v -0.016058 0.037951 -0.030693
v -0.022952 0.038383 -0.037434
v -0.012465 0.036857 -0.027744
v -0.020022 0.038720 -0.034768
v -0.041691 -0.013864 -0.035533
v -0.040782 -0.011037 -0.032319
v -0.032935 -0.000240 -0.022537
v -0.041320 -0.012443 -0.033929
v -0.034298 -0.000638 -0.023499
v -0.017061 0.038651 -0.032318
v -0.013935 0.037702 -0.029320
v -0.023300 0.038969 -0.039468
v -0.008650 0.034336 -0.024380
v -0.024433 0.039038 -0.042026
v -0.042404 -0.014210 -0.037435
v -0.038817 -0.004193 -0.027896
v -0.040166 -0.006861 -0.030037
v -0.042357 -0.017004 -0.040275
v -0.036045 -0.001828 -0.024964
v -0.020545 0.039723 -0.037435
v -0.016873 0.039754 -0.033976
v -0.042465 -0.011271 -0.035533
v -0.037545 -0.002890 -0.026430
v -0.041418 -0.008454 -0.032354
v -0.004688 0.033661 -0.023269
v -0.042121 -0.009274 -0.033871
v -0.043234 -0.014547 -0.040170
v -0.003498 -0.032631 -0.022456
v -0.003641 -0.033703 -0.023205
v -0.007483 0.035786 -0.025371
v -0.013091 0.039068 -0.030698
v -0.017083 0.040511 -0.035583
v -0.008250 0.036861 -0.026540
v -0.002543 -0.035616 -0.024626
v -0.014039 0.039855 -0.032314
v -0.003618 0.032458 -0.022356
v -0.043379 -0.010906 -0.037431
v -0.010994 0.038666 -0.029315
v -0.022244 0.039852 -0.040261
v -0.004695 0.035016 -0.024308
v -0.040513 -0.004375 -0.030037
v -0.001806 -0.039020 -0.027939
v -0.005639 -0.035284 -0.024641
v -0.003979 -0.036717 -0.025726
v -0.036561 -0.000017 -0.025370
v -0.043079 -0.008636 -0.035533
v -0.041813 -0.005886 -0.032280
v -0.033270 0.002769 -0.022841
v -0.001452 -0.040692 -0.029993
v -0.006760 -0.033301 -0.023277
v -0.018061 0.040912 -0.037435
v -0.043857 -0.011748 -0.039468
v -0.004132 -0.038134 -0.027157
v -0.009383 0.037987 -0.028010
v -0.035261 0.002336 -0.024322
v -0.044343 -0.012341 -0.041891
v -0.019606 0.040952 -0.039468
v -0.019772 0.041533 -0.041764
v -0.038609 -0.000780 -0.027432
v -0.008601 -0.031619 -0.022423
v -0.004297 -0.039658 -0.028925
v -0.003171 -0.041081 -0.030698
v -0.006207 -0.037414 -0.026697
v -0.042854 -0.005351 -0.033976
v -0.040705 -0.001873 -0.030037
v -0.002610 -0.042206 -0.032367
v -0.010662 0.039800 -0.030698
v -0.013120 0.041086 -0.033871
v -0.009096 -0.033810 -0.024052
v -0.008290 -0.035215 -0.025040
v -0.004705 0.037078 -0.026137
v -0.043529 -0.005967 -0.035533
v -0.042116 -0.003355 -0.032319
v -0.002057 -0.043560 -0.034805
v -0.031559 0.005254 -0.021917
v -0.044082 -0.007537 -0.037435
v -0.044497 -0.009026 -0.039467
v -0.044928 -0.010111 -0.042017
v -0.033919 0.005142 -0.023508
v -0.037291 0.002692 -0.026147
v -0.013960 0.041659 -0.035533
v -0.005694 -0.040808 -0.030698
v -0.010930 0.040811 -0.032319
v -0.001237 0.033305 -0.022801
v -0.008627 -0.036655 -0.026430
v -0.015508 0.041947 -0.037434
v -0.005386 0.038669 -0.027896
v -0.010939 -0.030504 -0.022190
v -0.007339 -0.038422 -0.027996
v -0.008094 0.039936 -0.030037
v -0.007392 -0.039513 -0.029315
v -0.016995 0.042100 -0.039462
v -0.011781 -0.031783 -0.023203
v -0.017491 0.042414 -0.041281
v -0.039093 0.001359 -0.027996
v -0.040180 0.001244 -0.029315
v -0.045404 -0.007611 -0.041920
v -0.005840 -0.041844 -0.032318
v -0.004696 -0.043337 -0.034768
v -0.035830 0.005006 -0.025040
v -0.041199 0.000637 -0.030698
v -0.011087 -0.035485 -0.025946
v -0.043813 -0.003276 -0.035533
v -0.042243 -0.000756 -0.032319
v -0.044539 -0.004123 -0.037432
v -0.043107 -0.001988 -0.033929
v -0.001546 0.035317 -0.024336
v -0.044969 -0.006269 -0.039467
v -0.001979 0.036732 -0.025583
v -0.008195 -0.040380 -0.030698
v -0.003442 -0.044589 -0.037434
v -0.010250 -0.038235 -0.028536
v -0.011754 -0.033400 -0.024380
v -0.010660 0.042607 -0.035477
v -0.031713 0.008740 -0.022509
v -0.007759 0.041537 -0.032314
v -0.012896 0.042822 -0.037435
v -0.039355 0.004265 -0.028536
v -0.009963 0.041987 -0.033930
v -0.004933 0.039895 -0.029315
v -0.014478 0.043055 -0.039534
v -0.045551 -0.005213 -0.041147
v -0.033626 0.007557 -0.023627
v -0.014587 0.043526 -0.041365
v -0.008405 -0.041405 -0.032318
v -0.014468 -0.029828 -0.022674
v -0.007934 -0.042423 -0.033923
v -0.002143 -0.045587 -0.040255
v -0.035343 0.007749 -0.025038
v -0.041032 0.003806 -0.030693
v -0.043932 -0.000573 -0.035533
v -0.037512 0.006168 -0.026786
v -0.005689 0.040808 -0.030698
v -0.042229 0.001904 -0.032354
v -0.012195 -0.036367 -0.027157
v -0.043111 0.001280 -0.033871
v -0.045271 -0.003433 -0.039461
v -0.011280 -0.039635 -0.030693
v -0.007408 -0.043307 -0.035534
v -0.006180 -0.044292 -0.037435
v -0.001755 0.038292 -0.027131
v -0.004888 -0.045140 -0.039467
v -0.013940 -0.032979 -0.024704
v -0.004998 -0.045714 -0.041716
v -0.044729 0.000004 -0.037431
v -0.009565 0.043695 -0.037431
v -0.007316 0.042549 -0.033966
v -0.012439 -0.037813 -0.028821
v -0.011783 0.043869 -0.039534
v -0.045809 -0.002469 -0.041266
v -0.014068 -0.035220 -0.026697
v -0.011053 -0.041240 -0.033056
v -0.039176 0.007082 -0.028819
v -0.001838 0.039820 -0.028889
v -0.002308 0.041219 -0.030795
v -0.032944 0.010095 -0.023626
v -0.006686 0.043454 -0.035583
v -0.004589 0.042448 -0.033056
v -0.043884 0.002133 -0.035533
v -0.036522 0.009193 -0.026428
v -0.041986 0.004490 -0.032280
v -0.011321 0.044607 -0.041860
v -0.045418 -0.000747 -0.039534
v -0.010721 -0.042615 -0.035529
v -0.016841 -0.029290 -0.023129
v -0.017148 -0.027467 -0.022176
v -0.009572 -0.043693 -0.037432
v -0.007487 -0.044998 -0.040173
v -0.034822 0.011123 -0.025365
v -0.017242 -0.030939 -0.024379
v -0.040613 0.006949 -0.030698
v -0.008940 0.044733 -0.040174
v -0.017074 -0.032922 -0.025853
v -0.031588 0.011718 -0.023063
v -0.028775 0.010764 -0.021140
v -0.037840 0.009550 -0.027893
v -0.042865 0.005264 -0.033976
v -0.014291 -0.037219 -0.028892
v -0.045905 0.000001 -0.041396
v -0.001965 0.042627 -0.033015
v -0.014292 -0.038645 -0.030698
v -0.006175 0.044293 -0.037434
v -0.014048 -0.039852 -0.032314
v -0.003377 0.043806 -0.035533
v -0.043670 0.004830 -0.035533
v -0.041662 0.007019 -0.032319
v -0.029355 0.013737 -0.022191
v -0.044589 0.003443 -0.037435
v -0.006210 0.045195 -0.040183
v -0.016723 -0.034906 -0.027520
v -0.039664 0.009338 -0.030037
v -0.045343 0.002707 -0.039503
v -0.033209 0.012287 -0.024385
v -0.003436 0.044589 -0.037435
v -0.014348 -0.040704 -0.033923
v -0.016807 -0.036516 -0.029315
v -0.010452 -0.044182 -0.039461
v -0.003552 0.045495 -0.040237
v -0.010113 -0.044926 -0.041982
v -0.030701 0.014058 -0.023114
v -0.045963 0.002067 -0.041800
v -0.016644 -0.037692 -0.030698
v -0.013963 -0.041658 -0.035533
v -0.036778 0.012058 -0.027524
v -0.019242 -0.027225 -0.022806
v -0.013563 -0.042623 -0.037431
v -0.043289 0.007510 -0.035533
v -0.041019 0.010267 -0.032360
v -0.044292 0.006182 -0.037434
v -0.042290 0.008586 -0.033929
v -0.039014 0.011762 -0.030037
v -0.032531 0.014758 -0.024633
v -0.034125 0.014328 -0.025794
v -0.017249 -0.039056 -0.033056
v -0.013054 -0.043508 -0.039534
v -0.019764 -0.029864 -0.024709
v -0.013297 -0.043938 -0.041366
v -0.045268 0.005655 -0.040172
v -0.018933 -0.036596 -0.030698
v -0.017131 -0.040466 -0.035529
v -0.035547 0.014411 -0.027157
v -0.019996 -0.032010 -0.026511
v -0.020722 -0.024936 -0.022196
v -0.019692 -0.033799 -0.027996
v -0.020104 -0.034810 -0.029315
v -0.021309 -0.026472 -0.023274
v -0.042745 0.010160 -0.035533
v -0.029037 0.017294 -0.023129
v -0.027904 0.016770 -0.022294
v -0.043693 0.009573 -0.037432
v -0.041497 0.011757 -0.033871
v -0.019415 -0.037524 -0.032318
v -0.016797 -0.041447 -0.037435
v -0.037221 0.014547 -0.029008
v -0.016325 -0.042389 -0.039504
v -0.021776 -0.027922 -0.024385
v -0.038645 0.014293 -0.030698
v -0.022026 -0.030104 -0.026070
v -0.040058 0.013430 -0.032318
v -0.044496 0.009033 -0.039468
v -0.031204 0.016921 -0.024452
v -0.045427 0.007491 -0.041936
v -0.032538 0.017482 -0.025724
v -0.021150 -0.035361 -0.030698
v -0.034909 0.016511 -0.027432
v -0.022375 -0.032655 -0.028536
v -0.020034 -0.038714 -0.034768
v -0.016256 -0.042901 -0.041272
v -0.042038 0.012772 -0.035533
v -0.021689 -0.036258 -0.032318
v -0.023306 -0.022436 -0.022145
v -0.019940 -0.040039 -0.037431
v -0.023812 -0.026306 -0.024441
v -0.024357 -0.024150 -0.023496
v -0.024042 -0.028357 -0.025946
v -0.038911 0.016475 -0.032314
v -0.026149 0.019353 -0.022264
v -0.042820 0.012902 -0.037434
v -0.040287 0.015560 -0.033976
v -0.037018 0.017040 -0.030035
v -0.043855 0.011755 -0.039468
v -0.030141 0.019324 -0.024706
v -0.044612 0.010555 -0.041124
v -0.023812 -0.033632 -0.030693
v -0.034262 0.018229 -0.027642
v -0.024484 -0.031095 -0.028524
v -0.022379 -0.037407 -0.034768
v -0.019612 -0.040949 -0.039467
v -0.019426 -0.041546 -0.041175
v -0.041207 0.015296 -0.035577
v -0.023879 -0.034854 -0.032318
v -0.027716 0.020470 -0.023626
v -0.036303 0.019499 -0.030693
v -0.032145 0.020098 -0.026680
v -0.025406 -0.028737 -0.027157
v -0.041945 0.015514 -0.037434
v -0.042829 0.015097 -0.039465
v -0.043897 0.013207 -0.041113
v -0.022957 -0.038380 -0.037434
v -0.024640 -0.035958 -0.034768
v -0.034586 0.019832 -0.028892
v -0.022197 -0.039872 -0.040238
v -0.028277 0.021809 -0.024617
v -0.039919 0.018370 -0.035529
v -0.037225 0.019996 -0.032314
v -0.025397 0.021677 -0.022843
v -0.038919 0.018642 -0.033929
v -0.042801 0.016446 -0.041122
v -0.025750 -0.025534 -0.025117
v -0.026324 -0.031698 -0.030698
v -0.026683 -0.026950 -0.026697
v -0.026495 -0.032917 -0.032314
v -0.026113 -0.019715 -0.022386
v -0.023307 -0.038964 -0.039467
v -0.027125 -0.021138 -0.023561
v -0.040910 0.018067 -0.037434
v -0.031509 0.023113 -0.027938
v -0.027010 -0.029453 -0.029008
v -0.034306 0.021990 -0.030037
v -0.027660 -0.023184 -0.024951
v -0.029777 0.022468 -0.026068
v -0.025276 -0.036894 -0.037434
v -0.026807 -0.034374 -0.034768
v -0.022632 0.023315 -0.022246
v -0.037375 0.021524 -0.033871
v -0.041533 0.018343 -0.039468
v -0.024274 0.023587 -0.023173
v -0.028225 -0.030018 -0.030698
v -0.028685 -0.024794 -0.026684
v -0.028802 -0.026445 -0.027978
v -0.026240 -0.037063 -0.039465
v -0.025319 -0.038224 -0.041110
v -0.026407 0.024602 -0.024952
v -0.038009 0.022007 -0.035477
v -0.035221 0.023345 -0.032314
v -0.039720 0.020551 -0.037434
v -0.032441 0.023731 -0.029320
v -0.024733 0.024746 -0.024035
v -0.041431 0.019639 -0.041149
v -0.029419 -0.030333 -0.032315
v -0.027499 -0.035268 -0.037434
v -0.028872 -0.032658 -0.034768
v -0.029693 -0.027906 -0.030037
v -0.032882 0.024837 -0.030693
v -0.028563 0.024670 -0.026511
v -0.040325 0.020865 -0.039467
v -0.030066 -0.022661 -0.026419
v -0.028140 -0.036196 -0.041141
v -0.028886 -0.017867 -0.023259
v -0.038379 0.022957 -0.037434
v -0.028844 0.026304 -0.027902
v -0.035275 0.024916 -0.033976
v -0.030919 0.025684 -0.029320
v -0.040173 0.022086 -0.041127
v -0.021706 0.026151 -0.023269
v -0.030038 -0.020841 -0.025371
v -0.029618 -0.033508 -0.037435
v -0.030786 -0.023995 -0.027905
v -0.030517 -0.030511 -0.033929
v -0.031354 -0.026025 -0.030037
v -0.029008 -0.034928 -0.039468
v -0.030161 -0.018057 -0.024167
v -0.036187 0.024916 -0.035533
v -0.026516 0.027096 -0.026681
v -0.033317 0.025981 -0.032318
v -0.019572 0.025975 -0.022259
v -0.038580 0.023945 -0.039449
v -0.024848 0.027313 -0.025715
v -0.031549 -0.030588 -0.035529
v -0.031994 -0.028272 -0.033056
v -0.030312 -0.034582 -0.041717
v -0.036893 0.025276 -0.037435
v -0.030110 0.027461 -0.030035
v -0.023030 0.027414 -0.024704
v -0.038822 0.024451 -0.041282
v -0.029659 -0.015167 -0.022789
v -0.031625 -0.031622 -0.037435
v -0.032531 -0.021689 -0.027972
v -0.032449 -0.023721 -0.029320
v -0.031615 -0.032599 -0.039465
v -0.034630 0.027069 -0.035577
v -0.031654 0.027982 -0.032318
v -0.033196 0.027572 -0.033929
v -0.032620 -0.020189 -0.027155
v -0.031654 -0.018296 -0.025370
v -0.033637 -0.023806 -0.030693
v -0.033261 -0.026762 -0.033057
v -0.032135 -0.032896 -0.041716
v -0.035268 0.027500 -0.037434
v -0.026239 0.029028 -0.028010
v -0.028362 0.029262 -0.030035
v -0.036691 0.026778 -0.039534
v -0.020602 0.028889 -0.024441
v -0.037454 0.026534 -0.041379
v -0.018783 0.028411 -0.023325
v -0.024209 0.030195 -0.027518
v -0.033802 -0.028067 -0.035533
v -0.034410 -0.025242 -0.033024
v -0.030383 -0.012991 -0.022612
v -0.033970 -0.029099 -0.037431
v -0.034077 -0.020933 -0.029046
v -0.032920 0.029097 -0.035533
v -0.029872 0.029878 -0.032318
v -0.015891 0.028701 -0.022446
v -0.030997 0.029990 -0.033871
v -0.022267 0.029464 -0.025722
v -0.031554 -0.013790 -0.023601
v -0.027285 0.030875 -0.030698
v -0.033833 -0.031171 -0.041771
v -0.033508 0.029619 -0.037434
v -0.025196 0.031322 -0.029315
v -0.035949 0.028507 -0.041282
v -0.029420 -0.010979 -0.021561
v -0.036391 0.032516 -0.055459
v -0.044604 -0.022690 -0.062545
v -0.043829 -0.022155 -0.057107
v -0.050011 -0.022476 -0.111423
v -0.036561 0.040987 -0.114918
v -0.035412 0.031642 -0.048699
v -0.038561 0.038400 -0.102123
v -0.049820 -0.022160 -0.104008
v -0.050043 -0.020516 -0.096779
v -0.042239 -0.020659 -0.046477
v -0.048658 -0.022804 -0.092219
v -0.037704 0.037886 -0.088936
v -0.036892 0.037620 -0.081603
v -0.046285 -0.023148 -0.073895
v -0.036674 0.036852 -0.075795
v -0.035437 0.035446 -0.063009
v -0.043185 -0.021290 -0.051992
v -0.051047 -0.020266 -0.115073
v -0.050867 -0.020076 -0.107400
v -0.036600 0.039814 -0.096685
v -0.036985 0.040305 -0.107782
v -0.036070 0.040756 -0.102120
v -0.035894 0.036516 -0.070013
v -0.034644 0.034430 -0.055664
v -0.046626 -0.021247 -0.070249
v -0.045746 -0.020247 -0.062405
v -0.048028 -0.021601 -0.081335
v -0.049417 -0.020305 -0.088761
v -0.033407 0.033840 -0.049048
v -0.051856 -0.018123 -0.115264
v -0.035266 0.041702 -0.105895
v -0.051019 -0.018942 -0.102122
v -0.048187 -0.020146 -0.077673
v -0.035120 0.040044 -0.087056
v -0.051696 -0.017889 -0.107811
v -0.035359 0.039011 -0.081248
v -0.034488 0.042795 -0.117229
v -0.035429 0.040404 -0.092325
v -0.049476 -0.018298 -0.082074
v -0.032730 0.035352 -0.052176
v -0.045347 -0.018144 -0.055641
v -0.034167 0.038135 -0.070017
v -0.033048 0.038025 -0.064557
v -0.034485 0.042638 -0.111693
v -0.043012 -0.018025 -0.044684
v -0.044056 -0.017955 -0.049129
v -0.032808 0.037073 -0.059346
v -0.047443 -0.019333 -0.070179
v -0.050928 -0.018129 -0.096470
v -0.050429 -0.017596 -0.088538
v -0.033971 0.042055 -0.096469
v -0.046862 -0.017635 -0.062675
v -0.048820 -0.017875 -0.075798
v -0.033412 0.040984 -0.083298
v -0.033428 0.042942 -0.102123
v -0.033811 0.039650 -0.076647
v -0.047924 -0.017303 -0.068311
v -0.052759 -0.015297 -0.115264
v -0.031321 0.034909 -0.045903
v -0.033207 0.041874 -0.088940
v -0.033208 0.043462 -0.107784
v -0.032213 0.039813 -0.070057
v -0.052641 -0.014928 -0.108114
v -0.001726 -0.054586 -0.105905
v -0.051970 -0.015747 -0.100058
v -0.032217 0.044499 -0.115602
v -0.003388 -0.054824 -0.115085
v -0.001923 -0.053773 -0.093126
v -0.051491 -0.015504 -0.092702
v -0.048959 -0.015952 -0.072046
v -0.030565 0.037287 -0.052346
v -0.003935 -0.054559 -0.107782
v -0.002532 -0.054241 -0.100058
v -0.002396 -0.053209 -0.087056
v -0.047826 -0.015822 -0.064578
v -0.031847 0.043683 -0.096470
v -0.049944 -0.015412 -0.077993
v -0.003512 -0.052544 -0.081295
v -0.031400 0.044585 -0.104192
v -0.031029 0.043536 -0.089117
v -0.030759 0.038735 -0.059126
v -0.002826 -0.050568 -0.066251
v -0.006293 -0.054572 -0.115451
v -0.044353 -0.015301 -0.046003
v -0.005274 -0.054047 -0.100058
v -0.045596 -0.015545 -0.052173
v -0.031096 0.045167 -0.111558
v -0.053457 -0.012664 -0.115645
v -0.029361 0.036631 -0.046133
v -0.031743 0.042005 -0.081215
v -0.050895 -0.014945 -0.084857
v -0.030385 0.041840 -0.073605
v -0.006777 -0.054296 -0.108114
v -0.004516 -0.053587 -0.092774
v -0.048776 -0.013738 -0.066436
v -0.047063 -0.014971 -0.058682
v -0.053001 -0.012379 -0.102117
v -0.003508 -0.051635 -0.073907
v -0.029016 0.046647 -0.115268
v -0.002612 -0.047883 -0.051017
v -0.052498 -0.012849 -0.096297
v -0.053361 -0.012050 -0.107965
v -0.029762 0.040847 -0.065579
v -0.003110 -0.049356 -0.059062
v -0.029454 0.046098 -0.107965
v -0.029616 0.045539 -0.100374
v -0.002893 -0.046537 -0.044650
v -0.052206 -0.012194 -0.090818
v -0.046047 -0.013367 -0.050992
v -0.051686 -0.012166 -0.085361
v -0.029326 0.043777 -0.081564
v -0.005890 -0.053089 -0.088609
v -0.050516 -0.013208 -0.077539
v -0.006282 -0.052333 -0.081728
v -0.049782 -0.012103 -0.070177
v -0.028765 0.040215 -0.058987
v -0.028379 0.038929 -0.052174
v -0.005859 -0.051318 -0.073186
v -0.027258 0.038169 -0.045913
v -0.008570 -0.054250 -0.115079
v -0.008296 -0.053786 -0.102122
v -0.047830 -0.012628 -0.059168
v -0.004644 -0.048603 -0.055583
v -0.054020 -0.009951 -0.115089
v -0.028566 0.045150 -0.088767
v -0.028379 0.043271 -0.073925
v -0.053086 -0.010303 -0.096648
v -0.007552 -0.053490 -0.095921
v -0.027941 0.042605 -0.068315
v -0.006177 -0.050574 -0.068315
v -0.027134 0.047797 -0.117220
v -0.006395 -0.049722 -0.063042
v -0.053779 -0.009942 -0.107602
v -0.027607 0.047017 -0.104009
v -0.029050 0.045600 -0.096456
v -0.010687 -0.053884 -0.115450
v -0.010280 -0.053728 -0.107783
v -0.045902 -0.011377 -0.047790
v -0.050780 -0.009951 -0.073872
v -0.004705 -0.047336 -0.049140
v -0.008384 -0.052779 -0.088940
v -0.026201 0.040202 -0.051180
v -0.027451 0.044430 -0.077674
v -0.026322 0.042602 -0.062715
v -0.026187 0.041543 -0.057125
v -0.047025 -0.010621 -0.052338
v -0.053666 -0.009016 -0.102124
v -0.009766 -0.053183 -0.096643
v -0.048968 -0.010596 -0.062892
v -0.047964 -0.010522 -0.057134
v -0.052715 -0.008989 -0.089269
v -0.051635 -0.010321 -0.081291
v -0.007048 -0.048598 -0.057130
v -0.026906 0.047780 -0.111495
v -0.009299 -0.051812 -0.081117
v -0.026452 0.045563 -0.081535
v -0.008387 -0.051307 -0.075799
v -0.054494 -0.006939 -0.115453
v -0.054306 -0.006782 -0.108253
v -0.026529 0.047106 -0.096468
v -0.006876 -0.046463 -0.046231
v -0.007131 -0.047645 -0.052172
v -0.012146 -0.053055 -0.102117
v -0.025510 0.046760 -0.087053
v -0.025236 0.044621 -0.070372
v -0.009317 -0.050405 -0.070366
v -0.010660 -0.052354 -0.088768
v -0.024406 0.049215 -0.115448
v -0.025332 0.048487 -0.107844
v -0.024765 0.048464 -0.102120
v -0.053616 -0.007175 -0.096895
v -0.049948 -0.008424 -0.066332
v -0.051658 -0.007725 -0.077671
v -0.025105 0.045528 -0.075795
v -0.013628 -0.053211 -0.115084
v -0.048762 -0.008334 -0.059158
v -0.012064 -0.052697 -0.096470
v -0.024004 0.040351 -0.046156
v -0.013079 -0.053103 -0.107608
v -0.054155 -0.006395 -0.104144
v -0.025981 0.047086 -0.092688
v -0.009581 -0.049008 -0.061838
v -0.052513 -0.007484 -0.084857
v -0.024107 0.046856 -0.081599
v -0.012032 -0.051493 -0.083294
v -0.024499 0.041442 -0.052014
v -0.023926 0.044330 -0.064579
v -0.046982 -0.008832 -0.050276
v -0.023308 0.049392 -0.105895
v -0.023566 0.048797 -0.098351
v -0.009919 -0.047861 -0.055861
v -0.054835 -0.003478 -0.115391
v -0.013186 -0.051808 -0.089112
v -0.053493 -0.005589 -0.092838
v -0.050766 -0.006543 -0.069890
v -0.023143 0.043723 -0.059134
v -0.011468 -0.050931 -0.077455
v -0.008942 -0.046721 -0.049141
v -0.054205 -0.003949 -0.100791
v -0.022418 0.042913 -0.053406
v -0.015308 -0.052529 -0.108153
v -0.021824 0.050443 -0.117214
v -0.023384 0.048422 -0.092702
v -0.022380 0.041589 -0.047452
v -0.022494 0.049993 -0.111176
v -0.014759 -0.051986 -0.096157
v -0.052849 -0.005093 -0.085359
v -0.011803 -0.049237 -0.066201
v -0.047130 -0.006689 -0.049301
v -0.016432 -0.052418 -0.115451
v -0.054740 -0.003290 -0.111740
v -0.054522 -0.003188 -0.105895
v -0.022513 0.048270 -0.087058
v -0.012842 -0.049863 -0.072051
v -0.052262 -0.004475 -0.079545
v -0.021977 0.047120 -0.075791
v -0.049702 -0.005613 -0.062370
v -0.048357 -0.006576 -0.055464
v -0.015696 -0.052107 -0.102123
v -0.051540 -0.004647 -0.073926
v -0.022123 0.046246 -0.070415
v -0.012083 -0.046754 -0.052735
v -0.010893 -0.046272 -0.048974
v -0.020972 0.042744 -0.049319
v -0.020465 0.050884 -0.111928
v -0.021119 0.049276 -0.090817
v -0.021685 0.047979 -0.081254
v -0.014321 -0.049980 -0.075795
v -0.021167 0.045379 -0.062716
v -0.021105 0.050255 -0.103562
v -0.020399 0.050068 -0.096469
v -0.015970 -0.050974 -0.088630
v -0.053662 -0.003005 -0.092371
v -0.014509 -0.050632 -0.081425
v -0.014256 -0.048919 -0.068307
v -0.013311 -0.047587 -0.058817
v -0.046701 -0.004561 -0.046019
v -0.050571 -0.003559 -0.066615
v -0.020403 0.044358 -0.055581
v -0.052985 -0.003098 -0.085181
v -0.048381 -0.004568 -0.054338
v -0.054816 -0.001138 -0.111376
v -0.018336 0.051804 -0.116196
v -0.017418 -0.051850 -0.107783
v -0.019284 -0.051432 -0.115084
v -0.019693 0.049256 -0.084871
v -0.014926 -0.048100 -0.064486
v -0.054285 -0.001426 -0.100104
v -0.017529 -0.051410 -0.100236
v -0.054611 -0.000240 -0.105897
v -0.017580 -0.050814 -0.092703
v -0.016765 -0.049507 -0.077975
v -0.016401 -0.048641 -0.070868
v -0.019291 0.046231 -0.062830
v -0.049425 -0.002557 -0.059284
v -0.013830 -0.044835 -0.045964
v -0.017063 -0.050047 -0.083300
v -0.052222 -0.001170 -0.077669
v -0.051251 -0.001485 -0.070483
v -0.018569 0.051448 -0.107784
v -0.052867 -0.000947 -0.083300
v -0.019126 0.048579 -0.077504
v -0.020192 0.047088 -0.070184
v -0.019504 -0.051103 -0.107783
v -0.054816 0.001486 -0.111558
v -0.053449 0.000246 -0.088936
v -0.048016 -0.003144 -0.051893
v -0.019365 -0.050487 -0.096643
v -0.018296 0.050229 -0.089112
v -0.054061 0.000006 -0.096469
v -0.046876 -0.002361 -0.046092
v -0.017863 0.043684 -0.047279
v -0.018439 0.045254 -0.055822
v -0.017339 0.051232 -0.096801
v -0.016256 -0.046724 -0.059160
v -0.014702 -0.045898 -0.052275
v -0.017837 0.047510 -0.066949
v -0.050153 -0.000635 -0.063216
v -0.018973 -0.049626 -0.085707
v -0.021913 -0.050404 -0.117222
v -0.054491 0.001761 -0.103873
v -0.047944 -0.001078 -0.051044
v -0.015853 0.052504 -0.111776
v -0.017304 0.051700 -0.103757
v -0.020014 -0.049733 -0.090820
v -0.022290 -0.050101 -0.111558
v -0.021247 -0.050176 -0.103269
v -0.054751 0.004449 -0.115146
v -0.017122 0.049789 -0.081248
v -0.049106 0.000226 -0.057130
v -0.014836 0.052921 -0.117207
v -0.053979 0.002579 -0.096119
v -0.019801 -0.048573 -0.079544
v -0.052691 0.002102 -0.081953
v -0.019290 -0.048001 -0.073814
v -0.016909 0.048908 -0.073925
v -0.051254 0.001494 -0.070504
v -0.015900 0.046909 -0.059463
v -0.016256 0.045047 -0.050699
v -0.015528 0.050756 -0.085177
v -0.051940 0.002345 -0.075791
v -0.021676 -0.049537 -0.096650
v -0.054556 0.004021 -0.107969
v -0.018092 -0.047308 -0.066317
v -0.016974 -0.045099 -0.052207
v -0.015960 0.051348 -0.092703
v -0.017272 -0.043667 -0.046160
v -0.054118 0.004631 -0.100264
v -0.014419 0.052753 -0.107598
v -0.021433 -0.048539 -0.084997
v -0.014479 0.052346 -0.100239
v -0.046960 0.000238 -0.046196
v -0.053351 0.003338 -0.089074
v -0.048226 0.001612 -0.052549
v -0.023539 -0.049280 -0.105896
v -0.018599 -0.045840 -0.059168
v -0.015271 0.048233 -0.065946
v -0.024601 -0.049148 -0.117225
v -0.050017 0.001665 -0.062548
v -0.014755 0.050122 -0.077844
v -0.014297 0.049221 -0.070352
v -0.015111 0.046403 -0.055461
v -0.021561 -0.047312 -0.075790
v -0.024299 -0.049153 -0.111558
v -0.054455 0.007235 -0.115409
v -0.054326 0.006270 -0.107479
v -0.020389 -0.046388 -0.066448
v -0.024610 -0.048446 -0.100586
v -0.012217 0.053556 -0.115284
v -0.012436 0.053266 -0.107783
v -0.022739 -0.048726 -0.092703
v -0.013733 0.051962 -0.092371
v -0.018725 -0.043766 -0.049273
v -0.013505 0.051521 -0.087058
v -0.053578 0.006060 -0.094583
v -0.052462 0.004541 -0.081289
v -0.022193 -0.046464 -0.072046
v -0.053823 0.007359 -0.100364
v -0.014075 0.044733 -0.045869
v -0.051078 0.003922 -0.070183
v -0.050190 0.004308 -0.064578
v -0.011961 0.052990 -0.100419
v -0.053160 0.005172 -0.088603
v -0.020239 -0.044408 -0.055459
v -0.049316 0.003151 -0.058864
v -0.023898 -0.047800 -0.088940
v -0.011865 0.051279 -0.081009
v -0.021245 -0.044997 -0.060851
v -0.047422 0.003292 -0.048961
v -0.026522 -0.047861 -0.108133
v -0.012270 0.047315 -0.055858
v -0.054022 0.008620 -0.107900
v -0.023243 -0.047216 -0.080985
v -0.012020 0.050318 -0.073810
v -0.026983 -0.047855 -0.115368
v -0.012561 0.046219 -0.050710
v -0.025620 -0.047444 -0.094583
v -0.013040 0.048312 -0.062534
v -0.009542 0.053864 -0.107782
v -0.010897 0.052671 -0.092882
v -0.054023 0.009965 -0.115450
v -0.022841 -0.045267 -0.066655
v -0.052462 0.008097 -0.085177
v -0.051843 0.006149 -0.077455
v -0.048208 0.005352 -0.053836
v -0.009351 0.054135 -0.115502
v -0.010900 0.051945 -0.085181
v -0.020065 -0.042401 -0.045968
v -0.025908 -0.046712 -0.088639
v -0.024288 -0.045965 -0.075799
v -0.050771 0.006245 -0.069666
v -0.011164 0.049453 -0.066620
v -0.053140 0.008206 -0.092637
v -0.010382 0.048346 -0.059024
v -0.026875 -0.047196 -0.100239
v -0.009714 0.053435 -0.100239
v -0.053359 0.010714 -0.102120
v -0.026371 -0.045832 -0.083298
v -0.022472 -0.042532 -0.051776
v -0.009598 0.050893 -0.074226
v -0.049693 0.006082 -0.062647
v -0.046644 0.005299 -0.046097
v -0.026113 -0.045306 -0.078185
v -0.025067 -0.044725 -0.070479
v -0.024105 -0.044242 -0.064643
v -0.029467 -0.046260 -0.111932
v -0.029295 -0.045993 -0.104007
v -0.007127 0.054373 -0.111557
v -0.053468 0.011586 -0.107964
v -0.022949 -0.043801 -0.059041
v -0.048291 0.007266 -0.055631
v -0.052956 0.010880 -0.096468
v -0.028841 -0.045732 -0.096467
v -0.022625 -0.041209 -0.046414
v -0.027590 -0.045803 -0.089252
v -0.009468 0.046040 -0.046390
v -0.008136 0.052824 -0.088938
v -0.051504 0.008664 -0.077674
v -0.050698 0.008998 -0.072051
v -0.029978 -0.046064 -0.117185
v -0.052467 0.011027 -0.090814
v -0.049105 0.008032 -0.060854
v -0.053389 0.012914 -0.115084
v -0.008024 0.053472 -0.096604
v -0.007880 0.052106 -0.081610
v -0.009467 0.047235 -0.052174
v -0.006107 0.054621 -0.117199
v -0.049890 0.008854 -0.066450
v -0.024874 -0.042344 -0.057117
v -0.008746 0.049362 -0.063067
v -0.008210 0.050286 -0.068312
v -0.007085 0.054062 -0.104009
v -0.051843 0.011384 -0.085180
v -0.025857 -0.042820 -0.062390
v -0.046929 0.007966 -0.049290
v -0.051120 0.010592 -0.077497
v -0.026934 -0.043573 -0.070187
v -0.004037 0.054701 -0.111890
v -0.029438 -0.044584 -0.088768
v -0.028615 -0.044197 -0.081255
v -0.028126 -0.043724 -0.075798
v -0.025613 -0.040852 -0.052354
v -0.032400 -0.044363 -0.115336
v -0.006293 0.051611 -0.075790
v -0.031875 -0.044540 -0.109669
v -0.006312 0.050893 -0.070555
v -0.031742 -0.044333 -0.103980
v -0.007257 0.048565 -0.057133
v -0.052670 0.014743 -0.107602
v -0.052656 0.013315 -0.100237
v -0.005182 0.053792 -0.096096
v -0.007119 0.047647 -0.052172
v -0.049325 0.011856 -0.066791
v -0.048443 0.009762 -0.058863
v -0.046967 0.009828 -0.051181
v -0.052664 0.015638 -0.115647
v -0.004852 0.054303 -0.103872
v -0.006400 0.046477 -0.045966
v -0.004936 0.053256 -0.089363
v -0.031461 -0.043962 -0.096470
v -0.006730 0.049618 -0.062720
v -0.050735 0.013315 -0.079543
v -0.051524 0.014369 -0.089421
v -0.028869 -0.042320 -0.070185
v -0.050204 0.012254 -0.073403
v -0.025028 -0.039715 -0.046122
v -0.031395 -0.043454 -0.090820
v -0.004537 0.052504 -0.081637
v -0.052167 0.014195 -0.096468
v -0.027843 -0.041617 -0.062720
v -0.033363 -0.043240 -0.105895
v -0.030695 -0.043300 -0.085179
v -0.048016 0.011877 -0.059126
v -0.051414 0.016253 -0.094580
v -0.030828 -0.041632 -0.074313
v -0.045664 0.010888 -0.046112
v -0.004878 0.049198 -0.058996
v -0.001712 0.054295 -0.100339
v -0.051761 0.017914 -0.109668
v -0.002144 0.053058 -0.085311
v -0.050951 0.014863 -0.085102
v -0.004067 0.050210 -0.064578
v -0.035751 -0.041740 -0.116286
v -0.049677 0.014567 -0.074096
v -0.004105 0.048004 -0.052165
v -0.034339 -0.042742 -0.111376
v -0.001266 0.054916 -0.115414
v -0.046432 0.012859 -0.052165
v -0.051974 0.017743 -0.114874
v -0.033215 -0.042651 -0.096470
v -0.031256 -0.042370 -0.081206
v -0.003303 0.051099 -0.070012
v -0.026939 -0.038070 -0.044684
v -0.034396 -0.042174 -0.102122
v -0.051838 0.016905 -0.103946
v -0.051289 0.017493 -0.098351
v -0.001587 0.054668 -0.107592
v -0.028227 -0.040593 -0.058981
v -0.001779 0.053774 -0.093087
v -0.048064 0.014246 -0.063067
v -0.002719 0.052138 -0.077493
v -0.047083 0.013956 -0.057125
v -0.027929 -0.038362 -0.048526
v -0.003387 0.047000 -0.046947
v -0.033085 -0.041948 -0.088761
v -0.029877 -0.040894 -0.066302
v -0.050346 0.017975 -0.089063
v -0.028782 -0.039057 -0.053918
v -0.048512 0.015576 -0.068311
v -0.051227 0.019847 -0.115647
v -0.050013 0.016553 -0.081488
v -0.036206 -0.040893 -0.105893
v -0.035043 -0.041183 -0.096649
v -0.002007 0.049749 -0.061013
v -0.044999 0.013206 -0.045894
v -0.031485 -0.039322 -0.064578
v -0.048981 0.016618 -0.073759
v -0.001834 0.048856 -0.055915
v -0.033161 -0.040892 -0.081235
v -0.030727 -0.038732 -0.058994
v -0.051007 0.019247 -0.103875
v -0.034991 -0.040436 -0.089265
v -0.000206 0.053420 -0.088656
v -0.033580 -0.039692 -0.075795
v -0.048952 0.018321 -0.077976
v -0.032213 -0.039807 -0.070053
v -0.050431 0.021364 -0.109669
v -0.047320 0.016377 -0.062719
v -0.036984 -0.039924 -0.102122
v -0.050308 0.019768 -0.096333
v -0.036715 -0.040732 -0.111499
v -0.045447 0.016099 -0.052348
v -0.034838 -0.039480 -0.081254
v -0.030571 -0.037317 -0.052508
v -0.050144 0.022421 -0.115080
v -0.039091 -0.038608 -0.115645
v -0.046182 0.016685 -0.057136
v -0.049997 0.021711 -0.103637
v -0.044288 0.015675 -0.046294
v -0.036616 -0.039750 -0.096277
v -0.029668 -0.036374 -0.046095
v -0.033784 -0.037871 -0.066964
v -0.032478 -0.037356 -0.059341
v -0.047857 0.018271 -0.070186
v -0.038668 -0.038702 -0.107964
v -0.049112 0.020080 -0.084961
v -0.036672 -0.038878 -0.088939
v -0.049148 0.021603 -0.091586
v -0.046481 0.018469 -0.062372
v -0.049205 0.022698 -0.098353
v -0.037353 -0.037276 -0.082223
v -0.035192 -0.037903 -0.073687
v -0.047734 0.021113 -0.077375
v -0.049185 0.023946 -0.107965
v -0.031995 -0.035537 -0.050325
v -0.046899 0.020619 -0.070182
v -0.044980 0.019236 -0.056087
v -0.038511 -0.038285 -0.100104
v -0.048634 0.025561 -0.115657
v -0.043541 0.018095 -0.047075
v -0.034521 -0.036270 -0.062720
v -0.034216 -0.034986 -0.056162
v -0.048453 0.024779 -0.102122
v -0.048020 0.022641 -0.085314
v -0.045824 0.020280 -0.062961
v -0.038215 -0.037360 -0.088939
v -0.036023 -0.035699 -0.066741
v -0.041360 -0.036196 -0.117232
v -0.040886 -0.036522 -0.111188
v -0.040728 -0.036231 -0.103696
v -0.038984 -0.037479 -0.096557
v -0.047026 0.023215 -0.079479
v -0.048347 0.024183 -0.096405
v -0.037792 -0.036080 -0.077851
v -0.037140 -0.035661 -0.072053
v -0.048148 0.025967 -0.107918
v -0.039661 -0.035410 -0.086049
v -0.042394 0.020199 -0.046177
v -0.036047 -0.034302 -0.060851
v -0.040262 -0.035640 -0.092703
v -0.033712 -0.033560 -0.049141
v -0.046088 0.023478 -0.073758
v -0.045462 0.022400 -0.066519
v -0.047284 0.025588 -0.092558
v -0.046996 0.024657 -0.085108
v -0.043747 0.020802 -0.053503
v -0.046963 0.027880 -0.105894
v -0.047360 0.027824 -0.115258
v -0.041686 -0.034621 -0.098353
v -0.047072 0.027092 -0.100239
v -0.038975 -0.034075 -0.074095
v -0.037562 -0.033967 -0.066282
v -0.042730 -0.034492 -0.114519
v -0.042505 -0.034395 -0.107255
v -0.039895 -0.034055 -0.079544
v -0.042346 0.022284 -0.050495
v -0.044578 0.022837 -0.062761
v -0.035191 -0.032010 -0.049137
v -0.045291 0.025527 -0.075798
v -0.036056 -0.032743 -0.054925
v -0.046769 0.028626 -0.111558
v -0.042940 -0.033434 -0.102122
v -0.041919 -0.033719 -0.093028
v -0.045770 0.026070 -0.081423
v -0.044564 0.025216 -0.070012
v -0.044312 -0.032468 -0.115405
v -0.045558 0.027852 -0.088408
v -0.043358 0.023713 -0.058864
v -0.045802 0.030381 -0.117233
v -0.039489 -0.032201 -0.068307
v -0.044256 -0.032272 -0.109668
v -0.046010 0.028401 -0.096618
v -0.041287 -0.033356 -0.085179
v -0.045145 0.030210 -0.100278
v -0.041019 0.022987 -0.046486
v -0.038337 -0.032083 -0.062207
v -0.043641 -0.032125 -0.098351
v -0.040395 -0.032339 -0.073928
v -0.044221 0.027877 -0.078032
v -0.042684 0.026147 -0.062586
v -0.045685 0.030317 -0.111423
v -0.037933 -0.030674 -0.055355
v -0.044486 -0.031529 -0.104008
v -0.044785 0.029786 -0.092876
v -0.036296 -0.030166 -0.047295
v -0.042175 -0.031523 -0.081243
v -0.043518 0.027073 -0.070374
v -0.041895 0.024963 -0.055286
v -0.043362 -0.031755 -0.092371
v -0.040505 0.024262 -0.047389
v -0.045845 -0.030271 -0.115647
v -0.043456 -0.030798 -0.087056
v -0.043994 0.032883 -0.114918
v -0.044911 0.031231 -0.107719
v -0.041780 -0.030573 -0.074101
v -0.043983 0.029724 -0.085167
v -0.039549 -0.029667 -0.058996
v -0.041740 0.028205 -0.064573
v -0.038020 -0.028557 -0.049033
v -0.045725 -0.029700 -0.104009
v -0.040764 -0.029930 -0.065781
v -0.042353 0.028855 -0.070315
v -0.046196 -0.029418 -0.109670
v -0.042545 0.029879 -0.075798
v -0.039799 0.027155 -0.052159
v -0.045472 -0.029245 -0.096468
v -0.043033 0.032255 -0.092765
v -0.043668 0.032622 -0.103681
v -0.042991 0.030419 -0.081370
v -0.045149 -0.028695 -0.089471
v -0.044003 -0.029019 -0.081749
v -0.039550 -0.027770 -0.052937
v -0.042751 0.033300 -0.098351
v -0.038830 0.026301 -0.045904
v -0.040954 0.027681 -0.058924
v -0.047244 -0.028034 -0.115426
v -0.042449 -0.028672 -0.070186
v -0.043728 -0.028123 -0.075795
v -0.040817 -0.027303 -0.057130
v -0.041769 0.032708 -0.084924
v -0.041388 0.031929 -0.078033
v -0.042643 0.034473 -0.111495
v -0.042003 0.034781 -0.104190
v -0.040843 0.030944 -0.070251
v -0.039277 0.029474 -0.057130
v -0.047042 -0.027909 -0.107719
v -0.043548 -0.026950 -0.070068
v -0.041745 -0.027596 -0.062503
v -0.039829 0.030408 -0.062944
v -0.037441 0.028324 -0.046123
v -0.039783 -0.026127 -0.049252
v -0.040600 0.036704 -0.108456
v -0.046947 -0.026828 -0.096650
v -0.041019 0.034281 -0.089120
v -0.039281 0.032014 -0.066451
v -0.040516 0.037084 -0.114957
v -0.047509 -0.026763 -0.104008
v -0.045300 -0.026878 -0.081423
v -0.048581 -0.025649 -0.115389
v -0.040761 0.035421 -0.095573
v -0.037639 0.029766 -0.051180
v -0.046713 -0.025934 -0.088757
v -0.040007 0.036734 -0.100237
v -0.040020 0.033557 -0.077674
v -0.044853 -0.025802 -0.073928
v -0.039050 0.035429 -0.081846
v -0.037978 0.031794 -0.059501
v -0.043408 -0.024970 -0.062716
v -0.041740 -0.025287 -0.055459
v -0.039720 -0.024776 -0.045500
v -0.038340 0.033980 -0.070164
v -0.048941 -0.024735 -0.111494
v -0.048086 -0.024624 -0.095944
v -0.039688 0.035789 -0.088940
v -0.038680 0.039017 -0.115779
v -0.048443 -0.025017 -0.103924
v -0.046350 -0.025021 -0.081425
v -0.044944 -0.024003 -0.068312
v -0.038118 0.034999 -0.073923
v -0.041865 -0.023838 -0.052170
v -0.050142 -0.022507 -0.117216
v -0.049009 -0.023404 -0.100238
v -0.041099 -0.022731 -0.046234
v -0.047932 -0.022887 -0.085544
v -0.046399 -0.023942 -0.077540
v -0.038450 0.038918 -0.108009
v -0.038441 0.037994 -0.096321
v -0.036734 0.034002 -0.062605
v 0.029083 -0.000532 -0.019701
v 0.026346 -0.000580 -0.018222
v 0.054738 -0.000085 -0.098870
v 0.053673 -0.000103 -0.086120
v 0.052473 -0.000124 -0.075589
v 0.050481 -0.000159 -0.062043
v 0.005428 -0.000945 -0.012487
v 0.009130 -0.000881 -0.012867
v 0.048385 -0.000195 -0.050666
v 0.014731 -0.000783 -0.014015
v 0.044026 -0.000272 -0.041968
v 0.039519 -0.000350 -0.037323
v 0.047088 -0.000218 -0.044591
v 0.020438 -0.000683 -0.015722
v 0.036332 -0.000406 -0.033280
v 0.033626 -0.000453 -0.029179
v 0.031019 -0.000499 -0.024286
v -0.028599 0.008003 -0.020546
v -0.012046 0.024844 -0.019412
v -0.015215 0.024958 -0.020275
v -0.019236 -0.022085 -0.020316
v -0.009648 0.004134 -0.013607
v -0.012350 0.002979 -0.014047
v -0.004085 -0.006776 -0.013210
v -0.004667 -0.010097 -0.013724
v -0.027737 -0.002701 -0.019542
v -0.013523 0.015042 -0.016189
v -0.025274 0.010636 -0.019314
v -0.023232 -0.010469 -0.018354
v -0.018335 -0.020228 -0.019260
v -0.005952 0.005961 -0.013276
v -0.016386 -0.018280 -0.017934
v -0.015472 -0.020526 -0.018474
v -0.025269 0.000340 -0.018271
v -0.019237 -0.006172 -0.016188
v -0.022538 -0.006697 -0.017488
v -0.009647 0.027140 -0.020054
v -0.012577 0.026886 -0.020545
v -0.012574 -0.017244 -0.016613
v -0.014891 -0.016015 -0.016809
v -0.022537 0.011560 -0.018298
v -0.023909 0.014167 -0.019514
v -0.012574 -0.013655 -0.015633
v -0.005211 0.008699 -0.013552
v -0.007573 0.009779 -0.013971
v -0.009926 0.017757 -0.016229
v -0.009290 -0.013872 -0.015048
v -0.022539 0.005284 -0.017328
v -0.022539 0.001054 -0.017086
v -0.007746 -0.008604 -0.013805
v -0.006689 -0.012402 -0.014367
v -0.007618 0.029809 -0.021170
v -0.016908 -0.003287 -0.015215
v -0.019338 -0.002465 -0.015933
v -0.002328 0.012485 -0.014035
v -0.003725 0.012456 -0.014115
v -0.021146 0.015828 -0.018816
v -0.004584 0.022540 -0.017259
v -0.007656 0.020369 -0.016761
v -0.014026 -0.000369 -0.014353
v -0.016908 0.000361 -0.015122
v -0.002241 -0.008706 -0.013367
v -0.019046 0.007218 -0.016242
v -0.027029 -0.012465 -0.020581
v -0.018333 0.017490 -0.018301
v -0.019236 0.020166 -0.019549
v -0.003721 0.026085 -0.018784
v -0.030464 -0.004896 -0.021232
v -0.014945 0.009176 -0.015297
v -0.015474 0.021205 -0.018736
v -0.012067 0.012949 -0.015347
v -0.025498 -0.003447 -0.018474
v -0.020450 0.012777 -0.017742
v -0.024461 -0.014278 -0.019784
v -0.019043 0.003607 -0.015900
v -0.015474 -0.023250 -0.019585
v -0.012574 -0.020068 -0.017560
v -0.030517 0.002322 -0.021083
v -0.009646 -0.017408 -0.016086
v -0.015472 0.018438 -0.017728
v -0.001541 0.023729 -0.017588
v -0.003723 -0.012454 -0.014114
v -0.019751 -0.009661 -0.016856
v -0.027942 0.005057 -0.019835
v -0.016908 -0.025081 -0.020871
v -0.011987 0.021777 -0.018073
v -0.025270 0.007228 -0.018753
v -0.013164 -0.003628 -0.014257
v -0.028085 -0.016679 -0.022357
v -0.011113 -0.000372 -0.013729
v -0.006691 0.028001 -0.020046
v -0.002719 0.030759 -0.021233
v -0.006693 -0.016073 -0.015271
v -0.002212 0.008731 -0.013369
v -0.015474 -0.005509 -0.014982
v -0.025065 -0.016365 -0.020677
v -0.011986 -0.023158 -0.018644
v -0.006912 0.003026 -0.013169
v -0.009644 -0.020967 -0.017305
v -0.006691 0.016805 -0.015480
v -0.020072 0.001384 -0.016160
v -0.002979 -0.015003 -0.014663
v -0.002890 0.019506 -0.016012
v -0.016909 -0.008378 -0.015734
v -0.018333 0.014707 -0.017484
v -0.016909 0.005478 -0.015382
v -0.028604 -0.007335 -0.020444
v -0.007052 -0.019603 -0.016410
v -0.008173 0.000376 -0.013250
v -0.021147 -0.013070 -0.018082
v -0.007634 0.014484 -0.014960
v -0.009645 0.023752 -0.018441
v -0.013111 -0.026840 -0.020638
v -0.022537 0.008785 -0.017782
v -0.002911 0.028440 -0.019924
v -0.003725 -0.018331 -0.015671
v -0.022543 -0.003183 -0.017169
v -0.008801 -0.024431 -0.018585
v -0.001870 0.005852 -0.013006
v -0.030374 -0.001293 -0.020950
v -0.010605 0.010808 -0.014619
v -0.015813 0.015301 -0.016866
v -0.009053 -0.002925 -0.013441
v -0.025289 0.016657 -0.020891
v -0.027945 0.001693 -0.019614
v -0.012577 0.018661 -0.017069
v -0.022568 0.020365 -0.020959
v -0.003723 0.003420 -0.012903
v -0.025274 0.003793 -0.018397
v -0.019002 0.023710 -0.020936
v -0.005207 -0.022572 -0.017341
v -0.014301 -0.009575 -0.015197
v -0.026801 0.014163 -0.020906
v -0.006695 0.024608 -0.018369
v -0.009646 -0.027810 -0.020404
v -0.021846 -0.016086 -0.019166
v -0.005207 0.000378 -0.012917
v -0.017838 -0.011919 -0.016644
v -0.002226 -0.021182 -0.016596
v -0.006691 -0.025972 -0.019016
v -0.011848 -0.007450 -0.014338
v -0.003722 0.016148 -0.015014
v -0.014026 0.005550 -0.014617
v -0.003724 -0.024710 -0.018140
v -0.006694 -0.028664 -0.020405
v -0.018334 0.022242 -0.020066
v -0.002766 -0.026679 -0.019011
v -0.015472 0.002573 -0.014776
v -0.009860 -0.006001 -0.013813
v -0.025270 -0.007228 -0.018753
v -0.022034 -0.019047 -0.020226
v -0.003723 -0.029455 -0.020548
v -0.005843 -0.031736 -0.022100
v -0.022034 0.017708 -0.019760
v -0.019236 0.009644 -0.016676
v -0.006694 0.012400 -0.014368
v -0.016385 0.012093 -0.016245
v -0.005211 -0.002656 -0.012975
v -0.026124 -0.009272 -0.019470
v -0.018334 -0.015398 -0.017673
v -0.010587 0.007060 -0.014049
v -0.002227 0.001966 -0.012753
v -0.015472 -0.013496 -0.016311
v -0.006693 -0.004918 -0.013267
v -0.019941 -0.017662 -0.018930
v -0.011116 -0.010793 -0.014724
v -0.002478 -0.003040 -0.012814
v 0.037588 0.040896 -0.076052
v 0.048928 0.030996 -0.075232
v 0.049715 0.031651 -0.073008
v 0.054542 0.004639 -0.103123
v 0.044374 0.043875 -0.062014
v 0.043560 0.036531 -0.075684
v 0.033153 0.046255 -0.062966
v 0.073353 0.024249 -0.055871
v 0.075402 0.025008 -0.055166
v 0.025749 0.046798 -0.076775
v 0.054209 0.007484 -0.103278
v 0.019228 0.048662 -0.063017
v 0.020615 0.048449 -0.060533
v 0.053923 0.009267 -0.105117
v 0.061527 0.009360 -0.065731
v 0.062465 0.010626 -0.064348
v 0.053426 0.011806 -0.106879
v 0.053019 0.013400 -0.104202
v 0.061031 0.013302 -0.066053
v 0.042087 0.038063 -0.074992
v 0.053089 0.013412 -0.108772
v 0.006248 0.050034 -0.063804
v 0.051748 0.017705 -0.106886
v 0.055793 0.039474 -0.060584
v 0.064536 0.005341 -0.062051
v 0.025892 0.047535 -0.063567
v 0.026801 0.047542 -0.061906
v 0.022699 0.048080 -0.064021
v 0.039023 0.039724 -0.076822
v 0.045152 0.034642 -0.076537
v 0.046274 0.034471 -0.074678
v 0.059228 0.035963 -0.060840
v 0.059053 0.038300 -0.059676
v 0.060772 0.036395 -0.059826
v 0.059613 0.015036 -0.067893
v 0.046059 0.042485 -0.063159
v 0.048410 0.042909 -0.061242
v 0.052379 0.027227 -0.073429
v 0.051218 0.029232 -0.073326
v 0.016822 0.049054 -0.064107
v 0.018886 0.049167 -0.078577
v 0.054645 0.003211 -0.105348
v 0.054418 0.039147 -0.061586
v 0.052922 0.040696 -0.061136
v 0.063480 0.012210 -0.063003
v 0.055170 0.024077 -0.071255
v 0.029909 0.045099 -0.075944
v 0.018306 0.049487 -0.081133
v 0.066409 0.033680 -0.058049
v 0.067722 0.033878 -0.057414
v 0.063465 0.007230 -0.063246
v 0.040639 0.044783 -0.062403
v 0.041056 0.038195 -0.076881
v 0.035367 0.042280 -0.076020
v 0.023452 0.047641 -0.079415
v 0.023609 0.047600 -0.075854
v 0.071948 0.028630 -0.056155
v 0.066706 0.000500 -0.060028
v 0.072165 0.032272 -0.055765
v 0.033180 0.043663 -0.074899
v 0.037037 0.045633 -0.062418
v 0.032230 0.043846 -0.077042
v 0.008547 0.050080 -0.065339
v 0.021368 0.048344 -0.077354
v 0.050472 0.041714 -0.061499
v 0.029035 0.045292 -0.078643
v 0.026299 0.046503 -0.078722
v 0.080358 0.023356 -0.054394
v 0.058853 0.018039 -0.068271
v 0.042502 0.043591 -0.063644
v 0.029466 0.046968 -0.062874
v 0.035099 0.045496 -0.064202
v 0.047563 0.032545 -0.075481
v 0.047045 0.034425 -0.073451
v 0.023997 0.048007 -0.061081
v 0.057015 0.020935 -0.070044
v 0.068612 0.030699 -0.057502
v 0.069960 0.032454 -0.056666
v 0.064822 0.032801 -0.059034
v 0.064507 0.036576 -0.058096
v 0.057564 0.017959 -0.070466
v 0.058404 0.021034 -0.067902
v 0.054487 0.005329 -0.106827
v 0.078327 0.017699 -0.054914
v 0.053212 0.027214 -0.072021
v 0.053865 0.009979 -0.109699
v 0.039111 0.044603 -0.063771
v 0.015585 0.049044 -0.061472
v 0.054074 0.008680 -0.109029
v 0.062139 0.034371 -0.059932
v 0.062186 0.036825 -0.058983
v 0.056659 0.037760 -0.061259
v 0.078978 0.026549 -0.054332
v 0.028489 0.046860 -0.064981
v 0.056023 0.020872 -0.071823
v 0.048363 0.041303 -0.063230
v 0.016790 0.050166 -0.083468
v 0.066518 0.030015 -0.058689
v 0.054732 0.001471 -0.107073
v 0.050653 0.040255 -0.062906
v 0.054354 0.006913 -0.110111
v 0.054332 0.024091 -0.072699
v 0.065215 0.000500 -0.061373
v 0.060508 0.010322 -0.067280
v 0.049860 0.029294 -0.075815
v 0.069755 0.027852 -0.057235
v 0.034361 0.042479 -0.078344
v 0.063394 0.032318 -0.059935
v 0.054696 0.003490 -0.110555
v 0.058479 0.014860 -0.069932
v 0.052599 0.038806 -0.062994
v 0.053376 0.024112 -0.074551
v 0.031096 0.046346 -0.064540
v 0.024219 0.047784 -0.064481
v 0.062577 0.004831 -0.064439
v 0.021411 0.048497 -0.082610
v 0.076456 0.020273 -0.055127
v 0.055260 0.020904 -0.073304
v 0.054927 0.037332 -0.062606
v 0.031324 0.044058 -0.079652
v 0.057641 0.035610 -0.061972
v 0.051185 0.027247 -0.075749
v 0.010591 0.050206 -0.068575
v 0.042077 0.036792 -0.078504
v 0.036975 0.044422 -0.065887
v 0.041053 0.043416 -0.064998
v 0.079705 0.016282 -0.054803
v 0.071370 0.023542 -0.056745
v 0.040183 0.038393 -0.078607
v 0.059379 0.011816 -0.069023
v 0.063747 0.000500 -0.062957
v 0.036176 0.041190 -0.079239
v 0.044283 0.042217 -0.064780
v 0.056275 0.017884 -0.073084
v 0.062085 0.031914 -0.060831
v 0.068174 0.025688 -0.058293
v 0.059991 0.033767 -0.061409
v 0.018511 0.049662 -0.084296
v 0.045959 0.032843 -0.078547
v 0.005063 0.050751 -0.068570
v 0.047481 0.031341 -0.077827
v 0.057434 0.014723 -0.072134
v 0.025434 0.046842 -0.083104
v 0.061623 0.004548 -0.065865
v 0.028181 0.045538 -0.082523
v 0.044134 0.034839 -0.078567
v 0.046270 0.040946 -0.065161
v 0.064312 0.029242 -0.060144
v 0.033335 0.045488 -0.065937
v 0.048531 0.039883 -0.064791
v 0.018680 0.048829 -0.065927
v 0.054392 0.020945 -0.075202
v 0.012687 0.049809 -0.066920
v 0.056383 0.035319 -0.062980
v 0.037589 0.040061 -0.080056
v 0.050790 0.038215 -0.064841
v 0.059551 0.008583 -0.069279
v 0.024447 0.047315 -0.084279
v 0.069433 0.022795 -0.057765
v 0.052155 0.024370 -0.077099
v 0.081121 0.014451 -0.054786
v 0.049034 0.029132 -0.078027
v 0.060665 0.004359 -0.067506
v 0.060661 0.031505 -0.061897
v 0.058321 0.011682 -0.071235
v 0.033347 0.042740 -0.081368
v 0.020600 0.049052 -0.086337
v 0.074107 0.019353 -0.055824
v 0.022036 0.048457 -0.086423
v 0.042907 0.042052 -0.066124
v 0.039327 0.043265 -0.066748
v 0.066599 0.025115 -0.059323
v 0.030446 0.044304 -0.083495
v 0.039230 0.038641 -0.080916
v 0.030234 0.045964 -0.067966
v 0.052787 0.036970 -0.064416
v 0.027438 0.046891 -0.066825
v 0.057857 0.033284 -0.063061
v 0.049595 0.038451 -0.065559
v 0.050089 0.026933 -0.078906
v 0.076385 0.015011 -0.055353
v 0.043297 0.035094 -0.080365
v 0.020960 0.048408 -0.067183
v 0.056528 0.014780 -0.074318
v 0.055091 0.017803 -0.076086
v 0.024120 0.047590 -0.087180
v 0.054693 0.035037 -0.064419
v 0.031776 0.045556 -0.067658
v 0.058518 0.008591 -0.071585
v 0.062743 0.028750 -0.061312
v 0.048421 0.029325 -0.079361
v 0.024165 0.047689 -0.066826
v 0.035818 0.040977 -0.082676
v 0.053273 0.021256 -0.077846
v 0.046979 0.030925 -0.080206
v 0.059596 0.004130 -0.069686
v 0.057226 0.011645 -0.073965
v 0.064408 0.025901 -0.060701
v 0.040683 0.037216 -0.081793
v 0.059200 0.031189 -0.063079
v 0.072347 0.016058 -0.056592
v 0.014551 0.049689 -0.068946
v 0.046892 0.039655 -0.066404
v 0.029063 0.045037 -0.086284
v 0.055765 0.014373 -0.076761
v 0.050968 0.024801 -0.079918
v 0.043825 0.040676 -0.067635
v 0.041030 0.041861 -0.068178
v 0.027439 0.045928 -0.086914
v 0.078802 0.047683 -0.052229
v 0.044762 0.033249 -0.081227
v 0.074694 0.014495 -0.055798
v 0.032330 0.043114 -0.085102
v 0.034930 0.044455 -0.067959
v 0.023801 0.047895 -0.089319
v 0.074047 0.047839 -0.052468
v 0.080946 0.043362 -0.052597
v 0.042341 0.035444 -0.082759
v 0.061391 0.028360 -0.062418
v 0.072302 0.047019 -0.052869
v 0.057498 0.008569 -0.074361
v 0.067255 0.047087 -0.053229
v 0.073585 0.045643 -0.053183
v 0.058619 0.005490 -0.071885
v 0.054139 0.018354 -0.078458
v 0.076363 0.044526 -0.053068
v 0.064494 0.047692 -0.053111
v 0.050860 0.036684 -0.066266
v 0.079022 0.044247 -0.052700
v 0.070866 0.019389 -0.057159
v 0.048669 0.028097 -0.081232
v 0.060458 0.048167 -0.053053
v 0.070304 0.046043 -0.053419
v 0.038178 0.039016 -0.083944
v 0.025332 0.047118 -0.089271
v 0.078492 0.007226 -0.055192
v 0.046194 0.031264 -0.082070
v 0.056065 0.048309 -0.053188
v 0.051118 0.048411 -0.053336
v 0.054120 0.047819 -0.053848
v 0.057672 0.030900 -0.064439
v 0.058503 0.047683 -0.053597
v 0.031092 0.043839 -0.087178
v 0.048197 0.038113 -0.067176
v 0.052797 0.034075 -0.066785
v 0.007321 0.050854 -0.071058
v 0.037243 0.043231 -0.069013
v 0.068389 0.045430 -0.053885
v 0.034034 0.041929 -0.086154
v 0.073846 0.043076 -0.053782
v 0.026288 0.047065 -0.068423
v 0.062184 0.046775 -0.053864
v 0.055615 0.032951 -0.065036
v 0.052206 0.021732 -0.080733
v 0.040116 0.048117 -0.054719
v 0.073151 0.012033 -0.056361
v 0.045062 0.039468 -0.068348
v 0.056297 0.011801 -0.076751
v 0.036540 0.048444 -0.054111
v 0.048472 0.047797 -0.054444
v 0.058631 0.002712 -0.072126
v 0.044340 0.033013 -0.083931
v 0.033389 0.048514 -0.054068
v 0.069740 0.043760 -0.054322
v 0.077321 0.009095 -0.055323
v 0.039216 0.037852 -0.086041
v 0.057163 0.046991 -0.054320
v 0.029480 0.048506 -0.054457
v 0.045461 0.048087 -0.054248
v 0.035420 0.040886 -0.086958
v 0.050166 0.025157 -0.082188
v 0.057651 0.005504 -0.074692
v 0.064688 0.022610 -0.060956
v 0.051788 0.035206 -0.066791
v 0.063386 0.045360 -0.054552
v 0.072053 0.043245 -0.054077
v 0.060010 0.028066 -0.063641
v 0.047920 0.028497 -0.083184
v 0.081182 0.004920 -0.055004
v 0.062617 0.025316 -0.062208
v 0.026819 0.046452 -0.090944
v 0.054729 0.015368 -0.079593
v 0.029188 0.045039 -0.090044
v 0.067494 0.018614 -0.059184
v 0.079796 0.005532 -0.055075
v 0.060089 0.046065 -0.054606
v 0.077903 0.041924 -0.053149
v 0.052193 0.047178 -0.054810
v 0.008831 0.050901 -0.073109
v 0.056722 0.008788 -0.076893
v 0.075657 0.039821 -0.053881
v 0.065736 0.044163 -0.054820
v 0.037053 0.039556 -0.087797
v 0.028569 0.046236 -0.070013
v 0.053168 0.018878 -0.081422
v 0.041291 0.035954 -0.085765
v 0.046983 0.037997 -0.068508
v 0.068938 0.016456 -0.058312
v 0.042980 0.047606 -0.055499
v 0.079515 0.035391 -0.053571
v 0.020868 0.048604 -0.054888
v 0.016434 0.049500 -0.072090
v 0.055395 0.046447 -0.055084
v 0.045749 0.031049 -0.084836
v 0.033130 0.044579 -0.070142
v 0.080957 0.035453 -0.053424
v 0.057948 0.002701 -0.074153
v 0.055487 0.012136 -0.079569
v 0.027378 0.048336 -0.055780
v 0.075630 0.008487 -0.055674
v 0.046308 0.047178 -0.055756
v 0.031405 0.043647 -0.089800
v 0.034885 0.048025 -0.055651
v 0.051472 0.022138 -0.083071
v 0.055660 0.030988 -0.066226
v 0.048734 0.036419 -0.068606
v 0.049015 0.026384 -0.084204
v 0.028707 0.045505 -0.093058
v 0.058932 0.027803 -0.064706
v 0.058253 0.045461 -0.055372
v 0.053923 0.032660 -0.066801
v 0.070631 0.011411 -0.057453
v 0.033852 0.041960 -0.090771
v 0.047083 0.029023 -0.085619
v 0.073810 0.039473 -0.054396
v 0.060974 0.024965 -0.063731
v 0.007841 0.048816 -0.055312
v 0.057268 0.002894 -0.076481
v 0.041978 0.040578 -0.069744
v 0.043297 0.033628 -0.087002
v 0.066409 0.018234 -0.059997
v 0.015445 0.048724 -0.055852
v 0.056850 0.005692 -0.077567
v 0.069127 0.041931 -0.055034
v 0.050085 0.046647 -0.055849
v 0.063700 0.043439 -0.055525
v 0.049646 0.024990 -0.085033
v 0.056083 0.009120 -0.079272
v 0.022745 0.047933 -0.071710
v 0.060078 0.044211 -0.055823
v 0.023342 0.048420 -0.056479
v 0.030788 0.044195 -0.093575
v 0.054190 0.015124 -0.082226
v 0.053454 0.045895 -0.056015
v 0.053341 0.017206 -0.083305
v 0.039107 0.041887 -0.070309
v 0.072192 0.039438 -0.054847
v 0.070729 0.040784 -0.054968
v 0.066632 0.041829 -0.055624
v 0.040481 0.036434 -0.088445
v 0.018029 0.049171 -0.072851
v 0.010898 0.048859 -0.056128
v 0.038146 0.047400 -0.056953
v 0.011756 0.050421 -0.072774
v 0.052494 0.019334 -0.083821
v 0.065452 0.017959 -0.060775
v 0.030379 0.045518 -0.070656
v 0.050830 0.022660 -0.085128
v 0.056600 0.028626 -0.066641
v 0.077775 0.036386 -0.053736
v 0.033098 0.047760 -0.057058
v 0.062974 0.022029 -0.062508
v 0.045431 0.037670 -0.070695
v 0.073830 0.005986 -0.056208
v 0.056557 0.044934 -0.056166
v 0.050682 0.034502 -0.068608
v 0.036105 0.040196 -0.091878
v 0.069680 0.011575 -0.057964
v 0.038022 0.038580 -0.090528
v 0.002053 0.049272 -0.058077
v 0.054691 0.012803 -0.082684
v 0.055773 0.008595 -0.081048
v 0.045190 0.031120 -0.088197
v 0.035362 0.043353 -0.071334
v 0.020650 0.048499 -0.070484
v 0.057627 0.027072 -0.066316
v 0.047867 0.046107 -0.057121
v 0.048527 0.026395 -0.087035
v 0.056171 0.006082 -0.080478
v 0.043749 0.039021 -0.070551
v 0.040523 0.046987 -0.057405
v 0.025338 0.047139 -0.072115
v 0.061775 0.042738 -0.056315
v 0.042290 0.034351 -0.090393
v 0.043513 0.046602 -0.057453
v 0.039808 0.036871 -0.091526
v 0.025897 0.048182 -0.057418
v 0.056626 0.003184 -0.079179
v 0.035866 0.047157 -0.058304
v 0.034318 0.041724 -0.095664
v 0.014032 0.050000 -0.072384
v 0.051905 0.019907 -0.085927
v 0.055211 0.009491 -0.083451
v 0.052264 0.032445 -0.068737
v 0.054158 0.030366 -0.068239
v 0.064656 0.041013 -0.056419
v 0.019029 0.048613 -0.057000
v 0.053472 0.015764 -0.085218
v 0.050073 0.023379 -0.087751
v 0.051466 0.045390 -0.057073
v 0.064329 0.017608 -0.061790
v 0.054711 0.044399 -0.057124
v 0.076078 0.000500 -0.055641
v 0.059287 0.024615 -0.065533
v 0.046545 0.029113 -0.088929
v 0.047867 0.026982 -0.089411
v 0.033447 0.042435 -0.095983
v 0.030332 0.047785 -0.057820
v 0.040665 0.040587 -0.071356
v 0.070005 0.038206 -0.055732
v 0.061841 0.019935 -0.063991
v 0.039024 0.037565 -0.094283
v 0.036510 0.039879 -0.094594
v 0.052759 0.017062 -0.087319
v 0.068318 0.039112 -0.056047
v 0.056124 0.002989 -0.081859
v 0.049573 0.034428 -0.069960
v 0.044405 0.031782 -0.090885
v 0.054146 0.013345 -0.085199
v 0.057913 0.042798 -0.057384
v 0.072963 0.036273 -0.055054
v 0.042296 0.039375 -0.071727
v 0.060075 0.042174 -0.057100
v 0.054631 0.011321 -0.084987
v 0.010240 0.050955 -0.075511
v 0.055439 0.006951 -0.084240
v 0.051206 0.020699 -0.088606
v 0.030904 0.045043 -0.072568
v 0.046845 0.036317 -0.070932
v 0.042860 0.033539 -0.092547
v 0.037482 0.041979 -0.072451
v 0.049351 0.044862 -0.058371
v 0.070739 0.000501 -0.057464
v 0.067120 0.010820 -0.059659
v 0.047015 0.027990 -0.091754
v 0.063247 0.017257 -0.062881
v 0.061099 0.021606 -0.064444
v 0.035878 0.040573 -0.097811
v 0.074382 0.000500 -0.056059
v 0.062784 0.040354 -0.057237
v 0.041209 0.035320 -0.094747
v 0.045596 0.029962 -0.092985
v 0.037562 0.046635 -0.059265
v 0.068387 0.009361 -0.058765
v 0.045227 0.045551 -0.058832
v 0.027935 0.046143 -0.073380
v 0.012405 0.049060 -0.058456
v 0.049199 0.024383 -0.090938
v 0.053913 0.013022 -0.087568
v 0.017274 0.048740 -0.058451
v 0.038250 0.038411 -0.098193
v 0.052162 0.017897 -0.089957
v 0.054615 0.010032 -0.086994
v 0.052813 0.043919 -0.058203
v 0.040743 0.046115 -0.059384
v 0.032950 0.047125 -0.059635
v 0.075497 0.031971 -0.054669
v 0.044093 0.031915 -0.094139
v 0.056154 0.042305 -0.058359
v 0.066426 0.038336 -0.056851
v 0.055466 0.004554 -0.085714
v 0.053454 0.014255 -0.088717
v 0.032032 0.044470 -0.073150
v 0.028037 0.047683 -0.059602
v 0.023024 0.048256 -0.059088
v 0.042967 0.033260 -0.096572
v 0.055304 0.027301 -0.068932
v 0.048290 0.034354 -0.071696
v 0.040423 0.036211 -0.098404
v 0.050396 0.021800 -0.091837
v 0.057713 0.024271 -0.067499
v 0.052886 0.030267 -0.069878
v 0.060146 0.021347 -0.065577
v 0.054942 0.007722 -0.087412
v 0.004696 0.049656 -0.060650
v 0.065789 0.009325 -0.060779
v 0.061154 0.039816 -0.058040
v 0.048505 0.025286 -0.093670
v 0.070549 0.035200 -0.056053
v 0.050306 0.032375 -0.071255
v 0.034104 0.043513 -0.073215
v 0.053295 0.014110 -0.090859
v 0.043488 0.037892 -0.072979
v 0.077251 0.027490 -0.054567
v 0.039204 0.040683 -0.073355
v 0.044935 0.030701 -0.097021
v 0.080749 0.029480 -0.053943
v 0.051535 0.018881 -0.093178
v 0.050805 0.043413 -0.059512
v 0.046656 0.028201 -0.095814
v 0.073996 0.031423 -0.055182
v 0.013365 0.050458 -0.076647
v 0.042329 0.034078 -0.099450
v 0.019421 0.048888 -0.074938
v 0.059168 0.040341 -0.058493
v 0.065325 0.011530 -0.061158
v 0.072189 0.000500 -0.056811
v 0.039842 0.036994 -0.101196
v 0.053958 0.011373 -0.090914
v 0.055352 0.002341 -0.087735
v 0.046856 0.044330 -0.060086
v 0.049708 0.022785 -0.095343
v 0.047962 0.026055 -0.095955
v 0.054478 0.008684 -0.090749
v 0.052424 0.016472 -0.092661
v 0.066833 0.036087 -0.057295
v 0.014518 0.049042 -0.060051
v 0.055025 0.005525 -0.089132
v 0.053177 0.042284 -0.059581
v 0.031260 0.047033 -0.061025
v 0.041862 0.034752 -0.101768
v 0.042614 0.045077 -0.060763
v 0.051892 0.030235 -0.071260
v 0.044163 0.031791 -0.100602
v 0.045163 0.036334 -0.073250
v 0.059492 0.019883 -0.066830
v 0.052787 0.015102 -0.093837
v 0.050281 0.021466 -0.096287
v 0.014945 0.050160 -0.077435
v 0.047559 0.026620 -0.099378
v 0.046295 0.028694 -0.099482
v 0.048974 0.024104 -0.097488
v 0.060725 0.017978 -0.065655
v 0.063721 0.037341 -0.058146
v 0.040598 0.039504 -0.074093
v 0.012827 0.050913 -0.079907
v 0.054679 0.006591 -0.092067
v 0.038651 0.045813 -0.061040
v 0.064233 0.010033 -0.062283
v 0.035182 0.046380 -0.061175
v 0.061871 0.015496 -0.064615
v 0.050889 0.019990 -0.097263
v 0.036275 0.042127 -0.074342
v 0.056252 0.024145 -0.069528
v 0.057506 0.039876 -0.059476
v 0.055048 0.002803 -0.091184
v 0.053422 0.012677 -0.094351
v 0.054128 0.027221 -0.070611
v 0.053943 0.010310 -0.094425
v 0.043520 0.032810 -0.103592
v 0.051647 0.017963 -0.098120
v 0.045443 0.030096 -0.103391
v 0.048398 0.025138 -0.100919
v 0.054797 0.041144 -0.059818
v 0.016634 0.049807 -0.078573
v 0.046423 0.028632 -0.104057
v 0.049166 0.023646 -0.101856
v 0.052746 0.014586 -0.098408
v 0.044701 0.031519 -0.107944
v 0.053653 0.011192 -0.096978
v 0.054743 0.004023 -0.095223
v 0.050196 0.021473 -0.100551
v 0.054294 0.008030 -0.095579
v 0.069603 0.000500 -0.058054
v 0.047734 0.026467 -0.104626
v 0.054811 0.002254 -0.095727
v 0.051735 0.017581 -0.101354
v 0.054892 0.000500 -0.094239
v 0.050916 0.019763 -0.101338
v 0.054569 0.005700 -0.096112
v 0.049268 0.023601 -0.105658
v 0.053149 0.012932 -0.100801
v 0.052202 0.016204 -0.102254
v 0.054282 0.007424 -0.098848
v 0.050276 0.021438 -0.106225
v 0.053622 0.010838 -0.102200
v 0.054608 0.004213 -0.099806
v 0.052384 0.015683 -0.105515
v 0.050933 0.019926 -0.107327
v 0.054695 0.001998 -0.101764
vn -0.4225 0.1798 0.8883
vn -0.4845 0.1796 0.8562
vn -0.4461 0.1603 0.8805
vn -0.2333 0.0196 0.9722
vn -0.3094 0.0198 0.9507
vn -0.2836 0.0063 0.9589
vn -0.4902 0.0611 0.8695
vn -0.5366 0.0610 0.8416
vn -0.5203 0.0394 0.8531
vn -0.1879 0.1223 0.9745
vn -0.2497 0.1219 0.9606
vn -0.2203 0.0982 0.9705
vn -0.4834 0.2433 0.8409
vn -0.4490 0.2007 0.8707
vn -0.4153 0.2480 0.8752
vn -0.2177 0.0820 0.9726
vn -0.2729 0.0815 0.9586
vn -0.2729 0.0592 0.9602
vn -0.2747 0.0414 0.9606
vn -0.1515 0.1808 0.9718
vn -0.2252 0.1808 0.9574
vn -0.2189 0.1612 0.9623
vn -0.4985 0.0804 0.8632
vn -0.5465 0.0798 0.8337
vn -0.2833 0.1399 0.9488
vn -0.7034 0.2404 0.6689
vn -0.7091 0.2010 0.6759
vn -0.6659 0.2442 0.7050
vn -0.6555 0.2004 0.7281
vn -0.7858 0.2421 0.5691
vn -0.8119 0.2145 0.5430
vn -0.7943 0.1953 0.5752
vn -0.1983 0.1386 0.9703
vn -0.6702 0.1806 0.7199
vn -0.2941 0.0995 0.9506
vn -0.5753 0.0405 0.8169
vn -0.5563 0.0182 0.8308
vn -0.6810 0.1219 0.7221
vn -0.7466 0.1198 0.6543
vn -0.7398 0.1005 0.6652
vn -0.5054 0.0999 0.8571
vn -0.8193 0.2463 0.5178
vn -0.2462 0.2400 0.9390
vn -0.2581 0.2004 0.9451
vn -0.1744 0.2446 0.9538
vn -0.1754 0.2000 0.9640
vn -0.7312 0.0404 0.6810
vn -0.7725 0.0398 0.6338
vn -0.7504 0.0210 0.6607
vn -0.7354 0.1809 0.6530
vn -0.6948 0.1592 0.7014
vn -0.6811 0.1388 0.7189
vn -0.7440 0.1383 0.6538
vn -0.5407 0.1606 0.8257
vn -0.4652 0.1413 0.8739
vn -0.7256 0.0612 0.6854
vn -0.7758 0.0602 0.6281
vn -0.0163 0.0117 0.9998
vn -0.0462 0.0201 0.9987
vn -0.0278 0.0070 0.9996
vn 0.0127 0.0233 0.9996
vn 0.0178 0.0087 0.9998
vn -0.0023 0.0409 0.9992
vn -0.7438 0.1598 0.6490
vn -0.5411 0.1406 0.8291
vn -0.5063 0.1196 0.8540
vn -0.3494 0.0073 0.9370
vn 0.0038 0.0667 0.9978
vn -0.0591 0.0609 0.9964
vn 0.0163 0.0547 0.9984
vn -0.5639 0.1008 0.8197
vn -0.0622 0.0073 0.9980
vn -0.7243 0.0791 0.6850
vn -0.7766 0.0770 0.6253
vn -0.2830 0.1613 0.9455
vn -0.5837 0.0596 0.8098
vn -0.0608 0.0806 0.9949
vn -0.5612 0.0089 0.8276
vn -0.6280 0.0084 0.7782
vn -0.3202 0.1201 0.9397
vn -0.5264 0.2006 0.8262
vn 0.0087 0.0857 0.9963
vn -0.3289 0.0797 0.9410
vn -0.0584 0.0393 0.9975
vn -0.3467 0.0407 0.9371
vn -0.0605 0.0998 0.9932
vn -0.2931 0.1794 0.9391
vn 0.0068 0.1037 0.9946
vn -0.5488 0.1793 0.8165
vn -0.3363 0.0601 0.9398
vn -0.0145 0.1396 0.9901
vn -0.0536 0.1196 0.9914
vn 0.0267 0.1242 0.9919
vn -0.3852 0.0196 0.9226
vn -0.8053 0.0195 0.5926
vn -0.7778 0.0062 0.6284
vn -0.7243 0.2599 0.6386
vn -0.6207 0.0198 0.7838
vn -0.5986 0.1214 0.7918
vn -0.8179 0.0333 0.5744
vn -0.6014 0.0804 0.7949
vn -0.0998 0.0208 0.9948
vn -0.1215 0.0070 0.9926
vn 0.0116 0.1718 0.9851
vn -0.0678 0.1623 0.9844
vn 0.0062 0.1562 0.9877
vn -0.7882 0.1045 0.6065
vn -0.4064 0.0097 0.9136
vn -0.1232 0.0406 0.9916
vn -0.0591 0.1795 0.9820
vn -0.8259 0.0012 0.5639
vn -0.5398 0.2434 0.8059
vn 0.0142 0.1858 0.9825
vn -0.0330 0.2004 0.9792
vn -0.6284 0.0399 0.7769
vn 0.0129 0.2434 0.9698
vn 0.0212 0.2066 0.9782
vn -0.0429 0.2437 0.9689
vn -0.3677 0.1003 0.9245
vn -0.6080 0.1392 0.7816
vn -0.6259 0.1009 0.7734
vn -0.3898 0.0614 0.9188
vn -0.3123 0.2415 0.9188
vn -0.6273 0.0591 0.7766
vn -0.7778 0.1448 0.6116
vn -0.3576 0.1604 0.9200
vn -0.1090 0.1400 0.9841
vn -0.8106 0.0653 0.5820
vn -0.3896 0.0796 0.9175
vn -0.4111 0.0394 0.9107
vn -0.1315 0.0603 0.9895
vn -0.8248 0.0364 0.5642
vn -0.8224 0.0508 0.5666
vn -0.7582 0.2420 0.6054
vn -0.7541 0.1996 0.6257
vn -0.3761 0.1408 0.9158
vn -0.1591 0.0198 0.9871
vn -0.7826 0.1241 0.6101
vn -0.8028 0.0848 0.5902
vn -0.1417 0.0811 0.9866
vn -0.3596 0.2008 0.9112
vn -0.6821 0.0204 0.7309
vn -0.5808 0.2462 0.7759
vn -0.5966 0.2007 0.7771
vn -0.4091 0.1202 0.9046
vn -0.6261 0.1608 0.7630
vn -0.8314 0.0203 0.5553
vn -0.1417 0.0985 0.9850
vn -0.8405 0.0082 0.5418
vn -0.6621 0.0797 0.7451
vn -0.7811 0.1606 0.6033
vn -0.6796 0.0391 0.7325
vn -0.3630 0.1793 0.9144
vn -0.7791 0.1790 0.6007
vn -0.1979 0.0057 0.9802
vn -0.6089 0.1796 0.7726
vn -0.0980 0.2014 0.9746
vn -0.7849 0.2023 0.5857
vn -0.1096 0.2522 0.9614
vn -0.1214 0.1195 0.9854
vn -0.6725 0.0605 0.7377
vn -0.4722 0.0198 0.8813
vn -0.4533 0.0087 0.8913
vn -0.3558 0.2543 0.8993
vn -0.6870 0.0084 0.7266
vn -0.4400 0.1002 0.8924
vn -0.4398 0.0612 0.8960
vn -0.1989 0.0418 0.9791
vn -0.6206 0.2547 0.7416
vn -0.4485 0.0805 0.8902
vn -0.4689 0.0401 0.8824
vn -0.2002 0.0587 0.9780
vn -0.1506 0.1610 0.9754
vn -0.6840 0.1005 0.7226
vn -0.5050 0.0086 0.8631
vn -0.7279 0.0088 0.6857
vn 0.8753 0.1024 0.4725
vn 0.8708 0.1172 0.4775
vn 0.8475 0.1020 0.5210
vn 0.8778 0.0849 0.4715
vn 0.8541 0.0846 0.5132
vn 0.8399 0.0845 -0.5361
vn 0.8640 0.0815 -0.4968
vn 0.8512 0.0663 -0.5207
vn 0.8784 0.0657 0.4734
vn 0.8464 0.0699 0.5280
vn 0.8860 0.1771 0.4285
vn 0.8585 0.1803 0.4800
vn 0.8714 0.1628 0.4627
vn 0.7941 0.1748 -0.5821
vn 0.8003 0.1879 -0.5694
vn 0.8291 0.1671 -0.5336
vn 0.7985 0.1569 -0.5812
vn 0.8337 0.1511 -0.5311
vn 0.8487 0.0476 -0.5267
vn 0.8732 0.0388 -0.4859
vn 0.8552 0.0239 -0.5177
vn 0.8610 0.0150 0.5083
vn 0.8397 0.0237 0.5426
vn 0.8302 0.0097 0.5573
vn 0.8458 0.0094 -0.5334
vn 0.8778 0.0098 -0.4789
vn 0.8666 0.0006 -0.4991
vn 0.8571 0.2407 0.4554
vn 0.8536 0.2102 0.4766
vn 0.8869 0.2091 0.4119
vn 0.8754 0.1949 0.4424
vn 0.8596 0.0336 0.5098
vn 0.8498 0.0549 0.5242
vn 0.8376 0.0401 0.5447
vn 0.8725 0.0550 -0.4855
vn 0.8822 0.1507 0.4462
vn 0.8552 0.1449 0.4977
vn 0.8795 0.1354 0.4563
vn 0.8560 0.1297 0.5005
vn 0.8531 0.1954 0.4838
vn 0.8232 0.1362 -0.5512
vn 0.8586 0.1357 -0.4944
vn 0.8366 0.1196 -0.5346
vn 0.8319 0.1860 -0.5228
vn 0.8861 0.0250 -0.4629
vn 0.8462 0.0021 0.5328
vn 0.8133 0.0019 0.5819
vn 0.8369 0.1222 0.5336
vn 0.8464 0.1018 -0.5227
vn 0.8276 0.0847 0.5549
vn 0.8060 0.2070 -0.5545
vn 0.8317 0.2034 -0.5166
vn 0.8414 0.1661 0.5143
vn 0.8868 0.0650 -0.4576
vn 0.8179 0.0643 0.5718
vn 0.8171 0.0512 0.5742
vn 0.8646 0.1213 -0.4876
vn 0.8162 0.0250 0.5772
vn 0.8970 0.0005 -0.4420
vn 0.9996 0.0135 -0.0251
vn 1.0000 0.0024 0.0003
vn 0.9996 0.0013 -0.0291
vn 0.9996 0.0031 0.0266
vn 0.9994 0.0143 0.0312
vn 0.8749 0.0938 -0.4752
vn 0.8789 0.1092 -0.4644
vn 0.9033 0.0098 -0.4290
vn 0.8265 0.2445 0.5071
vn 0.8081 0.2466 -0.5349
vn 0.8342 0.1865 0.5190
vn 0.8259 0.2052 0.5251
vn 0.8581 0.1666 -0.4857
vn 0.8273 0.1463 0.5423
vn 0.8068 0.0351 0.5898
vn 0.7942 0.0137 0.6075
vn 0.8390 0.2416 -0.4875
vn 0.8643 0.1509 -0.4799
vn 0.8186 0.1032 0.5650
vn 0.8920 0.0759 -0.4456
vn 0.8575 0.1800 -0.4820
vn 0.8971 0.0453 -0.4394
vn 0.7747 0.0073 0.6322
vn 0.8555 0.1953 -0.4796
vn 0.8103 0.1259 0.5724
vn 0.8003 0.0823 0.5939
vn 0.8126 0.1597 0.5606
vn 0.0454 0.0033 -0.9990
vn 0.0211 0.0099 -0.9997
vn 0.0545 0.0048 -0.9985
vn 0.0181 0.0310 -0.9994
vn 0.0236 0.0231 -0.9995
vn 0.0259 0.0429 -0.9987
vn 0.8563 0.2113 -0.4713
vn 0.8118 0.1767 0.5566
vn 0.0022 0.0497 -0.9988
vn 0.0345 0.0539 -0.9980
vn 0.0249 0.0659 -0.9975
vn 0.0581 0.0123 -0.9982
vn 0.7794 0.0616 0.6235
vn 0.9130 0.0248 -0.4072
vn 0.0228 0.0823 -0.9963
vn 0.0277 0.0743 -0.9969
vn 0.8919 0.1296 -0.4332
vn 0.8974 0.0947 -0.4310
vn 0.9232 0.0061 -0.3844
vn 0.0335 0.0929 -0.9951
vn 0.8027 0.1911 0.5650
vn 0.7817 0.0465 0.6219
vn 0.8847 0.1596 -0.4381
vn 0.7939 0.1435 0.5908
vn 0.8879 0.1445 -0.4367
vn 0.0691 0.0298 -0.9972
vn 0.0437 0.1364 -0.9897
vn 0.0248 0.1309 -0.9911
vn 0.0404 0.1107 -0.9930
vn 0.7742 0.0247 0.6324
vn 0.7895 0.1041 0.6048
vn 0.9164 0.0443 -0.3978
vn -0.0122 0.1467 -0.9891
vn 0.0206 0.1491 -0.9886
vn 0.9135 0.0841 -0.3979
vn 0.7956 0.2444 0.5544
vn 0.8691 0.2561 -0.4232
vn 0.8834 0.1748 -0.4348
vn 0.7815 0.1221 0.6119
vn 0.9161 0.0639 -0.3958
vn 0.7952 0.2052 0.5706
vn 0.0895 0.0451 -0.9950
vn 0.0689 0.0740 -0.9949
vn 0.9074 0.1136 -0.4046
vn 0.0765 0.0601 -0.9953
vn 0.8775 0.1945 -0.4384
vn 0.7871 0.1660 0.5941
vn 0.0702 0.0926 -0.9932
vn 0.1148 0.0146 -0.9933
vn 0.1153 0.0059 -0.9933
vn 0.7739 0.0858 0.6274
vn 0.0501 0.1371 -0.9893
vn 0.0832 0.1219 -0.9891
vn 0.7546 0.0356 0.6552
vn -0.0038 0.1735 -0.9848
vn 0.0478 0.1770 -0.9831
vn 0.0180 0.1611 -0.9868
vn 0.8863 0.2077 -0.4139
vn 0.9190 0.1013 -0.3809
vn 0.7733 0.1811 0.6076
vn 0.0408 0.2594 -0.9649
vn 0.0261 0.2111 -0.9771
vn -0.0148 0.2279 -0.9736
vn 0.9334 0.0255 -0.3578
vn 0.0202 0.1937 -0.9808
vn 0.1214 0.0304 -0.9921
vn 0.7531 0.1041 0.6497
vn 0.7559 0.0736 0.6506
vn 0.0928 0.1033 -0.9903
vn 0.1151 0.0839 -0.9898
vn 0.9102 0.1482 -0.3868
vn 0.7371 0.0155 0.6756
vn 0.9322 0.0492 -0.3585
vn 0.0661 0.1556 -0.9856
vn 0.7446 0.0071 0.6674
vn 0.9403 0.0100 -0.3403
vn 0.9455 0.0037 -0.3255
vn 0.7409 0.0528 0.6695
vn 0.9080 0.1655 -0.3848
vn 0.1188 0.0656 -0.9908
vn 0.9161 0.1295 -0.3796
vn 0.7577 0.2111 0.6175
vn 0.7623 0.2461 0.5986
vn 0.0950 0.1378 -0.9859
vn 0.7614 0.1967 0.6177
vn 0.8951 0.1864 -0.4051
vn 0.9325 0.0736 -0.3535
vn 0.7641 0.1511 0.6272
vn 0.7549 0.1382 0.6411
vn 0.0694 0.1951 -0.9783
vn 0.7399 0.0881 0.6670
vn 0.7456 0.1185 0.6557
vn 0.1388 0.0456 -0.9893
vn 0.7523 0.1676 0.6371
vn 0.1683 0.0103 -0.9857
vn 0.0879 0.1753 -0.9806
vn 0.7081 0.0073 0.7061
vn 0.9383 0.0843 -0.3355
vn 0.0842 0.2116 -0.9737
vn 0.9526 0.0162 -0.3037
vn 0.1156 0.1578 -0.9807
vn 0.7213 0.0719 0.6889
vn 0.9458 0.0625 -0.3185
vn 0.7247 0.0354 0.6882
vn 0.9528 0.0309 -0.3021
vn 0.9308 0.1225 -0.3444
vn 0.9356 0.1035 -0.3376
vn 0.1669 0.0228 -0.9857
vn 0.9123 0.1863 -0.3646
vn 0.9295 0.1404 -0.3411
vn 0.9494 0.0428 -0.3113
vn 0.1016 0.2589 -0.9605
vn 0.8983 0.2415 -0.3670
vn 0.1380 0.1079 -0.9845
vn 0.1707 0.0643 -0.9832
vn 0.9104 0.2044 -0.3596
vn 0.9299 0.1561 -0.3331
vn 0.1260 0.1761 -0.9763
vn 0.1495 0.1279 -0.9805
vn 0.7308 0.1553 0.6647
vn 0.1692 0.0790 -0.9824
vn 0.7172 0.0990 0.6898
vn 0.1830 0.0449 -0.9821
vn 0.7320 0.1837 0.6560
vn 0.1146 0.1947 -0.9741
vn 0.6970 0.0248 0.7167
vn 0.7028 0.0544 0.7093
vn 0.7193 0.1341 0.6817
vn 0.1468 0.1451 -0.9785
vn 0.9484 0.0938 -0.3030
vn 0.1811 0.0911 -0.9792
vn 0.6920 0.0398 0.7208
vn 0.7044 0.1114 0.7010
vn 0.7255 0.2441 0.6435
vn 0.9653 0.0064 -0.2610
vn 0.9280 0.1732 -0.3298
vn 0.9472 0.1156 -0.2990
vn 0.7004 0.0827 0.7090
vn 0.2110 0.0232 -0.9772
vn 0.2211 0.0116 -0.9752
vn 0.7174 0.1966 0.6684
vn 0.1826 0.1112 -0.9769
vn 0.1479 0.2073 -0.9670
vn 0.9685 0.0230 -0.2481
vn 0.6657 0.0133 0.7461
vn 0.6601 0.0041 0.7512
vn 0.7111 0.1712 0.6819
vn 0.9306 0.1916 -0.3119
vn 0.9477 0.1339 -0.2897
vn 0.9567 0.0723 -0.2820
vn 0.9613 0.0565 -0.2698
vn 0.9661 0.0449 -0.2541
vn 0.1684 0.1693 -0.9711
vn 0.6781 0.0666 0.7319
vn 0.7068 0.2057 0.6768
vn 0.9105 0.2611 -0.3206
vn 0.6874 0.1531 0.7099
vn 0.1816 0.1578 -0.9706
vn 0.1664 0.2466 -0.9547
vn 0.1665 0.1869 -0.9682
vn 0.6852 0.1318 0.7163
vn 0.9279 0.2065 -0.3105
vn 0.2255 0.0591 -0.9725
vn 0.6835 0.0962 0.7236
vn 0.2250 0.0439 -0.9734
vn 0.2235 0.0737 -0.9719
vn 0.9631 0.0819 -0.2562
vn 0.9463 0.1556 -0.2835
vn 0.6575 0.0449 0.7521
vn 0.6495 0.0306 0.7597
vn 0.1955 0.1372 -0.9711
vn 0.9594 0.1023 -0.2629
vn 0.2184 0.1212 -0.9683
vn 0.6880 0.1852 0.7017
vn 0.6954 0.2643 0.6683
vn 0.9452 0.1739 -0.2763
vn 0.6579 0.0875 0.7480
vn 0.2580 0.0247 -0.9658
vn 0.2217 0.1023 -0.9697
vn 0.9787 0.0099 -0.2051
vn 0.9805 0.0043 -0.1963
vn 0.9292 0.2422 -0.2791
vn 0.2734 0.0115 -0.9618
vn 0.9734 0.0657 -0.2196
vn 0.2488 0.0861 -0.9647
vn 0.9774 0.0410 -0.2076
vn 0.6590 0.1112 0.7438
vn 0.6731 0.1649 0.7209
vn 0.2696 0.0435 -0.9620
vn 0.9636 0.1205 -0.2385
vn 0.6436 0.0554 0.7634
vn 0.6686 0.2195 0.7105
vn 0.9454 0.2043 -0.2540
vn 0.2054 0.1952 -0.9590
vn 0.2180 0.1765 -0.9599
vn 0.2140 0.2066 -0.9547
vn 0.6520 0.1258 0.7477
vn 0.9807 0.0230 -0.1942
vn 0.2411 0.1563 -0.9578
vn 0.2388 0.1389 -0.9611
vn 0.6207 0.0132 0.7839
vn 0.6006 0.0073 0.7995
vn 0.6333 0.0745 0.7703
vn 0.9491 0.1881 -0.2525
vn 0.2677 0.1021 -0.9581
vn 0.9601 0.1538 -0.2336
vn 0.9615 0.1385 -0.2373
vn 0.2711 0.0649 -0.9603
vn 0.9790 0.0534 -0.1968
vn 0.9702 0.1016 -0.2199
vn 0.9748 0.0861 -0.2057
vn 0.6577 0.1964 0.7272
vn 0.6533 0.1764 0.7362
vn 0.6463 0.1447 0.7492
vn 0.3030 0.0243 -0.9527
vn 0.6035 0.0403 0.7963
vn 0.2365 0.2445 -0.9404
vn 0.6092 0.0558 0.7911
vn 0.9888 0.0147 -0.1483
vn 0.9370 0.2624 -0.2307
vn 0.2806 0.1192 -0.9524
vn 0.9612 0.1754 -0.2130
vn 0.3054 0.0564 -0.9505
vn 0.6050 0.0246 0.7959
vn 0.3249 0.0110 -0.9457
vn 0.6317 0.1590 0.7587
vn 0.9854 0.0347 -0.1665
vn 0.6161 0.1095 0.7800
vn 0.6169 0.0967 0.7810
vn 0.2977 0.0778 -0.9515
vn 0.9752 0.1204 -0.1856
vn 0.3291 0.0432 -0.9433
vn 0.2618 0.1912 -0.9460
vn 0.2684 0.1753 -0.9472
vn 0.9908 0.0035 -0.1355
vn 0.5944 0.0690 0.8012
vn 0.9835 0.0774 -0.1633
vn 0.6256 0.2066 0.7523
vn 0.2855 0.1362 -0.9487
vn 0.9681 0.1612 -0.1919
vn 0.9874 0.0549 -0.1485
vn 0.9733 0.1354 -0.1852
vn 0.9791 0.1019 -0.1760
vn 0.3436 0.0226 -0.9388
vn 0.6191 0.1299 0.7745
vn 0.2675 0.2057 -0.9413
vn 0.2943 0.1504 -0.9438
vn 0.6159 0.2589 0.7441
vn 0.9527 0.2432 -0.1825
vn 0.9578 0.2112 -0.1948
vn 0.9625 0.1944 -0.1894
vn 0.5889 0.0849 0.8038
vn 0.3137 0.1021 -0.9440
vn 0.6088 0.1706 0.7747
vn 0.6185 0.1860 0.7635
vn 0.5965 0.1440 0.7896
vn 0.5691 0.0242 0.8219
vn 0.9747 0.1460 -0.1694
vn 0.9918 0.0350 -0.1232
vn 0.5604 0.0545 0.8264
vn 0.3048 0.1649 -0.9380
vn 0.3559 0.0654 -0.9322
vn 0.5887 0.1238 0.7988
vn 0.5449 0.0087 0.8385
vn 0.5529 0.0057 0.8332
vn 0.9949 0.0142 -0.0994
vn 0.3394 0.0832 -0.9369
vn 0.9850 0.1097 -0.1335
vn 0.3753 0.0113 -0.9268
vn 0.2942 0.2477 -0.9231
vn 0.9912 0.0743 -0.1092
vn 0.3406 0.1247 -0.9319
vn 0.9725 0.1743 -0.1543
vn 0.5707 0.1030 0.8147
vn 0.9875 0.0942 -0.1262
vn 0.3824 0.0437 -0.9230
vn 0.5776 0.1556 0.8013
vn 0.5489 0.0403 0.8349
vn 0.9839 0.1254 -0.1270
vn 0.9968 0.0036 -0.0795
vn 0.3406 0.1371 -0.9301
vn 0.9934 0.0553 -0.1004
vn 0.3111 0.1861 -0.9320
vn 0.3855 0.0242 -0.9224
vn 0.5740 0.1805 0.7987
vn 0.9792 0.1562 -0.1291
vn 0.5556 0.0725 0.8283
vn 0.3561 0.1019 -0.9289
vn 0.5827 0.2108 0.7849
vn 0.5853 0.1961 0.7867
vn 0.3126 0.2057 -0.9274
vn 0.5294 0.0248 0.8480
vn 0.5423 0.0848 0.8359
vn 0.5649 0.2415 0.7890
vn 0.9970 0.0357 -0.0688
vn 0.5526 0.1241 0.8242
vn 0.9844 0.1357 -0.1122
vn 0.3557 0.1513 -0.9223
vn 0.3757 0.1124 -0.9199
vn 0.3874 0.0886 -0.9177
vn 0.9756 0.1850 -0.1181
vn 0.5626 0.1672 0.8097
vn 0.9702 0.2057 -0.1281
vn 0.4886 0.0024 0.8725
vn 0.9981 0.0159 -0.0595
vn 0.9971 0.0552 -0.0515
vn 0.3593 0.1865 -0.9144
vn 0.3571 0.1655 -0.9193
vn 0.5244 0.1030 0.8452
vn 0.4244 0.0076 -0.9054
vn 0.5447 0.1372 0.8274
vn 0.9926 0.0946 -0.0762
vn 0.4943 0.0097 0.8692
vn 0.9958 0.0718 -0.0561
vn 0.5117 0.0644 0.8567
vn 0.9626 0.2432 -0.1196
vn 0.4068 0.0647 -0.9112
vn 0.5019 0.0459 0.8637
vn 0.4258 0.0250 -0.9045
vn 0.3508 0.2452 -0.9038
vn 0.9905 0.1144 -0.0763
vn 0.5419 0.1956 0.8174
vn 0.9806 0.1680 -0.1010
vn 0.3565 0.2030 -0.9120
vn 0.4292 0.0445 -0.9021
vn 0.4899 0.0239 0.8714
vn 0.4286 0.0813 -0.8998
vn 0.5261 0.1506 0.8370
vn 0.3962 0.1405 -0.9074
vn 0.3988 0.1289 -0.9079
vn 0.5027 0.0833 0.8605
vn 0.9995 0.0262 -0.0193
vn 0.5295 0.2105 0.8218
vn 0.9865 0.1457 -0.0750
vn 0.3927 0.1754 -0.9028
vn 0.5127 0.1193 0.8502
vn 0.4571 0.0140 -0.8893
vn 0.4165 0.1020 -0.9034
vn 0.5236 0.1812 0.8325
vn 0.5232 0.1649 0.8361
vn 0.9958 0.0851 -0.0348
vn 0.4332 0.1174 -0.8936
vn 0.9909 0.1274 -0.0446
vn 0.9776 0.1956 -0.0771
vn 0.4882 0.0026 -0.8727
vn 0.9990 0.0447 -0.0041
vn 0.4121 0.1561 -0.8977
vn 0.4508 0.0694 -0.8899
vn 0.4587 0.0545 -0.8869
vn 0.9939 0.1066 -0.0294
vn 0.4723 0.0936 0.8765
vn 0.9844 0.1665 -0.0568
vn 0.4066 0.2105 -0.8890
vn 0.9750 0.2111 -0.0698
vn 0.4600 0.0340 -0.8873
vn 0.4396 0.0152 0.8981
vn 0.4939 0.2423 0.8351
vn 0.5007 0.1360 0.8549
vn 0.9820 0.1844 -0.0409
vn 0.4648 0.0553 0.8837
vn 0.4134 0.2454 -0.8768
vn 0.4551 0.0349 0.8897
vn 0.9979 0.0642 -0.0020
vn 0.9679 0.2469 -0.0464
vn 0.4701 0.1067 0.8761
vn 0.4656 0.0735 0.8819
vn 0.4149 0.1960 -0.8885
vn 0.9880 0.1523 -0.0240
vn 0.9901 0.1379 -0.0248
vn 0.4783 0.1560 0.8642
vn 0.4355 0.0058 0.9002
vn 0.4596 0.1010 -0.8824
vn 0.4873 0.1968 0.8508
vn 0.4835 0.1756 0.8575
vn 0.4685 0.1196 0.8753
vn 0.4440 0.1380 -0.8853
vn 0.9993 0.0259 0.0269
vn 0.4412 0.1753 -0.8801
vn 0.4727 0.0852 -0.8771
vn 0.9964 0.0838 0.0099
vn 0.4980 0.0155 -0.8670
vn 0.4952 0.0346 -0.8681
vn 0.4566 0.1394 0.8787
vn 0.9786 0.2047 -0.0194
vn 0.4936 0.0662 -0.8672
vn 0.9854 0.1703 -0.0034
vn 0.4239 0.0563 0.9039
vn 0.9924 0.1205 0.0239
vn 0.9949 0.0999 0.0121
vn 0.4702 0.2110 0.8570
vn 0.9974 0.0448 0.0566
vn 0.9971 0.0107 0.0747
vn 0.4612 0.1561 -0.8734
vn 0.5133 0.0524 -0.8566
vn 0.3900 0.0074 0.9208
vn 0.4214 0.0766 0.9036
vn 0.9969 0.0656 0.0444
vn 0.4128 0.0362 0.9101
vn 0.9972 0.0229 0.0714
vn 0.4142 0.0946 0.9052
vn 0.5357 0.0147 -0.8443
vn 0.4748 0.1271 -0.8709
vn 0.9905 0.1360 0.0190
vn 0.4843 0.1119 -0.8677
vn 0.9947 0.0838 0.0593
vn 0.4434 0.1697 0.8801
vn 0.5447 0.0025 -0.8386
vn 0.9874 0.1546 0.0351
vn 0.5062 0.0954 -0.8571
vn 0.5201 0.0791 -0.8504
vn 0.9830 0.1821 0.0245
vn 0.4933 0.1418 -0.8582
vn 0.4289 0.1269 0.8944
vn 0.4701 0.1957 -0.8607
vn 0.3894 0.0234 0.9208
vn 0.5330 0.0352 -0.8454
vn 0.4238 0.1128 0.8987
vn 0.9927 0.1036 0.0612
vn 0.4422 0.1867 0.8773
vn 0.4290 0.1550 0.8899
vn 0.4709 0.2118 -0.8564
vn 0.9807 0.1937 0.0258
vn 0.4851 0.1759 -0.8566
vn 0.3808 0.0633 0.9225
vn 0.4436 0.2604 0.8576
vn 0.9939 0.0629 0.0901
vn 0.3829 0.0457 0.9227
vn 0.5196 0.1260 -0.8450
vn 0.4268 0.2056 0.8807
vn 0.5402 0.0647 -0.8390
vn 0.4702 0.2569 -0.8443
vn 0.9666 0.2546 0.0281
vn 0.5092 0.1556 -0.8464
vn 0.5223 0.1110 -0.8455
vn 0.3969 0.1350 0.9079
vn 0.9766 0.2117 0.0370
vn 0.9843 0.1655 0.0619
vn 0.9885 0.1362 0.0659
vn 0.5639 0.0447 -0.8247
vn 0.3827 0.1113 0.9171
vn 0.9928 0.0454 0.1111
vn 0.9928 0.0246 0.1175
vn 0.9916 0.0091 0.1291
vn 0.3650 0.0847 0.9272
vn 0.5505 0.0928 -0.8296
vn 0.3491 0.0242 0.9368
vn 0.3441 0.0105 0.9389
vn 0.5668 0.0261 -0.8234
vn 0.9892 0.1213 0.0822
vn 0.3881 0.2382 0.8903
vn 0.5816 0.0097 -0.8135
vn 0.5999 0.0007 -0.8000
vn 0.3998 0.1760 0.8995
vn 0.5246 0.1700 -0.8342
vn 0.3283 0.0030 0.9446
vn 0.3963 0.1936 0.8975
vn 0.9897 0.0946 0.1070
vn 0.3824 0.1560 0.9107
vn 0.9905 0.0785 0.1127
vn 0.3352 0.0435 0.9412
vn 0.5108 0.1868 -0.8391
vn 0.5681 0.0745 -0.8196
vn 0.5201 0.2048 -0.8292
vn 0.9806 0.1782 0.0822
vn 0.5436 0.1365 -0.8281
vn 0.3472 0.0997 0.9325
vn 0.3471 0.0686 0.9353
vn 0.5647 0.1162 -0.8171
vn 0.9872 0.1098 0.1158
vn 0.9776 0.1942 0.0809
vn 0.9832 0.1462 0.1092
vn 0.5810 0.0563 -0.8119
vn 0.9878 0.0657 0.1413
vn 0.9872 0.0353 0.1557
vn 0.9850 0.0156 0.1718
vn 0.5116 0.2603 -0.8189
vn 0.9660 0.2447 0.0836
vn 0.9828 0.1301 0.1310
vn 0.6002 0.0257 -0.7994
vn 0.3197 0.0537 0.9460
vn 0.9822 0.0028 0.1878
vn 0.5626 0.1567 -0.8118
vn 0.3088 0.0256 0.9508
vn 0.3426 0.1233 0.9313
vn 0.9855 0.0493 0.1621
vn 0.3685 0.2105 0.9055
vn 0.3482 0.1413 0.9267
vn 0.3143 0.0754 0.9463
vn 0.5983 0.0841 -0.7968
vn 0.6293 0.0096 -0.7771
vn 0.9842 0.0847 0.1555
vn 0.9728 0.2106 0.0966
vn 0.2814 0.0139 0.9595
vn 0.5913 0.1001 -0.8002
vn 0.3491 0.1770 0.9202
vn 0.5497 0.1866 -0.8143
vn 0.9800 0.1606 0.1177
vn 0.6155 0.0428 -0.7869
vn 0.2785 0.0045 0.9604
vn 0.9816 0.0976 0.1642
vn 0.6088 0.0651 -0.7906
vn 0.5632 0.2419 -0.7901
vn 0.9750 0.1767 0.1344
vn 0.5722 0.1711 -0.8021
vn 0.5816 0.1422 -0.8010
vn 0.2990 0.0882 0.9502
vn 0.3469 0.1958 0.9172
vn 0.3349 0.1545 0.9295
vn 0.9786 0.0572 0.1976
vn 0.6355 0.0238 -0.7718
vn 0.9797 0.1116 0.1668
vn 0.5675 0.2066 -0.7970
vn 0.9708 0.1941 0.1409
vn 0.2664 0.0348 0.9632
vn 0.2805 0.0598 0.9580
vn 0.3003 0.1040 0.9482
vn 0.6543 0.0011 -0.7562
vn 0.9774 0.0703 0.1992
vn 0.9786 0.0352 0.2028
vn 0.6134 0.1130 -0.7816
vn 0.3251 0.2569 0.9101
vn 0.6028 0.1283 -0.7875
vn 0.9742 0.0096 0.2256
vn 0.9671 0.0010 0.2544
vn 0.9558 0.2599 0.1374
vn 0.2272 0.0130 0.9738
vn 0.6352 0.0856 -0.7676
vn 0.9747 0.0834 0.2074
vn 0.2980 0.1629 0.9406
vn 0.2526 0.0464 0.9665
vn 0.5948 0.1859 -0.7821
vn 0.6180 0.1474 -0.7723
vn 0.3003 0.1373 0.9439
vn 0.2824 0.1191 0.9519
vn 0.9741 0.1560 0.1639
vn 0.9735 0.1403 0.1804
vn 0.9723 0.0240 0.2324
vn 0.9645 0.2108 0.1593
vn 0.2702 0.0754 0.9598
vn 0.3090 0.2107 0.9274
vn 0.2965 0.1933 0.9353
vn 0.6443 0.0692 -0.7616
vn 0.6454 0.0557 -0.7618
vn 0.9726 0.1245 0.1961
vn 0.2251 0.0038 0.9743
vn 0.6405 0.1016 -0.7612
vn 0.2961 0.1761 0.9388
vn 0.2818 0.1494 0.9478
vn 0.6122 0.1636 -0.7736
vn 0.6619 0.0357 -0.7488
vn 0.6732 0.0141 -0.7393
vn 0.9652 0.1742 0.1952
vn 0.9677 0.0457 0.2479
vn 0.9716 0.1018 0.2137
vn 0.2534 0.1014 0.9620
vn 0.2310 0.0839 0.9693
vn 0.9653 0.0649 0.2528
vn 0.6476 0.1256 -0.7515
vn 0.2325 0.0652 0.9704
vn 0.7035 0.0040 -0.7106
vn 0.9608 0.0136 0.2769
vn 0.6811 0.0556 -0.7300
vn 0.9647 0.1585 0.2105
vn 0.6131 0.2076 -0.7622
vn 0.2528 0.1338 0.9582
vn 0.6205 0.2553 -0.7415
vn 0.9506 0.2425 0.1940
vn 0.9600 0.1962 0.2000
vn 0.2581 0.2192 0.9409
vn 0.6737 0.0761 -0.7350
vn 0.1986 0.0362 0.9794
vn 0.6696 0.0929 -0.7369
vn 0.9578 0.0332 0.2857
vn 0.9634 0.1114 0.2437
vn 0.2413 0.1761 0.9543
vn 0.9599 0.0929 0.2644
vn 0.9626 0.0827 0.2579
vn 0.6425 0.1802 -0.7448
vn 0.6561 0.1467 -0.7402
vn 0.9617 0.1445 0.2331
vn 0.1868 0.0541 0.9809
vn 0.9572 0.1322 0.2575
vn 0.2376 0.1589 0.9583
vn 0.6373 0.1942 -0.7457
vn 0.6982 0.0235 -0.7155
vn 0.6726 0.1110 -0.7317
vn 0.1733 0.0052 0.9849
vn 0.6525 0.1635 -0.7399
vn 0.7012 0.0412 -0.7118
vn 0.2172 0.1131 0.9695
vn 0.9448 0.0028 0.3276
vn 0.9489 0.2076 0.2378
vn 0.1717 0.0143 0.9850
vn 0.2440 0.1959 0.9498
vn 0.9521 0.0528 0.3012
vn 0.2013 0.0945 0.9750
vn 0.9519 0.1873 0.2426
vn 0.1769 0.0685 0.9818
vn 0.1525 0.0361 0.9876
vn 0.9520 0.1584 0.2619
vn 0.7080 0.0933 -0.7000
vn 0.7132 0.0739 -0.6971
vn 0.7160 0.0560 -0.6958
vn 0.9457 0.0157 0.3245
vn 0.2126 0.1379 0.9674
vn 0.7291 0.0321 -0.6837
vn 0.6986 0.1251 -0.7045
vn 0.9520 0.1216 0.2808
vn 0.9456 0.1109 0.3057
vn 0.6632 0.2066 -0.7194
vn 0.9507 0.0750 0.3010
vn 0.9498 0.1729 0.2608
vn 0.6854 0.1364 -0.7152
vn 0.7348 0.0137 -0.6782
vn 0.1615 0.0833 0.9834
vn 0.9366 0.2618 0.2329
vn 0.9403 0.0357 0.3384
vn 0.1853 0.1574 0.9700
vn 0.6829 0.1724 -0.7099
vn 0.1788 0.1216 0.9763
vn 0.7132 0.1095 -0.6924
vn 0.9431 0.0959 0.3184
vn 0.7558 0.0014 -0.6548
vn 0.6814 0.1850 -0.7081
vn 0.9422 0.0600 0.3295
vn 0.6917 0.1558 -0.7052
vn 0.1464 0.1004 0.9841
vn 0.1204 0.0051 0.9927
vn 0.1861 0.1926 0.9635
vn 0.1740 0.1743 0.9692
vn 0.7436 0.0453 -0.6671
vn 0.1243 0.0159 0.9921
vn 0.1932 0.2110 0.9582
vn 0.2177 0.2584 0.9412
vn 0.1681 0.1358 0.9764
vn 0.1273 0.0544 0.9904
vn 0.6752 0.2550 -0.6921
vn 0.9266 0.2427 0.2874
vn 0.9401 0.1415 0.3101
vn 0.9344 0.0735 0.3487
vn 0.9257 0.0149 0.3781
vn 0.9305 0.1910 0.3126
vn 0.9316 0.1766 0.3176
vn 0.9386 0.1557 0.3078
vn 0.9293 0.0527 0.3656
vn 0.1204 0.0703 0.9902
vn 0.9363 0.1286 0.3267
vn 0.7494 0.0645 -0.6589
vn 0.7167 0.1453 -0.6821
vn 0.1005 0.0351 0.9943
vn 0.1224 0.1126 0.9861
vn 0.9222 0.0064 0.3866
vn 0.0743 0.0155 0.9971
vn 0.1440 0.1454 0.9788
vn 0.9296 0.2028 0.3077
vn 0.7428 0.0847 -0.6641
vn 0.7733 0.0097 -0.6340
vn 0.7017 0.2065 -0.6819
vn 0.9237 0.0861 0.3732
vn 0.7212 0.1652 -0.6727
vn 0.7636 0.0260 -0.6452
vn 0.9189 0.0344 0.3930
vn 0.1587 0.2391 0.9579
vn 0.7519 0.1019 -0.6514
vn 0.7078 0.1912 -0.6801
vn 0.1262 0.1258 0.9840
vn 0.1003 0.0854 0.9913
vn 0.0655 0.0016 0.9979
vn 0.7386 0.1258 -0.6623
vn 0.1435 0.2045 0.9683
vn 0.9244 0.1043 0.3670
vn 0.7271 0.1765 -0.6634
vn 0.1234 0.1559 0.9800
vn 0.9236 0.1566 0.3499
vn 0.9224 0.1177 0.3679
vn 0.7759 0.0448 -0.6293
vn 0.9063 0.2402 0.3477
vn 0.0714 0.0546 0.9960
vn 0.7755 0.0812 -0.6261
vn 0.7862 0.0648 -0.6146
vn 0.7506 0.1466 -0.6443
vn 0.9211 0.1379 0.3640
vn 0.7939 0.0253 -0.6076
vn 0.7983 0.0007 -0.6022
vn 0.9015 0.0080 0.4327
vn 0.7260 0.2479 -0.6415
vn 0.9094 0.0687 0.4102
vn 0.0584 0.0729 0.9956
vn 0.1216 0.1851 0.9752
vn 0.1064 0.1668 0.9802
vn 0.0511 0.0347 0.9981
vn 0.9019 0.0232 0.4313
vn 0.0683 0.0963 0.9930
vn 0.8068 0.0092 -0.5908
vn 0.0890 0.1346 0.9869
vn 0.9113 0.1751 0.3727
vn 0.9065 0.0558 0.4185
vn 0.7699 0.1243 -0.6260
vn 0.7379 0.1971 -0.6454
vn 0.7391 0.2126 -0.6392
vn 0.9110 0.2108 0.3545
vn 0.9017 0.0849 0.4239
vn 0.7634 0.1646 -0.6246
vn 0.1019 0.2630 0.9594
vn 0.9009 0.1020 0.4218
vn 0.8106 0.0474 -0.5836
vn 0.0622 0.1119 0.9918
vn 0.9035 0.1934 0.3824
vn 0.0210 -0.0027 0.9998
vn 0.9028 0.1573 0.4003
vn 0.9031 0.1377 0.4067
vn 0.8972 0.0443 0.4395
vn 0.7883 0.1073 -0.6059
vn 0.8994 0.1192 0.4205
vn 0.7924 0.0941 -0.6027
vn 0.0879 0.2058 0.9746
vn 0.7619 0.1859 -0.6205
vn 0.0605 0.1468 0.9873
vn 0.0706 0.1866 0.9799
vn 0.7878 0.1420 -0.5993
vn 0.8239 0.0203 -0.5664
vn 0.8308 0.0012 -0.5565
vn 0.8268 0.0343 -0.5614
vn 0.8034 0.1204 -0.5832
vn 0.8139 0.0825 -0.5751
vn 0.8847 0.0148 0.4658
vn 0.8732 0.0035 0.4873
vn 0.0627 0.2449 0.9675
vn 0.8214 0.0647 -0.5667
vn 0.7740 0.2047 -0.5992
vn 0.0570 0.1653 0.9846
vn 0.8807 0.0338 0.4725
vn 0.7710 0.2462 -0.5873
vn 0.8769 0.2550 0.4074
vn 0.8747 0.0502 0.4820
vn 0.8184 0.1028 -0.5653
vn 0.5875 0.7887 -0.1812
vn 0.5210 0.8296 -0.2009
vn 0.5316 0.8354 -0.1396
vn 0.4284 0.6134 0.6634
vn 0.4651 0.6309 0.6210
vn 0.4087 0.6690 0.6208
vn 0.7831 0.3100 -0.5392
vn 0.7278 0.3875 -0.5658
vn 0.7757 0.3664 -0.5139
vn 0.6871 0.6766 -0.2648
vn 0.6830 0.6436 -0.3455
vn 0.6556 0.6972 -0.2899
vn 0.2410 0.8084 0.5371
vn 0.2830 0.8123 0.5100
vn 0.2350 0.8429 0.4841
vn 0.7723 0.4648 -0.4331
vn 0.7477 0.4356 -0.5012
vn 0.7419 0.5077 -0.4381
vn 0.6222 0.7470 -0.2341
vn 0.5672 0.7919 -0.2261
vn 0.6443 0.3369 0.6866
vn 0.6496 0.4049 0.6435
vn 0.6051 0.3799 0.6997
vn 0.3932 0.7140 0.5792
vn 0.3318 0.7291 0.5986
vn 0.5229 0.4736 0.7087
vn 0.5762 0.4978 0.6483
vn 0.5245 0.5275 0.6683
vn 0.7319 0.3194 -0.6019
vn 0.3209 0.7717 0.5491
vn 0.7229 0.6181 -0.3089
vn 0.7281 0.5850 -0.3573
vn 0.7939 0.3880 -0.4681
vn 0.5011 0.5852 0.6376
vn 0.6614 0.7204 -0.2089
vn 0.7702 0.5174 -0.3730
vn 0.7139 0.5752 -0.3994
vn 0.5695 0.8108 -0.1348
vn 0.6535 0.2757 0.7049
vn 0.6868 0.3352 0.6450
vn 0.5875 0.4397 0.6793
vn 0.4624 0.5446 0.6997
vn 0.3670 0.6736 0.6415
vn 0.2596 0.7701 0.5827
vn 0.8070 0.4350 -0.3995
vn 0.1805 0.8336 0.5221
vn 0.6466 0.7456 -0.1611
vn 0.7674 0.5581 -0.3157
vn 0.5998 0.7914 -0.1177
vn 0.7417 0.6152 -0.2672
vn 0.3588 0.6318 0.6870
vn 0.5476 0.4078 0.7307
vn 0.2686 0.7314 0.6269
vn 0.5504 0.8320 -0.0702
vn 0.8282 0.3037 -0.4711
vn 0.5869 0.3345 0.7373
vn 0.7149 0.6679 -0.2072
vn 0.3922 0.5814 0.7129
vn 0.3009 0.6938 0.6544
vn 0.8243 0.3703 -0.4283
vn 0.7986 0.4971 -0.3392
vn 0.1886 0.7899 0.5835
vn 0.4081 0.5288 0.7442
vn 0.7858 0.5581 -0.2665
vn 0.4778 0.4659 0.7447
vn 0.7109 0.6865 -0.1528
vn 0.7561 0.6154 -0.2227
vn 0.5153 0.3912 0.7625
vn 0.8373 0.4364 -0.3292
vn 0.2989 0.6438 0.7044
vn 0.6373 0.7636 -0.1035
vn 0.2279 0.7335 0.6403
vn 0.8521 0.3829 -0.3569
vn 0.8126 0.5015 -0.2970
vn 0.6840 0.7221 -0.1035
vn 0.5562 0.3103 0.7709
vn 0.8512 0.3364 -0.4028
vn 0.4436 0.4657 0.7657
vn 0.3181 0.5851 0.7460
vn 0.6242 0.7794 -0.0541
vn 0.7668 0.6196 -0.1676
vn 0.4437 0.4032 0.8004
vn 0.1019 0.8308 0.5472
vn 0.1281 0.8446 0.5199
vn 0.8007 0.5635 -0.2033
vn 0.2452 0.6710 0.6997
vn 0.8313 0.5007 -0.2414
vn 0.1332 0.7919 0.5960
vn 0.8804 0.3070 -0.3615
vn 0.8558 0.4353 -0.2794
vn 0.3547 0.5303 0.7700
vn 0.5014 0.3428 0.7944
vn 0.1591 0.7476 0.6449
vn 0.8850 0.3531 -0.3036
vn 0.3827 0.4649 0.7984
vn 0.5265 0.2692 0.8065
vn 0.5752 0.8180 -0.0048
vn 0.7330 0.6761 -0.0756
vn 0.4698 0.3211 0.8223
vn 0.1809 0.7086 0.6820
vn 0.7519 0.6479 -0.1221
vn 0.6900 0.7225 -0.0447
vn 0.2471 0.6158 0.7482
vn 0.8722 0.4391 -0.2153
vn 0.8160 0.5588 -0.1479
vn 0.3082 0.5118 0.8019
vn 0.7829 0.6138 -0.1018
vn 0.8855 0.3932 -0.2475
vn 0.8497 0.4982 -0.1724
vn 0.1928 0.6649 0.7217
vn 0.0137 0.7905 -0.6123
vn -0.0035 0.8291 -0.5591
vn 0.0479 0.8310 -0.5542
vn 0.3782 0.4066 0.8316
vn 0.6393 0.7689 0.0072
vn 0.2443 0.5595 0.7920
vn 0.4132 0.3390 0.8452
vn 0.0863 0.7902 -0.6068
vn 0.0245 0.7565 -0.6536
vn 0.0645 0.7926 0.6064
vn 0.1975 0.6193 0.7599
vn 0.8256 0.5555 -0.0995
vn 0.9113 0.3169 -0.2627
vn 0.0843 0.7458 -0.6608
vn 0.3083 0.4393 0.8437
vn 0.1006 0.8363 -0.5389
vn 0.0906 0.7508 0.6543
vn 0.0241 0.7173 -0.6963
vn 0.7110 0.7032 -0.0011
vn 0.0667 0.6964 -0.7146
vn 0.0166 0.6689 -0.7432
vn 0.8854 0.4359 -0.1614
vn 0.9123 0.3556 -0.2032
vn 0.0690 0.6448 -0.7612
vn 0.0542 0.5842 -0.8098
vn -0.0206 0.5635 -0.8259
vn 0.0153 0.6138 -0.7893
vn 0.1196 0.7088 -0.6952
vn 0.1437 0.7907 -0.5951
vn 0.8567 0.5021 -0.1181
vn 0.5708 0.8181 0.0706
vn 0.5642 0.8251 0.0309
vn 0.3579 0.3597 0.8617
vn 0.7626 0.6456 -0.0390
vn 0.1444 0.6692 0.7289
vn 0.0343 0.5266 -0.8494
vn 0.1483 0.7468 -0.6483
vn 0.1119 0.7145 0.6906
vn 0.1168 0.6671 -0.7357
vn 0.2492 0.5005 0.8291
vn 0.0376 0.8307 0.5554
vn 0.8060 0.5899 -0.0490
vn 0.4005 0.2801 0.8725
vn 0.1797 0.8003 -0.5720
vn 0.1568 0.8437 -0.5135
vn 0.6915 0.7210 0.0451
vn 0.6380 0.7682 0.0531
vn 0.7661 0.6427 0.0076
vn 0.8803 0.4647 -0.0950
vn 0.1104 0.6044 -0.7890
vn 0.1621 0.5983 0.7847
vn 0.9134 0.3815 -0.1418
vn 0.8541 0.5182 -0.0446
vn 0.0829 0.6837 0.7250
vn 0.3019 0.3765 0.8758
vn 0.1019 0.5246 -0.8453
vn 0.3530 0.3064 0.8840
vn 0.0426 0.7232 0.6893
vn 0.1760 0.6958 -0.6963
vn 0.1850 0.5330 0.8257
vn -0.0276 0.8445 0.5349
vn -0.0071 0.8134 0.5817
vn 0.8099 0.5865 -0.0035
vn 0.1003 0.6403 0.7616
vn 0.2317 0.4642 0.8549
vn 0.9369 0.3057 -0.1697
vn 0.9047 0.4123 -0.1075
vn 0.0688 0.4391 -0.8958
vn -0.0019 0.4122 -0.9111
vn 0.0306 0.4706 -0.8818
vn 0.7380 0.6714 0.0681
vn 0.1646 0.6425 -0.7484
vn 0.2145 0.7348 -0.6434
vn 0.2248 0.4040 0.8867
vn 0.1296 0.4723 -0.8718
vn 0.6192 0.7778 0.1073
vn 0.2844 0.3366 0.8977
vn 0.0256 0.3715 -0.9281
vn 0.0179 0.7677 0.6405
vn -0.0318 0.7831 0.6211
vn 0.6876 0.7191 0.1004
vn 0.1482 0.5760 -0.8039
vn 0.2219 0.8317 -0.5090
vn 0.8478 0.5303 0.0025
vn 0.1172 0.5856 0.8021
vn 0.9467 0.3006 -0.1159
vn 0.9308 0.3564 -0.0807
vn 0.1302 0.5163 0.8465
vn 0.1055 0.4030 -0.9091
vn 0.7878 0.6134 0.0553
vn 0.2302 0.7899 -0.5684
vn 0.1679 0.4637 0.8699
vn 0.5417 0.8312 0.1254
vn 0.8982 0.4372 -0.0460
vn 0.0640 0.3403 -0.9381
vn 0.0078 0.3042 -0.9526
vn 0.2733 0.2724 0.9226
vn 0.2141 0.6396 -0.7383
vn -0.0278 0.7163 0.6973
vn 0.2513 0.7461 -0.6166
vn 0.8223 0.5657 0.0615
vn 0.0388 0.6434 0.7646
vn 0.8841 0.4672 0.0105
vn 0.2290 0.3350 0.9139
vn 0.0182 0.6839 0.7294
vn 0.2049 0.5868 -0.7834
vn 0.0707 0.5899 0.8044
vn 0.1830 0.5307 -0.8276
vn 0.5955 0.7909 0.1409
vn 0.0854 0.5334 0.8416
vn 0.2372 0.6722 -0.7013
vn 0.1106 0.3367 -0.9351
vn 0.1514 0.4018 0.9031
vn 0.9244 0.3809 -0.0217
vn -0.0338 0.6609 0.7497
vn 0.8524 0.5202 0.0528
vn 0.7655 0.6342 0.1085
vn 0.1767 0.3446 0.9220
vn 0.6730 0.7254 0.1444
vn 0.0293 0.5733 0.8188
vn -0.0269 0.6147 0.7883
vn 0.6363 0.7498 0.1814
vn 0.1071 0.4389 0.8921
vn 0.2012 0.4614 -0.8641
vn 0.7268 0.6702 0.1502
vn 0.0616 0.4957 0.8663
vn 0.1566 0.3007 0.9408
vn 0.2817 0.7905 -0.5438
vn 0.9500 0.3082 -0.0498
vn 0.1654 0.3893 -0.9061
vn -0.0195 0.5573 0.8301
vn 0.9119 0.4101 0.0133
vn 0.5489 0.8112 0.2017
vn 0.5098 0.8463 0.1545
vn 0.0966 0.3541 0.9302
vn 0.0572 0.4186 0.9064
vn 0.8712 0.4826 0.0902
vn 0.2640 0.5858 -0.7662
vn 0.0118 0.4853 0.8743
vn 0.2845 0.6884 -0.6672
vn 0.2702 0.8320 -0.4846
vn 0.5858 0.7890 0.1851
vn 0.2777 0.6306 -0.7248
vn 0.2692 0.5444 -0.7944
vn 0.8392 0.5318 0.1142
vn 0.1585 0.3109 -0.9371
vn 0.5040 0.8402 0.2000
vn 0.9518 0.3066 0.0010
vn 0.3092 0.7490 -0.5860
vn 0.8980 0.4349 0.0667
vn 0.0133 0.4035 0.9149
vn 0.8015 0.5853 0.1226
vn 0.0389 0.3249 0.9450
vn 0.9348 0.3526 0.0427
vn 0.2337 0.5015 -0.8330
vn -0.0264 0.3768 0.9259
vn -0.0121 0.3046 0.9524
vn 0.7689 0.6145 0.1765
vn 0.2945 0.8398 0.4561
vn 0.2167 0.3899 -0.8950
vn 0.6955 0.6934 0.1884
vn 0.3217 0.6994 -0.6382
vn 0.2926 0.4984 -0.8161
vn 0.8105 0.5596 0.1732
vn 0.2073 0.3060 -0.9292
vn 0.2800 0.4441 -0.8511
vn 0.5935 0.7659 0.2472
vn 0.3149 0.5840 -0.7482
vn 0.9230 0.3760 0.0814
vn 0.6699 0.7057 0.2305
vn 0.8534 0.4975 0.1553
vn 0.3364 0.7879 -0.5158
vn 0.3235 0.6453 -0.6920
vn 0.8925 0.4318 0.1301
vn 0.5258 0.8107 0.2575
vn 0.7384 0.6363 0.2232
vn 0.2797 0.3931 -0.8759
vn 0.9248 0.3576 0.1297
vn 0.3200 0.8304 -0.4561
vn 0.9481 0.3061 0.0859
vn 0.3490 0.5211 -0.7789
vn 0.4814 0.8463 0.2281
vn 0.2558 0.3225 -0.9114
vn 0.3621 0.6126 -0.7026
vn 0.3616 0.7232 -0.5884
vn 0.8318 0.5113 0.2161
vn 0.6454 0.7118 0.2769
vn 0.3668 0.6714 -0.6440
vn 0.8695 0.4541 0.1946
vn 0.3886 0.7504 -0.5347
vn 0.3728 0.5635 -0.7372
vn 0.7831 0.5689 0.2513
vn 0.3126 0.3187 -0.8948
vn 0.3489 0.4562 -0.8186
vn 0.8987 0.3991 0.1819
vn 0.3402 0.3865 -0.8572
vn 0.7106 0.6427 0.2863
vn 0.5521 0.7787 0.2979
vn 0.3840 0.7904 -0.4773
vn 0.4002 0.6293 -0.6662
vn 0.4169 0.7134 -0.5632
vn 0.4744 0.8322 0.2870
vn 0.3703 0.8317 -0.4138
vn 0.3297 0.8499 -0.4110
vn 0.9317 0.3180 0.1755
vn 0.4245 0.6599 -0.6199
vn 0.7554 0.5876 0.2900
vn 0.8254 0.4978 0.2663
vn 0.8729 0.4214 0.2459
vn 0.4191 0.5160 -0.7470
vn 0.6748 0.6675 0.3148
vn 0.4036 0.4642 -0.7884
vn 0.6058 0.7288 0.3191
vn 0.4359 0.5689 -0.6974
vn 0.9111 0.3419 0.2302
vn 0.3963 0.3883 -0.8320
vn 0.5130 0.7934 0.3275
vn 0.3725 0.3075 -0.8756
vn 0.8224 0.4774 0.3094
vn 0.4226 0.8041 -0.4181
vn 0.7853 0.5286 0.3222
vn 0.4439 0.7620 -0.4715
vn 0.5587 0.7466 0.3612
vn 0.4614 0.6755 -0.5752
vn 0.6434 0.6727 0.3652
vn 0.4633 0.5864 -0.6645
vn 0.7314 0.5852 0.3501
vn 0.4611 0.4963 -0.7356
vn 0.6903 0.6281 0.3593
vn 0.8724 0.3906 0.2940
vn 0.4501 0.4207 -0.7877
vn 0.4683 0.7235 -0.5071
vn 0.3963 0.8479 -0.3521
vn 0.4274 0.3239 -0.8440
vn 0.5920 0.7014 0.3970
vn 0.4808 0.7949 0.3700
vn 0.4502 0.8283 0.3336
vn 0.9085 0.3089 0.2814
vn 0.4776 0.6199 -0.6226
vn 0.7708 0.5163 0.3732
vn 0.5008 0.4779 -0.7217
vn 0.8336 0.4227 0.3556
vn 0.5039 0.5296 -0.6824
vn 0.5184 0.5835 -0.6251
vn 0.4754 0.3391 -0.8118
vn 0.5109 0.6945 -0.5066
vn 0.6934 0.5868 0.4181
vn 0.5081 0.6447 -0.5712
vn 0.6486 0.6376 0.4156
vn 0.5009 0.3983 -0.7684
vn 0.4517 0.8144 -0.3644
vn 0.8712 0.3517 0.3426
vn 0.5154 0.7539 0.4074
vn 0.8926 0.3013 0.3355
vn 0.5480 0.5168 -0.6578
vn 0.7391 0.5345 0.4100
vn 0.3950 0.8323 0.3889
vn 0.4104 0.8408 0.3531
vn 0.4255 0.8522 -0.3046
vn 0.8023 0.4413 0.4019
vn 0.4877 0.7662 -0.4185
vn 0.7658 0.4703 0.4387
vn 0.5499 0.4218 -0.7209
vn 0.5341 0.7227 -0.4387
vn 0.5294 0.3390 -0.7777
vn 0.5465 0.6412 -0.5387
vn 0.6112 0.6463 0.4570
vn 0.8341 0.3710 0.4081
vn 0.5609 0.5850 -0.5858
vn 0.5535 0.6948 0.4592
vn 0.4426 0.7915 0.4215
vn 0.7101 0.5301 0.4635
vn 0.8653 0.3107 0.3933
vn 0.6457 0.5880 0.4872
vn 0.4939 0.7429 0.4518
vn 0.5623 0.3020 -0.7698
vn 0.7997 0.3871 0.4589
vn 0.5846 0.5283 -0.6157
vn 0.4704 0.8333 -0.2904
vn 0.5775 0.6418 -0.5046
vn 0.5837 0.4684 -0.6633
vn 0.5892 0.3545 -0.7260
vn 0.5773 0.6728 -0.4627
vn 0.4962 0.7917 -0.3564
vn 0.5934 0.5905 -0.5469
vn 0.6137 0.4238 -0.6661
vn 0.6778 0.5292 0.5105
vn 0.8367 0.3074 0.4533
vn 0.5453 0.7503 -0.3739
vn 0.7436 0.4535 0.4912
vn 0.4122 0.7861 0.4607
vn 0.3727 0.8128 0.4477
vn 0.5202 0.7924 -0.3186
vn 0.6273 0.5330 -0.5678
vn 0.3352 0.8480 0.4105
vn 0.5712 0.6434 0.5098
vn 0.6335 0.4777 -0.6087
vn 0.7780 0.3745 0.5045
vn 0.4945 0.6969 0.5194
vn 0.4528 0.7460 0.4883
vn 0.8080 0.3068 0.5030
vn 0.6417 0.5663 -0.5172
vn 0.6403 0.3669 -0.6749
vn 0.6062 0.6730 -0.4238
vn 0.7028 0.4723 0.5320
vn 0.6084 0.5771 0.5449
vn 0.6289 0.6155 -0.4751
vn 0.5861 0.7186 -0.3745
vn 0.7254 0.4124 0.5511
vn 0.6376 0.3107 -0.7049
vn 0.7508 0.3643 0.5511
vn 0.5011 0.8277 -0.2527
vn 0.6763 0.4041 -0.6159
vn 0.3339 0.8105 0.4812
vn 0.5400 0.6446 0.5412
vn 0.5640 0.7632 -0.3154
vn 0.6759 0.4666 -0.5705
vn 0.6742 0.4609 0.5771
vn 0.6471 0.5102 0.5666
vn 0.3796 0.7679 0.5161
vn 0.6811 0.5219 -0.5136
vn 0.5622 0.7821 -0.2688
vn 0.6866 0.3246 -0.6505
vn 0.7734 0.3066 0.5548
vn 0.6463 0.6512 -0.3978
vn 0.5567 0.5921 0.5827
vn 0.4282 0.7234 0.5417
vn 0.6074 0.7342 -0.3032
vn 0.5824 0.5402 0.6075
vn 0.5044 0.6402 0.5795
vn 0.6736 0.5885 -0.4471
vn 0.6315 0.6972 -0.3394
vn 0.6954 0.3904 0.6034
vn 0.7335 0.3091 0.6053
vn 0.7107 0.4636 -0.5292
vn 0.4586 0.6751 0.5780
vn 0.6308 0.4666 0.6199
vn 0.7159 0.5189 -0.4672
vn -0.2840 0.6202 -0.7312
vn -0.3102 0.6659 -0.6785
vn -0.2637 0.6785 -0.6856
vn -0.2124 0.7030 -0.6787
vn -0.2624 0.7212 -0.6411
vn -0.2254 0.7519 -0.6195
vn -0.3784 0.4987 -0.7798
vn -0.4024 0.5283 -0.7477
vn -0.3662 0.5633 -0.7407
vn -0.3305 0.2514 -0.9097
vn -0.3434 0.3153 -0.8847
vn -0.2755 0.3156 -0.9080
vn -0.1320 0.7984 -0.5874
vn -0.1800 0.7790 -0.6007
vn -0.1424 0.8241 -0.5482
vn -0.0605 0.7575 -0.6501
vn -0.0261 0.7853 -0.6186
vn -0.0334 0.6793 -0.7331
vn -0.0834 0.6770 -0.7313
vn -0.0403 0.7242 -0.6884
vn -0.0460 0.6253 -0.7791
vn -0.1264 0.6405 -0.7575
vn -0.3335 0.6111 -0.7179
vn -0.3190 0.5599 -0.7647
vn -0.1173 0.5146 -0.8494
vn -0.1750 0.5333 -0.8276
vn -0.1385 0.5748 -0.8065
vn -0.2916 0.3824 -0.8768
vn -0.2306 0.3812 -0.8953
vn -0.1061 0.6119 -0.7838
vn -0.2968 0.2483 -0.9221
vn -0.2442 0.4469 -0.8606
vn -0.1806 0.4625 -0.8680
vn -0.2386 0.6333 -0.7362
vn -0.1693 0.7274 -0.6650
vn -0.2540 0.2513 -0.9340
vn -0.3228 0.5052 -0.8003
vn -0.1730 0.3834 -0.9072
vn -0.1295 0.7625 -0.6339
vn -0.0753 0.5633 -0.8228
vn -0.1229 0.4491 -0.8850
vn -0.1938 0.3140 -0.9294
vn -0.3381 0.8388 -0.4266
vn -0.3900 0.8204 -0.4181
vn -0.3642 0.8409 -0.4004
vn -0.3888 0.7886 -0.4765
vn -0.3472 0.7972 -0.4940
vn -0.3146 0.8284 -0.4635
vn -0.0826 0.7969 -0.5985
vn -0.0906 0.8315 -0.5480
vn -0.3820 0.7608 -0.5246
vn -0.1839 0.6756 -0.7140
vn -0.0523 0.5071 -0.8603
vn -0.3224 0.4496 -0.8330
vn -0.3920 0.4484 -0.8033
vn -0.2134 0.2503 -0.9443
vn -0.1336 0.3820 -0.9145
vn -0.2690 0.5613 -0.7827
vn -0.2949 0.7963 -0.5281
vn -0.3733 0.3936 -0.8400
vn -0.0566 0.4526 -0.8899
vn -0.2623 0.8287 -0.4944
vn -0.3379 0.7610 -0.5538
vn -0.3787 0.7180 -0.5840
vn -0.1122 0.7229 -0.6818
vn -0.1116 0.3143 -0.9427
vn -0.1518 0.2521 -0.9557
vn -0.0824 0.3819 -0.9205
vn -0.1863 0.2125 -0.9592
vn -0.1868 0.6152 -0.7659
vn -0.2519 0.5004 -0.8284
vn -0.2829 0.7644 -0.5794
vn -0.3162 0.7207 -0.6170
vn -0.0398 0.3763 -0.9256
vn -0.1408 0.6774 -0.7220
vn -0.3330 0.3777 -0.8640
vn -0.2167 0.5612 -0.7988
vn -0.0922 0.2495 -0.9640
vn -0.2289 0.7953 -0.5614
vn -0.0382 0.3147 -0.9484
vn -0.3571 0.6650 -0.6559
vn -0.3943 0.6669 -0.6323
vn -0.0430 0.8307 -0.5551
vn -0.4185 0.6165 -0.6670
vn -0.0456 0.2537 -0.9662
vn -0.2183 0.8315 -0.5108
vn -0.3887 0.3336 -0.8589
vn -0.3879 0.5998 -0.6999
vn -0.1791 0.8295 -0.5291
vn -0.1201 0.8536 -0.5069
vn -0.3690 0.2633 -0.8914
vn -0.2013 0.9660 -0.1622
vn -0.2128 0.9725 -0.0950
vn -0.1641 0.9760 -0.1430
vn -0.0874 0.9962 -0.0048
vn -0.0743 0.9960 0.0501
vn -0.0216 0.9998 -0.0007
vn -0.3650 0.8905 -0.2718
vn -0.3464 0.9114 -0.2223
vn -0.3090 0.9070 -0.2860
vn -0.2251 0.8522 0.4723
vn -0.1934 0.8338 0.5172
vn -0.1641 0.8655 0.4732
vn -0.3245 0.9208 0.2164
vn -0.2864 0.9230 0.2569
vn -0.2497 0.9454 0.2093
vn -0.2105 0.8805 -0.4247
vn -0.2382 0.8941 -0.3793
vn -0.1809 0.9062 -0.3821
vn -0.1415 0.9896 0.0257
vn -0.1081 0.9900 0.0908
vn -0.2896 0.8861 -0.3619
vn -0.2376 0.9122 -0.3338
vn -0.1674 0.8686 -0.4664
vn -0.1120 0.8823 -0.4571
vn -0.1883 0.8847 0.4265
vn -0.1325 0.8986 0.4183
vn -0.1468 0.9591 -0.2419
vn -0.1378 0.9716 -0.1926
vn -0.0759 0.9712 -0.2257
vn -0.5238 0.8355 0.1658
vn -0.5096 0.8333 0.2145
vn -0.4636 0.8705 0.1652
vn -0.0620 0.9964 -0.0573
vn -0.0100 0.9982 -0.0594
vn -0.0713 0.9516 0.2989
vn -0.0409 0.9330 0.3576
vn -0.0146 0.9514 0.3077
vn -0.2476 0.9565 -0.1545
vn -0.3366 0.9002 0.2764
vn -0.3450 0.8771 -0.3343
vn -0.1632 0.9824 0.0912
vn -0.2156 0.8570 -0.4680
vn -0.0648 0.9460 -0.3178
vn -0.0614 0.9608 -0.2705
vn -0.0128 0.9510 -0.3089
vn -0.0410 0.9681 0.2474
vn 0.0135 0.9700 0.2428
vn -0.3815 0.8874 0.2587
vn -0.3932 0.8655 0.3103
vn -0.2723 0.8620 -0.4277
vn -0.2096 0.9734 0.0923
vn -0.2133 0.9649 0.1533
vn -0.1645 0.9760 0.1425
vn -0.0912 0.9270 0.3638
vn -0.3782 0.8718 -0.3113
vn -0.1096 0.9552 -0.2750
vn -0.4597 0.8304 0.3149
vn -0.4180 0.8324 0.3639
vn -0.1515 0.9189 0.3643
vn -0.2657 0.9515 0.1549
vn -0.1263 0.9443 0.3040
vn -0.4356 0.8983 0.0566
vn -0.3996 0.9097 0.1126
vn -0.3723 0.9263 0.0576
vn -0.2705 0.9555 -0.1175
vn -0.2599 0.9631 -0.0692
vn -0.3438 0.8616 -0.3735
vn -0.2572 0.9597 0.1132
vn -0.3141 0.9462 -0.0782
vn -0.2800 0.9596 -0.0287
vn -0.2514 0.8668 0.4306
vn -0.2951 0.8315 0.4707
vn -0.1890 0.9580 -0.2157
vn -0.0127 0.9342 -0.3565
vn -0.4459 0.8868 0.1217
vn -0.3084 0.9353 0.1736
vn -0.4954 0.8607 0.1171
vn -0.2116 0.8995 0.3824
vn -0.0143 0.9785 0.2059
vn -0.3388 0.9408 -0.0013
vn -0.3865 0.9220 -0.0217
vn -0.1933 0.9808 0.0256
vn -0.0259 0.9938 -0.1079
vn -0.1172 0.9921 -0.0438
vn -0.4754 0.8767 0.0729
vn -0.5430 0.8305 0.1241
vn -0.3792 0.8997 0.2162
vn -0.4290 0.8636 0.2649
vn -0.0633 0.9291 -0.3643
vn -0.1027 0.9657 0.2383
vn -0.1270 0.9356 -0.3296
vn -0.4413 0.8973 0.0109
vn -0.1895 0.9236 0.3332
vn -0.2632 0.8893 0.3739
vn -0.3349 0.8316 0.4431
vn -0.3596 0.9300 -0.0761
vn -0.2534 0.9655 0.0600
vn -0.1038 0.9901 -0.0941
vn -0.0748 0.9808 0.1799
vn -0.0125 0.9865 0.1635
vn -0.2385 0.9475 -0.2130
vn -0.3236 0.9388 0.1178
vn -0.3036 0.8692 0.3903
vn -0.0132 0.9151 -0.4030
vn -0.3585 0.9197 0.1599
vn -0.0629 0.9879 -0.1420
vn -0.0117 0.9865 -0.1636
vn -0.1650 0.9434 -0.2876
vn -0.1877 0.9382 0.2908
vn -0.1634 0.9857 -0.0424
vn -0.2377 0.9133 0.3309
vn -0.3992 0.9004 0.1727
vn -0.3136 0.9365 -0.1572
vn -0.4402 0.8718 0.2151
vn -0.5271 0.8468 0.0715
vn -0.1755 0.9535 0.2449
vn -0.4830 0.8348 0.2643
vn -0.0716 0.9080 -0.4128
vn -0.1156 0.9195 -0.3756
vn -0.2379 0.9713 0.0048
vn -0.4944 0.8686 0.0325
vn -0.0603 0.9910 0.1196
vn -0.0116 0.9937 0.1111
vn -0.2112 0.9409 -0.2647
vn -0.4314 0.9010 -0.0461
vn -0.3557 0.9239 -0.1409
vn -0.1373 0.9712 0.1945
vn -0.3110 0.9480 0.0671
vn -0.3756 0.8323 0.4077
vn -0.0131 0.8931 -0.4496
vn -0.2902 0.9333 -0.2112
vn -0.2374 0.9324 0.2724
vn -0.2872 0.9037 0.3175
vn -0.0790 0.9801 -0.1823
vn -0.0137 0.9771 -0.2122
vn -0.1176 0.9832 -0.1392
vn -0.1631 0.9822 -0.0931
vn -0.2127 0.9762 -0.0421
vn -0.1903 0.9262 -0.3254
vn -0.3583 0.8597 0.3640
vn -0.4069 0.9083 -0.0968
vn -0.0681 0.8841 -0.4623
vn -0.0162 0.9978 0.0642
vn -0.1182 0.9831 0.1399
vn -0.3341 0.8817 0.3330
vn -0.0523 0.8653 -0.4985
vn 0.0010 0.8623 -0.5065
vn -0.2653 0.9297 -0.2555
vn -0.2887 0.9572 0.0197
vn -0.4772 0.8782 -0.0324
vn -0.1904 0.9622 0.1948
vn -0.2531 0.9195 -0.3007
vn -0.4540 0.8869 -0.0849
vn -0.0128 0.9655 -0.2601
vn -0.0632 0.8694 0.4900
vn -0.0119 0.8702 0.4925
vn -0.1426 0.8972 -0.4180
vn -0.0943 0.8430 0.5296
vn -0.4003 0.9047 -0.1458
vn -0.0220 0.8932 0.4491
vn -0.1185 0.8673 0.4836
vn -0.3862 0.9026 -0.1901
vn -0.0867 0.8906 0.4465
vn -0.1481 0.8297 0.5382
vn -0.0648 0.9095 0.4106
vn -0.0110 0.9156 0.4020
vn 0.0253 0.9329 0.3592
vn -0.0728 0.1909 -0.9789
vn -0.0308 0.1839 -0.9825
vn -0.0585 0.1697 -0.9838
vn -0.0608 0.2094 -0.9759
vn -0.0352 0.1583 -0.9868
vn -0.0246 0.2002 -0.9795
vn -0.2924 0.2106 -0.9328
vn -0.2441 0.2063 -0.9476
vn -0.2078 0.1982 -0.9579
vn -0.2063 0.1893 -0.9600
vn -0.1698 0.1911 -0.9668
vn -0.1352 0.1996 -0.9705
vn -0.1436 0.1836 -0.9725
vn -0.1065 0.2076 -0.9724
vn -0.1065 0.1782 -0.9782
vn -0.0746 0.1646 -0.9835
vn -0.0996 0.1704 -0.9803
vn 0.0430 0.9822 0.1827
vn 0.0649 0.9722 0.2252
vn 0.1110 0.9728 0.2032
vn 0.0773 0.9209 0.3819
vn 0.1364 0.8971 0.4203
vn 0.1371 0.9210 0.3647
vn 0.0825 0.9840 0.1579
vn 0.3414 0.8764 0.3396
vn 0.3724 0.8798 0.2953
vn 0.0825 0.9840 -0.1579
vn 0.1037 0.9888 -0.1074
vn 0.1503 0.9742 -0.1683
vn 0.0885 0.8959 0.4353
vn 0.2976 0.8738 0.3846
vn 0.2903 0.8811 -0.3734
vn 0.2949 0.8978 -0.3271
vn 0.3491 0.8677 -0.3539
vn 0.0379 0.9616 0.2717
vn 0.0356 0.9060 0.4218
vn 0.0367 0.8834 0.4672
vn 0.0358 0.9922 -0.1198
vn 0.0371 0.9969 -0.0699
vn 0.2332 0.9723 -0.0168
vn 0.2581 0.9652 0.0425
vn 0.2817 0.9595 -0.0064
vn 0.2602 0.9418 0.2127
vn 0.3208 0.9207 0.2220
vn 0.3018 0.9397 0.1610
vn 0.4660 0.8842 -0.0321
vn 0.5079 0.8614 0.0013
vn 0.5088 0.8594 -0.0497
vn 0.4421 0.8665 0.2315
vn 0.4155 0.8643 0.2834
vn 0.1101 0.9727 -0.2042
vn 0.1618 0.9591 -0.2321
vn 0.1503 0.9742 0.1683
vn 0.1032 0.9890 0.1060
vn 0.1565 0.9412 0.2995
vn 0.2247 0.9192 0.3234
vn 0.2196 0.9365 0.2733
vn 0.2634 0.8638 0.4295
vn 0.2269 0.9183 -0.3245
vn 0.2739 0.9230 -0.2702
vn 0.2499 0.9662 -0.0638
vn 0.3145 0.9476 -0.0571
vn 0.2074 0.9773 0.0435
vn 0.4106 0.8908 -0.1947
vn 0.4582 0.8750 -0.1563
vn 0.4635 0.8590 -0.2173
vn 0.1490 0.9874 0.0525
vn 0.1747 0.9776 0.1178
vn 0.2195 0.9365 -0.2733
vn 0.3734 0.9138 -0.1600
vn 0.4210 0.8978 -0.1297
vn 0.2093 0.9510 -0.2277
vn 0.4663 0.8677 0.1720
vn 0.1973 0.8688 0.4541
vn 0.3378 0.9262 0.1671
vn 0.3470 0.9322 0.1027
vn 0.2493 0.9565 0.1512
vn 0.2088 0.9510 0.2279
vn 0.1565 0.9412 -0.2995
vn 0.4094 0.9121 0.0230
vn 0.4558 0.8894 0.0343
vn 0.1040 0.9614 -0.2548
vn 0.0433 0.9825 -0.1812
vn 0.3874 0.8905 0.2388
vn 0.1001 0.9386 0.3302
vn 0.4220 0.8720 -0.2481
vn 0.2325 0.8933 -0.3847
vn 0.3217 0.9350 -0.1491
vn 0.3776 0.9197 -0.1076
vn 0.3428 0.9347 -0.0942
vn 0.4207 0.8874 0.1883
vn 0.2835 0.9531 -0.1055
vn 0.0493 0.9729 -0.2259
vn 0.1833 0.9830 -0.0062
vn 0.2647 0.8628 -0.4307
vn 0.2809 0.8988 0.3365
vn 0.3559 0.9336 0.0426
vn 0.4074 0.9086 0.0916
vn 0.4771 0.8731 0.1000
vn 0.1825 0.9158 -0.3578
vn 0.2319 0.8928 0.3862
vn 0.4116 0.9099 -0.0525
vn 0.1618 0.9591 0.2321
vn 0.5094 0.8587 0.0564
vn 0.0860 0.9525 -0.2923
vn 0.2828 0.9536 0.1032
vn 0.4877 0.8669 -0.1030
vn 0.3233 0.9053 0.2755
vn 0.3466 0.9139 -0.2114
vn 0.1830 0.8951 -0.4066
vn 0.1370 0.9210 -0.3647
vn 0.4337 0.8904 0.1379
vn 0.0375 0.9924 0.1173
vn 0.1005 0.9386 -0.3300
vn 0.0366 0.9623 -0.2695
vn 0.1384 0.8700 0.4733
vn 0.3753 0.8949 -0.2414
vn 0.2075 0.9620 0.1776
vn 0.1983 0.8681 -0.4551
vn 0.1857 0.9809 -0.0574
vn 0.3053 0.9507 0.0542
vn 0.3725 0.9053 0.2044
vn 0.1266 0.9919 -0.0054
vn 0.0874 0.9952 0.0444
vn 0.1376 0.8976 -0.4188
vn 0.3053 0.9308 -0.2012
vn 0.4441 0.8917 -0.0873
vn 0.0382 0.9471 -0.3187
vn 0.2634 0.9515 -0.1588
vn 0.1830 0.8951 0.4067
vn 0.3715 0.9281 -0.0262
vn 0.0860 0.9525 0.2923
vn 0.0789 0.9205 -0.3828
vn 0.2250 0.9673 -0.1171
vn 0.1046 0.9611 0.2556
vn 0.0372 0.9305 -0.3644
vn 0.0341 0.9980 0.0525
vn 0.4910 0.8561 -0.1613
vn 0.1228 0.8717 -0.4744
vn 0.0862 0.8963 -0.4349
vn 0.3632 0.8832 -0.2967
vn 0.0398 0.9474 0.3175
vn 0.0865 0.8731 0.4798
vn 0.1387 0.9886 -0.0583
vn 0.0359 0.9055 -0.4228
vn 0.2738 0.9227 0.2716
vn 0.0501 0.8756 -0.4805
vn 0.3280 0.9447 -0.0045
vn 0.1722 0.9779 -0.1182
vn 0.3782 0.9127 0.1546
vn 0.3191 0.9085 -0.2699
vn 0.2246 0.9699 0.0938
vn 0.0481 0.9988 -0.0113
vn 0.1825 0.9158 0.3578
vn 0.0867 0.9952 -0.0454
vn 0.2578 0.9421 -0.2143
vn 0.2087 0.9616 -0.1784
vn 0.0362 0.8599 0.5092
vn -0.7105 0.3426 0.6147
vn -0.6802 0.3100 0.6642
vn -0.6520 0.3836 0.6540
vn -0.3239 0.3827 0.8652
vn -0.2521 0.4509 0.8562
vn -0.3188 0.4501 0.8341
vn -0.2762 0.3986 0.8746
vn -0.2598 0.2825 0.9234
vn -0.1902 0.3062 0.9328
vn -0.6868 0.5619 0.4610
vn -0.6357 0.6153 0.4661
vn -0.6681 0.6159 0.4175
vn -0.3454 0.7845 0.5150
vn -0.7355 0.3969 0.5491
vn -0.6892 0.3988 0.6049
vn -0.6984 0.4513 0.5555
vn -0.3747 0.6192 0.6900
vn -0.3517 0.5700 0.7425
vn -0.3216 0.6274 0.7092
vn -0.3458 0.5098 0.7877
vn -0.2963 0.5743 0.7631
vn -0.5627 0.7941 0.2298
vn -0.5397 0.7993 0.2643
vn -0.6433 0.6822 0.3476
vn -0.5853 0.7382 0.3354
vn -0.5901 0.7542 0.2880
vn -0.7078 0.5055 0.4935
vn -0.6704 0.5118 0.5373
vn -0.3108 0.6655 0.6786
vn -0.3741 0.6626 0.6489
vn -0.2772 0.5073 0.8160
vn -0.6948 0.6172 0.3691
vn -0.6287 0.6607 0.4101
vn -0.2623 0.3404 0.9030
vn -0.3939 0.7479 0.5343
vn -0.3511 0.7406 0.5730
vn -0.3955 0.7015 0.5928
vn -0.3468 0.7012 0.6230
vn -0.6447 0.7050 0.2956
vn -0.3073 0.3117 0.8991
vn -0.3735 0.4465 0.8131
vn -0.3777 0.7875 0.4870
vn -0.7468 0.4484 0.4911
vn -0.5996 0.7705 0.2164
vn -0.4070 0.5732 0.7112
vn -0.7247 0.5614 0.3996
vn -0.7581 0.3415 0.5556
vn -0.3977 0.5063 0.7652
vn -0.6209 0.7400 0.2586
vn -0.5725 0.8004 0.1777
vn -0.7420 0.5054 0.4405
vn -0.4130 0.6487 0.6392
vn -0.6938 0.6475 0.3152
vn -0.7458 0.3053 0.5921
vn -0.3741 0.3164 0.8717
vn -0.3693 0.3810 0.8476
vn -0.4074 0.7873 0.4627
vn -0.4365 0.7034 0.5609
vn -0.7806 0.3976 0.4823
vn -0.4091 0.3809 0.8292
vn -0.6272 0.7518 0.2034
vn -0.6566 0.7184 0.2298
vn -0.6859 0.6749 0.2723
vn -0.7405 0.5917 0.3188
vn -0.7487 0.5582 0.3576
vn -0.4301 0.7400 0.5171
vn -0.4391 0.5752 0.6901
vn -0.4614 0.5096 0.7262
vn -0.4248 0.4591 0.7803
vn -0.7919 0.2784 0.5435
vn -0.0783 0.8139 0.5757
vn -0.7840 0.4506 0.4269
vn -0.4546 0.6621 0.5958
vn -0.7920 0.3409 0.5065
vn -0.7701 0.5052 0.3896
vn -0.0621 0.7548 0.6530
vn -0.8051 0.4137 0.4250
vn -0.4520 0.6182 0.6430
vn -0.8149 0.3630 0.4518
vn -0.8227 0.2958 0.4855
vn -0.4833 0.5708 0.6638
vn -0.4504 0.3793 0.8083
vn -0.4640 0.7375 0.4906
vn -0.4378 0.7869 0.4349
vn -0.1205 0.7758 0.6193
vn -0.1002 0.7020 0.7051
vn -0.4953 0.6216 0.6069
vn -0.4729 0.4345 0.7665
vn -0.4411 0.3084 0.8428
vn -0.1074 0.7406 0.6634
vn -0.1475 0.7984 0.5838
vn -0.0855 0.6622 0.7444
vn -0.4914 0.6801 0.5440
vn -0.0574 0.5237 0.8499
vn -0.0904 0.6031 0.7926
vn -0.4563 0.7999 0.3898
vn -0.1580 0.7396 0.6543
vn -0.5165 0.5197 0.6806
vn -0.1443 0.6624 0.7351
vn -0.0348 0.4485 0.8931
vn -0.5145 0.4527 0.7283
vn -0.4959 0.3098 0.8112
vn -0.1935 0.7547 0.6269
vn -0.5314 0.5803 0.6171
vn -0.1670 0.7028 0.6915
vn -0.5056 0.3762 0.7764
vn -0.4880 0.7519 0.4433
vn -0.5287 0.6836 0.5032
vn -0.5506 0.6122 0.5676
vn -0.2148 0.7888 0.5759
vn -0.1513 0.6146 0.7742
vn -0.0878 0.4633 0.8819
vn -0.1291 0.5597 0.8186
vn -0.5597 0.4501 0.6958
vn -0.5560 0.5216 0.6472
vn -0.1362 0.5084 0.8503
vn -0.5449 0.3819 0.7465
vn -0.5150 0.7547 0.4065
vn -0.4891 0.7989 0.3500
vn -0.0811 0.3987 0.9135
vn -0.2285 0.7041 0.6723
vn -0.2023 0.6641 0.7197
vn -0.2504 0.8193 0.5158
vn -0.5471 0.3087 0.7781
vn -0.1988 0.6176 0.7609
vn -0.0734 0.3205 0.9444
vn -0.1812 0.5609 0.8078
vn -0.5469 0.7032 0.4543
vn -0.5973 0.5480 0.5856
vn -0.1419 0.4475 0.8829
vn -0.5971 0.3969 0.6971
vn -0.1229 0.3819 0.9160
vn -0.2551 0.7403 0.6220
vn -0.2005 0.5055 0.8392
vn -0.5891 0.6608 0.4651
vn -0.5932 0.6140 0.5207
vn -0.2565 0.6624 0.7039
vn -0.6050 0.4670 0.6450
vn -0.5877 0.3305 0.7385
vn -0.2694 0.7782 0.5673
vn -0.2376 0.5624 0.7920
vn -0.5444 0.7548 0.3660
vn -0.2536 0.6193 0.7431
vn -0.1855 0.4282 0.8845
vn -0.1478 0.3354 0.9304
vn -0.5319 0.7887 0.3082
vn -0.5802 0.7050 0.4080
vn -0.2868 0.7012 0.6527
vn -0.6362 0.5063 0.5822
vn -0.6410 0.5626 0.5221
vn -0.6370 0.3255 0.6988
vn -0.3049 0.7402 0.5993
vn -0.6513 0.4481 0.6123
vn -0.3084 0.7870 0.5343
vn -0.2166 0.3759 0.9010
vn -0.6073 0.7018 0.3723
vn 0.0179 0.3162 -0.9485
vn 0.0173 0.3163 -0.9485
vn 0.0178 0.3162 -0.9485
vn 0.0172 0.3163 -0.9485
vn 0.0168 -0.9999 -0.0000
vn 0.0165 -0.9999 -0.0000
vn 0.0170 -0.9999 -0.0000
vn 0.0164 0.3161 0.9486
vn 0.0091 0.3150 0.9491
vn 0.0172 0.3164 0.9485
vn 0.0083 0.3148 0.9491
vn 1.0000 -0.0000 -0.0000
vn -0.0000 -1.0000 -0.0000
vn -0.0001 -1.0000 -0.0001
vn 0.0001 -1.0000 0.0001
vn 0.0002 -1.0000 0.0002
vn 0.0002 -1.0000 -0.0002
vn -0.0008 -1.0000 -0.0016
vn -0.0030 -1.0000 0.0015
vn 0.0007 -1.0000 -0.0012
vn 0.0006 -1.0000 -0.0005
vn 0.0003 -1.0000 -0.0004
vn -0.0000 -1.0000 0.0001
vn 0.0196 -0.7945 0.6070
vn -0.0002 -1.0000 -0.0013
vn 0.0005 -1.0000 0.0020
vn 0.0002 -1.0000 0.0008
vn -0.0003 -1.0000 -0.0010
vn 0.0002 -1.0000 0.0005
vn -0.0002 -1.0000 -0.0006
vn 0.0003 -1.0000 0.0006
vn -0.0004 -1.0000 -0.0009
vn 0.0002 -1.0000 0.0003
vn -0.0002 -1.0000 -0.0004
vn 0.0003 -1.0000 0.0005
vn -0.0002 -1.0000 -0.0003
vn 0.0003 -1.0000 0.0003
vn -0.0006 -1.0000 0.0005
vn -0.0002 -1.0000 -0.0002
vn -0.0001 -1.0000 -0.0002
vn 0.0001 -1.0000 -0.0000
vn 0.0004 -1.0000 0.0002
vn 0.0005 -1.0000 -0.0000
vn -0.0003 -1.0000 -0.0003
vn 0.0003 -1.0000 0.0004
vn -0.0005 -1.0000 -0.0001
vn -0.0001 -1.0000 0.0001
vn -0.0002 -1.0000 -0.0000
vn -0.0002 -1.0000 -0.0001
vn -0.0013 -1.0000 0.0029
vn -0.0000 -1.0000 0.0004
vn -0.0001 -1.0000 0.0009
vn -0.0004 -1.0000 -0.0000
vn -0.0003 -1.0000 -0.0005
vn -0.8833 0.4070 0.2327
vn -0.8618 0.3896 0.3248
vn -0.8981 0.3651 0.2451
vn -0.9530 0.2233 0.2047
vn -0.9544 0.1837 0.2354
vn -0.9432 0.2157 0.2527
vn -0.6893 0.6841 -0.2386
vn -0.6810 0.7115 -0.1734
vn -0.7386 0.6383 -0.2172
vn -0.8869 0.0236 0.4614
vn -0.9060 0.0075 0.4232
vn -0.9005 0.0093 0.4349
vn -0.8170 0.1314 0.5615
vn -0.8284 0.1228 0.5466
vn -0.8163 0.1122 0.5666
vn -0.9348 0.0937 0.3425
vn -0.9384 0.0621 0.3398
vn -0.9162 0.0973 0.3886
vn -0.5803 0.7921 -0.1894
vn -0.5832 0.7751 -0.2430
vn -0.6276 0.7549 -0.1905
vn -0.8829 0.4608 0.0904
vn -0.8177 0.5500 0.1699
vn -0.8571 0.4731 0.2038
vn -0.8501 0.5241 0.0508
vn -0.8308 0.4013 0.3856
vn -0.8904 0.2848 0.3551
vn -0.8656 0.2685 0.4227
vn -0.6937 0.4527 -0.5602
vn -0.6850 0.4291 -0.5887
vn -0.7080 0.4297 -0.5604
vn -0.7759 0.1323 0.6169
vn -0.7435 0.1350 0.6550
vn -0.7965 0.1044 0.5956
vn -0.1572 0.6152 -0.7725
vn -0.0967 0.6482 -0.7553
vn -0.1262 0.6618 -0.7390
vn -0.5550 0.7338 -0.3917
vn -0.5712 0.7475 -0.3391
vn -0.6532 0.6538 -0.3818
vn -0.6310 0.7062 -0.3212
vn -0.8560 0.0377 0.5156
vn -0.8232 0.0519 0.5654
vn -0.8827 0.0179 0.4696
vn -0.8747 0.0182 0.4843
vn -0.8116 0.0988 0.5757
vn -0.8125 0.5666 0.1372
vn -0.8342 0.5385 0.1184
vn -0.8400 0.5098 0.1858
vn -0.0354 0.5822 -0.8123
vn 0.0008 0.5247 -0.8513
vn -0.0037 0.6113 -0.7914
vn -0.0574 0.5079 -0.8595
vn -0.7930 0.6092 0.0038
vn -0.7910 0.6022 0.1085
vn -0.4278 0.2904 -0.8559
vn -0.4420 0.2838 -0.8510
vn -0.4471 0.2980 -0.8434
vn -0.7063 0.1384 0.6943
vn -0.7759 0.1014 0.6226
vn -0.7848 0.6119 -0.0984
vn -0.8176 0.5680 -0.0941
vn -0.4890 0.8082 -0.3281
vn -0.5258 0.7828 -0.3328
vn -0.4753 0.8334 -0.2822
vn -0.5344 0.7936 -0.2908
vn -0.9349 0.1543 0.3195
vn -0.9529 0.1369 0.2707
vn -0.9421 0.1209 0.3129
vn -0.7811 0.0782 0.6195
vn -0.7538 0.0932 0.6504
vn -0.8301 0.0499 0.5554
vn -0.7948 0.0737 0.6024
vn -0.4707 0.3168 -0.8235
vn -0.4679 0.3076 -0.8285
vn -0.5001 0.3277 -0.8016
vn -0.8187 0.0672 0.5702
vn -0.7264 0.1192 0.6769
vn -0.1093 0.7159 -0.6896
vn -0.1841 0.6445 -0.7421
vn -0.1737 0.6902 -0.7025
vn -0.6703 0.7156 -0.1967
vn -0.6329 0.7624 -0.1351
vn -0.6735 0.7225 -0.1561
vn -0.9054 0.4114 -0.1054
vn -0.9018 0.3998 -0.1642
vn -0.9259 0.3722 -0.0651
vn -0.3490 0.6994 -0.6238
vn -0.3000 0.7739 -0.5577
vn -0.3557 0.7529 -0.5537
vn -0.7474 0.6640 0.0226
vn -0.7630 0.6461 -0.0186
vn -0.7794 0.6251 0.0422
vn -0.7238 0.6778 -0.1295
vn -0.8272 0.1772 0.5332
vn -0.7698 0.2601 0.5829
vn -0.7747 0.2140 0.5950
vn -0.8522 0.3494 0.3894
vn -0.8655 0.3069 0.3959
vn -0.8455 0.3139 0.4320
vn -0.5486 0.8021 -0.2360
vn -0.6819 0.7268 -0.0824
vn -0.7156 0.6862 -0.1301
vn -0.7234 0.6881 -0.0564
vn -0.6785 0.7255 -0.1154
vn -0.8045 0.3982 0.4407
vn -0.8249 0.3059 0.4754
vn -0.6337 0.7350 -0.2411
vn -0.6774 0.6611 -0.3225
vn -0.7572 0.6497 -0.0667
vn -0.0568 0.7136 -0.6982
vn -0.2949 0.7186 -0.6298
vn -0.2653 0.7836 -0.5617
vn -0.2353 0.7120 -0.6615
vn -0.1798 0.7785 -0.6013
vn -0.2349 0.7608 -0.6049
vn -0.8449 0.4360 0.3099
vn -0.8675 0.4079 0.2846
vn -0.8522 0.3979 0.3397
vn -0.8579 0.4555 0.2379
vn -0.5318 0.7822 -0.3245
vn -0.7147 0.2172 0.6648
vn -0.7951 0.1702 0.5822
vn -0.7513 0.1626 0.6397
vn -0.4644 0.7247 -0.5091
vn -0.4025 0.7943 -0.4550
vn -0.4729 0.7565 -0.4517
vn -0.3815 0.7782 -0.4988
vn -0.8641 0.0263 0.5026
vn -0.8983 0.0031 0.4394
vn -0.8069 0.4863 0.3352
vn -0.4483 0.8111 -0.3756
vn -0.4753 0.7897 -0.3879
vn -0.4470 0.8345 -0.3223
vn -0.9440 0.3292 -0.0225
vn -0.9349 0.3540 0.0262
vn -0.9449 0.3240 0.0476
vn -0.3985 0.2773 -0.8743
vn -0.4106 0.2699 -0.8709
vn -0.6242 0.7395 -0.2521
vn -0.9434 0.1712 0.2842
vn -0.9208 -0.0154 0.3897
vn -0.9076 0.0012 0.4199
vn -0.5312 0.7150 -0.4545
vn -0.4736 0.7902 -0.3889
vn -0.7050 0.1873 0.6841
vn -0.4012 0.7234 -0.5619
vn -0.7419 0.4330 -0.5120
vn -0.7327 0.4475 -0.5127
vn -0.9029 0.0122 0.4296
vn -0.9122 0.0032 0.4098
vn -0.3326 0.2240 -0.9161
vn -0.6969 0.1145 0.7080
vn -0.8280 0.1979 0.5247
vn -0.8391 0.1744 0.5152
vn -0.8257 0.1738 0.5367
vn -0.7647 0.0796 0.6394
vn -0.4355 0.7983 -0.4160
vn -0.4047 0.8404 -0.3606
vn -0.7196 0.2673 0.6408
vn -0.8372 0.4922 0.2383
vn -0.6074 0.7710 -0.1915
vn -0.9409 -0.0085 0.3385
vn -0.9261 -0.0067 0.3772
vn -0.9305 0.0038 0.3663
vn -0.7475 0.6576 0.0942
vn -0.7571 0.4592 -0.4647
vn -0.7744 0.4328 -0.4615
vn -0.7825 0.4468 -0.4338
vn -0.8294 0.0473 0.5566
vn -0.0680 0.6196 -0.7820
vn -0.0203 0.7038 -0.7101
vn -0.8173 0.4395 -0.3727
vn -0.7988 0.4624 -0.3848
vn -0.5282 0.3481 -0.7745
vn -0.5368 0.3500 -0.7677
vn -0.9194 -0.0022 0.3934
vn -0.9128 0.0098 0.4082
vn -0.7657 0.3421 0.5446
vn -0.7985 0.2803 0.5327
vn -0.8365 0.1577 0.5248
vn -0.8258 0.1531 0.5427
vn 0.0015 0.6544 -0.7561
vn -0.5649 0.3705 -0.7374
vn -0.5701 0.3743 -0.7314
vn -0.0964 0.7662 -0.6354
vn -0.1817 0.7275 -0.6616
vn -0.7159 0.6977 -0.0271
vn -0.5820 0.7550 -0.3021
vn -0.3588 0.2287 -0.9050
vn -0.7809 0.4280 0.4550
vn -0.6587 0.7445 -0.1092
vn -0.6600 0.1695 0.7319
vn -0.8886 0.0186 0.4583
vn -0.8932 0.0071 0.4496
vn -0.8745 0.0144 0.4849
vn -0.7193 0.3218 0.6157
vn -0.3854 0.2470 -0.8891
vn -0.4672 0.8244 -0.3196
vn -0.9435 0.0383 0.3291
vn -0.9220 0.0688 0.3810
vn -0.9224 0.0466 0.3834
vn -0.9397 0.0223 0.3413
vn -0.9237 0.0260 0.3821
vn -0.8500 0.2881 0.4410
vn -0.8627 0.2751 0.4244
vn -0.8546 0.2535 0.4532
vn -0.6730 0.1151 0.7306
vn -0.7876 0.5429 0.2915
vn -0.9206 0.3742 -0.1118
vn -0.6648 0.1422 0.7333
vn -0.6020 0.4011 -0.6904
vn -0.6013 0.3861 -0.6996
vn -0.6280 0.3991 -0.6681
vn -0.8058 0.5890 0.0609
vn -0.5614 0.7978 -0.2199
vn -0.7645 0.6149 0.1935
vn -0.7485 0.4172 0.5154
vn -0.9575 0.2479 0.1477
vn -0.9623 0.2062 0.1772
vn -0.2507 0.8378 -0.4850
vn -0.3636 0.8313 -0.4204
vn -0.8628 0.3649 0.3499
vn -0.0983 0.8017 -0.5896
vn -0.2908 0.8281 -0.4792
vn -0.8773 0.4322 -0.2085
vn -0.8811 0.4075 -0.2399
vn -0.8303 0.1377 0.5401
vn -0.2213 0.8216 -0.5253
vn -0.7776 0.0734 0.6245
vn -0.8493 0.4425 -0.2879
vn -0.1912 0.8163 -0.5450
vn -0.4953 0.3251 -0.8056
vn -0.8287 0.0956 0.5515
vn -0.6834 0.7275 0.0613
vn -0.6314 0.1711 0.7564
vn -0.9126 0.0229 0.4083
vn -0.9267 0.0002 0.3758
vn -0.9565 0.2877 0.0472
vn -0.9505 0.2882 0.1161
vn -0.8857 0.0115 0.4641
vn -0.9609 0.1559 0.2287
vn -0.8018 0.5975 0.0007
vn -0.8480 0.4215 -0.3213
vn -0.8370 0.2046 0.5076
vn -0.8337 0.1090 0.5413
vn -0.7466 0.5073 0.4305
vn -0.3827 0.8472 -0.3685
vn -0.6534 0.2832 0.7020
vn -0.4235 0.7779 -0.4642
vn -0.6528 0.7566 -0.0382
vn -0.7528 0.6498 -0.1052
vn -0.5415 0.8070 -0.2357
vn -0.6800 0.1182 0.7236
vn -0.9511 0.0601 0.3029
vn -0.9476 0.0968 0.3044
vn -0.5229 0.7624 -0.3812
vn -0.7029 0.4444 0.5554
vn -0.6337 0.1541 0.7580
vn -0.6480 0.2345 0.7246
vn -0.6931 0.3682 0.6197
vn -0.6081 0.2150 0.7642
vn -0.5975 0.7944 -0.1090
vn -0.7419 0.5788 0.3385
vn -0.7277 0.6369 0.2548
vn -0.8607 0.4851 0.1547
vn -0.7073 0.6755 0.2083
vn -0.8674 0.0048 0.4977
vn -0.6518 0.3320 0.6819
vn -0.0112 0.7703 -0.6376
vn -0.8719 0.3369 0.3554
vn -0.2927 0.8632 -0.4113
vn -0.6533 0.7113 -0.2594
vn -0.5033 0.8444 -0.1836
vn -0.5748 0.7364 -0.3568
vn -0.9009 0.0086 0.4339
vn -0.7307 0.0963 0.6758
vn -0.1639 0.8323 -0.5296
vn -0.3963 0.8633 -0.3124
vn -0.5770 0.2542 0.7762
vn -0.6990 0.5800 0.4184
vn -0.6655 0.4334 0.6077
vn -0.4631 0.7559 -0.4628
vn -0.3590 0.2454 -0.9005
vn -0.6347 0.7719 0.0366
vn -0.9275 -0.0116 0.3737
vn -0.4736 0.8550 -0.2114
vn -0.8338 0.5506 0.0398
vn -0.5783 0.2092 0.7885
vn -0.5873 0.8086 -0.0342
vn -0.5583 0.1946 0.8065
vn -0.9358 0.0076 0.3524
vn -0.6702 0.5249 0.5247
vn -0.7092 0.6767 -0.1977
vn -0.5579 0.3173 0.7668
vn -0.1034 0.8367 -0.5378
vn -0.6910 0.6390 0.3381
vn -0.6496 0.7367 0.1881
vn -0.6500 0.1237 0.7498
vn -0.6818 0.1146 0.7225
vn -0.6302 0.7083 -0.3181
vn -0.5032 0.7422 -0.4426
vn -0.5740 0.1632 0.8025
vn -0.1622 0.8811 -0.4443
vn -0.5143 0.8509 -0.1068
vn -0.6213 0.3779 0.6865
vn -0.8118 0.0393 0.5826
vn -0.4338 0.8822 -0.1832
vn -0.2046 0.8931 -0.4005
vn -0.8654 0.0166 0.5008
vn -0.5232 0.2590 0.8119
vn -0.5980 0.7970 0.0845
vn -0.5576 0.1755 0.8113
vn -0.6268 0.4731 0.6191
vn -0.5805 0.3617 0.7295
vn -0.8515 0.1889 0.4892
vn -0.0105 0.8232 -0.5677
vn -0.2437 0.8813 -0.4049
vn -0.7914 0.6090 -0.0541
vn -0.3526 0.8903 -0.2881
vn -0.6373 0.6567 0.4032
vn -0.6818 0.6809 -0.2676
vn -0.1057 0.8769 -0.4688
vn -0.7705 0.0649 0.6342
vn -0.5153 0.2399 0.8228
vn -0.7464 0.6475 -0.1539
vn -0.5486 0.8358 0.0193
vn -0.8429 0.2363 0.4834
vn -0.8619 0.2246 0.4546
vn -0.8467 0.2157 0.4864
vn -0.5650 0.1608 0.8093
vn -0.9637 0.2454 0.1055
vn -0.5850 0.4395 0.6816
vn -0.6390 0.4110 -0.6502
vn -0.6597 0.4157 -0.6261
vn -0.8249 0.0807 0.5594
vn -0.2937 0.8935 -0.3397
vn -0.6492 0.5653 0.5088
vn -0.8025 0.4278 -0.4160
vn -0.4844 0.2124 0.8487
vn -0.6260 0.7128 0.3163
vn -0.9589 0.1115 0.2609
vn -0.4278 0.7449 -0.5120
vn -0.9378 -0.0108 0.3469
vn -0.5092 0.8605 -0.0112
vn -0.9257 -0.0027 0.3783
vn -0.5865 0.7941 0.1594
vn -0.5183 0.3803 0.7659
vn -0.3872 0.9001 -0.1998
vn -0.3035 0.2176 -0.9276
vn -0.8816 0.3568 0.3089
vn -0.8443 0.1419 0.5167
vn -0.5821 0.5412 0.6068
vn -0.4900 0.3101 0.8147
vn -0.7095 0.0596 0.7022
vn -0.9342 0.3456 -0.0885
vn -0.8775 0.2589 0.4036
vn -0.9353 -0.0178 0.3534
vn -0.9416 0.0384 0.3344
vn -0.5372 0.8380 0.0956
vn -0.5847 0.7170 0.3796
vn -0.5870 0.6214 0.5189
vn -0.8611 0.4994 0.0954
vn -0.4566 0.2512 0.8535
vn -0.0409 0.8543 -0.5182
vn -0.5564 0.7168 -0.4202
vn -0.2898 0.9172 -0.2734
vn -0.8821 0.3981 0.2517
vn -0.4767 0.2103 0.8535
vn -0.8262 0.4204 -0.3750
vn -0.4798 0.4065 0.7775
vn -0.5407 0.4975 0.6784
vn -0.4898 0.8719 -0.0011
vn -0.4471 0.2971 0.8437
vn -0.9560 0.0846 0.2810
vn -0.6087 0.7003 -0.3729
vn -0.4241 0.9006 -0.0950
vn -0.5612 0.6592 0.5005
vn -0.9140 0.0030 0.4058
vn -0.8764 0.4407 0.1944
vn -0.5116 0.8016 0.3093
vn -0.4970 0.4431 0.7461
vn -0.6724 0.0866 0.7352
vn -0.6016 0.1532 0.7840
vn -0.2329 0.9222 -0.3088
vn -0.1555 0.9243 -0.3487
vn -0.4952 0.1749 0.8510
vn -0.5508 0.8200 0.1559
vn -0.7415 0.6400 -0.2013
vn -0.0858 0.9053 -0.4161
vn -0.5242 0.6080 0.5963
vn -0.3343 0.9272 -0.1688
vn -0.5013 0.8531 0.1446
vn -0.8188 0.0160 0.5738
vn -0.7231 0.4275 -0.5425
vn -0.6717 0.4223 -0.6087
vn -0.5267 0.7632 0.3744
vn -0.4524 0.7081 -0.5422
vn -0.4903 0.5535 0.6732
vn -0.7597 0.0298 0.6496
vn -0.4316 0.9003 0.0557
vn -0.4047 0.2325 0.8844
vn -0.4189 0.3941 0.8181
vn -0.8440 0.1238 0.5219
vn -0.4962 0.8367 0.2316
vn -0.9529 0.0120 0.3030
vn -0.7851 0.6076 -0.1205
vn -0.9658 0.1758 0.1903
vn -0.9543 0.0362 0.2967
vn -0.4145 0.9100 -0.0023
vn -0.6074 0.1098 0.7868
vn -0.4898 0.7022 -0.5167
vn -0.4509 0.8842 0.1217
vn -0.9464 -0.0071 0.3228
vn -0.4040 0.2711 0.8737
vn -0.8732 0.4023 -0.2751
vn -0.4979 0.7313 0.4662
vn -0.2420 0.9366 -0.2535
vn -0.4492 0.5059 0.7364
vn -0.4100 0.3595 0.8382
vn -0.8968 0.3859 -0.2166
vn -0.4293 0.2010 0.8805
vn -0.8850 0.2991 0.3568
vn -0.1196 0.9294 -0.3492
vn -0.9171 0.3683 -0.1528
vn -0.4160 0.4737 0.7762
vn -0.4180 0.7131 -0.5629
vn -0.3674 0.9300 0.0106
vn -0.3559 0.3050 0.8834
vn -0.8550 0.1657 0.4915
vn -0.4582 0.6814 0.5707
vn -0.3393 0.9372 -0.0811
vn -0.8233 0.5666 -0.0335
vn -0.2925 0.9417 -0.1660
vn -0.4649 0.1985 0.8628
vn -0.5532 0.1275 0.8232
vn -0.5336 0.6951 -0.4818
vn -0.3523 0.2645 0.8977
vn -0.4300 0.6130 0.6628
vn 0.0089 0.8604 -0.5095
vn -0.3737 0.2151 0.9023
vn -0.9366 -0.0264 0.3493
vn -0.7065 0.6524 -0.2742
vn -0.7516 0.4361 -0.4949
vn -0.4355 0.7164 0.5451
vn -0.4524 0.8083 0.3768
vn -0.1714 0.9542 -0.2452
vn -0.2048 0.9517 -0.2287
vn -0.3731 0.2613 -0.8902
vn -0.3758 0.3379 0.8629
vn -0.9565 0.0668 0.2840
vn -0.3949 0.5577 0.7301
vn -0.2603 0.9562 -0.1338
vn -0.0271 0.9156 -0.4012
vn -0.4217 0.8784 0.2248
vn -0.3313 0.2396 0.9126
vn -0.7648 0.0097 0.6442
vn -0.6723 0.6626 -0.3302
vn -0.8668 0.1974 0.4580
vn -0.4772 0.1473 0.8664
vn -0.0029 0.8886 -0.4587
vn -0.2721 0.2099 -0.9391
vn -0.3566 0.9240 0.1378
vn -0.3664 0.4993 0.7851
vn -0.4315 0.3057 -0.8487
vn -0.3366 0.4878 0.8055
vn -0.3191 0.9477 0.0029
vn -0.0739 0.9494 -0.3054
vn -0.4029 0.8664 0.2951
vn -0.6391 0.6685 -0.3803
vn -0.2895 0.3619 0.8861
vn -0.5278 0.3772 -0.7610
vn -0.8390 0.0810 0.5380
vn -0.9414 -0.0278 0.3360
vn -0.4163 0.7885 0.4527
vn -0.6037 0.6792 -0.4173
vn -0.3427 0.4149 0.8429
vn -0.3199 0.3918 0.8627
vn -0.2883 0.3049 0.9077
vn -0.3639 0.6825 0.6339
vn -0.9624 0.1325 0.2371
vn -0.3599 0.7820 0.5089
vn -0.2391 0.9608 -0.1403
vn -0.2289 0.2031 -0.9520
vn -0.6370 0.0334 0.7702
vn -0.3086 0.4700 0.8270
vn -0.3386 0.6162 0.7110
vn -0.8452 0.0909 0.5267
vn -0.1242 0.9603 -0.2498
vn -0.4070 0.1707 0.8973
vn -0.2884 0.2644 0.9203
vn -0.3412 0.8723 0.3504
vn -0.0531 0.9309 -0.3615
vn -0.3461 0.7061 0.6178
vn -0.9668 0.2066 0.1506
vn -0.3199 0.9402 0.1167
vn -0.5327 0.6738 -0.5121
vn -0.3066 0.5741 0.7592
vn -0.3367 0.9142 0.2257
vn -0.4589 0.3360 -0.8225
vn -0.8631 0.5026 0.0488
vn -0.4944 0.3534 -0.7942
vn -0.2647 0.9642 0.0159
vn -0.3626 0.8566 0.3671
vn -0.8801 0.2277 0.4165
vn -0.2047 0.9721 -0.1147
vn -0.9399 -0.0063 0.3414
vn -0.5777 0.0540 0.8145
vn -0.2588 0.4461 0.8568
vn -0.3199 0.8929 0.3168
vn -0.8869 0.4429 0.1315
vn -0.2289 0.4166 0.8798
vn -0.8504 0.1074 0.5151
vn -0.3446 0.2605 -0.9019
vn -0.2525 0.9671 -0.0321
vn -0.3363 0.8314 0.4423
vn -0.6920 0.0211 0.7216
vn -0.8967 0.3228 0.3029
vn -0.2335 0.3507 0.9069
vn -0.1135 0.9740 -0.1962
vn -0.2618 0.5003 0.8253
vn -0.8176 0.5693 -0.0862
vn -0.3175 0.8108 0.4918
vn -0.3259 0.1993 0.9242
vn -0.4373 0.6636 -0.6070
vn -0.2704 0.6593 0.7016
vn -0.0911 0.9720 -0.2165
vn -0.2290 0.3034 0.9249
vn -0.9572 0.0975 0.2727
vn -0.9010 0.3573 0.2459
vn -0.2801 0.7662 0.5784
vn -0.2752 0.9537 0.1214
vn -0.2389 0.6201 0.7472
vn -0.2210 0.5830 0.7819
vn -0.5760 0.6655 -0.4746
vn -0.4842 0.0972 0.8695
vn 0.0069 0.9155 -0.4022
vn -0.6623 0.6394 -0.3905
vn -0.2399 0.2729 0.9317
vn -0.3988 0.3036 -0.8653
vn -0.2758 0.9058 0.3216
vn -0.8953 0.3990 0.1982
vn -0.2616 0.6972 0.6674
vn -0.8321 0.0659 0.5507
vn -0.1706 0.9802 -0.1003
vn -0.4748 0.6567 -0.5860
vn -0.7333 0.6207 -0.2774
vn -0.2502 0.8031 0.5407
vn -0.5934 0.4139 -0.6903
vn -0.9338 -0.0023 0.3577
vn -0.1991 0.5621 0.8028
vn -0.7762 0.5996 -0.1949
vn -0.2018 0.5034 0.8401
vn -0.6912 0.6837 0.2343
vn -0.8543 0.5197 -0.0124
vn -0.2983 0.2333 -0.9255
vn -0.2481 0.2166 0.9442
vn -0.2399 0.9486 0.2062
vn -0.5984 0.0189 0.8010
vn -0.9502 -0.0300 0.3101
vn -0.2598 0.8715 0.4160
vn -0.6224 0.7690 0.1461
vn -0.2099 0.9774 -0.0265
vn -0.1804 0.4035 0.8970
vn -0.7789 0.5261 0.3414
vn -0.2218 0.8404 0.4946
vn -0.5149 0.6447 -0.5650
vn -0.1729 0.3435 0.9231
vn -0.7992 0.4711 0.3732
vn -0.5797 0.8073 0.1104
vn -0.2258 0.9671 0.1175
vn -0.5638 0.3955 -0.7251
vn -0.6881 0.4367 -0.5795
vn -0.1889 0.4445 0.8757
vn -0.6227 0.6368 -0.4546
vn -0.7937 0.4366 -0.4236
vn -0.2065 0.7365 0.6441
vn -0.1800 0.2954 0.9383
vn -0.7297 0.6213 0.2854
vn -0.8259 0.3751 0.4210
vn -0.2238 0.9066 0.3578
vn -0.3749 0.2899 -0.8806
vn -0.0065 0.9363 -0.3510
vn -0.2065 0.9776 0.0412
vn -0.7086 0.6175 -0.3414
vn -0.1356 0.9869 -0.0878
vn -0.8723 0.1761 0.4562
vn -0.1458 0.5417 0.8279
vn -0.8439 0.0692 0.5321
vn -0.1414 0.5118 0.8474
vn -0.3775 0.1266 0.9173
vn -0.1556 0.6981 0.6989
vn -0.1922 0.2444 0.9505
vn -0.5227 0.0304 0.8520
vn -0.8324 0.3176 0.4541
vn -0.9449 -0.0331 0.3257
vn -0.9538 -0.0125 0.3001
vn -0.1795 0.7807 0.5985
vn -0.2916 0.1419 0.9459
vn -0.1845 0.9823 0.0332
vn -0.9559 0.0469 0.2898
vn -0.0237 0.9581 -0.2855
vn -0.2048 0.9304 0.3040
vn -0.8580 0.1403 0.4941
vn -0.1283 0.4519 0.8828
vn -0.8376 0.4258 -0.3423
vn -0.9387 0.3361 -0.0773
vn -0.9534 0.3018 0.0024
vn -0.4370 0.0518 0.8980
vn -0.0452 0.9809 -0.1892
vn -0.8303 0.2427 0.5017
vn -0.1204 0.6715 0.7312
vn -0.7261 0.6399 0.2518
vn -0.1311 0.6067 0.7840
vn -0.1135 0.6501 0.7514
vn -0.1659 0.8902 0.4244
vn -0.1251 0.3909 0.9119
vn -0.1529 0.8745 0.4604
vn -0.1882 0.9761 0.1082
vn -0.4731 0.6223 -0.6237
vn -0.9041 0.2796 0.3231
vn -0.8093 0.5707 -0.1389
vn -0.9617 0.2421 0.1287
vn -0.5496 0.6247 -0.5548
vn -0.1482 0.8156 0.5593
vn -0.1279 0.3268 0.9364
vn -0.6664 0.7272 0.1650
vn -0.1089 0.5168 0.8492
vn -0.1030 0.5868 0.8032
vn -0.1038 0.7537 0.6489
vn -0.1570 0.9872 0.0286
vn -0.0994 0.9914 -0.0856
vn -0.8188 0.4226 0.3886
vn -0.5045 0.8633 -0.0083
vn -0.1334 0.2711 0.9533
vn -0.1680 0.9461 0.2769
vn -0.7631 0.5944 -0.2535
vn -0.0669 0.5076 0.8590
vn -0.1801 0.9658 0.1864
vn -0.9545 0.0228 0.2972
vn -0.3669 0.0774 0.9270
vn -0.5361 0.8440 0.0185
vn -0.6544 0.6121 -0.4440
vn -0.0531 0.6796 0.7317
vn -0.2584 0.2329 -0.9376
vn -0.0909 0.4351 0.8958
vn -0.1449 0.9158 0.3747
vn -0.5008 0.0208 0.8653
vn -0.9475 -0.0165 0.3194
vn -0.8501 0.5223 -0.0672
vn -0.4170 0.3530 -0.8376
vn -0.0450 0.5607 0.8268
vn -0.8096 0.1944 0.5539
vn -0.2099 0.1664 0.9635
vn -0.3140 0.2609 -0.9129
vn -0.0470 0.4763 0.8780
vn -0.9499 -0.0430 0.3095
vn -0.0467 0.6307 0.7746
vn -0.1578 0.9807 0.1153
vn -0.5752 0.6097 -0.5454
vn -0.5938 0.6213 -0.5112
vn -0.0954 0.7954 0.5985
vn -0.0805 0.3638 0.9280
vn -0.1008 0.8518 0.5140
vn -0.8812 0.4710 0.0404
vn -0.1569 0.2090 0.9652
vn -0.1377 0.9901 0.0258
vn -0.8539 0.0874 0.5131
vn -0.9628 0.1671 0.2123
vn -0.0463 0.7227 0.6896
vn -0.7006 0.5994 -0.3873
vn -0.0596 0.9948 -0.0828
vn -0.0988 0.3062 0.9468
vn -0.0414 0.3945 0.9180
vn -0.4039 0.3265 -0.8546
vn -0.1146 0.9463 0.3022
vn -0.7771 0.5536 0.2995
vn -0.8760 0.1477 0.4591
vn -0.1262 0.9633 0.2369
vn -0.4009 0.0204 0.9159
vn -0.0256 0.5710 0.8205
vn -0.8982 0.2474 0.3632
vn -0.8898 0.2029 0.4087
vn -0.9604 0.2638 0.0898
vn -0.1420 0.9747 0.1725
vn -0.7551 0.5965 0.2721
vn -0.8654 0.1158 0.4875
vn -0.0845 0.8984 0.4310
vn -0.0389 0.6800 0.7322
vn -0.8006 0.5669 -0.1941
vn -0.5226 0.5963 -0.6094
vn -0.8704 0.4133 -0.2676
vn -0.0431 0.8428 0.5364
vn -0.5679 0.8217 0.0477
vn -0.0372 0.7696 0.6374
vn -0.6968 0.6885 0.2011
vn -0.1286 0.9842 0.1214
vn -0.0496 0.5121 0.8575
vn -0.0619 0.3258 0.9434
vn -0.4583 0.5932 -0.6618
vn -0.8352 0.2772 0.4750
vn -0.0905 0.9156 0.3917
vn -0.0307 0.4314 0.9016
vn -0.2673 0.0997 0.9584
vn -0.3507 0.0273 0.9361
vn -0.0955 0.9270 0.3628
vn -0.1025 0.9939 0.0413
vn -0.0462 0.8824 0.4681
vn -0.0940 0.2230 0.9703
vn -0.0276 0.8141 0.5801
vn -0.4428 0.3641 -0.8194
vn -0.4621 0.3883 -0.7973
vn -0.0763 0.9971 0.0066
vn -0.1418 0.1857 0.9723
vn -0.6384 0.4492 -0.6251
vn -0.7525 0.5835 -0.3055
vn -0.6377 0.5915 -0.4934
vn -0.6084 0.7909 0.0655
vn -0.1089 0.9871 0.1175
vn -0.0288 0.3500 0.9363
vn -0.0494 0.8241 0.5642
vn -0.0922 0.9745 0.2047
vn -0.1902 0.1128 0.9752
vn -0.3571 0.3083 -0.8817
vn -0.8539 0.0759 0.5148
vn -0.5170 0.4175 -0.7473
vn -0.0515 0.2786 0.9590
vn -0.1037 0.9806 0.1663
vn -0.3089 0.0168 0.9510
vn -0.2615 0.0451 0.9642
vn -0.0315 0.9205 0.3894
vn -0.0707 0.9666 0.2465
vn -0.0237 0.3104 0.9503
vn -0.1323 0.1393 0.9814
vn -0.5466 0.5838 -0.6003
vn -0.6876 0.5847 -0.4305
vn -0.0554 0.9468 0.3171
vn -0.7337 0.6433 0.2187
vn -0.0089 0.9805 -0.1963
vn -0.5925 0.4377 -0.6763
vn -0.9551 0.0013 0.2963
vn -0.0749 0.9903 0.1171
vn -0.1846 0.0656 0.9806
vn -0.5519 0.4284 -0.7155
vn -0.0367 0.2393 0.9703
vn -0.8424 0.5254 -0.1198
vn -0.0554 0.9972 0.0502
vn -0.5087 0.5598 -0.6541
vn -0.0827 0.9838 0.1591
vn -0.0249 0.9040 0.4267
vn -0.0821 0.1656 0.9828
vn -0.0589 0.9762 0.2089
vn -0.5486 0.8352 -0.0379
vn -0.3253 0.2971 -0.8977
vn -0.2290 0.0219 0.9732
vn -0.0316 0.9986 -0.0436
vn -0.5675 0.8233 -0.0033
vn -0.0268 0.9331 0.3587
vn -0.1263 0.0925 0.9877
vn -0.9631 0.1996 0.1804
vn -0.6013 0.5612 -0.5688
vn -0.2993 0.2737 -0.9140
vn -0.8920 0.1622 0.4219
vn -0.7999 0.1745 0.5743
vn -0.0281 0.9685 0.2475
vn -0.0181 0.9500 0.3116
vn -0.0254 0.2703 0.9624
vn -0.9022 0.4214 0.0925
vn -0.6502 0.7566 0.0692
vn -0.6274 0.5705 -0.5300
vn -0.1470 0.0405 0.9883
vn -0.0315 0.1885 0.9816
vn -0.9130 0.3152 0.2590
vn -0.5026 0.8625 -0.0590
vn -0.8367 0.3163 0.4470
vn -0.4271 0.5473 -0.7197
vn -0.4476 0.5691 -0.6898
vn -0.0350 0.9565 0.2897
vn 0.0022 0.9958 -0.0917
vn -0.1804 0.1935 -0.9644
vn -0.8118 0.4796 0.3331
vn -0.0719 0.1186 0.9903
vn -0.0583 0.9799 0.1910
vn -0.6801 0.5678 -0.4638
vn -0.9510 -0.0436 0.3060
vn -0.1754 0.0092 0.9845
vn -0.9089 0.3842 0.1622
vn -0.7409 0.5706 -0.3544
vn -0.4848 0.5428 -0.6858
vn -0.0911 0.0574 0.9942
vn -0.7978 0.5164 0.3112
vn -0.8840 0.1261 0.4502
vn -0.0293 0.9777 0.2079
vn -0.3551 0.3389 -0.8712
vn -0.0417 -0.0031 0.9991
vn -0.0301 0.9731 0.2284
vn -0.0213 0.1377 0.9902
vn -0.0442 0.0718 0.9964
vn -0.8467 0.0551 0.5291
vn -0.0578 0.9871 0.1492
vn -0.8392 0.3552 0.4118
vn -0.0079 1.0000 -0.0027
vn -0.6676 0.7372 0.1042
vn -0.0419 0.9926 0.1135
vn -0.5530 0.5402 -0.6344
vn -0.4734 0.4166 -0.7761
vn -0.8672 0.0846 0.4906
vn -0.0481 0.0275 0.9985
vn -0.7153 0.6785 0.1674
vn -0.7910 0.5569 -0.2533
vn -0.0374 0.9800 0.1953
vn -0.7050 0.4582 -0.5414
vn -0.0277 0.9796 0.1990
vn -0.4445 0.8844 -0.1426
vn -0.9527 -0.0294 0.3026
vn -0.0165 0.9963 0.0846
vn -0.0191 0.0034 0.9998
vn -0.0147 0.9833 0.1816
vn -0.8196 0.5409 -0.1887
vn -0.8217 0.4394 0.3630
vn -0.0263 0.9843 0.1746
vn -0.9124 0.2298 0.3386
vn -0.2631 0.2608 -0.9288
vn -0.0147 0.9912 0.1318
vn -0.0164 0.9824 0.1862
vn -0.9513 -0.0207 0.3077
vn -0.9178 0.3753 -0.1294
vn -0.8957 0.3970 -0.2005
vn -0.6039 0.7971 0.0022
vn -0.9560 0.1337 0.2610
vn -0.7713 0.5859 0.2487
vn -0.9497 -0.0052 0.3131
vn -0.5909 0.5308 -0.6075
vn -0.6687 0.5446 -0.5063
vn -0.9222 0.3282 0.2046
vn -0.9381 0.3413 -0.0586
vn -0.8833 0.4673 -0.0377
vn -0.1273 0.1950 -0.9725
vn -0.7264 0.5477 -0.4152
vn -0.4559 0.5129 -0.7274
vn -0.4024 0.3957 -0.8255
vn -0.4893 0.8662 -0.1010
vn -0.8983 0.4386 0.0271
vn -0.6657 0.4707 -0.5790
vn -0.8304 0.2297 0.5076
vn -0.5344 0.5091 -0.6748
vn -0.5314 0.8427 -0.0859
vn -0.4799 0.4487 -0.7539
vn -0.3534 0.3717 -0.8585
vn -0.2077 0.2280 -0.9512
vn -0.8361 0.4005 0.3749
vn -0.7802 0.5472 -0.3032
vn -0.7069 0.6971 0.1194
vn -0.8501 0.0433 0.5249
vn -0.8604 0.0582 0.5063
vn -0.8027 0.1594 0.5746
vn -0.9389 0.0632 0.3382
vn -0.3131 0.3459 -0.8845
vn -0.2863 0.3250 -0.9013
vn -0.5522 0.4914 -0.6735
vn -0.8706 0.0622 0.4880
vn -0.5132 0.4789 -0.7122
vn -0.9517 -0.0379 0.3048
vn -0.6459 0.5383 -0.5414
vn -0.5114 0.4834 -0.7105
vn -0.4125 0.4321 -0.8020
vn -0.4228 0.4799 -0.7687
vn -0.8414 0.5109 -0.1761
vn -0.9545 -0.0094 0.2981
vn -0.4818 0.4860 -0.7292
vn -0.8169 0.4557 -0.3536
vn -0.8217 0.2124 0.5289
vn -0.6233 0.5153 -0.5881
vn -0.7364 0.4728 -0.4840
vn -0.6464 0.7629 0.0123
vn -0.9247 0.2812 0.2566
vn -0.4345 0.8804 -0.1901
vn -0.7627 0.6219 0.1776
vn -0.6382 0.4897 -0.5941
vn -0.8190 0.5193 -0.2440
vn -0.9204 0.3648 0.1405
vn -0.8125 0.1768 0.5556
vn -0.9416 0.0222 0.3360
vn -0.3499 0.4072 -0.8437
vn -0.9113 0.1887 0.3659
vn -0.2554 0.2958 -0.9205
vn -0.4901 0.8601 -0.1417
vn -0.8756 0.0932 0.4740
vn -0.7670 0.5338 -0.3561
vn -0.9403 0.0034 0.3403
vn -0.9138 0.1619 0.3724
vn -0.8676 0.4817 -0.1233
vn -0.9537 0.1809 0.2402
vn -0.2297 0.2659 -0.9362
vn -0.9344 0.0420 0.3536
vn -0.8934 0.1022 0.4375
vn -0.6005 0.7983 -0.0453
vn -0.4307 0.4581 -0.7776
vn -0.2953 0.3774 -0.8777
vn -0.7086 0.5230 -0.4737
vn -0.5546 0.4637 -0.6910
vn -0.5776 0.4833 -0.6579
vn -0.7711 0.4786 -0.4200
vn -0.4736 0.4896 -0.7321
vn -0.6929 0.7174 0.0727
vn -0.9304 0.1017 0.3523
vn -0.9342 0.0683 0.3500
vn -0.4974 0.4523 -0.7403
vn -0.1573 0.2277 -0.9609
vn -0.8350 0.2515 0.4895
vn -0.8189 0.1901 0.5415
vn -0.9531 0.2250 0.2023
vn -0.7970 0.1393 0.5877
vn -0.8081 0.5256 0.2658
vn -0.4498 0.4497 -0.7716
vn -0.9425 -0.0110 0.3339
vn -0.9131 0.4034 0.0596
vn -0.6056 0.4787 -0.6357
vn -0.8550 0.4399 -0.2747
vn -0.5849 0.5176 -0.6245
vn -0.6599 0.5022 -0.5588
vn -0.4024 0.8847 -0.2355
vn -0.9074 0.1250 0.4013
vn -0.8075 0.5109 -0.2950
vn -0.8400 0.2740 0.4684
vn -0.2410 0.3390 -0.9094
vn -0.9382 0.1363 0.3180
vn -0.7876 0.5739 0.2244
vn -0.7449 0.6529 0.1375
vn -0.9303 0.2514 0.2671
vn -0.5667 0.8198 -0.0824
vn -0.8672 0.0410 0.4963
vn -0.4012 0.4720 -0.7850
vn -0.7470 0.5160 -0.4193
vn -0.5230 0.8412 -0.1372
vn -0.3482 0.4485 -0.8232
vn -0.2995 0.4214 -0.8560
vn -0.6915 0.5031 -0.5183
vn -0.1968 0.2814 -0.9392
vn -0.5282 0.4369 -0.7281
vn -0.6829 0.5030 -0.5298
vn -0.6880 0.7253 0.0249
vn -0.9476 0.3147 0.0548
vn -0.8951 0.4408 -0.0669
vn -0.9186 0.0597 0.3906
vn -0.9295 0.2007 0.3093
vn -0.4189 0.3983 -0.8160
vn -0.8284 0.4818 0.2856
vn -0.6382 0.7687 -0.0434
vn -0.7264 0.5125 -0.4579
vn -0.8858 0.0629 0.4598
vn -0.4814 0.4130 -0.7731
vn -0.4358 0.5053 -0.7448
vn -0.9171 0.0146 0.3985
vn -0.4817 0.8559 -0.1882
vn -0.8474 0.4867 -0.2122
vn -0.8765 0.0421 0.4796
vn -0.7257 0.6841 0.0731
vn -0.7918 0.5010 -0.3493
vn -0.8325 0.4417 0.3344
vn -0.8157 0.1634 0.5549
vn -0.5468 0.5382 -0.6413
vn -0.9509 -0.0432 0.3065
vn -0.9149 0.4037 0.0033
vn -0.2370 0.3784 -0.8948
vn -0.9272 0.3668 0.0758
vn -0.6755 0.4813 -0.5586
vn -0.9361 0.3302 0.1214
vn -0.0816 0.1882 -0.9787
vn -0.9374 0.2957 0.1838
vn -0.3499 0.4822 -0.8031
vn -0.8826 0.4320 -0.1851
vn -0.4661 0.5424 -0.6990
vn -0.4370 0.8672 -0.2387
vn -0.5557 0.8203 -0.1355
vn -0.2659 0.4224 -0.8665
vn -0.1810 0.3312 -0.9260
vn -0.4516 0.4009 -0.7971
vn -0.8999 0.0860 0.4274
vn -0.6430 0.4670 -0.6070
vn -0.9314 0.3633 -0.0214
vn -0.8575 0.0311 0.5135
vn -0.9330 0.1411 0.3309
vn -0.2963 0.4614 -0.8363
vn -0.6647 0.7460 -0.0405
vn -0.7909 0.4950 -0.3598
vn -0.3758 0.5289 -0.7609
vn -0.5108 0.3976 -0.7622
vn -0.8124 0.1448 0.5649
vn -0.9084 0.0268 0.4173
vn -0.9175 0.1345 0.3744
vn -0.5861 0.4305 -0.6864
vn -0.5957 0.7977 -0.0939
vn -0.1491 0.2895 -0.9455
vn -0.9087 0.0769 0.4103
vn -0.7322 0.4877 -0.4754
vn -0.6245 0.5626 -0.5417
vn -0.6369 0.7665 -0.0829
vn -0.2237 0.4313 -0.8740
vn -0.7579 0.6455 0.0941
vn -0.4559 0.3512 -0.8178
vn -0.9260 0.1801 0.3317
vn -0.4955 0.5539 -0.6691
vn -0.8198 0.4889 -0.2982
vn -0.1131 0.2433 -0.9633
vn -0.8943 0.0706 0.4418
vn -0.7701 0.4854 -0.4139
vn -0.0367 0.1714 -0.9845
vn -0.5612 0.4030 -0.7229
vn -0.4140 0.8617 -0.2934
vn -0.5320 0.8255 -0.1885
vn -0.9522 -0.0119 0.3052
vn -0.4232 0.3392 -0.8401
vn -0.7949 0.5797 0.1791
vn -0.9437 0.2876 0.1634
vn -0.6197 0.4391 -0.6505
vn -0.1839 0.3864 -0.9038
vn -0.4688 0.8513 -0.2354
vn -0.8661 0.4593 -0.1971
vn -0.7474 0.5330 -0.3966
vn -0.5906 0.7954 -0.1362
vn -0.8914 0.0410 0.4514
vn -0.2764 0.5183 -0.8093
vn -0.9505 -0.0013 0.3106
vn -0.4751 0.5361 -0.6977
vn -0.4895 0.5904 -0.6417
vn -0.8889 0.4380 -0.1343
vn -0.8045 0.1237 0.5810
vn -0.0719 0.2350 -0.9693
vn -0.2577 0.4859 -0.8352
vn -0.3920 0.5721 -0.7205
vn -0.9466 -0.0271 0.3213
vn -0.9026 0.4220 -0.0847
vn -0.5377 0.3820 -0.7516
vn -0.7133 0.4696 -0.5203
vn -0.8468 0.4809 -0.2271
vn -0.9433 -0.0308 0.3305
vn -0.8508 0.0196 0.5251
vn -0.8371 0.4742 -0.2727
vn -0.8837 0.0560 0.4646
vn -0.6644 0.5750 -0.4775
vn -0.9333 0.3554 0.0509
vn -0.9330 0.2080 0.2938
vn -0.4860 0.3639 -0.7946
vn -0.7163 0.6978 0.0085
vn -0.5683 0.5995 -0.5636
vn -0.9194 -0.0019 0.3934
vn -0.8919 0.1047 0.4399
vn -0.6945 0.7188 -0.0320
vn -0.9274 0.1244 0.3529
vn -0.3076 0.5338 -0.7877
vn -0.9300 0.3158 0.1880
vn -0.2181 0.4790 -0.8503
vn -0.7162 0.5626 -0.4130
vn -0.1716 0.4401 -0.8814
vn -0.1374 0.3828 -0.9135
vn -0.4501 0.6011 -0.6604
vn -0.8763 0.0271 0.4810
vn -0.6631 0.4461 -0.6010
vn -0.8175 0.5365 0.2096
vn -0.3301 0.5839 -0.7417
vn -0.0238 0.2269 -0.9736
vn -0.9451 0.2592 0.1989
vn -0.9095 0.0641 0.4108
vn -0.9319 -0.0176 0.3624
vn -0.9117 0.4109 0.0024
vn -0.8170 0.5188 -0.2515
vn 0.0101 0.1594 -0.9872
vn -0.8949 0.0271 0.4455
vn -0.0997 0.3317 -0.9381
vn -0.7489 0.5652 -0.3459
vn -0.5087 0.8265 -0.2410
vn -0.8879 0.0362 0.4586
vn -0.8191 0.4690 -0.3304
vn -0.9200 0.3907 -0.0323
vn -0.9169 0.2759 0.2883
vn -0.5139 0.3586 -0.7793
vn -0.7861 0.6074 0.1143
vn -0.9051 0.0468 0.4227
vn -0.8777 0.0767 0.4730
vn -0.5217 0.6161 -0.5902
vn -0.8796 0.1391 0.4549
vn -0.3996 0.6209 -0.6744
vn -0.2046 0.5238 -0.8269
vn -0.1231 0.4454 -0.8868
vn -0.6605 0.6138 -0.4324
vn -0.9340 -0.0228 0.3565
vn -0.8605 0.4900 -0.1397
vn -0.9104 0.2213 0.3495
vn -0.2824 0.5875 -0.7583
vn -0.0450 0.3229 -0.9454
vn -0.3333 0.6198 -0.7104
vn -0.0839 0.3914 -0.9164
vn -0.8932 0.4492 -0.0201
vn -0.6378 0.4228 -0.6438
vn -0.7713 0.5686 -0.2860
vn -0.9180 0.3621 0.1615
vn -0.2162 0.5527 -0.8048
vn -0.1583 0.5010 -0.8508
vn 0.0131 0.2071 -0.9782
vn -0.2434 0.5781 -0.7788
vn -0.8874 0.0216 0.4605
vn -0.8491 0.1220 0.5140
vn -0.9051 0.0063 0.4251
vn 0.0573 0.2415 -0.9687
vn -0.5737 0.6579 -0.4878
vn -0.8625 0.0368 0.5048
vn -0.8520 0.0581 0.5202
vn -0.8853 0.1821 0.4279
vn -0.3500 0.6448 -0.6795
vn -0.8422 0.0970 0.5303
vn -0.8235 0.5414 -0.1694
vn -0.5258 0.6709 -0.5229
vn -0.4067 0.6725 -0.6184
vn -0.8610 0.5054 -0.0570
vn -0.6209 0.6460 -0.4441
vn -0.0667 0.4517 -0.8897
vn 0.0118 0.3008 -0.9536
vn -0.9057 0.4070 0.1185
vn -0.7388 0.6059 -0.2952
vn -0.4586 0.6574 -0.5980
vn -0.0265 0.3845 -0.9227
vn -0.2306 0.6460 -0.7277
vn -0.9194 -0.0054 0.3934
vn -0.1131 0.5092 -0.8532
vn -0.1215 0.5535 -0.8239
vn -0.2730 0.6464 -0.7125
vn -0.4738 0.6826 -0.5564
vn -0.7840 0.5906 -0.1914
vn -0.8562 0.2115 0.4714
vn -0.2884 0.6835 -0.6706
vn -0.8115 0.1324 0.5692
vn -0.8160 0.0896 0.5711
vn -0.1308 0.5910 -0.7960
vn 0.0014 0.4530 -0.8915
vn 0.0276 0.4094 -0.9119
vn 0.0177 0.3645 -0.9310
vn 0.1398 -0.1656 0.9762
vn 0.1116 -0.1105 0.9876
vn 0.0868 -0.1934 0.9773
vn 0.2430 -0.2839 0.9276
vn 0.2245 -0.2335 0.9461
vn 0.1758 -0.2789 0.9441
vn 0.2804 -0.2436 0.9285
vn 0.3026 -0.1619 0.9393
vn 0.2404 -0.1815 0.9536
vn 0.3797 -0.1392 0.9146
vn 0.3318 -0.1002 0.9380
vn 0.1907 -0.0925 0.9773
vn 0.2065 -0.0425 0.9775
vn 0.1474 -0.0682 0.9867
vn 0.0509 -0.2613 0.9639
vn 0.0149 -0.2324 0.9725
vn -0.0023 -0.3055 0.9522
vn 0.4469 -0.0536 0.8930
vn 0.4689 -0.0364 0.8825
vn 0.4367 -0.0270 0.8992
vn 0.1797 -0.1473 0.9726
vn 0.1151 -0.4164 0.9019
vn 0.1405 -0.3554 0.9241
vn 0.0800 -0.3882 0.9181
vn 0.2373 -0.0632 0.9694
vn 0.3349 -0.2099 0.9186
vn 0.3956 -0.0800 0.9149
vn 0.0033 -0.5186 0.8550
vn 0.0497 -0.4484 0.8925
vn -0.0057 -0.4765 0.8792
vn 0.2927 -0.0294 0.9557
vn 0.2393 -0.3312 0.9127
vn 0.1791 -0.3334 0.9256
vn 0.4670 -0.0955 0.8791
vn 0.0618 -0.4976 0.8652
vn 0.1268 -0.2266 0.9657
vn 0.3936 -0.1849 0.9005
vn 0.4455 -0.1212 0.8870
vn 0.0703 -0.3265 0.9426
vn 0.1136 -0.4720 0.8742
vn 0.1135 -0.2788 0.9536
vn 0.1730 -0.4242 0.8889
vn 0.2381 -0.1321 0.9622
vn 0.3027 -0.0552 0.9515
vn 0.2740 -0.1017 0.9563
vn 0.0454 -0.5534 0.8317
vn 0.2110 -0.3867 0.8977
vn 0.3314 -0.2784 0.9015
vn 0.0395 -0.3633 0.9308
vn -0.0092 -0.3840 0.9233
vn 0.1803 -0.2184 0.9591
vn 0.3009 -0.3284 0.8953
vn 0.3552 -0.0364 0.9341
vn 0.3933 -0.0306 0.9189
vn 0.3895 -0.2370 0.8900
vn 0.4465 -0.1624 0.8799
vn 0.1182 -0.5245 0.8432
vn 0.1719 -0.4787 0.8610
vn 0.4756 -0.1788 0.8613
vn 0.2716 -0.3873 0.8811
vn 0.4472 -0.2125 0.8688
vn 0.1955 -0.5246 0.8286
vn 0.2250 -0.4450 0.8668
vn 0.2371 -0.5124 0.8254
vn 0.0144 -0.4187 0.9080
vn 0.3968 -0.2798 0.8742
vn 0.0703 -0.0775 0.9945
vn 0.0969 -0.0387 0.9945
vn -0.0025 -0.0199 0.9998
vn 0.0180 -0.0713 0.9973
vn 0.3587 -0.3346 0.8714
vn 0.2724 -0.4532 0.8488
vn 0.3211 -0.4073 0.8550
vn 0.4530 -0.2645 0.8513
vn 0.0026 -0.1181 0.9930
vn 0.1591 -0.0398 0.9865
vn 0.0486 -0.1632 0.9854
vn -0.0094 -0.1920 0.9814
vn 0.4829 -0.2489 0.8396
vn 0.3639 -0.3894 0.8461
vn 0.4080 -0.3430 0.8461
vn 0.4435 -0.3208 0.8369
vn 0.0487 -0.6180 0.7847
vn 0.0782 -0.5828 0.8089
vn 0.3909 -0.5880 0.7081
vn 0.4536 -0.5798 0.6769
vn 0.4138 -0.5497 0.7257
vn 0.0878 -0.6750 0.7326
vn 0.1303 -0.6796 0.7219
vn 0.1123 -0.6311 0.7675
vn 0.3445 -0.5877 0.7320
vn 0.6639 -0.6503 0.3692
vn 0.6713 -0.6050 0.4282
vn 0.6238 -0.6425 0.4451
vn 0.1256 -0.7278 0.6742
vn 0.2295 -0.8462 0.4809
vn 0.2774 -0.8187 0.5028
vn 0.2340 -0.8078 0.5410
vn 0.3174 -0.8820 0.3482
vn 0.3711 -0.8596 0.3512
vn 0.3492 -0.8474 0.4000
vn 0.6968 -0.6510 0.3011
vn 0.7407 -0.6173 0.2651
vn 0.7095 -0.6125 0.3485
vn 0.3794 -0.8922 0.2451
vn 0.4091 -0.8770 0.2519
vn 0.4180 -0.8474 0.3274
vn 0.3659 -0.8817 0.2979
vn 0.4228 -0.6323 0.6492
vn 0.5216 -0.6621 0.5381
vn 0.5559 -0.6345 0.5370
vn 0.5181 -0.6224 0.5866
vn 0.1637 -0.7755 0.6098
vn 0.1790 -0.7184 0.6722
vn 0.1832 -0.7522 0.6330
vn 0.1864 -0.8220 0.5381
vn 0.2275 -0.7738 0.5911
vn 0.2908 -0.8583 0.4229
vn 0.5664 -0.6736 0.4749
vn 0.5888 -0.6335 0.5020
vn 0.2932 -0.5145 0.8058
vn -0.0061 -0.5847 0.8112
vn 0.6286 -0.6833 0.3714
vn 0.7135 -0.6571 0.2430
vn 0.0800 -0.7350 0.6734
vn 0.0379 -0.6587 0.7514
vn 0.4801 -0.6108 0.6296
vn 0.5861 -0.6974 0.4125
vn 0.2759 -0.5714 0.7729
vn 0.3407 -0.5434 0.7672
vn 0.1031 -0.7800 0.6172
vn 0.4695 -0.6660 0.5796
vn 0.2499 -0.8778 0.4087
vn 0.3794 -0.6470 0.6614
vn 0.0422 -0.7062 0.7067
vn 0.2646 -0.9066 0.3287
vn 0.6586 -0.6921 0.2954
vn 0.3389 -0.9093 0.2417
vn -0.0032 -0.6509 0.7592
vn 0.3063 -0.9138 0.2666
vn 0.1388 -0.8118 0.5673
vn 0.5147 -0.6948 0.5024
vn 0.1564 -0.8582 0.4888
vn 0.4343 -0.6878 0.5816
vn 0.1990 -0.8691 0.4529
vn 0.6894 -0.6840 0.2383
vn 0.3064 -0.6290 0.7145
vn 0.5410 -0.7269 0.4230
vn 0.2200 -0.9177 0.3308
vn -0.0203 -0.7102 0.7037
vn 0.1842 -0.8952 0.4058
vn 0.6021 -0.7286 0.3265
vn 0.4991 -0.3145 0.8075
vn 0.5116 -0.2965 0.8065
vn 0.1106 -0.8340 0.5405
vn 0.0540 -0.7763 0.6281
vn 0.4778 -0.7163 0.5086
vn 0.0167 -0.7555 0.6549
vn 0.5505 -0.3595 0.7535
vn 0.6583 -0.7126 0.2426
vn 0.5013 -0.3595 0.7871
vn 0.2217 -0.5894 0.7768
vn 0.2620 -0.9334 0.2452
vn 0.5580 -0.3948 0.7299
vn 0.4601 -0.3753 0.8046
vn 0.0653 -0.8196 0.5692
vn 0.3910 -0.6989 0.5989
vn 0.5949 -0.4299 0.6792
vn 0.5266 -0.4182 0.7402
vn 0.0958 -0.8623 0.4972
vn 0.3446 -0.6736 0.6538
vn 0.1156 -0.8867 0.4476
vn 0.4150 -0.4021 0.8162
vn 0.0195 -0.8035 0.5949
vn 0.4791 -0.7495 0.4568
vn 0.5654 -0.7569 0.3278
vn 0.4685 -0.4230 0.7756
vn 0.1669 -0.9317 0.3225
vn 0.1220 -0.9113 0.3933
vn 0.2135 -0.9452 0.2471
vn 0.6291 -0.7370 0.2472
vn 0.0574 -0.8624 0.5030
vn 0.4231 -0.7304 0.5363
vn 0.5807 -0.4533 0.6762
vn 0.5123 -0.4638 0.7228
vn 0.1630 -0.5467 0.8213
vn 0.2423 -0.6414 0.7280
vn 0.0101 -0.8450 0.5347
vn -0.0271 -0.8063 0.5909
vn 0.5999 -0.4967 0.6272
vn 0.6226 -0.4663 0.6284
vn 0.0620 -0.9039 0.4233
vn 0.1025 -0.9387 0.3291
vn 0.5135 -0.7741 0.3702
vn 0.6019 -0.7582 0.2508
vn 0.1593 -0.9557 0.2477
vn 0.8809 -0.4088 0.2384
vn 0.8887 -0.4044 0.2159
vn 0.9068 -0.3603 0.2189
vn 0.3337 -0.7070 0.6236
vn 0.5484 -0.4896 0.6779
vn 0.2883 -0.6798 0.6744
vn 0.0094 -0.8804 0.4742
vn 0.4487 -0.4625 0.7647
vn 0.3632 -0.7333 0.5748
vn 0.1161 -0.9613 0.2500
vn 0.6452 -0.5085 0.5702
vn 0.6605 -0.4893 0.5695
vn 0.8621 -0.4439 0.2444
vn 0.0135 -0.9144 0.4046
vn 0.4189 -0.7569 0.5017
vn 0.0464 -0.9440 0.3267
vn 0.3966 -0.4416 0.8048
vn 0.5752 -0.7798 0.2471
vn -0.0175 -0.9380 0.3461
vn 0.0695 -0.9662 0.2483
vn 0.6834 -0.5246 0.5076
vn 0.7840 -0.2713 0.5583
vn -0.0117 -0.9591 0.2828
vn 0.8301 -0.4702 0.2998
vn 0.8467 -0.4448 0.2919
vn 0.7966 -0.4823 0.3646
vn 0.0178 -0.9699 0.2428
vn 0.1705 -0.6132 0.7713
vn 0.4191 -0.7833 0.4591
vn 0.2486 -0.6971 0.6724
vn 0.4672 -0.5095 0.7226
vn 0.4563 -0.7969 0.3959
vn 0.7960 -0.2840 0.5345
vn 0.3626 -0.7613 0.5376
vn 0.7545 -0.5208 0.3994
vn 0.5378 -0.7961 0.2774
vn 0.3021 -0.7323 0.6103
vn 0.6141 -0.5507 0.5653
vn 0.7038 -0.5492 0.4506
vn 0.3675 -0.4597 0.8085
vn 0.5224 -0.5195 0.6762
vn 0.4662 -0.8218 0.3277
vn 0.7982 -0.5078 0.3240
vn 0.8331 -0.4961 0.2448
vn 0.5097 -0.8176 0.2679
vn 0.5658 -0.5465 0.6174
vn 0.5362 -0.8157 0.2171
vn 0.4147 -0.4981 0.7615
vn 0.1177 -0.5778 0.8077
vn 0.1696 -0.6690 0.7236
vn 0.2087 -0.6721 0.7104
vn 0.3616 -0.7890 0.4968
vn 0.7710 -0.5490 0.3229
vn 0.6490 -0.5699 0.5040
vn 0.2418 -0.7363 0.6320
vn 0.3158 -0.7834 0.5353
vn 0.3916 -0.8181 0.4211
vn 0.3219 -0.4782 0.8171
vn 0.4904 -0.5499 0.6762
vn 0.7216 -0.5694 0.3938
vn 0.8064 -0.5369 0.2477
vn 0.5270 -0.5738 0.6269
vn 0.2819 -0.7714 0.5705
vn 0.3684 -0.5169 0.7727
vn 0.3280 -0.8215 0.4665
vn 0.7478 -0.5776 0.3275
vn 0.4743 -0.8454 0.2455
vn 0.6183 -0.6023 0.5049
vn 0.5724 -0.5915 0.5678
vn 0.7826 -0.5711 0.2477
vn 0.7650 -0.5955 0.2454
vn 0.4414 -0.8622 0.2486
vn 0.0998 -0.9927 0.0670
vn 0.0702 -0.9938 0.0860
vn 0.0280 -0.9970 0.0724
vn 0.8847 -0.4517 0.1153
vn 0.8634 -0.4924 0.1100
vn 0.8772 -0.4709 0.0938
vn 0.1331 -0.9742 0.1820
vn 0.0804 -0.9792 0.1865
vn 0.0933 -0.9813 0.1686
vn 0.8911 -0.4326 0.1373
vn 0.8693 -0.4691 0.1558
vn 0.8722 -0.4680 0.1421
vn 0.8922 -0.4236 0.1563
vn 0.8792 -0.4325 0.1998
vn 0.8745 -0.4503 0.1802
vn 0.8996 -0.3953 0.1856
vn 0.0563 -0.9972 0.0496
vn -0.0029 -0.9993 0.0369
vn 0.0333 -0.9992 0.0222
vn 0.8628 -0.4762 0.1699
vn 0.0049 -0.9983 0.0585
vn 0.8632 -0.4580 0.2125
vn 0.8739 -0.4806 0.0734
vn 0.8512 -0.5181 0.0841
vn 0.8441 -0.5317 0.0693
vn 0.8752 -0.4673 0.1251
vn 0.0002 -1.0000 0.0080
vn -0.0166 -0.9997 0.0203
vn 0.8638 -0.5014 0.0496
vn 0.0800 -0.9890 0.1245
vn 0.0601 -0.9881 0.1418
vn 0.0333 -0.9912 0.1283
vn 0.8597 -0.5104 0.0202
vn 0.8338 -0.5517 0.0191
vn 0.8456 -0.5338 0.0102
vn 0.1025 -0.9735 0.2043
vn 0.0480 -0.9781 0.2026
vn 0.8534 -0.5053 0.1282
vn 0.0101 -0.9958 0.0911
vn 0.1016 -0.9826 0.1558
vn 0.0278 -0.9872 0.1573
vn 0.8303 -0.5552 0.0476
vn 0.8601 -0.5090 0.0336
vn 0.0619 -0.9933 0.0979
vn 0.8436 -0.5270 0.1030
vn 0.0602 -0.9923 0.1082
vn 0.8497 -0.4877 0.2006
vn 0.8434 -0.5176 0.1445
vn 0.8465 -0.5072 0.1618
vn 0.0430 -0.9841 0.1722
vn 0.9993 0.0323 0.0178
vn 0.9998 0.0014 0.0177
vn 1.0000 0.0002 0.0057
vn 0.8451 -0.5009 0.1869
vn 0.8241 -0.5655 0.0319
vn 0.8137 -0.5812 0.0126
vn 0.0002 -0.9940 0.1093
vn 0.9995 -0.0267 0.0176
vn 0.0117 -0.9825 0.1861
vn -0.0173 -0.9922 0.1231
vn -0.0020 -0.9897 0.1428
vn -0.0110 -0.9851 0.1715
vn 0.8248 -0.5582 0.0904
vn 0.8333 -0.5251 0.1725
vn 0.8308 -0.5426 0.1236
vn 0.8138 -0.5776 0.0651
vn -0.0085 -0.9788 0.2047
vn 0.7960 -0.6047 0.0277
vn 0.8145 -0.5689 0.1137
vn 0.8187 -0.5527 0.1558
vn 0.8151 -0.5425 0.2033
vn 0.7822 -0.6229 0.0113
vn 0.7994 -0.5992 0.0434
vn 0.8125 -0.5666 0.1372
vn 0.8067 -0.5852 0.0825
vn 0.8083 -0.5584 0.1866
vn -0.0325 0.9976 0.0614
vn 0.0182 0.9969 0.0769
vn 0.0252 0.9980 0.0581
vn 0.0084 0.9999 0.0099
vn 0.0561 0.9983 0.0157
vn 0.0974 0.9952 0.0067
vn 0.7854 -0.6156 0.0644
vn 0.8001 -0.5913 0.1005
vn 0.0245 0.9992 0.0303
vn 0.8029 -0.5708 0.1718
vn -0.0374 0.9940 0.1027
vn 0.0394 0.9940 0.1021
vn 0.0002 0.9957 0.0923
vn 0.7699 -0.6379 0.0180
vn 0.0039 0.9930 0.1180
vn 0.7822 -0.6086 0.1330
vn 0.0578 0.9960 0.0678
vn 0.7711 -0.6351 0.0447
vn 0.7814 -0.6188 0.0803
vn 0.0788 0.9964 0.0306
vn 0.0617 0.9945 0.0847
vn -0.0132 0.9910 0.1331
vn 0.0366 0.9901 0.1353
vn -0.0124 0.9873 0.1583
vn 0.0300 0.9882 0.1500
vn -0.0052 0.9891 0.1471
vn 0.0496 0.9923 0.1134
vn 0.7860 -0.5984 0.1553
vn 0.7821 -0.6115 0.1198
vn 0.0298 0.9985 0.0456
vn 0.7598 -0.6494 0.0301
vn 0.0808 0.9956 0.0485
vn 0.7485 -0.6630 0.0105
vn 0.7703 -0.6297 0.1012
vn 0.1153 0.9932 0.0163
vn 0.7564 -0.6515 0.0581
vn 0.7614 -0.6264 0.1671
vn 0.1088 0.9915 0.0718
vn 0.7669 -0.6150 0.1833
vn 0.7793 -0.5924 0.2043
vn 0.0678 0.9877 0.1410
vn 0.1045 0.9884 0.1099
vn 0.7325 -0.6805 0.0193
vn 0.0835 0.9884 0.1269
vn 0.7531 -0.6529 0.0805
vn 0.1297 0.9910 0.0330
vn 0.7377 -0.6739 0.0393
vn 0.0930 0.9913 0.0931
vn 0.1179 0.9916 0.0527
vn 0.7496 -0.6510 0.1194
vn 0.1487 0.9870 0.0609
vn 0.7546 -0.6392 0.1484
vn 0.7347 -0.6720 0.0930
vn 0.1688 0.9855 0.0189
vn 0.1979 0.9802 0.0059
vn 0.0765 0.9877 0.1367
vn 0.7214 -0.6905 0.0520
vn 0.7421 -0.6564 0.1360
vn 0.1403 0.9857 0.0936
vn 0.1651 0.9854 0.0406
vn 0.7100 -0.7041 0.0124
vn 0.7324 -0.6726 0.1062
vn 0.7313 -0.6783 0.0723
vn 0.7465 -0.6332 0.2045
vn 0.1605 0.9837 0.0815
vn 0.1304 0.9837 0.1235
vn 0.1621 0.9807 0.1098
vn 0.7057 -0.7078 0.0328
vn 0.1941 0.9795 0.0532
vn 0.1886 0.9796 0.0688
vn 0.2213 0.9750 0.0196
vn 0.1373 0.9840 0.1132
vn 0.1079 0.9867 0.1213
vn 0.2224 0.9742 0.0389
vn 0.2023 0.9741 0.1013
vn 0.7256 -0.6632 0.1834
vn 0.6984 -0.7122 0.0707
vn 0.7125 -0.6904 0.1255
vn 0.7205 -0.6751 0.1588
vn 0.1712 0.9794 0.1072
vn 0.2140 0.9732 0.0846
vn 0.2378 0.9691 0.0652
vn 0.6759 -0.7367 0.0202
vn 0.6769 -0.7360 0.0120
vn 0.6914 -0.7141 0.1099
vn 0.2644 0.9642 0.0189
vn 0.6858 -0.7216 0.0947
vn 0.3018 0.9534 0.0055
vn 0.6787 -0.7325 0.0522
vn 0.6987 -0.7014 0.1410
vn 0.7151 -0.6689 0.2032
vn 0.2752 0.9607 0.0367
vn 0.6726 -0.7390 0.0394
vn 0.2731 0.9605 0.0531
vn 0.2565 0.9617 0.0968
vn 0.2735 0.9583 0.0827
vn 0.2288 0.9679 0.1041
vn 0.7006 -0.6925 0.1721
vn 0.2877 0.9553 0.0678
vn 0.3175 0.9480 0.0230
vn 0.6722 -0.7360 0.0811
vn 0.2650 0.9595 0.0952
vn 0.3178 0.9470 0.0471
vn 0.6827 -0.7139 0.1560
vn 0.3141 0.9450 0.0912
vn 0.3002 0.9496 0.0905
vn 0.3271 0.9423 0.0715
vn 0.6751 -0.7271 0.1245
vn 0.6835 -0.7015 0.2019
vn 0.6556 -0.7521 0.0673
vn 0.6818 -0.7071 0.1875
vn 0.3518 0.9355 0.0338
vn 0.6443 -0.7647 0.0124
vn 0.3705 0.9288 0.0130
vn 0.4015 0.9159 0.0055
vn 0.6402 -0.7675 0.0330
vn 0.3559 0.9329 0.0550
vn 0.3307 0.9403 0.0804
vn 0.3988 0.9167 0.0269
vn 0.3709 0.9247 0.0865
vn 0.3690 0.9265 0.0735
vn 0.6330 -0.7723 0.0530
vn 0.6652 -0.7268 0.1712
vn 0.6523 -0.7448 0.1407
vn 0.3860 0.9214 0.0450
vn 0.6433 -0.7578 0.1093
vn 0.3708 0.9254 0.0783
vn 0.4393 0.8982 0.0175
vn 0.6246 -0.7807 0.0208
vn 0.5844 -0.8114 0.0087
vn 0.4064 0.9118 0.0598
vn 0.6360 -0.7669 0.0851
vn 0.4252 0.9042 0.0404
vn 0.4087 0.9095 0.0762
vn 0.6243 -0.7754 0.0953
vn 0.6368 -0.7607 0.1258
vn 0.6411 -0.7499 0.1631
vn 0.3961 0.9158 0.0667
vn 0.4340 0.8977 0.0755
vn 0.4477 0.8908 0.0778
vn 0.4595 0.8857 0.0667
vn 0.4823 0.8760 0.0093
vn 0.4594 0.8867 0.0523
vn 0.6203 -0.7814 0.0682
vn 0.4743 0.8797 0.0336
vn 0.6055 -0.7948 0.0397
vn 0.4781 0.8781 0.0172
vn 0.6441 -0.7380 0.2010
vn 0.6394 -0.7468 0.1826
vn 0.5728 -0.8195 0.0176
vn 0.4524 0.8900 0.0578
vn 0.5149 0.8547 0.0658
vn 0.6256 -0.7660 0.1481
vn 0.5121 0.8575 0.0500
vn 0.5247 0.8508 0.0281
vn 0.4858 0.8720 0.0608
vn 0.5480 0.8364 0.0080
vn 0.5253 0.8486 0.0632
vn 0.5890 -0.8059 0.0605
vn 0.5548 0.8310 0.0414
vn 0.5699 0.8212 0.0285
vn 0.5924 -0.8019 0.0779
vn 0.5587 0.8273 0.0581
vn 0.6013 -0.7909 0.1138
vn 0.5892 0.8079 0.0131
vn 0.5701 -0.8200 0.0507
vn 0.5545 0.8307 0.0496
vn 0.5956 -0.7914 0.1375
vn 0.5911 0.8051 0.0490
vn 0.6331 0.7741 0.0048
vn 0.5556 -0.8308 0.0335
vn 0.5838 0.8108 0.0427
vn 0.6126 0.7897 0.0327
vn 0.6038 -0.7810 0.1596
vn 0.5966 -0.7810 0.1846
vn 0.6214 0.7816 0.0545
vn 0.5763 -0.8119 0.0930
vn 0.6489 0.7607 0.0140
vn 0.6130 -0.7631 0.2048
vn 0.6112 0.7888 0.0649
vn 0.6559 0.7543 0.0305
vn 0.6226 0.7814 0.0424
vn 0.6510 0.7576 0.0469
vn 0.6566 0.7527 0.0487
vn 0.7086 0.7056 0.0064
vn 0.6951 0.7186 0.0223
vn 0.6840 0.7280 0.0476
vn 0.5563 -0.8281 0.0700
vn 0.5648 -0.8181 0.1082
vn 0.5606 -0.8188 0.1233
vn 0.7136 0.6993 0.0433
vn 0.5760 -0.7918 0.2034
vn 0.4996 -0.8662 0.0074
vn 0.6944 0.7186 0.0372
vn 0.7368 0.6760 0.0153
vn 0.7275 0.6854 0.0307
vn 0.5666 -0.8063 0.1699
vn 0.7307 0.6811 0.0476
vn 0.7472 0.6631 0.0446
vn 0.7646 0.6440 0.0265
vn 0.5198 -0.8540 0.0223
vn 0.5603 -0.8136 0.1551
vn 0.7736 0.6336 0.0081
vn 0.7843 0.6192 0.0384
vn 0.5364 -0.8388 0.0933
vn 0.7623 0.6460 0.0403
vn 0.5247 -0.8499 0.0488
vn 0.7892 0.6128 0.0406
vn 0.8026 0.5962 0.0202
vn 0.5397 -0.8307 0.1365
vn 0.8304 0.5572 0.0056
vn 0.8181 0.5738 0.0369
vn 0.8342 0.5510 0.0225
vn 0.8301 0.5567 0.0315
vn 0.8474 0.5302 0.0274
vn 0.8495 0.5266 0.0321
vn 0.5198 -0.8512 0.0721
vn 0.8617 0.5073 0.0126
vn 0.5240 -0.8450 0.1067
vn 0.8723 0.4883 0.0255
vn 0.8805 0.4738 0.0114
vn 0.8796 0.4748 0.0276
vn 0.8979 0.4393 0.0268
vn 0.5386 -0.8226 0.1824
vn 0.9040 0.4266 0.0268
vn 0.9030 0.4294 0.0161
vn 0.9190 0.3938 0.0195
vn 0.9231 0.3845 0.0101
vn 0.9168 0.3984 0.0268
vn 0.9299 0.3668 0.0262
vn 0.9365 0.3501 0.0215
vn 0.9480 0.3183 0.0076
vn 0.9546 0.2974 0.0166
vn 0.9437 0.3302 0.0194
vn 0.9544 0.2973 0.0256
vn 0.9680 0.2498 0.0218
vn 0.9682 0.2490 0.0225
vn 0.9695 0.2447 0.0135
vn 0.9779 0.2077 0.0223
vn 0.9812 0.1924 0.0118
vn 0.9828 0.1834 0.0221
vn 0.9879 0.1545 0.0160
vn 0.9880 0.1532 0.0181
vn 0.9947 0.1023 0.0054
vn 0.9920 0.1241 0.0231
vn 0.9964 0.0831 0.0149
vn 0.9948 0.0960 0.0326
vn 0.9974 0.0691 0.0186
vn 0.4895 -0.8702 0.0566
vn 0.9995 0.0210 0.0223
vn 0.4883 -0.8679 0.0916
vn 0.9995 -0.0126 0.0278
vn 0.4854 -0.8734 0.0386
vn 0.4728 -0.8810 0.0177
vn 0.9983 -0.0492 0.0328
vn 0.9979 -0.0398 0.0515
vn 0.9985 -0.0133 0.0524
vn 0.5042 -0.8550 0.1214
vn 0.5287 -0.8244 0.2020
vn 0.9971 -0.0371 0.0665
vn 0.9967 -0.0239 0.0777
vn 0.5201 -0.8412 0.1481
vn 0.9975 -0.0680 0.0172
vn 0.5167 -0.8402 0.1646
vn 0.9943 -0.1061 0.0064
vn 0.9946 -0.0233 0.1015
vn 0.9950 -0.0440 0.0899
vn 0.9915 -0.0237 0.1282
vn 0.9932 -0.0335 0.1116
vn 0.4684 -0.8805 0.0725
vn 0.4781 -0.8672 0.1393
vn 0.9876 -0.0369 0.1528
vn 0.9892 -0.0359 0.1419
vn 0.4407 -0.8961 0.0532
vn 0.9909 -0.0513 0.1245
vn 0.9939 -0.1004 0.0462
vn 0.4767 -0.8722 0.1092
vn 0.9935 -0.0961 0.0603
vn 0.4485 -0.8932 0.0321
vn 0.9821 -0.0324 0.1855
vn 0.9847 -0.0444 0.1686
vn 0.9862 -0.0192 0.1641
vn 0.4052 -0.9142 0.0049
vn 0.4826 -0.8619 0.1558
vn 0.4967 -0.8478 0.1857
vn 0.9929 -0.0878 0.0802
vn 0.9930 -0.1141 0.0302
vn 0.4878 -0.8487 0.2045
vn 0.4291 -0.9032 0.0121
vn 0.4806 -0.8598 0.1723
vn 0.9911 -0.0822 0.1049
vn 0.9909 -0.1342 0.0121
vn 0.4562 -0.8810 0.1254
vn 0.4420 -0.8929 0.0855
vn 0.9847 -0.0830 0.1534
vn 0.9853 -0.0987 0.1395
vn 0.4387 -0.8928 0.1022
vn 0.9794 -0.0420 0.1975
vn 0.9810 -0.0625 0.1836
vn 0.4093 -0.9120 0.0286
vn 0.4097 -0.9112 0.0428
vn 0.9772 -0.0475 0.2070
vn 0.9762 -0.0846 0.1997
vn 0.4158 -0.9069 0.0675
vn 0.4512 -0.8726 0.1869
vn 0.9873 -0.0985 0.1248
vn 0.4333 -0.8875 0.1571
vn 0.9882 -0.1307 0.0798
vn 0.9733 -0.0962 0.2083
vn 0.4403 -0.8750 0.2012
vn 0.9799 -0.1104 0.1660
vn 0.9854 -0.1585 0.0626
vn 0.9855 -0.1347 0.1034
vn 0.4324 -0.8856 0.1694
vn 0.9855 -0.1642 0.0438
vn 0.3688 -0.9294 0.0125
vn 0.9841 -0.1752 0.0304
vn 0.3947 -0.9148 0.0857
vn 0.4240 -0.8947 0.1401
vn 0.4072 -0.9047 0.1251
vn 0.9825 -0.1851 0.0183
vn 0.9778 -0.2096 0.0053
vn 0.3796 -0.9235 0.0552
vn 0.3667 -0.9299 0.0300
vn 0.9766 -0.1146 0.1823
vn 0.9823 -0.1439 0.1202
vn 0.3852 -0.9174 0.1000
vn 0.4048 -0.9075 0.1122
vn 0.3641 -0.9288 0.0694
vn 0.3545 -0.9341 0.0430
vn 0.9822 -0.1677 0.0848
vn 0.4174 -0.8837 0.2117
vn 0.9762 -0.1564 0.1503
vn 0.4033 -0.8966 0.1828
vn 0.9759 -0.1721 0.1342
vn 0.3030 -0.9530 0.0040
vn 0.3786 -0.9137 0.1476
vn 0.3741 -0.9128 0.1636
vn 0.3232 -0.9461 0.0232
vn 0.9705 -0.2400 0.0206
vn 0.9764 -0.1899 0.1028
vn 0.9782 -0.2014 0.0512
vn 0.9717 -0.1629 0.1711
vn 0.9711 -0.2357 0.0377
vn 0.9662 -0.1635 0.1993
vn 0.3599 -0.9250 0.1219
vn 0.9753 -0.2093 0.0700
vn 0.3422 -0.9344 0.0991
vn 0.9670 -0.1768 0.1834
vn 0.3436 -0.9352 0.0855
vn 0.3802 -0.9025 0.2024
vn 0.9708 -0.2095 0.1170
vn 0.9743 -0.2086 0.0854
vn 0.3215 -0.9448 0.0629
vn 0.9639 -0.1652 0.2087
vn 0.2997 -0.9528 0.0482
vn 0.3609 -0.9146 0.1822
vn 0.9689 -0.2409 0.0563
vn 0.3385 -0.9308 0.1383
vn 0.9659 -0.2386 0.1003
vn 0.3172 -0.9406 0.1209
vn 0.9633 -0.2266 0.1440
vn 0.9657 -0.2032 0.1618
vn 0.2663 -0.9638 0.0129
vn 0.3019 -0.9495 0.0851
vn 0.2730 -0.9616 0.0274
vn 0.9636 -0.2548 0.0806
vn 0.3262 -0.9230 0.2043
vn 0.9596 -0.2811 0.0126
vn 0.9488 -0.3158 0.0038
vn 0.3190 -0.9356 0.1510
vn 0.2936 -0.9503 0.1034
vn 0.9619 -0.2388 0.1328
vn 0.3224 -0.9291 0.1815
vn 0.9565 -0.2904 0.0287
vn 0.3194 -0.9330 0.1658
vn 0.2623 -0.9642 0.0392
vn 0.9587 -0.2771 0.0646
vn 0.2752 -0.9590 0.0678
vn 0.9554 -0.2083 0.2094
vn 0.9559 -0.2494 0.1550
vn 0.9570 -0.2866 0.0457
vn 0.2832 -0.9491 0.1383
vn 0.9526 -0.2808 0.1166
vn 0.9522 -0.2882 0.1011
vn 0.9551 -0.2335 0.1822
vn 0.9515 -0.2339 0.1999
vn 0.1985 -0.9801 0.0034
vn 0.2585 -0.9626 0.0812
vn 0.9528 -0.2525 0.1687
vn 0.2684 -0.9561 0.1180
vn 0.2422 -0.9688 0.0529
vn 0.9488 -0.3043 0.0845
vn 0.2203 -0.9753 0.0160
vn 0.2701 -0.9414 0.2021
vn 0.9405 -0.3391 0.0206
vn 0.9421 -0.3332 0.0370
vn 0.2743 -0.9481 0.1608
vn 0.9477 -0.2897 0.1337
vn 0.2860 -0.9410 0.1809
vn 0.2235 -0.9724 0.0665
vn 0.2210 -0.9747 0.0327
vn 0.9470 -0.2436 0.2094
vn 0.9444 -0.3246 0.0531
vn 0.9433 -0.3247 0.0688
vn 0.2418 -0.9651 0.1005
vn 0.9444 -0.2952 0.1448
vn 0.2426 -0.9610 0.1328
vn 0.2135 -0.9732 0.0859
vn 0.9429 -0.2781 0.1835
vn 0.9402 -0.2985 0.1642
vn 0.2446 -0.9524 0.1821
vn 0.9329 -0.3470 0.0968
vn 0.1772 -0.9827 0.0531
vn 0.2229 -0.9679 0.1163
vn 0.2219 -0.9637 0.1485
vn 0.2169 -0.9624 0.1635
vn 0.1712 -0.9847 0.0340
vn 0.9332 -0.2898 0.2123
vn 0.9301 -0.3580 0.0822
vn 0.1608 -0.9869 0.0136
vn 0.9304 -0.3043 0.2043
vn 0.9343 -0.3388 0.1106
vn 0.9244 -0.3789 0.0440
vn 0.9237 -0.3830 0.0127
vn 0.9099 -0.4147 0.0068
vn 0.9295 -0.3638 0.0605
vn 0.9356 -0.3292 0.1279
vn 0.1939 -0.9759 0.1004
vn 0.1679 -0.9834 0.0688
vn 0.9193 -0.3924 0.0299
vn 0.9270 -0.3270 0.1837
vn 0.9286 -0.3385 0.1520
vn 0.1982 -0.9718 0.1278
vn 0.1688 -0.9791 0.1135
vn 0.1641 -0.9829 0.0833
vn 0.2099 -0.9561 0.2046
vn 0.1894 -0.9646 0.1834
vn 0.9214 -0.3483 0.1722
vn 0.9146 -0.3978 0.0723
vn 0.9108 -0.4089 0.0569
vn 0.0919 -0.9957 0.0069
vn 0.9217 -0.3657 0.1292
vn 0.9176 -0.3438 0.1996
vn 0.1269 -0.9915 0.0296
vn 0.0979 -0.9951 0.0170
vn 0.1319 -0.9864 0.0984
vn 0.9169 -0.3837 0.1101
vn 0.1641 -0.9772 0.1351
vn 0.8977 -0.4403 0.0184
vn 0.1164 -0.9920 0.0499
vn 0.9085 -0.4071 0.0942
vn 0.1616 -0.9757 0.1482
vn 0.8948 -0.4449 0.0383
vn 0.9107 -0.3871 0.1439
vn 0.1556 -0.9741 0.1644
vn 0.9127 -0.3756 0.1613
vn 0.1196 -0.9893 0.0841
vn 0.9040 -0.3758 0.2039
vn 0.9048 -0.4064 0.1269
vn 0.8998 -0.4227 0.1079
vn 0.8985 -0.4312 0.0828
vn 0.8894 -0.4540 0.0530
vn 0.1549 -0.9667 0.2036
vn 0.1250 -0.9844 0.1241
vn 0.0740 -0.9967 0.0344
vn 0.1129 -0.9876 0.1093
vn 0.8923 -0.4462 0.0679
vn 0.1147 -0.9836 0.1393
vn 0.8730 -0.4873 0.0168
vn 0.8746 -0.4848 0.0106
vn 0.8953 -0.4117 0.1700
vn 0.0168 -0.0000 -0.9999
vn 0.0170 -0.0000 -0.9999
vn 0.0169 -0.0000 -0.9999
vn 0.0162 0.9486 0.3161
vn 0.0170 0.9486 0.3160
vn 0.0161 0.9486 0.3161
vn 0.0171 0.9486 0.3160
vn 0.0177 -0.9485 0.3163
vn 0.0202 -0.9484 0.3165
vn 0.0171 -0.9486 0.3161
vn 0.0209 -0.9482 0.3169
vn -0.0006 0.0001 -1.0000
vn -0.0000 -0.0000 -1.0000
vn 0.0001 -0.0000 -1.0000
vn -0.0000 0.0001 -1.0000
vn -0.0001 0.0001 -1.0000
vn -0.0002 -0.0000 -1.0000
vn -0.0002 -0.0001 -1.0000
vn 0.0002 -0.0001 -1.0000
vn -0.0002 -0.0002 -1.0000
vn -0.0007 0.0002 -1.0000
vn 0.0001 0.0001 -1.0000
vn 0.0003 -0.0001 -1.0000
vn -0.0000 -0.0001 -1.0000
vn -0.0000 -0.0002 -1.0000
vn 0.7446 0.0001 0.6675
vn 0.7284 -0.0012 0.6852
vn 0.7771 -0.0004 0.6293
vn 0.8922 0.0009 0.4515
vn 0.8970 -0.0024 0.4421
vn 0.9075 -0.0009 0.4200
vn 0.7744 -0.0002 0.6327
vn 0.9183 -0.0032 0.3958
vn 0.9080 -0.0092 0.4189
vn 0.9206 -0.0027 0.3904
vn 0.6389 -0.0015 0.7693
vn 0.6701 -0.0014 0.7423
vn 0.6390 -0.0014 0.7692
vn 0.6422 -0.0003 0.7666
vn 0.8144 -0.0005 0.5803
vn 0.6480 0.0009 0.7616
vn 0.9414 0.0058 0.3372
vn 0.6544 0.0016 0.7561
vn 0.6729 0.0019 0.7397
vn 0.7018 -0.0027 0.7124
vn 0.8557 -0.0015 0.5174
vn 0.8453 -0.0002 0.5343
vn 0.8612 0.0002 0.5083
vn 0.7191 -0.0002 0.6949
vn 0.8756 -0.0003 0.4831
vn -0.7312 0.6434 0.2266
vn -0.7377 0.6121 0.2849
vn -0.6986 0.6562 0.2851
vn -0.7744 -0.5648 0.2851
vn -0.7587 -0.6072 0.2358
vn -0.7272 -0.6243 0.2852
vn -0.6566 -0.2660 0.7058
vn -0.5980 -0.2774 0.7520
vn -0.6194 -0.2300 0.7507
vn -0.7601 -0.4236 0.4928
vn -0.7088 -0.4196 0.5670
vn -0.7374 -0.3697 0.5653
vn -0.7868 -0.5061 0.3532
vn -0.7349 -0.5372 0.4139
vn -0.7598 -0.4851 0.4329
vn -0.7560 -0.5539 0.3488
vn -0.6762 -0.3283 0.6595
vn -0.6328 -0.3178 0.7060
vn -0.7218 -0.4636 0.5139
vn -0.2404 0.5436 0.8042
vn -0.3045 0.5283 0.7926
vn -0.2672 0.4822 0.8343
vn -0.3043 0.5738 0.7604
vn -0.3533 0.5615 0.7483
vn -0.4935 0.6575 0.5693
vn -0.4950 0.6158 0.6130
vn -0.4281 0.6402 0.6378
vn -0.3453 0.6192 0.7052
vn -0.7907 -0.5687 0.2264
vn -0.2006 0.4991 0.8430
vn -0.6493 0.6746 0.3511
vn -0.6455 0.6451 0.4088
vn -0.5961 0.6744 0.4358
vn -0.4070 0.5902 0.6971
vn -0.5521 0.7105 0.4364
vn -0.5692 0.6436 0.5117
vn -0.5300 0.6771 0.5105
vn -0.6524 0.6996 0.2913
vn -0.6886 0.6878 0.2299
vn -0.6369 -0.1810 0.7494
vn -0.5792 -0.1867 0.7935
vn -0.7961 -0.4424 0.4129
vn -0.6762 -0.2130 0.7052
vn -0.7721 -0.3699 0.5167
vn -0.7039 -0.2745 0.6552
vn -0.7488 -0.3048 0.5885
vn -0.7053 -0.3542 0.6141
vn -0.8120 -0.5092 0.2851
vn -0.4444 0.6934 0.5672
vn -0.4865 0.7069 0.5134
vn -0.5876 0.7295 0.3501
vn -0.3653 0.6577 0.6588
vn -0.3945 0.6870 0.6103
vn -0.8182 -0.4559 0.3503
vn -0.8060 -0.3713 0.4609
vn -0.2648 0.6054 0.7505
vn -0.8224 -0.5190 0.2332
vn -0.5097 0.7427 0.4343
vn -0.6357 0.7258 0.2628
vn -0.5864 -0.1077 0.8028
vn -0.5383 -0.1560 0.8282
vn -0.5419 -0.1049 0.8338
vn -0.6180 -0.1331 0.7748
vn -0.8228 -0.3946 0.4090
vn -0.7913 -0.3221 0.5197
vn -0.7183 -0.2283 0.6572
vn -0.7679 -0.2572 0.5867
vn -0.3886 0.7266 0.5666
vn -0.2864 0.6506 0.7034
vn -0.4469 0.7460 0.4937
vn -0.5915 0.7613 0.2657
vn -0.1964 0.5755 0.7938
vn -0.1742 0.5211 0.8355
vn -0.6709 -0.1477 0.7267
vn -0.8447 -0.4064 0.3483
vn -0.8499 -0.4555 0.2650
vn -0.5313 0.7711 0.3509
vn -0.7282 -0.1577 0.6670
vn -0.3106 0.6861 0.6578
vn -0.3330 0.7182 0.6110
vn -0.8459 -0.3405 0.4105
vn -0.8092 -0.2733 0.5201
vn -0.8304 -0.3086 0.4639
vn -0.7520 -0.1986 0.6285
vn -0.6431 -0.0790 0.7617
vn -0.5694 -0.0554 0.8202
vn -0.2033 0.6321 0.7477
vn -0.4684 0.7819 0.4113
vn -0.2243 0.6699 0.7077
vn -0.3911 0.7636 0.5138
vn -0.5473 0.7931 0.2673
vn -0.1418 0.5724 0.8076
vn -0.1187 0.5357 0.8360
vn -0.7900 -0.1916 0.5824
vn -0.8696 -0.3499 0.3485
vn -0.8735 -0.3908 0.2903
vn -0.3217 0.7588 0.5663
vn -0.7001 -0.1081 0.7058
vn -0.4813 0.8034 0.3507
vn -0.2412 0.7097 0.6619
vn -0.4116 0.8009 0.4350
vn -0.8662 -0.2872 0.4089
vn -0.8251 -0.2247 0.5184
vn -0.8487 -0.2541 0.4638
vn -0.8779 -0.4166 0.2361
vn -0.6052 -0.0115 0.7960
vn -0.5524 -0.0016 0.8336
vn -0.1525 0.6177 0.7715
vn -0.3492 0.7824 0.5157
vn -0.2755 0.7399 0.6137
vn -0.4937 0.8196 0.2906
vn -0.8894 -0.2972 0.3474
vn -0.7513 -0.0823 0.6548
vn -0.7942 -0.1374 0.5920
vn -0.8972 -0.3563 0.2607
vn -0.6556 -0.0364 0.7542
vn -0.4304 0.8311 0.3522
vn -0.3449 0.8159 0.4640
vn -0.8805 -0.2363 0.4110
vn -0.7046 -0.0534 0.7076
vn -0.8394 -0.1677 0.5169
vn -0.5176 0.8257 0.2244
vn -0.0843 0.5849 0.8067
vn -0.8651 -0.1887 0.4649
vn -0.1376 0.6571 0.7411
vn -0.9133 -0.3082 0.2661
vn -0.0555 -0.5456 0.8362
vn -0.0636 -0.5891 0.8056
vn -0.2610 0.7811 0.5672
vn -0.3550 0.8411 0.4082
vn -0.1588 0.6966 0.6997
vn -0.0445 -0.6439 0.7638
vn -0.2865 0.8080 0.5148
vn -0.9081 -0.2294 0.3503
vn -0.2168 0.7596 0.6131
vn -0.4675 0.8443 0.2618
vn -0.0850 0.6300 0.7720
vn -0.8044 -0.0868 0.5877
vn -0.0647 0.5446 0.8362
vn -0.0346 -0.7560 0.6536
vn -0.1044 -0.6390 0.7621
vn -0.6751 0.0008 0.7377
vn -0.8942 -0.1770 0.4112
vn -0.0724 -0.6824 0.7273
vn -0.8460 -0.1218 0.5191
vn -0.1166 -0.5807 0.8057
vn -0.0980 -0.5306 0.8419
vn -0.3810 0.8552 0.3514
vn -0.9256 -0.2487 0.2854
vn -0.0785 -0.7290 0.6800
vn -0.1786 0.7338 0.6555
vn -0.5686 0.0454 0.8214
vn -0.4137 0.8644 0.2858
vn -0.7412 -0.0158 0.6711
vn -0.6326 0.0418 0.7733
vn -0.0851 -0.7757 0.6253
vn -0.8792 -0.1117 0.4631
vn -0.1182 -0.7043 0.7000
vn -0.8056 -0.0365 0.5914
vn -0.0526 -0.8574 0.5120
vn -0.2117 0.7980 0.5642
vn -0.9376 -0.2629 0.2276
vn -0.1631 -0.6007 0.7826
vn -0.1459 -0.5329 0.8335
vn -0.2697 0.8436 0.4643
vn -0.4201 0.8782 0.2287
vn -0.1492 -0.6466 0.7481
vn -0.0677 -0.8216 0.5661
vn -0.0877 0.6937 0.7149
vn -0.9037 -0.1264 0.4092
vn -0.8527 -0.0678 0.5179
vn -0.0419 -0.9003 0.4332
vn -0.9234 -0.1579 0.3500
vn -0.9393 -0.1914 0.2846
vn -0.5948 0.0912 0.7987
vn -0.5270 0.0898 0.8451
vn -0.7001 0.0514 0.7122
vn -0.1412 -0.7411 0.6564
vn -0.2914 0.8633 0.4120
vn -0.1131 -0.8154 0.5678
vn -0.2211 0.8275 0.5161
vn -0.1638 -0.6914 0.7037
vn -0.3247 0.8784 0.3508
vn -0.1061 0.7449 0.6587
vn -0.1606 0.7908 0.5906
vn -0.1464 -0.7781 0.6109
vn -0.3588 0.8888 0.2851
vn -0.2068 -0.5515 0.8081
vn -0.1834 -0.5063 0.8426
vn -0.7518 0.0262 0.6588
vn -0.7905 0.0227 0.6121
vn -0.9501 -0.2131 0.2278
vn -0.1159 -0.8504 0.5133
vn -0.0975 -0.8945 0.4364
vn -0.6552 0.0923 0.7498
vn -0.8250 0.0130 0.5650
vn -0.2054 -0.6615 0.7213
vn -0.9096 -0.0654 0.4102
vn -0.8559 -0.0165 0.5169
vn -0.9330 -0.0839 0.3499
vn -0.8850 -0.0411 0.4638
vn -0.0328 0.6308 0.7752
vn -0.3685 0.8994 0.2352
vn -0.9486 -0.1331 0.2873
vn -0.9603 -0.1611 0.2276
vn -0.1693 -0.8065 0.5665
vn -0.0706 -0.9333 0.3521
vn -0.1971 -0.7439 0.6386
vn -0.2106 -0.6043 0.7684
vn -0.2211 0.8838 0.4124
vn -0.1586 0.8403 0.5184
vn -0.2685 0.8972 0.3507
vn -0.7656 0.0837 0.6379
vn -0.2031 0.8616 0.4652
vn -0.0951 0.7855 0.6115
vn -0.3056 0.9088 0.2842
vn -0.5915 0.1333 0.7952
vn -0.5338 0.1465 0.8328
vn -0.3095 0.9218 0.2336
vn -0.1728 -0.8367 0.5197
vn -0.2454 -0.5105 0.8241
vn -0.1631 -0.8713 0.4629
vn -0.0475 -0.9642 0.2608
vn -0.6452 0.1418 0.7507
vn -0.8180 0.0775 0.5699
vn -0.9116 -0.0144 0.4109
vn -0.7105 0.1163 0.6941
vn -0.1117 0.8192 0.5626
vn -0.8563 0.0419 0.5147
vn -0.8850 0.0281 0.4648
vn -0.9550 -0.0699 0.2881
vn -0.9655 -0.1082 0.2368
vn -0.2231 -0.7929 0.5670
vn -0.1540 -0.9000 0.4078
vn -0.0376 0.7306 0.6818
vn -0.1310 -0.9273 0.3505
vn -0.2294 -0.6969 0.6795
vn -0.1019 -0.9524 0.2873
vn -0.2556 -0.5966 0.7607
vn -0.9371 -0.0021 0.3492
vn -0.1972 0.9162 0.3487
vn -0.1520 0.8751 0.4594
vn -0.2436 -0.7409 0.6259
vn -0.9708 -0.0527 0.2341
vn -0.2497 0.9258 0.2839
vn -0.2672 -0.6642 0.6982
vn -0.2262 -0.8411 0.4912
vn -0.7650 0.1368 0.6293
vn -0.0392 0.7782 0.6267
vn -0.5844 0.1757 0.7922
vn -0.1380 0.9016 0.4100
vn -0.1058 -0.9677 0.2288
vn -0.0947 0.8658 0.4914
vn -0.9103 0.0465 0.4112
vn -0.6870 0.1723 0.7060
vn -0.8515 0.0909 0.5164
vn -0.2415 0.9433 0.2275
vn -0.9581 -0.0163 0.2859
vn -0.2249 -0.8827 0.4126
vn -0.2937 -0.5072 0.8102
vn -0.2832 -0.4587 0.8423
vn -0.2003 -0.9157 0.3485
vn -0.1601 -0.9506 0.2659
vn -0.6426 0.2045 0.7384
vn -0.3081 -0.5569 0.7713
vn -0.8121 0.1363 0.5673
vn -0.1854 0.9458 0.2668
vn -0.5416 0.2028 0.8158
vn -0.4793 0.1805 0.8589
vn -0.7325 0.1848 0.6552
vn -0.8799 0.1062 0.4631
vn -0.2815 -0.7261 0.6274
vn -0.9720 -0.0014 0.2349
vn -0.0426 0.8698 0.4915
vn -0.2869 -0.7720 0.5672
vn -0.1290 0.9295 0.3456
vn -0.3183 -0.6132 0.7230
vn -0.2850 -0.8060 0.5187
vn -0.9068 0.0977 0.4102
vn -0.0719 0.9077 0.4134
vn -0.8444 0.1433 0.5162
vn -0.4913 0.2305 0.8399
vn -0.9342 0.0725 0.3494
vn -0.1321 0.9549 0.2659
vn -0.3223 -0.6700 0.6688
vn -0.9569 0.0561 0.2848
vn -0.5952 0.2226 0.7721
vn -0.0762 0.9342 0.3484
vn -0.2944 -0.8372 0.4609
vn -0.2231 -0.9318 0.2862
vn -0.7878 0.1859 0.5873
vn -0.0793 0.9619 0.2618
vn -0.5339 0.2454 0.8091
vn -0.7055 0.2316 0.6698
vn -0.9722 0.0484 0.2290
vn -0.3314 -0.7573 0.5627
vn -0.3323 -0.7156 0.6144
vn -0.2883 -0.8646 0.4116
vn -0.2826 -0.8933 0.3496
vn -0.2143 -0.9503 0.2259
vn -0.8985 0.1555 0.4106
vn -0.3292 -0.4683 0.8200
vn -0.8302 0.2068 0.5176
vn -0.9288 0.1314 0.3465
vn -0.8679 0.1757 0.4647
vn -0.7731 0.2337 0.5896
vn -0.5865 0.2660 0.7650
vn -0.6367 0.2655 0.7239
vn -0.3506 -0.7963 0.4929
vn -0.2743 -0.9182 0.2856
vn -0.3566 -0.5400 0.7624
vn -0.2818 -0.9304 0.2344
vn -0.9565 0.1186 0.2666
vn -0.3781 -0.7310 0.5681
vn -0.6789 0.2715 0.6822
vn -0.3555 -0.8388 0.4124
vn -0.3770 -0.6029 0.7032
vn -0.3761 -0.6522 0.6582
vn -0.3945 -0.6856 0.6118
vn -0.8863 0.2128 0.4114
vn -0.3741 -0.4598 0.8054
vn -0.3485 -0.4149 0.8405
vn -0.5041 0.2999 0.8099
vn -0.4661 0.2792 0.8395
vn -0.9151 0.2004 0.3499
vn -0.8511 0.2440 0.4649
vn -0.7281 0.2841 0.6239
vn -0.3960 -0.7614 0.5133
vn -0.3520 -0.8683 0.3496
vn -0.3447 -0.8945 0.2849
vn -0.3902 -0.5042 0.7704
vn -0.7731 0.2866 0.5658
vn -0.8131 0.2708 0.5154
vn -0.9402 0.1864 0.2852
vn -0.5589 0.3029 0.7719
vn -0.6066 0.3253 0.7254
vn -0.4263 -0.7043 0.5677
vn -0.4152 -0.5654 0.7127
vn -0.6706 0.3161 0.6711
vn -0.4348 -0.6353 0.6383
vn -0.4150 -0.7991 0.4349
vn -0.3440 -0.9096 0.2331
vn -0.8713 0.2676 0.4114
vn -0.9604 0.1626 0.2264
vn -0.4412 -0.7375 0.5113
vn -0.4194 -0.8367 0.3521
vn -0.4275 -0.4746 0.7695
vn -0.7332 0.3396 0.5891
vn -0.4275 -0.4206 0.8002
vn -0.4467 -0.5308 0.7202
vn -0.7866 0.3364 0.5178
vn -0.4381 0.3238 0.8386
vn -0.8974 0.2690 0.3497
vn -0.8278 0.3179 0.4622
vn -0.9246 0.2492 0.2882
vn -0.5474 0.3518 0.7593
vn -0.9459 0.2226 0.2362
vn -0.4744 -0.6706 0.5702
vn -0.6594 0.3505 0.6651
vn -0.4751 -0.6045 0.6394
vn -0.4622 -0.7725 0.4355
vn -0.4111 -0.8645 0.2892
vn -0.4102 -0.8809 0.2361
vn -0.3913 -0.3743 0.8407
vn -0.8560 0.3167 0.4087
vn -0.4857 -0.7094 0.5108
vn -0.6084 0.3828 0.6952
vn -0.4860 0.3561 0.7981
vn -0.8777 0.3267 0.3506
vn -0.6742 0.3888 0.6280
vn -0.9039 0.3176 0.2864
vn -0.9297 0.2815 0.2376
vn -0.4794 -0.8035 0.3530
vn -0.4846 -0.5522 0.6784
vn -0.5088 -0.7426 0.4355
vn -0.4682 -0.8441 0.2613
vn -0.5084 0.3986 0.7633
vn -0.4746 -0.4664 0.7465
vn -0.7254 0.3910 0.5665
vn -0.8274 0.3820 0.4116
vn -0.7544 0.4046 0.5169
vn -0.7973 0.3848 0.4651
vn -0.4357 0.3740 0.8187
vn -0.5256 -0.6324 0.5691
vn -0.5057 -0.5102 0.6957
vn -0.5392 -0.6682 0.5126
vn -0.4944 -0.8190 0.2914
vn -0.4770 -0.3722 0.7962
vn -0.4368 -0.3319 0.8361
vn -0.5581 0.4197 0.7158
vn -0.8580 0.3770 0.3489
vn -0.5292 -0.5745 0.6244
vn -0.5026 -0.4241 0.7534
vn -0.9061 0.3499 0.2376
vn -0.5261 -0.7732 0.3541
vn -0.5528 -0.7109 0.4347
vn -0.6085 0.4437 0.6579
vn -0.6807 0.4361 0.5886
vn -0.7653 0.4437 0.4663
vn -0.8770 0.3856 0.2867
vn -0.5635 -0.6024 0.5654
vn -0.5399 -0.4683 0.6994
vn -0.5539 -0.7818 0.2864
vn -0.5341 -0.8111 0.2385
vn -0.7879 0.4570 0.4127
vn -0.7154 0.4697 0.5172
vn -0.4217 0.4080 0.8098
vn -0.3766 0.3909 0.8399
vn -0.8312 0.4313 0.3508
vn -0.5578 -0.5141 0.6516
vn -0.6395 0.4642 0.6128
vn -0.4413 0.4429 0.7805
vn -0.4830 0.4463 0.7534
vn -0.5948 -0.6159 0.5166
vn -0.5750 -0.7375 0.3543
vn -0.5965 -0.6743 0.4353
vn -0.5913 -0.5544 0.5857
vn -0.6571 0.4986 0.5653
vn -0.5389 0.4633 0.7035
vn -0.8495 0.4417 0.2887
vn -0.8788 0.4150 0.2355
vn -0.5675 -0.4254 0.7050
vn -0.4999 -0.3148 0.8068
vn -0.8042 0.4805 0.3498
vn -0.5571 0.5093 0.6559
vn -0.7248 0.5106 0.4625
vn -0.6080 0.5023 0.6148
vn -0.3777 0.4534 0.8073
vn -0.5518 -0.3817 0.7414
vn -0.6194 -0.7006 0.3543
vn -0.6261 -0.6269 0.4638
vn -0.6243 -0.5178 0.5849
vn -0.6132 -0.7364 0.2858
vn -0.5394 -0.3213 0.7784
vn -0.5947 -0.7678 0.2385
vn -0.4679 -0.2778 0.8390
vn -0.7543 0.5132 0.4094
vn -0.5023 0.5123 0.6965
vn -0.6749 0.5275 0.5159
vn -0.8142 0.5047 0.2869
vn -0.5946 -0.4657 0.6555
vn -0.8508 0.4687 0.2374
vn -0.3257 0.4389 0.8374
vn -0.6555 -0.6340 0.4104
vn -0.6500 -0.5769 0.4947
vn -0.4180 0.4951 0.7617
vn -0.5989 0.5454 0.5864
vn -0.4605 0.5076 0.7282
vn -0.7731 0.5284 0.3508
vn -0.8224 0.5187 0.2338
vn -0.6633 -0.6613 0.3504
vn -0.6249 -0.4224 0.6566
vn -0.6370 -0.4658 0.6142
vn -0.6686 -0.6866 0.2856
vn -0.7188 0.5616 0.4099
vn -0.6413 -0.7316 0.2313
vn -0.5062 -0.2596 0.8224
vn -0.6410 0.5653 0.5192
vn -0.5855 -0.3363 0.7376
vn -0.6818 0.5658 0.4636
vn -0.6224 -0.3797 0.6844
vn -0.6726 -0.4786 0.5645
vn -0.6777 -0.5433 0.4956
vn -0.5103 0.5599 0.6527
vn -0.7387 0.5756 0.3507
vn -0.5615 0.5797 0.5904
vn -0.7756 0.5636 0.2842
vn -0.3701 0.5198 0.7700
vn -0.7942 0.5605 0.2347
vn -0.3264 0.4925 0.8068
vn -0.4633 0.5775 0.6722
vn -0.7007 -0.5808 0.4144
vn -0.7007 -0.5147 0.4941
vn -0.7113 -0.6096 0.3499
vn -0.6712 -0.4063 0.6201
vn -0.6825 0.6050 0.4102
vn -0.5579 -0.2430 0.7935
vn -0.4148 0.5465 0.7275
vn -0.6798 -0.6968 0.2287
vn -0.6026 0.6076 0.5174
vn -0.6353 0.6160 0.4658
vn -0.5143 -0.2151 0.8302
vn -0.7003 0.6215 0.3512
vn -0.7625 0.6030 0.2345
vn -0.5448 0.6186 0.5661
vn -0.7171 -0.6572 0.2322
vn -0.4900 -0.1807 0.8528
vn -0.7020 0.7118 0.0205
vn -0.6664 0.7453 0.0211
vn -0.7103 0.7039 0.0071
vn -0.7050 0.7082 0.0393
vn -0.9014 -0.4284 0.0626
vn -0.9218 -0.3809 0.0715
vn -0.9127 -0.4055 0.0507
vn -0.8555 -0.4740 0.2085
vn -0.8797 -0.4283 0.2066
vn -0.8819 -0.4307 0.1916
vn -0.8822 -0.4549 0.1217
vn -0.8874 -0.4417 0.1321
vn -0.9063 -0.4076 0.1119
vn -0.8725 -0.4654 0.1485
vn -0.8990 -0.4137 0.1437
vn -0.7269 0.6674 0.1619
vn -0.6947 0.7012 0.1604
vn -0.7412 0.6559 0.1429
vn -0.9082 -0.4183 0.0129
vn -0.9290 -0.3696 0.0218
vn -0.9202 -0.3914 0.0063
vn -0.7112 0.6990 0.0743
vn -0.6738 0.7355 0.0708
vn -0.7058 0.7063 0.0548
vn -0.9020 -0.4236 0.0839
vn -0.7017 0.7066 0.0912
vn -0.7374 0.6665 0.1102
vn -0.6966 0.7062 0.1267
vn -0.6975 0.7079 0.1109
vn -0.6956 0.7037 0.1446
vn -0.7303 0.6702 0.1320
vn -0.8799 -0.4465 0.1623
vn -0.9125 -0.4077 0.0318
vn -0.6326 0.7744 0.0056
vn -0.9284 -0.3694 0.0409
vn -0.6738 0.7378 0.0391
vn -0.6619 0.7474 0.0573
vn -0.7345 0.6534 0.1834
vn -0.7310 0.6517 0.2020
vn -0.6966 0.6943 0.1810
vn -0.9020 -0.3996 0.1633
vn -0.8975 -0.4295 0.1004
vn -0.9210 -0.3786 0.0920
vn -0.8787 -0.4428 0.1781
vn -0.6903 0.6952 0.2005
vn -0.9143 -0.3857 0.1235
vn -0.9440 -0.3292 0.0205
vn -0.9360 -0.3474 0.0565
vn -0.6425 0.7650 0.0456
vn -0.9453 -0.3238 0.0395
vn -0.6577 0.7486 0.0836
vn -0.6663 0.7371 0.1125
vn -0.6587 0.7461 0.0971
vn -0.9180 -0.3705 0.1414
vn -0.6259 0.7797 0.0171
vn -0.9324 -0.3444 0.1095
vn -0.9571 -0.2898 0.0056
vn -0.6434 0.7550 0.1263
vn -0.9122 -0.3675 0.1814
vn -0.6289 0.7769 0.0304
vn -0.6649 0.7222 0.1907
vn -0.6614 0.7364 0.1424
vn -0.6466 0.7464 0.1576
vn -0.9019 -0.3760 0.2126
vn -0.6553 0.7354 0.1727
vn -0.9400 -0.3332 0.0732
vn -0.9071 -0.3711 0.1988
vn -0.9401 -0.3281 0.0924
vn -0.6274 0.7753 0.0723
vn -0.9228 -0.3488 0.1639
vn -0.6533 0.7276 0.2093
vn -0.6292 0.7699 0.1067
vn -0.9314 -0.3407 0.1280
vn -0.6140 0.7872 0.0573
vn -0.9602 -0.2784 0.0228
vn -0.6184 0.7806 0.0907
vn -0.9315 -0.3325 0.1476
vn -0.6208 0.7708 0.1430
vn -0.9612 -0.2731 0.0392
vn -0.6057 0.7947 0.0408
vn -0.9554 -0.2890 0.0610
vn -0.0334 -0.9984 0.0465
vn -0.5856 0.8104 0.0180
vn -0.0614 -0.9979 0.0224
vn -0.0936 -0.9956 0.0073
vn -0.0329 -0.9963 0.0795
vn -0.9546 -0.2862 0.0822
vn -0.9425 -0.3046 0.1376
vn -0.6219 0.7596 0.1906
vn -0.0708 -0.9967 0.0390
vn -0.0465 -0.9969 0.0631
vn -0.0464 -0.9941 0.0975
vn -0.9382 -0.3079 0.1578
vn -0.5464 0.8375 0.0045
vn -0.5979 0.7934 0.1143
vn -0.5864 0.8067 0.0734
vn -0.5681 0.8224 0.0309
vn -0.0646 -0.9916 0.1124
vn -0.9540 -0.2814 0.1032
vn -0.9478 -0.2950 0.1211
vn -0.0640 -0.9891 0.1329
vn -0.5747 0.8168 0.0508
vn -0.9250 -0.3174 0.2090
vn -0.0540 -0.9866 0.1540
vn -0.5779 0.8111 0.0903
vn -0.9284 -0.3191 0.1907
vn -0.6125 0.7712 0.1732
vn -0.9374 -0.3012 0.1750
vn -0.1147 -0.9932 0.0203
vn -0.0975 -0.9933 0.0616
vn -0.9727 -0.2313 0.0188
vn -0.6113 0.7638 0.2074
vn -0.5857 0.7997 0.1322
vn -0.0856 -0.9931 0.0807
vn -0.1251 -0.9914 0.0390
vn -0.9513 -0.2678 0.1526
vn -0.5831 0.7971 0.1567
vn -0.9721 -0.2277 0.0558
vn -0.5309 0.8472 0.0208
vn -0.0510 -0.9799 0.1929
vn -0.9828 -0.1848 0.0055
vn -0.0643 -0.9830 0.1721
vn -0.9680 -0.2402 0.0722
vn -0.1074 -0.9898 0.0939
vn -0.9742 -0.2222 0.0390
vn -0.5446 0.8365 0.0607
vn -0.9610 -0.2474 0.1236
vn -0.5716 0.8020 0.1732
vn -0.0578 -0.9755 0.2124
vn -0.9423 -0.2728 0.1942
vn -0.5372 0.8403 0.0729
vn -0.9696 -0.2282 0.0880
vn -0.5366 0.8429 0.0408
vn -0.9687 -0.2272 0.1003
vn -0.5527 0.8260 0.1108
vn -0.1196 -0.9866 0.1112
vn -0.9617 -0.2341 0.1422
vn -0.5798 0.7921 0.1906
vn -0.5668 0.7970 0.2084
vn -0.1159 -0.9840 0.1354
vn -0.1547 -0.9878 0.0202
vn -0.1980 -0.9802 0.0061
vn -0.1542 -0.9865 0.0559
vn -0.1366 -0.9878 0.0744
vn -0.9524 -0.2517 0.1722
vn -0.9834 -0.1800 0.0231
vn -0.5310 0.8423 0.0925
vn -0.5407 0.8307 0.1330
vn -0.0939 -0.9787 0.1826
vn -0.9795 -0.1880 0.0718
vn -0.5410 0.8280 0.1474
vn -0.1196 -0.9817 0.1481
vn -0.4925 0.8703 0.0120
vn -0.1243 -0.9791 0.1610
vn -0.9830 -0.1789 0.0413
vn -0.4912 0.8705 0.0309
vn -0.1970 -0.9802 0.0220
vn -0.1864 -0.9817 0.0396
vn -0.0987 -0.9748 0.1999
vn -0.5050 0.8616 0.0517
vn -0.9504 -0.2339 0.2048
vn -0.1557 -0.9835 0.0918
vn -0.9743 -0.1949 0.1129
vn -0.9728 -0.1898 0.1329
vn -0.5368 0.8210 0.1945
vn -0.4517 0.8922 0.0033
vn -0.5204 0.8382 0.1630
vn -0.9573 -0.2192 0.1886
vn -0.9844 -0.1669 0.0562
vn -0.1807 -0.9809 0.0713
vn -0.5212 0.8445 0.1231
vn -0.9642 -0.2103 0.1614
vn -0.5224 0.8339 0.1781
vn -0.9819 -0.1666 0.0906
vn -0.9611 -0.2097 0.1796
vn -0.1423 -0.9738 0.1774
vn -0.4834 0.8716 0.0822
vn -0.4878 0.8702 0.0701
vn -0.5012 0.8582 0.1107
vn -0.1738 -0.9783 0.1124
vn -0.1600 -0.9789 0.1271
vn -0.9918 -0.1264 0.0197
vn -0.9917 -0.1227 0.0384
vn -0.4631 0.8854 0.0401
vn -0.1450 -0.9709 0.1907
vn -0.1454 -0.9671 0.2088
vn -0.2228 -0.9732 0.0565
vn -0.4771 0.8735 0.0968
vn -0.1802 -0.9733 0.1421
vn -0.4880 0.8612 0.1420
vn -0.1985 -0.9758 0.0918
vn -0.4447 0.8954 0.0209
vn -0.4538 0.8893 0.0569
vn -0.9888 -0.1315 0.0702
vn -0.9742 -0.1664 0.1526
vn -0.9968 -0.0802 0.0071
vn -0.4768 0.8696 0.1282
vn -0.2475 -0.9687 0.0210
vn -0.9635 -0.1808 0.1972
vn -0.9844 -0.1422 0.1039
vn -0.9819 -0.1448 0.1219
vn -0.1915 -0.9675 0.1654
vn -0.2238 -0.9719 0.0724
vn -0.9919 -0.1164 0.0514
vn -0.9712 -0.1649 0.1721
vn -0.2379 -0.9704 0.0410
vn -0.5031 0.8387 0.2085
vn -0.4970 0.8466 0.1906
vn -0.4542 0.8839 0.1120
vn -0.2268 -0.9681 0.1064
vn -0.2184 -0.9680 0.1236
vn -0.4682 0.8695 0.1570
vn -0.4326 0.8991 0.0671
vn -0.3025 -0.9531 0.0059
vn -0.4242 0.9044 0.0462
vn -0.9909 -0.1062 0.0822
vn -0.1999 -0.9631 0.1804
vn -0.4630 0.8693 0.1731
vn -0.9980 -0.0606 0.0196
vn -0.1836 -0.9625 0.1997
vn -0.2470 -0.9648 0.0907
vn -0.9815 -0.1271 0.1429
vn -0.4328 0.8979 0.0805
vn -0.4640 0.8617 0.2055
vn -0.4570 0.8697 0.1866
vn -0.2789 -0.9595 0.0394
vn -0.3963 0.9180 0.0131
vn -0.4131 0.9101 0.0328
vn -0.9953 -0.0752 0.0612
vn -0.9737 -0.1368 0.1822
vn -0.2740 -0.9590 0.0728
vn -0.9901 -0.0976 0.1006
vn -0.9706 -0.1348 0.1995
vn -0.2993 -0.9539 0.0214
vn -0.9972 -0.0591 0.0454
vn -0.4223 0.9012 0.0975
vn -0.2461 -0.9594 0.1378
vn -0.2300 -0.9609 0.1545
vn -0.9802 -0.1107 0.1641
vn -0.9973 -0.0656 0.0326
vn -0.9895 -0.0854 0.1170
vn -0.4204 0.8983 0.1274
vn -0.3515 0.9362 0.0052
vn -0.2826 -0.9576 0.0552
vn -0.3850 0.9213 0.0546
vn -0.9874 -0.0873 0.1319
vn -0.4327 0.8902 0.1425
vn -0.2276 -0.9527 0.2016
vn -0.2463 -0.9504 0.1897
vn -0.4256 0.8828 0.1986
vn -0.3707 0.9283 0.0298
vn -0.9952 -0.0528 0.0828
vn -0.4078 0.9060 0.1129
vn -0.2732 -0.9554 0.1122
vn -0.3897 0.9169 0.0862
vn -0.2729 -0.9536 0.1276
vn -0.4199 0.8928 0.1629
vn -0.3766 0.9236 0.0710
vn -0.2987 -0.9498 0.0934
vn -0.9785 -0.0911 0.1852
vn -0.2752 -0.9500 0.1474
vn -0.2624 -0.9493 0.1731
vn -0.9858 -0.0699 0.1525
vn -0.3255 -0.9436 0.0610
vn -0.9731 -0.0983 0.2084
vn -0.9934 -0.0550 0.1007
vn -0.4111 0.8933 0.1819
vn -0.9994 -0.0186 0.0307
vn -0.3321 0.9431 0.0164
vn -0.3186 -0.9470 0.0407
vn -0.3849 0.9120 0.1420
vn -0.9998 0.0116 0.0130
vn -0.9978 -0.0239 0.0618
vn -0.3515 -0.9359 0.0209
vn -0.3689 0.9237 0.1031
vn -0.2927 -0.9429 0.1590
vn -0.3245 -0.9424 0.0816
vn -0.9989 -0.0069 0.0456
vn -0.3164 -0.9383 0.1395
vn -0.9922 -0.0220 0.1230
vn -0.3763 0.9118 0.1641
vn -0.9836 -0.0527 0.1725
vn -0.2878 -0.9348 0.2081
vn -0.3209 -0.9409 0.1079
vn -0.3205 -0.9394 0.1215
vn -0.9896 -0.0292 0.1411
vn -0.9792 -0.0639 0.1924
vn -0.3647 0.9229 0.1232
vn -0.3401 0.9395 0.0403
vn -0.9974 -0.0023 0.0723
vn -0.9958 0.0029 0.0919
vn -0.9940 -0.0162 0.1078
vn -0.4017 -0.9158 0.0046
vn -0.3592 -0.9324 0.0408
vn -0.9992 0.0284 0.0293
vn -0.3182 0.9465 0.0531
vn -0.3398 0.9361 0.0908
vn -0.3700 0.9060 0.2058
vn -0.3573 -0.9313 0.0707
vn -0.9769 -0.0476 0.2083
vn -0.3678 0.9121 0.1810
vn -0.2983 -0.9351 0.1913
vn -0.3206 0.9447 0.0695
vn -0.9980 0.0334 0.0528
vn -0.3227 -0.9306 0.1726
vn -0.9870 -0.0146 0.1599
vn -0.3541 -0.9299 0.0997
vn -0.3461 0.9260 0.1507
vn -0.3985 -0.9170 0.0176
vn -0.3878 -0.9201 0.0546
vn -0.2869 0.9575 0.0301
vn -0.9808 -0.0207 0.1939
vn -0.3726 -0.9239 0.0875
vn -0.2503 0.9682 0.0063
vn -0.9960 0.0498 0.0737
vn -0.3239 0.9393 0.1128
vn -0.3255 0.9360 0.1336
vn -0.4026 -0.9149 0.0304
vn -0.9967 0.0780 0.0203
vn -0.9966 0.0819 0.0103
vn -0.9840 0.0034 0.1783
vn -0.2772 0.9607 0.0144
vn -0.3749 -0.9197 0.1164
vn -0.9932 0.0367 0.1104
vn -0.3509 -0.9237 0.1538
vn -0.3305 0.9235 0.1947
vn -0.3470 -0.9183 0.1903
vn -0.3683 -0.9200 0.1341
vn -0.2979 0.9511 0.0821
vn -0.9894 0.0263 0.1426
vn -0.3162 0.9330 0.1716
vn -0.2916 0.9510 0.1028
vn -0.4025 -0.9127 0.0700
vn -0.9966 0.0713 0.0402
vn -0.9783 0.0064 0.2072
vn -0.9908 0.0455 0.1275
vn -0.3573 -0.9102 0.2093
vn -0.4029 -0.9095 0.1023
vn -0.9947 0.0835 0.0604
vn -0.9941 0.0590 0.0907
vn -0.4319 -0.9008 0.0459
vn -0.9813 0.0354 0.1895
vn -0.2656 0.9632 0.0417
vn -0.2673 0.9616 0.0616
vn -0.3712 -0.9125 0.1719
vn -0.2980 0.9420 0.1543
vn -0.4469 -0.8945 0.0131
vn -0.9862 0.0341 0.1620
vn -0.2793 0.9524 0.1218
vn -0.4219 -0.9030 0.0815
vn -0.4128 -0.9019 0.1270
vn -0.2755 0.9507 0.1425
vn -0.3045 0.9348 0.1827
vn -0.2961 0.9321 0.2084
vn -0.2521 0.9641 0.0829
vn -0.4458 -0.8946 0.0300
vn -0.9912 0.1307 0.0209
vn -0.9867 0.1625 0.0079
vn -0.9926 0.1140 0.0420
vn -0.2221 0.9748 0.0209
vn -0.3918 -0.8987 0.1972
vn -0.3974 -0.9049 0.1526
vn -0.4486 -0.8917 0.0601
vn -0.2256 0.9734 0.0403
vn -0.2500 0.9636 0.0951
vn -0.9898 0.0889 0.1115
vn -0.9912 0.1077 0.0769
vn -0.4995 -0.8663 0.0034
vn -0.9869 0.0755 0.1425
vn -0.9826 0.0650 0.1742
vn -0.4394 -0.8911 0.1132
vn -0.4265 -0.8938 0.1385
vn -0.9905 0.1012 0.0933
vn -0.9885 0.1387 0.0610
vn -0.9844 0.0805 0.1563
vn -0.2210 0.9734 0.0603
vn -0.9775 0.0658 0.2005
vn -0.2579 0.9461 0.1958
vn -0.4921 -0.8703 0.0212
vn -0.2237 0.9680 0.1139
vn -0.4189 -0.8926 0.1668
vn -0.4075 -0.8945 0.1838
vn -0.4856 -0.8733 0.0406
vn -0.4436 -0.8914 0.0932
vn -0.9856 0.1142 0.1246
vn -0.2478 0.9517 0.1811
vn -0.9864 0.1593 0.0399
vn -0.2324 0.9635 0.1330
vn -0.2572 0.9523 0.1640
vn -0.4746 -0.8768 0.0767
vn -0.1507 0.9885 0.0072
vn -0.1753 0.9836 0.0411
vn -0.2012 0.9762 0.0811
vn -0.9848 0.1526 0.0828
vn -0.9767 0.1044 0.1877
vn -0.9827 0.1843 0.0195
vn -0.9832 0.1509 0.1030
vn -0.4441 -0.8831 0.1515
vn -0.9819 0.1233 0.1435
vn -0.4187 -0.8838 0.2088
vn -0.1716 0.9850 0.0182
vn -0.2018 0.9742 0.1007
vn -0.9792 0.1200 0.1637
vn -0.9718 0.1101 0.2086
vn -0.4810 -0.8717 0.0937
vn -0.4618 -0.8777 0.1280
vn -0.2188 0.9640 0.1513
vn -0.4955 -0.8665 0.0608
vn -0.2048 0.9634 0.1732
vn -0.1769 0.9824 0.0605
vn -0.4570 -0.8683 0.1930
vn -0.4577 -0.8721 0.1729
vn -0.9793 0.1946 0.0558
vn -0.4945 -0.8626 0.1064
vn -0.1804 0.9748 0.1314
vn -0.4954 -0.8603 0.1203
vn -0.4821 -0.8647 0.1411
vn -0.9763 0.2126 0.0399
vn -0.4750 -0.8657 0.1580
vn -0.5370 -0.8430 0.0305
vn -0.9719 0.1502 0.1813
vn -0.5359 -0.8428 0.0504
vn -0.1292 0.9911 0.0315
vn -0.9773 0.1994 0.0717
vn -0.4711 -0.8572 0.2079
vn -0.5152 -0.8523 0.0900
vn -0.9792 0.1631 0.1211
vn -0.9751 0.1737 0.1375
vn -0.5444 -0.8387 0.0135
vn -0.5321 -0.8436 0.0724
vn -0.1968 0.9584 0.2066
vn -0.1490 0.9862 0.0721
vn -0.1512 0.9842 0.0923
vn -0.9722 0.2332 0.0206
vn -0.9646 0.2635 0.0067
vn -0.9745 0.2069 0.0871
vn -0.1499 0.9824 0.1114
vn -0.9729 0.1597 0.1672
vn -0.1940 0.9622 0.1911
vn -0.1097 0.9938 0.0162
vn -0.1325 0.9899 0.0514
vn -0.9730 0.1725 0.1531
vn -0.5015 -0.8467 0.1779
vn -0.5907 -0.8069 0.0051
vn -0.1623 0.9756 0.1478
vn -0.1747 0.9712 0.1618
vn -0.9715 0.2135 0.1030
vn -0.5093 -0.8448 0.1641
vn -0.9660 0.1626 0.2011
vn -0.9714 0.2039 0.1214
vn -0.9669 0.2481 0.0599
vn -0.5202 -0.8419 0.1436
vn -0.0726 0.9969 0.0303
vn -0.5485 -0.8311 0.0923
vn -0.5408 -0.8334 0.1136
vn -0.0934 0.9930 0.0728
vn -0.5222 -0.8310 0.1915
vn -0.5912 -0.8063 0.0204
vn -0.1188 0.9846 0.1281
vn -0.9653 0.1946 0.1740
vn -0.5387 -0.8328 0.1270
vn -0.1210 0.9827 0.1404
vn -0.5805 -0.8125 0.0533
vn -0.5793 -0.8143 0.0367
vn -0.1477 0.9725 0.1803
vn -0.9624 0.2685 0.0409
vn -0.0847 0.9951 0.0513
vn -0.1442 0.9710 0.1909
vn -0.0632 0.9980 0.0100
vn -0.9608 0.2325 0.1510
vn -0.9602 0.2024 0.1926
vn -0.9581 0.2857 0.0192
vn -0.9628 0.2606 0.0712
vn -0.1343 0.9685 0.2096
vn -0.0923 0.9916 0.0905
vn -0.9630 0.2328 0.1359
vn -0.5778 -0.8131 0.0709
vn -0.1298 0.9782 0.1623
vn -0.9603 0.2532 0.1170
vn -0.5208 -0.8282 0.2073
vn -0.9594 0.2674 0.0900
vn -0.5583 -0.8172 0.1432
vn -0.5826 -0.8084 0.0845
vn -0.5760 -0.8111 0.1019
vn -0.0886 0.9899 0.1109
vn -0.9553 0.2775 0.1019
vn -0.5487 -0.8202 0.1617
vn -0.6143 -0.7877 0.0453
vn -0.9526 0.2219 0.2082
vn -0.5880 -0.8007 0.1146
vn -0.5608 -0.8097 0.1729
vn -0.9562 0.2369 0.1721
vn -0.9507 0.3057 0.0528
vn -0.5898 -0.7971 0.1297
vn -0.9492 0.3049 0.0775
vn -0.9441 0.3277 0.0352
vn -0.0784 0.9846 0.1564
vn -0.0957 0.9801 0.1740
vn -0.6497 -0.7600 0.0163
vn -0.6255 -0.7795 0.0319
vn -0.0291 0.9987 0.0424
vn -0.9513 0.2786 0.1318
vn -0.0833 0.9779 0.1916
vn -0.0231 0.9995 0.0207
vn -0.9458 0.2625 0.1914
vn -0.9465 0.3219 0.0203
vn -0.9308 0.3656 0.0061
vn -0.6129 -0.7869 0.0720
vn -0.0633 0.9877 0.1431
vn -0.5669 -0.7962 0.2113
vn -0.6303 -0.7742 0.0572
vn -0.9452 0.3197 0.0657
vn -0.5827 -0.7981 0.1533
vn -0.0531 0.9909 0.1238
vn -0.5752 -0.7931 0.2003
vn -0.0352 0.9962 0.0795
vn -0.5801 -0.7928 0.1869
vn -0.6733 -0.7394 0.0057
vn -0.6164 -0.7819 0.0932
vn -0.0696 0.9760 0.2063
vn -0.9469 0.2778 0.1616
vn -0.9427 0.2820 0.1781
vn -0.9430 0.3133 0.1122
vn -0.9380 0.3346 0.0909
vn -0.9425 0.2997 0.1478
vn -0.9320 0.3618 0.0205
vn -0.9381 0.2767 0.2084
vn -0.6609 -0.7491 0.0451
vn -0.6460 -0.7600 0.0717
vn -0.6704 -0.7414 0.0308
vn -0.0411 0.9848 0.1686
vn -0.9338 0.3541 0.0516
vn -0.9381 0.3200 0.1326
vn -0.0408 0.9827 0.1808
vn -0.6253 -0.7723 0.1119
vn -0.6233 -0.7689 0.1422
vn -0.6100 -0.7734 0.1723
vn -0.6177 -0.7701 0.1593
vn -0.6506 -0.7540 0.0907
vn -0.9283 0.3647 0.0726
vn -0.6381 -0.7594 0.1272
vn -0.9289 0.3496 0.1220
vn -0.9211 0.3878 0.0358
vn -0.9323 0.3232 0.1626
vn -0.6770 -0.7338 0.0563
vn -0.9248 0.3288 0.1915
vn -0.6601 -0.7428 0.1120
vn -0.6227 -0.7591 0.1897
vn -0.6178 -0.7583 0.2079
vn -0.9216 0.3740 0.1040
vn -0.9115 0.4108 0.0203
vn -0.7098 -0.7042 0.0185
vn -0.9256 0.3342 0.1777
vn -0.9151 0.3997 0.0528
vn -0.9230 0.3246 0.2067
vn -0.9113 0.4028 0.0858
vn -0.9248 0.3527 0.1428
vn -0.0077 0.9844 0.1759
vn -0.6780 -0.7314 0.0737
vn -0.6483 -0.7416 0.1724
vn -0.6748 -0.7258 0.1338
vn -0.6586 -0.7372 0.1507
vn -0.7074 -0.7057 0.0409
vn -0.6828 -0.7249 0.0916
vn -0.8859 0.4638 0.0060
vn -0.6568 -0.7279 0.1967
vn -0.9171 0.3636 0.1633
vn -0.9080 0.4138 0.0653
vn -0.7084 -0.7032 0.0600
vn -0.7044 -0.7011 0.1108
vn -0.9082 0.3997 0.1246
vn -0.7494 -0.6621 0.0060
vn -0.7202 -0.6901 0.0718
vn -0.8995 0.4352 0.0396
vn -0.9059 0.3992 0.1416
vn -0.9046 0.3868 0.1792
vn -0.8863 0.4626 0.0210
vn -0.9043 0.3751 0.2040
vn -0.7138 -0.6945 0.0905
vn -0.8893 0.4539 0.0556
vn -0.8907 0.4487 0.0725
vn -0.9004 0.4233 0.1007
vn -0.6794 -0.7153 0.1633
vn -0.6860 -0.7047 0.1812
vn -0.9013 0.4015 0.1629
vn -0.7005 -0.6976 0.1508
vn -0.7518 -0.6592 0.0171
vn -0.7448 -0.6665 0.0322
vn -0.7455 -0.6645 0.0523
vn -0.8894 0.4418 0.1172
vn -0.8788 0.4756 0.0393
vn -0.7173 -0.6860 0.1217
vn -0.7139 -0.6864 0.1382
vn -0.8871 0.4220 0.1870
vn -0.8816 0.4231 0.2092
vn -0.8770 0.4731 0.0835
vn -0.7423 -0.6627 0.0995
vn -0.8796 0.4650 0.1001
vn -0.7160 -0.6775 0.1683
vn -0.8861 0.4381 0.1512
vn -0.6930 -0.6925 0.2005
vn -0.8843 0.4474 0.1334
vn -0.8771 0.4517 0.1634
vn -0.7460 -0.6607 0.0829
vn -0.7778 -0.6281 0.0219
vn -0.8612 0.5080 0.0190
vn -0.8647 0.4985 0.0611
vn -0.7769 -0.6282 0.0427
vn -0.7660 -0.6394 0.0669
vn -0.8567 0.5136 0.0471
vn -0.7339 -0.6618 0.1529
vn -0.7554 -0.6449 0.1165
vn -0.7278 -0.6604 0.1847
vn -0.7452 -0.6535 0.1323
vn -0.8323 0.5542 0.0076
vn -0.8545 0.5184 0.0318
vn -0.8624 0.4938 0.1117
vn -0.8663 0.4598 0.1953
vn -0.7256 -0.6589 0.1982
vn -0.8637 0.4877 0.1272
vn -0.8153 -0.5790 0.0063
vn -0.8648 0.4710 0.1740
vn -0.7857 -0.6161 0.0553
vn -0.7762 -0.6252 0.0817
vn -0.8626 0.4848 0.1443
vn -0.8513 0.5163 0.0936
vn -0.8057 -0.5920 0.0199
vn -0.7754 -0.6234 0.1007
vn -0.8339 0.5516 0.0171
vn -0.8502 0.5214 0.0722
vn -0.7668 -0.6249 0.1464
vn -0.7566 -0.6328 0.1649
vn -0.8086 -0.5873 0.0358
vn -0.8290 0.5559 0.0611
vn -0.8313 0.5549 0.0307
vn -0.8046 -0.5900 0.0673
vn -0.8559 0.4726 0.2098
vn -0.7743 -0.6188 0.1324
vn -0.8440 0.5113 0.1621
vn -0.8202 0.5707 0.0412
vn -0.8392 0.5301 0.1215
vn -0.7649 -0.6174 0.1837
vn -0.8139 -0.5789 0.0501
vn -0.7534 -0.6246 0.2057
vn -0.8060 -0.5860 0.0834
vn -0.7955 -0.5950 0.1145
vn -0.8292 0.5530 0.0812
vn -0.8242 0.5570 0.1021
vn -0.8439 0.5039 0.1840
vn -0.8408 0.5226 0.1414
vn -0.8380 0.5068 0.2026
vn -0.8352 -0.5496 0.0181
vn -0.8107 -0.5774 0.0969
vn -0.7960 -0.5851 0.1549
vn -0.8017 0.5973 0.0212
vn -0.8014 -0.5835 0.1312
vn -0.7884 -0.5906 0.1720
vn -0.8169 0.5552 0.1562
vn -0.7842 -0.5874 0.2002
vn -0.8392 -0.5412 0.0528
vn -0.8000 0.5978 0.0521
vn -0.8178 0.5576 0.1422
vn -0.8163 0.5510 0.1733
vn -0.8401 -0.5413 0.0347
vn -0.8113 0.5524 0.1916
vn -0.7755 0.6313 0.0096
vn -0.8382 -0.5407 0.0711
vn -0.7966 0.5990 0.0813
vn -0.8121 0.5692 0.1284
vn -0.8107 0.5744 0.1132
vn -0.8407 -0.5340 0.0894
vn -0.8284 -0.5489 0.1115
vn -0.8035 -0.5647 0.1882
vn -0.8734 -0.4870 0.0064
vn -0.7886 0.6112 0.0668
vn -0.8104 0.5477 0.2079
vn -0.7777 0.6279 0.0317
vn -0.8591 -0.5115 0.0201
vn -0.8617 -0.5058 0.0401
vn -0.8332 -0.5383 0.1261
vn -0.8184 -0.5566 0.1430
vn -0.8233 -0.5435 0.1638
vn -0.8178 -0.5476 0.1772
vn -0.7825 0.6141 0.1026
vn -0.7867 0.6010 0.1412
vn -0.7685 0.6378 0.0505
vn -0.7862 0.6058 0.1218
vn -0.8680 -0.4938 0.0530
vn -0.8433 -0.5176 0.1446
vn -0.7857 0.5922 0.1788
vn -0.8194 -0.5373 0.1996
vn -0.7859 0.5965 0.1627
vn -0.7768 0.5947 0.2071
vn -0.8655 -0.4961 0.0700
vn -0.7525 0.6542 0.0760
vn -0.8541 -0.5079 0.1121
vn -0.8859 -0.4635 0.0193
vn -0.7410 0.6704 0.0388
vn -0.7664 0.6358 0.0914
vn -0.7642 0.6265 0.1533
vn -0.7401 0.6721 0.0218
vn -0.8289 -0.5180 0.2111
vn -0.7696 0.6084 0.1937
vn -0.8713 -0.4819 0.0921
vn -0.8422 -0.5076 0.1818
vn -0.8903 -0.4541 0.0325
vn -0.7596 0.6385 0.1234
vn -0.8595 -0.4938 0.1320
vn -0.7371 0.6730 0.0607
vn -0.8542 -0.4936 0.1632
vn -0.8891 -0.4549 0.0502
vn -0.7554 0.6324 0.1717
vn -0.8874 -0.4552 0.0731
vn -0.8763 -0.4686 0.1118
vn -0.7374 0.6693 0.0913
vn -0.8523 -0.4864 0.1924
vn 0.0178 -0.9998 0.0003
vn 0.0176 -0.9998 0.0002
vn 0.0175 -0.9998 -0.0000
vn 0.0176 -0.9998 0.0003
vn 0.0175 -0.9998 -0.0001
vn 0.0174 -0.9998 -0.0000
vn 0.0188 -0.9998 -0.0000
vn 0.0172 -0.9999 -0.0000
vn 0.0186 -0.9998 0.0001
vn 0.0182 -0.9998 0.0001
vn 0.0186 -0.9998 0.0004
vn 0.0258 -0.9997 0.0009
vn 0.0189 -0.9998 0.0003
vn 0.0174 -0.9998 0.0008
vn 0.0174 -0.9998 0.0002
vn 0.0174 -0.9998 0.0003
vn 0.0207 -0.9998 0.0006
vn 0.0173 -0.9999 0.0001
vn 0.0171 -0.9999 -0.0000
vn 0.0177 -0.9998 0.0014
vn 0.0176 -0.9998 0.0004
vn 0.0175 -0.9998 0.0001
vn 0.0179 -0.9998 0.0004
vn 0.0182 -0.9998 0.0005
vn 0.0184 -0.9998 0.0006
vn 0.0177 -0.9998 0.0001
vn 0.0175 -0.9998 0.0002
vn 0.0176 -0.9998 0.0001
vn 0.0177 -0.9998 0.0007
vn -0.3221 -0.3697 0.8715
vn -0.0681 -0.1091 0.9917
vn -0.1308 -0.1453 0.9807
vn -0.0776 -0.1675 0.9828
vn -0.1003 0.1008 0.9898
vn -0.1260 0.1610 0.9789
vn -0.1772 0.1189 0.9770
vn -0.0400 -0.0499 0.9980
vn -0.1607 0.0684 0.9846
vn -0.4233 0.1774 0.8884
vn -0.4760 0.1316 0.8696
vn -0.2073 -0.2873 0.9351
vn -0.2086 -0.2279 0.9511
vn -0.2481 -0.2674 0.9311
vn -0.0834 0.1468 0.9856
vn -0.0719 0.2052 0.9761
vn -0.3754 0.1926 0.9066
vn -0.3977 0.2359 0.8867
vn -0.1146 -0.2068 0.9717
vn -0.2791 -0.0537 0.9587
vn -0.3248 -0.0397 0.9449
vn -0.3218 -0.1017 0.9413
vn -0.2346 -0.0073 0.9721
vn -0.2832 0.0044 0.9591
vn -0.2726 -0.3035 0.9130
vn -0.2471 0.1522 0.9569
vn -0.3196 0.1634 0.9333
vn -0.3181 0.1198 0.9404
vn -0.1559 -0.2301 0.9606
vn -0.4632 -0.0461 0.8851
vn -0.5065 -0.0215 0.8620
vn -0.5067 -0.0797 0.8584
vn -0.1997 0.2170 0.9555
vn -0.2224 0.2525 0.9417
vn -0.2732 0.2002 0.9409
vn -0.0346 -0.1485 0.9883
vn -0.4238 -0.0599 0.9038
vn -0.4210 0.0030 0.9071
vn -0.1667 0.2939 0.9412
vn -0.0383 0.2068 0.9776
vn -0.3756 0.0167 0.9266
vn -0.4206 0.0629 0.9051
vn -0.3398 0.2122 0.9162
vn -0.3525 0.2617 0.8985
vn -0.3190 0.0603 0.9458
vn -0.3733 0.0872 0.9236
vn -0.2566 -0.3876 0.8854
vn -0.2554 -0.3450 0.9032
vn -0.3060 -0.3369 0.8904
vn -0.2101 -0.3332 0.9191
vn -0.1630 -0.2893 0.9433
vn -0.5088 0.0387 0.8600
vn -0.2582 0.3084 0.9155
vn -0.3212 0.3352 0.8857
vn -0.3055 0.2934 0.9059
vn -0.2572 0.3545 0.8990
vn -0.0299 0.3963 0.9177
vn -0.0579 0.4348 0.8987
vn -0.0769 0.3735 0.9244
vn -0.3319 -0.1595 0.9297
vn -0.3747 -0.1112 0.9204
vn -0.3869 -0.1748 0.9054
vn -0.4673 0.0843 0.8801
vn -0.0612 -0.2087 0.9761
vn -0.2823 -0.4179 0.8635
vn -0.2002 0.3610 0.9108
vn -0.2560 0.4158 0.8727
vn -0.2014 0.4114 0.8890
vn -0.2181 -0.0605 0.9741
vn -0.4223 0.1211 0.8983
vn -0.4504 -0.2092 0.8680
vn -0.1598 0.4528 0.8771
vn -0.2118 0.4531 0.8659
vn -0.1851 -0.0045 0.9827
vn -0.2046 0.0488 0.9776
vn -0.4071 -0.2329 0.8832
vn -0.1078 0.4655 0.8785
vn -0.1252 0.4965 0.8590
vn -0.1095 -0.2667 0.9575
vn -0.0395 0.1467 0.9884
vn -0.4768 -0.1207 0.8707
vn -0.2573 -0.0945 0.9617
vn -0.4198 -0.2762 0.8646
vn -0.2016 -0.3883 0.8992
vn -0.1149 0.0500 0.9921
vn -0.1578 -0.3505 0.9232
vn -0.1090 0.2845 0.9525
vn -0.1273 0.3402 0.9317
vn -0.3353 0.0214 0.9419
vn -0.0486 -0.2509 0.9668
vn -0.2820 -0.1387 0.9493
vn -0.0498 0.3253 0.9443
vn -0.3063 0.2439 0.9202
vn -0.2793 0.0927 0.9557
vn -0.1161 -0.3293 0.9370
vn -0.1374 0.0062 0.9905
vn -0.1576 0.3945 0.9053
vn -0.1305 0.2403 0.9619
vn -0.3744 0.1451 0.9159
vn -0.2180 -0.4462 0.8680
vn -0.0497 0.4716 0.8804
vn -0.3515 -0.2182 0.9104
vn -0.0637 -0.3063 0.9498
vn -0.3749 -0.0518 0.9256
vn -0.0351 0.0983 0.9945
vn -0.1474 -0.4057 0.9021
vn -0.1775 0.1786 0.9678
vn -0.2648 0.2564 0.9296
vn -0.1517 -0.0482 0.9873
vn -0.4659 0.0266 0.8844
vn -0.4184 0.2801 0.8640
vn -0.2104 0.3122 0.9264
vn -0.3764 0.3402 0.8617
vn -0.0651 0.0603 0.9961
vn -0.2968 -0.1993 0.9339
vn -0.3181 0.3949 0.8619
vn -0.0898 -0.3741 0.9230
vn -0.2387 -0.1610 0.9577
vn -0.4458 0.2333 0.8642
vn -0.1135 0.4109 0.9046
vn -0.1620 -0.4632 0.8713
vn -0.3633 -0.2662 0.8928
vn -0.0846 0.0040 0.9964
vn -0.0363 -0.3529 0.9349
vn -0.1984 -0.1233 0.9723
vn -0.0638 0.2683 0.9612
vn -0.1083 -0.4340 0.8944
vn -0.2314 0.0954 0.9682
vn -0.0617 -0.4097 0.9101
vn -0.1115 -0.4781 0.8712
vn -0.0462 -0.4447 0.8945
vn -0.2581 0.0437 0.9651
vn -0.1642 -0.0979 0.9815
vn -0.4211 -0.1148 0.8997
vn -0.0617 -0.4915 0.8687
vn -0.3695 -0.3212 0.8719
vn -0.3695 0.2964 0.8807
vn -0.1092 0.2059 0.9725
vn -0.0377 0.0283 0.9989
vn -0.0872 -0.0431 0.9953
vn -0.3065 -0.2556 0.9169
vn -0.3020 0.3682 0.8793
vn -0.4367 -0.1578 0.8857
vn -0.2573 -0.2221 0.9405
vn -0.1107 -0.0839 0.9903
vn -0.3288 -0.2954 0.8970
vn -0.1813 -0.1804 0.9668
vn 0.3484 0.0509 -0.9360
vn 0.2691 0.0785 -0.9599
vn 0.2750 0.0534 -0.9600
vn 0.9962 0.0867 -0.0023
vn 0.9967 0.0784 -0.0187
vn 0.9993 0.0366 -0.0055
vn 0.3192 0.0778 -0.9445
vn 0.9573 0.2889 0.0136
vn 0.9674 0.2534 0.0051
vn 0.7158 0.0076 -0.6983
vn 0.7234 0.0223 -0.6901
vn 0.6888 0.0215 -0.7246
vn 0.9836 0.1801 0.0093
vn 0.9765 0.2148 0.0155
vn 0.9795 0.2014 -0.0072
vn 0.6804 0.6622 -0.3139
vn 0.6313 0.7099 -0.3122
vn 0.6139 0.6853 -0.3919
vn 0.6716 0.6420 -0.3700
vn 0.4531 0.4024 -0.7955
vn 0.3841 0.4438 -0.8096
vn 0.4106 0.3770 -0.8302
vn 0.8439 0.1199 -0.5229
vn 0.8341 0.1640 -0.5266
vn 0.7888 0.1720 -0.5901
vn 0.1433 0.9881 0.0553
vn 0.1110 0.9919 0.0623
vn 0.1461 0.9890 0.0229
vn 0.9982 0.0605 0.0056
vn 0.2627 0.9624 0.0686
vn 0.2622 0.9630 0.0622
vn 0.2893 0.9563 0.0425
vn 0.1873 0.9535 -0.2361
vn 0.1710 0.9727 -0.1571
vn 0.1393 0.9692 -0.2032
vn 0.5968 0.7617 -0.2522
vn 0.5462 0.7835 -0.2964
vn 0.5871 0.7521 -0.2994
vn 0.5692 0.7938 -0.2142
vn 0.5270 0.8250 -0.2040
vn 0.4950 0.8535 -0.1626
vn 0.4741 0.8548 -0.2109
vn 0.3874 0.0706 -0.9192
vn 0.3931 0.1117 -0.9127
vn 0.3580 0.0927 -0.9291
vn 0.4278 0.9021 -0.0573
vn 0.3904 0.9201 -0.0320
vn 0.3550 0.9318 -0.0752
vn 0.4117 0.9071 -0.0873
vn 0.2951 0.8405 -0.4544
vn 0.2338 0.8825 -0.4081
vn 0.2092 0.8678 -0.4507
vn 0.2718 0.8231 -0.4986
vn 0.7834 0.1236 -0.6091
vn 0.8237 0.0769 -0.5618
vn 0.7103 0.6054 -0.3593
vn 0.6576 0.6295 -0.4139
vn 0.8604 0.1966 -0.4702
vn 0.8251 0.2512 -0.5061
vn 0.7975 0.2134 -0.5643
vn 0.9946 0.1037 0.0086
vn 0.9896 0.1436 -0.0019
vn 0.1470 0.0419 -0.9883
vn 0.1363 0.0652 -0.9885
vn 0.0694 0.0585 -0.9959
vn 0.4320 0.4841 -0.7610
vn 0.3581 0.5081 -0.7833
vn 0.3901 0.5352 -0.7493
vn 0.2106 0.9690 -0.1295
vn 0.1515 0.9813 -0.1184
vn 0.8423 0.2800 -0.4605
vn 0.7831 0.3053 -0.5418
vn 0.8049 0.3331 -0.4910
vn 0.3818 0.7116 -0.5898
vn 0.3110 0.7420 -0.5938
vn 0.3522 0.6808 -0.6422
vn 0.2329 0.9698 0.0726
vn 0.4808 0.1456 -0.8647
vn 0.3916 0.1699 -0.9043
vn 0.4398 0.1151 -0.8907
vn 0.9997 0.0224 0.0116
vn 0.7357 0.5587 -0.3829
vn 0.7088 0.5531 -0.4377
vn 0.4142 0.6498 -0.6374
vn 0.3792 0.6128 -0.6933
vn 0.7006 0.0038 -0.7136
vn 0.6074 0.0115 -0.7943
vn 0.6325 0.0012 -0.7745
vn 0.6604 0.0145 -0.7507
vn 0.3570 0.9341 0.0067
vn 0.3262 0.9452 -0.0154
vn 0.3506 0.9360 -0.0331
vn 0.7734 0.5183 -0.3651
vn 0.7541 0.4897 -0.4376
vn 0.4397 0.0840 -0.8942
vn 0.5088 0.8523 -0.1215
vn 0.4596 0.8814 -0.1089
vn 0.4497 0.8818 -0.1417
vn 0.4755 0.2423 -0.8457
vn 0.3665 0.2885 -0.8846
vn 0.4517 0.2119 -0.8666
vn 0.4433 0.3070 -0.8422
vn 0.3695 0.3559 -0.8584
vn 0.8745 0.1472 -0.4622
vn 0.4493 0.5861 -0.6743
vn 0.4141 0.5569 -0.7200
vn 0.0461 0.0376 -0.9982
vn 0.1119 0.9937 -0.0085
vn 0.1724 0.9847 -0.0243
vn 0.8324 0.3884 -0.3954
vn 0.7858 0.4385 -0.4361
vn 0.7723 0.4195 -0.4770
vn 0.8208 0.3573 -0.4456
vn 0.1850 0.9795 -0.0799
vn 0.4242 0.1868 -0.8861
vn 0.2168 0.9588 -0.1833
vn 0.1745 0.9835 -0.0473
vn 0.1292 0.9894 -0.0657
vn 0.8100 0.0158 -0.5863
vn 0.7538 0.0398 -0.6559
vn 0.7736 0.0169 -0.6335
vn 0.3549 0.9340 0.0422
vn 0.3087 0.9511 0.0141
vn 0.3381 0.7709 -0.5398
vn 0.8595 0.0682 -0.5065
vn 0.2225 0.0463 -0.9738
vn 0.2006 0.0666 -0.9774
vn 0.8628 0.2969 -0.4091
vn 0.4705 0.5138 -0.7174
vn 0.4716 0.8789 -0.0720
vn 0.8059 0.4630 -0.3690
vn 0.4738 0.4307 -0.7681
vn 0.1158 0.9887 0.0956
vn 0.0762 0.9910 0.1103
vn 0.0533 0.9938 0.0977
vn 0.6500 0.7252 -0.2271
vn 0.0798 0.9940 0.0743
vn 0.7667 0.0077 -0.6419
vn 0.2861 0.9044 -0.3166
vn 0.2016 0.9245 -0.3235
vn 0.2567 0.8932 -0.3693
vn 0.2293 0.9320 -0.2808
vn 0.3155 0.8536 -0.4145
vn 0.0927 0.0400 -0.9949
vn 0.7905 0.0431 -0.6109
vn 0.4198 0.0485 -0.9063
vn 0.6207 0.7603 -0.1914
vn 0.8820 0.1054 -0.4594
vn 0.8299 0.0450 -0.5560
vn 0.5466 0.8263 -0.1358
vn 0.3602 0.7935 -0.4906
vn 0.8865 0.2362 -0.3979
vn 0.5129 0.2634 -0.8170
vn 0.5020 0.0797 -0.8612
vn 0.4938 0.3479 -0.7970
vn 0.7272 0.6318 -0.2684
vn 0.0221 0.9889 0.1467
vn 0.7508 0.5857 -0.3055
vn 0.8986 0.1743 -0.4027
vn 0.4166 0.9090 0.0121
vn 0.8449 0.0191 -0.5346
vn 0.4469 0.8944 -0.0187
vn 0.6894 0.6792 -0.2518
vn 0.4118 0.7412 -0.5301
vn 0.5204 0.1804 -0.8347
vn 0.2592 0.9374 -0.2325
vn 0.4374 0.6839 -0.5839
vn 0.1787 0.9834 0.0321
vn 0.8739 0.3249 -0.3615
vn 0.1316 0.9885 0.0739
vn 0.5136 0.4540 -0.7281
vn 0.5843 0.7985 -0.1448
vn 0.4883 0.6051 -0.6288
vn 0.8986 0.0621 -0.4345
vn 0.3926 0.9191 0.0328
vn 0.4798 0.0497 -0.8760
vn 0.8453 0.4237 -0.3256
vn 0.0495 0.9904 0.1290
vn 0.7852 0.5337 -0.3141
vn 0.8787 0.0232 -0.4768
vn 0.5394 0.2915 -0.7900
vn 0.9061 0.1264 -0.4037
vn 0.5247 0.8477 -0.0783
vn 0.3050 0.0375 -0.9516
vn 0.3739 0.8082 -0.4550
vn 0.3382 0.8650 -0.3708
vn 0.5483 0.0914 -0.8313
vn 0.4881 0.8721 -0.0344
vn 0.6241 0.7664 -0.1519
vn 0.2761 0.9507 -0.1410
vn 0.5111 0.5511 -0.6597
vn 0.8230 0.0036 -0.5680
vn 0.2490 0.9636 -0.0977
vn 0.5413 0.3862 -0.7469
vn 0.4932 0.6366 -0.5928
vn 0.8243 0.4894 -0.2847
vn 0.2128 0.0305 -0.9766
vn 0.7001 0.6860 -0.1982
vn 0.2280 0.9729 -0.0375
vn 0.2051 0.9787 0.0100
vn 0.9203 0.1925 -0.3407
vn 0.9057 0.2702 -0.3267
vn 0.4133 0.9091 0.0521
vn 0.5415 0.4880 -0.6846
vn 0.2935 0.9379 -0.1849
vn 0.9227 0.0832 -0.3765
vn 0.5663 0.2004 -0.7994
vn 0.7922 0.5486 -0.2674
vn 0.5765 0.8121 -0.0905
vn 0.8845 0.3571 -0.3002
vn 0.7759 0.5844 -0.2376
vn 0.9116 0.0279 -0.4100
vn 0.8608 0.0080 -0.5089
vn 0.9293 0.1487 -0.3381
vn 0.5767 0.1381 -0.8052
vn 0.6585 0.7369 -0.1530
vn 0.5701 0.3237 -0.7551
vn 0.3842 0.0222 -0.9230
vn 0.1572 0.9858 0.0594
vn 0.4679 0.7042 -0.5340
vn 0.9320 0.2132 -0.2931
vn 0.8563 0.4486 -0.2559
vn 0.4334 0.7716 -0.4656
vn 0.4020 0.8241 -0.3991
vn 0.4691 0.8829 0.0217
vn 0.4409 0.0320 -0.8970
vn 0.0688 0.1775 -0.9817
vn 0.7353 0.6470 -0.2015
vn 0.2748 0.0275 -0.9611
vn 0.5332 0.8452 -0.0366
vn 0.3196 0.9131 -0.2534
vn 0.0659 0.3031 -0.9507
vn 0.0637 0.1125 -0.9916
vn 0.7026 0.6948 -0.1539
vn 0.5989 0.2271 -0.7680
vn 0.0775 0.3338 -0.9394
vn 0.4907 0.8713 0.0002
vn 0.9001 0.0132 -0.4354
vn 0.0709 0.4425 -0.8940
vn 0.9440 0.1014 -0.3140
vn 0.1105 0.2731 -0.9556
vn 0.9329 0.0482 -0.3569
vn 0.9118 0.3014 -0.2788
vn 0.1553 0.1684 -0.9734
vn 0.0577 0.5073 -0.8599
vn 0.5387 0.5892 -0.6022
vn 0.1256 0.1225 -0.9845
vn 0.8186 0.5291 -0.2235
vn 0.0435 0.5981 -0.8003
vn 0.0870 0.3657 -0.9267
vn 0.6285 0.7713 -0.1003
vn 0.1239 0.0158 -0.9922
vn 0.7736 0.6022 -0.1974
vn 0.0574 0.7376 -0.6728
vn 0.6095 0.3562 -0.7082
vn 0.0442 0.7027 -0.7101
vn 0.5059 0.6606 -0.5547
vn 0.5960 0.5098 -0.6204
vn 0.3725 0.8779 -0.3010
vn 0.1150 0.3860 -0.9153
vn 0.5685 0.8217 -0.0415
vn 0.1810 0.2017 -0.9626
vn 0.0884 0.5361 -0.8395
vn 0.0408 0.7997 -0.5991
vn 0.5909 0.4278 -0.6840
vn 0.8898 0.3882 -0.2400
vn 0.0707 0.6368 -0.7678
vn 0.0401 0.9271 -0.3726
vn 0.3380 0.0156 -0.9410
vn 0.4849 0.7293 -0.4828
vn 0.5135 0.8581 -0.0026
vn 0.9452 0.1696 -0.2791
vn 0.0223 0.9500 -0.3115
vn 0.0601 0.8354 -0.5463
vn 0.9382 0.0192 -0.3455
vn 0.7507 0.6438 -0.1481
vn 0.0156 0.9647 -0.2630
vn 0.1515 0.3238 -0.9339
vn 0.1784 0.1164 -0.9771
vn 0.1705 0.0212 -0.9851
vn 0.6652 0.7417 -0.0860
vn 0.0997 0.6538 -0.7501
vn 0.0196 0.9803 -0.1966
vn 0.6007 0.7982 -0.0463
vn 0.0415 0.8763 -0.4801
vn 0.8581 0.4683 -0.2106
vn 0.9535 0.0577 -0.2958
vn 0.6209 0.0909 -0.7786
vn 0.5819 0.5463 -0.6025
vn 0.1267 0.4834 -0.8662
vn 0.2705 0.9607 -0.0626
vn 0.1745 0.2537 -0.9514
vn 0.6295 0.2581 -0.7328
vn 0.8177 0.5444 -0.1870
vn 0.0401 0.0122 -0.9991
vn 0.6255 0.1675 -0.7620
vn 0.9368 0.2538 -0.2409
vn 0.9317 0.0137 -0.3631
vn 0.5134 0.8576 0.0318
vn 0.5643 0.0408 -0.8246
vn 0.0757 0.0109 -0.9971
vn 0.1160 0.5695 -0.8137
vn 0.0952 0.7672 -0.6343
vn 0.9565 0.1183 -0.2666
vn 0.2352 0.1147 -0.9652
vn 0.1445 0.4098 -0.9007
vn 0.6338 0.7720 -0.0493
vn 0.3110 0.9456 -0.0953
vn 0.9192 0.3281 -0.2178
vn 0.7003 0.7057 -0.1072
vn 0.5284 0.6795 -0.5090
vn 0.5213 0.0215 -0.8531
vn 0.0656 0.9010 -0.4288
vn 0.9553 0.0122 -0.2955
vn 0.1214 0.0909 -0.9884
vn 0.0185 0.9986 -0.0499
vn 0.2050 0.9775 0.0491
vn 0.1251 0.6828 -0.7198
vn 0.7860 0.6009 -0.1454
vn 0.3564 0.9141 -0.1932
vn 0.0582 0.0941 -0.9939
vn 0.9530 0.0221 -0.3020
vn 0.2461 0.9693 0.0014
vn 0.9547 0.1943 -0.2252
vn 0.5478 0.8366 0.0098
vn 0.0408 0.9880 -0.1490
vn 0.2305 0.0170 -0.9729
vn 0.0916 0.8599 -0.5023
vn 0.0445 0.9592 -0.2791
vn 0.8925 0.4080 -0.1923
vn 0.6388 0.4078 -0.6524
vn 0.5698 0.6229 -0.5360
vn 0.8459 0.5050 -0.1719
vn 0.6518 0.2863 -0.7023
vn 0.1614 0.5935 -0.7885
vn 0.6230 0.4618 -0.6314
vn 0.4555 0.0107 -0.8902
vn 0.5922 0.8058 0.0009
vn 0.8194 0.5560 -0.1396
vn 0.2477 0.1406 -0.9586
vn 0.6725 0.1940 -0.7142
vn 0.0041 0.9897 0.1433
vn 0.9671 0.0314 -0.2524
vn 0.4598 0.7916 -0.4026
vn 0.7483 0.6553 -0.1031
vn 0.6066 0.0456 -0.7937
vn 0.9674 0.0732 -0.2426
vn 0.0278 0.9985 0.0461
vn 0.2081 0.2772 -0.9380
vn 0.1186 0.7937 -0.5966
vn 0.1793 0.4393 -0.8803
vn 0.8674 0.4708 -0.1610
vn 0.9666 0.1329 -0.2192
vn 0.2740 0.9616 -0.0165
vn 0.1835 0.5298 -0.8281
vn 0.0371 0.9956 -0.0858
vn 0.1546 0.7124 -0.6846
vn 0.9348 0.3089 -0.1750
vn 0.4305 0.8414 -0.3268
vn 0.2681 0.1615 -0.9498
vn 0.2352 0.2194 -0.9469
vn 0.2068 0.3367 -0.9186
vn 0.7043 0.7067 -0.0682
vn 0.1851 0.0933 -0.9783
vn 0.2292 0.9728 0.0334
vn 0.0215 0.9939 0.1079
vn 0.0796 0.9395 -0.3332
vn 0.1684 0.9818 0.0881
vn 0.9194 0.3530 -0.1733
vn 0.6391 0.0532 -0.7673
vn 0.3397 0.9311 -0.1328
vn 0.8913 0.4257 -0.1559
vn 0.6885 0.3447 -0.6381
vn 0.0678 0.9672 -0.2446
vn 0.6670 0.1186 -0.7356
vn 0.9450 0.2622 -0.1955
vn 0.5552 0.7010 -0.4476
vn 0.2972 0.0081 -0.9548
vn 0.1895 0.6196 -0.7617
vn 0.6100 0.5614 -0.5592
vn 0.6334 0.7738 -0.0031
vn 0.4920 0.0145 -0.8705
vn 0.6651 0.7460 -0.0336
vn 0.0011 0.9860 0.1669
vn 0.9594 0.2172 -0.1800
vn 0.7913 0.6036 -0.0970
vn 0.4026 0.8847 -0.2348
vn 0.6839 0.2959 -0.6669
vn 0.1502 0.8206 -0.5513
vn 0.8550 0.5038 -0.1232
vn 0.9774 0.0872 -0.1927
vn 0.9735 0.0064 -0.2288
vn 0.5145 0.7459 -0.4231
vn 0.1203 0.0055 -0.9927
vn 0.1013 0.9182 -0.3830
vn 0.3077 0.9502 -0.0483
vn 0.2082 0.4656 -0.8602
vn 0.7428 0.6668 -0.0599
vn 0.1237 0.8855 -0.4479
vn 0.7025 0.7108 -0.0349
vn 0.0701 0.9892 -0.1287
vn 0.9765 0.0417 -0.2114
vn 0.0984 0.9513 -0.2923
vn 0.1816 0.9809 0.0700
vn 0.9172 0.3721 -0.1426
vn 0.9764 0.1062 -0.1879
vn 0.9732 0.1604 -0.1647
vn 0.6560 0.4991 -0.5662
vn 0.2403 0.3662 -0.8990
vn 0.6780 0.4322 -0.5946
vn 0.0538 0.9985 -0.0135
vn 0.9487 0.2794 -0.1480
vn 0.8868 0.4470 -0.1174
vn 0.1823 0.7413 -0.6459
vn 0.6817 0.0578 -0.7293
vn 0.2208 0.6511 -0.7261
vn 0.2054 0.0039 -0.9787
vn 0.7117 0.2337 -0.6625
vn 0.8228 0.5604 -0.0949
vn 0.8489 0.5198 -0.0953
vn 0.0792 0.9777 -0.1945
vn 0.4816 0.8061 -0.3440
vn 0.2991 0.1852 -0.9361
vn 0.7275 0.1215 -0.6753
vn 0.6570 0.7538 0.0140
vn 0.6969 0.7172 -0.0023
vn 0.9814 0.0141 -0.1917
vn 0.9404 0.3160 -0.1258
vn 0.2691 0.2548 -0.9288
vn 0.9846 0.0402 -0.1700
vn 0.6273 0.5825 -0.5169
vn 0.7813 0.6205 -0.0673
vn 0.9598 0.2401 -0.1455
vn 0.2547 0.5492 -0.7959
vn 0.3091 0.1109 -0.9445
vn 0.5180 0.7690 -0.3745
vn 0.2523 0.4917 -0.8334
vn 0.9694 0.2010 -0.1409
vn 0.9829 0.1110 -0.1471
vn 0.9134 0.3923 -0.1088
vn 0.3757 0.9181 -0.1265
vn 0.5911 0.6574 -0.4674
vn 0.4544 0.8509 -0.2635
vn 0.2136 0.7693 -0.6021
vn 0.4348 0.0041 -0.9005
vn 0.8406 0.5375 -0.0672
vn 0.7150 0.0740 -0.6952
vn 0.7442 0.1585 -0.6488
vn 0.2805 0.0049 -0.9598
vn 0.2704 0.3995 -0.8760
vn 0.7355 0.6774 -0.0111
vn 0.7660 0.6418 -0.0380
vn 0.8153 0.5768 -0.0511
vn 0.5519 0.0058 -0.8339
vn 0.1806 0.8464 -0.5010
vn 0.8806 0.4670 -0.0804
vn 0.9656 0.2348 -0.1119
vn 0.0775 0.9964 0.0330
vn 0.9382 0.3331 -0.0937
vn 0.9770 0.1794 -0.1153
vn 0.2404 0.6826 -0.6901
vn 0.1531 0.9036 -0.4000
vn 0.1161 0.9637 -0.2403
vn 0.7910 0.6110 -0.0319
vn 0.2922 0.5781 -0.7618
vn 0.2914 0.2836 -0.9136
vn 0.9900 0.0704 -0.1224
vn 0.9563 0.2749 -0.0997
vn 0.4061 0.9023 -0.1448
vn 0.1299 0.9349 -0.3303
vn 0.9891 0.0236 -0.1455
vn 0.1099 0.9827 -0.1492
vn 0.0880 0.9941 -0.0631
vn 0.7766 0.6300 -0.0044
vn 0.7337 0.3646 -0.5733
vn 0.6470 0.5994 -0.4713
vn 0.7314 0.6816 0.0226
vn 0.9064 0.4158 -0.0747
vn 0.7520 0.2737 -0.5996
vn 0.7070 0.4564 -0.5403
vn 0.7462 0.1747 -0.6423
vn 0.9854 0.1333 -0.1061
vn 0.3097 0.4272 -0.8495
vn 0.8726 0.4855 -0.0530
vn 0.3494 0.1361 -0.9270
vn 0.6748 0.5440 -0.4987
vn 0.4282 0.8849 -0.1832
vn 0.9594 0.2697 -0.0823
vn 0.5691 0.7326 -0.3735
vn 0.0616 0.0764 -0.9952
vn 0.5032 0.8169 -0.2819
vn 0.8111 0.5847 -0.0107
vn 0.9312 0.3585 -0.0656
vn 0.2800 0.7110 -0.6451
vn 0.8407 0.5407 -0.0287
vn 0.2169 0.9723 0.0874
vn 0.7683 0.6398 0.0208
vn 0.2626 0.9646 0.0228
vn 0.3145 0.4837 -0.8168
vn 0.9743 0.2104 -0.0807
vn 0.9943 0.0329 -0.1016
vn 0.2442 0.7981 -0.5508
vn 0.8973 0.4388 -0.0484
vn 0.8652 0.5004 -0.0333
vn 0.9844 0.1575 -0.0781
vn 0.9471 0.3145 -0.0632
vn 0.3553 0.2196 -0.9086
vn 0.9914 0.0930 -0.0920
vn 0.3105 0.6397 -0.7031
vn 0.9948 0.0106 -0.1012
vn 0.3696 0.0043 -0.9292
vn 0.7176 0.4819 -0.5028
vn 0.8041 0.5941 0.0227
vn 0.9564 0.2868 -0.0557
vn 0.9106 0.4118 -0.0350
vn 0.8641 0.5034 -0.0010
vn 0.8386 0.5448 0.0043
vn 0.8881 0.4592 -0.0203
vn 0.3534 0.3378 -0.8724
vn 0.9919 0.1113 -0.0614
vn 0.1807 0.9163 -0.3574
vn 0.1566 0.9463 -0.2827
vn 0.7689 0.0808 -0.6342
vn 0.9255 0.3777 -0.0263
vn 0.9963 0.0485 -0.0703
vn 0.9694 0.2395 -0.0543
vn 0.7566 0.3946 -0.5214
vn 0.9792 0.1951 -0.0556
vn 0.9412 0.3370 -0.0250
vn 0.8817 0.4719 0.0033
vn 0.3426 0.5803 -0.7388
vn 0.8943 0.4474 0.0056
vn 0.9597 0.2801 -0.0244
vn 0.9987 0.0122 -0.0500
vn 0.9770 0.2103 -0.0342
vn 0.9967 0.0691 -0.0420
vn 0.9139 0.4059 -0.0101
vn 0.9869 0.1546 -0.0466
vn 0.5580 0.0007 -0.8298
vn 0.4957 0.0011 -0.8685
vn 0.9988 0.0314 -0.0369
vn 0.9425 0.3343 -0.0020
vn 0.9285 0.3713 -0.0067
vn 0.9938 0.1046 -0.0364
vn 0.9711 0.2385 -0.0105
vn 0.9530 0.3029 0.0007
vn 0.9894 0.1430 -0.0231
vn 0.9999 -0.0055 -0.0135
vn 0.9984 0.0298 0.0482
vn 0.9776 0.0127 0.2101
vn 0.9819 -0.0155 0.1887
vn 0.9776 0.0137 0.2102
vn 0.9795 -0.0060 0.2012
vn 0.9840 0.0397 0.1736
vn 0.9882 -0.0372 0.1483
vn 0.9903 0.0232 0.1368
vn 0.9930 -0.0106 0.1174
vn 0.9931 0.0480 0.1068
vn 0.9935 -0.0769 0.0841
vn 0.6607 -0.0161 0.7505
vn 0.6860 -0.0412 0.7265
vn 0.6505 -0.0101 0.7594
vn 0.6507 -0.0115 0.7592
vn 0.9236 0.0055 0.3834
vn 0.9232 0.0092 0.3843
vn 0.9132 0.0101 0.4073
vn 0.8979 -0.0145 0.4400
vn 0.8703 0.0084 0.4924
vn 0.8506 -0.0151 0.5256
vn 0.7977 0.0287 0.6024
vn 0.8220 0.0048 0.5694
vn 0.7603 -0.0632 0.6465
vn 0.7202 0.0636 0.6908
vn 0.4408 0.0001 0.8976
vn 0.4755 -0.0097 0.8797
vn 0.4737 -0.0039 0.8807
vn 0.4167 -0.0060 0.9090
vn 0.3504 0.0082 0.9366
vn 0.3157 -0.0056 0.9488
vn 0.2557 0.0127 0.9667
vn 0.2154 -0.0165 0.9764
vn 0.1572 0.0116 0.9875
vn 0.1371 0.0120 0.9905
vn 0.0116 -0.0180 0.9998
s 1
usemtl Part__Feature003_004_001_002.001
f 1477//1895 1332//1896 1333//1897
f 1472//1898 1339//1899 1329//1900
f 1479//1901 1349//1902 1348//1903
f 1475//1904 1355//1905 1356//1906
f 1358//1907 1359//1908 1476//1909
f 1477//1895 1359//1908 1332//1896
f 1361//1910 1360//1911 1335//1912
f 1472//1898 1334//1913 1339//1899
f 1468//1914 1362//1915 1350//1916
f 1342//1917 1363//1918 1479//1901
f 1475//1904 1364//1919 1355//1905
f 1479//1901 1363//1918 1349//1902
f 1365//1920 1366//1921 1367//1922
f 1367//1922 1366//1921 1368//1923
f 1337//1924 3915//1925 1338//1926
f 1351//1927 1364//1919 1475//1904
f 1368//1923 1366//1921 1347//1928
f 1361//1910 1369//1929 1360//1911
f 1356//1906 1369//1929 1361//1910
f 1348//1903 1370//1930 1354//1931
f 1352//1932 1371//1933 1357//1934
f 1342//1917 1343//1935 1363//1918
f 1337//1924 1372//1936 3915//1925
f 1373//1937 1374//1938 1344//1939
f 1345//1940 1374//1938 1468//1914
f 1468//1914 1374//1938 1362//1915
f 1340//1941 1375//1942 1341//1943
f 1344//1939 1374//1938 1345//1940
f 1348//1903 1349//1902 1370//1930
f 1351//1927 1350//1916 1364//1919
f 1347//1928 1376//1944 1346//1945
f 1356//1906 1355//1905 1369//1929
f 1353//1946 1377//1947 1352//1932
f 1352//1932 1377//1947 1371//1933
f 1333//1897 1378//1948 1478//1949
f 1330//1950 1379//1951 1340//1941
f 1325//1952 1380//1953 1323//1954
f 1340//1941 1379//1951 1375//1942
f 2253//1955 1380//1953 2233//1956
f 2233//1956 1380//1953 1325//1952
f 2253//1955 1381//1957 1380//1953
f 1347//1928 1366//1921 1376//1944
f 1333//1897 1332//1896 1378//1948
f 1346//1945 1384//1958 1353//1946
f 1353//1946 1384//1958 1377//1947
f 1478//1949 1383//1959 1336//1960
f 1329//1900 1339//1899 1327//1961
f 1387//1962 1386//1963 1382//1964
f 1343//1935 1385//1965 1363//1918
f 1382//1964 1386//1963 1381//1957
f 1323//1954 1380//1953 1321//1966
f 1331//1967 1389//1968 1330//1950
f 1350//1916 1390//1969 1364//1919
f 1349//1902 1388//1970 1370//1930
f 1330//1950 1389//1968 1379//1951
f 1387//1962 1391//1971 1386//1963
f 1314//1972 1354//1931 1315//1973
f 1355//1905 1392//1974 1369//1929
f 1358//1907 1393//1975 1359//1908
f 2273//1976 1391//1971 1387//1962
f 1359//1908 1393//1975 1332//1896
f 1360//1911 1394//1977 1335//1912
f 1346//1945 1376//1944 1384//1958
f 1478//1949 1378//1948 1383//1959
f 1381//1957 1395//1978 1380//1953
f 1334//1913 1396//1979 1339//1899
f 2273//1976 1397//1980 1391//1971
f 1343//1935 1336//1960 1385//1965
f 1331//1967 1357//1934 1389//1968
f 1362//1915 1398//1981 1350//1916
f 1350//1916 1398//1981 1390//1969
f 1399//1982 1397//1980 2273//1976
f 1349//1902 1363//1918 1388//1970
f 1355//1905 1364//1919 1392//1974
f 1381//1957 1386//1963 1395//1978
f 1360//1911 1369//1929 1394//1977
f 1332//1896 1400//1983 1378//1948
f 1335//1912 1401//1984 1334//1913
f 1334//1913 1401//1984 1396//1979
f 1403//1985 1404//1986 2285//1987
f 2285//1987 1404//1986 1399//1982
f 1339//1899 1405//1988 1327//1961
f 1399//1982 1404//1986 1397//1980
f 1341//1943 1402//1989 1320//1990
f 3197//1991 1366//1921 1365//1920
f 1362//1915 1374//1938 1398//1981
f 1354//1931 1406//1992 1315//1973
f 1332//1896 1393//1975 1400//1983
f 1335//1912 1394//1977 1401//1984
f 1336//1960 1408//1993 1385//1965
f 1339//1899 1396//1979 1405//1988
f 1375//1942 1409//1994 1341//1943
f 1341//1943 1409//1994 1402//1989
f 1363//1918 1410//1995 1388//1970
f 1321//1966 1411//1996 1317//1997
f 1380//1953 1411//1996 1321//1966
f 1354//1931 1370//1930 1406//1992
f 2288//1998 1412//1999 1407//2000
f 1407//2000 1412//1999 1403//1985
f 1336//1960 1383//1959 1408//1993
f 1357//1934 1420//2001 1389//1968
f 1363//1918 1385//1965 1410//1995
f 1327//1961 1405//1988 1324//2002
f 1375//1942 1379//1951 1409//1994
f 1380//1953 1413//2003 1411//1996
f 1395//1978 1413//2003 1380//1953
f 2288//1998 1414//2004 1412//1999
f 1320//1990 1402//1989 1318//2005
f 1415//2006 1393//1975 1358//1907
f 2293//2007 1414//2004 2288//1998
f 1395//1978 1386//1963 1413//2003
f 1357//1934 1371//1933 1420//2001
f 2293//2007 1417//2008 1414//2004
f 1370//1930 1416//2009 1406//1992
f 1418//2010 1417//2008 2290//2011
f 2290//2011 1417//2008 2293//2007
f 1419//2012 1417//2008 1418//2010
f 1369//1929 1421//2013 1394//1977
f 1383//1959 1422//2014 1408//1993
f 1385//1965 1424//2015 1410//1995
f 1401//1984 1423//2016 1396//1979
f 1425//2017 1374//1938 1373//1937
f 1370//1930 1426//2018 1416//2009
f 1388//1970 1426//2018 1370//1930
f 1371//1933 1377//1947 1427//2019
f 1390//1969 1428//2020 1364//1919
f 1369//1929 1392//1974 1421//2013
f 1403//1985 1430//2021 1404//1986
f 1379//1951 1431//2022 1409//1994
f 1383//1959 1378//1948 1422//2014
f 1394//1977 1432//2023 1401//1984
f 1401//1984 1432//2023 1423//2016
f 1385//1965 1408//1993 1424//2015
f 1396//1979 1433//2024 1405//1988
f 1388//1970 1410//1995 1426//2018
f 1386//1963 1434//2025 1413//2003
f 1435//2026 1402//1989 1436//2027
f 1437//2028 1438//2029 3197//1991
f 3197//1991 1438//2029 1366//1921
f 1390//1969 1398//1981 1428//2020
f 1366//1921 1438//2029 1376//1944
f 1364//1919 1439//2030 1392//1974
f 1411//1996 1440//2031 1317//1997
f 1377//1947 1384//1958 1427//2019
f 1394//1977 1421//2013 1432//2023
f 1371//1933 1429//2032 1420//2001
f 1403//1985 1412//1999 1430//2021
f 1427//2019 1429//2032 1371//1933
f 1389//1968 1441//2033 1379//1951
f 1396//1979 1423//2016 1433//2024
f 1379//1951 1441//2033 1431//2022
f 1420//2001 1441//2033 1389//1968
f 1402//1989 1409//1994 1436//2027
f 1386//1963 1442//2034 1434//2025
f 1391//1971 1442//2034 1386//1963
f 1436//2027 1409//1994 1431//2022
f 1425//2017 1443//2035 1374//1938
f 1374//1938 1443//2035 1398//1981
f 1406//1992 1444//2036 1315//1973
f 1445//2037 1446//2038 1415//2006
f 1364//1919 1428//2020 1439//2030
f 1411//1996 1413//2003 1440//2031
f 1393//1975 1446//2038 1400//1983
f 1415//2006 1446//2038 1393//1975
f 1392//1974 1447//2039 1421//2013
f 1378//1948 1448//2040 1422//2014
f 1435//2026 1449//2041 1402//1989
f 1402//1989 1449//2041 1318//2005
f 1391//1971 1450//2042 1442//2034
f 1397//1980 1450//2042 1391//1971
f 1318//2005 1449//2041 1451//2043
f 1410//1995 1452//2044 1426//2018
f 1384//1958 1453//2045 1427//2019
f 1416//2009 1454//2046 1406//1992
f 1398//1981 1455//2047 1428//2020
f 1406//1992 1454//2046 1444//2036
f 1384//1958 1456//2048 1453//2045
f 1317//1997 1440//2031 1316//2049
f 1378//1948 1457//2050 1448//2040
f 1392//1974 1439//2030 1447//2039
f 1417//2008 1458//2051 1414//2004
f 1400//1983 1457//2050 1378//1948
f 1419//2012 1458//2051 1417//2008
f 1376//1944 1456//2048 1384//1958
f 1376//1944 1459//2052 1456//2048
f 1460//2053 1458//2051 1419//2012
f 1337//1924 1459//2052 1437//2028
f 1437//2028 1459//2052 1438//2029
f 1438//2029 1459//2052 1376//1944
f 1338//1926 1459//2052 1337//1924
f 1410//1995 1424//2015 1452//2044
f 1456//2048 1459//2052 1338//1926
f 1397//1980 1461//2054 1450//2042
f 1404//1986 1461//2054 1397//1980
f 1426//2018 1462//2055 1416//2009
f 1324//2002 1463//2056 1322//2057
f 1405//1988 1463//2056 1324//2002
f 1416//2009 1462//2055 1454//2046
f 1398//1981 1443//2035 1455//2047
f 3221//2058 1443//2035 1425//2017
f 1315//1973 1444//2036 1328//2059
f 1400//1983 1446//2038 1457//2050
f 1404//1986 1430//2021 1461//2054
f 1405//1988 1433//2024 1463//2056
f 1426//2018 1452//2044 1462//2055
f 1421//2013 1464//2060 1432//2023
f 1423//2016 1465//2061 1433//2024
f 1413//2003 1466//2062 1440//2031
f 1467//2063 1446//2038 1445//2037
f 1421//2013 1447//2039 1464//2060
f 1414//2004 1468//1914 1412//1999
f 1432//2023 1469//2064 1423//2016
f 1423//2016 1469//2064 1465//2061
f 1408//1993 1352//1932 1424//2015
f 1433//2024 1470//2065 1463//2056
f 1413//2003 1471//2066 1466//2062
f 1434//2025 1471//2066 1413//2003
f 1440//2031 1472//1898 1316//2049
f 1414//2004 1458//2051 1468//1914
f 1412//1999 1473//2067 1430//2021
f 1408//1993 1353//1946 1352//1932
f 1432//2023 1464//2060 1469//2064
f 1422//2014 1353//1946 1408//1993
f 1433//2024 1465//2061 1470//2065
f 1424//2015 1474//2068 1452//2044
f 1461//2054 1475//1904 1450//2042
f 1322//2057 1463//2056 1319//2069
f 1476//1909 1443//2035 3221//2058
f 1434//2025 1442//2034 1471//2066
f 1428//2020 1333//1897 1439//2030
f 1328//2059 1444//2036 1326//2070
f 1440//2031 1466//2062 1472//1898
f 1412//1999 1468//1914 1473//2067
f 1422//2014 1448//2040 1353//1946
f 1461//2054 1430//2021 1475//1904
f 1424//2015 1352//1932 1474//2068
f 1428//2020 1477//1895 1333//1897
f 1455//2047 1477//1895 1428//2020
f 1439//2030 1478//1949 1447//2039
f 1457//2050 1347//1928 1448//2040
f 1465//2061 1479//1901 1470//2065
f 1442//2034 1361//1910 1471//2066
f 1462//2055 1330//1950 1454//2046
f 1455//2047 1443//2035 1477//1895
f 1439//2030 1333//1897 1478//1949
f 1444//2036 1341//1943 1326//2070
f 1367//1922 1368//1923 1467//2063
f 1467//2063 1368//1923 1446//2038
f 1446//2038 1368//1923 1457//2050
f 1457//2050 1368//1923 1347//1928
f 1465//2061 1469//2064 1479//1901
f 1430//2021 1351//1927 1475//1904
f 1450//2042 1356//1906 1442//2034
f 1462//2055 1331//1967 1330//1950
f 1442//2034 1356//1906 1361//1910
f 1452//2044 1331//1967 1462//2055
f 1454//2046 1340//1941 1444//2036
f 1444//2036 1340//1941 1341//1943
f 1316//2049 1472//1898 1329//1900
f 1344//1939 1345//1940 1460//2053
f 1458//2051 1345//1940 1468//1914
f 1460//2053 1345//1940 1458//2051
f 1452//2044 1474//2068 1331//1967
f 1430//2021 1473//2067 1351//1927
f 1450//2042 1475//1904 1356//1906
f 1454//2046 1330//1950 1340//1941
f 1443//2035 1359//1908 1477//1895
f 1476//1909 1359//1908 1443//2035
f 1466//2062 1334//1913 1472//1898
f 1447//2039 1336//1960 1464//2060
f 1448//2040 1346//1945 1353//1946
f 1469//2064 1342//1917 1479//1901
f 1470//2065 1348//1903 1463//2056
f 1471//2066 1335//1912 1466//2062
f 1466//2062 1335//1912 1334//1913
f 1447//2039 1478//1949 1336//1960
f 1464//2060 1343//1935 1469//2064
f 1448//2040 1347//1928 1346//1945
f 1469//2064 1343//1935 1342//1917
f 1470//2065 1479//1901 1348//1903
f 1473//2067 1350//1916 1351//1927
f 1474//2068 1357//1934 1331//1967
f 1319//2069 1354//1931 1314//1972
f 1463//2056 1354//1931 1319//2069
f 1471//2066 1361//1910 1335//1912
f 1326//2070 1341//1943 1320//1990
f 1464//2060 1336//1960 1343//1935
f 1473//2067 1468//1914 1350//1916
f 1474//2068 1352//1932 1357//1934
f 1463//2056 1348//1903 1354//1931
f 2287//2071 1480//2072 1481//2073
f 2287//2071 1481//2073 2284//2074
f 2284//2074 1481//2073 1482//2075
f 1484//2076 1485//2077 1488//2078
f 2266//2079 1482//2075 1486//2080
f 2276//2081 1493//2082 2289//2083
f 2286//2084 1491//2085 1494//2086
f 2281//2087 1494//2086 1495//2088
f 1487//2089 1497//2090 1498//2091
f 2280//2092 1500//2093 1501//2094
f 2268//2095 1504//2096 1505//2097
f 1508//2098 1509//2099 2267//2100
f 2267//2100 1509//2099 1492//2101
f 2276//2081 1492//2101 1493//2082
f 2291//2102 1489//2103 1499//2104
f 2291//2102 1500//2093 2280//2092
f 1488//2078 1519//2105 1487//2089
f 2277//2106 2289//2083 1496//2107
f 2282//2108 1496//2107 1503//2109
f 2291//2102 1499//2104 1500//2093
f 2268//2095 1498//2091 1504//2096
f 1492//2101 1510//2110 1493//2082
f 2292//2111 1511//2112 1502//2113
f 1491//2085 1512//2114 1494//2086
f 1498//2091 1497//2090 1513//2115
f 1498//2091 1513//2115 1504//2096
f 1506//2116 1501//2094 1514//2117
f 1492//2101 1509//2099 1510//2110
f 1480//2072 1515//2118 1481//2073
f 1484//2076 1483//2119 1485//2077
f 1482//2075 1516//2120 1486//2080
f 1490//2121 1518//2122 1491//2085
f 1491//2085 1518//2122 1512//2114
f 2289//2083 1493//2082 1522//2123
f 1480//2072 1503//2109 1515//2118
f 1488//2078 1533//2124 1519//2105
f 1489//2103 1486//2080 1517//2125
f 2292//2111 1495//2088 1511//2112
f 1487//2089 1519//2105 1497//2090
f 1489//2103 1520//2126 1499//2104
f 1502//2113 1521//2127 1483//2119
f 1488//2078 1485//2077 1533//2124
f 1489//2103 1517//2125 1520//2126
f 2289//2083 1522//2123 1496//2107
f 1500//2093 1499//2104 1529//2128
f 1505//2097 1504//2096 1523//2129
f 1524//2130 1525//2131 1526//2132
f 1525//2131 1527//2133 1526//2132
f 1528//2134 1527//2133 1525//2131
f 1502//2113 1511//2112 1521//2127
f 1483//2119 1538//2135 1485//2077
f 1482//2075 1481//2073 1516//2120
f 1503//2109 1496//2107 1515//2118
f 1500//2093 1529//2128 1501//2094
f 1483//2119 1530//2136 1538//2135
f 1504//2096 1531//2137 1523//2129
f 1532//2138 1509//2099 1508//2098
f 1507//2139 1518//2122 1490//2121
f 1510//2110 1535//2140 1493//2082
f 1483//2119 1521//2127 1530//2136
f 1510//2110 1534//2141 1535//2140
f 1493//2082 1535//2140 1522//2123
f 1494//2086 1536//2142 1495//2088
f 1496//2107 1522//2123 1537//2143
f 1496//2107 1537//2143 1515//2118
f 1499//2104 1548//2144 1529//2128
f 1504//2096 1513//2115 1531//2137
f 1501//2094 1539//2145 1514//2117
f 1540//2146 1518//2122 1507//2139
f 1510//2110 1509//2099 1534//2141
f 1495//2088 1541//2147 1511//2112
f 1499//2104 1520//2126 1548//2144
f 1481//2073 1515//2118 1544//2148
f 1485//2077 1546//2149 1533//2124
f 1486//2080 1516//2120 1517//2125
f 1494//2086 1542//2150 1536//2142
f 1512//2114 1542//2150 1494//2086
f 1495//2088 1536//2142 1541//2147
f 1497//2090 1543//2151 1513//2115
f 1501//2094 1529//2128 1539//2145
f 1485//2077 1538//2135 1546//2149
f 1519//2105 1543//2151 1497//2090
f 1481//2073 1544//2148 1516//2120
f 1519//2105 1533//2124 1543//2151
f 1514//2117 1539//2145 1545//2152
f 1532//2138 1534//2141 1509//2099
f 1512//2114 1547//2153 1542//2150
f 1515//2118 1549//2154 1544//2148
f 1516//2120 1550//2155 1517//2125
f 1518//2122 1547//2153 1512//2114
f 1522//2123 1551//2156 1537//2143
f 3342//2157 1552//2158 1553//2159
f 1555//2160 1554//2161 1552//2158
f 1555//2160 1556//2162 1554//2161
f 1540//2146 1557//2163 1518//2122
f 1518//2122 1557//2163 1547//2153
f 1522//2123 1558//2164 1551//2156
f 3020//2165 1559//2166 1555//2160
f 1555//2160 1559//2166 1556//2162
f 1529//2128 1548//2144 1539//2145
f 3021//2167 1559//2166 3020//2165
f 1552//2158 1560//2168 1553//2159
f 1517//2125 1561//2169 1520//2126
f 1535//2140 1558//2164 1522//2123
f 1515//2118 1537//2143 1549//2154
f 1513//2115 1543//2151 1564//2170
f 1562//2171 1570//2172 3021//2167
f 1513//2115 1564//2170 1531//2137
f 1521//2127 1565//2173 1530//2136
f 1538//2135 1530//2136 1566//2174
f 1538//2135 1566//2174 1546//2149
f 1552//2158 1554//2161 1560//2168
f 1523//2129 1531//2137 1568//2175
f 1562//2171 1567//2176 1570//2172
f 1535//2140 1569//2177 1558//2164
f 3021//2167 1570//2172 1559//2166
f 1548//2144 1520//2126 1563//2178
f 1511//2112 1565//2173 1521//2127
f 1516//2120 1544//2148 1550//2155
f 1535//2140 1534//2141 1569//2177
f 1536//2142 1572//2179 1541//2147
f 1537//2143 1573//2180 1549//2154
f 1511//2112 1574//2181 1565//2173
f 1554//2161 1575//2182 1560//2168
f 1554//2161 1556//2162 1575//2182
f 1576//2183 1577//2184 1571//2185
f 1511//2112 1541//2147 1574//2181
f 1548//2144 1598//2186 1539//2145
f 1544//2148 1549//2154 1578//2187
f 1544//2148 1578//2187 1550//2155
f 1520//2126 1561//2169 1563//2178
f 1548//2144 1563//2178 1598//2186
f 1543//2151 1581//2188 1564//2170
f 3006//2189 1580//2190 1577//2184
f 1546//2149 1566//2174 1579//2191
f 1582//2192 1534//2141 1532//2138
f 2372//2193 1557//2163 1540//2146
f 1536//2142 1583//2194 1572//2179
f 1549//2154 1584//2195 1578//2187
f 1517//2125 1550//2155 1561//2169
f 1543//2151 1587//2196 1581//2188
f 1534//2141 1588//2197 1569//2177
f 1533//2124 1587//2196 1543//2151
f 1556//2162 1589//2198 1575//2182
f 1542//2150 1583//2194 1536//2142
f 1537//2143 1551//2156 1573//2180
f 1541//2147 1572//2179 1574//2181
f 1570//2172 1567//2176 1590//2199
f 1531//2137 1564//2170 1568//2175
f 1530//2136 1565//2173 1591//2200
f 1570//2172 1590//2199 1559//2166
f 1559//2166 1590//2199 1585//2201
f 1530//2136 1591//2200 1566//2174
f 1556//2162 1559//2166 1589//2198
f 1546//2149 1587//2196 1533//2124
f 1547//2153 1593//2202 1542//2150
f 1542//2150 1593//2202 1583//2194
f 1558//2164 1608//2203 1551//2156
f 1546//2149 1579//2191 1587//2196
f 1567//2176 1571//2185 1594//2204
f 1567//2176 1594//2204 1590//2199
f 1553//2159 1595//2205 1596//2206
f 1560//2168 1595//2205 1553//2159
f 1539//2145 1598//2186 1545//2152
f 1560//2168 1575//2182 1595//2205
f 1582//2192 1588//2197 1534//2141
f 1547//2153 1557//2163 1593//2202
f 1559//2166 1585//2201 1589//2198
f 1550//2155 1578//2187 1600//2207
f 1580//2190 1604//2208 1577//2184
f 1550//2155 1600//2207 1561//2169
f 1577//2184 1605//2209 1571//2185
f 1563//2178 1615//2210 1598//2186
f 1592//2211 1603//2212 1586//2213
f 1577//2184 1604//2208 1605//2209
f 2372//2193 1623//2214 1557//2163
f 1557//2163 1623//2214 1593//2202
f 1566//2174 1606//2215 1579//2191
f 1558//2164 1607//2216 1608//2203
f 1551//2156 1608//2203 1573//2180
f 1549//2154 1573//2180 1584//2195
f 1609//2217 1602//2218 1601//2219
f 1564//2170 1581//2188 1610//2220
f 1592//2211 1597//2221 1603//2212
f 1564//2170 1610//2220 1568//2175
f 1566//2174 1591//2200 1606//2215
f 1575//2182 1612//2222 1595//2205
f 1558//2164 1569//2177 1607//2216
f 1578//2187 1616//2223 1600//2207
f 1561//2169 1600//2207 1611//2224
f 1575//2182 1589//2198 1612//2222
f 1571//2185 1631//2225 1594//2204
f 1590//2199 1594//2204 1614//2226
f 1574//2181 1617//2227 1565//2173
f 1598//2186 1620//2228 1545//2152
f 1581//2188 1618//2229 1610//2220
f 1580//2190 1619//2230 1604//2208
f 1545//2152 1620//2228 1599//2231
f 1568//2175 1621//2232 1613//2233
f 1571//2185 1605//2209 1631//2225
f 1563//2178 1622//2234 1615//2210
f 1598//2186 1615//2210 1620//2228
f 1586//2213 1619//2230 1580//2190
f 1563//2178 1561//2169 1622//2234
f 1587//2196 1618//2229 1581//2188
f 1574//2181 1625//2235 1617//2227
f 1590//2199 1633//2236 1585//2201
f 1572//2179 1625//2235 1574//2181
f 1568//2175 1610//2220 1621//2232
f 1586//2213 1603//2212 1619//2230
f 1565//2173 1626//2237 1591//2200
f 1582//2192 1627//2238 1588//2197
f 1628//2239 1627//2238 1582//2192
f 1604//2208 1629//2240 1605//2209
f 1569//2177 1630//2241 1607//2216
f 1593//2202 1624//2242 1583//2194
f 1572//2179 1583//2194 1625//2235
f 1590//2199 1614//2226 1633//2236
f 1585//2201 1633//2236 1589//2198
f 1578//2187 1584//2195 1616//2223
f 1579//2191 1635//2243 1587//2196
f 1588//2197 1630//2241 1569//2177
f 1593//2202 1623//2214 1624//2242
f 1573//2180 1608//2203 1632//2244
f 1573//2180 1636//2245 1584//2195
f 1565//2173 1617//2227 1626//2237
f 1597//2221 1602//2218 1641//2246
f 1604//2208 1619//2230 1629//2240
f 1600//2207 1634//2247 1611//2224
f 1587//2196 1635//2243 1618//2229
f 1588//2197 1627//2238 1630//2241
f 1573//2180 1632//2244 1636//2245
f 1584//2195 1636//2245 1637//2248
f 1584//2195 1637//2248 1616//2223
f 1600//2207 1616//2223 1634//2247
f 1589//2198 1638//2249 1612//2222
f 1608//2203 1607//2216 1639//2250
f 1608//2203 1639//2250 1632//2244
f 1583//2194 1624//2242 1625//2235
f 1595//2205 1640//2251 1596//2206
f 1597//2221 1641//2246 1603//2212
f 1603//2212 1642//2252 1619//2230
f 1599//2231 1620//2228 1643//2253
f 1561//2169 1611//2224 1622//2234
f 1579//2191 1659//2254 1635//2243
f 1594//2204 1631//2225 1614//2226
f 1589//2198 1633//2236 1638//2249
f 1579//2191 1606//2215 1659//2254
f 1609//2217 1645//2255 1602//2218
f 1602//2218 1645//2255 1641//2246
f 1610//2220 1662//2256 1621//2232
f 1619//2230 1646//2257 1629//2240
f 1611//2224 1647//2258 1622//2234
f 1618//2229 1635//2243 1644//2259
f 1615//2210 1622//2234 1648//2260
f 1615//2210 1648//2260 1620//2228
f 1610//2220 1649//2261 1662//2256
f 1591//2200 1650//2262 1606//2215
f 1606//2215 1651//2263 1659//2254
f 1595//2205 1652//2264 1640//2251
f 1624//2242 1653//2265 1625//2235
f 1617//2227 1654//2266 1626//2237
f 1610//2220 1655//2267 1649//2261
f 1618//2229 1655//2267 1610//2220
f 2533//2268 1645//2255 1609//2217
f 1619//2230 1642//2252 1646//2257
f 1591//2200 1626//2237 1650//2262
f 1612//2222 1652//2264 1595//2205
f 1656//2269 1623//2214 2372//2193
f 1605//2209 1657//2270 1631//2225
f 1631//2225 1657//2270 1614//2226
f 1633//2236 1658//2271 1638//2249
f 1612//2222 1638//2249 1652//2264
f 1618//2229 1644//2259 1655//2267
f 1624//2242 1660//2272 1653//2265
f 1623//2214 1660//2272 1624//2242
f 1625//2235 1680//2273 1617//2227
f 1603//2212 1641//2246 1642//2252
f 1642//2252 1661//2274 1646//2257
f 1611//2224 1634//2247 1647//2258
f 1621//2232 1662//2256 1613//2233
f 1629//2240 1670//2275 1605//2209
f 1632//2244 1663//2276 1636//2245
f 1633//2236 1664//2277 1658//2271
f 1614//2226 1664//2277 1633//2236
f 1616//2223 1665//2278 1634//2247
f 1606//2215 1650//2262 1651//2263
f 1638//2249 1666//2279 1652//2264
f 1607//2216 1667//2280 1639//2250
f 1639//2250 1663//2276 1632//2244
f 1641//2246 1645//2255 1674//2281
f 1620//2228 1668//2282 1643//2253
f 1622//2234 1647//2258 1679//2283
f 1630//2241 1667//2280 1607//2216
f 1656//2269 1660//2272 1623//2214
f 1648//2260 1668//2282 1620//2228
f 1638//2249 1658//2271 1666//2279
f 1636//2245 1673//2284 1637//2248
f 1629//2240 1669//2285 1670//2275
f 1651//2263 1683//2286 1659//2254
f 1635//2243 1659//2254 1644//2259
f 1605//2209 1670//2275 1657//2270
f 1614//2226 1671//2287 1664//2277
f 1648//2260 1672//2288 1668//2282
f 1626//2237 1654//2266 1650//2262
f 1641//2246 1674//2281 1642//2252
f 1616//2223 1675//2289 1665//2278
f 1646//2257 1669//2285 1629//2240
f 1676//2290 1627//2238 1628//2239
f 1613//2233 1662//2256 1677//2291
f 1614//2226 1657//2270 1671//2287
f 1625//2235 1678//2292 1680//2273
f 1648//2260 1679//2283 1672//2288
f 1622//2234 1679//2283 1648//2260
f 1617//2227 1680//2273 1654//2266
f 1616//2223 1637//2248 1675//2289
f 1650//2262 1687//2293 1651//2263
f 1625//2235 1653//2265 1678//2292
f 1642//2252 1674//2281 1661//2274
f 1634//2247 1693//2294 1647//2258
f 1636//2245 1663//2276 1673//2284
f 1634//2247 1665//2278 1693//2294
f 1652//2264 1666//2279 1684//2295
f 1652//2264 1684//2295 1640//2251
f 1640//2251 1684//2295 1681//2296
f 1630//2241 1701//2297 1667//2280
f 1657//2270 1685//2298 1671//2287
f 2533//2268 1698//2299 1645//2255
f 1645//2255 1698//2299 1674//2281
f 1662//2256 1686//2300 1677//2291
f 1637//2248 1673//2284 1675//2289
f 1651//2263 1687//2293 1683//2286
f 1643//2253 1688//2301 1682//2302
f 1630//2241 1627//2238 1701//2297
f 1639//2250 1690//2303 1663//2276
f 1653//2265 1691//2304 1678//2292
f 1662//2256 1649//2261 1686//2300
f 1650//2262 1712//2305 1687//2293
f 1659//2254 1689//2306 1644//2259
f 1655//2267 1644//2259 1692//2307
f 1653//2265 1660//2272 1691//2304
f 1639//2250 1667//2280 1690//2303
f 1650//2262 1654//2266 1712//2305
f 1668//2282 1688//2301 1643//2253
f 1655//2267 1695//2308 1649//2261
f 1661//2274 1696//2309 1646//2257
f 1659//2254 1683//2286 1689//2306
f 1647//2258 1694//2310 1679//2283
f 1676//2290 1710//2311 1627//2238
f 1627//2238 1710//2311 1701//2297
f 2402//2312 1660//2272 1656//2269
f 1663//2276 1697//2313 1673//2284
f 1655//2267 1692//2307 1695//2308
f 1646//2257 1713//2314 1669//2285
f 1647//2258 1693//2294 1694//2310
f 1657//2270 1670//2275 1685//2298
f 1699//2315 1698//2299 2533//2268
f 1674//2281 1708//2316 1661//2274
f 1673//2284 1700//2317 1675//2289
f 1646//2257 1696//2309 1713//2314
f 1644//2259 1689//2306 1692//2307
f 2402//2312 1704//2318 1660//2272
f 1654//2266 1680//2273 1712//2305
f 1658//2271 1702//2319 1666//2279
f 1674//2281 1698//2299 1708//2316
f 1665//2278 1706//2320 1693//2294
f 1666//2279 1703//2321 1684//2295
f 1660//2272 1704//2318 1691//2304
f 1658//2271 1705//2322 1702//2319
f 1649//2261 1695//2308 1686//2300
f 1665//2278 1675//2289 1706//2320
f 1683//2286 1723//2323 1689//2306
f 1663//2276 1690//2303 1697//2313
f 1680//2273 1678//2292 1726//2324
f 1679//2283 1721//2325 1672//2288
f 1664//2277 1705//2322 1658//2271
f 1666//2279 1702//2319 1703//2321
f 1668//2282 1707//2326 1688//2301
f 1661//2274 1708//2316 1696//2309
f 1669//2285 1715//2327 1670//2275
f 1683//2286 1709//2328 1723//2323
f 1679//2283 1694//2310 1721//2325
f 1670//2275 1716//2329 1685//2298
f 1667//2280 1711//2330 1690//2303
f 1664//2277 1671//2287 1705//2322
f 1668//2282 1672//2288 1707//2326
f 1669//2285 1713//2314 1715//2327
f 1687//2293 1709//2328 1683//2286
f 2301//2331 1710//2311 1676//2290
f 1670//2275 1715//2327 1716//2329
f 1667//2280 1701//2297 1711//2330
f 1678//2292 1691//2304 1725//2332
f 1693//2294 1718//2333 1694//2310
f 1684//2295 1703//2321 1719//2334
f 1684//2295 1719//2334 1681//2296
f 1671//2287 1685//2298 1717//2335
f 1672//2288 1721//2325 1707//2326
f 1693//2294 1706//2320 1718//2333
f 1677//2291 1722//2336 1714//2337
f 1689//2306 1723//2323 1692//2307
f 1724//2338 1704//2318 2402//2312
f 1673//2284 1697//2313 1700//2317
f 1678//2292 1725//2332 1726//2324
f 1680//2273 1726//2324 1712//2305
f 1681//2296 1719//2334 1720//2339
f 1692//2307 1727//2340 1695//2308
f 1671//2287 1743//2341 1705//2322
f 1695//2308 1728//2342 1686//2300
f 1677//2291 1686//2300 1722//2336
f 1675//2289 1729//2343 1706//2320
f 1692//2307 1723//2323 1727//2340
f 1685//2298 1716//2329 1717//2335
f 1690//2303 1732//2344 1697//2313
f 1671//2287 1717//2335 1743//2341
f 1703//2321 1702//2319 1731//2345
f 1687//2293 1730//2346 1709//2328
f 1703//2321 1731//2345 1719//2334
f 1694//2310 1744//2347 1721//2325
f 1701//2297 1710//2311 1711//2330
f 1690//2303 1711//2330 1732//2344
f 1675//2289 1700//2317 1729//2343
f 1712//2305 1730//2346 1687//2293
f 1706//2320 1729//2343 1718//2333
f 2301//2331 1733//2348 1710//2311
f 1724//2338 1734//2349 1704//2318
f 1698//2299 1751//2350 1708//2316
f 1708//2316 1737//2351 1696//2309
f 1704//2318 1734//2349 1691//2304
f 1699//2315 1765//2352 1698//2299
f 1698//2299 1765//2352 1751//2350
f 1700//2317 1735//2353 1729//2343
f 1686//2300 1736//2354 1722//2336
f 1696//2309 1737//2351 1713//2314
f 1715//2327 1738//2355 1752//2356
f 1713//2314 1738//2355 1715//2327
f 1682//2302 1739//2357 1740//2358
f 1688//2301 1739//2357 1682//2302
f 1694//2310 1741//2359 1744//2347
f 1691//2304 1749//2360 1725//2332
f 1717//2335 1742//2361 1743//2341
f 1726//2324 1725//2332 1753//2362
f 1712//2305 1726//2324 1747//2363
f 1702//2319 1745//2364 1731//2345
f 1695//2308 1746//2365 1728//2342
f 1688//2301 1707//2326 1739//2357
f 1712//2305 1747//2363 1730//2346
f 1723//2323 1748//2366 1754//2367
f 1709//2328 1748//2366 1723//2323
f 1694//2310 1718//2333 1741//2359
f 1695//2308 1727//2340 1746//2365
f 1710//2311 1762//2368 1711//2330
f 1711//2330 1757//2369 1732//2344
f 1691//2304 1734//2349 1749//2360
f 1705//2322 1745//2364 1702//2319
f 1708//2316 1751//2350 1737//2351
f 1686//2300 1728//2342 1736//2354
f 1715//2327 1752//2356 1716//2329
f 1710//2311 1733//2348 1762//2368
f 1705//2322 1743//2341 1745//2364
f 1700//2317 1697//2313 1750//2370
f 1726//2324 1753//2362 1747//2363
f 1709//2328 1730//2346 1748//2366
f 1719//2334 1755//2371 1720//2339
f 1723//2323 1754//2367 1727//2340
f 1700//2317 1750//2370 1735//2353
f 1721//2325 1756//2372 1707//2326
f 1713//2314 1737//2351 1738//2355
f 1717//2335 1716//2329 1742//2361
f 1721//2325 1744//2347 1756//2372
f 1759//2373 1765//2352 1699//2315
f 1744//2347 1741//2359 1770//2374
f 1722//2336 1761//2375 1714//2337
f 1711//2330 1762//2368 1757//2369
f 2447//2376 1734//2349 1724//2338
f 1716//2329 1763//2377 1742//2361
f 1725//2332 1764//2378 1753//2362
f 1731//2345 1745//2364 1760//2379
f 1707//2326 1776//2380 1739//2357
f 1719//2334 1731//2345 1755//2371
f 1720//2339 1755//2371 1758//2381
f 1697//2313 1767//2382 1750//2370
f 1732//2344 1767//2382 1697//2313
f 1725//2332 1749//2360 1764//2378
f 1707//2326 1756//2372 1776//2380
f 1736//2354 1728//2342 1766//2383
f 1722//2336 1736//2354 1761//2375
f 1718//2333 1768//2384 1769//2385
f 1729//2343 1768//2384 1718//2333
f 1718//2333 1769//2385 1741//2359
f 1716//2329 1752//2356 1763//2377
f 1743//2341 1742//2361 1774//2386
f 1732//2344 1757//2369 1767//2382
f 1744//2347 1770//2374 1756//2372
f 1730//2346 1771//2387 1748//2366
f 1731//2345 1772//2388 1755//2371
f 1745//2364 1774//2386 1760//2379
f 1751//2350 1775//2389 1737//2351
f 1737//2351 1777//2390 1738//2355
f 1729//2343 1735//2353 1768//2384
f 1731//2345 1760//2379 1772//2388
f 1714//2337 1761//2375 1778//2391
f 1741//2359 1781//2392 1770//2374
f 1727//2340 1779//2393 1746//2365
f 1733//2348 1796//2394 1762//2368
f 1752//2356 1780//2395 1763//2377
f 1753//2362 1764//2378 1773//2396
f 1743//2341 1774//2386 1745//2364
f 1728//2342 1782//2397 1766//2383
f 1751//2350 1765//2352 1775//2389
f 1746//2365 1782//2397 1728//2342
f 1736//2354 1766//2383 1761//2375
f 1747//2363 1783//2398 1730//2346
f 1748//2366 1771//2387 1784//2399
f 1748//2366 1784//2399 1754//2367
f 1755//2371 1785//2400 1758//2381
f 1727//2340 1754//2367 1779//2393
f 1735//2353 1750//2370 1786//2401
f 1759//2373 1802//2402 1765//2352
f 1739//2357 1776//2380 1740//2358
f 1735//2353 1786//2401 1768//2384
f 1738//2355 1787//2403 1752//2356
f 1752//2356 1787//2403 1780//2395
f 1789//2404 1796//2394 1733//2348
f 1790//2405 1791//2406 2447//2376
f 2447//2376 1791//2406 1734//2349
f 1749//2360 1792//2407 1764//2378
f 1747//2363 1753//2362 1783//2398
f 1730//2346 1783//2398 1771//2387
f 1749//2360 1734//2349 1792//2407
f 1737//2351 1775//2389 1777//2390
f 1769//2385 1795//2408 1741//2359
f 1746//2365 1779//2393 1782//2397
f 1742//2361 1793//2409 1774//2386
f 1757//2369 1794//2410 1767//2382
f 1754//2367 1784//2399 1779//2393
f 1741//2359 1795//2408 1781//2392
f 1757//2369 1797//2411 1794//2410
f 1750//2370 1767//2382 1798//2412
f 1750//2370 1798//2412 1786//2401
f 1776//2380 1756//2372 1799//2413
f 1776//2380 1799//2413 1740//2358
f 1742//2361 1763//2377 1793//2409
f 1762//2368 1797//2411 1757//2369
f 1753//2362 1817//2414 1783//2398
f 1766//2383 1782//2397 1803//2415
f 1770//2374 1801//2416 1756//2372
f 1765//2352 1802//2402 1775//2389
f 1766//2383 1803//2415 1761//2375
f 1738//2355 1804//2417 1787//2403
f 1755//2371 1772//2388 1785//2400
f 1762//2368 1796//2394 1797//2411
f 1774//2386 1808//2418 1760//2379
f 1753//2362 1773//2396 1817//2414
f 1786//2401 1809//2419 1768//2384
f 1777//2390 1804//2417 1738//2355
f 1740//2358 1806//2420 1788//2421
f 1761//2375 1807//2422 1778//2391
f 1770//2374 1781//2392 1801//2416
f 1734//2349 1791//2406 1792//2407
f 1774//2386 1793//2409 1800//2423
f 1774//2386 1800//2423 1808//2418
f 1760//2379 1808//2418 1772//2388
f 1771//2387 1811//2424 1784//2399
f 1758//2381 1785//2400 1805//2425
f 1810//2426 1802//2402 1759//2373
f 1740//2358 1799//2413 1806//2420
f 1779//2393 1812//2427 1782//2397
f 1763//2377 1780//2395 1813//2428
f 1763//2377 1813//2428 1793//2409
f 1764//2378 1814//2429 1773//2396
f 1769//2385 1815//2430 1795//2408
f 1784//2399 1819//2431 1779//2393
f 1772//2388 1816//2432 1785//2400
f 1767//2382 1832//2433 1798//2412
f 1786//2401 1798//2412 1809//2419
f 1756//2372 1818//2434 1799//2413
f 1771//2387 1836//2435 1811//2424
f 1768//2384 1815//2430 1769//2385
f 1784//2399 1811//2424 1819//2431
f 1778//2391 1807//2422 1820//2436
f 1780//2395 1821//2437 1813//2428
f 1767//2382 1794//2410 1832//2433
f 1756//2372 1801//2416 1818//2434
f 1782//2397 1822//2438 1803//2415
f 1761//2375 1803//2415 1807//2422
f 1777//2390 1823//2439 1804//2417
f 1783//2398 1836//2435 1771//2387
f 1768//2384 1809//2419 1815//2430
f 1785//2400 1824//2440 1805//2425
f 1797//2411 1825//2441 1794//2410
f 1773//2396 1833//2442 1817//2414
f 1783//2398 1817//2414 1836//2435
f 1775//2389 1823//2439 1777//2390
f 1780//2395 1787//2403 1821//2437
f 1779//2393 1819//2431 1812//2427
f 1781//2392 1826//2443 1801//2416
f 1793//2409 1813//2428 1829//2444
f 1789//2404 1827//2445 1796//2394
f 1797//2411 1828//2446 1825//2441
f 1793//2409 1829//2444 1800//2423
f 1764//2378 1792//2407 1814//2429
f 1773//2396 1814//2429 1833//2442
f 1775//2389 1802//2402 1823//2439
f 1785//2400 1816//2432 1824//2440
f 1795//2408 1826//2443 1781//2392
f 1797//2411 1796//2394 1828//2446
f 1810//2426 1834//2447 1802//2402
f 1799//2413 1830//2448 1806//2420
f 1795//2408 1848//2449 1826//2443
f 1782//2397 1812//2427 1822//2438
f 1831//2450 1827//2445 1789//2404
f 1772//2388 1808//2418 1816//2432
f 1803//2415 1822//2438 1835//2451
f 1802//2402 1834//2447 1823//2439
f 1803//2415 1835//2451 1807//2422
f 1795//2408 1815//2430 1848//2449
f 1809//2419 1798//2412 1839//2452
f 1817//2414 1846//2453 1836//2435
f 1799//2413 1818//2434 1830//2448
f 1787//2403 1837//2454 1821//2437
f 1813//2428 1849//2455 1829//2444
f 1796//2394 1827//2445 1828//2446
f 1800//2423 1829//2444 1838//2456
f 1792//2407 1859//2457 1814//2429
f 1794//2410 1850//2458 1832//2433
f 1800//2423 1838//2456 1808//2418
f 1817//2414 1833//2442 1846//2453
f 1787//2403 1804//2417 1837//2454
f 1809//2419 1839//2452 1815//2430
f 1792//2407 1840//2459 1859//2457
f 1794//2410 1825//2441 1850//2458
f 1788//2421 1806//2420 1842//2460
f 1807//2422 1843//2461 1820//2436
f 1791//2406 1840//2459 1792//2407
f 1790//2405 1840//2459 1791//2406
f 1822//2438 1844//2462 1835//2451
f 1804//2417 1845//2463 1855//2464
f 1823//2439 1845//2463 1804//2417
f 1807//2422 1835//2451 1843//2461
f 1815//2430 1847//2465 1848//2449
f 1805//2425 1824//2440 1841//2466
f 1798//2412 1856//2467 1839//2452
f 1819//2431 1851//2468 1812//2427
f 1806//2420 1852//2469 1842//2460
f 1812//2427 1853//2470 1822//2438
f 1826//2443 1858//2471 1801//2416
f 1854//2472 1840//2459 1790//2405
f 1808//2418 1838//2456 1864//2473
f 1798//2412 1832//2433 1856//2467
f 1801//2416 1861//2474 1818//2434
f 1804//2417 1855//2464 1837//2454
f 1824//2440 1857//2475 1841//2466
f 1826//2443 1848//2449 1858//2471
f 1801//2416 1858//2471 1861//2474
f 1860//2476 1834//2447 1810//2426
f 1818//2434 1861//2474 1830//2448
f 1806//2420 1830//2448 1852//2469
f 1819//2431 1862//2477 1851//2468
f 1811//2424 1862//2477 1819//2431
f 1820//2436 1843//2461 1526//2132
f 1828//2446 1863//2478 1825//2441
f 1814//2429 1867//2479 1833//2442
f 1808//2418 1864//2473 1816//2432
f 1823//2439 1865//2480 1845//2463
f 1834//2447 1865//2480 1823//2439
f 1811//2424 1836//2435 1862//2477
f 1815//2430 1839//2452 1847//2465
f 1824//2440 1866//2481 1857//2475
f 1816//2432 1866//2481 1824//2440
f 1829//2444 1849//2455 1838//2456
f 1814//2429 1859//2457 1867//2479
f 1860//2476 1865//2480 1834//2447
f 1830//2448 1868//2482 1852//2469
f 1843//2461 1524//2130 1526//2132
f 1822//2438 1853//2470 1844//2462
f 1828//2446 1827//2445 1863//2478
f 1838//2456 1869//2483 1864//2473
f 1832//2433 1870//2484 1856//2467
f 1836//2435 1846//2453 1862//2477
f 1813//2428 1871//2485 1872//2486
f 1821//2437 1871//2485 1813//2428
f 1848//2449 1847//2465 1883//2487
f 1813//2428 1872//2486 1849//2455
f 1832//2433 1850//2458 1870//2484
f 1830//2448 1861//2474 1868//2482
f 1843//2461 1876//2488 1524//2130
f 1821//2437 1837//2454 1871//2485
f 1812//2427 1851//2468 1853//2470
f 1831//2450 1877//2489 1827//2445
f 1827//2445 1877//2489 1863//2478
f 1816//2432 1864//2473 1866//2481
f 1846//2453 1833//2442 1874//2490
f 1855//2464 1845//2463 1875//2491
f 1843//2461 1835//2451 1876//2488
f 1839//2452 1856//2467 1882//2492
f 1841//2466 1857//2475 1873//2493
f 1849//2455 1888//2494 1838//2456
f 1825//2441 1878//2495 1850//2458
f 1850//2458 1879//2496 1870//2484
f 1851//2468 1890//2497 1853//2470
f 1849//2455 1880//2498 1888//2494
f 1825//2441 1863//2478 1878//2495
f 1846//2453 1893//2499 1862//2477
f 1839//2452 1882//2492 1847//2465
f 1849//2455 1872//2486 1880//2498
f 1848//2449 1883//2487 1858//2471
f 1859//2457 1840//2459 1881//2500
f 1833//2442 1867//2479 1874//2490
f 1850//2458 1878//2495 1879//2496
f 1841//2466 1873//2493 1884//2501
f 1846//2453 1874//2490 1893//2499
f 1835//2451 1886//2502 1876//2488
f 1837//2454 1887//2503 1871//2485
f 1864//2473 1869//2483 1885//2504
f 1844//2462 1886//2502 1835//2451
f 1864//2473 1909//2505 1866//2481
f 1855//2464 1887//2503 1837//2454
f 1851//2468 1889//2506 1890//2497
f 1847//2465 1904//2507 1883//2487
f 1867//2479 1891//2508 1874//2490
f 1864//2473 1885//2504 1909//2505
f 1860//2476 1892//2509 1865//2480
f 1855//2464 1875//2491 1887//2503
f 1862//2477 1889//2506 1851//2468
f 1854//2472 1894//2510 1840//2459
f 1857//2475 1895//2511 1873//2493
f 1852//2469 1896//2512 1842//2460
f 1897//2513 1877//2489 1831//2450
f 1838//2456 1888//2494 1869//2483
f 1856//2467 1870//2484 1899//2514
f 1856//2467 1899//2514 1882//2492
f 1866//2481 1895//2511 1857//2475
f 1867//2479 1900//2515 1891//2508
f 1859//2457 1900//2515 1867//2479
f 1858//2471 1914//2516 1861//2474
f 1901//2517 1892//2509 1860//2476
f 1868//2482 1861//2474 1898//2518
f 1868//2482 1896//2512 1852//2469
f 1853//2470 1907//2519 1844//2462
f 1902//2520 1894//2510 1854//2472
f 1840//2459 1894//2510 1881//2500
f 1847//2465 1903//2521 1904//2507
f 1859//2457 1881//2500 1900//2515
f 1858//2471 1906//2522 1914//2516
f 1865//2480 1908//2523 1845//2463
f 1853//2470 1890//2497 1907//2519
f 1868//2482 1898//2518 1896//2512
f 1844//2462 1907//2519 1886//2502
f 1847//2465 1882//2492 1903//2521
f 1874//2490 1891//2508 1905//2524
f 1858//2471 1883//2487 1906//2522
f 1874//2490 1918//2525 1893//2499
f 1862//2477 1893//2499 1889//2506
f 1879//2496 1921//2526 1870//2484
f 1865//2480 1892//2509 1908//2523
f 1845//2463 1908//2523 1875//2491
f 1874//2490 1905//2524 1918//2525
f 1866//2481 1909//2505 1895//2511
f 1842//2460 1896//2512 1910//2527
f 1888//2494 1880//2498 1919//2528
f 1863//2478 1877//2489 1912//2529
f 1863//2478 1912//2529 1878//2495
f 1879//2496 1913//2530 1921//2526
f 1861//2474 1914//2516 1898//2518
f 1882//2492 1899//2514 1915//2531
f 1872//2486 1871//2485 1911//2532
f 1882//2492 1915//2531 1903//2521
f 1876//2488 1916//2533 1524//2130
f 1524//2130 1916//2533 1528//2134
f 1879//2496 1878//2495 1913//2530
f 1875//2491 1917//2534 1887//2503
f 1883//2487 1904//2507 1906//2522
f 1888//2494 1919//2528 1869//2483
f 1869//2483 1919//2528 1924//2535
f 1890//2497 1920//2536 1907//2519
f 1870//2484 1921//2526 1899//2514
f 1876//2488 1886//2502 1916//2533
f 1873//2493 1922//2537 1884//2501
f 1871//2485 1887//2503 1911//2532
f 1895//2511 1909//2505 1923//2538
f 1895//2511 1923//2538 1873//2493
f 1873//2493 1923//2538 1922//2537
f 1872//2486 1911//2532 1880//2498
f 1890//2497 1889//2506 1920//2536
f 1869//2483 1924//2535 1885//2504
f 1899//2514 1921//2526 1927//2539
f 1881//2500 1926//2540 1900//2515
f 1899//2514 1927//2539 1915//2531
f 1909//2505 1885//2504 1925//2541
f 1881//2500 1894//2510 1926//2540
f 1891//2508 1928//2542 1905//2524
f 1914//2516 1906//2522 1939//2543
f 1889//2506 1929//2544 1931//2545
f 1877//2489 1930//2546 1912//2529
f 1897//2513 1930//2546 1877//2489
f 1889//2506 1931//2545 1920//2536
f 1878//2495 1912//2529 1913//2530
f 1891//2508 1900//2515 1928//2542
f 1886//2502 1932//2547 1916//2533
f 1893//2499 1929//2544 1889//2506
f 1528//2134 1933//2548 1527//2133
f 1875//2491 1908//2523 1917//2534
f 1887//2503 1934//2549 1911//2532
f 1909//2505 1935//2550 1923//2538
f 1896//2512 1936//2551 1910//2527
f 1893//2499 1918//2525 1929//2544
f 1906//2522 1937//2552 1939//2543
f 1885//2504 1924//2535 1925//2541
f 1907//2519 1920//2536 1938//2553
f 1909//2505 1925//2541 1935//2550
f 1886//2502 1938//2553 1932//2547
f 1907//2519 1938//2553 1886//2502
f 1914//2516 1939//2543 1898//2518
f 1898//2518 1940//2554 1896//2512
f 1916//2533 1941//2555 1528//2134
f 1528//2134 1941//2555 1933//2548
f 1902//2520 1926//2540 1894//2510
f 1887//2503 1917//2534 1934//2549
f 1904//2507 1903//2521 1950//2556
f 1922//2537 1923//2538 1947//2557
f 1906//2522 1904//2507 1937//2552
f 1911//2532 1942//2558 1880//2498
f 1918//2525 1944//2559 1929//2544
f 1880//2498 1943//2560 1919//2528
f 1920//2536 1945//2561 1938//2553
f 1913//2530 1946//2562 1921//2526
f 1898//2518 1939//2543 1940//2554
f 1916//2533 1932//2547 1941//2555
f 1880//2498 1942//2558 1943//2560
f 1922//2537 1947//2557 1884//2501
f 1884//2501 1947//2557 1948//2563
f 1905//2524 1928//2542 1963//2564
f 1918//2525 1905//2524 1944//2559
f 1904//2507 1950//2556 1937//2552
f 1919//2528 1954//2565 1924//2535
f 1924//2535 1951//2566 1925//2541
f 1920//2536 1931//2545 1945//2561
f 1900//2515 1952//2567 1928//2542
f 1911//2532 1953//2568 1942//2558
f 1927//2539 1949//2569 1915//2531
f 1919//2528 1943//2560 1954//2565
f 1924//2535 1954//2565 1951//2566
f 1908//2523 1955//2570 1917//2534
f 1896//2512 1956//2571 1936//2551
f 1911//2532 1934//2549 1953//2568
f 1923//2538 1935//2550 1958//2572
f 1903//2521 1957//2573 1950//2556
f 1923//2538 1958//2572 1947//2557
f 1931//2545 1929//2544 1964//2574
f 1912//2529 1959//2575 1913//2530
f 1921//2526 1946//2562 1966//2576
f 1940//2554 1956//2571 1896//2512
f 1915//2531 1957//2573 1903//2521
f 1913//2530 1959//2575 1946//2562
f 1908//2523 1960//2577 1955//2570
f 1901//2517 1960//2577 1892//2509
f 1892//2509 1960//2577 1908//2523
f 1900//2515 1961//2578 1952//2567
f 1917//2534 1962//2579 1934//2549
f 1915//2531 1949//2569 1957//2573
f 1905//2524 1963//2564 1944//2559
f 1937//2552 1972//2580 1939//2543
f 2416//2581 1930//2546 1897//2513
f 1931//2545 1964//2574 1945//2561
f 1938//2553 1965//2582 1932//2547
f 1921//2526 1966//2576 1927//2539
f 1900//2515 1926//2540 1961//2578
f 1939//2543 1975//2583 1940//2554
f 1942//2558 1967//2584 1943//2560
f 1912//2529 1968//2585 1959//2575
f 1925//2541 1986//2586 1935//2550
f 2655//2587 1960//2577 1901//2517
f 1969//2588 1926//2540 1902//2520
f 1934//2549 1970//2589 1953//2568
f 1912//2529 1930//2546 1968//2585
f 1925//2541 1951//2566 1986//2586
f 1942//2558 1953//2568 1967//2584
f 1943//2560 1967//2584 1971//2590
f 1943//2560 1971//2590 1954//2565
f 1939//2543 1972//2580 1975//2583
f 1927//2539 1991//2591 1949//2569
f 1926//2540 1974//2592 1961//2578
f 1969//2588 1974//2592 1926//2540
f 1917//2534 1955//2570 1962//2579
f 1940//2554 1975//2583 1956//2571
f 1934//2549 1962//2579 1970//2589
f 1928//2542 1996//2593 1963//2564
f 1944//2559 1963//2564 1977//2594
f 1935//2550 1997//2595 1958//2572
f 1957//2573 1976//2596 1950//2556
f 1944//2559 1977//2594 1929//2544
f 1938//2553 1945//2561 1965//2582
f 1927//2539 1966//2576 1991//2591
f 1928//2542 1952//2567 1996//2593
f 1932//2547 1979//2597 1941//2555
f 1941//2555 1979//2597 1980//2598
f 1941//2555 1980//2598 1933//2548
f 1933//2548 1980//2598 1973//2599
f 1937//2552 1981//2600 1972//2580
f 1954//2565 1982//2601 1951//2566
f 1956//2571 1983//2602 1936//2551
f 1936//2551 1983//2602 1978//2603
f 1958//2572 1987//2604 1947//2557
f 1937//2552 1950//2556 1981//2600
f 1929//2544 1984//2605 1964//2574
f 2416//2581 1968//2585 1930//2546
f 1985//2606 1968//2585 2416//2581
f 1935//2550 1986//2586 1997//2595
f 1932//2547 1965//2582 1979//2597
f 1948//2563 1988//2607 1989//2608
f 1947//2557 1988//2607 1948//2563
f 1959//2575 1994//2609 1946//2562
f 1962//2579 1990//2610 1970//2589
f 1957//2573 1991//2591 1976//2596
f 1949//2569 1991//2591 1957//2573
f 1936//2551 1978//2603 1992//2611
f 1929//2544 1977//2594 1984//2605
f 1959//2575 1993//2612 1994//2609
f 1964//2574 1998//2613 1945//2561
f 1966//2576 1994//2609 2003//2614
f 1946//2562 1994//2609 1966//2576
f 1945//2561 1995//2615 1965//2582
f 1958//2572 1997//2595 1987//2604
f 1947//2557 1987//2604 1988//2607
f 1954//2565 1971//2590 1982//2601
f 1975//2583 1972//2580 2008//2616
f 1968//2585 1993//2612 1959//2575
f 1945//2561 1998//2613 1995//2615
f 1955//2570 2011//2617 1962//2579
f 1956//2571 1975//2583 1983//2602
f 1951//2566 1999//2618 1986//2586
f 1955//2570 2002//2619 2011//2617
f 1966//2576 2003//2614 1991//2591
f 1952//2567 2019//2620 1996//2593
f 1953//2568 2000//2621 1967//2584
f 1950//2556 2005//2622 1981//2600
f 1972//2580 1981//2600 2001//2623
f 1971//2590 2006//2624 1982//2601
f 1951//2566 1982//2601 1999//2618
f 1964//2574 2007//2625 1998//2613
f 1955//2570 1960//2577 2002//2619
f 1975//2583 2008//2616 1983//2602
f 1961//2578 2009//2626 1952//2567
f 1952//2567 2009//2626 2019//2620
f 1953//2568 1970//2589 2000//2621
f 1963//2564 2004//2627 1977//2594
f 1950//2556 1976//2596 2005//2622
f 1984//2605 2007//2625 1964//2574
f 1986//2586 2013//2628 1997//2595
f 1965//2582 1995//2615 2010//2629
f 1965//2582 2010//2629 1979//2597
f 1962//2579 2011//2617 1990//2610
f 1963//2564 1996//2593 2004//2627
f 1971//2590 1967//2584 2006//2624
f 1979//2597 2022//2630 1980//2598
f 1980//2598 2015//2631 1973//2599
f 1986//2586 1999//2618 2013//2628
f 2655//2587 2002//2619 1960//2577
f 2667//2632 2002//2619 2655//2587
f 2012//2633 1974//2592 1969//2588
f 1961//2578 1974//2592 2009//2626
f 1977//2594 2025//2634 1984//2605
f 1977//2594 2004//2627 2025//2634
f 1987//2604 2014//2635 1988//2607
f 1972//2580 2031//2636 2008//2616
f 1973//2599 2015//2631 2016//2637
f 1970//2589 2018//2638 2000//2621
f 1983//2602 2020//2639 1978//2603
f 1991//2591 2024//2640 1976//2596
f 1979//2597 2021//2641 2022//2630
f 1980//2598 2022//2630 2015//2631
f 1972//2580 2001//2623 2031//2636
f 1968//2585 2023//2642 1993//2612
f 1985//2606 2023//2642 1968//2585
f 1979//2597 2010//2629 2021//2641
f 1991//2591 2003//2614 2017//2643
f 1987//2604 1997//2595 2014//2635
f 1976//2596 2024//2640 2005//2622
f 1981//2600 2043//2644 2001//2623
f 1984//2605 2025//2634 2007//2625
f 1982//2601 2036//2645 1999//2618
f 1988//2607 2026//2646 1989//2608
f 1998//2613 2038//2647 1995//2615
f 1991//2591 2017//2643 2024//2640
f 1974//2592 2027//2648 2009//2626
f 2012//2633 2027//2648 1974//2592
f 1970//2589 1990//2610 2018//2638
f 1967//2584 2000//2621 2006//2624
f 1978//2603 2028//2649 1992//2611
f 1982//2601 2029//2650 2036//2645
f 1994//2609 1993//2612 2030//2651
f 1994//2609 2030//2651 2003//2614
f 2011//2617 2002//2619 2032//2652
f 2011//2617 2032//2652 1990//2610
f 1996//2593 2033//2653 2004//2627
f 1997//2595 2034//2654 2014//2635
f 1988//2607 2014//2635 2026//2646
f 2006//2624 2029//2650 1982//2601
f 1983//2602 2008//2616 2020//2639
f 1996//2593 2019//2620 2033//2653
f 1978//2603 2020//2639 2028//2649
f 2013//2628 2034//2654 1997//2595
f 1992//2611 2028//2649 2035//2655
f 1998//2613 2037//2656 2038//2647
f 1995//2615 2038//2647 2010//2629
f 1998//2613 2007//2625 2037//2656
f 1999//2618 2045//2657 2013//2628
f 2039//2658 2002//2619 2667//2632
f 2019//2620 2009//2626 2050//2659
f 1990//2610 2040//2660 2018//2638
f 2000//2621 2018//2638 2041//2661
f 2000//2621 2041//2661 2006//2624
f 1981//2600 2042//2662 2043//2644
f 2001//2623 2043//2644 2031//2636
f 1993//2612 2023//2642 2044//2663
f 1993//2612 2044//2663 2030//2651
f 1999//2618 2036//2645 2045//2657
f 2013//2628 2045//2657 2034//2654
f 2003//2614 2030//2651 2051//2664
f 2010//2629 2046//2665 2021//2641
f 1990//2610 2032//2652 2040//2660
f 2014//2635 2047//2666 2026//2646
f 1981//2600 2005//2622 2042//2662
f 2007//2625 2025//2634 2053//2667
f 2039//2658 2057//2668 2002//2619
f 2009//2626 2049//2669 2050//2659
f 2008//2616 2058//2670 2020//2639
f 2019//2620 2050//2659 2033//2653
f 2031//2636 2043//2644 2048//2671
f 2003//2614 2051//2664 2017//2643
f 2008//2616 2031//2636 2058//2670
f 2014//2635 2034//2654 2047//2666
f 2005//2622 2024//2640 2072//2672
f 1989//2608 2026//2646 2052//2673
f 2007//2625 2053//2667 2037//2656
f 2010//2629 2054//2674 2046//2665
f 2009//2626 2027//2648 2049//2669
f 2022//2630 2021//2641 2055//2675
f 2022//2630 2055//2675 2015//2631
f 2006//2624 2074//2676 2029//2650
f 2056//2677 2023//2642 1985//2606
f 2010//2629 2038//2647 2054//2674
f 2002//2619 2057//2668 2032//2652
f 2020//2639 2058//2670 2028//2649
f 2006//2624 2059//2678 2074//2676
f 2015//2631 2061//2679 2016//2637
f 2016//2637 2061//2679 2062//2680
f 2598//2681 2027//2648 2012//2633
f 2041//2661 2059//2678 2006//2624
f 2028//2649 2065//2682 2035//2655
f 2036//2645 2029//2650 2060//2683
f 2038//2647 2066//2684 2054//2674
f 2051//2664 2030//2651 2063//2685
f 2031//2636 2081//2686 2058//2670
f 2032//2652 2067//2687 2040//2660
f 2041//2661 2068//2688 2059//2678
f 2024//2640 2069//2689 2071//2690
f 2033//2653 2064//2691 2004//2627
f 2004//2627 2070//2692 2025//2634
f 2024//2640 2071//2690 2072//2672
f 2005//2622 2072//2672 2042//2662
f 2015//2631 2073//2693 2061//2679
f 2031//2636 2048//2671 2081//2686
f 2017//2643 2069//2689 2024//2640
f 2027//2648 2076//2694 2049//2669
f 2598//2681 2076//2694 2027//2648
f 2033//2653 2050//2659 2064//2691
f 2004//2627 2064//2691 2070//2692
f 2021//2641 2046//2665 2055//2675
f 2043//2644 2042//2662 2084//2695
f 2015//2631 2055//2675 2073//2693
f 2023//2642 2078//2696 2044//2663
f 2056//2677 2078//2696 2023//2642
f 2044//2663 2080//2697 2030//2651
f 2045//2657 2036//2645 2075//2698
f 2045//2657 2077//2699 2034//2654
f 2038//2647 2037//2656 2066//2684
f 2017//2643 2051//2664 2069//2689
f 2032//2652 2057//2668 2067//2687
f 2025//2634 2079//2700 2053//2667
f 2045//2657 2075//2698 2077//2699
f 2035//2655 2065//2682 2083//2701
f 2029//2650 2085//2702 2060//2683
f 2043//2644 2084//2695 2048//2671
f 2030//2651 2086//2703 2063//2685
f 2051//2664 2087//2704 2069//2689
f 2018//2638 2088//2705 2041//2661
f 2034//2654 2082//2706 2047//2666
f 2025//2634 2070//2692 2079//2700
f 2029//2650 2074//2676 2085//2702
f 2026//2646 2090//2707 2052//2673
f 2051//2664 2063//2685 2087//2704
f 2018//2638 2040//2660 2088//2705
f 2050//2659 2049//2669 2092//2708
f 2034//2654 2077//2699 2082//2706
f 2055//2675 2046//2665 2089//2709
f 2030//2651 2080//2697 2086//2703
f 2036//2645 2060//2683 2075//2698
f 2037//2656 2091//2710 2066//2684
f 2072//2672 2071//2690 2095//2711
f 2047//2666 2090//2707 2026//2646
f 2055//2675 2089//2709 2073//2693
f 2053//2667 2091//2710 2037//2656
f 2050//2659 2092//2708 2064//2691
f 2047//2666 2082//2706 2090//2707
f 2042//2662 2102//2712 2084//2695
f 2044//2663 2078//2696 2080//2697
f 2053//2667 2079//2700 2091//2710
f 2040//2660 2067//2687 2088//2705
f 2046//2665 2094//2713 2089//2709
f 2041//2661 2088//2705 2068//2688
f 2028//2649 2058//2670 2065//2682
f 2072//2672 2095//2711 2042//2662
f 2059//2678 2093//2714 2074//2676
f 2042//2662 2095//2711 2102//2712
f 2048//2671 2096//2715 2081//2686
f 2052//2673 2090//2707 2097//2716
f 2061//2679 2098//2717 2062//2680
f 2046//2665 2054//2674 2094//2713
f 2077//2699 2099//2718 2082//2706
f 2064//2691 2100//2719 2070//2692
f 2084//2695 2096//2715 2048//2671
f 2057//2668 2101//2720 2067//2687
f 2059//2678 2068//2688 2093//2714
f 2069//2689 2109//2721 2071//2690
f 2084//2695 2102//2712 2096//2715
f 2073//2693 2098//2717 2061//2679
f 2039//2658 2101//2720 2057//2668
f 2103//2722 2101//2720 2039//2658
f 2104//2723 2076//2694 2598//2681
f 2049//2669 2105//2724 2092//2708
f 2074//2676 2093//2714 2085//2702
f 2106//2725 2078//2696 2056//2677
f 2060//2683 2118//2726 2075//2698
f 2054//2674 2066//2684 2094//2713
f 2069//2689 2087//2704 2109//2721
f 2058//2670 2107//2727 2065//2682
f 2060//2683 2108//2728 2118//2726
f 2049//2669 2076//2694 2105//2724
f 2058//2670 2081//2686 2107//2727
f 2064//2691 2092//2708 2100//2719
f 2073//2693 2110//2729 2098//2717
f 2085//2702 2108//2728 2060//2683
f 2079//2700 2119//2730 2091//2710
f 2086//2703 2111//2731 2063//2685
f 2066//2684 2132//2732 2112//2733
f 2091//2710 2132//2732 2066//2684
f 2066//2684 2112//2733 2094//2713
f 2067//2687 2113//2734 2088//2705
f 2068//2688 2115//2735 2093//2714
f 2070//2692 2116//2736 2079//2700
f 2073//2693 2089//2709 2110//2729
f 2081//2686 2096//2715 2114//2737
f 2079//2700 2117//2738 2119//2730
f 2077//2699 2118//2726 2099//2718
f 2091//2710 2119//2730 2132//2732
f 2075//2698 2118//2726 2077//2699
f 2063//2685 2129//2739 2087//2704
f 2067//2687 2120//2740 2113//2734
f 2100//2719 2116//2736 2070//2692
f 2082//2706 2125//2741 2090//2707
f 2093//2714 2131//2742 2085//2702
f 2083//2701 2065//2682 2122//2743
f 2086//2703 2080//2697 2111//2731
f 2063//2685 2111//2731 2129//2739
f 2067//2687 2101//2720 2120//2740
f 2088//2705 2113//2734 2123//2744
f 2081//2686 2114//2737 2107//2727
f 2088//2705 2123//2744 2068//2688
f 2082//2706 2124//2745 2125//2741
f 2090//2707 2125//2741 2097//2716
f 2079//2700 2116//2736 2117//2738
f 2071//2690 2121//2746 2095//2711
f 2062//2680 2098//2717 2126//2747
f 2076//2694 2158//2748 2105//2724
f 2104//2723 2158//2748 2076//2694
f 2109//2721 2121//2746 2071//2690
f 2082//2706 2099//2718 2124//2745
f 2065//2682 2127//2749 2122//2743
f 2078//2696 2106//2725 2080//2697
f 2080//2697 2128//2750 2111//2731
f 2087//2704 2129//2739 2109//2721
f 2094//2713 2140//2751 2089//2709
f 2068//2688 2123//2744 2115//2735
f 2065//2682 2107//2727 2127//2749
f 2095//2711 2139//2752 2102//2712
f 2085//2702 2131//2742 2108//2728
f 2105//2724 2130//2753 2092//2708
f 2095//2711 2121//2746 2139//2752
f 2096//2715 2133//2754 2114//2737
f 2080//2697 2106//2725 2128//2750
f 2107//2727 2134//2755 2127//2749
f 2100//2719 2154//2756 2116//2736
f 2096//2715 2102//2712 2133//2754
f 2108//2728 2135//2757 2118//2726
f 2118//2726 2136//2758 2099//2718
f 2099//2718 2137//2759 2124//2745
f 2100//2719 2092//2708 2154//2756
f 2089//2709 2140//2751 2110//2729
f 2098//2717 2110//2729 2146//2760
f 2109//2721 2129//2739 2142//2761
f 2109//2721 2142//2761 2121//2746
f 2125//2741 2124//2745 2138//2762
f 2093//2714 2150//2763 2131//2742
f 2117//2738 2141//2764 2119//2730
f 2118//2726 2135//2757 2136//2758
f 2119//2730 2145//2765 2132//2732
f 2103//2722 2166//2766 2101//2720
f 2101//2720 2166//2766 2120//2740
f 2098//2717 2146//2760 2126//2747
f 2094//2713 2147//2767 2140//2751
f 2092//2708 2148//2768 2154//2756
f 2093//2714 2149//2769 2150//2763
f 2119//2730 2141//2764 2145//2765
f 2112//2733 2147//2767 2094//2713
f 2092//2708 2130//2753 2148//2768
f 2115//2735 2149//2769 2093//2714
f 2125//2741 2144//2770 2097//2716
f 2102//2712 2152//2771 2133//2754
f 2108//2728 2131//2742 2135//2757
f 2112//2733 2132//2732 2147//2767
f 2624//2772 2158//2748 2104//2723
f 2116//2736 2154//2756 2117//2738
f 2125//2741 2138//2762 2144//2770
f 2102//2712 2139//2752 2152//2771
f 2110//2729 2155//2773 2146//2760
f 2129//2739 2156//2774 2142//2761
f 2123//2744 2113//2734 2153//2775
f 2105//2724 2158//2748 2130//2753
f 2121//2746 2142//2761 2143//2776
f 2131//2742 2160//2777 2135//2757
f 2132//2732 2145//2765 2167//2778
f 2097//2716 2144//2770 2161//2779
f 2099//2718 2136//2758 2137//2759
f 2120//2740 2171//2780 2113//2734
f 2140//2751 2147//2767 2157//2781
f 2115//2735 2162//2782 2149//2769
f 2139//2752 2121//2746 2159//2783
f 2110//2729 2140//2751 2155//2773
f 2122//2743 2127//2749 2163//2784
f 2131//2742 2150//2763 2160//2777
f 2128//2750 2164//2785 2111//2731
f 2111//2731 2165//2786 2129//2739
f 2120//2740 2166//2766 2171//2780
f 2115//2735 2123//2744 2162//2782
f 2132//2732 2167//2778 2147//2767
f 2137//2759 2185//2787 2124//2745
f 2124//2745 2185//2787 2138//2762
f 2127//2749 2168//2788 2163//2784
f 2106//2725 2169//2789 2128//2750
f 2128//2750 2169//2789 2164//2785
f 2151//2790 2169//2789 2106//2725
f 2129//2739 2165//2786 2156//2774
f 2142//2761 2156//2774 2172//2791
f 2107//2727 2170//2792 2134//2755
f 2114//2737 2170//2792 2107//2727
f 2113//2734 2171//2780 2153//2775
f 2127//2749 2134//2755 2168//2788
f 2142//2761 2172//2791 2143//2776
f 2121//2746 2143//2776 2159//2783
f 2139//2752 2159//2783 2152//2771
f 2174//2793 2166//2766 2103//2722
f 2175//2794 2158//2748 2624//2772
f 2123//2744 2153//2775 2162//2782
f 2117//2738 2154//2756 2173//2795
f 2111//2731 2164//2785 2165//2786
f 2147//2767 2167//2778 2177//2796
f 2146//2760 2176//2797 2126//2747
f 2147//2767 2177//2796 2157//2781
f 2130//2753 2178//2798 2148//2768
f 2148//2768 2179//2799 2154//2756
f 2154//2756 2179//2799 2188//2800
f 2140//2751 2180//2801 2155//2773
f 2114//2737 2181//2802 2170//2792
f 2146//2760 2155//2773 2176//2797
f 2133//2754 2181//2802 2114//2737
f 2117//2738 2186//2803 2141//2764
f 2137//2759 2182//2804 2185//2787
f 2140//2751 2157//2781 2180//2801
f 2130//2753 2158//2748 2178//2798
f 2149//2769 2184//2805 2150//2763
f 2134//2755 2183//2806 2168//2788
f 2117//2738 2173//2795 2186//2803
f 2143//2776 2194//2807 2159//2783
f 2133//2754 2152//2771 2181//2802
f 2141//2764 2186//2803 2145//2765
f 2137//2759 2136//2758 2182//2804
f 2126//2747 2176//2797 2187//2808
f 2162//2782 2184//2805 2149//2769
f 2154//2756 2188//2800 2173//2795
f 2168//2788 2189//2809 2163//2784
f 2156//2774 2200//2810 2172//2791
f 2158//2748 2190//2811 2178//2798
f 2135//2757 2198//2812 2136//2758
f 2144//2770 2192//2813 2161//2779
f 2174//2793 2204//2814 2166//2766
f 2167//2778 2208//2815 2177//2796
f 2153//2775 2205//2816 2162//2782
f 2175//2794 2190//2811 2158//2748
f 2148//2768 2178//2798 2179//2799
f 2138//2762 2191//2817 2144//2770
f 2155//2773 2195//2818 2176//2797
f 2197//2819 2169//2789 2151//2790
f 2135//2757 2196//2820 2198//2812
f 2136//2758 2198//2812 2182//2804
f 2171//2780 2166//2766 2193//2821
f 2134//2755 2170//2792 2183//2806
f 2153//2775 2171//2780 2205//2816
f 2138//2762 2185//2787 2191//2817
f 2144//2770 2191//2817 2192//2813
f 2160//2777 2196//2820 2135//2757
f 2157//2781 2177//2796 2180//2801
f 2143//2776 2201//2822 2194//2807
f 2152//2771 2217//2823 2181//2802
f 2163//2784 2189//2809 2202//2824
f 2160//2777 2203//2825 2196//2820
f 2164//2785 2169//2789 2199//2826
f 2167//2778 2145//2765 2207//2827
f 2166//2766 2204//2814 2193//2821
f 2171//2780 2222//2828 2205//2816
f 2162//2782 2205//2816 2184//2805
f 2150//2763 2184//2805 2203//2825
f 2168//2788 2183//2806 2189//2809
f 2143//2776 2172//2791 2201//2822
f 2150//2763 2203//2825 2160//2777
f 2152//2771 2159//2783 2217//2823
f 2156//2774 2212//2829 2200//2810
f 2171//2780 2193//2821 2222//2828
f 2188//2800 2179//2799 2223//2830
f 2155//2773 2180//2801 2195//2818
f 2145//2765 2206//2831 2207//2827
f 2167//2778 2207//2827 2208//2815
f 2156//2774 2165//2786 2212//2829
f 2185//2787 2182//2804 2215//2832
f 2145//2765 2186//2803 2206//2831
f 2172//2791 2200//2810 2201//2822
f 2209//2833 2190//2811 2175//2794
f 2170//2792 2181//2802 2213//2834
f 2198//2812 2210//2835 2182//2804
f 2182//2804 2211//2836 2215//2832
f 2170//2792 2213//2834 2183//2806
f 2184//2805 2214//2837 2203//2825
f 2185//2787 2215//2832 2191//2817
f 2173//2795 2232//2838 2186//2803
f 2191//2817 2216//2839 2192//2813
f 2161//2779 2192//2813 2218//2840
f 2176//2797 2219//2841 2187//2808
f 2220//2842 2204//2814 2174//2793
f 2177//2796 2221//2843 2180//2801
f 2188//2800 2223//2830 2173//2795
f 2173//2795 2223//2830 2232//2838
f 2198//2812 2196//2820 2210//2835
f 2181//2802 2224//2844 2213//2834
f 2197//2819 2199//2826 2169//2789
f 2177//2796 2208//2815 2221//2843
f 2164//2785 2228//2845 2165//2786
f 2165//2786 2237//2846 2212//2829
f 2184//2805 2205//2816 2214//2837
f 2183//2806 2225//2847 2189//2809
f 2176//2797 2226//2848 2219//2841
f 2159//2783 2242//2849 2217//2823
f 2181//2802 2217//2823 2224//2844
f 2192//2813 2227//2850 2218//2840
f 2164//2785 2199//2826 2228//2845
f 2165//2786 2228//2845 2237//2846
f 2200//2810 2238//2851 2201//2822
f 2179//2799 2229//2852 2223//2830
f 2180//2801 2230//2853 2195//2818
f 2176//2797 2195//2818 2226//2848
f 2203//2825 2231//2854 2196//2820
f 2186//2803 2232//2838 2206//2831
f 2159//2783 2194//2807 2242//2849
f 2182//2804 2210//2835 2211//2836
f 2189//2809 2233//1956 2202//2824
f 2204//2814 2235//2855 2193//2821
f 2200//2810 2212//2829 2238//2851
f 2191//2817 2215//2832 2216//2839
f 2192//2813 2216//2839 2227//2850
f 2204//2814 2234//2856 2235//2855
f 2220//2842 2234//2856 2204//2814
f 2193//2821 2235//2855 2222//2828
f 2180//2801 2221//2843 2230//2853
f 2209//2833 2236//2857 2190//2811
f 2208//2815 2207//2827 2255//2858
f 2201//2822 2238//2851 2194//2807
f 2205//2816 2239//2859 2214//2837
f 2557//2860 2199//2826 2197//2819
f 2183//2806 2213//2834 2225//2847
f 2205//2816 2222//2828 2239//2859
f 2207//2827 2240//2861 2255//2858
f 2215//2832 2211//2836 2243//2862
f 2194//2807 2238//2851 2241//2863
f 2190//2811 2248//2864 2178//2798
f 2194//2807 2241//2863 2242//2849
f 2203//2825 2214//2837 2231//2854
f 2215//2832 2243//2862 2216//2839
f 2202//2824 2233//1956 2244//2865
f 2190//2811 2236//2857 2248//2864
f 2178//2798 2248//2864 2179//2799
f 2179//2799 2248//2864 2229//2852
f 2223//2830 2249//2866 2232//2838
f 2232//2838 2249//2866 2254//2867
f 2195//2818 2230//2853 2245//2868
f 2196//2820 2231//2854 2246//2869
f 2206//2831 2250//2870 2207//2827
f 2196//2820 2247//2871 2210//2835
f 2207//2827 2250//2870 2240//2861
f 2199//2826 2251//2872 2228//2845
f 2189//2809 2253//1955 2233//1956
f 2195//2818 2245//2868 2226//2848
f 2196//2820 2246//2869 2247//2871
f 2217//2823 2242//2849 2224//2844
f 2213//2834 2224//2844 1382//1964
f 2557//2860 2251//2872 2199//2826
f 2222//2828 2235//2855 2252//2873
f 2212//2829 2270//2874 2238//2851
f 2223//2830 2229//2852 2249//2866
f 2189//2809 2225//2847 2253//1955
f 2206//2831 2254//2867 2250//2870
f 2232//2838 2254//2867 2206//2831
f 2208//2815 2255//2858 2221//2843
f 2222//2828 2252//2873 2239//2859
f 2228//2845 2251//2872 2269//2875
f 2214//2837 2271//2876 2231//2854
f 2212//2829 2237//2846 2270//2874
f 2216//2839 2256//2877 2227//2850
f 2218//2840 2227//2850 2257//2878
f 2216//2839 2259//2879 2256//2877
f 2231//2854 2260//2880 2246//2869
f 2210//2835 2261//2881 2211//2836
f 2214//2837 2239//2859 2271//2876
f 2216//2839 2243//2862 2259//2879
f 2226//2848 2258//2882 2219//2841
f 2210//2835 2247//2871 2261//2881
f 2219//2841 2258//2882 2262//2883
f 2225//2847 1381//1957 2253//1955
f 2238//2851 2285//1987 2241//2863
f 2244//2865 2233//1956 1325//1952
f 2263//2884 2251//2872 2557//2860
f 2211//2836 2264//2885 2243//2862
f 2230//2853 2266//2079 2245//2868
f 2235//2855 2265//2886 2252//2873
f 2213//2834 1382//1964 2225//2847
f 2225//2847 1382//1964 1381//1957
f 2227//2850 2268//2095 2257//2878
f 2235//2855 2234//2856 2265//2886
f 2221//2843 2266//2079 2230//2853
f 2236//2857 2267//2100 2248//2864
f 2209//2833 2267//2100 2236//2857
f 2237//2846 2269//2875 2279//2887
f 2228//2845 2269//2875 2237//2846
f 2238//2851 2270//2874 2285//1987
f 2231//2854 2271//2876 2260//2880
f 2226//2848 2272//2888 2258//2882
f 2211//2836 2261//2881 2264//2885
f 2242//2849 2273//1976 2224//2844
f 2221//2843 2255//2858 2266//2079
f 2224//2844 1387//1962 1382//1964
f 2239//2859 2281//2087 2271//2876
f 2245//2868 2272//2888 2226//2848
f 2227//2850 2256//2877 2268//2095
f 2220//2842 2265//2886 2234//2856
f 2274//2889 2265//2886 2220//2842
f 2275//2890 2267//2100 2209//2833
f 2229//2852 2248//2864 2276//2081
f 2229//2852 2276//2081 2249//2866
f 2249//2866 2277//2106 2254//2867
f 2245//2868 2278//2891 2272//2888
f 2237//2846 2279//2887 2270//2874
f 2255//2858 2240//2861 2284//2074
f 2245//2868 2266//2079 2278//2891
f 2252//2873 2286//2084 2239//2859
f 2258//2882 2280//2092 2262//2883
f 2242//2849 1399//1982 2273//1976
f 2224//2844 2273//1976 1387//1962
f 2254//2867 2282//2108 2250//2870
f 2247//2871 2283//2892 2261//2881
f 2255//2858 2284//2074 2266//2079
f 2241//2863 1399//1982 2242//2849
f 2246//2869 2283//2892 2247//2871
f 2241//2863 2285//1987 1399//1982
f 2252//2873 1491//2085 2286//2084
f 2239//2859 2286//2084 2281//2087
f 2254//2867 2277//2106 2282//2108
f 2258//2882 2272//2888 2280//2092
f 2246//2869 2260//2880 2283//2892
f 2240//2861 1480//2072 2287//2071
f 2250//2870 1480//2072 2240//2861
f 2240//2861 2287//2071 2284//2074
f 2252//2873 2265//2886 1491//2085
f 2249//2866 2289//2083 2277//2106
f 2256//2877 1498//2091 2268//2095
f 2251//2872 2290//2011 2269//2875
f 2279//2887 2269//2875 2288//1998
f 2257//2878 2268//2095 1505//2097
f 2270//2874 1403//1985 2285//1987
f 1508//2098 2267//2100 2275//2890
f 2263//2884 2290//2011 2251//2872
f 2249//2866 2276//2081 2289//2083
f 2243//2862 1487//2089 2259//2879
f 2270//2874 1407//2000 1403//1985
f 2272//2888 2291//2102 2280//2092
f 2256//2877 2259//2879 1498//2091
f 2271//2876 2292//2111 2260//2880
f 2250//2870 2282//2108 1480//2072
f 2269//2875 2290//2011 2293//2007
f 2269//2875 2293//2007 2288//1998
f 2261//2881 1484//2076 2264//2885
f 2243//2862 2264//2885 1487//2089
f 2279//2887 1407//2000 2270//2874
f 2267//2100 1492//2101 2248//2864
f 1418//2010 2290//2011 2263//2884
f 2279//2887 2288//1998 1407//2000
f 2262//2883 2280//2092 1506//2116
f 2248//2864 1492//2101 2276//2081
f 2272//2888 2278//2891 2291//2102
f 2283//2892 1483//2119 2261//2881
f 2264//2885 1488//2078 1487//2089
f 2259//2879 1487//2089 1498//2091
f 2271//2876 2281//2087 2292//2111
f 2260//2880 1502//2113 2283//2892
f 2264//2885 1484//2076 1488//2078
f 2274//2889 1490//2121 2265//2886
f 2281//2087 1495//2088 2292//2111
f 2278//2891 1489//2103 2291//2102
f 2260//2880 2292//2111 1502//2113
f 2283//2892 1502//2113 1483//2119
f 2261//2881 1483//2119 1484//2076
f 2284//2074 1482//2075 2266//2079
f 2266//2079 1489//2103 2278//2891
f 2265//2886 1490//2121 1491//2085
f 2280//2092 1501//2094 1506//2116
f 2266//2079 1486//2080 1489//2103
f 1507//2139 1490//2121 2274//2889
f 2286//2084 1494//2086 2281//2087
f 2282//2108 2277//2106 1496//2107
f 1480//2072 2282//2108 1503//2109
f 2294//2893 2736//2894 2296//2895
f 2304//2896 2746//2897 2305//2898
f 2297//2899 2739//2900 2313//2901
f 2322//2902 2300//2903 2314//2904
f 2315//2905 2299//2906 2316//2907
f 2325//2908 2303//2909 2318//2910
f 2307//2911 2744//2912 2294//2893
f 2317//2913 2323//2914 2324//2915
f 2305//2898 2319//2916 2321//2917
f 2326//2918 2320//2919 2295//2920
f 2274//2889 2298//2921 2297//2899
f 2311//2922 2299//2906 2315//2905
f 2328//2923 2310//2924 2300//2903
f 2327//2925 2313//2901 2303//2909
f 2304//2896 2312//2926 2746//2897
f 2306//2927 2322//2902 2307//2911
f 2330//2928 2318//2910 2309//2929
f 2331//2930 2294//2893 2296//2895
f 2328//2923 2300//2903 2322//2902
f 2327//2925 2303//2909 2325//2908
f 2329//2931 2301//2331 2302//2932
f 2329//2931 2302//2932 2317//2913
f 2330//2928 2309//2929 2310//2924
f 2308//2933 2320//2919 2326//2918
f 2332//2934 2312//2926 2304//2896
f 2325//2908 2318//2910 2330//2928
f 2333//2935 2305//2898 2321//2917
f 1507//2139 2274//2889 2297//2899
f 2334//2936 2311//2922 2315//2905
f 2335//2937 2327//2925 2325//2908
f 2304//2896 2305//2898 2333//2935
f 2332//2934 2295//2920 2312//2926
f 2315//2905 2316//2907 2336//2938
f 2337//2939 2307//2911 2294//2893
f 2338//2940 2310//2924 2328//2923
f 2338//2940 2330//2928 2310//2924
f 2334//2936 2321//2917 2311//2922
f 2351//2941 2294//2893 2331//2930
f 2329//2931 1733//2348 2301//2331
f 2340//2942 2328//2923 2322//2902
f 2306//2927 2307//2911 2337//2939
f 2345//2943 2304//2896 2333//2935
f 2341//2944 2308//2933 2326//2918
f 2342//2945 2321//2917 2334//2936
f 2331//2930 2296//2895 2343//2946
f 2344//2947 2313//2901 2327//2925
f 2344//2947 2297//2899 2313//2901
f 2335//2937 2325//2908 2330//2928
f 2337//2939 2294//2893 2351//2941
f 2348//2948 2317//2913 2324//2915
f 2338//2940 2328//2923 2340//2942
f 2346//2949 2322//2902 2306//2927
f 2347//2950 2332//2934 2304//2896
f 2339//2951 2333//2935 2321//2917
f 1507//2139 2297//2899 2344//2947
f 2326//2918 2295//2920 2332//2934
f 2329//2931 1789//2404 1733//2348
f 2349//2952 2327//2925 2335//2937
f 2350//2953 2330//2928 2338//2940
f 2339//2951 2321//2917 2342//2945
f 2341//2944 2324//2915 2308//2933
f 2340//2942 2322//2902 2346//2949
f 2352//2954 2315//2905 2336//2938
f 1789//2404 2317//2913 2348//2948
f 1789//2404 2329//2931 2317//2913
f 2344//2947 2327//2925 2349//2952
f 2353//2955 2332//2934 2347//2950
f 2335//2937 2330//2928 2350//2953
f 2345//2943 2333//2935 2339//2951
f 2354//2956 2338//2940 2340//2942
f 2347//2950 2304//2896 2345//2943
f 2348//2948 2324//2915 2341//2944
f 1540//2146 1507//2139 2344//2947
f 2355//2957 2326//2918 2332//2934
f 2352//2954 2334//2936 2315//2905
f 2356//2958 2306//2927 2337//2939
f 2351//2941 2331//2930 2343//2946
f 2357//2959 2340//2942 2346//2949
f 2358//2960 2341//2944 2326//2918
f 2354//2956 2350//2953 2338//2940
f 2358//2960 2326//2918 2355//2957
f 2359//2961 2335//2937 2350//2953
f 2360//2962 2345//2943 2339//2951
f 2363//2963 2337//2939 2351//2941
f 2362//2964 2334//2936 2352//2954
f 2346//2949 2306//2927 2356//2958
f 2358//2960 2348//2948 2341//2944
f 2355//2957 2332//2934 2353//2955
f 2364//2965 2349//2952 2335//2937
f 2365//2966 2350//2953 2354//2956
f 2364//2965 2335//2937 2359//2961
f 2366//2967 2337//2939 2363//2963
f 2368//2968 1789//2404 2348//2948
f 2342//2945 2334//2936 2362//2964
f 2361//2969 2344//2947 2349//2952
f 2359//2961 2350//2953 2365//2966
f 2368//2968 2348//2948 2358//2960
f 2354//2956 2340//2942 2357//2959
f 2361//2969 2349//2952 2364//2965
f 2369//2970 2358//2960 2355//2957
f 2372//2193 1540//2146 2344//2947
f 2369//2970 2355//2957 2353//2955
f 2356//2958 2337//2939 2366//2967
f 2370//2971 2347//2950 2345//2943
f 1831//2450 1789//2404 2368//2968
f 2371//2972 2351//2941 2343//2946
f 2372//2193 2344//2947 2361//2969
f 2362//2964 2339//2951 2342//2945
f 2373//2973 2357//2959 2346//2949
f 2374//2974 2358//2960 2369//2970
f 2375//2975 2336//2938 2367//2976
f 2378//2977 2354//2956 2357//2959
f 2370//2971 2353//2955 2347//2950
f 2371//2972 2363//2963 2351//2941
f 2377//2978 2339//2951 2362//2964
f 2378//2977 2357//2959 2373//2973
f 2379//2979 2365//2966 2354//2956
f 2370//2971 2345//2943 2360//2962
f 2373//2973 2346//2949 2356//2958
f 2380//2980 2336//2938 2375//2975
f 2380//2980 2352//2954 2336//2938
f 2378//2977 2379//2979 2354//2956
f 2383//2981 2361//2969 2364//2965
f 2384//2982 2359//2961 2365//2966
f 2384//2982 2365//2966 2379//2979
f 2385//2983 2353//2955 2370//2971
f 2376//2984 2368//2968 2358//2960
f 2377//2978 2360//2962 2339//2951
f 2386//2985 2362//2964 2352//2954
f 2376//2984 2358//2960 2374//2974
f 2387//2986 2364//2965 2359//2961
f 2388//2987 2369//2970 2353//2955
f 2381//2988 1831//2450 2368//2968
f 2371//2972 2343//2946 2382//2989
f 2383//2981 2372//2193 2361//2969
f 2366//2967 2363//2963 2371//2972
f 2381//2988 2368//2968 2376//2984
f 2374//2974 2369//2970 2388//2987
f 2391//2990 2356//2958 2366//2967
f 1656//2269 2372//2193 2383//2981
f 2387//2986 2359//2961 2384//2982
f 2392//2991 2376//2984 2374//2974
f 2377//2978 2362//2964 2389//2992
f 2388//2987 2353//2955 2385//2983
f 2381//2988 1897//2513 1831//2450
f 2390//2993 2373//2973 2356//2958
f 2393//2994 2366//2967 2371//2972
f 2389//2992 2362//2964 2386//2985
f 2387//2986 2383//2981 2364//2965
f 2390//2993 2356//2958 2391//2990
f 2392//2991 2381//2988 2376//2984
f 2394//2995 2360//2962 2377//2978
f 2395//2996 2384//2982 2379//2979
f 2396//2997 2378//2977 2373//2973
f 2397//2998 2385//2983 2370//2971
f 2398//2999 2373//2973 2390//2993
f 2386//2985 2352//2954 2380//2980
f 2399//3000 2387//2986 2384//2982
f 2400//3001 2379//2979 2378//2977
f 2401//3002 2377//2978 2389//2992
f 2402//2312 2383//2981 2387//2986
f 2399//3000 2384//2982 2395//2996
f 1897//2513 2381//2988 2392//2991
f 2394//2995 2370//2971 2360//2962
f 2395//2996 2379//2979 2400//3001
f 2396//2997 2373//2973 2398//2999
f 2406//3003 2404//3004 2405//3005
f 2407//3006 2374//2974 2388//2987
f 2391//2990 2366//2967 2393//2994
f 2409//3007 2371//2972 2382//2989
f 2402//2312 1656//2269 2383//2981
f 2410//3008 2370//2971 2394//2995
f 2400//3001 2378//2977 2396//2997
f 2411//3009 2392//2991 2374//2974
f 2412//3010 2406//3003 2405//3005
f 2397//2998 2388//2987 2385//2983
f 2398//2999 2390//2993 2391//2990
f 2393//2994 2371//2972 2409//3007
f 2412//3010 2408//3011 2406//3003
f 2415//3012 2380//2980 2375//2975
f 2418//3013 2394//2995 2377//2978
f 2417//3014 2396//2997 2398//2999
f 2418//3013 2377//2978 2401//3002
f 2420//3015 2387//2986 2399//3000
f 2410//3008 2397//2998 2370//2971
f 2421//3016 2408//3011 2412//3010
f 2424//3017 2388//2987 2397//2998
f 2412//3010 2405//3005 2419//3018
f 2426//3019 2386//2985 2380//2980
f 2421//3016 2413//3020 2408//3011
f 2411//3009 2374//2974 2407//3006
f 2420//3015 2402//2312 2387//2986
f 2427//3021 2393//2994 2409//3007
f 2423//3022 2414//3023 2413//3020
f 2416//2581 1897//2513 2392//2991
f 2417//3014 2400//3001 2396//2997
f 2423//3022 2413//3020 2421//3016
f 2429//3024 2395//2996 2400//3001
f 2416//2581 2392//2991 2411//3009
f 2433//3025 2420//3015 2399//3000
f 2424//3017 2407//3006 2388//2987
f 2430//3026 2414//3023 2423//3022
f 2427//3021 2391//2990 2393//2994
f 2431//3027 2804//3028 2425//3029
f 1724//2338 2402//2312 2420//3015
f 2433//3025 2399//3000 2395//2996
f 2434//3030 2423//3022 2421//3016
f 2426//3019 2380//2980 2415//3012
f 2435//3031 2412//3010 2419//3018
f 2436//3032 2400//3001 2417//3014
f 2450//3033 2382//2989 2403//3034
f 2430//3026 2425//3029 2414//3023
f 2441//3035 2411//3009 2407//3006
f 2428//3036 2398//2999 2391//2990
f 2437//3037 2401//3002 2389//2992
f 2438//3038 2804//3028 2431//3027
f 2440//3039 2421//3016 2412//3010
f 2441//3035 2407//3006 2424//3017
f 2428//3036 2391//2990 2427//3021
f 2442//3040 2389//2992 2386//2985
f 2442//3040 2386//2985 2426//3019
f 2443//3041 2423//3022 2434//3030
f 2444//3042 2397//2998 2410//3008
f 2415//3012 2375//2975 2422//3043
f 2417//3014 2398//2999 2432//3044
f 2445//3045 2416//2581 2411//3009
f 2431//3027 2425//3029 2430//3026
f 2409//3007 2382//2989 2450//3033
f 2432//3044 2398//2999 2428//3036
f 2433//3025 2395//2996 2429//3024
f 2446//3046 2419//3018 2439//3047
f 2443//3041 2430//3026 2423//3022
f 2410//3008 2394//2995 2418//3013
f 2440//3039 2412//3010 2435//3031
f 2447//2376 2420//3015 2433//3025
f 2437//3037 2389//2992 2442//3040
f 2449//3048 2409//3007 2455//3049
f 2449//3048 2427//3021 2409//3007
f 2445//3045 1985//2606 2416//2581
f 2434//3030 2421//3016 2440//3039
f 2451//3050 2428//3036 2427//3021
f 2452//3051 2400//3001 2436//3032
f 2452//3051 2429//3024 2400//3001
f 2435//3031 2419//3018 2446//3046
f 2453//3052 2430//3026 2443//3041
f 2445//3045 2411//3009 2441//3035
f 2454//3053 2418//3013 2401//3002
f 2454//3053 2401//3002 2437//3037
f 2455//3049 2409//3007 2450//3033
f 2447//2376 1724//2338 2420//3015
f 2457//3054 2433//3025 2429//3024
f 2424//3017 2397//2998 2444//3042
f 2459//3055 2436//3032 2417//3014
f 2454//3053 2410//3008 2418//3013
f 2453//3052 2431//3027 2430//3026
f 2457//3054 2429//3024 2452//3051
f 2458//3056 2437//3037 2442//3040
f 2459//3055 2417//3014 2432//3044
f 2462//3057 2441//3035 2424//3017
f 2463//3058 2431//3027 2453//3052
f 2463//3058 2438//3038 2431//3027
f 2456//3059 2445//3045 2441//3035
f 2452//3051 2436//3032 2459//3055
f 2464//3060 2442//3040 2426//3019
f 2471//3061 2443//3041 2434//3030
f 2465//3062 2410//3008 2454//3053
f 2422//3043 2466//3063 2467//3064
f 2468//3065 2432//3044 2428//3036
f 2468//3065 2428//3036 2451//3050
f 2456//3059 2441//3035 2462//3057
f 2469//3066 2437//3037 2458//3056
f 2474//3067 2424//3017 2444//3042
f 2471//3061 2434//3030 2440//3039
f 2460//3068 2447//2376 2433//3025
f 2473//3069 2457//3054 2452//3051
f 2477//3070 2461//3071 2448//3072
f 1985//2606 2445//3045 2456//3059
f 2460//3068 2433//3025 2457//3054
f 2480//3073 2451//3050 2427//3021
f 2476//3074 2443//3041 2471//3061
f 2478//3075 2440//3039 2435//3031
f 2478//3075 2435//3031 2446//3046
f 2465//3062 2444//3042 2410//3008
f 2467//3064 2415//3012 2422//3043
f 2468//3065 2459//3055 2432//3044
f 2480//3073 2427//3021 2449//3048
f 2469//3066 2454//3053 2437//3037
f 2481//3076 2462//3057 2424//3017
f 2481//3076 2424//3017 2474//3067
f 2482//3077 2448//3072 2438//3038
f 2482//3077 2438//3038 2463//3058
f 2472//3078 2455//3049 2450//3033
f 1790//2405 2447//2376 2460//3068
f 2484//3079 2456//3059 2462//3057
f 2470//3080 2461//3071 2477//3070
f 2475//3081 2426//3019 2415//3012
f 2476//3074 2453//3052 2443//3041
f 2458//3056 2442//3040 2464//3060
f 2474//3067 2444//3042 2465//3062
f 2475//3081 2467//3064 2485//3082
f 2475//3081 2415//3012 2467//3064
f 2056//2677 1985//2606 2456//3059
f 2486//3083 2449//3048 2455//3049
f 2479//3084 2463//3058 2453//3052
f 2487//3085 2446//3046 2439//3047
f 2489//3086 2459//3055 2468//3065
f 2488//3087 2454//3053 2469//3066
f 2492//3088 2460//3068 2457//3054
f 2477//3070 2448//3072 2482//3077
f 2056//2677 2456//3059 2484//3079
f 2496//3089 2457//3054 2473//3069
f 2464//3060 2426//3019 2475//3081
f 2495//3090 2465//3062 2454//3053
f 2479//3084 2453//3052 2476//3074
f 2499//3091 2470//3080 2477//3070
f 2498//3092 2468//3065 2451//3050
f 2471//3061 2440//3039 2478//3075
f 2484//3079 2462//3057 2481//3076
f 2483//3093 2446//3046 2487//3085
f 2497//3094 2474//3067 2465//3062
f 2472//3078 2450//3033 2491//3095
f 2498//3092 2451//3050 2480//3073
f 2493//3096 2473//3069 2452//3051
f 2486//3083 2455//3049 2472//3078
f 2494//3097 2490//3098 2470//3080
f 2501//3099 2056//2677 2484//3079
f 2496//3089 2492//3088 2457//3054
f 2502//3100 2476//3074 2471//3061
f 2481//3076 2474//3067 2497//3094
f 2464//3060 2475//3081 2503//3101
f 2493//3096 2452//3051 2459//3055
f 2495//3090 2454//3053 2488//3087
f 2504//3102 2478//3075 2446//3046
f 2494//3097 2470//3080 2499//3091
f 2505//3103 2489//3086 2468//3065
f 2505//3103 2468//3065 2498//3092
f 2506//3104 2469//3066 2458//3056
f 2480//3073 2449//3048 2486//3083
f 2509//3105 2459//3055 2489//3086
f 2508//3106 2484//3079 2481//3076
f 2510//3107 2458//3056 2464//3060
f 2511//3108 2479//3084 2476//3074
f 1854//2472 1790//2405 2460//3068
f 1854//2472 2460//3068 2492//3088
f 2497//3094 2465//3062 2495//3090
f 2501//3099 2106//2725 2056//2677
f 2512//3109 2488//3087 2469//3066
f 2496//3089 2473//3069 2493//3096
f 2500//3110 2463//3058 2479//3084
f 1609//2217 2490//3098 2494//3097
f 2513//3111 2472//3078 2491//3095
f 2499//3091 2477//3070 2482//3077
f 2514//3112 2495//3090 2488//3087
f 2506//3104 2458//3056 2510//3107
f 2507//3113 2502//3100 2471//3061
f 2509//3105 2493//3096 2459//3055
f 2504//3102 2446//3046 2483//3093
f 2510//3107 2464//3060 2503//3101
f 2515//3114 2494//3097 2499//3091
f 2507//3113 2471//3061 2478//3075
f 2482//3077 2463//3058 2500//3110
f 2512//3109 2469//3066 2506//3104
f 2511//3108 2476//3074 2502//3100
f 2501//3099 2484//3079 2508//3106
f 2516//3115 2481//3076 2497//3094
f 2514//3112 2488//3087 2512//3109
f 2517//3116 2496//3089 2493//3096
f 2506//3104 2510//3107 2518//3117
f 2522//3118 2489//3086 2505//3103
f 2520//3119 2498//3092 2480//3073
f 2519//3120 2508//3106 2481//3076
f 2517//3116 2493//3096 2509//3105
f 2151//2790 2106//2725 2501//3099
f 2521//3121 2486//3083 2472//3078
f 2500//3110 2479//3084 2511//3108
f 2534//3122 2512//3109 2506//3104
f 2151//2790 2501//3099 2508//3106
f 2506//3104 2518//3117 2525//3123
f 2526//3124 2472//3078 2513//3111
f 2527//3125 2497//3094 2495//3090
f 2528//3126 2482//3077 2500//3110
f 2529//3127 2480//3073 2486//3083
f 2519//3120 2481//3076 2516//3115
f 2509//3105 2489//3086 2522//3118
f 2530//3128 2495//3090 2514//3112
f 2534//3122 2506//3104 2525//3123
f 1902//2520 1854//2472 2492//3088
f 2531//3129 2508//3106 2519//3120
f 2531//3129 2151//2790 2508//3106
f 2532//3130 2483//3093 2487//3085
f 2533//2268 1609//2217 2494//3097
f 2527//3125 2516//3115 2497//3094
f 2533//2268 2494//3097 2515//3114
f 2534//3122 2514//3112 2512//3109
f 2524//3131 2492//3088 2496//3089
f 2535//3132 2499//3091 2482//3077
f 2527//3125 2495//3090 2530//3128
f 2534//3122 2525//3123 2536//3133
f 2537//3134 2517//3116 2509//3105
f 2521//3121 2472//3078 2526//3124
f 2539//3135 2491//3095 2523//3136
f 2540//3137 2516//3115 2527//3125
f 2524//3131 2496//3089 2517//3116
f 2520//3119 2480//3073 2529//3127
f 2530//3128 2514//3112 2534//3122
f 2505//3103 2498//3092 2520//3119
f 2535//3132 2515//3114 2499//3091
f 2541//3138 2527//3125 2530//3128
f 2540//3137 2519//3120 2516//3115
f 2529//3127 2486//3083 2521//3121
f 2547//3139 2509//3105 2522//3118
f 2197//2819 2151//2790 2531//3129
f 2542//3140 2511//3108 2502//3100
f 1902//2520 2492//3088 2524//3131
f 2543//3141 2530//3128 2534//3122
f 2543//3141 2534//3122 2536//3133
f 2545//3142 2478//3075 2504//3102
f 2531//3129 2519//3120 2540//3137
f 2532//3130 2487//3085 2538//3143
f 2548//3144 2491//3095 2539//3135
f 2548//3144 2513//3111 2491//3095
f 2549//3145 2502//3100 2507//3113
f 2535//3132 2482//3077 2528//3126
f 2541//3138 2540//3137 2527//3125
f 2550//3146 2511//3108 2542//3140
f 2550//3146 2500//3110 2511//3108
f 2551//3147 2547//3139 2522//3118
f 2551//3147 2522//3118 2505//3103
f 2552//3148 2515//3114 2535//3132
f 2543//3141 2541//3138 2530//3128
f 2539//3135 2523//3136 2553//3149
f 2554//3150 2524//3131 2517//3116
f 2557//2860 2197//2819 2531//3129
f 2555//3151 2504//3102 2483//3093
f 2556//3152 2509//3105 2547//3139
f 2555//3151 2483//3093 2532//3130
f 2557//2860 2531//3129 2540//3137
f 2558//3153 2541//3138 2543//3141
f 2526//3124 2513//3111 2548//3144
f 2544//3154 2505//3103 2520//3119
f 2545//3142 2507//3113 2478//3075
f 2559//3155 2540//3137 2541//3138
f 2560//3156 2517//3116 2537//3134
f 2546//3157 2528//3126 2500//3110
f 2542//3140 2502//3100 2549//3145
f 2559//3155 2558//3153 3275//3158
f 2559//3155 2541//3138 2558//3153
f 2559//3155 2557//2860 2540//3137
f 2559//3155 3275//3158 2562//3159
f 2546//3157 2500//3110 2550//3146
f 2263//2884 2557//2860 2559//3155
f 2552//3148 2533//2268 2515//3114
f 1418//2010 2263//2884 2559//3155
f 1418//2010 2559//3155 2562//3159
f 2563//3160 2520//3119 2529//3127
f 2719//3161 2316//2907 2299//2906
f 2564//3162 2535//3132 2528//3126
f 2556//3152 2537//3134 2509//3105
f 2551//3147 2505//3103 2544//3154
f 2554//3150 2517//3116 2560//3156
f 2561//3163 2529//3127 2521//3121
f 1699//2315 2533//2268 2552//3148
f 1902//2520 2524//3131 2554//3150
f 2563//3160 2544//3154 2520//3119
f 2560//3156 2537//3134 2556//3152
f 2565//3164 2545//3142 2504//3102
f 2565//3164 2504//3102 2555//3151
f 2566//3165 2546//3157 2550//3146
f 2561//3163 2521//3121 2526//3124
f 2549//3145 2507//3113 2545//3142
f 2570//3166 2551//3147 2544//3154
f 2567//3167 2535//3132 2564//3162
f 2567//3167 2552//3148 2535//3132
f 2569//3168 2528//3126 2546//3157
f 2570//3166 2544//3154 2563//3160
f 2571//3169 2548//3144 2539//3135
f 1969//2588 1902//2520 2554//3150
f 2572//3170 2542//3140 2549//3145
f 2573//3171 2560//3156 2556//3152
f 2576//3172 2561//3163 2526//3124
f 2574//3173 2551//3147 2570//3166
f 2575//3174 2532//3130 2538//3143
f 1969//2588 2554//3150 2560//3156
f 2568//3175 2549//3145 2545//3142
f 2580//3176 2556//3152 2547//3139
f 2580//3176 2573//3171 2556//3152
f 2569//3168 2564//3162 2528//3126
f 2578//3177 2539//3135 2553//3149
f 2579//3178 2529//3127 2561//3163
f 2569//3168 2546//3157 2566//3165
f 2571//3169 2526//3124 2548//3144
f 2574//3173 2547//3139 2551//3147
f 1699//2315 2552//3148 2567//3167
f 2572//3170 2549//3145 2568//3175
f 2582//3179 2564//3162 2569//3168
f 2583//3180 2573//3171 2580//3176
f 2575//3174 2538//3143 2577//3181
f 2587//3182 1969//2588 2560//3156
f 2579//3178 2563//3160 2529//3127
f 2576//3172 2526//3124 2571//3169
f 2585//3183 2550//3146 2542//3140
f 2585//3183 2542//3140 2572//3170
f 2578//3177 2553//3149 2586//3184
f 2581//3185 2567//3167 2564//3162
f 2587//3182 2560//3156 2573//3171
f 2568//3175 2545//3142 2565//3164
f 2579//3178 2561//3163 2576//3172
f 2580//3176 2547//3139 2574//3173
f 2555//3151 2532//3130 2575//3174
f 2581//3185 2564//3162 2582//3179
f 1759//2373 1699//2315 2567//3167
f 2012//2633 1969//2588 2587//3182
f 2589//3186 2572//3170 2568//3175
f 2584//3187 2565//3164 2555//3151
f 2585//3183 2566//3165 2550//3146
f 2588//3188 2574//3173 2570//3166
f 2590//3189 2576//3172 2571//3169
f 2587//3182 2573//3171 2583//3180
f 2595//3190 2568//3175 2565//3164
f 2591//3191 2580//3176 2574//3173
f 2592//3192 2555//3151 2575//3174
f 2593//3193 2572//3170 2589//3186
f 2597//3194 2563//3160 2579//3178
f 2597//3194 2570//3166 2563//3160
f 2594//3195 2581//3185 2582//3179
f 2595//3190 2565//3164 2584//3187
f 2596//3196 2566//3165 2585//3183
f 2571//3169 2539//3135 2578//3177
f 1759//2373 2567//3167 2581//3185
f 2599//3197 2583//3180 2580//3176
f 2599//3197 2580//3176 2591//3191
f 2589//3186 2568//3175 2595//3190
f 2600//3198 2582//3179 2569//3168
f 2584//3187 2555//3151 2592//3192
f 2588//3188 2570//3166 2597//3194
f 2593//3193 2585//3183 2572//3170
f 2602//3199 2579//3178 2576//3172
f 2591//3191 2574//3173 2588//3188
f 2596//3196 2569//3168 2566//3165
f 2603//3200 2571//3169 2578//3177
f 1810//2426 1759//2373 2581//3185
f 2012//2633 2587//3182 2598//2681
f 2604//3201 2575//3174 2577//3181
f 2598//2681 2587//3182 2583//3180
f 2605//3202 2589//3186 2595//3190
f 2600//3198 2569//3168 2596//3196
f 2606//3203 2584//3187 2592//3192
f 2607//3204 2578//3177 2586//3184
f 2608//3205 2577//3181 2601//3206
f 2602//3199 2576//3172 2590//3189
f 2600//3198 2594//3195 2582//3179
f 2609//3207 2583//3180 2599//3197
f 2610//3208 2595//3190 2584//3187
f 1810//2426 2581//3185 2594//3195
f 2611//3209 2597//3194 2579//3178
f 2611//3209 2579//3178 2602//3199
f 2612//3210 2588//3188 2597//3194
f 2604//3201 2577//3181 2608//3205
f 2609//3207 2598//2681 2583//3180
f 2614//3211 2599//3197 2591//3191
f 2613//3212 2585//3183 2593//3193
f 2605//3202 2595//3190 2610//3208
f 2617//3213 2602//3199 2590//3189
f 2614//3211 2591//3191 2588//3188
f 2618//3214 2596//3196 2585//3183
f 2615//3215 2571//3169 2603//3200
f 2592//3192 2575//3174 2604//3201
f 2619//3216 2593//3193 2589//3186
f 2619//3216 2589//3186 2605//3202
f 2616//3217 2609//3207 2599//3197
f 2610//3208 2584//3187 2606//3203
f 2621//3218 2600//3198 2596//3196
f 2620//3219 2578//3177 2607//3204
f 2621//3218 2596//3196 2618//3214
f 2615//3215 2590//3189 2571//3169
f 2613//3212 2593//3193 2619//3216
f 2622//3220 2594//3195 2600//3198
f 2614//3211 2588//3188 2612//3210
f 2616//3217 2599//3197 2614//3211
f 2617//3213 2590//3189 2615//3215
f 2618//3214 2585//3183 2613//3212
f 1860//2476 1810//2426 2594//3195
f 2603//3200 2578//3177 2620//3219
f 2104//2723 2598//2681 2609//3207
f 2623//3221 2612//3210 2597//3194
f 2626//3222 2604//3201 2608//3205
f 2624//2772 2609//3207 2616//3217
f 2625//3223 2623//3221 2597//3194
f 2625//3223 2597//3194 2611//3209
f 2622//3220 2600//3198 2621//3218
f 2623//3221 2614//3211 2612//3210
f 2631//3224 2592//3192 2604//3201
f 2628//3225 2615//3215 2603//3200
f 2629//3226 2610//3208 2606//3203
f 2630//3227 2617//3213 2615//3215
f 2631//3224 2604//3201 2626//3222
f 1860//2476 2594//3195 2622//3220
f 2104//2723 2609//3207 2624//2772
f 2632//3228 2605//3202 2610//3208
f 2632//3228 2619//3216 2605//3202
f 2633//3229 2611//3209 2602//3199
f 2634//3230 2613//3212 2619//3216
f 2635//3231 2602//3199 2617//3213
f 2636//3232 2614//3211 2623//3221
f 2638//3233 2621//3218 2618//3214
f 2637//3234 2592//3192 2631//3224
f 2625//3223 2611//3209 2633//3229
f 2626//3222 2608//3205 3165//3235
f 2639//3236 2622//3220 2621//3218
f 2638//3233 2618//3214 2613//3212
f 2628//3225 2603//3200 2620//3219
f 2636//3232 2616//3217 2614//3211
f 1901//2517 1860//2476 2622//3220
f 2633//3229 2602//3199 2635//3231
f 2637//3234 2606//3203 2592//3192
f 2640//3237 2615//3215 2628//3225
f 2641//3238 2607//3204 2627//3239
f 2641//3238 2620//3219 2607//3204
f 2644//3240 2624//2772 2616//3217
f 2642//3241 2610//3208 2629//3226
f 2635//3231 2617//3213 2630//3227
f 2643//3242 2625//3223 2633//3229
f 2644//3240 2616//3217 2636//3232
f 2638//3233 2613//3212 2634//3230
f 2639//3236 2621//3218 2638//3233
f 2630//3227 2615//3215 2640//3237
f 2629//3226 2606//3203 2637//3234
f 1901//2517 2622//3220 2639//3236
f 2642//3241 2632//3228 2610//3208
f 2645//3243 2634//3230 2619//3216
f 2648//3244 2636//3232 2623//3221
f 2646//3245 2619//3216 2632//3228
f 2646//3245 2645//3243 2619//3216
f 2645//3243 2638//3233 2634//3230
f 2628//3225 2620//3219 2641//3238
f 2653//3246 2632//3228 2642//3241
f 2649//3247 2639//3236 2638//3233
f 2651//3248 2629//3226 2637//3234
f 2643//3242 2623//3221 2625//3223
f 2175//2794 2624//2772 2644//3240
f 2652//3249 2633//3229 2635//3231
f 2647//3250 2642//3241 2629//3226
f 2656//3251 2635//3231 2630//3227
f 2657//3252 2638//3233 2645//3243
f 2646//3245 2632//3228 2653//3246
f 2658//3253 2626//3222 3165//3235
f 2650//3254 2644//3240 2636//3232
f 2647//3250 2629//3226 2651//3248
f 2648//3244 2623//3221 2643//3242
f 2659//3255 2628//3225 2641//3238
f 2652//3249 2643//3242 2633//3229
f 2649//3247 2638//3233 2657//3252
f 2650//3254 2636//3232 2648//3244
f 2655//2587 1901//2517 2639//3236
f 2175//2794 2644//3240 2654//3256
f 2652//3249 2635//3231 2656//3251
f 2653//3246 2642//3241 2647//3250
f 2655//2587 2639//3236 2649//3247
f 2654//3256 2644//3240 2650//3254
f 2662//3257 2646//3245 2653//3246
f 2661//3258 2643//3242 2652//3249
f 2663//3259 2627//3239 3036//3260
f 2658//3253 3165//3235 3117//3261
f 2656//3251 2630//3227 2640//3237
f 2664//3262 2648//3244 2643//3242
f 2660//3263 2631//3224 2626//3222
f 2665//3264 2643//3242 2661//3258
f 2660//3263 2626//3222 2658//3253
f 2209//2833 2175//2794 2654//3256
f 2640//3237 2628//3225 2659//3255
f 2641//3238 2627//3239 2663//3259
f 2667//2632 2655//2587 2649//3247
f 2671//3265 2657//3252 2645//3243
f 2668//3266 2631//3224 2660//3263
f 2668//3266 2637//3234 2631//3224
f 2672//3267 2649//3247 2657//3252
f 2669//3268 2647//3250 2651//3248
f 2670//3269 2656//3251 2640//3237
f 2664//3262 2643//3242 2665//3264
f 2666//3270 2650//3254 2648//3244
f 2662//3257 2645//3243 2646//3245
f 2673//3271 2653//3246 2647//3250
f 2666//3270 2648//3244 2664//3262
f 2651//3248 2637//3234 2668//3266
f 2674//3272 2640//3237 2659//3255
f 2675//3273 2641//3238 2663//3259
f 2667//2632 2649//3247 2672//3267
f 2676//3274 2661//3258 2652//3249
f 2677//3275 2654//3256 2650//3254
f 2677//3275 2650//3254 2666//3270
f 2670//3269 2640//3237 2674//3272
f 2671//3265 2645//3243 2662//3257
f 2673//3271 2662//3257 2653//3246
f 2672//3267 2657//3252 2671//3265
f 2675//3273 2659//3255 2641//3238
f 2275//2890 2209//2833 2654//3256
f 2275//2890 2654//3256 2677//3275
f 2673//3271 2647//3250 2669//3268
f 2678//3276 2652//3249 2656//3251
f 2678//3276 2656//3251 2670//3269
f 2674//3272 2659//3255 2685//3277
f 2683//3278 2667//2632 2672//3267
f 2681//3279 2664//3262 2665//3264
f 2681//3279 2666//3270 2664//3262
f 2679//3280 2662//3257 2673//3271
f 2682//3281 2658//3253 3117//3261
f 2684//3282 2669//3268 2651//3248
f 2687//3283 2671//3265 2662//3257
f 2685//3277 2659//3255 2675//3273
f 2689//3284 2672//3267 2671//3265
f 2678//3276 2676//3274 2652//3249
f 2686//3285 2651//3248 2668//3266
f 2687//3283 2662//3257 2679//3280
f 2665//3264 2661//3258 2676//3274
f 2680//3286 2660//3263 2658//3253
f 2039//2658 2667//2632 2683//3278
f 2688//3287 2673//3271 2669//3268
f 2680//3286 2658//3253 2682//3281
f 2690//3288 2671//3265 2687//3283
f 2691//3289 2676//3274 2678//3276
f 2693//3290 2677//3275 2666//3270
f 2683//3278 2672//3267 2689//3284
f 2684//3282 2651//3248 2686//3285
f 2694//3291 2660//3263 2680//3286
f 2695//3292 2665//3264 2676//3274
f 2688//3287 2669//3268 2684//3282
f 2689//3284 2671//3265 2690//3288
f 2696//3293 2663//3259 2692//3294
f 2697//3295 2680//3286 2682//3281
f 2696//3293 2675//3273 2663//3259
f 2693//3290 2275//2890 2677//3275
f 2695//3292 2681//3279 2665//3264
f 2668//3266 2660//3263 2694//3291
f 2698//3296 2673//3271 2688//3287
f 2698//3296 2679//3280 2673//3271
f 2692//3294 2663//3259 3041//3297
f 2693//3290 2666//3270 2681//3279
f 2699//3298 2670//3269 2674//3272
f 2695//3292 2676//3274 2691//3289
f 2702//3299 2687//3283 2679//3280
f 2678//3276 2670//3269 2699//3298
f 2700//3300 2681//3279 2695//3292
f 2701//3301 2674//3272 2685//3277
f 2701//3301 2685//3277 2704//3302
f 2702//3299 2679//3280 2698//3296
f 2103//2722 2683//3278 2689//3284
f 2703//3303 2693//3290 2681//3279
f 2690//3288 2687//3283 2702//3299
f 2704//3302 2685//3277 2675//3273
f 2704//3302 2675//3273 2696//3293
f 2694//3291 2680//3286 2697//3295
f 2705//3304 2698//3296 2688//3287
f 2709//3305 2689//3284 2690//3288
f 2706//3306 2686//3285 2668//3266
f 2707//3307 2695//3292 2691//3289
f 1508//2098 2275//2890 2693//3290
f 2103//2722 2039//2658 2683//3278
f 2708//3308 2678//3276 2699//3298
f 2710//3309 2688//3287 2684//3282
f 2717//3310 2668//3266 2694//3291
f 2710//3309 2684//3282 2686//3285
f 2711//3311 2700//3300 2695//3292
f 2703//3303 2681//3279 2700//3300
f 2713//3312 2689//3284 2709//3305
f 2699//3298 2674//3272 2701//3301
f 2705//3304 2688//3287 2710//3309
f 2706//3306 2668//3266 2717//3310
f 1532//2138 2693//3290 2703//3303
f 1532//2138 1508//2098 2693//3290
f 2714//3313 2700//3300 2711//3311
f 2697//3295 2682//3281 2712//3314
f 2713//3312 2103//2722 2689//3284
f 2711//3311 2695//3292 2707//3307
f 2716//3315 2690//3288 2702//3299
f 2708//3308 2691//3289 2678//3276
f 2718//3316 3041//3297 2719//3161
f 2718//3316 2692//3294 3041//3297
f 2720//3317 2699//3298 2701//3301
f 2724//3318 2694//3291 2697//3295
f 2721//3319 2702//3299 2698//3296
f 2722//3320 2691//3289 2715//3321
f 2722//3320 2707//3307 2691//3289
f 2723//3322 2696//3293 2692//3294
f 2708//3308 2699//3298 2720//3317
f 2716//3315 2709//3305 2690//3288
f 2725//3323 2698//3296 2705//3304
f 2715//3321 2691//3289 2708//3308
f 2726//3324 2697//3295 2712//3314
f 2710//3309 2686//3285 2706//3306
f 2717//3310 2694//3291 2724//3318
f 2729//3325 2713//3312 2709//3305
f 2728//3326 2700//3300 2714//3313
f 2728//3326 2703//3303 2700//3300
f 2721//3319 2716//3315 2702//3299
f 2723//3322 2704//3302 2696//3293
f 2729//3325 2709//3305 2716//3315
f 2730//3327 2706//3306 2717//3310
f 2721//3319 2698//3296 2725//3323
f 2724//3318 2697//3295 2726//3324
f 2174//2793 2103//2722 2713//3312
f 1582//2192 1532//2138 2703//3303
f 2732//3328 2708//3308 2720//3317
f 2701//3301 2704//3302 2727//3329
f 2174//2793 2713//3312 2729//3325
f 2730//3327 2710//3309 2706//3306
f 2734//3330 2717//3310 2724//3318
f 2711//3311 2707//3307 2722//3320
f 2727//3329 2704//3302 2723//3322
f 2735//3331 2715//3321 2708//3308
f 2735//3331 2708//3308 2732//3328
f 2737//3332 2720//3317 2701//3301
f 2731//3333 2725//3323 2705//3304
f 2731//3333 2705//3304 2710//3309
f 2730//3327 2717//3310 2733//3334
f 2723//3322 2692//3294 2718//3316
f 1582//2192 2703//3303 2728//3326
f 2731//3333 2710//3309 2730//3327
f 2732//3328 2720//3317 2737//3332
f 2733//3334 2717//3310 2734//3330
f 2739//2900 2716//3315 2721//3319
f 2740//3335 2711//3311 2722//3320
f 2741//3336 2728//3326 2714//3313
f 2742//3337 2739//2900 2721//3319
f 2742//3337 2721//3319 2725//3323
f 2737//3332 2701//3301 2738//3338
f 2298//2921 2729//3325 2716//3315
f 2740//3335 2714//3313 2711//3311
f 2738//3338 2701//3301 2727//3329
f 2743//3339 2715//3321 2735//3331
f 2220//2842 2174//2793 2729//3325
f 1628//2239 1582//2192 2728//3326
f 2744//2912 2726//3324 2712//3314
f 2744//2912 2712//3314 2736//2894
f 2734//3330 2724//3318 2726//3324
f 2319//2916 2727//3329 2723//3322
f 2745//3340 2725//3323 2731//3333
f 2299//2906 2718//3316 2719//3161
f 2300//2903 2730//3327 2733//3334
f 2741//3336 2714//3313 2740//3335
f 2743//3339 2740//3335 2722//3320
f 2743//3339 2722//3320 2715//3321
f 2298//2921 2716//3315 2739//2900
f 2742//3337 2725//3323 2745//3340
f 2309//2929 2731//3333 2730//3327
f 2311//2922 2723//3322 2718//3316
f 1628//2239 2728//3326 2741//3336
f 2312//2926 2732//3328 2737//3332
f 2303//2909 2739//2900 2742//3337
f 2323//2914 2740//3335 2743//3339
f 2307//2911 2726//3324 2744//2912
f 2309//2929 2745//3340 2731//3333
f 2312//2926 2735//3331 2732//3328
f 2319//2916 2738//3338 2727//3329
f 2320//2919 2743//3339 2735//3331
f 2220//2842 2729//3325 2298//2921
f 2311//2922 2718//3316 2299//2906
f 2309//2929 2730//3327 2300//2903
f 2314//2904 2733//3334 2734//3330
f 2312//2926 2737//3332 2746//2897
f 2746//2897 2737//3332 2738//3338
f 2307//2911 2734//3330 2726//3324
f 2318//2910 2745//3340 2309//2929
f 2319//2916 2723//3322 2311//2922
f 2295//2920 2320//2919 2735//3331
f 2295//2920 2735//3331 2312//2926
f 2302//2932 2741//3336 2740//3335
f 2305//2898 2738//3338 2319//2916
f 2303//2909 2742//3337 2745//3340
f 2308//2933 2743//3339 2320//2919
f 2302//2932 2740//3335 2323//2914
f 2310//2924 2309//2929 2300//2903
f 1676//2290 1628//2239 2741//3336
f 2313//2901 2739//2900 2303//2909
f 2314//2904 2734//3330 2307//2911
f 2294//2893 2744//2912 2736//2894
f 2301//2331 2741//3336 2302//2932
f 2746//2897 2738//3338 2305//2898
f 2308//2933 2323//2914 2743//3339
f 2321//2917 2319//2916 2311//2922
f 2297//2899 2298//2921 2739//2900
f 2300//2903 2733//3334 2314//2904
f 2303//2909 2745//3340 2318//2910
f 2317//2913 2302//2932 2323//2914
f 2274//2889 2220//2842 2298//2921
f 1676//2290 2741//3336 2301//2331
f 2322//2902 2314//2904 2307//2911
f 2324//2915 2323//2914 2308//2933
f 2756//3341 2757//3342 2749//3343
f 2761//3344 2750//3345 2762//3346
f 2763//3347 2764//3348 2752//3349
f 2767//3350 2768//3351 2759//3352
f 2771//3353 2772//3354 2769//3355
f 2755//3356 2747//3357 2406//3003
f 2755//3356 2406//3003 2408//3011
f 2773//3358 2748//3359 2774//3360
f 2778//3361 2766//3362 2748//3359
f 2756//3341 2754//3363 2757//3342
f 2761//3344 2749//3343 2750//3345
f 2780//3364 2752//3349 2754//3363
f 2774//3360 2755//3356 2408//3011
f 2781//3365 2777//3366 2758//3367
f 2759//3352 2760//3368 2775//3369
f 2763//3347 2752//3349 2780//3364
f 2765//3370 2766//3362 2778//3361
f 2779//3371 2767//3350 2759//3352
f 2775//3369 2776//3372 2753//3373
f 2782//3374 2749//3343 2761//3344
f 2783//3375 2762//3346 2772//3354
f 2778//3361 2748//3359 2773//3358
f 2774//3360 2408//3011 2413//3020
f 2780//3364 2754//3363 2756//3341
f 2782//3374 2756//3341 2749//3343
f 2761//3344 2762//3346 2783//3375
f 2784//3376 2779//3371 2759//3352
f 2785//3377 2763//3347 2780//3364
f 2773//3358 2774//3360 2413//3020
f 2773//3358 2413//3020 2414//3023
f 2786//3378 2775//3369 2753//3373
f 2781//3365 2753//3373 2777//3366
f 2787//3379 2772//3354 2771//3353
f 2788//3380 2758//3367 2765//3370
f 2783//3375 2772//3354 2787//3379
f 2789//3381 2753//3373 2781//3365
f 2788//3380 2781//3365 2758//3367
f 2790//3382 2759//3352 2775//3369
f 2791//3383 3508//3384 2751//3385
f 2791//3383 2792//3386 3508//3384
f 2788//3380 2765//3370 2778//3361
f 2778//3361 2414//3023 2425//3029
f 2778//3361 2773//3358 2414//3023
f 2796//3387 2791//3383 2793//3388
f 2796//3387 2792//3386 2791//3383
f 2797//3389 2771//3353 2769//3355
f 2797//3389 2769//3355 2770//3390
f 2796//3387 2795//3391 2792//3386
f 2790//3382 2784//3376 2759//3352
f 2805//3392 2782//3374 2761//3344
f 2798//3393 2781//3365 2788//3380
f 2799//3394 2763//3347 2785//3377
f 2799//3394 4225//3395 2763//3347
f 2790//3382 2775//3369 2786//3378
f 2802//3396 2784//3376 2790//3382
f 2803//3397 2753//3373 2789//3381
f 2803//3397 2786//3378 2753//3373
f 2804//3028 2788//3380 2778//3361
f 2806//3398 2756//3341 2782//3374
f 2806//3398 2780//3364 2756//3341
f 2807//3399 2796//3387 2793//3388
f 2799//3394 2794//3400 4225//3395
f 2808//3401 2781//3365 2798//3393
f 2808//3401 2789//3381 2781//3365
f 2785//3377 2780//3364 2806//3398
f 2807//3399 2793//3388 2801//3402
f 2787//3379 2771//3353 2797//3389
f 2810//3403 2795//3391 2796//3387
f 2810//3403 2796//3387 2807//3399
f 2804//3028 2778//3361 2425//3029
f 2800//3404 2795//3391 2810//3403
f 2811//3405 2783//3375 2787//3379
f 2798//3393 2788//3380 2804//3028
f 2812//3406 2790//3382 2786//3378
f 2812//3406 2786//3378 2803//3397
f 2813//3407 2802//3396 2790//3382
f 2805//3392 2761//3344 2783//3375
f 2814//3408 2803//3397 2789//3381
f 2814//3408 2789//3381 2808//3401
f 2813//3407 3012//3409 2802//3396
f 2815//3410 2782//3374 2805//3392
f 2812//3406 2813//3407 2790//3382
f 2798//3393 2804//3028 2438//3038
f 2817//3411 2785//3377 2806//3398
f 2798//3393 2438//3038 2448//3072
f 2808//3401 2798//3393 2448//3072
f 2819//3412 2810//3403 2807//3399
f 2812//3406 2803//3397 2814//3408
f 2820//3413 2810//3403 2819//3412
f 2820//3413 2800//3404 2810//3403
f 2821//3414 2814//3408 2808//3401
f 2823//3415 2783//3375 2811//3405
f 2808//3401 2448//3072 2461//3071
f 2823//3415 2805//3392 2783//3375
f 2824//3416 2794//3400 2799//3394
f 2825//3417 2806//3398 2782//3374
f 2825//3417 2782//3374 2815//3410
f 2822//3418 2813//3407 2812//3406
f 2815//3410 2805//3392 2823//3415
f 2461//3071 2821//3414 2808//3401
f 2826//3419 2807//3399 2801//3402
f 2827//3420 2814//3408 2821//3414
f 2817//3411 2806//3398 2825//3417
f 2827//3420 2812//3406 2814//3408
f 2821//3414 2461//3071 2470//3080
f 2827//3420 2822//3418 2812//3406
f 2829//3421 2818//3422 2800//3404
f 2829//3421 2800//3404 2820//3413
f 2797//3389 2770//3390 2809//3423
f 2827//3420 2821//3414 2470//3080
f 2827//3420 2470//3080 2490//3098
f 2755//3356 2787//3379 2797//3389
f 2829//3421 3973//3424 2818//3422
f 2828//3425 2822//3418 2827//3420
f 2799//3394 2785//3377 2817//3411
f 2826//3419 2801//3402 2816//3426
f 2828//3425 2827//3420 2490//3098
f 2828//3425 2490//3098 1609//2217
f 2811//3405 2787//3379 2755//3356
f 2819//3412 2807//3399 2826//3419
f 2828//3425 1609//2217 1601//2219
f 2824//3416 4333//3427 2794//3400
f 2824//3416 2768//3351 4333//3427
f 2766//3362 2815//3410 2823//3415
f 2831//3428 3973//3424 2829//3421
f 2826//3419 2816//3426 2830//3429
f 2762//3346 2819//3412 2826//3419
f 2760//3368 2824//3416 2799//3394
f 2750//3345 2819//3412 2762//3346
f 2750//3345 2820//3413 2819//3412
f 2757//3342 2829//3421 2820//3413
f 2776//3372 2799//3394 2817//3411
f 2747//3357 2797//3389 2809//3423
f 2747//3357 2755//3356 2797//3389
f 2774//3360 2811//3405 2755//3356
f 2754//3363 2829//3421 2757//3342
f 2765//3370 2815//3410 2766//3362
f 2754//3363 2831//3428 2829//3421
f 2757//3342 2820//3413 2750//3345
f 2748//3359 2823//3415 2811//3405
f 2760//3368 2799//3394 2776//3372
f 2752//3349 2764//3348 2831//3428
f 2758//3367 2825//3417 2815//3410
f 2769//3355 2830//3429 2833//3430
f 2772//3354 2826//3419 2830//3429
f 2772//3354 2830//3429 2769//3355
f 2777//3366 2817//3411 2825//3417
f 2747//3357 2404//3004 2406//3003
f 2747//3357 2809//3423 2404//3004
f 2749//3343 2757//3342 2750//3345
f 2777//3366 2825//3417 2758//3367
f 2752//3349 2831//3428 2754//3363
f 2759//3352 2768//3351 2824//3416
f 2759//3352 2824//3416 2760//3368
f 2767//3350 2832//3431 2768//3351
f 2748//3359 2811//3405 2774//3360
f 2775//3369 2760//3368 2776//3372
f 2753//3373 2776//3372 2817//3411
f 2753//3373 2817//3411 2777//3366
f 2758//3367 2815//3410 2765//3370
f 2762//3346 2826//3419 2772//3354
f 2766//3362 2823//3415 2748//3359
f 2876//3432 2834//3433 2877//3434
f 2835//3435 2838//3436 2836//3437
f 2841//3438 2993//3439 2842//3440
f 2843//3441 2844//3442 2845//3443
f 2846//3444 2847//3445 2848//3446
f 2856//3447 2857//3448 2985//3449
f 2852//3450 2979//3451 2838//3436
f 2858//3452 2992//3453 2857//3448
f 2850//3454 2984//3455 2833//3430
f 2865//3456 2845//3443 2837//3457
f 2867//3458 2868//3459 2975//3460
f 2869//3461 2957//3462 2870//3463
f 2872//3464 2836//3437 2873//3465
f 2874//3466 2855//3467 2851//3468
f 2876//3432 2877//3434 2868//3459
f 2879//3469 2834//3433 2876//3432
f 2846//3444 2860//3470 2847//3445
f 2865//3456 2843//3441 2845//3443
f 2880//3471 2842//3440 2858//3452
f 2852//3450 2861//3472 2979//3451
f 2882//3473 2856//3447 2850//3454
f 2881//3474 2859//3475 2839//3476
f 2883//3477 2851//3468 2884//3478
f 2885//3479 2864//3480 2860//3470
f 2886//3481 2857//3448 2856//3447
f 2887//3482 2866//3483 2986//3484
f 2887//3482 2986//3484 2861//3472
f 2874//3466 2854//3485 2855//3467
f 2880//3471 2875//3486 2841//3438
f 2880//3471 2841//3438 2842//3440
f 2890//3487 2975//3460 2859//3475
f 2864//3480 2891//3488 2892//3489
f 2850//3454 2830//3429 2816//3426
f 2850//3454 2833//3430 2830//3429
f 2889//3490 2837//3457 2854//3485
f 2893//3491 2848//3446 2866//3483
f 2886//3481 2858//3452 2857//3448
f 2835//3435 2836//3437 2872//3464
f 2882//3473 2850//3454 2816//3426
f 2886//3481 2856//3447 2882//3473
f 2874//3466 2851//3468 2883//3477
f 2852//3450 2838//3436 2835//3435
f 2894//3492 2854//3485 2874//3466
f 2895//3493 2849//3494 2878//3495
f 2882//3473 2816//3426 2801//3402
f 2896//3496 2834//3433 2879//3469
f 2896//3496 2853//3497 2834//3433
f 2897//3498 2880//3471 2858//3452
f 2886//3481 2882//3473 2801//3402
f 2898//3499 2866//3483 2887//3482
f 2899//3500 2863//3501 2853//3497
f 2902//3502 2900//3503 2843//3441
f 2867//3458 2975//3460 2890//3487
f 2886//3481 2801//3402 2793//3388
f 2791//3383 2858//3452 2886//3481
f 2791//3383 2897//3498 2858//3452
f 2889//3490 2854//3485 2894//3492
f 2791//3383 2886//3481 2793//3388
f 2901//3504 2876//3432 2868//3459
f 2751//3385 2897//3498 2791//3383
f 2889//3490 2865//3456 2837//3457
f 2902//3502 2843//3441 2865//3456
f 2881//3474 2839//3476 2840//3505
f 2895//3493 2862//3506 2849//3494
f 2893//3491 2866//3483 2898//3499
f 2890//3487 2859//3475 2881//3474
f 2903//3507 2848//3446 2893//3491
f 2904//3508 2870//3463 2862//3506
f 2905//3509 2865//3456 2889//3490
f 2903//3507 2846//3444 2848//3446
f 2906//3510 2883//3477 2884//3478
f 2899//3500 2871//3511 2863//3501
f 2907//3512 2878//3495 2871//3511
f 2908//3513 2861//3472 2852//3450
f 2888//3514 2872//3464 2873//3465
f 2902//3502 2865//3456 2905//3509
f 2910//3515 2835//3435 2872//3464
f 2911//3516 2862//3506 2895//3493
f 2899//3500 2853//3497 2896//3496
f 2904//3508 2912//3517 2869//3461
f 2904//3508 2869//3461 2870//3463
f 2913//3518 2860//3470 2846//3444
f 2913//3518 2885//3479 2860//3470
f 2908//3513 2887//3482 2861//3472
f 2901//3504 2868//3459 2867//3458
f 2915//3519 2864//3480 2885//3479
f 2917//3520 2881//3474 2840//3505
f 2916//3521 2874//3466 2883//3477
f 2918//3522 2890//3487 2881//3474
f 2910//3515 2852//3450 2835//3435
f 2904//3508 2862//3506 2911//3516
f 2915//3519 2891//3488 2864//3480
f 2920//3523 2895//3493 2878//3495
f 2920//3523 2878//3495 2907//3512
f 2919//3524 2905//3509 2889//3490
f 2922//3525 2902//3502 2905//3509
f 2923//3526 2900//3503 2902//3502
f 2894//3492 2874//3466 2916//3521
f 2919//3524 2889//3490 2894//3492
f 2924//3527 2871//3511 2899//3500
f 2931//3528 2898//3499 2887//3482
f 2925//3529 2872//3464 2888//3514
f 2926//3530 2906//3510 2921//3531
f 2926//3530 2883//3477 2906//3510
f 2927//3532 2876//3432 2901//3504
f 2929//3533 2893//3491 2898//3499
f 2928//3534 2902//3502 2922//3525
f 2929//3533 2903//3507 2893//3491
f 2917//3520 2840//3505 2909//3535
f 2930//3536 2846//3444 2903//3507
f 2918//3522 2881//3474 2917//3520
f 2931//3528 2887//3482 2908//3513
f 2932//3537 2888//3514 2914//3538
f 2933//3539 2890//3487 2918//3522
f 2933//3539 2867//3458 2890//3487
f 2926//3530 2916//3521 2883//3477
f 2907//3512 2871//3511 2924//3527
f 2928//3534 2923//3526 2902//3502
f 2925//3529 2910//3515 2872//3464
f 2935//3540 2919//3524 2894//3492
f 2879//3469 2876//3432 2927//3532
f 2936//3541 2852//3450 2910//3515
f 2937//3542 2905//3509 2919//3524
f 2938//3543 2846//3444 2930//3536
f 2938//3543 2913//3518 2846//3444
f 2939//3544 2899//3500 2896//3496
f 2942//3545 2915//3519 2885//3479
f 2942//3545 2885//3479 2913//3518
f 2943//3546 2904//3508 2911//3516
f 2943//3546 2912//3517 2904//3508
f 2944//3547 2894//3492 2916//3521
f 2932//3537 2925//3529 2888//3514
f 2945//3548 2891//3488 2915//3519
f 2947//3549 2917//3520 2909//3535
f 2937//3542 2922//3525 2905//3509
f 2930//3536 2903//3507 2929//3533
f 2936//3541 2908//3513 2852//3450
f 2948//3550 2918//3522 2917//3520
f 2949//3551 2931//3528 2908//3513
f 2935//3540 2894//3492 2944//3547
f 2911//3516 2950//3552 2943//3546
f 2937//3542 2919//3524 2935//3540
f 2951//3553 2921//3531 2946//3554
f 2951//3553 2926//3530 2921//3531
f 2952//3555 2867//3458 2933//3539
f 2952//3555 2901//3504 2867//3458
f 2953//3556 2920//3523 2907//3512
f 2936//3541 2910//3515 2925//3529
f 2939//3544 2896//3496 2879//3469
f 2955//3557 2899//3500 2939//3544
f 2955//3557 2924//3527 2899//3500
f 2956//3558 2916//3521 2926//3530
f 2945//3548 2915//3519 2942//3545
f 2952//3555 2927//3532 2901//3504
f 2958//3559 2898//3499 2931//3528
f 2941//3560 2923//3526 2928//3534
f 2947//3549 2909//3535 2934//3561
f 2958//3559 2929//3533 2898//3499
f 2959//3562 2879//3469 2927//3532
f 2960//3563 2937//3542 2935//3540
f 2948//3550 2917//3520 2947//3549
f 2950//3552 2911//3516 2895//3493
f 2950//3552 2895//3493 2920//3523
f 2961//3564 2922//3525 2937//3542
f 2962//3565 2914//3538 2940//3566
f 2962//3565 2932//3537 2914//3538
f 2956//3558 2944//3547 2916//3521
f 2963//3567 2925//3529 2932//3537
f 2965//3568 2936//3541 2925//3529
f 2939//3544 2879//3469 2959//3562
f 2967//3569 2908//3513 2936//3541
f 2961//3564 2928//3534 2922//3525
f 2938//3543 2942//3545 2913//3518
f 2970//3570 2933//3539 2918//3522
f 2969//3571 2941//3560 2928//3534
f 2971//3572 2907//3512 2924//3527
f 2972//3573 2947//3549 2934//3561
f 2960//3563 2935//3540 2944//3547
f 2951//3553 2946//3554 2964//3574
f 2961//3564 2937//3542 2960//3563
f 2973//3575 2926//3530 2951//3553
f 2974//3576 2928//3534 2961//3564
f 2970//3570 2952//3555 2933//3539
f 2967//3569 2949//3551 2908//3513
f 2975//3460 2962//3565 2940//3566
f 2976//3577 2934//3561 2954//3578
f 2953//3556 2907//3512 2971//3572
f 2977//3579 2927//3532 2952//3555
f 2978//3580 2931//3528 2949//3551
f 2966//3581 2920//3523 2953//3556
f 2962//3565 2963//3567 2932//3537
f 2957//3462 2945//3548 2942//3545
f 2973//3575 2956//3558 2926//3530
f 2965//3568 2925//3529 2963//3567
f 2849//3494 2930//3536 2929//3533
f 2969//3571 2928//3534 2974//3576
f 2980//3582 2944//3547 2956//3558
f 2967//3569 2936//3541 2965//3568
f 2971//3572 2924//3527 2955//3557
f 2982//3583 2952//3555 2970//3570
f 2838//3436 2951//3553 2964//3574
f 2976//3577 2972//3573 2934//3561
f 2979//3451 2973//3575 2951//3553
f 2977//3579 2959//3562 2927//3532
f 2984//3455 2947//3549 2972//3573
f 2985//3449 2918//3522 2948//3550
f 2986//3484 2956//3558 2973//3575
f 2978//3580 2958//3559 2931//3528
f 2878//3495 2929//3533 2958//3559
f 2971//3572 2983//3584 2953//3556
f 2849//3494 2938//3543 2930//3536
f 2977//3579 2952//3555 2982//3583
f 2838//3436 2979//3451 2951//3553
f 2975//3460 2940//3566 2968//3585
f 2989//3586 2466//3063 2987//3587
f 2990//3588 2948//3550 2947//3549
f 2990//3588 2947//3549 2984//3455
f 2870//3463 2942//3545 2938//3543
f 2989//3586 2988//3589 2466//3063
f 2980//3582 2956//3558 2986//3484
f 2985//3449 2970//3570 2918//3522
f 2981//3590 2971//3572 2955//3557
f 2989//3586 2987//3587 2991//3591
f 2992//3453 2982//3583 2970//3570
f 2848//3446 2944//3547 2980//3582
f 2848//3446 2960//3563 2944//3547
f 2838//3436 2964//3574 2836//3437
f 2877//3434 2965//3568 2963//3567
f 2847//3445 2961//3564 2960//3563
f 2878//3495 2849//3494 2929//3533
f 2834//3433 2967//3569 2965//3568
f 2993//3439 2939//3544 2959//3562
f 2994//3592 2988//3589 2989//3586
f 2860//3470 2974//3576 2961//3564
f 2990//3588 2985//3449 2948//3550
f 2955//3557 2996//3593 2981//3590
f 2863//3501 2949//3551 2967//3569
f 2997//3594 2989//3586 2991//3591
f 2954//3578 2404//3004 2809//3423
f 2994//3592 2998//3595 2988//3589
f 2999//3596 2991//3591 2995//3597
f 2842//3440 2959//3562 2977//3579
f 2994//3592 2989//3586 2997//3594
f 2868//3459 2963//3567 2962//3565
f 2993//3439 2955//3557 2939//3544
f 2997//3594 2991//3591 2999//3596
f 2992//3453 2970//3570 2985//3449
f 2976//3577 2954//3578 2809//3423
f 2892//3489 2941//3560 2969//3571
f 2859//3475 2975//3460 2968//3585
f 2870//3463 2938//3543 2849//3494
f 2993//3439 2959//3562 2842//3440
f 2845//3443 2998//3595 2994//3592
f 2863//3501 2978//3580 2949//3551
f 2855//3467 2995//3597 3000//3598
f 2847//3445 2960//3563 2848//3446
f 2996//3593 2955//3557 2993//3439
f 2870//3463 2957//3462 2942//3545
f 2860//3470 2961//3564 2847//3445
f 2844//3442 2998//3595 2845//3443
f 2871//3511 2958//3559 2978//3580
f 2877//3434 2963//3567 2868//3459
f 2861//3472 2973//3575 2979//3451
f 2861//3472 2986//3484 2973//3575
f 2842//3440 2977//3579 2982//3583
f 2855//3467 2999//3596 2995//3597
f 2864//3480 2969//3571 2974//3576
f 2834//3433 2965//3568 2877//3434
f 2866//3483 2980//3582 2986//3484
f 2853//3497 2967//3569 2834//3433
f 2857//3448 2992//3453 2985//3449
f 2853//3497 2863//3501 2967//3569
f 2833//3430 2972//3573 2976//3577
f 2833//3430 2984//3455 2972//3573
f 2837//3457 2994//3592 2997//3594
f 2850//3454 2990//3588 2984//3455
f 2868//3459 2962//3565 2975//3460
f 2871//3511 2878//3495 2958//3559
f 2770//3390 2976//3577 2809//3423
f 2864//3480 2892//3489 2969//3571
f 2837//3457 2997//3594 2999//3596
f 2866//3483 2848//3446 2980//3582
f 2837//3457 2845//3443 2994//3592
f 2851//3468 2855//3467 3000//3598
f 2859//3475 2968//3585 2839//3476
f 2850//3454 2985//3449 2990//3588
f 2862//3506 2870//3463 2849//3494
f 2858//3452 2982//3583 2992//3453
f 2854//3485 2999//3596 2855//3467
f 2833//3430 2770//3390 2769//3355
f 2833//3430 2976//3577 2770//3390
f 2864//3480 2974//3576 2860//3470
f 2871//3511 2978//3580 2863//3501
f 2856//3447 2985//3449 2850//3454
f 2854//3485 2837//3457 2999//3596
f 2842//3440 2982//3583 2858//3452
f 3002//3599 3007//3600 3004//3601
f 2822//3418 2828//3425 3001//3602
f 3004//3601 1592//2211 3003//3603
f 3002//3599 3001//3602 3008//3604
f 3002//3599 3008//3604 3007//3600
f 3004//3601 3007//3600 1592//2211
f 2828//3425 1601//2219 3001//3602
f 3006//2189 3003//3603 1580//2190
f 1580//2190 3003//3603 1586//2213
f 3003//3603 1592//2211 1586//2213
f 1601//2219 3008//3604 3001//3602
f 1592//2211 3008//3604 1597//2221
f 2767//3350 2779//3371 3005//3605
f 3007//3600 3008//3604 1592//2211
f 2779//3371 2784//3376 3005//3605
f 1597//2221 3008//3604 1602//2218
f 2784//3376 3009//3606 3005//3605
f 3008//3604 1601//2219 1602//2218
f 2802//3396 3009//3606 2784//3376
f 3009//3606 3012//3409 3010//3607
f 3009//3606 2802//3396 3012//3409
f 3011//3608 3010//3607 3013//3609
f 3010//3607 3012//3409 3013//3609
f 3012//3409 3016//3610 3013//3609
f 2813//3407 3016//3610 3012//3409
f 3013//3609 3016//3610 3014//3611
f 2813//3407 3018//3612 3016//3610
f 3014//3611 3016//3610 3015//3613
f 3015//3613 3019//3614 3017//3615
f 2813//3407 2822//3418 3018//3612
f 3016//3610 3002//3599 3015//3613
f 3016//3610 3018//3612 3002//3599
f 3015//3613 3004//3601 3019//3614
f 3015//3613 3002//3599 3004//3601
f 3018//3612 2822//3418 3001//3602
f 3018//3612 3001//3602 3002//3599
f 3004//3601 3003//3603 3019//3614
f 3029//3616 3030//3617 3031//3618
f 3032//3619 3145//3620 3033//3621
f 3029//3616 3031//3618 3034//3622
f 3035//3623 3036//3260 3037//3624
f 3038//3625 3039//3626 3026//3627
f 3032//3619 3050//3628 3145//3620
f 3040//3629 3041//3297 3035//3623
f 3043//3630 3058//3631 3044//3632
f 2884//3478 3047//3633 3030//3617
f 3048//3634 3049//3635 3050//3628
f 3051//3636 3052//3637 3039//3626
f 3053//3638 3056//3639 3054//3640
f 3059//3641 3140//3642 3045//3643
f 3065//3644 3066//3645 3057//3646
f 3069//3647 3025//3648 2607//3204
f 3070//3649 3026//3627 3067//3650
f 2601//3206 3044//3632 2608//3205
f 3034//3622 3151//3651 3074//3652
f 3075//3653 3144//3654 3071//3655
f 3052//3637 2888//3514 2873//3465
f 3040//3629 3055//3656 3041//3297
f 3077//3657 3166//3658 3058//3631
f 3055//3656 2316//2907 2719//3161
f 3078//3659 3054//3640 3042//3660
f 3062//3661 3056//3639 3053//3638
f 3038//3625 3026//3627 3070//3649
f 3043//3630 3044//3632 2601//3206
f 3063//3662 3148//3663 3060//3664
f 3051//3636 3039//3626 3038//3625
f 3079//3665 3068//3666 3062//3661
f 3061//3667 3166//3658 3077//3657
f 3073//3668 3064//3669 3063//3662
f 3067//3650 3022//3670 3061//3667
f 3080//3671 2586//3184 2553//3149
f 3080//3671 2553//3149 2523//3136
f 3081//3672 2316//2907 3055//3656
f 2884//3478 3030//3617 3029//3616
f 3051//3636 2888//3514 3052//3637
f 3053//3638 3054//3640 3078//3659
f 3077//3657 3058//3631 3043//3630
f 3045//3643 3046//3673 3027//3674
f 3048//3634 3050//3628 3032//3619
f 3082//3675 3059//3641 3045//3643
f 3083//3676 3071//3655 3059//3641
f 3080//3671 3069//3647 2586//3184
f 3084//3677 3067//3650 3061//3667
f 3076//3678 3072//3679 3065//3644
f 3085//3680 3070//3649 3067//3650
f 3081//3672 2336//2938 2316//2907
f 3086//3681 3038//3625 3070//3649
f 3087//3682 3025//3648 3069//3647
f 3051//3636 2914//3538 2888//3514
f 3088//3683 3033//3621 3075//3653
f 3089//3684 3063//3662 3060//3664
f 3090//3685 3077//3657 3043//3630
f 3074//3652 3068//3666 3079//3665
f 3048//3634 2991//3591 3049//3635
f 3048//3634 2995//3597 2991//3591
f 3091//3686 3024//3687 3073//3668
f 3091//3686 3023//3688 3024//3687
f 3092//3689 3069//3647 3080//3671
f 3093//3690 3042//3660 3023//3688
f 3029//3616 2921//3531 2906//3510
f 3029//3616 2906//3510 2884//3478
f 3084//3677 3061//3667 3077//3657
f 3085//3680 3067//3650 3084//3677
f 2682//3281 3060//3664 2712//3314
f 3094//3691 3086//3681 3070//3649
f 3095//3692 3062//3661 3053//3638
f 3096//3693 3043//3630 2601//3206
f 3096//3693 2601//3206 2577//3181
f 3086//3681 2914//3538 3051//3636
f 3086//3681 3051//3636 3038//3625
f 3097//3694 3040//3629 3035//3623
f 3098//3695 3028//3696 3076//3678
f 3099//3697 2523//3136 2491//3095
f 3098//3695 3027//3674 3028//3696
f 3100//3698 3077//3657 3090//3685
f 3088//3683 3032//3619 3033//3621
f 3101//3699 3055//3656 3040//3629
f 3087//3682 3069//3647 3092//3689
f 3093//3690 3078//3659 3042//3660
f 3084//3677 3077//3657 3100//3698
f 3089//3684 3060//3664 2682//3281
f 3037//3624 3025//3648 3087//3682
f 3095//3692 3079//3665 3062//3661
f 3094//3691 3070//3649 3085//3680
f 3102//3700 3076//3678 3065//3644
f 3103//3701 3075//3653 3071//3655
f 3104//3702 2491//3095 2450//3033
f 3103//3701 3071//3655 3083//3676
f 3086//3681 2940//3566 2914//3538
f 3090//3685 3043//3630 3096//3693
f 3099//3697 3080//3671 2523//3136
f 3101//3699 3081//3672 3055//3656
f 3105//3703 3085//3680 3084//3677
f 3093//3690 3023//3688 3091//3686
f 3106//3704 3045//3643 3027//3674
f 3107//3705 3057//3646 2343//2946
f 3107//3705 2343//2946 2296//2895
f 3109//3706 3035//3623 3037//3624
f 3094//3691 2940//3566 3086//3681
f 3099//3697 2491//3095 3104//3702
f 3110//3707 3073//3668 3063//3662
f 3111//3708 3100//3698 3090//3685
f 3101//3699 3040//3629 3097//3694
f 3112//3709 3084//3677 3100//3698
f 3113//3710 3080//3671 3099//3697
f 3114//3711 3034//3622 3074//3652
f 3105//3703 3084//3677 3108//3712
f 3115//3713 3094//3691 3085//3680
f 2538//3143 3096//3693 2577//3181
f 3118//3714 2336//2938 3081//3672
f 3117//3261 3089//3684 2682//3281
f 3118//3714 2367//2976 2336//2938
f 3082//3675 3045//3643 3106//3704
f 3107//3705 3065//3644 3057//3646
f 3119//3715 3063//3662 3089//3684
f 3108//3712 3084//3677 3112//3709
f 3094//3691 2968//3585 2940//3566
f 3120//3716 3083//3676 3059//3641
f 3120//3716 3059//3641 3082//3675
f 3104//3702 2450//3033 2403//3034
f 3110//3707 3091//3686 3073//3668
f 3115//3713 3085//3680 3105//3703
f 3114//3711 2946//3554 2921//3531
f 3114//3711 2921//3531 3029//3616
f 3114//3711 3029//3616 3034//3622
f 3122//3717 3090//3685 3096//3693
f 3113//3710 3092//3689 3080//3671
f 3123//3718 3095//3692 3053//3638
f 3123//3718 3053//3638 3078//3659
f 3106//3704 3027//3674 3116//3719
f 3125//3720 3087//3682 3092//3689
f 3124//3721 3079//3665 3095//3692
f 3000//3598 2995//3597 3048//3634
f 3000//3598 3048//3634 3032//3619
f 3115//3713 2968//3585 3094//3691
f 3119//3715 3110//3707 3063//3662
f 3126//3722 3074//3652 3079//3665
f 3109//3706 3037//3624 3087//3682
f 3122//3717 3111//3708 3090//3685
f 3127//3723 3112//3709 3100//3698
f 3129//3724 3091//3686 3110//3707
f 3097//3694 3035//3623 3109//3706
f 3127//3723 3100//3698 3111//3708
f 3128//3725 3065//3644 3107//3705
f 3130//3726 3115//3713 3105//3703
f 3131//3727 3093//3690 3091//3686
f 3122//3717 3096//3693 2538//3143
f 3132//3728 3081//3672 3101//3699
f 3121//3729 3098//3695 3076//3678
f 3115//3713 2839//3476 2968//3585
f 3133//3730 3088//3683 3075//3653
f 3116//3719 3027//3674 3098//3695
f 3000//3598 3032//3619 3088//3683
f 3134//3731 3108//3712 3112//3709
f 3130//3726 3105//3703 3108//3712
f 2487//3085 3122//3717 2538//3143
f 3135//3732 3093//3690 3131//3727
f 3135//3732 3078//3659 3093//3690
f 3128//3725 3102//3700 3065//3644
f 3123//3718 3078//3659 3135//3732
f 3130//3726 2839//3476 3115//3713
f 3103//3701 3083//3676 3120//3716
f 3124//3721 3095//3692 3123//3718
f 3121//3729 3076//3678 3102//3700
f 3127//3723 3111//3708 3122//3717
f 3134//3731 3112//3709 3127//3723
f 3136//3733 3075//3653 3103//3701
f 3137//3734 3130//3726 3108//3712
f 3137//3734 3108//3712 3134//3731
f 3126//3722 3079//3665 3124//3721
f 3138//3735 3074//3652 3126//3722
f 3138//3735 3114//3711 3074//3652
f 3131//3727 3091//3686 3129//3724
f 3130//3726 2840//3505 2839//3476
f 3139//3736 3107//3705 2296//2895
f 3140//3642 3109//3706 3087//3682
f 3140//3642 3087//3682 3125//3720
f 3141//3737 3127//3723 3122//3717
f 3142//3738 3134//3731 3127//3723
f 3143//3739 3089//3684 3117//3261
f 3143//3739 3119//3715 3089//3684
f 2439//3047 3122//3717 2487//3085
f 3144//3654 3101//3699 3097//3694
f 3137//3734 2840//3505 3130//3726
f 3141//3737 3122//3717 2439//3047
f 3133//3730 3075//3653 3136//3733
f 3138//3735 2964//3574 2946//3554
f 3138//3735 2946//3554 3114//3711
f 3145//3620 3118//3714 3081//3672
f 3145//3620 3081//3672 3132//3728
f 3146//3740 3088//3683 3133//3730
f 3146//3740 3000//3598 3088//3683
f 3137//3734 2909//3535 2840//3505
f 3147//3741 2367//2976 3118//3714
f 3148//3663 3107//3705 3139//3736
f 3149//3742 3124//3721 3123//3718
f 3141//3737 3142//3738 3127//3723
f 3150//3743 3134//3731 3142//3738
f 3151//3651 3103//3701 3120//3716
f 3158//3744 3097//3694 3109//3706
f 3150//3743 2909//3535 3137//3734
f 3150//3743 3137//3734 3134//3731
f 3153//3745 3142//3738 3141//3737
f 3152//3746 3098//3695 3121//3729
f 3150//3743 2934//3561 2909//3535
f 3159//3747 3123//3718 3135//3732
f 2419//3018 3141//3737 2439//3047
f 3154//3748 3092//3689 3113//3710
f 3153//3745 3150//3743 3142//3738
f 3154//3748 3125//3720 3092//3689
f 3146//3740 2851//3468 3000//3598
f 3139//3736 2296//2895 2736//2894
f 3153//3745 3141//3737 2419//3018
f 3153//3745 2934//3561 3150//3743
f 3155//3749 3110//3707 3119//3715
f 3155//3749 3119//3715 3143//3739
f 3156//3750 3082//3675 3106//3704
f 3147//3741 2375//2975 2367//2976
f 3157//3751 3126//3722 3124//3721
f 3148//3663 3128//3725 3107//3705
f 3068//3666 3120//3716 3082//3675
f 3153//3745 2954//3578 2934//3561
f 3144//3654 3097//3694 3158//3744
f 2405//3005 3153//3745 2419//3018
f 2954//3578 3153//3745 2405//3005
f 3149//3742 3123//3718 3159//3747
f 3160//3752 3132//3728 3101//3699
f 3152//3746 3116//3719 3098//3695
f 3161//3753 3124//3721 3149//3742
f 3155//3749 3129//3724 3110//3707
f 3138//3735 3126//3722 3157//3751
f 3056//3639 3106//3704 3116//3719
f 3147//3741 3118//3714 3145//3620
f 3162//3754 3131//3727 3129//3724
f 3163//3755 3135//3732 3131//3727
f 3164//3756 2375//2975 3147//3741
f 3164//3756 2422//3043 2375//2975
f 3064//3669 3128//3725 3148//3663
f 3066//3645 3104//3702 2403//3034
f 3066//3645 2403//3034 2382//2989
f 3165//3235 3143//3739 3117//3261
f 3151//3651 3120//3716 3068//3666
f 3072//3679 3099//3697 3104//3702
f 3031//3618 3136//3733 3103//3701
f 3157//3751 3124//3721 3161//3753
f 3166//3658 3129//3724 3155//3749
f 3138//3735 2836//3437 2964//3574
f 3028//3696 3113//3710 3099//3697
f 3159//3747 3135//3732 3163//3755
f 3154//3748 3113//3710 3028//3696
f 3156//3750 3106//3704 3056//3639
f 3068//3666 3082//3675 3156//3750
f 3046//3673 3125//3720 3154//3748
f 3046//3673 3140//3642 3125//3720
f 3158//3744 3109//3706 3140//3642
f 3164//3756 2466//3063 2422//3043
f 3064//3669 3102//3700 3128//3725
f 3164//3756 2987//3587 2466//3063
f 3162//3754 3129//3724 3166//3658
f 3163//3755 3131//3727 3162//3754
f 3047//3633 3133//3730 3136//3733
f 3039//3626 3149//3742 3159//3747
f 3047//3633 3146//3740 3133//3730
f 3160//3752 3101//3699 3144//3654
f 3145//3620 3132//3728 3160//3752
f 3050//3628 3147//3741 3145//3620
f 3049//3635 3164//3756 3147//3741
f 3057//3646 3066//3645 2382//2989
f 3024//3687 3102//3700 3064//3669
f 3057//3646 2382//2989 2343//2946
f 3031//3618 3103//3701 3151//3651
f 3044//3632 3143//3739 3165//3235
f 3042//3660 3152//3746 3121//3729
f 3039//3626 3161//3753 3149//3742
f 3072//3679 3104//3702 3066//3645
f 3030//3617 3136//3733 3031//3618
f 3054//3640 3116//3719 3152//3746
f 3047//3633 2884//3478 2851//3468
f 3071//3655 3144//3654 3158//3744
f 3047//3633 2851//3468 3146//3740
f 3028//3696 3099//3697 3072//3679
f 3022//3670 3163//3755 3162//3754
f 3026//3627 3159//3747 3163//3755
f 3023//3688 3121//3729 3102//3700
f 3023//3688 3102//3700 3024//3687
f 2404//3004 2954//3578 2405//3005
f 3157//3751 2836//3437 3138//3735
f 3061//3667 3162//3754 3166//3658
f 3047//3633 3136//3733 3030//3617
f 3054//3640 3056//3639 3116//3719
f 3060//3664 3139//3736 2736//2894
f 3062//3661 3156//3750 3056//3639
f 3058//3631 3155//3749 3143//3739
f 3052//3637 3157//3751 3161//3753
f 3033//3621 3145//3620 3160//3752
f 3027//3674 3154//3748 3028//3696
f 3022//3670 3162//3754 3061//3667
f 3025//3648 2627//3239 2607//3204
f 3023//3688 3042//3660 3121//3729
f 3039//3626 3159//3747 3026//3627
f 3049//3635 3147//3741 3050//3628
f 3059//3641 3158//3744 3140//3642
f 3054//3640 3152//3746 3042//3660
f 3157//3751 2873//3465 2836//3437
f 3065//3644 3072//3679 3066//3645
f 3148//3663 3139//3736 3060//3664
f 3025//3648 3036//3260 2627//3239
f 3075//3653 3160//3752 3144//3654
f 3035//3623 2663//3259 3036//3260
f 2608//3205 3044//3632 3165//3235
f 3058//3631 3143//3739 3044//3632
f 3034//3622 3031//3618 3151//3651
f 3046//3673 3154//3748 3027//3674
f 3052//3637 3161//3753 3039//3626
f 3166//3658 3155//3749 3058//3631
f 3045//3643 3140//3642 3046//3673
f 3049//3635 2991//3591 2987//3587
f 3049//3635 2987//3587 3164//3756
f 3067//3650 3163//3755 3022//3670
f 3060//3664 2736//2894 2712//3314
f 3037//3624 3036//3260 3025//3648
f 3067//3650 3026//3627 3163//3755
f 3035//3623 3041//3297 2663//3259
f 3071//3655 3158//3744 3059//3641
f 3055//3656 2719//3161 3041//3297
f 3063//3662 3064//3669 3148//3663
f 3068//3666 3156//3750 3062//3661
f 3073//3668 3024//3687 3064//3669
f 3052//3637 2873//3465 3157//3751
f 3076//3678 3028//3696 3072//3679
f 3069//3647 2607//3204 2586//3184
f 3074//3652 3151//3651 3068//3666
f 3033//3621 3160//3752 3075//3653
f 3191//3757 3190//3758 3315//3759
f 3174//3760 3321//3761 3175//3762
f 3174//3760 3176//3763 3321//3761
f 3177//3764 1373//1937 3178//3765
f 3195//3766 3184//3767 3185//3768
f 3183//3769 2900//3503 2923//3526
f 3186//3770 3188//3771 3187//3772
f 1365//1920 1367//1922 3190//3758
f 3196//3773 3173//3774 3192//3775
f 3172//3776 3318//3777 3173//3774
f 3193//3778 3171//3779 2957//3462
f 3179//3780 3167//3781 3169//3782
f 3194//3783 3182//3784 3195//3766
f 3196//3773 3192//3775 3320//3785
f 3196//3773 3320//3785 3168//3786
f 3175//3762 3319//3787 3172//3776
f 3197//1991 3190//3758 3191//3757
f 3198//3788 3325//3789 3179//3780
f 3198//3788 3185//3768 3325//3789
f 3187//3772 3182//3784 3194//3783
f 3174//3760 3181//3790 3176//3763
f 3205//3791 3189//3792 3183//3769
f 1365//1920 3190//3758 3197//1991
f 3201//3793 3170//3794 3189//3792
f 3191//3757 3188//3771 3186//3770
f 3193//3778 3169//3782 3171//3779
f 3203//3795 3179//3780 3169//3782
f 3200//3796 3177//3764 3181//3790
f 3204//3797 3175//3762 3172//3776
f 3205//3791 3183//3769 3199//3798
f 3199//3798 3183//3769 2923//3526
f 3206//3799 3187//3772 3194//3783
f 3200//3796 3181//3790 3174//3760
f 3211//3800 3169//3782 3193//3778
f 3207//3801 3173//3774 3196//3773
f 1425//2017 3177//3764 3200//3796
f 3209//3802 3195//3766 3185//3768
f 3209//3802 3185//3768 3198//3788
f 3201//3793 3189//3792 3205//3791
f 3210//3803 3191//3757 3186//3770
f 3212//3804 3172//3776 3173//3774
f 3202//3805 3169//3782 3211//3800
f 3213//3806 3193//3778 2957//3462
f 3203//3795 3169//3782 3202//3805
f 1425//2017 1373//1937 3177//3764
f 3214//3807 3194//3783 3195//3766
f 3215//3808 3170//3794 3201//3793
f 3215//3808 3168//3786 3170//3794
f 3215//3808 3196//3773 3168//3786
f 3216//3809 3179//3780 3203//3795
f 3208//3810 3197//1991 3191//3757
f 3206//3799 3194//3783 3214//3807
f 3217//3811 3200//3796 3174//3760
f 3210//3803 3208//3810 3191//3757
f 3218//3812 3174//3760 3175//3762
f 3218//3812 3175//3762 3204//3797
f 3186//3770 3187//3772 3206//3799
f 1437//2028 3197//1991 3208//3810
f 3219//3813 2923//3526 2941//3560
f 3211//3800 3193//3778 3213//3806
f 3220//3814 3201//3793 3205//3791
f 3213//3806 2957//3462 2869//3461
f 3207//3801 3196//3773 3215//3808
f 3212//3804 3173//3774 3207//3801
f 3214//3807 3195//3766 3209//3802
f 3221//2058 3200//3796 3217//3811
f 3212//3804 3204//3797 3172//3776
f 3198//3788 3179//3780 3216//3809
f 3219//3813 3199//3798 2923//3526
f 3217//3811 3174//3760 3218//3812
f 3227//3815 3186//3770 3206//3799
f 3228//3816 3218//3812 3204//3797
f 3221//2058 1425//2017 3200//3796
f 3224//3817 3202//3805 3211//3800
f 3224//3817 3223//3818 3202//3805
f 3223//3818 3225//3819 3203//3795
f 3223//3818 3203//3795 3202//3805
f 3198//3788 3229//3820 3230//3821
f 3220//3814 3205//3791 3222//3822
f 3231//3823 3207//3801 3215//3808
f 3225//3819 3216//3809 3203//3795
f 3232//3824 3212//3804 3207//3801
f 3226//3825 3204//3797 3212//3804
f 3233//3826 3208//3810 3210//3803
f 3216//3809 3229//3820 3198//3788
f 3234//3827 2467//3064 2466//3063
f 3235//3828 3206//3799 3214//3807
f 3236//3829 3201//3793 3220//3814
f 3236//3829 3215//3808 3201//3793
f 2912//3517 3213//3806 2869//3461
f 2503//3101 2475//3081 2485//3082
f 3230//3821 3209//3802 3198//3788
f 2485//3082 2467//3064 3234//3827
f 1337//1924 3208//3810 3233//3826
f 1337//1924 1437//2028 3208//3810
f 3238//3830 3186//3770 3227//3815
f 3238//3830 3210//3803 3186//3770
f 3219//3813 3205//3791 3199//3798
f 3239//3831 3214//3807 3209//3802
f 3233//3826 3210//3803 3238//3830
f 3241//3832 2503//3101 2485//3082
f 3230//3821 3239//3831 3209//3802
f 3226//3825 3212//3804 3232//3824
f 3234//3827 2466//3063 2988//3589
f 3227//3815 3206//3799 3235//3828
f 3228//3816 3204//3797 3226//3825
f 3222//3822 3205//3791 3219//3813
f 3235//3828 3214//3807 3239//3831
f 3240//3833 3227//3815 3235//3828
f 3237//3834 3231//3823 3215//3808
f 3232//3824 3207//3801 3231//3823
f 3238//3830 3227//3815 3242//3835
f 3238//3830 3242//3835 3243//3836
f 3242//3835 3227//3815 3240//3833
f 3233//3826 1372//1936 1337//1924
f 2518//3117 2510//3107 2503//3101
f 3243//3836 3233//3826 3238//3830
f 1372//1936 3233//3826 3243//3836
f 3237//3834 3215//3808 3236//3829
f 3241//3832 2485//3082 3234//3827
f 3217//3811 3218//3812 3228//3816
f 3244//3837 3231//3823 3237//3834
f 3245//3838 3228//3816 3226//3825
f 1476//1909 3221//2058 3217//3811
f 3246//3839 3222//3822 3219//3813
f 3247//3840 3219//3813 2941//3560
f 3252//3841 3241//3832 3234//3827
f 3249//3842 2503//3101 3241//3832
f 2998//3595 3234//3827 2988//3589
f 3250//3843 3237//3834 3236//3829
f 3251//3844 3226//3825 3232//3824
f 3253//3845 3217//3811 3228//3816
f 3248//3846 3241//3832 3252//3841
f 3254//3847 3234//3827 2998//3595
f 3249//3842 3241//3832 3248//3846
f 3245//3838 3226//3825 3251//3844
f 3255//3848 2503//3101 3249//3842
f 3255//3848 2518//3117 2503//3101
f 3246//3839 3219//3813 3247//3840
f 3247//3840 2941//3560 2892//3489
f 3256//3849 3222//3822 3246//3839
f 3256//3849 3220//3814 3222//3822
f 3244//3837 3237//3834 3250//3843
f 3254//3847 3252//3841 3234//3827
f 3232//3824 3231//3823 3244//3837
f 3256//3849 3236//3829 3220//3814
f 3253//3845 1476//1909 3217//3811
f 3257//3850 2543//3141 2536//3133
f 3258//3851 2525//3123 2518//3117
f 3258//3851 2518//3117 3255//3848
f 3253//3845 3228//3816 3245//3838
f 3258//3851 2536//3133 2525//3123
f 3259//3852 3247//3840 2892//3489
f 3260//3853 3248//3846 3252//3841
f 3264//3854 3232//3824 3244//3837
f 3261//3855 3255//3848 3249//3842
f 3262//3856 2543//3141 3257//3850
f 3250//3843 3236//3829 3256//3849
f 3263//3857 3251//3844 3232//3824
f 3257//3850 2536//3133 3258//3851
f 3265//3858 3253//3845 3245//3838
f 3266//3859 3252//3841 3254//3847
f 3267//3860 3244//3837 3250//3843
f 1358//1907 1476//1909 3253//3845
f 3269//3861 3249//3842 3248//3846
f 3268//3862 3245//3838 3251//3844
f 3269//3861 3248//3846 3260//3853
f 3270//3863 3247//3840 3259//3852
f 3262//3856 2558//3153 2543//3141
f 3270//3863 3246//3839 3247//3840
f 3271//3864 3256//3849 3246//3839
f 3258//3851 3255//3848 3261//3855
f 3272//3865 3250//3843 3256//3849
f 3263//3857 3232//3824 3264//3854
f 3264//3854 3244//3837 3267//3860
f 3275//3158 2558//3153 3262//3856
f 3260//3853 3252//3841 3266//3859
f 3276//3866 3254//3847 2998//3595
f 3265//3858 3245//3838 3268//3862
f 3261//3855 3249//3842 3269//3861
f 3268//3862 3251//3844 3263//3857
f 1358//1907 3253//3845 3265//3858
f 3277//3867 3258//3851 3261//3855
f 3273//3868 3262//3856 3257//3850
f 3274//3869 3257//3850 3258//3851
f 3271//3864 3246//3839 3270//3863
f 3267//3860 3250//3843 3272//3865
f 3266//3859 3254//3847 3276//3866
f 3278//3870 3263//3857 3264//3854
f 3276//3866 2998//3595 2844//3442
f 3279//3871 3264//3854 3267//3860
f 3280//3872 3257//3850 3274//3869
f 3281//3873 3268//3862 3263//3857
f 3282//3874 3270//3863 3259//3852
f 3283//3875 3259//3852 2892//3489
f 3283//3875 2892//3489 2891//3488
f 3280//3872 3273//3868 3257//3850
f 3274//3869 3258//3851 3277//3867
f 3284//3876 3275//3158 3262//3856
f 3284//3876 3262//3856 3273//3868
f 3286//3877 3269//3861 3260//3853
f 3286//3877 3260//3853 3266//3859
f 3272//3865 3256//3849 3271//3864
f 3278//3870 3264//3854 3279//3871
f 3287//3878 3261//3855 3269//3861
f 3288//3879 2844//3442 2843//3441
f 3289//3880 3268//3862 3281//3873
f 3290//3881 3277//3867 3261//3855
f 3289//3880 3265//3858 3268//3862
f 3281//3873 3263//3857 3278//3870
f 1415//2006 1358//1907 3265//3858
f 3285//3882 2562//3159 3275//3158
f 3282//3874 3259//3852 3283//3875
f 3291//3883 3274//3869 3277//3867
f 3292//3884 3270//3863 3282//3874
f 3292//3884 3271//3864 3270//3863
f 1419//2012 1418//2010 2562//3159
f 3285//3882 3275//3158 3284//3876
f 3276//3866 2844//3442 3288//3879
f 3293//3885 3279//3871 3267//3860
f 3293//3885 3267//3860 3272//3865
f 3287//3878 3269//3861 3286//3877
f 3290//3881 3261//3855 3287//3878
f 3294//3886 3273//3868 3280//3872
f 3296//3887 3281//3873 3278//3870
f 1415//2006 3265//3858 3289//3880
f 3291//3883 3277//3867 3290//3881
f 3298//3888 3273//3868 3294//3886
f 3298//3888 3284//3876 3273//3868
f 1419//2012 2562//3159 3285//3882
f 3298//3888 3285//3882 3284//3876
f 3299//3889 3266//3859 3276//3866
f 3300//3890 3280//3872 3274//3869
f 3300//3890 3274//3869 3291//3883
f 3301//3891 3271//3864 3292//3884
f 3302//3892 3272//3865 3271//3864
f 3303//3893 3287//3878 3286//3877
f 3295//3894 3278//3870 3279//3871
f 3297//3895 3289//3880 3281//3873
f 3304//3896 3276//3866 3288//3879
f 3295//3894 3279//3871 3293//3885
f 3293//3885 3272//3865 3302//3892
f 1445//2037 1415//2006 3289//3880
f 3305//3897 3291//3883 3290//3881
f 3297//3895 3281//3873 3296//3887
f 1460//2053 1419//2012 3285//3882
f 3306//3898 3282//3874 3283//3875
f 3286//3877 3266//3859 3299//3889
f 3302//3892 3271//3864 3301//3891
f 3307//3899 3290//3881 3287//3878
f 3307//3899 3287//3878 3303//3893
f 3308//3900 3294//3886 3280//3872
f 3308//3900 3280//3872 3300//3890
f 3309//3901 3285//3882 3298//3888
f 3305//3897 3290//3881 3307//3899
f 3308//3900 3298//3888 3294//3886
f 3296//3887 3278//3870 3295//3894
f 1445//2037 3289//3880 3297//3895
f 3299//3889 3276//3866 3304//3896
f 3310//3902 3283//3875 2891//3488
f 3311//3903 3292//3884 3282//3874
f 3311//3903 3282//3874 3306//3898
f 3312//3904 3286//3877 3299//3889
f 3300//3890 3291//3883 3305//3897
f 3288//3879 2843//3441 2900//3503
f 1460//2053 3285//3882 3309//3901
f 3313//3905 3295//3894 3293//3885
f 3314//3906 3293//3885 3302//3892
f 3315//3759 3296//3887 3295//3894
f 3309//3901 3298//3888 3308//3900
f 1467//2063 1445//2037 3297//3895
f 3316//3907 3297//3895 3296//3887
f 3306//3898 3283//3875 3310//3902
f 3317//3908 3299//3889 3304//3896
f 3310//3902 2891//3488 2945//3548
f 3319//3787 3300//3890 3305//3897
f 3320//3785 3286//3877 3312//3904
f 3320//3785 3303//3893 3286//3877
f 3301//3891 3292//3884 3311//3903
f 3178//3765 1460//2053 3309//3901
f 1467//2063 3297//3895 3316//3907
f 3321//3761 3308//3900 3300//3890
f 3184//3767 3302//3892 3301//3891
f 3322//3909 3295//3894 3313//3905
f 3324//3910 3304//3896 3288//3879
f 3305//3897 3307//3899 3318//3777
f 1344//1939 1460//2053 3178//3765
f 3323//3911 3309//3901 3308//3900
f 3315//3759 3295//3894 3322//3909
f 3316//3907 3296//3887 3315//3759
f 3324//3910 3288//3879 2900//3503
f 3312//3904 3299//3889 3317//3908
f 3182//3784 3293//3885 3314//3906
f 3182//3784 3313//3905 3293//3885
f 3192//3775 3307//3899 3303//3893
f 3192//3775 3303//3893 3320//3785
f 3325//3789 3301//3891 3311//3903
f 3321//3761 3300//3890 3319//3787
f 3178//3765 3309//3901 3323//3911
f 3323//3911 3308//3900 3321//3761
f 3314//3906 3302//3892 3184//3767
f 3317//3908 3304//3896 3324//3910
f 3170//3794 3312//3904 3317//3908
f 3167//3781 3306//3898 3310//3902
f 3318//3777 3307//3899 3192//3775
f 3171//3779 3310//3902 2945//3548
f 3319//3787 3305//3897 3318//3777
f 3180//3912 3311//3903 3306//3898
f 3180//3912 3306//3898 3167//3781
f 3325//3789 3311//3903 3180//3912
f 3184//3767 3301//3891 3325//3789
f 3187//3772 3322//3909 3313//3905
f 3187//3772 3313//3905 3182//3784
f 3190//3758 3316//3907 3315//3759
f 3176//3763 3323//3911 3321//3761
f 3195//3766 3314//3906 3184//3767
f 3188//3771 3315//3759 3322//3909
f 3189//3792 3317//3908 3324//3910
f 1367//1922 1467//2063 3316//3907
f 3169//3782 3310//3902 3171//3779
f 3173//3774 3318//3777 3192//3775
f 3171//3779 2945//3548 2957//3462
f 3320//3785 3312//3904 3170//3794
f 3175//3762 3321//3761 3319//3787
f 3185//3768 3184//3767 3325//3789
f 3181//3790 3178//3765 3323//3911
f 1373//1937 1344//1939 3178//3765
f 3181//3790 3323//3911 3176//3763
f 3189//3792 3324//3910 3183//3769
f 3188//3771 3322//3909 3187//3772
f 3183//3769 3324//3910 2900//3503
f 1367//1922 3316//3907 3190//3758
f 3170//3794 3317//3908 3189//3792
f 3191//3757 3315//3759 3188//3771
f 3169//3782 3167//3781 3310//3902
f 3172//3776 3319//3787 3318//3777
f 3179//3780 3180//3912 3167//3781
f 3168//3786 3320//3785 3170//3794
f 3182//3784 3314//3906 3195//3766
f 3177//3764 3178//3765 3181//3790
f 3179//3780 3325//3789 3180//3912
f 1528//3913 3327//3914 3326//3915
f 1528//3913 1525//3916 3327//3914
f 1528//3917 3326//3918 1524//3919
f 1524//3919 3326//3918 3328//3919
f 1525//3920 3328//3921 3327//3922
f 1525//3920 1524//3923 3328//3921
f 3327//3924 3328//3924 3326//3924
f 1323//3925 3989//3925 1989//3925
f 1989//3925 3989//3925 1948//3925
f 1948//3925 3989//3925 1884//3926
f 1884//3926 3989//3925 1841//3926
f 1841//3926 3989//3925 1805//3925
f 1805//3925 3989//3925 1758//3925
f 1758//3925 3989//3925 1720//3925
f 1720//3925 3989//3925 1681//3925
f 1681//3925 3989//3925 1640//3927
f 1640//3927 3989//3925 1596//3928
f 1596//3928 3989//3925 1553//3925
f 1553//3925 3989//3925 3342//3925
f 3331//3925 3330//3929 3329//3930
f 1327//3925 1324//3925 1329//3925
f 3333//3925 3330//3929 3331//3925
f 6794//3925 3330//3929 3333//3925
f 3709//3925 3332//3925 3560//3931
f 1319//3932 1314//3925 1322//3925
f 1322//3925 1314//3925 1324//3925
f 3989//3925 1318//3925 3709//3925
f 1323//3925 1318//3925 3989//3925
f 3709//3925 1318//3925 3332//3925
f 1317//3925 1318//3925 1323//3925
f 1318//3925 1326//3925 1320//3933
f 1317//3925 1326//3925 1318//3925
f 1329//3925 1326//3925 1317//3925
f 6766//3925 3334//3925 6794//3925
f 6721//3925 3334//3925 6766//3925
f 1314//3925 1328//3925 1324//3925
f 1315//3934 1328//3925 1314//3925
f 1324//3925 1328//3925 1329//3925
f 1329//3925 1328//3925 1326//3925
f 6794//3925 3334//3925 3330//3929
f 3335//3925 3334//3925 6721//3925
f 7221//3925 3336//3935 3337//3925
f 2244//3936 1323//3936 2202//3936
f 2202//3925 1323//3925 2163//3925
f 2163//3925 1323//3925 2122//3925
f 2122//3925 1323//3925 2083//3925
f 2083//3925 1323//3925 2035//3925
f 2035//3925 1323//3925 1992//3937
f 1992//3937 1323//3925 1936//3938
f 1936//3938 1323//3925 1910//3935
f 7217//3939 3334//3925 3335//3925
f 1910//3935 1323//3925 1842//3925
f 1842//3925 1323//3925 1788//3940
f 1788//3940 1323//3925 1740//3941
f 1740//3941 1323//3925 1682//3942
f 1682//3942 1323//3925 1643//3943
f 1643//3943 1323//3925 1599//3944
f 1599//3944 1323//3925 1545//3945
f 1545//3945 1323//3925 1514//3935
f 1514//3935 1323//3925 1506//3925
f 1506//3925 1323//3925 2262//3946
f 2262//3946 1323//3925 2219//3947
f 2219//3947 1323//3925 2187//3927
f 2187//3927 1323//3925 2126//3925
f 7096//3948 3334//3925 7217//3939
f 2126//3925 1323//3925 2062//3925
f 2062//3925 1323//3925 2016//3948
f 2016//3948 1323//3925 1973//3926
f 1973//3926 1323//3925 1933//3949
f 7221//3925 3338//3950 3336//3935
f 1933//3949 1323//3925 1527//3927
f 1527//3927 1323//3925 1526//3925
f 1526//3925 1323//3925 1820//3925
f 1820//3925 1323//3925 1778//3925
f 1778//3925 1323//3925 1714//3951
f 1714//3951 1323//3925 1677//3927
f 1677//3927 1323//3925 1613//3926
f 1613//3926 1323//3925 1568//3927
f 7096//3948 3339//3925 3334//3925
f 1568//3927 1323//3925 1523//3927
f 1523//3927 1323//3925 1505//3925
f 7160//3952 3339//3925 7096//3948
f 1505//3925 1323//3925 2257//3925
f 2257//3925 1323//3925 2218//3925
f 2218//3925 1323//3925 2161//3926
f 2161//3926 1323//3925 2097//3953
f 2097//3953 1323//3925 2052//3953
f 2052//3953 1323//3925 1989//3925
f 7102//3925 3339//3925 7160//3952
f 7066//3925 3339//3925 7102//3925
f 3340//3925 3339//3925 7066//3925
f 3342//3925 3339//3925 3340//3925
f 3341//3925 3343//3954 3848//3925
f 3344//3955 3336//3935 3338//3950
f 3342//3925 3345//3925 3339//3925
f 3346//3935 3343//3954 3341//3925
f 3848//3925 3347//3925 3341//3925
f 3346//3935 3723//3927 3343//3954
f 3342//3925 3348//3925 3345//3925
f 3349//3956 3350//3957 3344//3955
f 3355//3925 3350//3957 3349//3956
f 3344//3955 3350//3957 3336//3935
f 3347//3925 3351//3925 3341//3925
f 3346//3935 3680//3958 3723//3927
f 3352//3925 3680//3958 3346//3935
f 3341//3925 4011//3925 3353//3959
f 3351//3925 4011//3925 3341//3925
f 3352//3925 3610//3960 3680//3958
f 3342//3925 3354//3925 3348//3925
f 3352//3925 3552//3925 3610//3960
f 4011//3925 4059//3961 3353//3959
f 3356//3962 3350//3957 3355//3925
f 4059//3961 3357//3963 3353//3959
f 3353//3959 3357//3963 3358//3935
f 3352//3925 3359//3925 3552//3925
f 3357//3963 3360//3953 3358//3935
f 1321//3964 1317//3925 1323//3925
f 3360//3953 4123//3965 3358//3935
f 3361//3966 3350//3957 3356//3962
f 3352//3925 3362//3925 3359//3925
f 3364//3925 3362//3925 3363//3925
f 3363//3925 3362//3925 3352//3925
f 3342//3925 3362//3925 3354//3925
f 3354//3925 3362//3925 3364//3925
f 1316//3925 1329//3925 1317//3925
f 3329//3930 3330//3929 3361//3966
f 3342//3925 3989//3925 3362//3925
f 3361//3966 3330//3929 3350//3957
f 3365//3967 3366//3968 3367//3969
f 3495//3970 3371//3971 4376//3972
f 3373//3973 3372//3974 3369//3975
f 4361//3976 3379//3977 3380//3978
f 3384//3979 3435//3980 3387//3981
f 3417//3982 3386//3983 4352//3984
f 4445//3985 3490//3986 3388//3987
f 3390//3988 3391//3989 3392//3990
f 3393//3991 3391//3989 3390//3988
f 3366//3968 3396//3992 3397//3993
f 3397//3993 3396//3992 3381//3994
f 4397//3995 3401//3996 3402//3997
f 3403//3998 3404//3999 3405//4000
f 4483//4001 3407//4002 3410//4003
f 3412//4004 3413//4005 4478//4006
f 4478//4006 3413//4005 3399//4007
f 3489//4008 3424//4009 4492//4010
f 4492//4010 3424//4009 3418//4011
f 1420//2001 3434//4012 1441//2033
f 4466//4013 3442//4014 3375//4015
f 3443//4016 3444//4017 3445//4018
f 3446//4019 3444//4017 3443//4016
f 3466//4020 3450//4021 3393//3991
f 4395//4022 3512//4023 4413//4024
f 3404//3999 3464//4025 3430//4026
f 3465//4027 3466//4020 3467//4028
f 3374//4029 3468//4030 4437//4031
f 4437//4031 3468//4030 3470//4032
f 4380//4033 3473//4034 3474//4035
f 3432//4036 3476//4037 3422//4038
f 3422//4038 3476//4037 3454//4039
f 4392//4040 3477//4041 3463//4042
f 4487//4043 3478//4044 3432//4036
f 3430//4026 3478//4044 4487//4043
f 3410//4003 3480//4045 3481//4046
f 3481//4046 3480//4045 3439//4047
f 3388//3987 3482//4048 4419//4049
f 4419//4049 3482//4048 3475//4050
f 4432//4051 3483//4052 3382//4053
f 3484//4054 3437//4055 3394//4056
f 4426//4057 3452//4058 3408//4059
f 3369//3975 3372//3974 3370//4060
f 4489//4061 3486//4062 3416//4063
f 4401//4064 3487//4065 4314//4066
f 3470//4032 3490//3986 4457//4067
f 4450//4068 3496//4069 4481//4070
f 3419//4071 3496//4069 4450//4068
f 3396//3992 3499//4072 3381//3994
f 3381//3994 3499//4072 3385//4073
f 3399//4007 3500//4074 3376//4075
f 3376//4075 3500//4074 3373//3973
f 4481//4070 3501//4076 3452//4058
f 3407//4002 3502//4077 3410//4003
f 3436//4078 3505//4079 3437//4055
f 3389//4080 3506//4081 3441//4082
f 4366//4083 3507//4084 3425//4085
f 3455//4086 3507//4084 4366//4083
f 3412//4004 3509//4087 3413//4005
f 3416//4063 3511//4088 3415//4089
f 3415//4089 3511//4088 3433//4090
f 4413//4024 3512//4023 4392//4040
f 3448//4091 3513//4092 3449//4093
f 3459//4094 3513//4092 3448//4091
f 3418//4011 3543//4095 3414//4096
f 3365//3967 3514//4097 3366//3968
f 3392//3990 3514//4097 3365//3967
f 3383//4098 3515//4099 4479//4100
f 4479//4100 3515//4099 3374//4029
f 3382//4053 3516//4101 4417//4102
f 4417//4102 3516//4101 3406//4103
f 4411//4104 3518//4105 4395//4022
f 3490//3986 3517//4106 3388//3987
f 4395//4022 3518//4105 3512//4023
f 3371//3971 3473//4034 4438//4107
f 3427//4108 3414//4096 3461//4109
f 3472//4110 3519//4111 3412//4004
f 3449//4093 3519//4111 3472//4110
f 3433//4090 3520//4112 3403//3998
f 3403//3998 3520//4112 3404//3999
f 3394//4056 3459//4094 3395//4113
f 3402//3997 3561//4114 3438//4115
f 3420//4116 3541//4117 3379//3977
f 3441//4082 3505//4079 3436//4078
f 3005//3605 3542//4118 2767//3350
f 3393//3991 3450//4021 3391//3989
f 3432//4036 3521//4119 3476//4037
f 4349//4120 3522//4121 3460//4122
f 3489//4008 3523//4123 3424//4009
f 3508//3384 3524//4124 3368//4125
f 3454//4039 3523//4123 3489//4008
f 3486//4062 3525//4126 3416//4063
f 4468//4127 3375//4015 3455//4086
f 3373//3973 3526//4128 3372//3974
f 3500//4074 3526//4128 3373//3973
f 4477//4129 3471//4130 3552//4131
f 3466//4020 3527//4132 3450//4021
f 3423//4133 3528//4134 3491//4135
f 3418//4011 3529//4136 3543//4095
f 3411//4137 3531//4138 3407//4002
f 3491//4135 3497//4139 3492//4140
f 3463//4042 3537//4141 3469//4142
f 3430//4026 3464//4025 3478//4044
f 3420//4116 3533//4143 3541//4117
f 3453//4144 3533//4143 3420//4116
f 3385//4073 3534//4145 3456//4146
f 3460//4122 3535//4147 3421//4148
f 3445//4018 3536//4149 3443//4016
f 3443//4016 3536//4149 3411//4137
f 3469//4142 3532//4150 3493//4151
f 3480//4045 3538//4152 3439//4047
f 3439//4047 3538//4152 3440//4153
f 3465//4027 3539//4154 3466//4020
f 3370//4060 3539//4154 3465//4027
f 3470//4032 3540//4155 3490//3986
f 2767//3350 3542//4118 3503//4156
f 3440//4153 3506//4081 3389//4080
f 3502//4077 3480//4045 3410//4003
f 3396//3992 3544//4157 3499//4072
f 3372//3974 3545//4158 3370//4060
f 3520//4112 3547//4159 3404//3999
f 3404//3999 3547//4159 3464//4025
f 3424//4009 3529//4136 3418//4011
f 4449//4160 3560//4161 3398//4162
f 3456//4146 3548//4163 3486//4062
f 4411//4104 3504//4164 3518//4105
f 3519//4111 3549//4165 3412//4004
f 3386//3983 3550//4166 3377//4167
f 3412//4004 3549//4165 3509//4087
f 3377//4167 3550//4166 3378//4168
f 3378//4168 3551//4169 3431//4170
f 4402//4171 3553//4172 3485//4173
f 3478//4044 3554//4174 3432//4036
f 3432//4036 3554//4174 3521//4119
f 3392//3990 3555//4175 3514//4097
f 3391//3989 3555//4175 3392//3990
f 3483//4052 3488//4176 3382//4053
f 3464//4025 3556//4177 3478//4044
f 4427//4178 3557//4179 3458//4180
f 3409//4181 3442//4014 4466//4013
f 3416//4063 3525//4126 3511//4088
f 3366//3968 3514//4097 3396//3992
f 3413//4005 3558//4182 3399//4007
f 3399//4007 3558//4182 3500//4074
f 3407//4002 3531//4138 3502//4077
f 4392//4040 3512//4023 3477//4041
f 3450//4021 3559//4183 3391//3989
f 3411//4137 3536//4149 3531//4138
f 3368//4125 3524//4124 3383//4098
f 3438//4115 3561//4114 3423//4133
f 3423//4133 3561//4114 3528//4134
f 3385//4073 3562//4184 3534//4145
f 3499//4072 3562//4184 3385//4073
f 3447//4185 3563//4186 3495//3970
f 3495//3970 3563//4186 3371//3971
f 3505//4079 3564//4187 3437//4055
f 3459//4094 3565//4188 3513//4092
f 3426//4189 3487//4065 4401//4064
f 3538//4152 3566//4190 3440//4153
f 3433//4090 3511//4088 3520//4112
f 3394//4056 3567//4191 3459//4094
f 3494//4192 3568//4193 3483//4052
f 3437//4055 3567//4191 3394//4056
f 3400//4194 3435//3980 3384//3979
f 3441//4082 3569//4195 3505//4079
f 3424//4009 3570//4196 3529//4136
f 3429//4197 3568//4193 3494//4192
f 3506//4081 3572//4198 3441//4082
f 3534//4145 3548//4163 3456//4146
f 3463//4042 3477//4041 3530//4199
f 3463//4042 3530//4199 3537//4141
f 3469//4142 3537//4141 3532//4150
f 3387//3981 3574//4200 3434//4012
f 3539//4154 3575//4201 3466//4020
f 3466//4020 3575//4201 3527//4132
f 3464//4025 3576//4202 3556//4177
f 3510//4203 3586//4204 3453//4144
f 3468//4030 3540//4155 3470//4032
f 3406//4103 3577//4205 3451//4206
f 3414//4096 3581//4207 3461//4109
f 3371//3971 3578//4208 3473//4034
f 3408//4059 3579//4209 3409//4181
f 3452//4058 3579//4209 3408//4059
f 3497//4139 3580//4210 3429//4197
f 3569//4195 3564//4187 3505//4079
f 3462//4211 3522//4121 4349//4120
f 3486//4062 3548//4163 3525//4126
f 3435//3980 3582//4212 3387//3981
f 3514//4097 3583//4213 3396//3992
f 3396//3992 3583//4213 3544//4157
f 3449//4093 3584//4214 3519//4111
f 3513//4092 3584//4214 3449//4093
f 3487//4065 3553//4172 4402//4171
f 3525//4126 3585//4215 3511//4088
f 3431//4170 3586//4204 3510//4203
f 3500//4074 3558//4182 3526//4128
f 3471//4130 3461//4109 3552//4131
f 3475//4050 3496//4069 3419//4071
f 3508//3384 3573//4216 3524//4124
f 3370//4060 3587//4217 3539//4154
f 3545//4158 3587//4217 3370//4060
f 4481//4070 3588//4218 3501//4076
f 3509//4087 3589//4219 3413//4005
f 3413//4005 3589//4219 3558//4182
f 3496//4069 3588//4218 4481//4070
f 3493//4151 3557//4179 4427//4178
f 3572//4198 3569//4195 3441//4082
f 3454//4039 3590//4220 3523//4123
f 3476//4037 3590//4220 3454//4039
f 3417//3982 3591//4221 3386//3983
f 3428//4222 3591//4221 3417//3982
f 3515//4099 3592//4223 3374//4029
f 3374//4029 3592//4223 3468//4030
f 3440//4153 3566//4190 3506//4081
f 3547//4159 3576//4202 3464//4025
f 3562//4184 3593//4224 3534//4145
f 3478//4044 3594//4225 3554//4174
f 3556//4177 3594//4225 3478//4044
f 3554//4174 3594//4225 3521//4119
f 3511//4088 3571//4226 3520//4112
f 3534//4145 3595//4227 3548//4163
f 3571//4226 3596//4228 3520//4112
f 3520//4112 3596//4228 3547//4159
f 3372//3974 3597//4229 3545//4158
f 3526//4128 3597//4229 3372//3974
f 3555//4175 3598//4230 3514//4097
f 3414//4096 3543//4095 3581//4207
f 3425//4085 3507//4084 3426//4189
f 3391//3989 3599//4231 3555//4175
f 3559//4183 3599//4231 3391//3989
f 3442//4014 3600//4232 3375//4015
f 3544//4157 3562//4184 3499//4072
f 3527//4132 3601//4233 3450//4021
f 3450//4021 3601//4233 3559//4183
f 3564//4187 3567//4191 3437//4055
f 3473//4034 3428//4222 3474//4035
f 3398//4162 3560//4161 3332//4234
f 4449//4160 3380//3978 3560//4161
f 3508//3384 2792//3386 3573//4216
f 3548//4163 3602//4235 3525//4126
f 3480//4045 3603//4236 3538//4152
f 3540//4155 3517//4106 3490//3986
f 3502//4077 3603//4236 3480//4045
f 3426//4189 3604//4237 3487//4065
f 3459//4094 3605//4238 3565//4188
f 3517//4106 3606//4239 3388//3987
f 3567//4191 3605//4238 3459//4094
f 3388//3987 3606//4239 3482//4048
f 3589//4219 3607//4240 3558//4182
f 3468//4030 3608//4241 3540//4155
f 3461//4109 3610//4242 3552//4131
f 3547//4159 3596//4228 3576//4202
f 3585//4215 3571//4226 3511//4088
f 3523//4123 3611//4243 3424//4009
f 3424//4009 3611//4243 3570//4196
f 3506//4081 3612//4244 3572//4198
f 3556//4177 3576//4202 3594//4225
f 3584//4214 3615//4245 3519//4111
f 3519//4111 3615//4245 3549//4165
f 3571//4226 3616//4246 3596//4228
f 3521//4119 3590//4220 3476//4037
f 3514//4097 3617//4247 3583//4213
f 3598//4230 3617//4247 3514//4097
f 3593//4224 3618//4248 3534//4145
f 3383//4098 3619//4249 3515//4099
f 3503//4156 3620//4250 3504//4164
f 3524//4124 3619//4249 3383//4098
f 3534//4145 3618//4248 3595//4227
f 3539//4154 3621//4251 3575//4201
f 3493//4151 3532//4150 3557//4179
f 3587//4217 3621//4251 3539//4154
f 3453//4144 3546//4252 3533//4143
f 3549//4165 3622//4253 3509//4087
f 3509//4087 3622//4253 3589//4219
f 3565//4188 3584//4214 3513//4092
f 3409//4181 3624//4254 3442//4014
f 3596//4228 3609//4255 3576//4202
f 3525//4126 3602//4235 3585//4215
f 3516//4101 3577//4205 3406//4103
f 3545//4158 3625//4256 3587//4217
f 3597//4229 3625//4256 3545//4158
f 3576//4202 3626//4257 3594//4225
f 3460//4122 3522//4121 3535//4147
f 3431//4170 3614//4258 3586//4204
f 3592//4223 3608//4241 3468//4030
f 3583//4213 3628//4259 3544//4157
f 3544//4157 3628//4259 3562//4184
f 3475//4050 3629//4260 3496//4069
f 3482//4048 3629//4260 3475//4050
f 3461//4109 3581//4207 3610//4242
f 3571//4226 3630//4261 3616//4246
f 3585//4215 3630//4261 3571//4226
f 3506//4081 3631//4262 3612//4244
f 3566//4190 3631//4262 3506//4081
f 3375//4015 3600//4232 3455//4086
f 3559//4183 3601//4233 3599//4231
f 3555//4175 3632//4263 3598//4230
f 3599//4231 3632//4263 3555//4175
f 3527//4132 3633//4264 3601//4233
f 3575//4201 3633//4264 3527//4132
f 3523//4123 3634//4265 3613//4266
f 3590//4220 3634//4265 3523//4123
f 3540//4155 3635//4267 3517//4106
f 3523//4123 3613//4266 3611//4243
f 3515//4099 3636//4268 3592//4223
f 3521//4119 3637//4269 3590//4220
f 3594//4225 3637//4269 3521//4119
f 3612//4244 3638//4270 3572//4198
f 3609//4255 3626//4257 3576//4202
f 3526//4128 3639//4271 3597//4229
f 3558//4182 3639//4271 3526//4128
f 3595//4227 3640//4272 3548//4163
f 3548//4163 3640//4272 3602//4235
f 3529//4136 3623//4273 3543//4095
f 3549//4165 3641//4274 3622//4253
f 3569//4195 3642//4275 3564//4187
f 3551//4169 3614//4258 3431//4170
f 3589//4219 3622//4253 3607//4240
f 3543//4095 3680//4276 3581//4207
f 3596//4228 3644//4277 3609//4255
f 3621//4251 3645//4278 3575//4201
f 3626//4257 3647//4279 3594//4225
f 3593//4224 3648//4280 3618//4248
f 3602//4235 3649//4281 3585//4215
f 3462//4211 3650//4282 3522//4121
f 3538//4152 3651//4283 3566//4190
f 3531//4138 3603//4236 3502//4077
f 3567//4191 3652//4284 3605//4238
f 3564//4187 3652//4284 3567//4191
f 3452//4058 3653//4285 3579//4209
f 3501//4076 3653//4285 3452//4058
f 3550//4166 3551//4169 3378//4168
f 3563//4186 3578//4208 3371//3971
f 3649//4281 3630//4261 3585//4215
f 3584//4214 3654//4286 3615//4245
f 3632//4263 3655//4287 3598//4230
f 3598//4230 3655//4287 3617//4247
f 3606//4239 3656//4288 3482//4048
f 3631//4262 3657//4289 3612//4244
f 3572//4198 3642//4275 3569//4195
f 3529//4136 3658//4290 3623//4273
f 3562//4184 3628//4259 3593//4224
f 3609//4255 3659//4291 3626//4257
f 3496//4069 3660//4292 3588//4218
f 3587//4217 3661//4293 3621//4251
f 3625//4256 3661//4293 3587//4217
f 3479//4294 3663//4295 3498//4296
f 3590//4220 3664//4297 3634//4265
f 3485//4173 3663//4295 3479//4294
f 3577//4205 3665//4298 3451//4206
f 3451//4206 3665//4298 3447//4185
f 3618//4248 3666//4299 3595//4227
f 3595//4227 3666//4299 3640//4272
f 3458//4180 3667//4300 3457//4301
f 3607//4240 3639//4271 3558//4182
f 3434//4012 3669//4302 1441//2033
f 3565//4188 3670//4303 3584//4214
f 3605//4238 3670//4303 3565//4188
f 3617//4247 3672//4304 3583//4213
f 3491//4135 3671//4305 3497//4139
f 3583//4213 3672//4304 3628//4259
f 3616//4246 3644//4277 3596//4228
f 3573//4216 3619//4249 3524//4124
f 3626//4257 3662//4306 3647//4279
f 3599//4231 3673//4307 3632//4263
f 3601//4233 3673//4307 3599//4231
f 3473//4034 3674//4308 3428//4222
f 3608//4241 3635//4267 3540//4155
f 3543//4095 3623//4273 3680//4276
f 3594//4225 3647//4279 3637//4269
f 3603//4236 3651//4283 3538//4152
f 3574//4200 3669//4302 3434//4012
f 3570//4196 3658//4290 3529//4136
f 2792//3386 3675//4309 3573//4216
f 3572//4198 3638//4270 3642//4275
f 3614//4258 3646//4310 3586//4204
f 3639//4271 3676//4311 3597//4229
f 3597//4229 3676//4311 3625//4256
f 3541//4117 3677//4312 3379//3977
f 3409//4181 3579//4209 3624//4254
f 3645//4278 3678//4313 3575//4201
f 3575//4201 3678//4313 3633//4264
f 3649//4281 3679//4314 3630//4261
f 3581//4207 3680//4276 3610//4242
f 3615//4245 3681//4315 3549//4165
f 3549//4165 3681//4315 3641//4274
f 3005//3605 3668//4316 3542//4118
f 3644//4277 3659//4291 3609//4255
f 3507//4084 3682//4317 3426//4189
f 3426//4189 3682//4317 3604//4237
f 3564//4187 3642//4275 3652//4284
f 3421//4148 3683//4318 3400//4194
f 3612//4244 3657//4289 3638//4270
f 3447//4185 3665//4298 3563//4186
f 3593//4224 3684//4319 3648//4280
f 3628//4259 3684//4319 3593//4224
f 3586//4204 3546//4252 3453//4144
f 3619//4249 3636//4268 3515//4099
f 3635//4267 3606//4239 3517//4106
f 3590//4220 3637//4269 3664//4297
f 3640//4272 3649//4281 3602//4235
f 3630//4261 3685//4320 3616//4246
f 3633//4264 3673//4307 3601//4233
f 3570//4196 3686//4321 3658//4290
f 3382//4053 3687//4322 3516//4101
f 3488//4176 3687//4322 3382//4053
f 3553//4172 3688//4323 3485//4173
f 3546//4252 3689//4324 3533//4143
f 3533//4143 3689//4324 3643//4325
f 3429//4197 3580//4210 3568//4193
f 3621//4251 3691//4326 3645//4278
f 3661//4293 3691//4326 3621//4251
f 3632//4263 3692//4327 3655//4287
f 3673//4307 3692//4327 3632//4263
f 3672//4304 3694//4328 3628//4259
f 3442//4014 3693//4329 3600//4232
f 3626//4257 3695//4330 3662//4306
f 3659//4291 3695//4330 3626//4257
f 3566//4190 3696//4331 3631//4262
f 3651//4283 3696//4331 3566//4190
f 3592//4223 3697//4332 3608//4241
f 3670//4303 3698//4333 3584//4214
f 3584//4214 3698//4333 3654//4286
f 3455//4086 3699//4334 3507//4084
f 3647//4279 3700//4335 3637//4269
f 3497//4139 3701//4336 3580//4210
f 3679//4314 3702//4337 3630//4261
f 2795//3391 3675//4309 2792//3386
f 3648//4280 3703//4338 3618//4248
f 3618//4248 3703//4338 3666//4299
f 3639//4271 3704//4339 3676//4311
f 3582//4212 3574//4200 3387//3981
f 3644//4277 3705//4340 3659//4291
f 3674//4308 3627//4341 3428//4222
f 3608//4241 3706//4342 3635//4267
f 3622//4253 3707//4343 3607//4240
f 3607//4240 3707//4343 3639//4271
f 3655//4287 3708//4344 3617//4247
f 3617//4247 3708//4344 3672//4304
f 3616//4246 3685//4320 3644//4277
f 3380//3978 3709//4345 3560//4161
f 3600//4232 3710//4346 3455//4086
f 3625//4256 3676//4311 3661//4293
f 3535//4147 3683//4318 3421//4148
f 3633//4264 3711//4347 3673//4307
f 3640//4272 3712//4348 3649//4281
f 3666//4299 3712//4348 3640//4272
f 3611//4243 3713//4349 3570//4196
f 3498//4296 3650//4282 3462//4211
f 3570//4196 3713//4349 3686//4321
f 3634//4265 3714//4350 3613//4266
f 3605//4238 3715//4351 3670//4303
f 3652//4284 3715//4351 3605//4238
f 3638//4270 3716//4352 3642//4275
f 3637//4269 3717//4353 3664//4297
f 3678//4313 3690//4354 3633//4264
f 3636//4268 3697//4332 3592//4223
f 3629//4260 3718//4355 3496//4069
f 3496//4069 3718//4355 3660//4292
f 3657//4289 3719//4356 3638//4270
f 3662//4306 3700//4335 3647//4279
f 3628//4259 3720//4357 3684//4319
f 3491//4135 3528//4134 3671//4305
f 3694//4328 3720//4357 3628//4259
f 3615//4245 3721//4358 3681//4315
f 3654//4286 3721//4358 3615//4245
f 3696//4331 3719//4356 3631//4262
f 3631//4262 3719//4356 3657//4289
f 3691//4326 3722//4359 3645//4278
f 3645//4278 3722//4359 3678//4313
f 3428//4222 3627//4341 3591//4221
f 3685//4320 3705//4340 3644//4277
f 3458//4180 3557//4179 3667//4300
f 3641//4274 3707//4343 3622//4253
f 3623//4273 3723//4360 3680//4276
f 3009//3606 3668//4316 3005//3605
f 3402//3997 3724//4361 3561//4114
f 3401//3996 3725//4362 3402//3997
f 3457//4301 3725//4362 3401//3996
f 3690//4354 3711//4347 3633//4264
f 3673//4307 3726//4363 3692//4327
f 3711//4347 3726//4363 3673//4307
f 3573//4216 3727//4364 3619//4249
f 3648//4280 3728//4365 3703//4338
f 3675//4309 3727//4364 3573//4216
f 3684//4319 3728//4365 3648//4280
f 3658//4290 3729//4366 3623//4273
f 3704//4339 3730//4367 3676//4311
f 3662//4306 3731//4368 3700//4335
f 3702//4337 3732//4369 3630//4261
f 3630//4261 3732//4369 3685//4320
f 3672//4304 3708//4344 3694//4328
f 3497//4139 3671//4305 3701//4336
f 3400//4194 3734//4370 3435//3980
f 3678//4313 3733//4371 3690//4354
f 3550//4166 3735//4372 3551//4169
f 3624//4254 3693//4329 3442//4014
f 3501//4076 3737//4373 3653//4285
f 3588//4218 3737//4373 3501//4076
f 3563//4186 3738//4374 3578//4208
f 3659//4291 3705//4340 3695//4330
f 3649//4281 3712//4348 3679//4314
f 3591//4221 3739//4375 3386//3983
f 3386//3983 3739//4375 3550//4166
f 3482//4048 3656//4288 3629//4260
f 3639//4271 3740//4376 3704//4339
f 3707//4343 3740//4376 3639//4271
f 3634//4265 3664//4297 3714//4350
f 3611//4243 3741//4377 3713//4349
f 3613//4266 3741//4377 3611//4243
f 3619//4249 3742//4378 3636//4268
f 3676//4311 3743//4379 3661//4293
f 3661//4293 3743//4379 3691//4326
f 3551//4169 3754//4380 3614//4258
f 3695//4330 3744//4381 3662//4306
f 3642//4275 3715//4351 3652//4284
f 3533//4143 3677//4312 3541//4117
f 3580//4210 3745//4382 3568//4193
f 3692//4327 3746//4383 3655//4287
f 3655//4287 3746//4383 3708//4344
f 3715//4351 3747//4384 3670//4303
f 3670//4303 3747//4384 3698//4333
f 3703//4338 3749//4385 3666//4299
f 3666//4299 3749//4385 3712//4348
f 3685//4320 3750//4386 3705//4340
f 3568//4193 3751//4387 3483//4052
f 3637//4269 3752//4388 3717//4353
f 3700//4335 3752//4388 3637//4269
f 3578//4208 3674//4308 3473//4034
f 3604//4237 3753//4389 3487//4065
f 3614//4258 3754//4380 3646//4310
f 3487//4065 3688//4323 3553//4172
f 3732//4369 3750//4386 3685//4320
f 3638//4270 3755//4390 3716//4352
f 3719//4356 3755//4390 3638//4270
f 3488//4176 3757//4391 3687//4322
f 3483//4052 3757//4391 3488//4176
f 3623//4273 3729//4366 3723//4360
f 3679//4314 3759//4392 3702//4337
f 3712//4348 3759//4392 3679//4314
f 2795//3391 3758//4393 3675//4309
f 3707//4343 3760//4394 3740//4376
f 3705//4340 3761//4395 3695//4330
f 3650//4282 3762//4396 3522//4121
f 3722//4359 3733//4371 3678//4313
f 3708//4344 3763//4397 3694//4328
f 3503//4156 3542//4118 3620//4250
f 3694//4328 3763//4397 3720//4357
f 3641//4274 3765//4398 3707//4343
f 3681//4315 3765//4398 3641//4274
f 3653//4285 3764//4399 3579//4209
f 3726//4363 3746//4383 3692//4327
f 3698//4333 3766//4400 3654//4286
f 3654//4286 3766//4400 3721//4358
f 3717//4353 3767//4401 3664//4297
f 3586//4204 3646//4310 3546//4252
f 3676//4311 3730//4367 3743//4379
f 3613//4266 3768//4402 3741//4377
f 3714//4350 3768//4402 3613//4266
f 3658//4290 3686//4321 3729//4366
f 3636//4268 3769//4403 3697//4332
f 3533//4143 3643//4325 3677//4312
f 3662//4306 3770//4404 3731//4368
f 3744//4381 3770//4404 3662//4306
f 3720//4357 3771//4405 3684//4319
f 3684//4319 3771//4405 3728//4365
f 3651//4283 3772//4406 3696//4331
f 3455//4086 3710//4346 3699//4334
f 3700//4335 3773//4407 3752//4388
f 1441//2033 3669//4302 1431//2022
f 3546//4252 3774//4408 3689//4324
f 3691//4326 3743//4379 3722//4359
f 3704//4339 3740//4376 3730//4367
f 3656//4288 3775//4409 3629//4260
f 3561//4114 3776//4410 3528//4134
f 3746//4383 3777//4411 3708//4344
f 3380//3978 3379//3977 3709//4345
f 3522//4121 3762//4396 3535//4147
f 3711//4347 3778//4412 3726//4363
f 3733//4371 3711//4347 3690//4354
f 3642//4275 3779//4413 3715//4351
f 3716//4352 3779//4413 3642//4275
f 3715//4351 3780//4414 3747//4384
f 3620//4250 3748//4415 3504//4164
f 3705//4340 3756//4416 3761//4395
f 3627//4341 3781//4417 3591//4221
f 3485//4173 3688//4323 3663//4295
f 3703//4338 3782//4418 3749//4385
f 3728//4365 3782//4418 3703//4338
f 3698//4333 3783//4419 3766//4400
f 3750//4386 3756//4416 3705//4340
f 3696//4331 3784//4420 3719//4356
f 3722//4359 3785//4421 3733//4371
f 3695//4330 3761//4395 3744//4381
f 3700//4335 3786//4422 3773//4407
f 3731//4368 3786//4422 3700//4335
f 3723//4360 3729//4366 3343//4423
f 3635//4267 3788//4424 3606//4239
f 3606//4239 3788//4424 3656//4288
f 3504//4164 3748//4415 3518//4105
f 3457//4301 3667//4300 3725//4362
f 3507//4084 3699//4334 3682//4317
f 3663//4295 3789//4425 3498//4296
f 3498//4296 3789//4425 3650//4282
f 3664//4297 3790//4426 3714//4350
f 3714//4350 3790//4426 3768//4402
f 3772//4406 3791//4427 3696//4331
f 2800//3404 3758//4393 2795//3391
f 3009//3606 3792//4428 3668//4316
f 3379//3977 3677//4312 3709//4345
f 3730//4367 3793//4429 3743//4379
f 3749//4385 3794//4430 3712//4348
f 3712//4348 3794//4430 3759//4392
f 3518//4105 3736//4431 3512//4023
f 3579//4209 3764//4399 3624//4254
f 3759//4392 3795//4432 3702//4337
f 3702//4337 3795//4432 3732//4369
f 3765//4398 3796//4433 3707//4343
f 3707//4343 3796//4433 3760//4394
f 3719//4356 3797//4434 3755//4390
f 3733//4371 3798//4435 3711//4347
f 3708//4344 3777//4411 3763//4397
f 3706//4342 3799//4436 3635//4267
f 3717//4353 3752//4388 3767//4401
f 3756//4416 3800//4437 3761//4395
f 3682//4317 3753//4389 3604//4237
f 3537//4141 3801//4438 3532//4150
f 3574//4200 3802//4439 3669//4302
f 3646//4310 3803//4440 3546//4252
f 3778//4412 3804//4441 3726//4363
f 3726//4363 3804//4441 3746//4383
f 3608//4241 3805//4442 3706//4342
f 3561//4114 3724//4361 3776//4410
f 3697//4332 3805//4442 3608//4241
f 3740//4376 3793//4429 3730//4367
f 3787//4443 3806//4444 3750//4386
f 3750//4386 3806//4444 3756//4416
f 3721//4358 3765//4398 3681//4315
f 3732//4369 3787//4443 3750//4386
f 3715//4351 3779//4413 3780//4414
f 3743//4379 3785//4421 3722//4359
f 3761//4395 3807//4445 3744//4381
f 3744//4381 3807//4445 3770//4404
f 3720//4357 3808//4446 3771//4405
f 3512//4023 3736//4431 3477//4041
f 3763//4397 3808//4446 3720//4357
f 3578//4208 3809//4447 3674//4308
f 3727//4364 3742//4378 3619//4249
f 3746//4383 3810//4448 3777//4411
f 3747//4384 3811//4449 3698//4333
f 3698//4333 3811//4449 3783//4419
f 3010//3607 3812//4450 3009//3606
f 3011//3608 3812//4450 3010//3607
f 3713//4349 3813//4451 3686//4321
f 3795//4432 3814//4452 3732//4369
f 3771//4405 3815//4453 3728//4365
f 3728//4365 3815//4453 3782//4418
f 3582//4212 3816//4454 3574//4200
f 3716//4352 3818//4455 3779//4413
f 3755//4390 3818//4455 3716//4352
f 3767//4401 3819//4456 3664//4297
f 3664//4297 3819//4456 3790//4426
f 3731//4368 3820//4457 3786//4422
f 3770//4404 3820//4457 3731//4368
f 3798//4435 3821//4458 3711//4347
f 3711//4347 3821//4458 3778//4412
f 3719//4356 3822//4459 3797//4434
f 3784//4420 3822//4459 3719//4356
f 3785//4421 3798//4435 3733//4371
f 3751//4387 3757//4391 3483//4052
f 3777//4411 3823//4460 3763//4397
f 3660//4292 3737//4373 3588//4218
f 3563//4186 3824//4461 3738//4374
f 3756//4416 3806//4444 3800//4437
f 3665//4298 3824//4461 3563//4186
f 3568//4193 3745//4382 3751//4387
f 3758//4393 3727//4364 3675//4309
f 3760//4394 3826//4462 3740//4376
f 3740//4376 3826//4462 3793//4429
f 3742//4378 3827//4463 3636//4268
f 3636//4268 3827//4463 3769//4403
f 3782//4418 3829//4464 3749//4385
f 3749//4385 3829//4464 3794//4430
f 3629//4260 3775//4409 3718//4355
f 3696//4331 3791//4427 3784//4420
f 3732//4369 3814//4452 3787//4443
f 3794//4430 3795//4432 3759//4392
f 3804//4441 3810//4448 3746//4383
f 3743//4379 3830//4465 3785//4421
f 3793//4429 3830//4465 3743//4379
f 3477//4041 3831//4466 3530//4199
f 3624//4254 3833//4467 3693//4329
f 3530//4199 3832//4468 3537//4141
f 3551//4169 3735//4372 3754//4380
f 3765//4398 3835//4469 3796//4433
f 3821//4458 3817//4470 3778//4412
f 3762//4396 3683//4318 3535//4147
f 3688//4323 3836//4471 3663//4295
f 3780//4414 3838//4472 3747//4384
f 3747//4384 3838//4472 3811//4449
f 3643//4325 3837//4473 3677//4312
f 3713//4349 3839//4474 3813//4451
f 3741//4377 3839//4474 3713//4349
f 3487//4065 3753//4389 3688//4323
f 3787//4443 3840//4475 3806//4444
f 3546//4252 3803//4440 3774//4408
f 3785//4421 3842//4476 3798//4435
f 3600//4232 3843//4477 3710//4346
f 3830//4465 3842//4476 3785//4421
f 3806//4444 3844//4478 3800//4437
f 3435//3980 3845//4479 3582//4212
f 3734//4370 3845//4479 3435//3980
f 3542//4118 3898//4480 3620//4250
f 3721//4358 3846//4481 3765//4398
f 3766//4400 3846//4481 3721//4358
f 3817//4470 3847//4482 3778//4412
f 3778//4412 3847//4482 3804//4441
f 3763//4397 3823//4460 3808//4446
f 3814//4452 3840//4475 3787//4443
f 3686//4321 3848//4483 3729//4366
f 3729//4366 3848//4483 3343//4423
f 3682//4317 3849//4484 3753//4389
f 3800//4437 3850//4485 3761//4395
f 3761//4395 3850//4485 3807//4445
f 3818//4455 3851//4486 3779//4413
f 3739//4375 3735//4372 3550//4166
f 3795//4432 3852//4487 3814//4452
f 3653//4285 3853//4488 3764//4399
f 3737//4373 3853//4488 3653//4285
f 3804//4441 3854//4489 3810//4448
f 3752//4388 3855//4490 3767//4401
f 3767//4401 3855//4490 3819//4456
f 3758//4393 3828//4491 3727//4364
f 3808//4446 3856//4492 3771//4405
f 3771//4405 3856//4492 3815//4453
f 3755//4390 3857//4493 3818//4455
f 3797//4434 3857//4493 3755//4390
f 3770//4404 3858//4494 3820//4457
f 3807//4445 3858//4494 3770//4404
f 3674//4308 3859//4495 3627//4341
f 3699//4334 3860//4496 3682//4317
f 3777//4411 3861//4497 3823//4460
f 3810//4448 3861//4497 3777//4411
f 3760//4394 3862//4498 3826//4462
f 3796//4433 3862//4498 3760//4394
f 3840//4475 3844//4478 3806//4444
f 3783//4419 3846//4481 3766//4400
f 3683//4318 3734//4370 3400//4194
f 3815//4453 3863//4499 3782//4418
f 3782//4418 3863//4499 3829//4464
f 3829//4464 3865//4500 3794//4430
f 3794//4430 3865//4500 3795//4432
f 3530//4199 3831//4466 3832//4468
f 3697//4332 3825//4501 3805//4442
f 3798//4435 3842//4476 3821//4458
f 3741//4377 3866//4502 3839//4474
f 2800//3404 3828//4491 3758//4393
f 3768//4402 3866//4502 3741//4377
f 3867//4503 3784//4420 3791//4427
f 3799//4436 3868//4504 3635//4267
f 3635//4267 3868//4504 3788//4424
f 3820//4457 3870//4505 3786//4422
f 3518//4105 3877//4506 3736//4431
f 3830//4465 3871//4507 3842//4476
f 3710//4346 3872//4508 3699//4334
f 3686//4321 3813//4451 3848//4483
f 3823//4460 3873//4509 3808//4446
f 3669//4302 3875//4510 1431//2022
f 3780//4414 3876//4511 3838//4472
f 3779//4413 3876//4511 3780//4414
f 3773//4407 3855//4490 3752//4388
f 3847//4482 3854//4489 3804//4441
f 3727//4364 3878//4512 3742//4378
f 3775//4409 3879//4513 3718//4355
f 3854//4489 3880//4514 3810//4448
f 3532//4150 3841//4515 3557//4179
f 3643//4325 3689//4324 3837//4473
f 3769//4403 3825//4501 3697//4332
f 3709//4345 3677//4312 3989//4516
f 3765//4398 3846//4481 3835//4469
f 3795//4432 3881//4517 3852//4487
f 3865//4500 3881//4517 3795//4432
f 3660//4292 3882//4518 3737//4373
f 3718//4355 3882//4518 3660//4292
f 3814//4452 3883//4519 3840//4475
f 3852//4487 3883//4519 3814//4452
f 3223//3818 3885//4520 3225//3819
f 3764//4399 3886//4521 3624//4254
f 3789//4425 3762//4396 3650//4282
f 3668//4316 3792//4428 3834//4522
f 3773//4407 3887//4523 3855//4490
f 3786//4422 3887//4523 3773//4407
f 3557//4179 3841//4515 3667//4300
f 3826//4462 3888//4524 3793//4429
f 3793//4429 3888//4524 3830//4465
f 3813//4451 3347//4525 3848//4483
f 3646//4310 3889//4526 3803//4440
f 3754//4380 3889//4526 3646//4310
f 3821//4458 3890//4527 3817//4470
f 3781//4417 3739//4375 3591//4221
f 3817//4470 3890//4527 3847//4482
f 3213//3806 3891//4528 3211//3800
f 3811//4449 3892//4529 3783//4419
f 3783//4419 3892//4529 3846//4481
f 3009//3606 3812//4450 3792//4428
f 3790//4426 3866//4502 3768//4402
f 3844//4478 3893//4530 3800//4437
f 3800//4437 3893//4530 3850//4485
f 3808//4446 3873//4509 3856//4492
f 3230//3821 3905//4531 3239//3831
f 3542//4118 3668//4316 3898//4480
f 3847//4482 3894//4532 3854//4489
f 3742//4378 3895//4533 3827//4463
f 3807//4445 3896//4534 3858//4494
f 3850//4485 3896//4534 3807//4445
f 3239//3831 3897//4535 3235//3828
f 3620//4250 3898//4480 3748//4415
f 2912//3517 3899//4536 3213//3806
f 3738//4374 3809//4447 3578//4208
f 3863//4499 3865//4500 3829//4464
f 3477//4041 3736//4431 3831//4466
f 3810//4448 3880//4514 3861//4497
f 3796//4433 3900//4537 3862//4498
f 3835//4469 3900//4537 3796//4433
f 3532//4150 3801//4438 3864//4538
f 3856//4492 3863//4499 3815//4453
f 2800//3404 2818//3422 3828//4491
f 3402//3997 3901//4539 3724//4361
f 3725//4362 3901//4539 3402//3997
f 3840//4475 3884//4540 3844//4478
f 3706//4342 3902//4541 3799//4436
f 3805//4442 3902//4541 3706//4342
f 3528//4134 3903//4542 3671//4305
f 3861//4497 3904//4543 3823//4460
f 3823//4460 3904//4543 3873//4509
f 3858//4494 3906//4544 3820//4457
f 3229//3820 3905//4531 3230//3821
f 3820//4457 3906//4544 3870//4505
f 3216//3809 3907//4545 3229//3820
f 3225//3819 3907//4545 3216//3809
f 3240//3833 3908//4546 3242//3835
f 3671//4305 3903//4542 3701//4336
f 3842//4476 3909//4547 3821//4458
f 3211//3800 3891//4528 3224//3817
f 3748//4415 3910//4548 3518//4105
f 3518//4105 3910//4548 3877//4506
f 3784//4420 3867//4503 3911//4549
f 3846//4481 3912//4550 3835//4469
f 3788//4424 3913//4551 3656//4288
f 3656//4288 3913//4551 3775//4409
f 3905//4531 3897//4535 3239//3831
f 3779//4413 3914//4552 3876//4511
f 3851//4486 3914//4552 3779//4413
f 3789//4425 3916//4553 3762//4396
f 3852//4487 3917//4554 3883//4519
f 3881//4517 3917//4554 3852//4487
f 3909//4547 3890//4527 3821//4458
f 3802//4439 3919//4555 3669//4302
f 3532//4150 3864//4538 3841//4515
f 3682//4317 3860//4496 3849//4484
f 3883//4519 3920//4556 3840//4475
f 3840//4475 3920//4556 3884//4540
f 3790//4426 3921//4557 3866//4502
f 3819//4456 3921//4557 3790//4426
f 3899//4536 3891//4528 3213//3806
f 3537//4141 3832//4468 3801//4438
f 3873//4509 3923//4558 3856//4492
f 3890//4527 3894//4532 3847//4482
f 3870//4505 3924//4559 3786//4422
f 3859//4495 3781//4417 3627//4341
f 3786//4422 3924//4559 3887//4523
f 3663//4295 3836//4471 3789//4425
f 3866//4502 3926//4560 3839//4474
f 3242//3835 3927//4561 3243//3836
f 3774//4408 3928//4562 3689//4324
f 3856//4492 3923//4558 3863//4499
f 3735//4372 3929//4563 3754//4380
f 3838//4472 3892//4529 3811//4449
f 3854//4489 3894//4532 3880//4514
f 3880//4514 3930//4564 3861//4497
f 3693//4329 3843//4477 3600//4232
f 3862//4498 3888//4524 3826//4462
f 3624//4254 3886//4521 3833//4467
f 3855//4490 3931//4565 3819//4456
f 3861//4497 3930//4564 3904//4543
f 3892//4529 3932//4566 3846//4481
f 3781//4417 3980//4567 3739//4375
f 3784//4420 3933//4568 3822//4459
f 3911//4549 3933//4568 3784//4420
f 3822//4459 3933//4568 3797//4434
f 3888//4524 3935//4569 3830//4465
f 3830//4465 3935//4569 3871//4507
f 3762//4396 3934//4570 3683//4318
f 3884//4540 3936//4571 3844//4478
f 3701//4336 3937//4572 3580//4210
f 3871//4507 3909//4547 3842//4476
f 3687//4322 3938//4573 3516//4101
f 3803//4440 3928//4562 3774//4408
f 3516//4101 3939//4574 3577//4205
f 3839//4474 3347//4525 3813//4451
f 3866//4502 3940//4575 3926//4560
f 3797//4434 3941//4576 3857//4493
f 1372//1936 3918//4577 3915//1925
f 3923//4558 3922//4578 3863//4499
f 3908//4546 3927//4561 3242//3835
f 3904//4543 3923//4558 3873//4509
f 3225//3819 3942//4579 3907//4545
f 3865//4500 3943//4580 3881//4517
f 3863//4499 3944//4581 3865//4500
f 3922//4578 3944//4581 3863//4499
f 3909//4547 3945//4582 3890//4527
f 3893//4530 3946//4583 3850//4485
f 3850//4485 3946//4583 3896//4534
f 3890//4527 3947//4584 3894//4532
f 3699//4334 3872//4508 3860//4496
f 3945//4582 3947//4584 3890//4527
f 3912//4550 3948//4585 3835//4469
f 3835//4469 3948//4585 3900//4537
f 3828//4491 3949//4586 3727//4364
f 3727//4364 3949//4586 3878//4512
f 3849//4484 3950//4587 3753//4389
f 3737//4373 3951//4588 3853//4488
f 3665//4298 3952//4589 3824//4461
f 3827//4463 3953//4590 3769//4403
f 3769//4403 3953//4590 3825//4501
f 3894//4532 3954//4591 3880//4514
f 3896//4534 3955//4592 3858//4494
f 3858//4494 3955//4592 3906//4544
f 3224//3817 3956//4593 3223//3818
f 3891//4528 3956//4593 3224//3817
f 3843//4477 3872//4508 3710//4346
f 3917//4554 3957//4594 3883//4519
f 3883//4519 3957//4594 3920//4556
f 3943//4580 3958//4595 3881//4517
f 3881//4517 3958//4595 3917//4554
f 3930//4564 3959//4596 3904//4543
f 3819//4456 3931//4565 3921//4557
f 2912//3517 2943//3546 3899//4536
f 3838//4472 3960//4597 3892//4529
f 3876//4511 3960//4597 3838//4472
f 3844//4478 3936//4571 3893//4530
f 3818//4455 3962//4598 3851//4486
f 3851//4486 3962//4598 3914//4552
f 3235//3828 3961//4599 3240//3833
f 3944//4581 3943//4580 3865//4500
f 3797//4434 3933//4568 3941//4576
f 3839//4474 3926//4560 3347//4525
f 2920//3523 3964//4600 2950//3552
f 3846//4481 3932//4566 3912//4550
f 3906//4544 3965//4601 3870//4505
f 3870//4505 3965//4601 3924//4559
f 3888//4524 3967//4602 3935//4569
f 3879//4513 3966//4603 3718//4355
f 3884//4540 3968//4604 3936//4571
f 3920//4556 3968//4604 3884//4540
f 3243//3836 3918//4577 1372//1936
f 3742//4378 3878//4512 3895//4533
f 3862//4498 3969//4605 3888//4524
f 3900//4537 3969//4605 3862//4498
f 3871//4507 3935//4569 3909//4547
f 3825//4501 3902//4541 3805//4442
f 3880//4514 3954//4591 3930//4564
f 3577//4205 3952//4589 3665//4298
f 3897//4535 3961//4599 3235//3828
f 3739//4375 3971//4606 3735//4372
f 2818//3422 3973//3424 3828//4491
f 3866//4502 3974//4607 3940//4575
f 3921//4557 3974//4607 3866//4502
f 2950//3552 3972//4608 2943//3546
f 3757//4391 3938//4573 3687//4322
f 3902//4541 3976//4609 3799//4436
f 3799//4436 3976//4609 3868//4504
f 3885//4520 3942//4579 3225//3819
f 3922//4578 3977//4610 3944//4581
f 3904//4543 3959//4596 3923//4558
f 3792//4428 3978//4611 3834//4522
f 3857//4493 3962//4598 3818//4455
f 3936//4571 3963//4612 3893//4530
f 3909//4547 3979//4613 3945//4582
f 3961//4599 3908//4546 3240//3833
f 3926//4560 3351//4614 3347//4525
f 3893//4530 3963//4612 3946//4583
f 3689//4324 3981//4615 3837//4473
f 3853//4488 3982//4616 3764//4399
f 3764//4399 3982//4616 3886//4521
f 3736//4431 3984//4617 3831//4466
f 3958//4595 3985//4618 3917//4554
f 3917//4554 3985//4618 3957//4594
f 3915//1925 3986//4619 1338//1926
f 3887//4523 3987//4620 3855//4490
f 3855//4490 3987//4620 3931//4565
f 3892//4529 3960//4597 3932//4566
f 3668//4316 4026//4621 3898//4480
f 3968//4604 3988//4622 3936//4571
f 3748//4415 3898//4480 3910//4548
f 3803//4440 3990//4623 3928//4562
f 3943//4580 3975//4624 3958//4595
f 3932//4566 3991//4625 3912//4550
f 3912//4550 3991//4625 3948//4585
f 3944//4581 3975//4624 3943//4580
f 3825//4501 3992//4626 3925//4627
f 3953//4590 3992//4626 3825//4501
f 3954//4591 3970//4628 3930//4564
f 3946//4583 3993//4629 3896//4534
f 3896//4534 3993//4629 3955//4592
f 3223//3818 3956//4593 3885//4520
f 3940//4575 3351//4614 3926//4560
f 3947//4584 3994//4630 3894//4532
f 3894//4532 3994//4630 3954//4591
f 3930//4564 3970//4628 3959//4596
f 3693//4329 3995//4631 3843//4477
f 3833//4467 3995//4631 3693//4329
f 3924//4559 3996//4632 3887//4523
f 3914//4552 3997//4633 3876//4511
f 3876//4511 3997//4633 3960//4597
f 3957//4594 3968//4604 3920//4556
f 3582//4212 3998//4634 3816//4454
f 3845//4479 3998//4634 3582//4212
f 3738//4374 3999//4635 3809//4447
f 3574//4200 3816//4454 3802//4439
f 3959//4596 4000//4636 3923//4558
f 3923//4558 4000//4636 3922//4578
f 3935//4569 3979//4613 3909//4547
f 3753//4389 3950//4587 3688//4323
f 3868//4504 4001//4637 3788//4424
f 3788//4424 4001//4637 3913//4551
f 3941//4576 4002//4638 3857//4493
f 3857//4493 4002//4638 3962//4598
f 3955//4592 4003//4639 3906//4544
f 3906//4544 4003//4639 3965//4601
f 3938//4573 3939//4574 3516//4101
f 3812//4450 3978//4611 3792//4428
f 3963//4612 4004//4640 3946//4583
f 3877//4506 4006//4641 3736//4431
f 3967//4602 4007//4642 3935//4569
f 3229//3820 4008//4643 3905//4531
f 3762//4396 4009//4644 3934//4570
f 3969//4605 4010//4645 3888//4524
f 3888//4524 4010//4645 3967//4602
f 3940//4575 4011//4646 3351//4614
f 3958//4595 3975//4624 3985//4618
f 3985//4618 3975//4624 5499//4647
f 3688//4323 4012//4648 3836//4471
f 3921//4557 3931//4565 3974//4607
f 3836//4471 4013//4649 3789//4425
f 3577//4205 4014//4650 3952//4589
f 3948//4585 4015//4651 3900//4537
f 3900//4537 4015//4651 3969//4605
f 3907//4545 4016//4652 3229//3820
f 3934//4570 4017//4653 3683//4318
f 3929//4563 3889//4526 3754//4380
f 3945//4582 4018//4654 3947//4584
f 3683//4318 4017//4653 3734//4370
f 3975//4624 3977//4610 5524//4655
f 3944//4581 3977//4610 3975//4624
f 3882//4518 4019//4656 3737//4373
f 3737//4373 4019//4656 3951//4588
f 3936//4571 3988//4622 3963//4612
f 3718//4355 3966//4603 3882//4518
f 3878//4512 4021//4657 3895//4533
f 5499//4647 3968//4604 3985//4618
f 4006//4641 3984//4617 3736//4431
f 3985//4618 3968//4604 3957//4594
f 3922//4578 4000//4636 3977//4610
f 4007//4642 3979//4613 3935//4569
f 3937//4572 4022//4658 3580//4210
f 3954//4591 4023//4659 3970//4628
f 3580//4210 4022//4658 3745//4382
f 2966//3581 3964//4600 2920//3523
f 3668//4316 3834//4522 4026//4621
f 2943//3546 3983//4660 3899//4536
f 3959//4596 4024//4661 4000//4636
f 3970//4628 4024//4661 3959//4596
f 3956//4593 4025//4662 3885//4520
f 3887//4523 3996//4632 3987//4620
f 3932//4566 4027//4663 3991//4625
f 6588//4664 3988//4622 3968//4604
f 3955//4592 4028//4665 4003//4639
f 3828//4491 4031//4666 3949//4586
f 3927//4561 4005//4667 3243//3836
f 3979//4613 4030//4668 3945//4582
f 3963//4612 4032//4669 4004//4640
f 3895//4533 3953//4590 3827//4463
f 4010//4645 4007//4642 3967//4602
f 3931//4565 4033//4670 3974//4607
f 3946//4583 4004//4640 3993//4629
f 3940//4575 4034//4671 4011//4646
f 3974//4607 4034//4671 3940//4575
f 3775//4409 3913//4551 3879//4513
f 4007//4642 4035//4672 3979//4613
f 3914//4552 4036//4673 3997//4633
f 3962//4598 4036//4673 3914//4552
f 4018//4654 4037//4674 3947//4584
f 3947//4584 4037//4674 3994//4630
f 3965//4601 4038//4675 3924//4559
f 3924//4559 4038//4675 3996//4632
f 3964//4600 3972//4608 2950//3552
f 3994//4630 4023//4659 3954//4591
f 4023//4659 4039//4676 3970//4628
f 3669//4302 3919//4555 3875//4510
f 4035//4672 4030//4668 3979//4613
f 3831//4466 4040//4677 3832//4468
f 3931//4565 3987//4620 4033//4670
f 3832//4468 4041//4678 3801//4438
f 4039//4676 4024//4661 3970//4628
f 4002//4638 4042//4679 3962//4598
f 3528//4134 3776//4410 3903//4542
f 3988//4622 4032//4669 3963//4612
f 3825//4501 3925//4627 3902//4541
f 3972//4608 3983//4660 2943//3546
f 3993//4629 4028//4665 3955//4592
f 3996//4632 4044//4680 3987//4620
f 4015//4651 4010//4645 3969//4605
f 3667//4300 4045//4681 3725//4362
f 3879//4513 4046//4682 3966//4603
f 3960//4597 4027//4663 3932//4566
f 4030//4668 4018//4654 3945//4582
f 3902//4541 4047//4683 3976//4609
f 3991//4625 4015//4651 3948//4585
f 3899//4536 4020//4684 3891//4528
f 3997//4633 4048//4685 3960//4597
f 3993//4629 4049//4686 4028//4665
f 3949//4586 4021//4657 3878//4512
f 4039//4676 4023//4659 5570//4687
f 4016//4652 4008//4643 3229//3820
f 4015//4651 4050//4688 4010//4645
f 3987//4620 4051//4689 4033//4670
f 3983//4660 4020//4684 3899//4536
f 3974//4607 4033//4670 4034//4671
f 3910//4548 4052//4690 3877//4506
f 3816//4454 4053//4691 3802//4439
f 3809//4447 3859//4495 3674//4308
f 3801//4438 4054//4692 3864//4538
f 3789//4425 4013//4649 3916//4553
f 4028//4665 4055//4693 4003//4639
f 4003//4639 4055//4693 3965//4601
f 3942//4579 4016//4652 3907//4545
f 3965//4601 4055//4693 4038//4675
f 3745//4382 4022//4658 3751//4387
f 3962//4598 4042//4679 4036//4673
f 4037//4674 4023//4659 3994//4630
f 4004//4640 4049//4686 3993//4629
f 3824//4461 3999//4635 3738//4374
f 4027//4663 4057//4694 3991//4625
f 3991//4625 4057//4694 4015//4651
f 3950//4587 4012//4648 3688//4323
f 4034//4671 4059//4695 4011//4646
f 4033//4670 4058//4696 4034//4671
f 4030//4668 4060//4697 4018//4654
f 3996//4632 4038//4675 4044//4680
f 3898//4480 4052//4690 3910//4548
f 4010//4645 4061//4698 4007//4642
f 3889//4526 3990//4623 3803//4440
f 3973//3424 4031//4666 3828//4491
f 3960//4597 4048//4685 4027//4663
f 3875//4510 1436//2027 1431//2022
f 4028//4665 4062//4699 4055//4693
f 3987//4620 4063//4700 4051//4689
f 4044//4680 4063//4700 3987//4620
f 3953//4590 4064//4701 3992//4626
f 3984//4617 4040//4677 3831//4466
f 4033//4670 4051//4689 4058//4696
f 3997//4633 4036//4673 4048//4685
f 3868//4504 4066//4702 4001//4637
f 3928//4562 3981//4615 3689//4324
f 4035//4672 4071//4703 4030//4668
f 3885//4520 4067//4704 3942//4579
f 4025//4662 4067//4704 3885//4520
f 4034//4671 4058//4696 4059//4695
f 4018//4654 4060//4697 4037//4674
f 4028//4665 4049//4686 4062//4699
f 3933//4568 4029//4705 3941//4576
f 4050//4688 4061//4698 4010//4645
f 3667//4300 4069//4706 4045//4681
f 3971//4606 4043//4707 3735//4372
f 4005//4667 3918//4577 3243//3836
f 4042//4679 4070//4708 4036//4673
f 4007//4642 4071//4703 4035//4672
f 4061//4698 4071//4703 4007//4642
f 3577//4205 3939//4574 4014//4650
f 4051//4689 4072//4709 4058//4696
f 3864//4538 4073//4710 3841//4515
f 4057//4694 4050//4688 4015//4651
f 4055//4693 4074//4711 4038//4675
f 3951//4588 4075//4712 3853//4488
f 3853//4488 4075//4712 3982//4616
f 4002//4638 4076//4713 4042//4679
f 2953//3556 2983//3584 2966//3581
f 4071//4703 4060//4697 4030//4668
f 3949//4586 4077//4714 4021//4657
f 4036//4673 4078//4715 4048//4685
f 4060//4697 4065//4716 4037//4674
f 4038//4675 4079//4717 4044//4680
f 4044//4680 4079//4717 4063//4700
f 3895//4533 4021//4657 3953//4590
f 4050//4688 4080//4718 4061//4698
f 3964//4600 4081//4719 3972//4608
f 4026//4621 4082//4720 3898//4480
f 4012//4648 4013//4649 3836//4471
f 3898//4480 4082//4720 4052//4690
f 4058//4696 3357//4721 4059//4695
f 3941//4576 4083//4722 4002//4638
f 4002//4638 4083//4722 4076//4713
f 3980//4567 3971//4606 3739//4375
f 3886//4521 3995//4631 3833//4467
f 3972//4608 4084//4723 3983//4660
f 4065//4716 4060//4697 4094//4724
f 4063//4700 4086//4725 4051//4689
f 4051//4689 4086//4725 4072//4709
f 3824//4461 4087//4726 3999//4635
f 3916//4553 4009//4644 3762//4396
f 3992//4626 4089//4727 3925//4627
f 4027//4663 4078//4715 4057//4694
f 4048//4685 4078//4715 4027//4663
f 3834//4522 4090//4728 4026//4621
f 4072//4709 3357//4721 4058//4696
f 4013//4649 4091//4729 3916//4553
f 1338//1926 4068//4730 1456//2048
f 4061//4698 4093//4731 4071//4703
f 4071//4703 4092//4732 4060//4697
f 4062//4699 4095//4733 4055//4693
f 4055//4693 4095//4733 4074//4711
f 4092//4732 4094//4724 4060//4697
f 3995//4631 4096//4734 3843//4477
f 4029//4705 4083//4722 3941//4576
f 4020//4684 4097//4735 3891//4528
f 3925//4627 4098//4736 3902//4541
f 3902//4541 4098//4736 4047//4683
f 4072//4709 4099//4737 3357//4721
f 4040//4677 4041//4678 3832//4468
f 4074//4711 4100//4738 4038//4675
f 3860//4496 4101//4739 3849//4484
f 4038//4675 4100//4738 4079//4717
f 2966//3581 4121//4740 3964//4600
f 3837//4473 3989//4516 3677//4312
f 4036//4673 4070//4708 4078//4715
f 3927//4561 4103//4741 4005//4667
f 2831//3428 4102//4742 3973//3424
f 3973//3424 4056//4743 4031//4666
f 4094//4724 4092//4732 4104//4744
f 4093//4731 4092//4732 4071//4703
f 4080//4718 4093//4731 4061//4698
f 4029//4705 4105//4745 4083//4722
f 4086//4725 4099//4737 4072//4709
f 4042//4679 4076//4713 4070//4708
f 3013//3609 4106//4746 3011//3608
f 3011//3608 4106//4746 3812//4450
f 3905//4531 4107//4747 3897//4535
f 4063//4700 4108//4748 4086//4725
f 4079//4717 4108//4748 4063//4700
f 4078//4715 4109//4749 4057//4694
f 4057//4694 4109//4749 4050//4688
f 3976//4609 4110//4750 3868//4504
f 3868//4504 4110//4750 4066//4702
f 3990//4623 4111//4751 3928//4562
f 3357//4721 4099//4737 3360//4752
f 3841//4515 4069//4706 3667//4300
f 4079//4717 4100//4738 4108//4748
f 3843//4477 4113//4753 3872//4508
f 3913//4551 4114//4754 3879//4513
f 3879//4513 4114//4754 4046//4682
f 4031//4666 4115//4755 3949//4586
f 4086//4725 4116//4756 4099//4737
f 4008//4643 4085//4757 3905//4531
f 4050//4688 4109//4749 4080//4718
f 4009//4644 4117//4758 3934//4570
f 4093//4731 4104//4744 4092//4732
f 4086//4725 4108//4748 4116//4756
f 4054//4692 4073//4710 3864//4538
f 4109//4749 4120//4759 4080//4718
f 2983//3584 4121//4740 2966//3581
f 3872//4508 4113//4753 3860//4496
f 4052//4690 4122//4760 3877//4506
f 3877//4506 4122//4760 4006//4641
f 4099//4737 4123//4761 3360//4752
f 4080//4718 4120//4759 4093//4731
f 4119//4762 4104//4744 4093//4731
f 3735//4372 4043//4707 3929//4563
f 4100//4738 4124//4763 4108//4748
f 4108//4748 4126//4764 4116//4756
f 3875//4510 4151//4765 1436//2027
f 4099//4737 4116//4756 4123//4761
f 4076//4713 4125//4766 4070//4708
f 3734//4370 4017//4653 3845//4479
f 3908//4546 4103//4741 3927//4561
f 4088//4767 4103//4741 3908//4546
f 3701//4336 3903//4542 3937//4572
f 4128//4768 4083//4722 4105//4745
f 4097//4735 4129//4769 3891//4528
f 3891//4528 4129//4769 3956//4593
f 4070//4708 4125//4766 4078//4715
f 4083//4722 4127//4770 4076//4713
f 3905//4531 4085//4757 4107//4747
f 4021//4657 4130//4771 3953//4590
f 3953//4590 4130//4771 4064//4701
f 4127//4770 4125//4766 4076//4713
f 4041//4678 4132//4772 3801//4438
f 3845//4479 4131//4773 3998//4634
f 3801//4438 4132//4772 4054//4692
f 4125//4766 4109//4749 4078//4715
f 4126//4764 4133//4774 4116//4756
f 4116//4756 4133//4774 4123//4761
f 3956//4593 4134//4775 4025//4662
f 3966//4603 4135//4776 3882//4518
f 4137//4777 4120//4759 4109//4749
f 3882//4518 4135//4776 4019//4656
f 3724//4361 4136//4778 3776//4410
f 4124//4763 4126//4764 4108//4748
f 4125//4766 4137//4777 4109//4749
f 4138//4779 4119//4762 4120//4759
f 2981//3590 4139//4780 2971//3572
f 4120//4759 4119//4762 4093//4731
f 3928//4562 4140//4781 3981//4615
f 4128//4768 4141//4782 4083//4722
f 4083//4722 4141//4782 4127//4770
f 3869//4783 4133//4774 4126//4764
f 4137//4777 4142//4784 4120//4759
f 4142//4784 4138//4779 4120//4759
f 4019//4656 4143//4785 3951//4588
f 3951//4588 4143//4785 4075//4712
f 3897//4535 4144//4786 3961//4599
f 4141//4782 4145//4787 4127//4770
f 3973//3424 4102//4742 4056//4743
f 4127//4770 4137//4777 4125//4766
f 4012//4648 4146//4788 4013//4649
f 3834//4522 4147//4789 4090//4728
f 3978//4611 4147//4789 3834//4522
f 4127//4770 4145//4787 4137//4777
f 1338//1926 3986//4619 4068//4730
f 4148//4790 4145//4787 4141//4782
f 4138//4779 4142//4784 3874//4791
f 4145//4787 4142//4784 4137//4777
f 2831//3428 2764//3348 4102//4742
f 3014//3611 4106//4746 3013//3609
f 4148//4790 4142//4784 4145//4787
f 3929//4563 4149//4792 3889//4526
f 4121//4740 4081//4719 3964//4600
f 3751//4387 4150//4793 3757//4391
f 3757//4391 4150//4793 3938//4573
f 4081//4719 4084//4723 3972//4608
f 3919//4555 4151//4765 3875//4510
f 4111//4751 4140//4781 3928//4562
f 3949//4586 4115//4755 4077//4714
f 1456//2048 4068//4730 1453//2045
f 4022//4658 4118//4794 3751//4387
f 4084//4723 4153//4795 3983//4660
f 3983//4660 4153//4795 4020//4684
f 4077//4714 4130//4771 4021//4657
f 3809//4447 4154//4796 3859//4495
f 3925//4627 4089//4727 4098//4736
f 4026//4621 4090//4728 4082//4720
f 3901//4539 4136//4778 3724//4361
f 4067//4704 4155//4797 3942//4579
f 3942//4579 4155//4797 4016//4652
f 2971//3572 4139//4780 2983//3584
f 3837//4473 3362//4798 3989//4516
f 3992//4626 4156//4799 4089//4727
f 4064//4701 4156//4799 3992//4626
f 3725//4362 4045//4681 3901//4539
f 4047//4683 4157//4800 3976//4609
f 3976//4609 4157//4800 4110//4750
f 4107//4747 4144//4786 3897//4535
f 3843//4477 4096//4734 4113//4753
f 3934//4570 4117//4758 4017//4653
f 3952//4589 4087//4726 3824//4461
f 4118//4794 4150//4793 3751//4387
f 3860//4496 4158//4801 4101//4739
f 4053//4691 3919//4555 3802//4439
f 3938//4573 4159//4802 3939//4574
f 3886//4521 4160//4803 3995//4631
f 3982//4616 4160//4803 3886//4521
f 4073//4710 4069//4706 3841//4515
f 3015//3613 4161//4804 3014//3611
f 3014//3611 4161//4804 4106//4746
f 4025//4662 4134//4775 4067//4704
f 4082//4720 4122//4760 4052//4690
f 4001//4637 4162//4805 3913//4551
f 3913//4551 4162//4805 4114//4754
f 4056//4743 4163//4806 4031//4666
f 4031//4666 4163//4806 4115//4755
f 3984//4617 4164//4807 4040//4677
f 3999//4635 4154//4796 3809//4447
f 2983//3584 4152//4808 4121//4740
f 3995//4631 4165//4809 4096//4734
f 3901//4539 4166//4810 4136//4778
f 3918//4577 4167//4811 3915//1925
f 3981//4615 3362//4798 3837//4473
f 4077//4714 4168//4812 4130//4771
f 4121//4740 4169//4813 4081//4719
f 4132//4772 4170//4814 4054//4692
f 3849//4484 4101//4739 3950//4587
f 4006//4641 4171//4815 3984//4617
f 4122//4760 4171//4815 4006//4641
f 3812//4450 4172//4816 3978//4611
f 3961//4599 4173//4817 3908//4546
f 3966//4603 4174//4818 4135//4776
f 4046//4682 4174//4818 3966//4603
f 3956//4593 4175//4819 4134//4775
f 4129//4769 4175//4819 3956//4593
f 4151//4765 4176//4820 1436//2027
f 4043//4707 4149//4792 3929//4563
f 4053//4691 4178//4821 3919//4555
f 4113//4753 4158//4801 3860//4496
f 4068//4730 4179//4822 1453//2045
f 3859//4495 4180//4823 3781//4417
f 4082//4720 4181//4824 4122//4760
f 4090//4728 4182//4825 4082//4720
f 4069//4706 4183//4826 4045//4681
f 3998//4634 4186//4827 3816//4454
f 3816//4454 4186//4827 4053//4691
f 4073//4710 4185//4828 4069//4706
f 3015//3613 3017//3615 4161//4804
f 3916//4553 4091//4729 4009//4644
f 4149//4792 4187//4829 3889//4526
f 4047//4683 4188//4830 4157//4800
f 4045//4681 4166//4810 3901//4539
f 4098//4736 4188//4830 4047//4683
f 2983//3584 4139//4780 4152//4808
f 4115//4755 4189//4831 4077//4714
f 4041//4678 4190//4832 4132//4772
f 2764//3348 4191//4833 4102//4742
f 4143//4785 4192//4834 4075//4712
f 4102//4742 4163//4806 4056//4743
f 3981//4615 4193//4835 3362//4798
f 4064//4701 4130//4771 4156//4799
f 4163//4806 4194//4836 4115//4755
f 3903//4542 4196//4837 3937//4572
f 3908//4546 4173//4817 4088//4767
f 4016//4652 4155//4797 4008//4643
f 4040//4677 4164//4807 4041//4678
f 3919//4555 4178//4821 4151//4765
f 3915//1925 4112//4838 3986//4619
f 4150//4793 4159//4802 3938//4573
f 4089//4727 4198//4839 4098//4736
f 3776//4410 4199//4840 3903//4542
f 4153//4795 4200//4841 4020//4684
f 4020//4684 4200//4841 4097//4735
f 4066//4702 4162//4805 4001//4637
f 4101//4739 4201//4842 3950//4587
f 2996//3593 4202//4843 2981//3590
f 2981//3590 4202//4843 4139//4780
f 4140//4781 4193//4835 3981//4615
f 4134//4775 4203//4844 4067//4704
f 4045//4681 4204//4845 4166//4810
f 3950//4587 4146//4788 4012//4648
f 4135//4776 4205//4846 4019//4656
f 4019//4656 4205//4846 4143//4785
f 4113//4753 4184//4847 4158//4801
f 3986//4619 4206//4848 4068//4730
f 3980//4567 4218//4849 3971//4606
f 4054//4692 4185//4828 4073//4710
f 4170//4814 4185//4828 4054//4692
f 4171//4815 4207//4850 3984//4617
f 3984//4617 4207//4850 4164//4807
f 4146//4788 4177//4851 4013//4649
f 4182//4825 4181//4824 4082//4720
f 4090//4728 4208//4852 4182//4825
f 4147//4789 4208//4852 4090//4728
f 4139//4780 4209//4853 4152//4808
f 4077//4714 4189//4831 4168//4812
f 4106//4746 4172//4816 3812//4450
f 4017//4653 4210//4854 3845//4479
f 3845//4479 4210//4854 4131//4773
f 4102//4742 4191//4833 4163//4806
f 4129//4769 4097//4735 4175//4819
f 4114//4754 4211//4855 4046//4682
f 4046//4682 4211//4855 4174//4818
f 3971//4606 4212//4856 4043//4707
f 4013//4649 4213//4857 4091//4729
f 3982//4616 4214//4858 4160//4803
f 4075//4712 4214//4858 3982//4616
f 4152//4808 4169//4813 4121//4740
f 3999//4635 4216//4859 4154//4796
f 4087//4726 4216//4859 3999//4635
f 4172//4816 4217//4860 3978//4611
f 3978//4611 4217//4860 4147//4789
f 3781//4417 4195//4861 3980//4567
f 4117//4758 4220//4862 4017//4653
f 3995//4631 4160//4803 4165//4809
f 4098//4736 4198//4839 4188//4830
f 4081//4719 4221//4863 4084//4723
f 4084//4723 4221//4863 4153//4795
f 4164//4807 4190//4832 4041//4678
f 1436//2027 4176//4820 1435//2026
f 4067//4704 4203//4844 4155//4797
f 4190//4832 4223//4864 4132//4772
f 4122//4760 4224//4865 4171//4815
f 4181//4824 4224//4865 4122//4760
f 2763//3347 4225//3395 2764//3348
f 2764//3348 4225//3395 4191//4833
f 3980//4567 4195//4861 4218//4849
f 4110//4750 4226//4866 4066//4702
f 4066//4702 4226//4866 4162//4805
f 4168//4812 4227//4867 4130//4771
f 4144//4786 4173//4817 3961//4599
f 4130//4771 4228//4868 4156//4799
f 4218//4849 4212//4856 3971//4606
f 3903//4542 4229//4869 4196//4837
f 4170//4814 4231//4870 4185//4828
f 3915//1925 4167//4811 4112//4838
f 4097//4735 4232//4871 4175//4819
f 3859//4495 4233//4872 4197//4873
f 4154//4796 4233//4872 3859//4495
f 4115//4755 4234//4874 4189//4831
f 4194//4836 4234//4874 4115//4755
f 4106//4746 4235//4875 4172//4816
f 4005//4667 4236//4876 3918//4577
f 4222//4877 4206//4848 3986//4619
f 4096//4734 4184//4847 4113//4753
f 3952//4589 4238//4878 4087//4726
f 1453//2045 4219//4879 1427//2019
f 4136//4778 4199//4840 3776//4410
f 4008//4643 4239//4880 4085//4757
f 4155//4797 4239//4880 4008//4643
f 4163//4806 4240//4881 4194//4836
f 4043//4707 4212//4856 4215//4882
f 4191//4833 4240//4881 4163//4806
f 4177//4851 4213//4857 4013//4649
f 4165//4809 4241//4883 4096//4734
f 3781//4417 4180//4823 4195//4861
f 4089//4727 4242//4884 4198//4839
f 4156//4799 4242//4884 4089//4727
f 4017//4653 4220//4862 4210//4854
f 3889//4526 4187//4829 3990//4623
f 3937//4572 4243//4885 4022//4658
f 4130//4771 4227//4867 4228//4868
f 4045//4681 4244//4886 4204//4845
f 4188//4830 4245//4887 4157//4800
f 2993//3439 4246//4888 2996//3593
f 4091//4729 4247//4889 4009//4644
f 4009//4644 4247//4889 4117//4758
f 4135//4776 4248//4890 4205//4846
f 4174//4818 4248//4890 4135//4776
f 4185//4828 4183//4826 4069//4706
f 4005//4667 4249//4891 4236//4876
f 4199//4840 4229//4869 3903//4542
f 4192//4834 4214//4858 4075//4712
f 4158//4801 4201//4842 4101//4739
f 4208//4852 4250//4892 4182//4825
f 4154//4796 4251//4893 4233//4872
f 4203//4844 4252//4894 4155//4797
f 4175//4819 4253//4895 4134//4775
f 4134//4775 4253//4895 4203//4844
f 4201//4842 4254//4896 3950//4587
f 3950//4587 4254//4896 4146//4788
f 4230//4897 4221//4863 4081//4719
f 3918//4577 4236//4876 4167//4811
f 4178//4821 4237//4898 4151//4765
f 4169//4813 4230//4897 4081//4719
f 4161//4804 4235//4875 4106//4746
f 4132//4772 4223//4864 4170//4814
f 3859//4495 4197//4873 4180//4823
f 4068//4730 4206//4848 4179//4822
f 4190//4832 4255//4899 4223//4864
f 4143//4785 4205//4846 4192//4834
f 4162//4805 4256//4900 4114//4754
f 4114//4754 4256//4900 4211//4855
f 4053//4691 4186//4827 4178//4821
f 4152//4808 4257//4901 4169//4813
f 4209//4853 4257//4901 4152//4808
f 4112//4838 4222//4877 3986//4619
f 4207//4850 4258//4902 4164//4807
f 4164//4807 4258//4902 4190//4832
f 4131//4773 4186//4827 3998//4634
f 4224//4865 4259//4903 4171//4815
f 4171//4815 4259//4903 4207//4850
f 4157//4800 4260//4904 4110//4750
f 4110//4750 4260//4904 4226//4866
f 4147//4789 4261//4905 4208//4852
f 4217//4860 4261//4905 4147//4789
f 2996//3593 4246//4888 4202//4843
f 4182//4825 4224//4865 4181//4824
f 4183//4826 4244//4886 4045//4681
f 3990//4623 4187//4829 4111//4751
f 4172//4816 4261//4905 4217//4860
f 4168//4812 4264//4906 4227//4867
f 4189//4831 4264//4906 4168//4812
f 4238//4878 4216//4859 4087//4726
f 4166//4810 4265//4907 4136//4778
f 4136//4778 4265//4907 4199//4840
f 4097//4735 4266//4908 4232//4871
f 4200//4841 4266//4908 4097//4735
f 4096//4734 4241//4883 4184//4847
f 4159//4802 4267//4909 3939//4574
f 3939//4574 4267//4909 4014//4650
f 4214//4858 4268//4910 4160//4803
f 4180//4823 4269//4911 4195//4861
f 4270//4912 4177//4851 4146//4788
f 4191//4833 4271//4913 4240//4881
f 4225//3395 4271//4913 4191//4833
f 3937//4572 4196//4837 4243//4885
f 1453//2045 4179//4822 4219//4879
f 4043//4707 4215//4882 4149//4792
f 4239//4880 4272//4914 4085//4757
f 4085//4757 4272//4914 4107//4747
f 4153//4795 4274//4915 4200//4841
f 4221//4863 4274//4915 4153//4795
f 4199//4840 4275//4916 4229//4869
f 2993//3439 2841//3438 4246//4888
f 4156//4799 4228//4868 4242//4884
f 4210//4854 4273//4917 4131//4773
f 4240//4881 4276//4918 4194//4836
f 4194//4836 4276//4918 4234//4874
f 4170//4814 4277//4919 4231//4870
f 4223//4864 4277//4919 4170//4814
f 4218//4849 4278//4920 4212//4856
f 4202//4843 4279//4921 4139//4780
f 4198//4839 4245//4887 4188//4830
f 4139//4780 4279//4921 4209//4853
f 4237//4898 4176//4820 4151//4765
f 4192//4834 4280//4922 4214//4858
f 4103//4741 4249//4891 4005//4667
f 4178//4821 4263//4923 4237//4898
f 4232//4871 4281//4924 4175//4819
f 4174//4818 4282//4925 4248//4890
f 4211//4855 4282//4925 4174//4818
f 4107//4747 4283//4926 4144//4786
f 1427//2019 4219//4879 1429//2032
f 4206//4848 4284//4927 4179//4822
f 4183//4826 4285//4928 4244//4886
f 2794//3400 4271//4913 4225//3395
f 4187//4829 4286//4929 4111//4751
f 4144//4786 4283//4926 4173//4817
f 4172//4816 4235//4875 4261//4905
f 4160//4803 4287//4930 4165//4809
f 4165//4809 4287//4930 4241//4883
f 4182//4825 4288//4931 4224//4865
f 4250//4892 4288//4931 4182//4825
f 4241//4883 4289//4932 4184//4847
f 4216//4859 4251//4893 4154//4796
f 4157//4800 4290//4933 4260//4904
f 4245//4887 4290//4933 4157//4800
f 4155//4797 4252//4894 4239//4880
f 4184//4847 4291//4934 4158//4801
f 3017//3615 4292//4935 4161//4804
f 4158//4801 4293//4936 4201//4842
f 4258//4902 4294//4937 4190//4832
f 4190//4832 4294//4937 4255//4899
f 4255//4899 4277//4919 4223//4864
f 4265//4907 4275//4916 4199//4840
f 4118//4794 4297//4938 4150//4793
f 4185//4828 4298//4939 4183//4826
f 4246//4888 4299//4940 4202//4843
f 4257//4901 4300//4941 4169//4813
f 4224//4865 4301//4942 4259//4903
f 4169//4813 4300//4941 4230//4897
f 4208//4852 4302//4943 4250//4892
f 4261//4905 4302//4943 4208//4852
f 4240//4881 4271//4913 4262//4944
f 4220//4862 4303//4945 4210//4854
f 4198//4839 4304//4946 4245//4887
f 4240//4881 4262//4944 4276//4918
f 4159//4802 4305//4947 4267//4909
f 4103//4741 4314//4066 4249//4891
f 4204//4845 4265//4907 4166//4810
f 4176//4820 4306//4948 1435//2026
f 4131//4773 4273//4917 4186//4827
f 4175//4819 4281//4924 4253//4895
f 4014//4650 4267//4909 3952//4589
f 4216//4859 4308//4949 4251//4893
f 4022//4658 4297//4938 4118//4794
f 4207//4850 4309//4950 4258//4902
f 4259//4903 4309//4950 4207//4850
f 4274//4915 4310//4951 4200//4841
f 4229//4869 4311//4952 4196//4837
f 3017//3615 3019//3614 4292//4935
f 4213//4857 4247//4889 4091//4729
f 4255//4899 4312//4953 4277//4919
f 4088//4767 4314//4066 4103//4741
f 4189//4831 4315//4954 4264//4906
f 4234//4874 4315//4954 4189//4831
f 4179//4822 4313//4955 4219//4879
f 4195//4861 4316//4956 4218//4849
f 4218//4849 4316//4956 4278//4920
f 4251//4893 4317//4957 4233//4872
f 4205//4846 4280//4922 4192//4834
f 4228//4868 4318//4958 4242//4884
f 4230//4897 4295//4959 4221//4863
f 4235//4875 4319//4960 4261//4905
f 4112//4838 4349//4120 4222//4877
f 4180//4823 4320//4961 4269//4911
f 4197//4873 4320//4961 4180//4823
f 4226//4866 4321//4962 4162//4805
f 4162//4805 4321//4962 4256//4900
f 4272//4914 4283//4926 4107//4747
f 4254//4896 4270//4912 4146//4788
f 4150//4793 4305//4947 4159//4802
f 4242//4884 4304//4946 4198//4839
f 4204//4845 4323//4963 4265//4907
f 4221//4863 4324//4964 4274//4915
f 4288//4931 4325//4965 4224//4865
f 4224//4865 4325//4965 4301//4942
f 4243//4885 4297//4938 4022//4658
f 4266//4908 4281//4924 4232//4871
f 4281//4924 4326//4966 4253//4895
f 4262//4944 4327//4967 4276//4918
f 4216//4859 4328//4968 4308//4949
f 4298//4939 4329//4969 4183//4826
f 4183//4826 4329//4969 4285//4928
f 4196//4837 4330//4970 4243//4885
f 4245//4887 4304//4946 4290//4933
f 4291//4934 4293//4936 4158//4801
f 4161//4804 4331//4971 4235//4875
f 4111//4751 4286//4929 4140//4781
f 4210//4854 4296//4972 4273//4917
f 4186//4827 4263//4923 4178//4821
f 4231//4870 4298//4939 4185//4828
f 4256//4900 4332//4973 4211//4855
f 4211//4855 4332//4973 4282//4925
f 3006//2189 4336//4974 3003//3603
f 4264//4906 4339//4975 4227//4867
f 2794//3400 4333//3427 4271//4913
f 2841//3438 4334//4976 4246//4888
f 3003//3603 4336//4974 3019//3614
f 4279//4921 4337//4977 4209//4853
f 4209//4853 4337//4977 4257//4901
f 4319//4960 4302//4943 4261//4905
f 4140//4781 4338//4978 4193//4835
f 4333//3427 4322//4979 4271//4913
f 4303//4945 4296//4972 4210//4854
f 4276//4918 4315//4954 4234//4874
f 4227//4867 4318//4958 4228//4868
f 4203//4844 4342//4980 4252//4894
f 4267//4909 4344//4981 3952//4589
f 3952//4589 4344//4981 4238//4878
f 4242//4884 4345//4982 4304//4946
f 4302//4943 4346//4983 4250//4892
f 4250//4892 4346//4983 4288//4931
f 4201//4842 4293//4936 4254//4896
f 4299//4940 4347//4984 4202//4843
f 4280//4922 4348//4985 4214//4858
f 4202//4843 4347//4984 4279//4921
f 4229//4869 4350//4986 4311//4952
f 4271//4913 4327//4967 4262//4944
f 4230//4897 4351//4987 4295//4959
f 4300//4941 4351//4987 4230//4897
f 4247//4889 4352//3984 4117//4758
f 4251//4893 4308//4949 4317//4957
f 4117//4758 4352//3984 4220//4862
f 4160//4803 4268//4910 4287//4930
f 4273//4917 4353//4988 4186//4827
f 4244//4886 4323//4963 4204//4845
f 4258//4902 4354//4989 4294//4937
f 4309//4950 4354//4989 4258//4902
f 3362//4798 4193//4835 3359//4990
f 4265//4907 4323//4963 4307//4991
f 4329//4969 4355//4992 4285//4928
f 4241//4883 4287//4930 4289//4932
f 4214//4858 4356//4993 4268//4910
f 4233//4872 4320//4961 4197//4873
f 4219//4879 4357//4994 1429//2032
f 4277//4919 4298//4939 4231//4870
f 4292//4935 4358//4995 4161//4804
f 4161//4804 4358//4995 4331//4971
f 4200//4841 4310//4951 4266//4908
f 4259//4903 4359//4996 4309//4950
f 4301//4942 4359//4996 4259//4903
f 4184//4847 4289//4932 4291//4934
f 4312//4953 4360//4997 4277//4919
f 4294//4937 4312//4953 4255//4899
f 4263//4923 4361//3976 4237//4898
f 4335//4998 4338//4978 4140//4781
f 3019//3614 4336//4974 4292//4935
f 4297//4938 4362//4999 4150//4793
f 4150//4793 4362//4999 4305//4947
f 4222//4877 3460//4122 4206//4848
f 4264//4906 4363//5000 4339//4975
f 4226//4866 4364//5001 4321//4962
f 4260//4904 4364//5001 4226//4866
f 4330//4970 4365//5002 4243//4885
f 4243//4885 4365//5002 4297//4938
f 4149//4792 4343//5003 4187//4829
f 4253//4895 4326//4966 4203//4844
f 4295//4959 4324//4964 4221//4863
f 4237//4898 4306//4948 4176//4820
f 4235//4875 4331//4971 4319//4960
f 4227//4867 4339//4975 4318//4958
f 4306//4948 4341//5004 1435//2026
f 4205//4846 4367//5005 4280//4922
f 4248//4890 4367//5005 4205//4846
f 4275//4916 4350//4986 4229//4869
f 4269//4911 4369//5006 4195//4861
f 4195//4861 4369//5006 4316//4956
f 4265//4907 4370//5007 4275//4916
f 4307//4991 4370//5007 4265//4907
f 4305//4947 4371//5008 4267//4909
f 4186//4827 4353//4988 4263//4923
f 4216//4859 4372//5009 4328//4968
f 4238//4878 4372//5009 4216//4859
f 4276//4918 4340//5010 4315//4954
f 4311//4952 4330//4970 4196//4837
f 4266//4908 4373//5011 4281//4924
f 4276//4918 4327//4967 4340//5010
f 4244//4886 4374//5012 4323//4963
f 4271//4913 4322//4979 4327//4967
f 4212//4856 4375//5013 4215//4882
f 4254//4896 4376//3972 4270//4912
f 4284//4927 4313//4955 4179//4822
f 4233//4872 4377//5014 4320//4961
f 4310//4951 4378//5015 4266//4908
f 4213//4857 4379//5016 4247//4889
f 4246//4888 4334//4976 4299//4940
f 4283//4926 4366//4083 4173//4817
f 4187//4829 4343//5003 4335//4998
f 4286//4929 4335//4998 4140//4781
f 4177//4851 4380//4033 4213//4857
f 4270//4912 4380//4033 4177//4851
f 4354//4989 4368//5017 4294//4937
f 4267//4909 4381//5018 4344//4981
f 4149//4792 4215//4882 4343//5003
f 4325//4965 4382//5019 4301//4942
f 4301//4942 4382//5019 4359//4996
f 1435//2026 4341//5004 1449//2041
f 4275//4916 4383//5020 4350//4986
f 4346//4983 4384//5021 4288//4931
f 4288//4931 4384//5021 4325//4965
f 4302//4943 4385//5022 4346//4983
f 4257//4901 4337//4977 4300//4941
f 4187//4829 4335//4998 4286//4929
f 4298//4939 4386//5023 4329//4969
f 4317//4957 4377//5014 4233//4872
f 4264//4906 4315//4954 4363//5000
f 4237//4898 4387//5024 4306//4948
f 4277//4919 4360//4997 4298//4939
f 4242//4884 4318//4958 4345//4982
f 4212//4856 4278//4920 4375//5013
f 4304//4946 4388//5025 4290//4933
f 4309//4950 4359//4996 4354//4989
f 4285//4928 4374//5012 4244//4886
f 4214//4858 4348//4985 4356//4993
f 4252//4894 4389//5026 4239//4880
f 4342//4980 4389//5026 4252//4894
f 4294//4937 4368//5017 4312//4953
f 4338//4978 3359//4990 4193//4835
f 4206//4848 3460//4122 4284//4927
f 4312//4953 4390//5027 4360//4997
f 4292//4935 4391//5028 4358//4995
f 4336//4974 4391//5028 4292//4935
f 4327//4967 4392//4040 4340//5010
f 4293//4936 4393//5029 4254//4896
f 4303//4945 4394//5030 4296//4972
f 4215//4882 4403//5031 4343//5003
f 4322//4979 4395//4022 4327//4967
f 4305//4947 4396//5032 4371//5008
f 4362//4999 4396//5032 4305//4947
f 4260//4904 4397//3995 4364//5001
f 4290//4933 4397//3995 4260//4904
f 4330//4970 4398//5033 4365//5002
f 1577//2184 4399//5034 3006//2189
f 3006//2189 4399//5034 4336//4974
f 4353//4988 4400//5035 4263//4923
f 4370//5007 4383//5020 4275//4916
f 4173//4817 4401//4064 4088//4767
f 4256//4900 4321//4962 4332//4973
f 4267//4909 4371//5008 4381//5018
f 2841//3438 2875//3486 4334//4976
f 4314//4066 4402//4171 4249//4891
f 4331//4971 4404//5036 4319//4960
f 4358//4995 4404//5036 4331//4971
f 4350//4986 4405//5037 4311//4952
f 4311//4952 4405//5037 4330//4970
f 4347//4984 4406//5038 4279//4921
f 4279//4921 4406//5038 4337//4977
f 4316//4956 4407//5039 4278//4920
f 4323//4963 4370//5007 4307//4991
f 4248//4890 4408//5040 4367//5005
f 4282//4925 4408//5040 4248//4890
f 4319//4960 4404//5036 4302//4943
f 4268//4910 4409//5041 4287//4930
f 4238//4878 4410//5042 4372//5009
f 4344//4981 4410//5042 4238//4878
f 4333//3427 4411//4104 4322//4979
f 4315//4954 4340//5010 4420//5043
f 4333//3427 2832//3431 4411//4104
f 2768//3351 2832//3431 4333//3427
f 4327//4967 4413//4024 4392//4040
f 4326//4966 4415//5044 4203//4844
f 4296//4972 4414//5045 4273//4917
f 4203//4844 4415//5044 4342//4980
f 4269//4911 4416//5046 4369//5006
f 4320//4961 4416//5046 4269//4911
f 4368//5017 4390//5027 4312//4953
f 4313//4955 4357//4994 4219//4879
f 4318//4958 4427//4178 4345//4982
f 4287//4930 4417//4102 4289//4932
f 4355//4992 4418//5047 4285//4928
f 4411//4104 4395//4022 4322//4979
f 4285//4928 4418//5047 4374//5012
f 4351//4987 4419//4049 4295//4959
f 4295//4959 4419//4049 4324//4964
f 4315//4954 4420//5043 4363//5000
f 4317//4957 4421//5048 4377//5014
f 4298//4939 4423//5049 4386//5023
f 4360//4997 4423//5049 4298//4939
f 4382//5019 4424//5050 4359//4996
f 4378//5015 4373//5011 4266//4908
f 4341//5004 1451//2043 1449//2041
f 4346//4983 4425//5051 4384//5021
f 4385//5022 4425//5051 4346//4983
f 4377//5014 4416//5046 4320//4961
f 4281//4924 4426//4057 4326//4966
f 4373//5011 4426//4057 4281//4924
f 4308//4949 4328//4968 4317//4957
f 4173//4817 3425//4085 4401//4064
f 4370//5007 4428//5052 4383//5020
f 4343//5003 4429//5053 4335//4998
f 4365//5002 4430//5054 4297//4938
f 4297//4938 4430//5054 4362//4999
f 4372//5009 4431//5055 4328//4968
f 4354//4989 4412//5056 4368//5017
f 4356//4993 4432//4051 4268//4910
f 4215//4882 4375//5013 4403//5031
f 4393//5029 4376//3972 4254//4896
f 4358//4995 4433//5057 4404//5036
f 4390//5027 4434//5058 4360//4997
f 4404//5036 4435//5059 4302//4943
f 4302//4943 4435//5059 4385//5022
f 4329//4969 4386//5023 4355//4992
f 4362//4999 4436//5060 4396//5032
f 4280//4922 4367//5005 4348//4985
f 4334//4976 4437//4031 4299//4940
f 4368//5017 4412//5056 4390//5027
f 4299//4940 4437//4031 4347//4984
f 4270//4912 4438//4107 4380//4033
f 4345//4982 4439//5061 4304//4946
f 4405//5037 4440//5062 4330//4970
f 4330//4970 4440//5062 4398//5033
f 4304//4946 4439//5061 4388//5025
f 4371//5008 4441//5063 4381//5018
f 4359//4996 4442//5064 4354//4989
f 4327//4967 4395//4022 4413//4024
f 4384//5021 4443//5065 4325//4965
f 4325//4965 4443//5065 4382//5019
f 4399//5034 4444//5066 4336//4974
f 4336//4974 4444//5066 4391//5028
f 4300//4941 4445//3985 4351//4987
f 4337//4977 4445//3985 4300//4941
f 4354//4989 4446//5067 4412//5056
f 4290//4933 4388//5025 4397//3995
f 4278//4920 4422//5068 4375//5013
f 4383//5020 4405//5037 4350//4986
f 4340//5010 3463//4042 4420//5043
f 4377//5014 4447//5069 4416//5046
f 4340//5010 4392//4040 3463//4042
f 4313//4955 3384//3979 4357//4994
f 4352//3984 3377//4167 4220//4862
f 4220//4862 3377//4167 4303//4945
f 4375//5013 4448//5070 4403//5031
f 4344//4981 4381//5018 4410//5042
f 4237//4898 4449//4160 4387//5024
f 4361//3976 4449//4160 4237//4898
f 4284//4927 3421//4148 4313//4955
f 4274//4915 4450//4068 4310//4951
f 4324//4964 4450//4068 4274//4915
f 4167//4811 4349//4120 4112//4838
f 4391//5028 4433//5057 4358//4995
f 4291//4934 3451//4206 4293//4936
f 4452//5071 4391//5028 4444//5066
f 4263//4923 4400//5035 4361//3976
f 4424//5050 4442//5064 4359//4996
f 4323//4963 4453//5072 4370//5007
f 4268//4910 4432//4051 4409//5041
f 4374//5012 4453//5072 4323//4963
f 1429//2032 4357//4994 1420//2001
f 4213//4857 4380//4033 4379//5016
f 4278//4920 4454//5073 4422//5068
f 4407//5039 4454//5073 4278//4920
f 4289//4932 4417//4102 4291//4934
f 4316//4956 4455//5074 4407//5039
f 4369//5006 4455//5074 4316//4956
f 4317//4957 4456//5075 4421//5048
f 4328//4968 4456//5075 4317//4957
f 4406//5038 4457//4067 4337//4977
f 4273//4917 4414//5045 4353//4988
f 4360//4997 4458//5076 4423//5049
f 4434//5058 4458//5076 4360//4997
f 4318//4958 4339//4975 4427//4178
f 4416//5046 4459//5077 4369//5006
f 4398//5033 4460//5078 4365//5002
f 4365//5002 4460//5078 4430//5054
f 4418//5047 4461//5079 4374//5012
f 4423//5049 4462//5080 4386//5023
f 4430//5054 4463//5081 4362//4999
f 4362//4999 4463//5081 4436//5060
f 4366//4083 3425//4085 4173//4817
f 4370//5007 4464//5082 4428//5052
f 4385//5022 4465//5083 4425//5051
f 4435//5059 4465//5083 4385//5022
f 4403//5031 3427//4108 4343//5003
f 4332//4973 3492//4140 4282//4925
f 4282//4925 3492//4140 4408//5040
f 4343//5003 3427//4108 4429//5053
f 4306//4948 3398//4162 4341//5004
f 4321//4962 3423//4133 4332//4973
f 4415//5044 4466//4013 4342//4980
f 4442//5064 4446//5067 4354//4989
f 4372//5009 4410//5042 4431//5055
f 4391//5028 4452//5071 4467//5084
f 2880//3471 3368//4125 2875//3486
f 4239//4880 4468//4127 4272//4914
f 4396//5032 4469//5085 4371//5008
f 4389//5026 4468//4127 4239//4880
f 4371//5008 4469//5085 4441//5063
f 4306//4948 4387//5024 3398//4162
f 4391//5028 4467//5084 4433//5057
f 4405//5037 4470//5086 4440//5062
f 4386//5023 4471//5087 4355//4992
f 4348//4985 3494//4192 4356//4993
f 4355//4992 4471//5087 4418//5047
f 4431//5055 4456//5075 4328//4968
f 4433//5057 4472//5088 4404//5036
f 4404//5036 4472//5088 4435//5059
f 4296//4972 3378//4168 4414//5045
f 3425//4085 3426//4189 4401//4064
f 4394//5030 3378//4168 4296//4972
f 4375//5013 4422//5068 4448//5070
f 4088//4767 4401//4064 4314//4066
f 4446//5067 4473//5089 4412//5056
f 4403//5031 4448//5070 4451//5090
f 4287//4930 4409//5041 4417//4102
f 4425//5051 4474//5091 4384//5021
f 4384//5021 4474//5091 4443//5065
f 4443//5065 4475//5092 4382//5019
f 4382//5019 4475//5092 4424//5050
f 4345//4982 4427//4178 4439//5061
f 4383//5020 4478//4006 4405//5037
f 4428//5052 4478//4006 4383//5020
f 4334//4976 4479//4100 4437//4031
f 4367//5005 3429//4197 4348//4985
f 4417//4102 3406//4103 4291//4934
f 4388//5025 3401//3996 4397//3995
f 4303//4945 3377//4167 4394//5030
f 4390//5027 4480//5093 4434//5058
f 4412//5056 4480//5093 4390//5027
f 4339//4975 4363//5000 3493//4151
f 4421//5048 4447//5069 4377//5014
f 4414//5045 3510//4203 4353//4988
f 4453//5072 4464//5082 4370//5007
f 4378//5015 4481//4070 4373//5011
f 4376//3972 4438//4107 4270//4912
f 4272//4914 4366//4083 4283//4926
f 4310//4951 4450//4068 4378//5015
f 4247//4889 3417//3982 4352//3984
f 4379//5016 3417//3982 4247//4889
f 4447//5069 4459//5077 4416//5046
f 2875//3486 3368//4125 4334//4976
f 4380//4033 3474//4035 4379//5016
f 4418//5047 4471//5087 4476//5094
f 4441//5063 3367//3969 4381//5018
f 4342//4980 4466//4013 4389//5026
f 4442//5064 4483//4001 4446//5067
f 4374//5012 4461//5079 4453//5072
f 4440//5062 4484//5095 4398//5033
f 4398//5033 4484//5095 4460//5078
f 4456//5075 4485//5096 4421//5048
f 4347//4984 4437//4031 4406//5038
f 4418//5047 4476//5094 4461//5079
f 4436//5060 3390//3988 4396//5032
f 4396//5032 3390//3988 4469//5085
f 4393//5029 3495//3970 4376//3972
f 4434//5058 4486//5097 4458//5076
f 4222//4877 4349//4120 3460//4122
f 4335//4998 4477//4129 4338//4978
f 4446//5067 3481//4046 4473//5089
f 4293//4936 3451//4206 4393//5029
f 4410//5042 3397//3993 4431//5055
f 4236//4876 3479//4294 4167//4811
f 4460//5078 3467//4028 4430//5054
f 4430//5054 3467//4028 4463//5081
f 4458//5076 3484//4054 4423//5049
f 4423//5049 3484//4054 4462//5080
f 4455//5074 4487//4043 4407//5039
f 4407//5039 4487//4043 4454//5073
f 4447//5069 4488//5098 4459//5077
f 4386//5023 4462//5080 4471//5087
f 4421//5048 4489//4061 4447//5069
f 4364//5001 3438//4115 4321//4962
f 4321//4962 3438//4115 3423//4133
f 4369//5006 4490//5099 4455//5074
f 4459//5077 4490//5099 4369//5006
f 4419//4049 3419//4071 4324//4964
f 4324//4964 3419//4071 4450//4068
f 4167//4811 3462//4211 4349//4120
f 4475//5092 4491//5100 4424//5050
f 4424//5050 4491//5100 4442//5064
f 2897//3498 3368//4125 2880//3471
f 4400//5035 3420//4116 4361//3976
f 4403//5031 3414//4096 3427//4108
f 4451//5090 3414//4096 4403//5031
f 4388//5025 3457//4301 3401//3996
f 4478//4006 3376//4075 4405//5037
f 4405//5037 3376//4075 4470//5086
f 4332//4973 3491//4135 3492//4140
f 4435//5059 4493//5101 4465//5083
f 4472//5088 4493//5101 4435//5059
f 4494//5102 4472//5088 4482//5103
f 4373//5011 4481//4070 4426//4057
f 4357//4994 3384//3979 3387//3981
f 4445//3985 3388//3987 4351//4987
f 4351//4987 3388//3987 4419//4049
f 4291//4934 3406//4103 3451//4206
f 4474//5091 4475//5092 4443//5065
f 4326//4966 3408//4059 4415//5044
f 4426//4057 3408//4059 4326//4966
f 4457//4067 3490//3986 4337//4977
f 4337//4977 3490//3986 4445//3985
f 4420//5043 3469//4142 4363//5000
f 4467//5084 4482//5103 4433//5057
f 4433//5057 4482//5103 4472//5088
f 2767//3350 3503//4156 2832//3431
f 3397//3993 3381//3994 4431//5055
f 4431//5055 3381//3994 4456//5075
f 4480//5093 4486//5097 4434//5058
f 4363//5000 3469//4142 3493//4151
f 4483//4001 3481//4046 4446//5067
f 4353//4988 3510//4203 4400//5035
f 4425//5051 3446//4019 4474//5091
f 4465//5083 3446//4019 4425//5051
f 4432//4051 3382//4053 4409//5041
f 4448//5070 3489//4008 4492//4010
f 4422//5068 3489//4008 4448//5070
f 4464//5082 4478//4006 4428//5052
f 4348//4985 3429//4197 3494//4192
f 4381//5018 3367//3969 4410//5042
f 4339//4975 3493//4151 4427//4178
f 4421//5048 4485//5096 4489//4061
f 4352//3984 3386//3983 3377//4167
f 4412//5056 4473//5089 4480//5093
f 4357//4994 3434//4012 1420//2001
f 4469//5085 3365//3967 4441//5063
f 4441//5063 3365//3967 3367//3969
f 4472//5088 4494//5102 4493//5101
f 4462//5080 3395//4113 4471//5087
f 4408//5040 3429//4197 4367//5005
f 4470//5086 3369//3975 4440//5062
f 4440//5062 3369//3975 4484//5095
f 4461//5079 3472//4110 4453//5072
f 4476//5094 3448//4091 4461//5079
f 4436//5060 3393//3991 3390//3988
f 4463//5081 3393//3991 4436//5060
f 3451//4206 3447//4185 4393//5029
f 3395//4113 4476//5094 4471//5087
f 4439//5061 3457//4301 4388//5025
f 4427//4178 3458//4180 4439//5061
f 3381//3994 4485//5096 4456//5075
f 4447//5069 3415//4089 4488//5098
f 4491//5100 4483//4001 4442//5064
f 4284//4927 3460//4122 3421//4148
f 3494//4192 3483//4052 4356//4993
f 4356//4993 3483//4052 4432//4051
f 4460//5078 3465//4027 3467//4028
f 4484//5095 3465//4027 4460//5078
f 4459//5077 3405//4000 4490//5099
f 4332//4973 3423//4133 3491//4135
f 4429//5053 3471//4130 4335//4998
f 4335//4998 3471//4130 4477//4129
f 4420//5043 3463//4042 3469//4142
f 3421//4148 3400//4194 4313//4955
f 4486//5097 3436//4078 4458//5076
f 4458//5076 3436//4078 3484//4054
f 4480//5093 3389//4080 4486//5097
f 4466//4013 3375//4015 4389//5026
f 4389//5026 3375//4015 4468//4127
f 2897//3498 2751//3385 3368//4125
f 4338//4978 4477//4129 3359//4990
f 3359//4990 4477//4129 3552//4131
f 4376//3972 3371//3971 4438//4107
f 4459//5077 3403//3998 3405//4000
f 4488//5098 3403//3998 4459//5077
f 4479//4100 3374//4029 4437//4031
f 4450//4068 4481//4070 4378//5015
f 4481//4070 3452//4058 4426//4057
f 4397//3995 3402//3997 4364//5001
f 4364//5001 3402//3997 3438//4115
f 4448//5070 3418//4011 4451//5090
f 4451//5090 3418//4011 3414//4096
f 4249//4891 3479//4294 4236//4876
f 4478//4006 3399//4007 3376//4075
f 4437//4031 3470//4032 4406//5038
f 4334//4976 3368//4125 4479//4100
f 4341//5004 3332//4234 1451//2043
f 4402//4171 3485//4173 4249//4891
f 3510//4203 3453//4144 4400//5035
f 3481//4046 3439//4047 4473//5089
f 4468//4127 3455//4086 4272//4914
f 4272//4914 3455//4086 4366//4083
f 4455//5074 3430//4026 4487//4043
f 4490//5099 3430//4026 4455//5074
f 4489//4061 3415//4089 4447//5069
f 3378//4168 3431//4170 4414//5045
f 4361//3976 3380//3978 4449//4160
f 4439//5061 3458//4180 3457//4301
f 4483//4001 3410//4003 3481//4046
f 4422//5068 3422//4038 3489//4008
f 4454//5073 3422//4038 4422//5068
f 3446//4019 3443//4016 4474//5091
f 4474//5091 3443//4016 4475//5092
f 4473//5089 3389//4080 4480//5093
f 4487//4043 3432//4036 4454//5073
f 4454//5073 3432//4036 3422//4038
f 3367//3969 3366//3968 4410//5042
f 4410//5042 3366//3968 3397//3993
f 1318//2005 1451//2043 3332//4234
f 4469//5085 3392//3990 3365//3967
f 3390//3988 3392//3990 4469//5085
f 4409//5041 3382//4053 4417//4102
f 4449//4160 3398//4162 4387//5024
f 4493//5101 3444//4017 4465//5083
f 4465//5083 3444//4017 3446//4019
f 4475//5092 3411//4137 4491//5100
f 4438//4107 3473//4034 4380//4033
f 3456//4146 4489//4061 4485//5096
f 4464//5082 3412//4004 4478//4006
f 4453//5072 3412//4004 4464//5082
f 2832//3431 3504//4164 4411//4104
f 3479//4294 3498//4296 4167//4811
f 4167//4811 3498//4296 3462//4211
f 4393//5029 3447//4185 3495//3970
f 4419//4049 3475//4050 3419//4071
f 4357//4994 3387//3981 3434//4012
f 3377//4167 3378//4168 4394//5030
f 4461//5079 3449//4093 3472//4110
f 3448//4091 3449//4093 4461//5079
f 4448//5070 4492//4010 3418//4011
f 3484//4054 3394//4056 4462//5080
f 4462//5080 3394//4056 3395//4113
f 3420//4116 3379//3977 4361//3976
f 4470//5086 3373//3973 3369//3975
f 3376//4075 3373//3973 4470//5086
f 4463//5081 3466//4020 3393//3991
f 4249//4891 3485//4173 3479//4294
f 3467//4028 3466//4020 4463//5081
f 3408//4059 3409//4181 4415//5044
f 4415//5044 3409//4181 4466//4013
f 2751//3385 3508//3384 3368//4125
f 4484//5095 3370//4060 3465//4027
f 3369//3975 3370//4060 4484//5095
f 3474//4035 3428//4222 4379//5016
f 4379//5016 3428//4222 3417//3982
f 4400//5035 3453//4144 3420//4116
f 3411//4137 3407//4002 4491//5100
f 4491//5100 3407//4002 4483//4001
f 4489//4061 3416//4063 3415//4089
f 3368//4125 3383//4098 4479//4100
f 3381//3994 3385//4073 4485//5096
f 4406//5038 3470//4032 4457//4067
f 3415//4089 3433//4090 4488//5098
f 4488//5098 3433//4090 3403//3998
f 3385//4073 3456//4146 4485//5096
f 3427//4108 3461//4109 4429//5053
f 4429//5053 3461//4109 3471//4130
f 3431//4170 3510//4203 4414//5045
f 3436//4078 3437//4055 3484//4054
f 3439//4047 3440//4153 4473//5089
f 4473//5089 3440//4153 3389//4080
f 3395//4113 3459//4094 4476//5094
f 4476//5094 3459//4094 3448//4091
f 4314//4066 3487//4065 4402//4171
f 4490//5099 3404//3999 3430//4026
f 3405//4000 3404//3999 4490//5099
f 4486//5097 3441//4082 3436//4078
f 3389//4080 3441//4082 4486//5097
f 4341//5004 3398//4162 3332//4234
f 4313//4955 3400//4194 3384//3979
f 4475//5092 3443//4016 3411//4137
f 3456//4146 3486//4062 4489//4061
f 3472//4110 3412//4004 4453//5072
f 4408//5040 3497//4139 3429//4197
f 3492//4140 3497//4139 4408//5040
f 2832//3431 3503//4156 3504//4164
f 3422//4038 3454//4039 3489//4008
f 4495//5104 4496//5105 4497//5106
f 4498//5107 4499//5108 4500//5109
f 4501//5110 4502//5111 4547//5112
f 4503//5113 4553//5114 4502//5111
f 4504//5115 4506//5116 4505//5117
f 4507//5118 4508//5119 4509//5120
f 4511//5121 4513//5122 4512//5123
f 4518//5124 4496//5105 4495//5104
f 4516//5125 4519//5126 4517//5127
f 4518//5124 4505//5117 4496//5105
f 4521//5128 4506//5116 4504//5115
f 4498//5107 4501//5110 4499//5108
f 4523//5129 4502//5111 4501//5110
f 4507//5118 4497//5106 4508//5119
f 4503//5113 4510//5130 4553//5114
f 4504//5115 4505//5117 4518//5124
f 4524//5131 4515//5132 4525//5133
f 4521//5128 4526//5134 4506//5116
f 4527//5135 4500//5109 4520//5136
f 4527//5135 4498//5107 4500//5109
f 4523//5129 4503//5113 4502//5111
f 4511//5121 4540//5137 4513//5122
f 4528//5138 4515//5132 4524//5131
f 4529//5139 4495//5104 4497//5106
f 4531//5140 4503//5113 4523//5129
f 4532//5141 4511//5121 4510//5130
f 4532//5141 4510//5130 4503//5113
f 4533//5142 4507//5118 4509//5120
f 4536//5143 4516//5125 4515//5132
f 4536//5143 4515//5132 4528//5138
f 4535//5144 4497//5106 4507//5118
f 4537//5145 4519//5126 4516//5125
f 4538//5146 4504//5115 4518//5124
f 4538//5146 4521//5128 4504//5115
f 4539//5147 4521//5128 4530//5148
f 4539//5147 4526//5134 4521//5128
f 4540//5137 4511//5121 4532//5141
f 4528//5138 4524//5131 4534//5149
f 4529//5139 4497//5106 4535//5144
f 4541//5150 4520//5136 4519//5126
f 4541//5150 4519//5126 4537//5145
f 4530//5148 4521//5128 4538//5146
f 4542//5151 4523//5129 4501//5110
f 4543//5152 4509//5120 4544//5153
f 4543//5152 4533//5142 4509//5120
f 4535//5144 4507//5118 4533//5142
f 4537//5145 4516//5125 4536//5143
f 4541//5150 4527//5135 4520//5136
f 4545//5154 4495//5104 4529//5139
f 4546//5155 4501//5110 4498//5107
f 4547//5112 4538//5146 4518//5124
f 4546//5155 4498//5107 4527//5135
f 4548//5156 4526//5134 4539//5147
f 4548//5156 4549//5157 4526//5134
f 4542//5151 4501//5110 4546//5155
f 4545//5154 4518//5124 4495//5104
f 4550//5158 4531//5140 4523//5129
f 4551//5159 4503//5113 4531//5140
f 4551//5159 4532//5141 4503//5113
f 4552//5160 4528//5138 4534//5149
f 4552//5160 4536//5143 4528//5138
f 4553//5114 4539//5147 4530//5148
f 4554//5161 4537//5145 4536//5143
f 4500//5109 4545//5154 4529//5139
f 4500//5109 4529//5139 4535//5144
f 4547//5112 4518//5124 4545//5154
f 4532//5141 4559//5162 4540//5137
f 4555//5163 4527//5135 4541//5150
f 4548//5156 4539//5147 4553//5114
f 4550//5158 4523//5129 4542//5151
f 4556//5164 4551//5159 4531//5140
f 4554//5161 4536//5143 4552//5160
f 4554//5161 4552//5160 4557//5165
f 4558//5166 4541//5150 4537//5145
f 4555//5163 4546//5155 4527//5135
f 4551//5159 4559//5162 4532//5141
f 4554//5161 4557//5165 4561//5167
f 4560//5168 4543//5152 4544//5153
f 4555//5163 4541//5150 4558//5166
f 4562//5169 4550//5158 4542//5151
f 4556//5164 4531//5140 4550//5158
f 4499//5108 4547//5112 4545//5154
f 4502//5111 4530//5148 4538//5146
f 4502//5111 4538//5146 4547//5112
f 4558//5166 4537//5145 4554//5161
f 4564//5170 4565//5171 4522//5172
f 4564//5170 4522//5172 4563//5173
f 4567//5174 4542//5151 4546//5155
f 4556//5164 4559//5162 4551//5159
f 4517//5127 4543//5152 4560//5168
f 4568//5175 4555//5163 4558//5166
f 4569//5176 4546//5155 4555//5163
f 4519//5126 4535//5144 4533//5142
f 4567//5174 4562//5169 4542//5151
f 4570//5177 4556//5164 4550//5158
f 4570//5177 4550//5158 4562//5169
f 4561//5167 4558//5166 4554//5161
f 4564//5170 4563//5173 4566//5178
f 4567//5174 4546//5155 4569//5176
f 4505//5117 4565//5171 4564//5170
f 4505//5117 4571//5179 4565//5171
f 4502//5111 4553//5114 4530//5148
f 4514//5180 4566//5178 4572//5181
f 4510//5130 4548//5156 4553//5114
f 4556//5164 4573//5182 4559//5162
f 4515//5132 4560//5168 4525//5133
f 4568//5175 4558//5166 4561//5167
f 4569//5176 4555//5163 4568//5175
f 4517//5127 4533//5142 4543//5152
f 4514//5180 4564//5170 4566//5178
f 4520//5136 4535//5144 4519//5126
f 4520//5136 4500//5109 4535//5144
f 4499//5108 4545//5154 4500//5109
f 4574//5183 4567//5174 4569//5176
f 4575//5184 4562//5169 4567//5174
f 4496//5105 4505//5117 4564//5170
f 4570//5177 4573//5182 4556//5164
f 4576//5185 4562//5169 4575//5184
f 4576//5185 4570//5177 4562//5169
f 4496//5105 4564//5170 4514//5180
f 4510//5130 4549//5157 4548//5156
f 4575//5184 4567//5174 4574//5183
f 4515//5132 4517//5127 4560//5168
f 4519//5126 4533//5142 4517//5127
f 4501//5110 4547//5112 4499//5108
f 4506//5116 4571//5179 4505//5117
f 4508//5119 4514//5180 4572//5181
f 4497//5106 4496//5105 4514//5180
f 4511//5121 4549//5157 4510//5130
f 4511//5121 4512//5123 4549//5157
f 4516//5125 4517//5127 4515//5132
f 4497//5106 4514//5180 4508//5119
f 4582//5186 4583//5187 4534//5149
f 4593//5188 4581//5189 4754//5190
f 4586//5191 4587//5192 4751//5193
f 4593//5188 4754//5190 4595//5194
f 4591//5195 4597//5196 4598//5197
f 4596//5198 4587//5192 4586//5191
f 4600//5199 4590//5200 4594//5201
f 4586//5191 4751//5193 4582//5186
f 4604//5202 4585//5203 4759//5204
f 4605//5205 4599//5206 4592//5207
f 4607//5208 4608//5209 4580//5210
f 4607//5208 4580//5210 4579//5211
f 4609//5212 4581//5189 4593//5188
f 4610//5213 4577//5214 4588//5215
f 4611//5216 4750//5217 4596//5198
f 4611//5216 4578//5218 4750//5217
f 4613//5219 4602//5220 4611//5216
f 4613//5219 4594//5201 4602//5220
f 4606//5221 4604//5202 4759//5204
f 4615//5222 4598//5197 4584//5223
f 4561//5167 4601//5224 4568//5175
f 4615//5222 4584//5223 4577//5214
f 4600//5199 4606//5221 4590//5200
f 4534//5149 4524//5131 4618//5225
f 4619//5226 4591//5195 4598//5197
f 4612//5227 4599//5206 4605//5205
f 4620//5228 4596//5198 4586//5191
f 4614//5229 4586//5191 4582//5186
f 4605//5205 4592//5207 4591//5195
f 4609//5212 4603//5230 4581//5189
f 4624//5231 4598//5197 4615//5222
f 4579//5211 4585//5203 4604//5202
f 4621//5232 4589//5233 4601//5224
f 4625//5234 4611//5216 4596//5198
f 4622//5235 4588//5215 4603//5230
f 4626//5236 4606//5221 4600//5199
f 4621//5232 4601//5224 4561//5167
f 4628//5237 4593//5188 4595//5194
f 4615//5222 4577//5214 4610//5213
f 4618//5225 4582//5186 4534//5149
f 4595//5194 4589//5233 4621//5232
f 4623//5238 4620//5228 4586//5191
f 4619//5226 4598//5197 4624//5231
f 4600//5199 4594//5201 4613//5219
f 4622//5235 4603//5230 4609//5212
f 4630//5239 4604//5202 4606//5221
f 4623//5238 4586//5191 4614//5229
f 4631//5240 4605//5205 4591//5195
f 4632//5241 4607//5208 4579//5211
f 4633//5242 4582//5186 4618//5225
f 4628//5237 4609//5212 4593//5188
f 4622//5235 4610//5213 4588//5215
f 4634//5243 4579//5211 4604//5202
f 4625//5234 4596//5198 4620//5228
f 4627//5244 4613//5219 4611//5216
f 4626//5236 4630//5239 4606//5221
f 4633//5242 4614//5229 4582//5186
f 4627//5244 4611//5216 4625//5234
f 4629//5245 4615//5222 4610//5213
f 4638//5246 4600//5199 4613//5219
f 4631//5240 4612//5227 4605//5205
f 4637//5247 4622//5235 4609//5212
f 4629//5245 4610//5213 4622//5235
f 4632//5241 4579//5211 4634//5243
f 4631//5240 4591//5195 4619//5226
f 4638//5246 4613//5219 4627//5244
f 4634//5243 4604//5202 4630//5239
f 4636//5248 4626//5236 4600//5199
f 4635//5249 4612//5227 4631//5240
f 4640//5250 4595//5194 4621//5232
f 4636//5248 4600//5199 4638//5246
f 4641//5251 4615//5222 4629//5245
f 4640//5250 4628//5237 4595//5194
f 4642//5252 4630//5239 4626//5236
f 4623//5238 4614//5229 4633//5242
f 4623//5238 4633//5242 4643//5253
f 4650//5254 4626//5236 4636//5248
f 4644//5255 4619//5226 4624//5231
f 4646//5256 4573//5182 4570//5177
f 4646//5256 4645//5257 4573//5182
f 4652//5258 4638//5246 4627//5244
f 4637//5247 4609//5212 4628//5237
f 4647//5259 4625//5234 4620//5228
f 4649//5260 4629//5245 4622//5235
f 4651//5261 4620//5228 4623//5238
f 4646//5256 4570//5177 4576//5185
f 4652//5258 4627//5244 4625//5234
f 4646//5256 4648//5262 4645//5257
f 4641//5251 4624//5231 4615//5222
f 4650//5254 4642//5252 4626//5236
f 4639//5263 4635//5249 4631//5240
f 4655//5264 4646//5256 4576//5185
f 4656//5265 4561//5167 4557//5165
f 4655//5264 4648//5262 4646//5256
f 4654//5266 4634//5243 4630//5239
f 4657//5267 4648//5262 4655//5264
f 4647//5259 4620//5228 4651//5261
f 4659//5268 4655//5264 4576//5185
f 4650//5254 4636//5248 4638//5246
f 4651//5261 4623//5238 4643//5253
f 4652//5258 4625//5234 4653//5269
f 4659//5268 4576//5185 4575//5184
f 4653//5269 4625//5234 4647//5259
f 4656//5265 4621//5232 4561//5167
f 4660//5270 4637//5247 4628//5237
f 4649//5260 4622//5235 4637//5247
f 4657//5267 4658//5271 4648//5262
f 4661//5272 4655//5264 4659//5268
f 4644//5255 4631//5240 4619//5226
f 4663//5273 4638//5246 4652//5258
f 4662//5274 4628//5237 4640//5250
f 4661//5272 4657//5267 4655//5264
f 4669//5275 4650//5254 4638//5246
f 4664//5276 4659//5268 4575//5184
f 4674//5277 4653//5269 4647//5259
f 4666//5278 4641//5251 4629//5245
f 4666//5278 4629//5245 4649//5260
f 4669//5275 4638//5246 4663//5273
f 4670//5279 4644//5255 4624//5231
f 4668//5280 4661//5272 4659//5268
f 4671//5281 4642//5252 4650//5254
f 4670//5279 4624//5231 4641//5251
f 4672//5282 4650//5254 4669//5275
f 4667//5283 4654//5266 4630//5239
f 4667//5283 4630//5239 4642//5252
f 4668//5280 4659//5268 4664//5276
f 4673//5284 4631//5240 4644//5255
f 4673//5284 4639//5263 4631//5240
f 4674//5277 4647//5259 4651//5261
f 4664//5276 4575//5184 4574//5183
f 4675//5285 4652//5258 4653//5269
f 4675//5285 4663//5273 4652//5258
f 4660//5270 4628//5237 4662//5274
f 4678//5286 4649//5260 4637//5247
f 4676//5287 4657//5267 4661//5272
f 4676//5287 4658//5271 4657//5267
f 4678//5286 4637//5247 4660//5270
f 4671//5281 4650//5254 4672//5282
f 4679//5288 4661//5272 4668//5280
f 4667//5283 4642//5252 4671//5281
f 4656//5265 4557//5165 4682//5289
f 4680//5290 4621//5232 4656//5265
f 4680//5290 4640//5250 4621//5232
f 4681//5291 4653//5269 4674//5277
f 4681//5291 4674//5277 5464//5292
f 4666//5278 4649//5260 4678//5286
f 4683//5293 4658//5271 4676//5287
f 4683//5293 4665//5294 4658//5271
f 4684//5295 4669//5275 4663//5273
f 4684//5295 4663//5273 4675//5285
f 4686//5296 4671//5281 4672//5282
f 4687//5297 4641//5251 4666//5278
f 4688//5298 4673//5284 4644//5255
f 4689//5299 4667//5283 4671//5281
f 4617//5300 4690//5301 4616//5302
f 4681//5291 4675//5285 4653//5269
f 4691//5303 4660//5270 4662//5274
f 4692//5304 4676//5287 4661//5272
f 4692//5304 4661//5272 4679//5288
f 4693//5305 4662//5274 4640//5250
f 4694//5306 4675//5285 4681//5291
f 4684//5295 4672//5282 4669//5275
f 4696//5307 4668//5280 4664//5276
f 4697//5308 4660//5270 4691//5303
f 4694//5306 4684//5295 4675//5285
f 4686//5296 4672//5282 4684//5295
f 4698//5309 4671//5281 4686//5296
f 4699//5310 4677//5311 4665//5294
f 4698//5309 4689//5299 4671//5281
f 4699//5310 4665//5294 4683//5293
f 4682//5289 4557//5165 4552//5160
f 4700//5312 4690//5301 4617//5300
f 4701//5313 4684//5295 4694//5306
f 4693//5305 4640//5250 4680//5290
f 4709//5314 4666//5278 4678//5286
f 4679//5288 4668//5280 4696//5307
f 4702//5315 4686//5296 4684//5295
f 4703//5316 4664//5276 4574//5183
f 4687//5297 4670//5279 4641//5251
f 4701//5313 4702//5315 4684//5295
f 4705//5317 4688//5298 4644//5255
f 4705//5317 4644//5255 4670//5279
f 4702//5315 4701//5313 4708//5318
f 4706//5319 4698//5309 4686//5296
f 4706//5319 4686//5296 4702//5315
f 4703//5316 4696//5307 4664//5276
f 4691//5303 4662//5274 4693//5305
f 4710//5320 4685//5321 4677//5311
f 4702//5315 4708//5318 4711//5322
f 4713//5323 4695//5324 4707//5325
f 4697//5308 4678//5286 4660//5270
f 4712//5326 4706//5319 4702//5315
f 4683//5293 4676//5287 4692//5304
f 4712//5326 4702//5315 4711//5322
f 4714//5327 4656//5265 4682//5289
f 4700//5312 4617//5300 4695//5324
f 4715//5328 4666//5278 4709//5314
f 4716//5329 4693//5305 4680//5290
f 4717//5330 4679//5288 4696//5307
f 4718//5331 4687//5297 4666//5278
f 4710//5320 4704//5332 4685//5321
f 4723//5333 4709//5314 4678//5286
f 4723//5333 4678//5286 4697//5308
f 4720//5334 4707//5325 4704//5332
f 4721//5335 4670//5279 4687//5297
f 4722//5336 4691//5303 4693//5305
f 4700//5312 4695//5324 4713//5323
f 4710//5320 4677//5311 4699//5310
f 4722//5336 4697//5308 4691//5303
f 4724//5337 4699//5310 4683//5293
f 4680//5290 4656//5265 4714//5327
f 4726//5338 4704//5332 4710//5320
f 4715//5328 4709//5314 4723//5333
f 4727//5339 4574//5183 4569//5176
f 4727//5339 4703//5316 4574//5183
f 4729//5340 4692//5304 4679//5288
f 4728//5341 4687//5297 4718//5331
f 4729//5340 4679//5288 4717//5330
f 4718//5331 4666//5278 4715//5328
f 4721//5335 4705//5317 4670//5279
f 4719//5342 4707//5325 4720//5334
f 4725//5343 4700//5312 4713//5323
f 4731//5344 4721//5335 4687//5297
f 4722//5336 4693//5305 4716//5329
f 4719//5342 4713//5323 4707//5325
f 4723//5333 4697//5308 4722//5336
f 4732//5345 4692//5304 4729//5340
f 4732//5345 4683//5293 4692//5304
f 4726//5338 4720//5334 4704//5332
f 4721//5335 4733//5346 4705//5317
f 4734//5347 4703//5316 4727//5339
f 4734//5347 4696//5307 4703//5316
f 4714//5327 4682//5289 4736//5348
f 4735//5349 4680//5290 4714//5327
f 4736//5348 4682//5289 4552//5160
f 4730//5350 4716//5329 4680//5290
f 4738//5351 4715//5328 4723//5333
f 4730//5350 4680//5290 4735//5349
f 4737//5352 4719//5342 4720//5334
f 4725//5343 4713//5323 4719//5342
f 4731//5344 4687//5297 4728//5341
f 4739//5353 4699//5310 4724//5337
f 4739//5353 4710//5320 4699//5310
f 4740//5354 4722//5336 4716//5329
f 4741//5355 4723//5333 4722//5336
f 4721//5335 4731//5344 4733//5346
f 4732//5345 4724//5337 4683//5293
f 4744//5356 4715//5328 4738//5351
f 4717//5330 4696//5307 4734//5347
f 4745//5357 4727//5339 4569//5176
f 4746//5358 4729//5340 4717//5330
f 4747//5359 4720//5334 4726//5338
f 4744//5356 4718//5331 4715//5328
f 4743//5360 4725//5343 4719//5342
f 4741//5355 4738//5351 4723//5333
f 4749//5361 4729//5340 4746//5358
f 4749//5361 4732//5345 4729//5340
f 4750//5217 4716//5329 4730//5350
f 4742//5362 4741//5355 4722//5336
f 4748//5363 4734//5347 4727//5339
f 4751//5193 4714//5327 4736//5348
f 4742//5362 4722//5336 4740//5354
f 4748//5363 4727//5339 4745//5357
f 4754//5190 4717//5330 4734//5347
f 4726//5338 4710//5320 4739//5353
f 4745//5357 4569//5176 4568//5175
f 4583//5187 4552//5160 4534//5149
f 4583//5187 4736//5348 4552//5160
f 4755//5364 4738//5351 4741//5355
f 4756//5365 4720//5334 4747//5359
f 4756//5365 4737//5352 4720//5334
f 4580//5210 4728//5341 4718//5331
f 4580//5210 4718//5331 4744//5356
f 4743//5360 4719//5342 4737//5352
f 4753//5366 4731//5344 4728//5341
f 4757//5367 4739//5353 4724//5337
f 4740//5354 4716//5329 4750//5217
f 4752//5368 4724//5337 4732//5345
f 4750//5217 4730//5350 4735//5349
f 4752//5368 4732//5345 4749//5361
f 4602//5220 4742//5362 4740//5354
f 4754//5190 4734//5347 4748//5363
f 4597//5196 4726//5338 4739//5353
f 4735//5349 4714//5327 4751//5193
f 4755//5364 4744//5356 4738//5351
f 4581//5189 4717//5330 4754//5190
f 4581//5189 4746//5358 4717//5330
f 4592//5207 4756//5365 4747//5359
f 4597//5196 4747//5359 4726//5338
f 4758//5369 4743//5360 4737//5352
f 4757//5367 4724//5337 4752//5368
f 4583//5187 4751//5193 4736//5348
f 4603//5230 4746//5358 4581//5189
f 4603//5230 4749//5361 4746//5358
f 4590//5200 4741//5355 4742//5362
f 4578//5218 4740//5354 4750//5217
f 4594//5201 4742//5362 4602//5220
f 4588//5215 4752//5368 4749//5361
f 4597//5196 4739//5353 4757//5367
f 4587//5192 4735//5349 4751//5193
f 4592//5207 4747//5359 4597//5196
f 4750//5217 4735//5349 4587//5192
f 4590//5200 4755//5364 4741//5355
f 4761//5370 4737//5352 4756//5365
f 4761//5370 4758//5369 4737//5352
f 4589//5233 4748//5363 4745//5357
f 4585//5203 4580//5210 4744//5356
f 4585//5203 4744//5356 4759//5204
f 4584//5223 4757//5367 4752//5368
f 4599//5206 4756//5365 4592//5207
f 4759//5204 4744//5356 4755//5364
f 4760//5371 4728//5341 4580//5210
f 4760//5371 4753//5366 4728//5341
f 4578//5218 4602//5220 4740//5354
f 4590//5200 4742//5362 4594//5201
f 4577//5214 4752//5368 4588//5215
f 4588//5215 4749//5361 4603//5230
f 4598//5197 4597//5196 4757//5367
f 4601//5224 4745//5357 4568//5175
f 4606//5221 4755//5364 4590//5200
f 4596//5198 4750//5217 4587//5192
f 4599//5206 4761//5370 4756//5365
f 4601//5224 4589//5233 4745//5357
f 4577//5214 4584//5223 4752//5368
f 4608//5209 4760//5371 4580//5210
f 4579//5211 4580//5210 4585//5203
f 4591//5195 4592//5207 4597//5196
f 4606//5221 4759//5204 4755//5364
f 4582//5186 4751//5193 4583//5187
f 4595//5194 4748//5363 4589//5233
f 4611//5216 4602//5220 4578//5218
f 4595//5194 4754//5190 4748//5363
f 4598//5197 4757//5367 4584//5223
f 5251//5372 4763//5373 4781//5374
f 4766//5375 4779//5376 4780//5377
f 5266//5378 4778//5379 5272//5380
f 5270//5381 4785//5382 4776//5383
f 5262//5384 4785//5382 5270//5381
f 4690//5301 4700//5312 4768//5385
f 4768//5385 4777//5386 5260//5387
f 4771//5388 4797//5389 4770//5390
f 4777//5386 4788//5391 5262//5384
f 5262//5384 4788//5391 4785//5382
f 4771//5388 4781//5374 4799//5392
f 4700//5312 4789//5393 4768//5385
f 4764//5394 4790//5395 4791//5396
f 4766//5375 4767//5397 4779//5376
f 4787//5398 4770//5390 4792//5399
f 4764//5394 4791//5396 4769//5400
f 4764//5394 4780//5377 4790//5395
f 4774//5401 4765//5402 4801//5403
f 4773//5404 4793//5405 4784//5406
f 4772//5407 4794//5408 4778//5379
f 4767//5397 4795//5409 4779//5376
f 4763//5373 4796//5410 4781//5374
f 4771//5388 4799//5392 4797//5389
f 4770//5390 4797//5389 4792//5399
f 4775//5411 4798//5412 4765//5402
f 4769//5400 4803//5413 5273//5414
f 4763//5373 4762//5415 4796//5410
f 4773//5404 5273//5414 4793//5405
f 4698//5309 4706//5319 4772//5407
f 4780//5377 4800//5416 4790//5395
f 4774//5401 4801//5403 4782//5417
f 4776//5383 4795//5409 4767//5397
f 4768//5385 4802//5418 4777//5386
f 4776//5383 4817//5419 4795//5409
f 4775//5411 5272//5380 4798//5412
f 4780//5377 4779//5376 4800//5416
f 4768//5385 4789//5393 4802//5418
f 4785//5382 4817//5419 4776//5383
f 4785//5382 4805//5420 4817//5419
f 5272//5380 4778//5379 4808//5421
f 4769//5400 4791//5396 4803//5413
f 4804//5422 4806//5423 4807//5424
f 5272//5380 4808//5421 4798//5412
f 4777//5386 4809//5425 4788//5391
f 4785//5382 4788//5391 4805//5420
f 5273//5414 4815//5426 4793//5405
f 4784//5406 4793//5405 4811//5427
f 4782//5417 4801//5403 4812//5428
f 4762//5415 4812//5428 4796//5410
f 4782//5417 4812//5428 4762//5415
f 5273//5414 4803//5413 4815//5426
f 4779//5376 4795//5409 4800//5416
f 4814//5429 4807//5424 4806//5423
f 4777//5386 4802//5418 4809//5425
f 4772//5407 4706//5319 4794//5408
f 4778//5379 4816//5430 4808//5421
f 4700//5312 4725//5343 4789//5393
f 4801//5403 4818//5431 4812//5428
f 4778//5379 4794//5408 4816//5430
f 4765//5402 4819//5432 4801//5403
f 4765//5402 4798//5412 4819//5432
f 4801//5403 4819//5432 4818//5431
f 4725//5343 4802//5418 4789//5393
f 4808//5421 4820//5433 4798//5412
f 4790//5395 4800//5416 4822//5434
f 4788//5391 4821//5435 4805//5420
f 4790//5395 4822//5434 4791//5396
f 4706//5319 4712//5326 4794//5408
f 4795//5409 4823//5436 4800//5416
f 4808//5421 4816//5430 4820//5433
f 4791//5396 4825//5437 4803//5413
f 4793//5405 4815//5426 4811//5427
f 4788//5391 4809//5425 4821//5435
f 4794//5408 4824//5438 4816//5430
f 4794//5408 4712//5326 4824//5438
f 4795//5409 4817//5419 4823//5436
f 4815//5426 4826//5439 4811//5427
f 4800//5416 4823//5436 4828//5440
f 4817//5419 4805//5420 4827//5441
f 4800//5416 4828//5440 4822//5434
f 4791//5396 4822//5434 4825//5437
f 4815//5426 4803//5413 4826//5439
f 4802//5418 4829//5442 4809//5425
f 4805//5420 4821//5435 4827//5441
f 4725//5343 4829//5442 4802//5418
f 4811//5427 4826//5439 4831//5443
f 4803//5413 4825//5437 4833//5444
f 4817//5419 4830//5445 4823//5436
f 4822//5434 4832//5446 4825//5437
f 4803//5413 4833//5444 4826//5439
f 4809//5425 4834//5447 4821//5435
f 4809//5425 4829//5442 4834//5447
f 4823//5436 4830//5445 4828//5440
f 4817//5419 4827//5441 4830//5445
f 6266//5448 4839//5449 4838//5450
f 4835//5451 4841//5452 4842//5453
f 4825//5437 4840//5454 4833//5444
f 4822//5434 4843//5455 4832//5446
f 4725//5343 4743//5360 4829//5442
f 4835//5451 4836//5456 4841//5452
f 4821//5435 4834//5447 4844//5457
f 4828//5440 4843//5455 4822//5434
f 4821//5435 4844//5457 4827//5441
f 6268//5458 4849//5459 6311//5460
f 4826//5439 4845//5461 4831//5443
f 6268//5458 4846//5462 4849//5459
f 4830//5445 4848//5463 4828//5440
f 4839//5449 4850//5464 4838//5450
f 4833//5444 4840//5454 4857//5465
f 4832//5446 4843//5455 4865//5466
f 4825//5437 4865//5466 4840//5454
f 4832//5446 4865//5466 4825//5437
f 4836//5456 4851//5467 4841//5452
f 6311//5460 4859//5468 4839//5449
f 4847//5469 4853//5470 4846//5462
f 4786//5471 4854//5472 4852//5473
f 4846//5462 4862//5474 4849//5459
f 6311//5460 4849//5459 4859//5468
f 4827//5441 4855//5475 4830//5445
f 4828//5440 4856//5476 4843//5455
f 4836//5456 4837//5477 4851//5467
f 4833//5444 4857//5465 4826//5439
f 4847//5469 4852//5473 4853//5470
f 4828//5440 4848//5463 4856//5476
f 4827//5441 4844//5457 4855//5475
f 4826//5439 4863//5478 4845//5461
f 4838//5450 4860//5479 4837//5477
f 4831//5443 4845//5461 4858//5480
f 4839//5449 4859//5468 4850//5464
f 4837//5477 4860//5479 4851//5467
f 4843//5455 4861//5481 4865//5466
f 4838//5450 4850//5464 4860//5479
f 4826//5439 4857//5465 4863//5478
f 4846//5462 4853//5470 4862//5474
f 4841//5452 4864//5482 4842//5453
f 4852//5473 4854//5472 4853//5470
f 4830//5445 4855//5475 4848//5463
f 4843//5455 4856//5476 4861//5481
f 4840//5454 4872//5483 4857//5465
f 4841//5452 4851//5467 4864//5482
f 4844//5457 4866//5484 4855//5475
f 4840//5454 4865//5466 4872//5483
f 4850//5464 4867//5485 4860//5479
f 4844//5457 4868//5486 4866//5484
f 4743//5360 4758//5369 4829//5442
f 4829//5442 4758//5369 4869//5487
f 4829//5442 4869//5487 4834//5447
f 4845//5461 4863//5478 4858//5480
f 4834//5447 4868//5486 4844//5457
f 4850//5464 4859//5468 4867//5485
f 4870//5488 4853//5470 4854//5472
f 4862//5474 4873//5489 4849//5459
f 4863//5478 4875//5490 4858//5480
f 4853//5470 4871//5491 4862//5474
f 4865//5466 4861//5481 4878//5492
f 4851//5467 4876//5493 4864//5482
f 4857//5465 4881//5494 4863//5478
f 4849//5459 4874//5495 4859//5468
f 4853//5470 4870//5488 4871//5491
f 4860//5479 4876//5493 4851//5467
f 4834//5447 4869//5487 4868//5486
f 4860//5479 4867//5485 4877//5496
f 4849//5459 4873//5489 4874//5495
f 4860//5479 4877//5496 4876//5493
f 4857//5465 4872//5483 4881//5494
f 4865//5466 4878//5492 4872//5483
f 4761//5370 4869//5487 4758//5369
f 4856//5476 4879//5497 4861//5481
f 4862//5474 4871//5491 4873//5489
f 4859//5468 4874//5495 4867//5485
f 4863//5478 4881//5494 4875//5490
f 4867//5485 4891//5498 4877//5496
f 4848//5463 4855//5475 4880//5499
f 4861//5481 4894//5500 4878//5492
f 4864//5482 4882//5501 4842//5453
f 4842//5453 4882//5501 4883//5502
f 6803//5503 4871//5491 4870//5488
f 4872//5483 4885//5504 4881//5494
f 4864//5482 4876//5493 4882//5501
f 4856//5476 4886//5505 4879//5497
f 4848//5463 4886//5505 4856//5476
f 4874//5495 4887//5506 4867//5485
f 4876//5493 4877//5496 4884//5507
f 4858//5480 4875//5490 4888//5508
f 4874//5495 4873//5489 4887//5506
f 4848//5463 4880//5499 4886//5505
f 4861//5481 4890//5509 4894//5500
f 4877//5496 4891//5498 4884//5507
f 4872//5483 4878//5492 4889//5510
f 4761//5370 4892//5511 4869//5487
f 4861//5481 4879//5497 4890//5509
f 4867//5485 4887//5506 4895//5512
f 4871//5491 4893//5513 4873//5489
f 6803//5503 4893//5513 4871//5491
f 4855//5475 4866//5484 4880//5499
f 4869//5487 4892//5511 4868//5486
f 4872//5483 4889//5510 4885//5504
f 4867//5485 4895//5512 4891//5498
f 4876//5493 4884//5507 4882//5501
f 4873//5489 4893//5513 4896//5514
f 4873//5489 4896//5514 4887//5506
f 4878//5492 4894//5500 4889//5510
f 4881//5494 4885//5504 4900//5515
f 4884//5507 4891//5498 4897//5516
f 4891//5498 4895//5512 4898//5517
f 4882//5501 4899//5518 4883//5502
f 4761//5370 4599//5206 4892//5511
f 4875//5490 4900//5515 4888//5508
f 6952//5519 4893//5513 6909//5520
f 4884//5507 4901//5521 4882//5501
f 4881//5494 4900//5515 4875//5490
f 4887//5506 4902//5522 4895//5512
f 4893//5513 6952//5519 4896//5514
f 4891//5498 4898//5517 4897//5516
f 4868//5486 4903//5523 4866//5484
f 4887//5506 4896//5514 4902//5522
f 4884//5507 4897//5516 4901//5521
f 4882//5501 4901//5521 4899//5518
f 4889//5510 4904//5524 4885//5504
f 4886//5505 4907//5525 4879//5497
f 4880//5499 4905//5526 4886//5505
f 7088//5527 4896//5514 6952//5519
f 4895//5512 4902//5522 4906//5528
f 4895//5512 4906//5528 4898//5517
f 4898//5517 4910//5529 4897//5516
f 4879//5497 4907//5525 4890//5509
f 4866//5484 4905//5526 4880//5499
f 4889//5510 4894//5500 4904//5524
f 4900//5515 4908//5530 4888//5508
f 4888//5508 4908//5530 4909//5531
f 7088//5527 4902//5522 4896//5514
f 4897//5516 4910//5529 4901//5521
f 4866//5484 4903//5523 4905//5526
f 4898//5517 4906//5528 4910//5529
f 4599//5206 4612//5227 4892//5511
f 4890//5509 4907//5525 4918//5532
f 4868//5486 4892//5511 4903//5523
f 4899//5518 4901//5521 4911//5533
f 4899//5518 4911//5533 4883//5502
f 4894//5500 4890//5509 4913//5534
f 4883//5502 4911//5533 4912//5535
f 4894//5500 4913//5534 4904//5524
f 4885//5504 4914//5536 4900//5515
f 4886//5505 4915//5537 4907//5525
f 4892//5511 4916//5538 4903//5523
f 4885//5504 4904//5524 4914//5536
f 4890//5509 4918//5532 4913//5534
f 4901//5521 4919//5539 4911//5533
f 4900//5515 4914//5536 4921//5540
f 4910//5529 4917//5541 4901//5521
f 4902//5522 4920//5542 4906//5528
f 4900//5515 4921//5540 4908//5530
f 4886//5505 4905//5526 4915//5537
f 4901//5521 4917//5541 4919//5539
f 4906//5528 4920//5542 4922//5543
f 4906//5528 4922//5543 4910//5529
f 4902//5522 7189//5544 4920//5542
f 4903//5523 4923//5545 4905//5526
f 4910//5529 4922//5543 4925//5546
f 4892//5511 4612//5227 4916//5538
f 4919//5539 4924//5547 4911//5533
f 4911//5533 4924//5547 4912//5535
f 4904//5524 4913//5534 4926//5548
f 4910//5529 4925//5546 4917//5541
f 7189//5544 4927//5549 4920//5542
f 4919//5539 4928//5550 4924//5547
f 4919//5539 4917//5541 4928//5550
f 4905//5526 4923//5545 4937//5551
f 4635//5249 4916//5538 4612//5227
f 4920//5542 4929//5552 4922//5543
f 4927//5549 4929//5552 4920//5542
f 6760//5553 4929//5552 4927//5549
f 4925//5546 4922//5543 4934//5554
f 4917//5541 4925//5546 4928//5550
f 4907//5525 4930//5555 4918//5532
f 4916//5538 4931//5556 4903//5523
f 4904//5524 4932//5557 4914//5536
f 4903//5523 4933//5558 4923//5545
f 4931//5556 4933//5558 4903//5523
f 4924//5547 4928//5550 4935//5559
f 4925//5546 4934//5554 4928//5550
f 4904//5524 4926//5548 4932//5557
f 4908//5530 4936//5560 4909//5531
f 4905//5526 4937//5551 4915//5537
f 4907//5525 4915//5537 4930//5555
f 4922//5543 4929//5552 4934//5554
f 4924//5547 4939//5561 4912//5535
f 4912//5535 4939//5561 4940//5562
f 4908//5530 4941//5563 4936//5560
f 4928//5550 4934//5554 4938//5564
f 4924//5547 4935//5559 4939//5561
f 4928//5550 4938//5564 4935//5559
f 4921//5540 4914//5536 4941//5563
f 4908//5530 4921//5540 4941//5563
f 4916//5538 4635//5249 4931//5556
f 6760//5553 6801//5565 4929//5552
f 4935//5559 4942//5566 4939//5561
f 4929//5552 4943//5567 4934//5554
f 4934//5554 4943//5567 4946//5568
f 6801//5565 4943//5567 4929//5552
f 4914//5536 4944//5569 4941//5563
f 4923//5545 4945//5570 4937//5551
f 4934//5554 4946//5568 4938//5564
f 4915//5537 4947//5571 4930//5555
f 4938//5564 4948//5572 4935//5559
f 4914//5536 4932//5557 4944//5569
f 4918//5532 4949//5573 4913//5534
f 4935//5559 4948//5572 4942//5566
f 6830//5574 4943//5567 6801//5565
f 4939//5561 4950//5575 4940//5562
f 4941//5563 4952//5576 4936//5560
f 4936//5560 4952//5576 4953//5577
f 4938//5564 4951//5578 4948//5572
f 4915//5537 4937//5551 4947//5571
f 4938//5564 4946//5568 4951//5578
f 4926//5548 4913//5534 4956//5579
f 4939//5561 4942//5566 4950//5575
f 4918//5532 4930//5555 4949//5573
f 4923//5545 4933//5558 4945//5570
f 4948//5572 4951//5578 4955//5580
f 4948//5572 4955//5580 4942//5566
f 4946//5568 4954//5581 4951//5578
f 4913//5534 4972//5582 4956//5579
f 4930//5555 4947//5571 4957//5583
f 6830//5574 4954//5581 4943//5567
f 4943//5567 4954//5581 4946//5568
f 4926//5548 4956//5579 4932//5557
f 4635//5249 4639//5263 4931//5556
f 4930//5555 4957//5583 4949//5573
f 4937//5551 4958//5584 4947//5571
f 4913//5534 4949//5573 4972//5582
f 6830//5574 6832//5585 4954//5581
f 4937//5551 4945//5570 4958//5584
f 4942//5566 4955//5580 4950//5575
f 6878//5586 4954//5581 6832//5585
f 4951//5578 4960//5587 4959//5588
f 4954//5581 4960//5587 4951//5578
f 4940//5562 4950//5575 4961//5589
f 4951//5578 4962//5590 4955//5580
f 6878//5586 4960//5587 4954//5581
f 4951//5578 4959//5588 4962//5590
f 4932//5557 4963//5591 4944//5569
f 4955//5580 4965//5592 4950//5575
f 4955//5580 4962//5590 4965//5592
f 4944//5569 4964//5593 4941//5563
f 4941//5563 4964//5593 4952//5576
f 4950//5575 4965//5592 4961//5589
f 4932//5557 4956//5579 4963//5591
f 4965//5592 4966//5594 4961//5589
f 4931//5556 4967//5595 4933//5558
f 4967//5595 4974//5596 4933//5558
f 4933//5558 4974//5596 4945//5570
f 6878//5586 4959//5588 4960//5587
f 4952//5576 4968//5597 4953//5577
f 6898//5598 4959//5588 6878//5586
f 4959//5588 4969//5599 4962//5590
f 4931//5556 4639//5263 4967//5595
f 4947//5571 4958//5584 4975//5600
f 4962//5590 4971//5601 4965//5592
f 4966//5594 4965//5592 4970//5602
f 6898//5598 6944//5603 4959//5588
f 4962//5590 4969//5599 4971//5601
f 6944//5603 4969//5599 4959//5588
f 4952//5576 4964//5593 4968//5597
f 4965//5592 4971//5601 4970//5602
f 4966//5594 4973//5604 4961//5589
f 4945//5570 4974//5596 4958//5584
f 4966//5594 4970//5602 4973//5604
f 6981//5605 4969//5599 6944//5603
f 4944//5569 4977//5606 4964//5593
f 4971//5601 4978//5607 4970//5602
f 4970//5602 4979//5608 4973//5604
f 4956//5579 4976//5609 4963//5591
f 4963//5591 4977//5606 4944//5569
f 4971//5601 4981//5610 4978//5607
f 4949//5573 4982//5611 4972//5582
f 4956//5579 4972//5582 4976//5609
f 4970//5602 4978//5607 4979//5608
f 4971//5601 4969//5599 4981//5610
f 4963//5591 4976//5609 4977//5606
f 4979//5608 4983//5612 4973//5604
f 4964//5593 4977//5606 4980//5613
f 6981//5605 7005//5614 4969//5599
f 4969//5599 7005//5614 4981//5610
f 4947//5571 4986//5615 4957//5583
f 4639//5263 4673//5284 4967//5595
f 4957//5583 4982//5611 4949//5573
f 4947//5571 4975//5600 4986//5615
f 4981//5610 4985//5616 4978//5607
f 4973//5604 4983//5612 4984//5617
f 4978//5607 4985//5616 4979//5608
f 4957//5583 4986//5615 4982//5611
f 4964//5593 4997//5618 4968//5597
f 7005//5614 4988//5619 4981//5610
f 4981//5610 4988//5619 4985//5616
f 4979//5608 4989//5620 4983//5612
f 4964//5593 4980//5613 4997//5618
f 4975//5600 4958//5584 4987//5621
f 4974//5596 4967//5595 4993//5622
f 4985//5616 4989//5620 4979//5608
f 4985//5616 4990//5623 4989//5620
f 4972//5582 4991//5624 4976//5609
f 4983//5612 4992//5625 4984//5617
f 4983//5612 4989//5620 4992//5625
f 4688//5298 4996//5626 4673//5284
f 4673//5284 4996//5626 4967//5595
f 4985//5616 7070//5627 4990//5623
f 4988//5619 7070//5627 4985//5616
f 4958//5584 4993//5622 4987//5621
f 4974//5596 4993//5622 4958//5584
f 4989//5620 4994//5628 4992//5625
f 7053//5629 4990//5623 7070//5627
f 4989//5620 4995//5630 4994//5628
f 4990//5623 4995//5630 4989//5620
f 7101//5631 4990//5623 7053//5629
f 4975//5600 4987//5621 4986//5615
f 7101//5631 4995//5630 4990//5623
f 4967//5595 4996//5626 4993//5622
f 4984//5617 4992//5625 4998//5632
f 4972//5582 4982//5611 4991//5624
f 4992//5625 4999//5633 4998//5632
f 4995//5630 5000//5634 4994//5628
f 4994//5628 4999//5633 4992//5625
f 7101//5631 5000//5634 4995//5630
f 4994//5628 5000//5634 4999//5633
f 4977//5606 5002//5635 4980//5613
f 4982//5611 5003//5636 4991//5624
f 4986//5615 5001//5637 4982//5611
f 5000//5634 5004//5638 4999//5633
f 4976//5609 5002//5635 4977//5606
f 4688//5298 5014//5639 4996//5626
f 4953//5577 4968//5597 5006//5640
f 7114//5641 5004//5638 5000//5634
f 4999//5633 5007//5642 4998//5632
f 4999//5633 5004//5638 5008//5643
f 4999//5633 5008//5643 5007//5642
f 4987//5621 4993//5622 5005//5644
f 7161//5645 5004//5638 7114//5641
f 4982//5611 5001//5637 5003//5636
f 4976//5609 4991//5624 5002//5635
f 5004//5638 5009//5646 5008//5643
f 5008//5643 5010//5647 5007//5642
f 7161//5645 5009//5646 5004//5638
f 4968//5597 5011//5648 5006//5640
f 4987//5621 5012//5649 4986//5615
f 4998//5632 5007//5642 5013//5650
f 5008//5643 5009//5646 5010//5647
f 5007//5642 5010//5647 5013//5650
f 4996//5626 5014//5639 4993//5622
f 4968//5597 4997//5618 5011//5648
f 5009//5646 5017//5651 5010//5647
f 4991//5624 5015//5652 5002//5635
f 7174//5653 5017//5651 5009//5646
f 4980//5613 5020//5654 4997//5618
f 4987//5621 5005//5644 5012//5649
f 7203//5655 5017//5651 7174//5653
f 5010//5647 5016//5656 5013//5650
f 4986//5615 5038//5657 5001//5637
f 5010//5647 5017//5651 5016//5656
f 4688//5298 4705//5317 5014//5639
f 5013//5650 5016//5656 5018//5658
f 5017//5651 7212//5659 5016//5656
f 7203//5655 7212//5659 5017//5651
f 5016//5656 5019//5660 5018//5658
f 5016//5656 7212//5659 5019//5660
f 4997//5618 5020//5654 5011//5648
f 7212//5659 7205//5661 5019//5660
f 7209//5662 5024//5663 7205//5661
f 5002//5635 5021//5664 4980//5613
f 7205//5661 5024//5663 5019//5660
f 4980//5613 5021//5664 5020//5654
f 5019//5660 5022//5665 5018//5658
f 4991//5624 5023//5666 5015//5652
f 5019//5660 5024//5663 5022//5665
f 5003//5636 5023//5666 4991//5624
f 5002//5635 5015//5652 5021//5664
f 7218//5667 5024//5663 7209//5662
f 5018//5658 5022//5665 5025//5668
f 7218//5667 5026//5669 5024//5663
f 4986//5615 5012//5649 5038//5657
f 5024//5663 5026//5669 5022//5665
f 5022//5665 5026//5669 5025//5668
f 7218//5667 7224//5670 5026//5669
f 4993//5622 5043//5671 5005//5644
f 5026//5669 5028//5672 5025//5668
f 5025//5668 5028//5672 5027//5673
f 7224//5670 5028//5672 5026//5669
f 5028//5672 5029//5674 5027//5673
f 5027//5673 5029//5674 5030//5675
f 5028//5672 7228//5676 5029//5674
f 7228//5676 7232//5677 5029//5674
f 5030//5675 5031//5678 5032//5679
f 5029//5674 5031//5678 5030//5675
f 7232//5677 5031//5678 5029//5674
f 5031//5678 5033//5680 5032//5679
f 6686//5681 5031//5678 7232//5677
f 5003//5636 5001//5637 5023//5666
f 4993//5622 5014//5639 5043//5671
f 5031//5678 5034//5682 5033//5680
f 6686//5681 5034//5682 5031//5678
f 5034//5682 5035//5683 5033//5680
f 6684//5684 5035//5683 5034//5682
f 5032//5679 5033//5680 5037//5685
f 5033//5680 5035//5683 5037//5685
f 5039//5686 5037//5685 5035//5683
f 5037//5685 5039//5686 5040//5687
f 5039//5686 6749//5688 5040//5687
f 5040//5687 6749//5688 5041//5689
f 6752//5690 5041//5689 6749//5688
f 5040//5687 5041//5689 5042//5691
f 6752//5690 6764//5692 5041//5689
f 5041//5689 5044//5693 5042//5691
f 6764//5692 5044//5693 5041//5689
f 5045//5694 5044//5693 6764//5692
f 6772//5695 5044//5693 5045//5694
f 5020//5654 5021//5664 5036//5696
f 5042//5691 5044//5693 4807//5424
f 4810//5697 4804//5422 6772//5695
f 5044//5693 4804//5422 4807//5424
f 6772//5695 4804//5422 5044//5693
f 5015//5652 5046//5698 5021//5664
f 4804//5422 4810//5697 4814//5429
f 4814//5429 4810//5697 4813//5699
f 5011//5648 5048//5700 5050//5701
f 4813//5699 5049//5702 4814//5429
f 5011//5648 5050//5701 5006//5640
f 4813//5699 5053//5703 5049//5702
f 5047//5704 5053//5703 4813//5699
f 5020//5654 5048//5700 5011//5648
f 5001//5637 5051//5705 5023//5666
f 5014//5639 5054//5706 5043//5671
f 5047//5704 5056//5707 5053//5703
f 5052//5708 5056//5707 5047//5704
f 5020//5654 5036//5696 5048//5700
f 5001//5637 5038//5657 5051//5705
f 5014//5639 4733//5346 5054//5706
f 5012//5649 5055//5709 5038//5657
f 5049//5702 5059//5710 4814//5429
f 4705//5317 4733//5346 5014//5639
f 5012//5649 5058//5711 5055//5709
f 4814//5429 5059//5710 4807//5424
f 4807//5424 5059//5710 5060//5712
f 5052//5708 5057//5713 5062//5714
f 5005//5644 5058//5711 5012//5649
f 5005//5644 5043//5671 5058//5711
f 5052//5708 5062//5714 5056//5707
f 5057//5713 5061//5715 5064//5716
f 5015//5652 5023//5666 5046//5698
f 5021//5664 5046//5698 5072//5717
f 5021//5664 5072//5717 5036//5696
f 5038//5657 5066//5718 5051//5705
f 5063//5719 5068//5720 5061//5715
f 5057//5713 5064//5716 5062//5714
f 5038//5657 5055//5709 5066//5718
f 5036//5696 5067//5721 5048//5700
f 4731//5344 5054//5706 4733//5346
f 5061//5715 5068//5720 5070//5722
f 5061//5715 5070//5722 5064//5716
f 5053//5703 5080//5723 5049//5702
f 5023//5666 5075//5724 5046//5698
f 5053//5703 5076//5725 5080//5723
f 5048//5700 5073//5726 5050//5701
f 5069//5727 5077//5728 5065//5729
f 5006//5640 5050//5701 5078//5730
f 5055//5709 5079//5731 5066//5718
f 5051//5705 5075//5724 5023//5666
f 5056//5707 5076//5725 5053//5703
f 5055//5709 5058//5711 5079//5731
f 5043//5671 5054//5706 5074//5732
f 5056//5707 5082//5733 5076//5725
f 5049//5702 5081//5734 5059//5710
f 5048//5700 5067//5721 5073//5726
f 5062//5714 5082//5733 5056//5707
f 4731//5344 5088//5735 5054//5706
f 5050//5701 5083//5736 5078//5730
f 5049//5702 5080//5723 5081//5734
f 5065//5729 5077//5728 5063//5719
f 5043//5671 5086//5737 5058//5711
f 5064//5716 5087//5738 5062//5714
f 5050//5701 5073//5726 5083//5736
f 5043//5671 5074//5732 5086//5737
f 5059//5710 5085//5739 5060//5712
f 5058//5711 5086//5737 5079//5731
f 5064//5716 5070//5722 5087//5738
f 5051//5705 5066//5718 5094//5740
f 5059//5710 5081//5734 5085//5739
f 5054//5706 5088//5735 5074//5732
f 5036//5696 5072//5717 5067//5721
f 5046//5698 5092//5741 5072//5717
f 5063//5719 5089//5742 5068//5720
f 5068//5720 5090//5743 5070//5722
f 5063//5719 5077//5728 5089//5742
f 5046//5698 5091//5744 5092//5741
f 5071//5745 5099//5746 5069//5727
f 5069//5727 5099//5746 5077//5728
f 4731//5344 4753//5366 5088//5735
f 5051//5705 5094//5740 5075//5724
f 5073//5726 5095//5747 5083//5736
f 5075//5724 5091//5744 5046//5698
f 5067//5721 5093//5748 5073//5726
f 5062//5714 5087//5738 5082//5733
f 5084//5749 5096//5750 5071//5745
f 5071//5745 5096//5750 5099//5746
f 5073//5726 5093//5748 5095//5747
f 5075//5724 5094//5740 5091//5744
f 5072//5717 5097//5751 5067//5721
f 5088//5735 5098//5752 5074//5732
f 5074//5732 5098//5752 5086//5737
f 5068//5720 5089//5742 5090//5743
f 5070//5722 5100//5753 5087//5738
f 5079//5731 5101//5754 5066//5718
f 5072//5717 5092//5741 5097//5751
f 5082//5733 5102//5755 5076//5725
f 5070//5722 5090//5743 5100//5753
f 5079//5731 5086//5737 5101//5754
f 5103//5756 5096//5750 5084//5749
f 5088//5735 4753//5366 5114//5757
f 5077//5728 5122//5758 5089//5742
f 5076//5725 5105//5759 5080//5723
f 5087//5738 5106//5760 5082//5733
f 5086//5737 5107//5761 5101//5754
f 5077//5728 5099//5746 5122//5758
f 5080//5723 5108//5762 5081//5734
f 5087//5738 5100//5753 5106//5760
f 5083//5736 5109//5763 5078//5730
f 5081//5734 5110//5764 5085//5739
f 5092//5741 5091//5744 5112//5765
f 5066//5718 5111//5766 5094//5740
f 5092//5741 5112//5765 5097//5751
f 5094//5740 5113//5767 5091//5744
f 5088//5735 5114//5757 5098//5752
f 5083//5736 5095//5747 5109//5763
f 5060//5712 5115//5768 5116//5769
f 5085//5739 5115//5768 5060//5712
f 5086//5737 5098//5752 5107//5761
f 5080//5723 5105//5759 5108//5762
f 5082//5733 5106//5760 5102//5755
f 5066//5718 5101//5754 5111//5766
f 5067//5721 5117//5770 5093//5748
f 5085//5739 5110//5764 5115//5768
f 5094//5740 5111//5766 5113//5767
f 5076//5725 5102//5755 5105//5759
f 5067//5721 5097//5751 5117//5770
f 5095//5747 5118//5771 5109//5763
f 5099//5746 5119//5772 5122//5758
f 5081//5734 5108//5762 5110//5764
f 5100//5753 5120//5773 5106//5760
f 5091//5744 5121//5774 5112//5765
f 5095//5747 5093//5748 5118//5771
f 4753//5366 4760//5371 5114//5757
f 5091//5744 5113//5767 5104//5775
f 5091//5744 5104//5775 5121//5774
f 5100//5753 5090//5743 5120//5773
f 5096//5750 5119//5772 5099//5746
f 5097//5751 5112//5765 5124//5776
f 5093//5748 5123//5777 5118//5771
f 5097//5751 5124//5776 5117//5770
f 5102//5755 5106//5760 5125//5778
f 5117//5770 5123//5777 5093//5748
f 5102//5755 5125//5778 5105//5759
f 4760//5371 5126//5779 5114//5757
f 5089//5742 5129//5780 5090//5743
f 5098//5752 5127//5781 5107//5761
f 5114//5757 5127//5781 5098//5752
f 5090//5743 5131//5782 5120//5773
f 4608//5209 5126//5779 4760//5371
f 5089//5742 5122//5758 5129//5780
f 5078//5730 5109//5763 5128//5783
f 5101//5754 5130//5784 5111//5766
f 5090//5743 5129//5780 5131//5782
f 5111//5766 5130//5784 5113//5767
f 5107//5761 5134//5785 5101//5754
f 5109//5763 5132//5786 5128//5783
f 5107//5761 5127//5781 5134//5785
f 5101//5754 5134//5785 5130//5784
f 5109//5763 5118//5771 5132//5786
f 5115//5768 5135//5787 5116//5769
f 5106//5760 5120//5773 5136//5788
f 5105//5759 5133//5789 5108//5762
f 5106//5760 5136//5788 5125//5778
f 5119//5772 5146//5790 5122//5758
f 5108//5762 5143//5791 5110//5764
f 5096//5750 5137//5792 5119//5772
f 5103//5756 5137//5792 5096//5750
f 5104//5775 5138//5793 5121//5774
f 5105//5759 5139//5794 5133//5789
f 5121//5774 5140//5795 5112//5765
f 5119//5772 5154//5796 5146//5790
f 5112//5765 5141//5797 5124//5776
f 5118//5771 5123//5777 5132//5786
f 5108//5762 5133//5789 5143//5791
f 5113//5767 5138//5793 5104//5775
f 5114//5757 5142//5798 5127//5781
f 5110//5764 5143//5791 5115//5768
f 5120//5773 5144//5799 5136//5788
f 5125//5778 5136//5788 5147//5800
f 5105//5759 5125//5778 5139//5794
f 5114//5757 5126//5779 5142//5798
f 5119//5772 5137//5792 5154//5796
f 5117//5770 5145//5801 5123//5777
f 5112//5765 5140//5795 5141//5797
f 5113//5767 5130//5784 5138//5793
f 5120//5773 5131//5782 5144//5799
f 5122//5758 5146//5790 5129//5780
f 5117//5770 5124//5776 5145//5801
f 5125//5778 5147//5800 5139//5794
f 5148//5802 5137//5792 5103//5756
f 5123//5777 5149//5803 5132//5786
f 5126//5779 4607//5208 5142//5798
f 4608//5209 4607//5208 5126//5779
f 5127//5781 5142//5798 5151//5804
f 5115//5768 5143//5791 5135//5787
f 5139//5794 5152//5805 5133//5789
f 5121//5774 5138//5793 5140//5795
f 5123//5777 5145//5801 5149//5803
f 5130//5784 5150//5806 5138//5793
f 5127//5781 5151//5804 5134//5785
f 5133//5789 5152//5805 5143//5791
f 5136//5788 5153//5807 5147//5800
f 5138//5793 5155//5808 5140//5795
f 5129//5780 5156//5809 5131//5782
f 5124//5776 5141//5797 5145//5801
f 5129//5780 5146//5790 5158//5810
f 5129//5780 5158//5810 5156//5809
f 5132//5786 5159//5811 5128//5783
f 5141//5797 5160//5812 5145//5801
f 5132//5786 5149//5803 5157//5813
f 5139//5794 5161//5814 5152//5805
f 5142//5798 5162//5815 5151//5804
f 5116//5769 5163//5816 5164//5817
f 5135//5787 5163//5816 5116//5769
f 5132//5786 5157//5813 5159//5811
f 5147//5800 5161//5814 5139//5794
f 5130//5784 5174//5818 5150//5806
f 5140//5795 5165//5819 5141//5797
f 5141//5797 5165//5819 5160//5812
f 5131//5782 5166//5820 5144//5799
f 5130//5784 5134//5785 5174//5818
f 5151//5804 5162//5815 5176//5821
f 5147//5800 5153//5807 5161//5814
f 5146//5790 5154//5796 5158//5810
f 5155//5808 5165//5819 5140//5795
f 5135//5787 5168//5822 5163//5816
f 5131//5782 5156//5809 5166//5820
f 5138//5793 5150//5806 5155//5808
f 5134//5785 5151//5804 5169//5823
f 5149//5803 5173//5824 5157//5813
f 5134//5785 5169//5823 5174//5818
f 5152//5805 5161//5814 5167//5825
f 5135//5787 5143//5791 5168//5822
f 5145//5801 5170//5826 5149//5803
f 5148//5802 5171//5827 5137//5792
f 5158//5810 5172//5828 5156//5809
f 5136//5788 5144//5799 5153//5807
f 5145//5801 5160//5812 5170//5826
f 5152//5805 5175//5829 5143//5791
f 4607//5208 4632//5241 5142//5798
f 5142//5798 4632//5241 5162//5815
f 5152//5805 5167//5825 5175//5829
f 5143//5791 5175//5829 5168//5822
f 5150//5806 5180//5830 5155//5808
f 5151//5804 5176//5821 5169//5823
f 5150//5806 5174//5818 5180//5830
f 5144//5799 5177//5831 5153//5807
f 5153//5807 5178//5832 5161//5814
f 5154//5796 5179//5833 5158//5810
f 5137//5792 5181//5834 5154//5796
f 5171//5827 5181//5834 5137//5792
f 5154//5796 5181//5834 5179//5833
f 5128//5783 5159//5811 5182//5835
f 5160//5812 5165//5819 5190//5836
f 5160//5812 5190//5836 5170//5826
f 5144//5799 5166//5820 5177//5831
f 5158//5810 5183//5837 5172//5828
f 5155//5808 5192//5838 5165//5819
f 5149//5803 5170//5826 5184//5839
f 5149//5803 5184//5839 5173//5824
f 5155//5808 5180//5830 5192//5838
f 5158//5810 5179//5833 5183//5837
f 5161//5814 5185//5840 5167//5825
f 5159//5811 5186//5841 5182//5835
f 5162//5815 5187//5842 5176//5821
f 5159//5811 5157//5813 5186//5841
f 5163//5816 5189//5843 5164//5817
f 5153//5807 5177//5831 5178//5832
f 5175//5829 5201//5844 5168//5822
f 5174//5818 5191//5845 5180//5830
f 5168//5822 5189//5843 5163//5816
f 5169//5823 5176//5821 5191//5845
f 4632//5241 4634//5243 5162//5815
f 5166//5820 5193//5846 5177//5831
f 5169//5823 5191//5845 5174//5818
f 5176//5821 5187//5842 5199//5847
f 5170//5826 5194//5848 5184//5839
f 5157//5813 5195//5849 5186//5841
f 5171//5827 5188//5850 5181//5834
f 5167//5825 5200//5851 5175//5829
f 5161//5814 5178//5832 5185//5840
f 5173//5824 5184//5839 5195//5849
f 5170//5826 5190//5836 5194//5848
f 5173//5824 5195//5849 5157//5813
f 5167//5825 5196//5852 5200//5851
f 5165//5819 5197//5853 5190//5836
f 5156//5809 5198//5854 5166//5820
f 5166//5820 5198//5854 5193//5846
f 5176//5821 5199//5847 5191//5845
f 5175//5829 5200//5851 5201//5844
f 5168//5822 5201//5844 5189//5843
f 5156//5809 5172//5828 5198//5854
f 5180//5830 5202//5855 5192//5838
f 5167//5825 5185//5840 5196//5852
f 5165//5819 5192//5838 5197//5853
f 5190//5836 5197//5853 5207//5856
f 5179//5833 5203//5857 5183//5837
f 5179//5833 5181//5834 5203//5857
f 4634//5243 4654//5266 5162//5815
f 5162//5815 4654//5266 5187//5842
f 5172//5828 5183//5837 5204//5858
f 5199//5847 5187//5842 5215//5859
f 5178//5832 5205//5860 5185//5840
f 5184//5839 5206//5861 5195//5849
f 5192//5838 5202//5855 5214//5862
f 5172//5828 5204//5858 5198//5854
f 5191//5845 5211//5863 5180//5830
f 5190//5836 5207//5856 5194//5848
f 5191//5845 5208//5864 5211//5863
f 5184//5839 5194//5848 5206//5861
f 5195//5849 5209//5865 5186//5841
f 5188//5850 5210//5866 5181//5834
f 5180//5830 5211//5863 5202//5855
f 5183//5837 5203//5857 5204//5858
f 5185//5840 5223//5867 5196//5852
f 5186//5841 5212//5868 5182//5835
f 5181//5834 5213//5869 5203//5857
f 5192//5838 5214//5862 5197//5853
f 5199//5847 5215//5859 5191//5845
f 5178//5832 5216//5870 5205//5860
f 5200//5851 5220//5871 5201//5844
f 5186//5841 5209//5865 5212//5868
f 5181//5834 5210//5866 5213//5869
f 5189//5843 5217//5872 5164//5817
f 5164//5817 5217//5872 5218//5873
f 5177//5831 5216//5870 5178//5832
f 5200//5851 5219//5874 5220//5871
f 5195//5849 5206//5861 5209//5865
f 5177//5831 5221//5875 5216//5870
f 5197//5853 5222//5876 5207//5856
f 5200//5851 5196//5852 5219//5874
f 5191//5845 5215//5859 5208//5864
f 5194//5848 5207//5856 5227//5877
f 5177//5831 5193//5846 5221//5875
f 5201//5844 5225//5878 5189//5843
f 5185//5840 5205//5860 5223//5867
f 5203//5857 5224//5879 5204//5858
f 5201//5844 5220//5871 5225//5878
f 5204//5858 5228//5880 5198//5854
f 5197//5853 5214//5862 5222//5876
f 5189//5843 5225//5878 5217//5872
f 5193//5846 5198//5854 5221//5875
f 5194//5848 5227//5877 5206//5861
f 5196//5852 5223//5867 5219//5874
f 5202//5855 5226//5881 5214//5862
f 5203//5857 5213//5869 5224//5879
f 5202//5855 5211//5863 5226//5881
f 5214//5862 5237//5882 5222//5876
f 5198//5854 5228//5880 5221//5875
f 5207//5856 5229//5883 5227//5877
f 5187//5842 4667//5283 5230//5884
f 4654//5266 4667//5283 5187//5842
f 5214//5862 5226//5881 5237//5882
f 5215//5859 5230//5884 5235//5885
f 5187//5842 5230//5884 5215//5859
f 5204//5858 5231//5886 5228//5880
f 5223//5867 5240//5887 5219//5874
f 5219//5874 5243//5888 5220//5871
f 5204//5858 5224//5879 5231//5886
f 5182//5835 5212//5868 5232//5889
f 5221//5875 5233//5890 5216//5870
f 5213//5869 5234//5891 5224//5879
f 5207//5856 5222//5876 5229//5883
f 5221//5875 5228//5880 5233//5890
f 5215//5859 5235//5885 5208//5864
f 5209//5865 5236//5892 5212//5868
f 4616//5302 5213//5869 5210//5866
f 5212//5868 5239//5893 5232//5889
f 5219//5874 5240//5887 5243//5888
f 5222//5876 5241//5894 5229//5883
f 5216//5870 5242//5895 5205//5860
f 5212//5868 5236//5892 5239//5893
f 5226//5881 5211//5863 5238//5896
f 5217//5872 5244//5897 5218//5873
f 5222//5876 5237//5882 5241//5894
f 5216//5870 5233//5890 5242//5895
f 5217//5872 5225//5878 5244//5897
f 5209//5865 5245//5898 5236//5892
f 5223//5867 5246//5899 5240//5887
f 5211//5863 5208//5864 5247//5900
f 5211//5863 5247//5900 5238//5896
f 5206//5861 5245//5898 5209//5865
f 5226//5881 5238//5896 5237//5882
f 5205//5860 5246//5899 5223//5867
f 5220//5871 5252//5901 5225//5878
f 5228//5880 5249//5902 5233//5890
f 5205//5860 5242//5895 5246//5899
f 5220//5871 5243//5888 5252//5901
f 5208//5864 5250//5903 5247//5900
f 5206//5861 5251//5372 5245//5898
f 5231//5886 5248//5904 5228//5880
f 5227//5877 5251//5372 5206//5861
f 5228//5880 5248//5904 5249//5902
f 5229//5883 5241//5894 5253//5905
f 5208//5864 5235//5885 5250//5903
f 5224//5879 5260//5387 5231//5886
f 5229//5883 5253//5905 5227//5877
f 5227//5877 5253//5905 5251//5372
f 5225//5878 5252//5901 5244//5897
f 4616//5302 5263//5906 5213//5869
f 5213//5869 5263//5906 5234//5891
f 5233//5890 5255//5907 5242//5895
f 5224//5879 5234//5891 5260//5387
f 5233//5890 5249//5902 5255//5907
f 5242//5895 5256//5908 5246//5899
f 5240//5887 5246//5899 5254//5909
f 5243//5888 5258//5910 5252//5901
f 5230//5884 5259//5911 5235//5885
f 5238//5896 5257//5912 5237//5882
f 5231//5886 5260//5387 5248//5904
f 5236//5892 5261//5913 5239//5893
f 5242//5895 5255//5907 5256//5908
f 5237//5882 5269//5914 5241//5894
f 5245//5898 5261//5913 5236//5892
f 5230//5884 4689//5299 5259//5911
f 4667//5283 4689//5299 5230//5884
f 5237//5882 5257//5912 5269//5914
f 5240//5887 5264//5915 5243//5888
f 5248//5904 5262//5384 5249//5902
f 5240//5887 5254//5909 5264//5915
f 5234//5891 5263//5906 5260//5387
f 5243//5888 5264//5915 5258//5910
f 5238//5896 5265//5916 5257//5912
f 5235//5885 5266//5378 5250//5903
f 5247//5900 5250//5903 4775//5411
f 5238//5896 5247//5900 5265//5916
f 5244//5897 5267//5917 5218//5873
f 5259//5911 5266//5378 5235//5885
f 5218//5873 5267//5917 5268//5918
f 5248//5904 5271//5919 5262//5384
f 5245//5898 5251//5372 4771//5388
f 4616//5302 4690//5301 5263//5906
f 5246//5899 4780//5377 5254//5909
f 5260//5387 5271//5919 5248//5904
f 5255//5907 4766//5375 5256//5908
f 5247//5900 4775//5411 5265//5916
f 5253//5905 5241//5894 4763//5373
f 5249//5902 5270//5381 5255//5907
f 5246//5899 5256//5908 4780//5377
f 5253//5905 4763//5373 5251//5372
f 5255//5907 5270//5381 4766//5375
f 5244//5897 5252//5901 5267//5917
f 5249//5902 5262//5384 5270//5381
f 5245//5898 4771//5388 5261//5913
f 5254//5909 4764//5394 5264//5915
f 5250//5903 5272//5380 4775//5411
f 5239//5893 4770//5390 5232//5889
f 5254//5909 4780//5377 4764//5394
f 5241//5894 4762//5415 4763//5373
f 5257//5912 5265//5916 4774//5401
f 5250//5903 5266//5378 5272//5380
f 5252//5901 5273//5414 5267//5917
f 5259//5911 4772//5407 5266//5378
f 5239//5893 5261//5913 4770//5390
f 5269//5914 4782//5417 5241//5894
f 5241//5894 4782//5417 4762//5415
f 5252//5901 4769//5400 5273//5414
f 5256//5908 4766//5375 4780//5377
f 5252//5901 5258//5910 4769//5400
f 5257//5912 4774//5401 5269//5914
f 5269//5914 4774//5401 4782//5417
f 5263//5906 4768//5385 5260//5387
f 5264//5915 4764//5394 5258//5910
f 5270//5381 4767//5397 4766//5375
f 5271//5919 4777//5386 5262//5384
f 5232//5889 4770//5390 4787//5398
f 4690//5301 4768//5385 5263//5906
f 5265//5916 4765//5402 4774//5401
f 5270//5381 4776//5383 4767//5397
f 5261//5913 4771//5388 4770//5390
f 4689//5299 4698//5309 5259//5911
f 5259//5911 4698//5309 4772//5407
f 5266//5378 4772//5407 4778//5379
f 5251//5372 4781//5374 4771//5388
f 5258//5910 4764//5394 4769//5400
f 5267//5917 5273//5414 5268//5918
f 5271//5919 5260//5387 4777//5386
f 5273//5414 4773//5404 5268//5918
f 5268//5918 4773//5404 4784//5406
f 5265//5916 4775//5411 4765//5402
f 4804//5920 4814//5921 5274//5920
f 4814//5921 5275//5922 5274//5920
f 5275//3924 5276//3924 5274//3924
f 4814//5923 5276//5924 5275//5925
f 4814//5923 4806//5926 5276//5924
f 4806//5927 5274//5928 5276//5929
f 4806//5927 4804//5930 5274//5928
f 5027//5931 5278//5932 5025//5933
f 5030//5932 5278//5932 5027//5931
f 5279//5934 5042//5935 5280//5932
f 5042//5935 4807//5932 5280//5932
f 5300//5932 4787//5932 5277//5932
f 5300//5932 5232//5932 4787//5932
f 4807//5932 5060//5932 5280//5932
f 5280//5932 5060//5932 5281//5932
f 5018//5936 5282//5932 5013//5937
f 5025//5933 5282//5932 5018//5936
f 5300//5932 5182//5932 5232//5932
f 5060//5932 5116//5932 5281//5932
f 5281//5932 5116//5932 5283//5932
f 5300//5932 5128//5932 5182//5932
f 5116//5932 5164//5932 5283//5932
f 5278//5932 5282//5932 5025//5933
f 5032//5933 5278//5932 5030//5932
f 4973//5932 5282//5932 4961//5932
f 4984//5932 5282//5932 4973//5932
f 4998//5933 5282//5932 4984//5932
f 5013//5937 5282//5932 4998//5933
f 5300//5932 5078//5932 5128//5932
f 5164//5932 5218//5932 5283//5932
f 5300//5932 5006//5932 5078//5932
f 5218//5932 5268//5932 5283//5932
f 5283//5932 5268//5932 5300//5932
f 5268//5932 4784//5932 5300//5932
f 5300//5932 4953//5933 5006//5932
f 4784//5932 4811//5932 5300//5932
f 4811//5932 4831//5932 5300//5932
f 5300//5932 4936//5938 4953//5933
f 4842//5932 5282//5932 4835//5939
f 4831//5932 4858//5932 5300//5932
f 4883//5932 5282//5932 4842//5932
f 5300//5932 4909//5940 4936//5938
f 4912//5932 5282//5932 4883//5932
f 4940//5932 5282//5932 4912//5932
f 4961//5932 5282//5932 4940//5932
f 4858//5932 4888//5932 5300//5932
f 5300//5932 4888//5932 4909//5940
f 5285//5932 5282//5932 5284//5932
f 5286//5932 5282//5932 5285//5932
f 5287//5932 5282//5932 5286//5932
f 5288//5941 5282//5932 5287//5932
f 5289//5941 5282//5932 5288//5941
f 4835//5939 5282//5932 5289//5941
f 5037//5942 5278//5932 5032//5933
f 5291//5943 5282//5932 5290//5934
f 5292//5932 5282//5932 5291//5943
f 5284//5932 5282//5932 5292//5932
f 5294//5944 5282//5932 5293//5932
f 5295//5932 5282//5932 5294//5944
f 5296//5932 5282//5932 5295//5932
f 5297//5932 5282//5932 5296//5932
f 5298//5932 5282//5932 5297//5932
f 5299//5934 5282//5932 5298//5932
f 5290//5934 5282//5932 5299//5934
f 5037//5942 5040//5934 5278//5932
f 5040//5934 5279//5934 5278//5932
f 5040//5934 5042//5935 5279//5934
f 5301//5932 5300//5932 5313//5932
f 5302//5932 5300//5932 5301//5932
f 5303//5932 5300//5932 5302//5932
f 5304//5932 5300//5932 5303//5932
f 5305//5932 5300//5932 5304//5932
f 5306//5932 5300//5932 5305//5932
f 5307//5932 5300//5932 5306//5932
f 5308//5932 5300//5932 5307//5932
f 5309//5934 5300//5932 5308//5932
f 5293//5932 5300//5932 5309//5934
f 5282//5932 5300//5932 5293//5932
f 5310//5932 5300//5932 5277//5932
f 5311//5932 5300//5932 5310//5932
f 5312//5932 5300//5932 5311//5932
f 5313//5932 5300//5932 5312//5932
f 5283//5932 5300//5932 5280//5932
f 5281//5932 5283//5932 5280//5932
f 5280//5932 5278//5932 5279//5934
f 5280//5932 5282//5932 5278//5932
f 5280//5932 5300//5932 5282//5932
f 4695//5945 5314//5946 4707//5947
f 4648//5948 5315//5949 4645//5950
f 5314//5946 5316//5951 4707//5947
f 5315//5949 4513//5952 4645//5950
f 4645//5950 4513//5952 4573//5953
f 4573//5953 4513//5952 4559//5954
f 5084//5955 5317//5956 5103//5957
f 5103//5957 5317//5956 5148//5958
f 4707//5947 5318//5959 4704//5332
f 5148//5958 5317//5956 5171//5960
f 4559//5954 4513//5952 4540//5961
f 5316//5951 5318//5959 4707//5947
f 5171//5960 5317//5956 5188//5962
f 5188//5962 5317//5956 5210//5963
f 4704//5332 5318//5959 4685//5321
f 5210//5963 5317//5956 4616//5964
f 5318//5959 5319//5965 4685//5321
f 4685//5321 5319//5965 4677//5966
f 4677//5966 5319//5965 4665//5967
f 4616//5964 5317//5956 4617//5968
f 4665//5967 5319//5965 4658//5969
f 5317//5956 5314//5946 4617//5968
f 5319//5965 5315//5949 4658//5969
f 4617//5968 5314//5946 4695//5945
f 4658//5969 5315//5949 4648//5948
f 5320//5970 5322//5971 5323//5972
f 5327//5973 5329//5974 5328//5975
f 5341//5976 5342//5977 5334//5978
f 5343//5979 5344//5980 5335//5981
f 5348//5982 5349//5983 5339//5984
f 5348//5982 5325//5985 5349//5983
f 5321//5986 5351//5987 5341//5976
f 5343//5979 5339//5984 5352//5988
f 5324//5989 5354//5990 5799//5991
f 5353//5992 5326//5993 5354//5990
f 5330//5994 5806//5995 5340//5996
f 5337//5997 5326//5993 5353//5992
f 5329//5974 5327//5973 5355//5998
f 5324//5989 5799//5991 5356//5999
f 5350//6000 5333//6001 5332//6002
f 5340//5996 5338//6003 5337//5997
f 5357//6004 5332//6002 5346//6005
f 5357//6004 5346//6005 5345//6006
f 5358//6007 5323//5972 5350//6000
f 5353//5992 5354//5990 5324//5989
f 5359//6008 5320//5970 5323//5972
f 5360//6009 5334//5978 5331//6010
f 5361//6011 5339//5984 5343//5979
f 5362//6012 5341//5976 5334//5978
f 5363//6013 5343//5979 5335//5981
f 5364//6014 5321//5986 5341//5976
f 5365//6015 5321//5986 5364//6014
f 5365//6015 5336//6016 5321//5986
f 5367//6017 5327//5973 5325//5985
f 5367//6017 5325//5985 5348//5982
f 5368//6018 5330//5994 5340//5996
f 5369//6019 5345//6006 5330//5994
f 5370//6020 5350//6000 5332//6002
f 5371//6021 5340//5996 5337//5997
f 5372//6022 5340//5996 5371//6021
f 5359//6008 5323//5972 5358//6007
f 5367//6017 5355//5998 5327//5973
f 5365//6015 5335//5981 5336//6016
f 5362//6012 5334//5978 5360//6009
f 5374//6023 5339//5984 5361//6011
f 5374//6023 5348//5982 5339//5984
f 5364//6014 5341//5976 5362//6012
f 5375//6024 5343//5979 5363//6013
f 5366//6025 5353//5992 5324//5989
f 5368//6018 5340//5996 5372//6022
f 5377//6026 5355//5998 5367//6017
f 5337//5997 5353//5992 5366//6025
f 5369//6019 5330//5994 5368//6018
f 5370//6020 5332//6002 5357//6004
f 5375//6024 5361//6011 5343//5979
f 5379//6027 5357//6004 5345//6006
f 5379//6027 5345//6006 5369//6019
f 5380//6028 5350//6000 5370//6020
f 5380//6028 5358//6007 5350//6000
f 5380//6028 5359//6008 5358//6007
f 5381//6029 5347//6030 5373//6031
f 5381//6029 5331//6010 5347//6030
f 5360//6009 5331//6010 5376//6032
f 5382//6033 5361//6011 5375//6024
f 5383//6034 5335//5981 5365//6015
f 5383//6034 5363//6013 5335//5981
f 5384//6035 5364//6014 5362//6012
f 5385//6036 5365//6015 5364//6014
f 5385//6036 5364//6014 5384//6035
f 5367//6017 5348//5982 5374//6023
f 5376//6032 5331//6010 5381//6029
f 5386//6037 5368//6018 5372//6022
f 5387//6038 5337//5997 5366//6025
f 5388//6039 5369//6019 5368//6018
f 5389//6040 5380//6028 5370//6020
f 5390//6041 5324//5989 5356//5999
f 5390//6041 5356//5999 5378//6042
f 5393//6043 5362//6012 5360//6009
f 5391//6044 5361//6011 5382//6033
f 5391//6044 5374//6023 5361//6011
f 5375//6024 5363//6013 5383//6034
f 5392//6045 5367//6017 5374//6023
f 5392//6045 5377//6026 5367//6017
f 5366//6025 5324//5989 5390//6041
f 5393//6043 5360//6009 5376//6032
f 5388//6039 5368//6018 5386//6037
f 5395//6046 5370//6020 5357//6004
f 5396//6047 5362//6012 5393//6043
f 5395//6046 5357//6004 5379//6027
f 5397//6048 5371//6021 5337//5997
f 5397//6048 5337//5997 5387//6038
f 5388//6039 5379//6027 5369//6019
f 5398//6049 5372//6022 5371//6021
f 5398//6049 5371//6021 5397//6048
f 5400//6050 5382//6033 5375//6024
f 5401//6051 5365//6015 5385//6036
f 5401//6051 5383//6034 5365//6015
f 5396//6047 5384//6035 5362//6012
f 5403//6052 5375//6024 5383//6034
f 5399//6053 5385//6036 5384//6035
f 5392//6045 5374//6023 5391//6044
f 5404//6054 5376//6032 5381//6029
f 5402//6055 5381//6029 5373//6031
f 5405//6056 5366//6025 5390//6041
f 5386//6037 5372//6022 5398//6049
f 5406//6057 5379//6027 5388//6039
f 5407//6058 5387//6038 5366//6025
f 5408//6059 5388//6039 5386//6037
f 5401//6051 5403//6052 5383//6034
f 5399//6053 5384//6035 5396//6047
f 5409//6060 5370//6020 5395//6046
f 5409//6060 5389//6040 5370//6020
f 5410//6061 5378//6042 5394//6062
f 5411//6063 5385//6036 5399//6053
f 5410//6061 5390//6041 5378//6042
f 5400//6050 5375//6024 5403//6052
f 5413//6064 5382//6033 5400//6050
f 5413//6064 5391//6044 5382//6033
f 5414//6065 5392//6045 5391//6044
f 5404//6054 5381//6029 5402//6055
f 5404//6054 5393//6043 5376//6032
f 5416//6066 5386//6037 5398//6049
f 5412//6067 5396//6047 5393//6043
f 5407//6058 5366//6025 5405//6056
f 5417//6068 5395//6046 5379//6027
f 5417//6068 5379//6027 5406//6057
f 5418//6069 5397//6048 5387//6038
f 5418//6069 5387//6038 5407//6058
f 5419//6070 5388//6039 5408//6059
f 5420//6071 5400//6050 5403//6052
f 5412//6067 5393//6043 5404//6054
f 5421//6072 5401//6051 5385//6036
f 5421//6072 5385//6036 5411//6063
f 5419//6070 5406//6057 5388//6039
f 5423//6073 5403//6052 5401//6051
f 5411//6063 5399//6053 5396//6047
f 5414//6065 5391//6044 5413//6064
f 5415//6074 5392//6045 5414//6065
f 5424//6075 5402//6055 5422//6076
f 5428//6077 5405//6056 5390//6041
f 5421//6072 5423//6073 5401//6051
f 5425//6078 5386//6037 5416//6066
f 5425//6078 5408//6059 5386//6037
f 5426//6079 5397//6048 5418//6069
f 5426//6079 5398//6049 5397//6048
f 5427//6080 5409//6060 5395//6046
f 5427//6080 5395//6046 5417//6068
f 5420//6071 5403//6052 5423//6073
f 5428//6077 5390//6041 5410//6061
f 5430//6081 5413//6064 5400//6050
f 5430//6081 5400//6050 5420//6071
f 5431//6082 5396//6047 5412//6067
f 5432//6083 5411//6063 5396//6047
f 5433//6084 5414//6065 5413//6064
f 5424//6075 5404//6054 5402//6055
f 5433//6084 5415//6074 5414//6065
f 5416//6066 5398//6049 5426//6079
f 5434//6085 5404//6054 5424//6075
f 5435//6086 5406//6057 5419//6070
f 5435//6086 5417//6068 5406//6057
f 5436//6087 5408//6059 5425//6078
f 5437//6088 5420//6071 5423//6073
f 5436//6087 5419//6070 5408//6059
f 5438//6089 5412//6067 5404//6054
f 5439//6090 5421//6072 5411//6063
f 5429//6091 5409//6060 5427//6080
f 5440//6092 5410//6061 5394//6062
f 5441//6093 5423//6073 5421//6072
f 5445//6094 5405//6056 5428//6077
f 5432//6083 5396//6047 5431//6082
f 5442//6095 5433//6084 5413//6064
f 5442//6095 5413//6064 5430//6081
f 5439//6090 5441//6093 5421//6072
f 5443//6096 4618//5225 4524//5131
f 5444//6097 4618//5225 5443//6096
f 5446//6098 5416//6066 5426//6079
f 5447//6099 5419//6070 5436//6087
f 5448//6100 5405//6056 5445//6094
f 5449//6101 4618//5225 5444//6097
f 5448//6100 5407//6058 5405//6056
f 5449//6101 4633//5242 4618//5225
f 5450//6102 5425//6078 5416//6066
f 5437//6088 5423//6073 5441//6093
f 5438//6089 5404//6054 5434//6085
f 5439//6090 5411//6063 5432//6083
f 5452//6103 5420//6071 5437//6088
f 5452//6103 5430//6081 5420//6071
f 5431//6082 5412//6067 5438//6089
f 5453//6104 5426//6079 5418//6069
f 5454//6105 5427//6080 5417//6068
f 5454//6105 5417//6068 5435//6086
f 5455//6106 5428//6077 5410//6061
f 5456//6107 5432//6083 5431//6082
f 5455//6106 5410//6061 5440//6092
f 5454//6105 5429//6091 5427//6080
f 5440//6092 5394//6062 5451//6108
f 4643//5253 4633//5242 5449//6101
f 5457//6109 4651//5261 4643//5253
f 5448//6100 5418//6069 5407//6058
f 5458//6110 5449//6101 5444//6097
f 5460//6111 5434//6085 5424//6075
f 5445//6094 5428//6077 5455//6106
f 5461//6112 5437//6088 5441//6093
f 5459//6113 4643//5253 5449//6101
f 5460//6111 5438//6089 5434//6085
f 5446//6098 5426//6079 5453//6104
f 5462//6114 5439//6090 5432//6083
f 5464//5292 4674//5277 4651//5261
f 5464//5292 4651//5261 5457//6109
f 5465//6115 5444//6097 5443//6096
f 5450//6102 5416//6066 5446//6098
f 5465//6115 5443//6096 6649//6116
f 5459//6113 5449//6101 5458//6110
f 5466//6117 5419//6070 5447//6099
f 5467//6118 5430//6081 5452//6103
f 5468//6119 4643//5253 5459//6113
f 5466//6117 5435//6086 5419//6070
f 5467//6118 5442//6095 5430//6081
f 5469//6120 5418//6069 5448//6100
f 5436//6087 5425//6078 5450//6102
f 5463//6121 5424//6075 5422//6076
f 5453//6104 5418//6069 5469//6120
f 5472//6122 5454//6105 5435//6086
f 5474//6123 5438//6089 5460//6111
f 5468//6119 5457//6109 4643//5253
f 5458//6110 5444//6097 5465//6115
f 5460//6111 5424//6075 5470//6124
f 5476//6125 5457//6109 5468//6119
f 5462//6114 5432//6083 5456//6107
f 5452//6103 5437//6088 5461//6112
f 5474//6123 5431//6082 5438//6089
f 5479//6126 5439//6090 5462//6114
f 5479//6126 5441//6093 5439//6090
f 5478//6127 5459//6113 5458//6110
f 5480//6128 5456//6107 5431//6082
f 5481//6129 4681//5291 5464//5292
f 5482//6130 5446//6098 5453//6104
f 5470//6124 5424//6075 5463//6121
f 5476//6125 5464//5292 5457//6109
f 5471//6131 5442//6095 5467//6118
f 5484//6132 5458//6110 5465//6115
f 5475//6133 5465//6115 6649//6116
f 5479//6126 5461//6112 5441//6093
f 5483//6134 5436//6087 5450//6102
f 5478//6127 5468//6119 5459//6113
f 5481//6129 4694//5306 4681//5291
f 5472//6122 5435//6086 5466//6117
f 5484//6132 5465//6115 5475//6133
f 5473//6135 5454//6105 5472//6122
f 5485//6136 5458//6110 5484//6132
f 5477//6137 5464//5292 5476//6125
f 5486//6138 5445//6094 5455//6106
f 5487//6139 5461//6112 5479//6126
f 5481//6129 5464//5292 5477//6137
f 5488//6140 5462//6114 5456//6107
f 5489//6141 4694//5306 5481//6129
f 5491//6142 5452//6103 5461//6112
f 5480//6128 5431//6082 5474//6123
f 5492//6143 5467//6118 5452//6103
f 5494//6144 5463//6121 5490//6145
f 5495//6146 5460//6111 5470//6124
f 5504//6147 5476//6125 5468//6119
f 5504//6147 5468//6119 5478//6127
f 5496//6148 5447//6099 5436//6087
f 5496//6148 5436//6087 5483//6134
f 5495//6146 5474//6123 5460//6111
f 5497//6149 5477//6137 5476//6125
f 5498//6150 5446//6098 5482//6130
f 5489//6141 4701//5313 4694//5306
f 5498//6150 5450//6102 5446//6098
f 5488//6140 5479//6126 5462//6114
f 5500//6151 5458//6110 5485//6136
f 5500//6151 5478//6127 5458//6110
f 5501//6152 5466//6117 5447//6099
f 5502//6153 5469//6120 5448//6100
f 5505//6154 5453//6104 5469//6120
f 5506//6155 5476//6125 5504//6147
f 5507//6156 5472//6122 5466//6117
f 5508//6157 5475//6133 5503//6158
f 5488//6140 5456//6107 5480//6128
f 5499//4647 5440//6092 5451//6108
f 5491//6142 5461//6112 5487//6139
f 5510//6159 5474//6123 5495//6146
f 5511//6160 5480//6128 5474//6123
f 5511//6160 5474//6123 5510//6159
f 5492//6143 5452//6103 5491//6142
f 5494//6144 5470//6124 5463//6121
f 5486//6138 5448//6100 5445//6094
f 5493//6161 5467//6118 5492//6143
f 5493//6161 5471//6131 5467//6118
f 5508//6157 5484//6132 5475//6133
f 5497//6149 5476//6125 5506//6155
f 5513//6162 5477//6137 5497//6149
f 5513//6162 5481//6129 5477//6137
f 4708//5318 4701//5313 5489//6141
f 5505//6154 5482//6130 5453//6104
f 5504//6147 5478//6127 5500//6151
f 5514//6163 5489//6141 5481//6129
f 5515//6164 5470//6124 5494//6144
f 5516//6165 5480//6128 5511//6160
f 5517//6166 5485//6136 5484//6132
f 5518//6167 5487//6139 5479//6126
f 5501//6152 5447//6099 5496//6148
f 5502//6153 5448//6100 5486//6138
f 5483//6134 5450//6102 5498//6150
f 5519//6168 5488//6140 5480//6128
f 5505//6154 5469//6120 5502//6153
f 5520//6169 5491//6142 5487//6139
f 5521//6170 5479//6126 5488//6140
f 5507//6156 5466//6117 5501//6152
f 5522//6171 5440//6092 5499//4647
f 5522//6171 5455//6106 5440//6092
f 5509//6172 5472//6122 5507//6156
f 5509//6172 5473//6135 5472//6122
f 5523//6173 5492//6143 5491//6142
f 5512//6174 5493//6161 5492//6143
f 5524//4655 5486//6138 5455//6106
f 5525//6175 5497//6149 5506//6155
f 5515//6164 5495//6146 5470//6124
f 5517//6166 5500//6151 5485//6136
f 5526//6176 4708//5318 5489//6141
f 5527//6177 5504//6147 5500//6151
f 5519//6168 5521//6170 5488//6140
f 5514//6163 5481//6129 5513//6162
f 5528//6178 5484//6132 5508//6157
f 5517//6166 5484//6132 5528//6178
f 5518//6167 5479//6126 5521//6170
f 5529//6179 5496//6148 5483//6134
f 5519//6168 5480//6128 5516//6165
f 5531//6180 5498//6150 5482//6130
f 5520//6169 5487//6139 5518//6167
f 5531//6180 5482//6130 5505//6154
f 5532//6181 5501//6152 5496//6148
f 5533//6182 5510//6159 5495//6146
f 5534//6183 5483//6134 5498//6150
f 5523//6173 5491//6142 5520//6169
f 5535//6184 5505//6154 5502//6153
f 5536//6185 5507//6156 5501//6152
f 5512//6174 5492//6143 5523//6173
f 5538//6186 5490//6145 5530//6187
f 5522//6171 5499//4647 3975//4624
f 5538//6186 5494//6144 5490//6145
f 5509//6172 5507//6156 5539//6188
f 5524//4655 5455//6106 5522//6171
f 5540//6189 5497//6149 5525//6175
f 5540//6189 5513//6162 5497//6149
f 5541//6190 5508//6157 5503//6158
f 5534//6183 5529//6179 5483//6134
f 5526//6176 5489//6141 5514//6163
f 5527//6177 5500//6151 5517//6166
f 5542//6191 5514//6163 5513//6162
f 5527//6177 5506//6155 5504//6147
f 5543//6192 4711//5322 4708//5318
f 5543//6192 4708//5318 5526//6176
f 5543//6192 4712//5326 4711//5322
f 5536//6185 5539//6188 5507//6156
f 5544//6193 5494//6144 5538//6186
f 5544//6193 5515//6164 5494//6144
f 5545//6194 5516//6165 5511//6160
f 5546//6195 5518//6167 5521//6170
f 5547//6196 5495//6146 5515//6164
f 5548//6197 5505//6154 5535//6184
f 5549//6198 5519//6168 5516//6165
f 5532//6181 5496//6148 5529//6179
f 5533//6182 5495//6146 5547//6196
f 5551//6199 5521//6170 5519//6168
f 5533//6182 5511//6160 5510//6159
f 5552//6200 5523//6173 5520//6169
f 5534//6183 5498//6150 5531//6180
f 5537//6201 5512//6174 5523//6173
f 5536//6185 5501//6152 5532//6181
f 5553//6202 5506//6155 5527//6177
f 5524//4655 5522//6171 3975//4624
f 5553//6202 5525//6175 5506//6155
f 5554//6203 5514//6163 5542//6191
f 5556//6204 5486//6138 5524//4655
f 5555//6205 5526//6176 5514//6163
f 5549//6198 5551//6199 5519//6168
f 5550//6206 5527//6177 5517//6166
f 5542//6191 5513//6162 5540//6189
f 5557//6207 5543//6192 5526//6176
f 5558//6208 5528//6178 5508//6157
f 5558//6208 5517//6166 5528//6178
f 5545//6194 5511//6160 5533//6182
f 5546//6195 5521//6170 5551//6199
f 5547//6196 5515//6164 5544//6193
f 5524//4655 3977//4610 4000//4636
f 5531//6180 5505//6154 5548//6197
f 5549//6198 5516//6165 5545//6194
f 5560//6209 5520//6169 5518//6167
f 5560//6209 5518//6167 5546//6195
f 5561//6210 5532//6181 5529//6179
f 5556//6204 5502//6153 5486//6138
f 5562//6211 5534//6183 5531//6180
f 5563//6212 5527//6177 5550//6206
f 5537//6201 5552//6200 5565//6213
f 5564//6214 5536//6185 5532//6181
f 5537//6201 5523//6173 5552//6200
f 5562//6211 5529//6179 5534//6183
f 5556//6204 5524//4655 4000//4636
f 5566//6215 5517//6166 5558//6208
f 5567//6216 5540//6189 5525//6175
f 5567//6216 5525//6175 5553//6202
f 5555//6205 5514//6163 5554//6203
f 5568//6217 5533//6182 5547//6196
f 5569//6218 5502//6153 5556//6204
f 5557//6207 5526//6176 5555//6205
f 5564//6214 5539//6188 5536//6185
f 5570//4687 5548//6197 5535//6184
f 5571//6219 5538//6186 5530//6187
f 5558//6208 5508//6157 5541//6190
f 5572//6220 5529//6179 5562//6211
f 5559//6221 5543//6192 5557//6207
f 5573//6222 5531//6180 5548//6197
f 5574//6223 5546//6195 5551//6199
f 5575//6224 5547//6196 5544//6193
f 5576//6225 5549//6198 5545//6194
f 5556//6204 4000//4636 4024//4661
f 5566//6215 5550//6206 5517//6166
f 5569//6218 5535//6184 5502//6153
f 5564//6214 5532//6181 5561//6210
f 5577//6226 5539//6188 5564//6214
f 5578//6227 5552//6200 5520//6169
f 5578//6227 5520//6169 5560//6209
f 5553//6202 5527//6177 5563//6212
f 5579//6228 5554//6203 5542//6191
f 5569//6218 5556//6204 4024//4661
f 5570//4687 5535//6184 5569//6218
f 5580//6229 5541//6190 5581//6230
f 5582//6231 5555//6205 5554//6203
f 5567//6216 5542//6191 5540//6189
f 5578//6227 5565//6213 5552//6200
f 5573//6222 5548//6197 5570//4687
f 5583//6232 5557//6207 5555//6205
f 5561//6210 5529//6179 5572//6220
f 5584//6233 5544//6193 5538//6186
f 5585//6234 5558//6208 5541//6190
f 5584//6233 5538//6186 5571//6219
f 5573//6222 5562//6211 5531//6180
f 5586//6235 5533//6182 5568//6217
f 5586//6235 5545//6194 5533//6182
f 5587//6236 5564//6214 5561//6210
f 5589//6237 5530//6187 5590//6238
f 5560//6209 5546//6195 5574//6223
f 5591//6239 5547//6196 5575//6224
f 5592//6240 5549//6198 5576//6225
f 5569//6218 4024//4661 4039//4676
f 5592//6240 5551//6199 5549//6198
f 5593//6241 5563//6212 5550//6206
f 5593//6241 5550//6206 5566//6215
f 5587//6236 5577//6226 5564//6214
f 5565//6213 5578//6227 5594//6242
f 5570//4687 5569//6218 4039//4676
f 5572//6220 5562//6211 5573//6222
f 5589//6237 5571//6219 5530//6187
f 5595//6243 5573//6222 5570//4687
f 5596//6244 5553//6202 5563//6212
f 5597//6245 5561//6210 5572//6220
f 5596//6244 5563//6212 5593//6241
f 5592//6240 5574//6223 5551//6199
f 5579//6228 5542//6191 5567//6216
f 5588//6246 5566//6215 5558//6208
f 5598//6247 5567//6216 5553//6202
f 5568//6217 5547//6196 5591//6239
f 5582//6231 5554//6203 5579//6228
f 5583//6232 5555//6205 5582//6231
f 5585//6234 5541//6190 5580//6229
f 5583//6232 5559//6221 5557//6207
f 5600//6248 5574//6223 5592//6240
f 5599//6249 5572//6220 5573//6222
f 5575//6224 5544//6193 5584//6233
f 5588//6246 5558//6208 5585//6234
f 5595//6243 5570//4687 4023//4659
f 5601//6250 5576//6225 5545//6194
f 5601//6250 5545//6194 5586//6235
f 5589//6237 5590//6238 5602//6251
f 5603//6252 5560//6209 5574//6223
f 5604//6253 5561//6210 5597//6245
f 5604//6253 5587//6236 5561//6210
f 5605//6254 5566//6215 5588//6246
f 5607//6255 5578//6227 5560//6209
f 5608//6256 5571//6219 5589//6237
f 5593//6241 5566//6215 5605//6254
f 5595//6243 4023//4659 4037//4674
f 5599//6249 5573//6222 5595//6243
f 5609//6257 5597//6245 5572//6220
f 5609//6257 5572//6220 5599//6249
f 5595//6243 4037//4674 4065//4716
f 5598//6247 5553//6202 5596//6244
f 5601//6250 5592//6240 5576//6225
f 5607//6255 5594//6242 5578//6227
f 5610//6258 5567//6216 5598//6247
f 4065//4716 5599//6249 5595//6243
f 5612//6259 5583//6232 5582//6231
f 5608//6256 5584//6233 5571//6219
f 5606//6260 5586//6235 5568//6217
f 5613//6261 5604//6253 5597//6245
f 5613//6261 5597//6245 5609//6257
f 5615//6262 5589//6237 5602//6251
f 5603//6252 5574//6223 5600//6248
f 5619//6263 5591//6239 5575//6224
f 4094//4724 5609//6257 5599//6249
f 4094//4724 5599//6249 4065//4716
f 4104//4744 5613//6261 5609//6257
f 5606//6260 5568//6217 5591//6239
f 5607//6255 5560//6209 5603//6252
f 4104//4744 5609//6257 4094//4724
f 5616//6264 5594//6242 5607//6255
f 4119//4762 5613//6261 4104//4744
f 5617//6265 5593//6241 5611//6266
f 5617//6265 5596//6244 5593//6241
f 5618//6267 5567//6216 5610//6258
f 5618//6267 5579//6228 5567//6216
f 5619//6263 5575//6224 5584//6233
f 5621//6268 5582//6231 5579//6228
f 5611//6266 5593//6241 5605//6254
f 5614//6269 5583//6232 5612//6259
f 5622//6270 5600//6248 5592//6240
f 5620//6271 5580//6229 5581//6230
f 5623//6272 5601//6250 5586//6235
f 5623//6272 5586//6235 5606//6260
f 5624//6273 5603//6252 5600//6248
f 5625//6274 5592//6240 5601//6250
f 5626//6275 5606//6260 5591//6239
f 5627//6276 5608//6256 5589//6237
f 5627//6276 5589//6237 5615//6262
f 5628//6277 5584//6233 5608//6256
f 5629//6278 5598//6247 5596//6244
f 5629//6278 5596//6244 5617//6265
f 5623//6272 5625//6274 5601//6250
f 5621//6268 5579//6228 5618//6267
f 5630//6279 5612//6259 5582//6231
f 5630//6279 5582//6231 5621//6268
f 5631//6280 5580//6229 5620//6271
f 5631//6280 5585//6234 5580//6229
f 5622//6270 5592//6240 5625//6274
f 5614//6269 5612//6259 5632//6281
f 5631//6280 5588//6246 5585//6234
f 5624//6273 5600//6248 5622//6270
f 5626//6275 5591//6239 5619//6263
f 5633//6282 5603//6252 5624//6273
f 5633//6282 5607//6255 5603//6252
f 5633//6282 5616//6264 5607//6255
f 5630//6279 5632//6281 5612//6259
f 5627//6276 5628//6277 5608//6256
f 5634//6283 5617//6265 5611//6266
f 5636//6284 5619//6263 5584//6233
f 5635//6285 5618//6267 5610//6258
f 5637//6286 5588//6246 5631//6280
f 5636//6284 5584//6233 5628//6277
f 5639//6287 5588//6246 5637//6286
f 5639//6287 5605//6254 5588//6246
f 5629//6278 5610//6258 5598//6247
f 5640//6288 5605//6254 5639//6287
f 5640//6288 5611//6266 5605//6254
f 5642//6289 5622//6270 5625//6274
f 5641//6290 5620//6271 5638//6291
f 5623//6272 5606//6260 5626//6275
f 5643//6292 5602//6251 5644//6293
f 5645//6294 5624//6273 5622//6270
f 5646//6295 5625//6274 5623//6272
f 5649//6296 5626//6275 5619//6263
f 5643//6292 5615//6262 5602//6251
f 5634//6283 5611//6266 5640//6288
f 5635//6285 5610//6258 5629//6278
f 5647//6297 5629//6278 5617//6265
f 5647//6297 5617//6265 5634//6283
f 5648//6298 5621//6268 5618//6267
f 5648//6298 5618//6267 5635//6285
f 5649//6296 5619//6263 5636//6284
f 5650//6299 5630//6279 5621//6268
f 5651//6300 5620//6271 5641//6290
f 5651//6300 5631//6280 5620//6271
f 5652//6301 5626//6275 5649//6296
f 5642//6289 5625//6274 5646//6295
f 5654//6302 5623//6272 5626//6275
f 5645//6294 5622//6270 5642//6289
f 5655//6303 5624//6273 5645//6294
f 5655//6303 5633//6282 5624//6273
f 5656//6304 5627//6276 5615//6262
f 5656//6304 5615//6262 5643//6292
f 5650//6299 5632//6281 5630//6279
f 5658//6305 5627//6276 5656//6304
f 5659//6306 5634//6283 5640//6288
f 5653//6307 5637//6286 5631//6280
f 5660//6308 5636//6284 5628//6277
f 5661//6309 5639//6287 5637//6286
f 5662//6310 5629//6278 5647//6297
f 5650//6299 5621//6268 5648//6298
f 5663//6311 5632//6281 5650//6299
f 5664//6312 5642//6289 5646//6295
f 5653//6307 5631//6280 5651//6300
f 5658//6305 5628//6277 5627//6276
f 5654//6302 5626//6275 5652//6301
f 5646//6295 5623//6272 5654//6302
f 5657//6313 5633//6282 5655//6303
f 5662//6310 5635//6285 5629//6278
f 5660//6308 5628//6277 5658//6305
f 5665//6314 5634//6283 5659//6306
f 5665//6314 5647//6297 5634//6283
f 5667//6315 5648//6298 5635//6285
f 5660//6308 5649//6296 5636//6284
f 5661//6309 5637//6286 5653//6307
f 5661//6309 5640//6288 5639//6287
f 5668//6316 5651//6300 5641//6290
f 5675//6317 5652//6301 5649//6296
f 5669//6318 5641//6290 5638//6291
f 5670//6319 5653//6307 5651//6300
f 5671//6320 5654//6302 5652//6301
f 5672//6321 5643//6292 5644//6293
f 5673//6322 5642//6289 5664//6312
f 5673//6322 5645//6294 5642//6289
f 5674//6323 5646//6295 5654//6302
f 5675//6317 5649//6296 5660//6308
f 5676//6324 5655//6303 5645//6294
f 5677//6325 5656//6304 5643//6292
f 5678//6326 5657//6313 5655//6303
f 5679//6327 5640//6288 5661//6309
f 5679//6327 5659//6306 5640//6288
f 5674//6323 5664//6312 5646//6295
f 5680//6328 5660//6308 5658//6305
f 5667//6315 5635//6285 5662//6310
f 5681//6329 5661//6309 5653//6307
f 5682//6330 5647//6297 5665//6314
f 5682//6330 5662//6310 5647//6297
f 5683//6331 5648//6298 5667//6315
f 5683//6331 5650//6299 5648//6298
f 5668//6316 5641//6290 5669//6318
f 5684//6332 5663//6311 5650//6299
f 5669//6318 5638//6291 5666//6333
f 5670//6319 5651//6300 5668//6316
f 5685//6334 5664//6312 5674//6323
f 5671//6320 5652//6301 5675//6317
f 5674//6323 5654//6302 5671//6320
f 5675//6317 5660//6308 5680//6328
f 5676//6324 5645//6294 5673//6322
f 5678//6326 5655//6303 5676//6324
f 5677//6325 5658//6305 5656//6304
f 5686//6335 5659//6306 5679//6327
f 5686//6335 5665//6314 5659//6306
f 5689//6336 5680//6328 5658//6305
f 5681//6329 5653//6307 5670//6319
f 5687//6337 5643//6292 5672//6321
f 5684//6332 5650//6299 5683//6331
f 5689//6336 5658//6305 5677//6325
f 5691//6338 5673//6322 5664//6312
f 5691//6338 5664//6312 5685//6334
f 5696//6339 5675//6317 5680//6328
f 5692//6340 5676//6324 5673//6322
f 5687//6337 5677//6325 5643//6292
f 5693//6341 5678//6326 5676//6324
f 5679//6327 5661//6309 5681//6329
f 5694//6342 5662//6310 5682//6330
f 5694//6342 5667//6315 5662//6310
f 5690//6343 5681//6329 5670//6319
f 5695//6344 5665//6314 5686//6335
f 5695//6344 5682//6330 5665//6314
f 5697//6345 5683//6331 5667//6315
f 5698//6346 5677//6325 5687//6337
f 5704//6347 5670//6319 5668//6316
f 5688//6348 5675//6317 5696//6339
f 5699//6349 5685//6334 5674//6323
f 5700//6350 5675//6317 5688//6348
f 5700//6350 5671//6320 5675//6317
f 5702//6351 5674//6323 5671//6320
f 5692//6340 5673//6322 5691//6338
f 5693//6341 5676//6324 5692//6340
f 5704//6347 5668//6316 5669//6318
f 5701//6352 5687//6337 5672//6321
f 5705//6353 5679//6327 5681//6329
f 5706//6354 5670//6319 5704//6347
f 5707//6355 5686//6335 5679//6327
f 5696//6339 5680//6328 5689//6336
f 5709//6356 5697//6345 5667//6315
f 5709//6356 5667//6315 5694//6342
f 5697//6345 5684//6332 5683//6331
f 5710//6357 5669//6318 5666//6333
f 5710//6357 5666//6333 5708//6358
f 5699//6349 5674//6323 5702//6351
f 5716//6359 5689//6336 5677//6325
f 5716//6359 5677//6325 5698//6346
f 5706//6354 5690//6343 5670//6319
f 5711//6360 5691//6338 5685//6334
f 5711//6360 5685//6334 5699//6349
f 5702//6351 5671//6320 5700//6350
f 5713//6361 5681//6329 5690//6343
f 5698//6346 5687//6337 5701//6352
f 5715//6362 5704//6347 5669//6318
f 5703//6363 5693//6341 5692//6340
f 5705//6353 5681//6329 5713//6361
f 5707//6355 5679//6327 5705//6353
f 5717//6364 5694//6342 5682//6330
f 5717//6364 5682//6330 5695//6344
f 5718//6365 5695//6344 5686//6335
f 5718//6365 5686//6335 5707//6355
f 5712//6366 5696//6339 5689//6336
f 5714//6367 5688//6348 5696//6339
f 5712//6366 5689//6336 5716//6359
f 5720//6368 5702//6351 5700//6350
f 5713//6361 5690//6343 5706//6354
f 5714//6367 5696//6339 5712//6366
f 5721//6369 5691//6338 5711//6360
f 5721//6369 5692//6340 5691//6338
f 5715//6362 5669//6318 5710//6357
f 5723//6370 5705//6353 5713//6361
f 5724//6371 5706//6354 5704//6347
f 5724//6371 5704//6347 5715//6362
f 5726//6372 5694//6342 5717//6364
f 5726//6372 5709//6356 5694//6342
f 5727//6373 5697//6345 5709//6356
f 5729//6374 5702//6351 5720//6368
f 5729//6374 5699//6349 5702//6351
f 5730//6375 5700//6350 5688//6348
f 5730//6375 5688//6348 5714//6367
f 5722//6376 5701//6352 5719//6377
f 5731//6378 5711//6360 5699//6349
f 5725//6379 5713//6361 5706//6354
f 5732//6380 5714//6367 5712//6366
f 5733//6381 5701//6352 5722//6376
f 5733//6381 5698//6346 5701//6352
f 5703//6363 5692//6340 5721//6369
f 5728//6382 5716//6359 5698//6346
f 5735//6383 5705//6353 5723//6370
f 5735//6383 5707//6355 5705//6353
f 5736//6384 5717//6364 5695//6344
f 5736//6384 5695//6344 5718//6365
f 5725//6379 5706//6354 5724//6371
f 5737//6385 5718//6365 5707//6355
f 5738//6386 5713//6361 5725//6379
f 5727//6373 5709//6356 5726//6372
f 5728//6382 5698//6346 5733//6381
f 5739//6387 5714//6367 5732//6380
f 5740//6388 5716//6359 5728//6382
f 5731//6378 5699//6349 5729//6374
f 5712//6366 5716//6359 5740//6388
f 5720//6368 5700//6350 5730//6375
f 5741//6389 5711//6360 5731//6378
f 5741//6389 5721//6369 5711//6360
f 5734//6390 5703//6363 5721//6369
f 5738//6386 5723//6370 5713//6361
f 5742//6391 5724//6371 5715//6362
f 5737//6385 5707//6355 5735//6383
f 5726//6372 5717//6364 5736//6384
f 5744//6392 5710//6357 5708//6358
f 5730//6375 5714//6367 5739//6387
f 5745//6393 5731//6378 5729//6374
f 5746//6394 5712//6366 5740//6388
f 5747//6395 5720//6368 5730//6375
f 5748//6396 5732//6380 5712//6366
f 5734//6390 5721//6369 5741//6389
f 5750//6397 5722//6376 5719//6377
f 5751//6398 5715//6362 5710//6357
f 5747//6395 5729//6374 5720//6368
f 5742//6391 5715//6362 5751//6398
f 5735//6383 5723//6370 5738//6386
f 5752//6399 5718//6365 5737//6385
f 5752//6399 5736//6384 5718//6365
f 5754//6400 5737//6385 5735//6383
f 5755//6401 5738//6386 5725//6379
f 5756//6402 5726//6372 5736//6384
f 5757//6403 5710//6357 5744//6392
f 5743//6404 5727//6373 5726//6372
f 5739//6387 5732//6380 5748//6396
f 6585//6405 5744//6392 5708//6358
f 5758//6406 5729//6374 5747//6395
f 5759//6407 5740//6388 5728//6382
f 5760//6408 5730//6375 5739//6387
f 5748//6396 5712//6366 5746//6394
f 5762//6409 5731//6378 5745//6393
f 5762//6409 5741//6389 5731//6378
f 5753//6410 5725//6379 5724//6371
f 5733//6381 5722//6376 5750//6397
f 5749//6411 5734//6390 5741//6389
f 5750//6397 5719//6377 5761//6412
f 5751//6398 5710//6357 5757//6403
f 5764//6413 5737//6385 5754//6400
f 5765//6414 5735//6383 5738//6386
f 5753//6410 5724//6371 5742//6391
f 5755//6401 5725//6379 5753//6410
f 5756//6402 5736//6384 5752//6399
f 5769//6415 5728//6382 5733//6381
f 5768//6416 5739//6387 5748//6396
f 5743//6404 5726//6372 5756//6402
f 5759//6407 5728//6382 5763//6417
f 5767//6418 5745//6393 5729//6374
f 5767//6418 5729//6374 5758//6406
f 5746//6394 5740//6388 5759//6407
f 5747//6395 5730//6375 5760//6408
f 5768//6416 5748//6396 5746//6394
f 5769//6415 5733//6381 5750//6397
f 5749//6411 5741//6389 5762//6409
f 5749//6411 5762//6409 5770//6419
f 5763//6417 5728//6382 5769//6415
f 5765//6414 5738//6386 5755//6401
f 5772//6420 5752//6399 5737//6385
f 5772//6420 5737//6385 5764//6413
f 5773//6421 5753//6410 5742//6391
f 5765//6414 5754//6400 5735//6383
f 5774//6422 5755//6401 5753//6410
f 5775//6423 5756//6402 5752//6399
f 5776//6424 5758//6406 5747//6395
f 5766//6425 5743//6404 5756//6402
f 5771//6426 5744//6392 6585//6405
f 5777//6427 5739//6387 5768//6416
f 5780//6428 5751//6398 5757//6403
f 5777//6427 5760//6408 5739//6387
f 5778//6429 5747//6395 5760//6408
f 5779//6430 5742//6391 5751//6398
f 5762//6409 5745//6393 5767//6418
f 5781//6431 5755//6401 5774//6422
f 5764//6413 5754//6400 5765//6414
f 5782//6432 5765//6414 5755//6401
f 5785//6433 5746//6394 5759//6407
f 5779//6430 5773//6421 5742//6391
f 5774//6422 5753//6410 5773//6421
f 5775//6423 5752//6399 5772//6420
f 5757//6403 5744//6392 5771//6426
f 5766//6425 5756//6402 5775//6423
f 5776//6424 5747//6395 5778//6429
f 5784//6434 5767//6418 5758//6406
f 5784//6434 5758//6406 5776//6424
f 5778//6429 5760//6408 5777//6427
f 5779//6430 5751//6398 5780//6428
f 5786//6435 5768//6416 5746//6394
f 5786//6435 5746//6394 5785//6433
f 5787//6436 5762//6409 5767//6418
f 5788//6437 5769//6415 5750//6397
f 5770//6419 5762//6409 5789//6438
f 5790//6439 5750//6397 5761//6412
f 5791//6440 5759//6407 5763//6417
f 5792//6441 5764//6413 5765//6414
f 5793//6442 5755//6401 5781//6431
f 5793//6442 5782//6432 5755//6401
f 5795//6443 5772//6420 5764//6413
f 5787//6436 5789//6438 5762//6409
f 5796//6444 5774//6422 5773//6421
f 5797//6445 5776//6424 5778//6429
f 5802//6446 5757//6403 5771//6426
f 5801//6447 5763//6417 5769//6415
f 5783//6448 5766//6425 5775//6423
f 5798//6449 5777//6427 5768//6416
f 5798//6449 5768//6416 5786//6435
f 5790//6439 5761//6412 5799//5991
f 5785//6433 5759//6407 5791//6440
f 5800//6450 5778//6429 5777//6427
f 5787//6436 5767//6418 5784//6434
f 5788//6437 5750//6397 5790//6439
f 5801//6447 5769//6415 5788//6437
f 5802//6446 5771//6426 5794//6451
f 5342//5977 5757//6403 5802//6446
f 5342//5977 5780//6428 5757//6403
f 5781//6431 5774//6422 5796//6444
f 5791//6440 5763//6417 5801//6447
f 5792//6441 5765//6414 5782//6432
f 5795//6443 5764//6413 5792//6441
f 5328//5975 5775//6423 5772//6420
f 5328//5975 5772//6420 5795//6443
f 5797//6445 5778//6429 5800//6450
f 5805//6452 5776//6424 5797//6445
f 5805//6452 5784//6434 5776//6424
f 5800//6450 5777//6427 5798//6449
f 5806//5995 5786//6435 5785//6433
f 5351//5987 5779//6430 5780//6428
f 5322//5971 5787//6436 5784//6434
f 5807//6453 5789//6438 5787//6436
f 5796//6444 5773//6421 5779//6430
f 5344//5980 5781//6431 5796//6444
f 5338//6003 5791//6440 5801//6447
f 5349//5983 5782//6432 5793//6442
f 5349//5983 5792//6441 5782//6432
f 5351//5987 5780//6428 5342//5977
f 5352//5988 5793//6442 5781//6431
f 5322//5971 5807//6453 5787//6436
f 5321//5986 5779//6430 5351//5987
f 5803//6454 5786//6435 5806//5995
f 5333//6001 5797//6445 5800//6450
f 5804//6455 5775//6423 5328//5975
f 5804//6455 5783//6448 5775//6423
f 5346//6005 5798//6449 5786//6435
f 5346//6005 5786//6435 5803//6454
f 5806//5995 5785//6433 5791//6440
f 5322//5971 5784//6434 5805//6452
f 5321//5986 5796//6444 5779//6430
f 5326//5993 5801//6447 5788//6437
f 5352//5988 5781//6431 5344//5980
f 5347//6030 5794//6451 5808//6456
f 5325//5985 5792//6441 5349//5983
f 5325//5985 5795//6443 5792//6441
f 5354//5990 5790//6439 5799//5991
f 5339//5984 5793//6442 5352//5988
f 5326//5993 5788//6437 5790//6439
f 5336//6016 5796//6444 5321//5986
f 5326//5993 5790//6439 5354//5990
f 5330//5994 5803//6454 5806//5995
f 5338//6003 5801//6447 5326//5993
f 5804//6455 5328//5975 5329//5974
f 5347//6030 5802//6446 5794//6451
f 5350//6000 5805//6452 5797//6445
f 5350//6000 5797//6445 5333//6001
f 5332//6002 5800//6450 5798//6449
f 5332//6002 5798//6449 5346//6005
f 5339//5984 5349//5983 5793//6442
f 5323//5972 5322//5971 5805//6452
f 5320//5970 5807//6453 5322//5971
f 5331//6010 5802//6446 5347//6030
f 5334//5978 5802//6446 5331//6010
f 5332//6002 5333//6001 5800//6450
f 5334//5978 5342//5977 5802//6446
f 5335//5981 5796//6444 5336//6016
f 5335//5981 5344//5980 5796//6444
f 5341//5976 5351//5987 5342//5977
f 5343//5979 5352//5988 5344//5980
f 5340//5996 5791//6440 5338//6003
f 5327//5973 5795//6443 5325//5985
f 5327//5973 5328//5975 5795//6443
f 5337//5997 5338//6003 5326//5993
f 5345//6006 5346//6005 5803//6454
f 5345//6006 5803//6454 5330//5994
f 5340//5996 5806//5995 5791//6440
f 5323//5972 5805//6452 5350//6000
f 6483//6457 5813//6458 5291//6459
f 6483//6457 6494//6460 5813//6458
f 6490//6461 5817//6462 5816//6463
f 6491//6464 5818//6465 5825//6466
f 6493//6467 5822//6468 5835//6469
f 6486//6470 5833//6471 5822//6468
f 6496//6472 5824//6473 6479//6474
f 6489//6475 5826//6476 5306//6477
f 6495//6478 5828//6479 5815//6480
f 6490//6461 5819//6481 5817//6462
f 6495//6478 5820//6482 5828//6479
f 6474//6483 5823//6484 5821//6485
f 6479//6474 5831//6486 6487//6487
f 6486//6470 5810//6488 5833//6471
f 5812//6489 5826//6476 6489//6475
f 5291//6459 5813//6458 5292//6490
f 5816//6463 5827//6491 5812//6489
f 6494//6460 5829//6492 5813//6458
f 5815//6480 5830//6493 5829//6492
f 5809//6494 5814//6495 5832//6496
f 6487//6487 5831//6486 5823//6484
f 6479//6474 5824//6473 5831//6486
f 5809//6494 5832//6496 6496//6472
f 5812//6489 5827//6491 5826//6476
f 5392//6045 5818//6465 6491//6464
f 5415//6074 5818//6465 5392//6045
f 5815//6480 5828//6479 5830//6493
f 5810//6488 5834//6497 5833//6471
f 6492//6498 5836//6499 5819//6481
f 5810//6488 5811//6500 5834//6497
f 5320//5970 5359//6008 5814//6495
f 5819//6481 5836//6499 5817//6462
f 6492//6498 5835//6469 5836//6499
f 5814//6495 5837//6501 5832//6496
f 5822//6468 5841//6502 5835//6469
f 6496//6472 5832//6496 5824//6473
f 5826//6476 5838//6503 5306//6477
f 5816//6463 5840//6504 5827//6491
f 5822//6468 5833//6471 5841//6502
f 5829//6492 5830//6493 5839//6505
f 5816//6463 5817//6462 5840//6504
f 5827//6491 5843//6506 5826//6476
f 5820//6482 5846//6507 5828//6479
f 5820//6482 5844//6508 5842//6509
f 5821//6485 5844//6508 5820//6482
f 5821//6485 5823//6484 5844//6508
f 5833//6471 5834//6497 5856//6510
f 5813//6458 5845//6511 5292//6490
f 5814//6495 5359//6008 5837//6501
f 5820//6482 5842//6509 5846//6507
f 5835//6469 5847//6512 5836//6499
f 5306//6477 5838//6503 5307//6513
f 5826//6476 5843//6506 5838//6503
f 5835//6469 5841//6502 5847//6512
f 5823//6484 5864//6514 5844//6508
f 5811//6500 5849//6515 5834//6497
f 5829//6492 5852//6516 5813//6458
f 5832//6496 5837//6501 5848//6517
f 5823//6484 5850//6518 5864//6514
f 5831//6486 5850//6518 5823//6484
f 5824//6473 5851//6519 5831//6486
f 5811//6500 5825//6466 5849//6515
f 5813//6458 5852//6516 5845//6511
f 5829//6492 5839//6505 5852//6516
f 5415//6074 5853//6520 5818//6465
f 5824//6473 5855//6521 5851//6519
f 5833//6471 5856//6510 5841//6502
f 5817//6462 5857//6522 5840//6504
f 5818//6465 5854//6523 5825//6466
f 5836//6499 5858//6524 5817//6462
f 5831//6486 5851//6519 5850//6518
f 5824//6473 5832//6496 5855//6521
f 5818//6465 5853//6520 5854//6523
f 5828//6479 5859//6525 5830//6493
f 5825//6466 5854//6523 5849//6515
f 5834//6497 5860//6526 5856//6510
f 5359//6008 5867//6527 5837//6501
f 5846//6507 5859//6525 5828//6479
f 5817//6462 5858//6524 5857//6522
f 5836//6499 5847//6512 5858//6524
f 5433//6084 5853//6520 5415//6074
f 5827//6491 5840//6504 5843//6506
f 5844//6508 5862//6528 5842//6509
f 5841//6502 5856//6510 5861//6529
f 5832//6496 5848//6517 5855//6521
f 5830//6493 5863//6530 5839//6505
f 5844//6508 5864//6514 5862//6528
f 5841//6502 5861//6529 5847//6512
f 5838//6503 5866//6531 5307//6513
f 5830//6493 5859//6525 5863//6530
f 5837//6501 5867//6527 5848//6517
f 5846//6507 5868//6532 5859//6525
f 5856//6510 5860//6526 5865//6533
f 5380//6028 5867//6527 5359//6008
f 5846//6507 5842//6509 5868//6532
f 5850//6518 5870//6534 5864//6514
f 5843//6506 5871//6535 5838//6503
f 5839//6505 5869//6536 5852//6516
f 5840//6504 5873//6537 5843//6506
f 4799//5392 5872//6538 4797//5389
f 5834//6497 5849//6515 5860//6526
f 5845//6511 5874//6539 5292//6490
f 4787//5398 5875//6540 5277//6541
f 4792//5399 5875//6540 4787//5398
f 5839//6505 5863//6530 5869//6536
f 5857//6522 5873//6537 5840//6504
f 4781//5374 5876//6542 4799//5392
f 5852//6516 5874//6539 5845//6511
f 4781//5374 4796//5410 5876//6542
f 5838//6503 5871//6535 5866//6531
f 4792//5399 4797//5389 5875//6540
f 5857//6522 5877//6543 5873//6537
f 5842//6509 5862//6528 5868//6532
f 5856//6510 5878//6544 5861//6529
f 5848//6517 5879//6545 5855//6521
f 5852//6516 5869//6536 5874//6539
f 4797//5389 5880//6546 5875//6540
f 5858//6524 5877//6543 5857//6522
f 4799//5392 5881//6547 5872//6538
f 4799//5392 5876//6542 5881//6547
f 5856//6510 5865//6533 5878//6544
f 4796//5410 5882//6548 5876//6542
f 5850//6518 5851//6519 5870//6534
f 4797//5389 5872//6538 5880//6546
f 4796//5410 4812//5428 5882//6548
f 5860//6526 5883//6549 5865//6533
f 5292//6490 5874//6539 5284//6550
f 5864//6514 5898//6551 5862//6528
f 5843//6506 5873//6537 5871//6535
f 5859//6525 5884//6552 5863//6530
f 5848//6517 5867//6527 5879//6545
f 5869//6536 5895//6553 5874//6539
f 4812//5428 5886//6554 5882//6548
f 5847//6512 5899//6555 5858//6524
f 5861//6529 5885//6556 5847//6512
f 5872//6538 5881//6547 5880//6546
f 4812//5428 4818//5431 5886//6554
f 4819//5432 5906//6557 4818//5431
f 5869//6536 5887//6558 5895//6553
f 5433//6084 5892//6559 5853//6520
f 5853//6520 5892//6559 5854//6523
f 4798//5412 5890//6560 4819//5432
f 5442//6095 5892//6559 5433//6084
f 5868//6532 5888//6561 5859//6525
f 5859//6525 5888//6561 5884//6552
f 5847//6512 5885//6556 5899//6555
f 5854//6523 5894//6562 5849//6515
f 5861//6529 5878//6544 5885//6556
f 5855//6521 5889//6563 5851//6519
f 5855//6521 5879//6545 5889//6563
f 5849//6515 5904//6564 5860//6526
f 4819//5432 5890//6560 5906//6557
f 4798//5412 4820//5433 5890//6560
f 5863//6530 5887//6558 5869//6536
f 5875//6540 5891//6565 5277//6541
f 5854//6523 5892//6559 5894//6562
f 5881//6547 5893//6566 5880//6546
f 5849//6515 5894//6562 5904//6564
f 5866//6531 5896//6567 5307//6513
f 5863//6530 5884//6552 5887//6558
f 5867//6527 5897//6568 5879//6545
f 5858//6524 5899//6555 5877//6543
f 5862//6528 5898//6551 5868//6532
f 5864//6514 5900//6569 5898//6551
f 5882//6548 5902//6570 5876//6542
f 5380//6028 5897//6568 5867//6527
f 5389//6040 5897//6568 5380//6028
f 5880//6546 5901//6571 5875//6540
f 5881//6547 5902//6570 5893//6566
f 5876//6542 5902//6570 5881//6547
f 5870//6534 5900//6569 5864//6514
f 5865//6533 5903//6572 5878//6544
f 5851//6519 5911//6573 5870//6534
f 5860//6526 5904//6564 5883//6549
f 5873//6537 5905//6574 5871//6535
f 5868//6532 5898//6551 5888//6561
f 4818//5431 5906//6557 5886//6554
f 5851//6519 5889//6563 5911//6573
f 5865//6533 5883//6549 5903//6572
f 5874//6539 5907//6575 5284//6550
f 4816//5430 5908//6576 4820//5433
f 5875//6540 5901//6571 5891//6565
f 5543//6192 4824//5438 4712//5326
f 4816//5430 4824//5438 5908//6576
f 5874//6539 5895//6553 5907//6575
f 5307//6513 5896//6567 5308//6577
f 5866//6531 5871//6535 5896//6567
f 4820//5433 5908//6576 5912//6578
f 5873//6537 5909//6579 5905//6574
f 5882//6548 5920//6580 5902//6570
f 5871//6535 5910//6581 5896//6567
f 5884//6552 5914//6582 5887//6558
f 5877//6543 5909//6579 5873//6537
f 5870//6534 5911//6573 5900//6569
f 5882//6548 5886//6554 5920//6580
f 5885//6556 5878//6544 5921//6583
f 5889//6563 5879//6545 5924//6584
f 4820//5433 5912//6578 5890//6560
f 4824//5438 5915//6585 5908//6576
f 5543//6192 5915//6585 4824//5438
f 5894//6562 5892//6559 5917//6586
f 5880//6546 5893//6566 5901//6571
f 5884//6552 5943//6587 5914//6582
f 5877//6543 5916//6588 5909//6579
f 5894//6562 5917//6586 5904//6564
f 5887//6558 5913//6589 5895//6553
f 5871//6535 5905//6574 5910//6581
f 5884//6552 5888//6561 5943//6587
f 5899//6555 5918//6590 5877//6543
f 5898//6551 5919//6591 5888//6561
f 5877//6543 5918//6590 5916//6588
f 5885//6556 5921//6583 5899//6555
f 5898//6551 5900//6569 5919//6591
f 5886//6554 5922//6592 5920//6580
f 5878//6544 5923//6593 5921//6583
f 5889//6563 5924//6584 5911//6573
f 5879//6545 5925//6594 5924//6584
f 5887//6558 5914//6582 5913//6589
f 5878//6544 5903//6572 5923//6593
f 5883//6549 5904//6564 5903//6572
f 5442//6095 5471//6131 5892//6559
f 5892//6559 5471//6131 5917//6586
f 5879//6545 5927//6595 5925//6594
f 5897//6568 5927//6595 5879//6545
f 5899//6555 5921//6583 5918//6590
f 5906//6557 5890//6560 5926//6596
f 5277//6541 5928//6597 5310//6598
f 5895//6553 5913//6589 5907//6575
f 5891//6565 5928//6597 5277//6541
f 5389//6040 5927//6595 5897//6568
f 5893//6566 5929//6599 5901//6571
f 5902//6570 5936//6600 5893//6566
f 5904//6564 5930//6601 5903//6572
f 5896//6567 5932//6602 5308//6577
f 5896//6567 5910//6581 5932//6602
f 5902//6570 5920//6580 5936//6600
f 5888//6561 5933//6603 5943//6587
f 5900//6569 5934//6604 5919//6591
f 5912//6578 5908//6576 5931//6605
f 5891//6565 5901//6571 5928//6597
f 5909//6579 5935//6606 5905//6574
f 5904//6564 5917//6586 5930//6601
f 5893//6566 5936//6600 5929//6599
f 5888//6561 5919//6591 5933//6603
f 5886//6554 5906//6557 5922//6592
f 5911//6573 5937//6607 5900//6569
f 5890//6560 5938//6608 5926//6596
f 5907//6575 5939//6609 5284//6550
f 5409//6060 5927//6595 5389//6040
f 5559//6221 5915//6585 5543//6192
f 5890//6560 5940//6610 5938//6608
f 5910//6581 5941//6611 5932//6602
f 5910//6581 5905//6574 5941//6611
f 5906//6557 5926//6596 5922//6592
f 5912//6578 5940//6610 5890//6560
f 5913//6589 5962//6612 5907//6575
f 5928//6597 5944//6613 5310//6598
f 5901//6571 5945//6614 5928//6597
f 5908//6576 5915//6585 5948//6615
f 5913//6589 5914//6582 5942//6616
f 5909//6579 5916//6588 5935//6606
f 5908//6576 5948//6615 5931//6605
f 5912//6578 5931//6605 5940//6610
f 5913//6589 5942//6616 5962//6612
f 5917//6586 5471//6131 5946//6617
f 5920//6580 5949//6618 5936//6600
f 5921//6583 5960//6619 5918//6590
f 5900//6569 5937//6607 5934//6604
f 5921//6583 5923//6593 5947//6620
f 5925//6594 5950//6621 5924//6584
f 5284//6550 5939//6609 5285//6622
f 5901//6571 5929//6599 5945//6614
f 5921//6583 5947//6620 5960//6619
f 5911//6573 5952//6623 5937//6607
f 5917//6586 5954//6624 5930//6601
f 5905//6574 5955//6625 5941//6611
f 5914//6582 5943//6587 5942//6616
f 5925//6594 5927//6595 5950//6621
f 5936//6600 5956//6626 5929//6599
f 5920//6580 5922//6592 5949//6618
f 5934//6604 5951//6627 5919//6591
f 5911//6573 5924//6584 5952//6623
f 5903//6572 5957//6628 5923//6593
f 5924//6584 5950//6621 5953//6629
f 5928//6597 5945//6614 5944//6613
f 5915//6585 5559//6221 5948//6615
f 5905//6574 5935//6606 5955//6625
f 5917//6586 5946//6617 5954//6624
f 5916//6588 5959//6630 5935//6606
f 5930//6601 5957//6628 5903//6572
f 5930//6601 5954//6624 5958//6631
f 5931//6605 5961//6632 5940//6610
f 5907//6575 5962//6612 5939//6609
f 5943//6587 5989//6633 5968//6634
f 5918//6590 5959//6630 5916//6588
f 5933//6603 5989//6633 5943//6587
f 5919//6591 5964//6635 5933//6603
f 5922//6592 5963//6636 5949//6618
f 5926//6596 5965//6637 5922//6592
f 5930//6601 5958//6631 5957//6628
f 5919//6591 5951//6627 5964//6635
f 5918//6590 5960//6619 5959//6630
f 5924//6584 5953//6629 5952//6623
f 5932//6602 5966//6638 5308//6577
f 5941//6611 5967//6639 5932//6602
f 5942//6616 5977//6640 5962//6612
f 5471//6131 5493//6161 5946//6617
f 5943//6587 5968//6634 5942//6616
f 5936//6600 5949//6618 5956//6626
f 5922//6592 5965//6637 5963//6636
f 5931//6605 5970//6641 5961//6632
f 5948//6615 5559//6221 5969//6642
f 5929//6599 5971//6643 5945//6614
f 5933//6603 5972//6644 5989//6633
f 5948//6615 5970//6641 5931//6605
f 5926//6596 5974//6645 5965//6637
f 5934//6604 5973//6646 5951//6627
f 5932//6602 5967//6639 5966//6638
f 5941//6611 5955//6625 5967//6639
f 5929//6599 5956//6626 5971//6643
f 5948//6615 5969//6642 5970//6641
f 5949//6618 5975//6647 5956//6626
f 5933//6603 5964//6635 5972//6644
f 5937//6607 5973//6646 5934//6604
f 5938//6608 5974//6645 5926//6596
f 5939//6609 5976//6648 5285//6622
f 5927//6595 5429//6091 5950//6621
f 5409//6060 5429//6091 5927//6595
f 5942//6616 5978//6649 5977//6640
f 5935//6606 5979//6650 5955//6625
f 5923//6593 5980//6651 5947//6620
f 5937//6607 5952//6623 5973//6646
f 5938//6608 5940//6610 5974//6645
f 5939//6609 5962//6612 5976//6648
f 5308//6577 5966//6638 5309//6652
f 5942//6616 5968//6634 5978//6649
f 5949//6618 5963//6636 5975//6647
f 5951//6627 5982//6653 5964//6635
f 5923//6593 5957//6628 5980//6651
f 5944//6613 5983//6654 5310//6598
f 5946//6617 5996//6655 5954//6624
f 5935//6606 5959//6630 5979//6650
f 5960//6619 5991//6656 5959//6630
f 5947//6620 5981//6657 5960//6619
f 5951//6627 5973//6646 5982//6653
f 5940//6610 5961//6632 5990//6658
f 5956//6626 5985//6659 5971//6643
f 5946//6617 5493//6161 5996//6655
f 5955//6625 5988//6660 5967//6639
f 5960//6619 5981//6657 5991//6656
f 5957//6628 5958//6631 5984//6661
f 5945//6614 5987//6662 5944//6613
f 5944//6613 5987//6662 5983//6654
f 5962//6612 5977//6640 5976//6648
f 5583//6232 5969//6642 5559//6221
f 5950//6621 5429//6091 5986//6663
f 5955//6625 5979//6650 5988//6660
f 5957//6628 5984//6661 5980//6651
f 5940//6610 5990//6658 5974//6645
f 5950//6621 5986//6663 5994//6664
f 5956//6626 5975//6647 5985//6659
f 5964//6635 5992//6665 5972//6644
f 5963//6636 5993//6666 5975//6647
f 5965//6637 6005//6667 5963//6636
f 5950//6621 5994//6664 5953//6629
f 5945//6614 5971//6643 5987//6662
f 5965//6637 5974//6645 6005//6667
f 5952//6623 5995//6668 5973//6646
f 5958//6631 5996//6655 5984//6661
f 5954//6624 5996//6655 5958//6631
f 5493//6161 5512//6174 5996//6655
f 5968//6634 5998//6669 5978//6649
f 5310//6598 5983//6654 5311//6670
f 5977//6640 5978//6649 5997//6671
f 5968//6634 5989//6633 5998//6669
f 5959//6630 6002//6672 5979//6650
f 5961//6632 5999//6673 5990//6658
f 5953//6629 6004//6674 5952//6623
f 5966//6638 6000//6675 5309//6652
f 5966//6638 5967//6639 6000//6675
f 5969//6642 6006//6676 5970//6641
f 5975//6647 6001//6677 5985//6659
f 5959//6630 5991//6656 6002//6672
f 5964//6635 5982//6653 5992//6665
f 5952//6623 6004//6674 5995//6668
f 5947//6620 6003//6678 5981//6657
f 5970//6641 5999//6673 5961//6632
f 5953//6629 5994//6664 6004//6674
f 5454//6105 5986//6663 5429//6091
f 5989//6633 5972//6644 6011//6679
f 5963//6636 6005//6667 5993//6666
f 5970//6641 6006//6676 5999//6673
f 5980//6651 6003//6678 5947//6620
f 5986//6663 6012//6680 5994//6664
f 5994//6664 6008//6681 6004//6674
f 5987//6662 6009//6682 5983//6654
f 5976//6648 6010//6683 5285//6622
f 5977//6640 6013//6684 5976//6648
f 5988//6660 5979//6650 6007//6685
f 5989//6633 6011//6679 5998//6669
f 5994//6664 6012//6680 6008//6681
f 5996//6655 6026//6686 5984//6661
f 5976//6648 6013//6684 6010//6683
f 5985//6659 6014//6687 5971//6643
f 5977//6640 5997//6671 6013//6684
f 5975//6647 5993//6666 6001//6677
f 5991//6656 6015//6688 6002//6672
f 5996//6655 6017//6689 6026//6686
f 5983//6654 6018//6690 5311//6670
f 5583//6232 5614//6269 5969//6642
f 5969//6642 5614//6269 6006//6676
f 5988//6660 6020//6691 5967//6639
f 5972//6644 6021//6692 6011//6679
f 5974//6645 6022//6693 6005//6667
f 5990//6658 6016//6694 5974//6645
f 5984//6661 6025//6695 5980//6651
f 5967//6639 6019//6696 6000//6675
f 5996//6655 5512//6174 6017//6689
f 5988//6660 6007//6685 6020//6691
f 5985//6659 6001//6677 6014//6687
f 5979//6650 6002//6672 6007//6685
f 5972//6644 5992//6665 6021//6692
f 5981//6657 6023//6697 5991//6656
f 5991//6656 6023//6697 6015//6688
f 5974//6645 6016//6694 6022//6693
f 5982//6653 6024//6698 5992//6665
f 5980//6651 6025//6695 6003//6678
f 5984//6661 6026//6686 6025//6695
f 5285//6622 6010//6683 5286//6699
f 5967//6639 6020//6691 6019//6696
f 5987//6662 6027//6700 6009//6682
f 5454//6105 6012//6680 5986//6663
f 5971//6643 6027//6700 5987//6662
f 5978//6649 6038//6701 5997//6671
f 5981//6657 6028//6702 6023//6697
f 5973//6646 6029//6703 5982//6653
f 5982//6653 6029//6703 6024//6698
f 5973//6646 5995//6668 6029//6703
f 5971//6643 6014//6687 6027//6700
f 5978//6649 5998//6669 6038//6701
f 6003//6678 6028//6702 5981//6657
f 5983//6654 6009//6682 6018//6690
f 6006//6676 5614//6269 6031//6704
f 5999//6673 6031//6704 6030//6705
f 6006//6676 6031//6704 5999//6673
f 6012//6680 6032//6706 6008//6681
f 6013//6684 6033//6707 6010//6683
f 6002//6672 6015//6688 6041//6708
f 5992//6665 6035//6709 6021//6692
f 5473//6135 6012//6680 5454//6105
f 6005//6667 6042//6710 5993//6666
f 6011//6679 6021//6692 6034//6711
f 6005//6667 6022//6693 6036//6712
f 5995//6668 6037//6713 6029//6703
f 5997//6671 6038//6701 6013//6684
f 5998//6669 6039//6714 6038//6701
f 6001//6677 6040//6715 6014//6687
f 6002//6672 6041//6708 6007//6685
f 5993//6666 6042//6710 6001//6677
f 6005//6667 6036//6712 6042//6710
f 5992//6665 6024//6698 6035//6709
f 6026//6686 6017//6689 6049//6716
f 6016//6694 6043//6717 6022//6693
f 5990//6658 6044//6718 6016//6694
f 5995//6668 6004//6674 6037//6713
f 6011//6679 6039//6714 5998//6669
f 6003//6678 6046//6719 6028//6702
f 5999//6673 6044//6718 5990//6658
f 6014//6687 6057//6720 6027//6700
f 5537//6201 6045//6721 5512//6174
f 6013//6684 6038//6701 6033//6707
f 5512//6174 6045//6721 6017//6689
f 6015//6688 6048//6722 6041//6708
f 6011//6679 6034//6711 6039//6714
f 6001//6677 6042//6710 6040//6715
f 6015//6688 6023//6697 6048//6722
f 6003//6678 6025//6695 6046//6719
f 5999//6673 6030//6705 6044//6718
f 6004//6674 6008//6681 6047//6723
f 6026//6686 6049//6716 6025//6695
f 6019//6696 6050//6724 6000//6675
f 6010//6683 6051//6725 5286//6699
f 6009//6682 6052//6726 6018//6690
f 6019//6696 6020//6691 6050//6724
f 6009//6682 6027//6700 6052//6726
f 6017//6689 6045//6721 6049//6716
f 6029//6703 6037//6713 6071//6727
f 5309//6652 6000//6675 5293//6728
f 6010//6683 6033//6707 6051//6725
f 6007//6685 6041//6708 6056//6729
f 6018//6690 6053//6730 5311//6670
f 6012//6680 5473//6135 6032//6706
f 6021//6692 6054//6731 6034//6711
f 6016//6694 6055//6732 6043//6717
f 6044//6718 6055//6732 6016//6694
f 6004//6674 6047//6723 6037//6713
f 6007//6685 6056//6729 6020//6691
f 6035//6709 6054//6731 6021//6692
f 6018//6690 6052//6726 6053//6730
f 6000//6675 6050//6724 5293//6728
f 6027//6700 6057//6720 6052//6726
f 6014//6687 6059//6733 6057//6720
f 6020//6691 6058//6734 6050//6724
f 6008//6681 6032//6706 6047//6723
f 6022//6693 6061//6735 6036//6712
f 6028//6702 6066//6736 6023//6697
f 6037//6713 6062//6737 6071//6727
f 6025//6695 6063//6738 6046//6719
f 6031//6704 6064//6739 6030//6705
f 6020//6691 6056//6729 6058//6734
f 6014//6687 6040//6715 6059//6733
f 6042//6710 6065//6740 6040//6715
f 6042//6710 6036//6712 6060//6741
f 6023//6697 6066//6736 6048//6722
f 6022//6693 6043//6717 6061//6735
f 6028//6702 6067//6742 6066//6736
f 6025//6695 6049//6716 6063//6738
f 5614//6269 6064//6739 6031//6704
f 5632//6281 6064//6739 5614//6269
f 6049//6716 6045//6721 6075//6743
f 6042//6710 6060//6741 6065//6740
f 6035//6709 6070//6744 6054//6731
f 6028//6702 6046//6719 6067//6742
f 6029//6703 6071//6727 6024//6698
f 6038//6701 6068//6745 6033//6707
f 5565//6213 6045//6721 5537//6201
f 6041//6708 6078//6746 6056//6729
f 6048//6722 6074//6747 6041//6708
f 6048//6722 6066//6736 6069//6748
f 6024//6698 6070//6744 6035//6709
f 5311//6670 6053//6730 5312//6749
f 6052//6726 6072//6750 6053//6730
f 6050//6724 6073//6751 5293//6728
f 6033//6707 6068//6745 6051//6725
f 6052//6726 6057//6720 6072//6750
f 6038//6701 6092//6752 6068//6745
f 6041//6708 6074//6747 6078//6746
f 6048//6722 6069//6748 6074//6747
f 6024//6698 6071//6727 6070//6744
f 6038//6701 6039//6714 6092//6752
f 6034//6711 6077//6753 6039//6714
f 6032//6706 5473//6135 6080//6754
f 6057//6720 6059//6733 6076//6755
f 6050//6724 6058//6734 6073//6751
f 6045//6721 6079//6756 6075//6743
f 6034//6711 6054//6731 6077//6753
f 6036//6712 6061//6735 6060//6741
f 6032//6706 6080//6754 6047//6723
f 6047//6723 6081//6757 6037//6713
f 6037//6713 6081//6757 6062//6737
f 6049//6716 6075//6743 6063//6738
f 6030//6705 6064//6739 6084//6758
f 6039//6714 6082//6759 6092//6752
f 6056//6729 6089//6760 6058//6734
f 6044//6718 6083//6761 6055//6732
f 6030//6705 6084//6758 6044//6718
f 6046//6719 6086//6762 6067//6742
f 6040//6715 6087//6763 6059//6733
f 6056//6729 6078//6746 6089//6760
f 6046//6719 6063//6738 6086//6762
f 6071//6727 6062//6737 6085//6764
f 5565//6213 6079//6756 6045//6721
f 6040//6715 6065//6740 6087//6763
f 6039//6714 6077//6753 6082//6759
f 6053//6730 6088//6765 5312//6749
f 6057//6720 6095//6766 6072//6750
f 6068//6745 6091//6767 6051//6725
f 6058//6734 6089//6760 6073//6751
f 5509//6172 6080//6754 5473//6135
f 6043//6717 6055//6732 6061//6735
f 6047//6723 6080//6754 6081//6757
f 6075//6743 6090//6768 6063//6738
f 6057//6720 6076//6755 6095//6766
f 6068//6745 6092//6752 6091//6767
f 6059//6733 6093//6769 6076//6755
f 6044//6718 6084//6758 6083//6761
f 5286//6699 6051//6725 5287//6770
f 6059//6733 6087//6763 6093//6769
f 6075//6743 6079//6756 6090//6768
f 6078//6746 6074//6747 6100//6771
f 6070//6744 6097//6772 6054//6731
f 6071//6727 6104//6773 6070//6744
f 6053//6730 6094//6774 6088//6765
f 5293//6728 6096//6775 5294//6776
f 6054//6731 6097//6772 6077//6753
f 6071//6727 6085//6764 6104//6773
f 6072//6750 6094//6774 6053//6730
f 6063//6738 6098//6777 6086//6762
f 5293//6728 6073//6751 6096//6775
f 6051//6725 6099//6778 5287//6770
f 6078//6746 6100//6771 6089//6760
f 6065//6740 6101//6779 6087//6763
f 6060//6741 6101//6779 6065//6740
f 6069//6748 6102//6780 6074//6747
f 6055//6732 6112//6781 6061//6735
f 6080//6754 6107//6782 6081//6757
f 6072//6750 6095//6766 6094//6774
f 6063//6738 6090//6768 6098//6777
f 6051//6725 6091//6767 6099//6778
f 5594//6242 6079//6756 5565//6213
f 6084//6758 6064//6739 6113//6783
f 6060//6741 6103//6784 6101//6779
f 6077//6753 6114//6785 6082//6759
f 6055//6732 6083//6761 6112//6781
f 6069//6748 6066//6736 6102//6780
f 6070//6744 6104//6773 6097//6772
f 6067//6742 6105//6786 6066//6736
f 6062//6737 6106//6787 6085//6764
f 6077//6753 6108//6788 6114//6785
f 6060//6741 6061//6735 6103//6784
f 6081//6757 6106//6787 6062//6737
f 6076//6755 6110//6789 6095//6766
f 6073//6751 6111//6790 6096//6775
f 5594//6242 6120//6791 6079//6756
f 6079//6756 6120//6791 6090//6768
f 6077//6753 6097//6772 6108//6788
f 6066//6736 6105//6786 6109//6792
f 6084//6758 6113//6783 6083//6761
f 6067//6742 6086//6762 6105//6786
f 6081//6757 6107//6782 6106//6787
f 6073//6751 6089//6760 6111//6790
f 5539//6188 6080//6754 5509//6172
f 6066//6736 6109//6792 6102//6780
f 6064//6739 6115//6793 6113//6783
f 6076//6755 6093//6769 6110//6789
f 6061//6735 6112//6781 6103//6784
f 5663//6311 6064//6739 5632//6281
f 6087//6763 6118//6794 6093//6769
f 6089//6760 6100//6771 6116//6795
f 6087//6763 6101//6779 6118//6794
f 6074//6747 6121//6796 6100//6771
f 6074//6747 6102//6780 6121//6796
f 6095//6766 6123//6797 6094//6774
f 6090//6768 6122//6798 6098//6777
f 6092//6752 6117//6799 6091//6767
f 6082//6759 6119//6800 6092//6752
f 6089//6760 6116//6795 6111//6790
f 6083//6761 6124//6801 6112//6781
f 6085//6764 6125//6802 6104//6773
f 6088//6765 6126//6803 5312//6749
f 6085//6764 6106//6787 6125//6802
f 6086//6762 6127//6804 6105//6786
f 6086//6762 6098//6777 6127//6804
f 5663//6311 6115//6793 6064//6739
f 6092//6752 6119//6800 6117//6799
f 6090//6768 6120//6791 6122//6798
f 6082//6759 6114//6785 6119//6800
f 6097//6772 6128//6805 6108//6788
f 6088//6765 6094//6774 6126//6803
f 6093//6769 6139//6806 6110//6789
f 6103//6784 6131//6807 6101//6779
f 6097//6772 6104//6773 6128//6805
f 6104//6773 6125//6802 6129//6808
f 6083//6761 6113//6783 6124//6801
f 6107//6782 6130//6809 6106//6787
f 5539//6188 6147//6810 6080//6754
f 6080//6754 6147//6810 6107//6782
f 6093//6769 6118//6794 6139//6806
f 6114//6785 6108//6788 6140//6811
f 6094//6774 6132//6812 6126//6803
f 6096//6775 6133//6813 5294//6776
f 5294//6776 6133//6813 5295//6814
f 6111//6790 6134//6815 6096//6775
f 6091//6767 6137//6816 6099//6778
f 5594//6242 5616//6264 6120//6791
f 6115//6793 6141//6817 6113//6783
f 6112//6781 6135//6818 6103//6784
f 6112//6781 6124//6801 6135//6818
f 6095//6766 6136//6819 6123//6797
f 6099//6778 6137//6816 5287//6770
f 6117//6799 6138//6820 6091//6767
f 6091//6767 6138//6820 6137//6816
f 6114//6785 6140//6811 6119//6800
f 6108//6788 6142//6821 6140//6811
f 6102//6780 6109//6792 6144//6822
f 6104//6773 6129//6808 6128//6805
f 6094//6774 6123//6797 6132//6812
f 6110//6789 6136//6819 6095//6766
f 6111//6790 6116//6795 6134//6815
f 6100//6771 6143//6823 6116//6795
f 5312//6749 6126//6803 5313//6824
f 6105//6786 6127//6804 6148//6825
f 6098//6777 6153//6826 6127//6804
f 6110//6789 6139//6806 6136//6819
f 6101//6779 6161//6827 6118//6794
f 6100//6771 6121//6796 6143//6823
f 6102//6780 6144//6822 6121//6796
f 6103//6784 6145//6828 6131//6807
f 6121//6796 6144//6822 6151//6829
f 6098//6777 6122//6798 6153//6826
f 6116//6795 6146//6830 6134//6815
f 6101//6779 6131//6807 6161//6827
f 6103//6784 6135//6818 6145//6828
f 6105//6786 6148//6825 6109//6792
f 6127//6804 6149//6831 6148//6825
f 6117//6799 6150//6832 6138//6820
f 6119//6800 6150//6832 6117//6799
f 6120//6791 6157//6833 6122//6798
f 6121//6796 6151//6829 6143//6823
f 6107//6782 6164//6834 6130//6809
f 6127//6804 6153//6826 6149//6831
f 6132//6812 6163//6835 6126//6803
f 6096//6775 6134//6815 6133//6813
f 6120//6791 5616//6264 6157//6833
f 6107//6782 6147//6810 6164//6834
f 6108//6788 6155//6836 6142//6821
f 6124//6801 6156//6837 6135//6818
f 6113//6783 6152//6838 6124//6801
f 6132//6812 6158//6839 6163//6835
f 5684//6332 6115//6793 5663//6311
f 6118//6794 6154//6840 6139//6806
f 6119//6800 6140//6811 6150//6832
f 6113//6783 6141//6817 6152//6838
f 6128//6805 6155//6836 6108//6788
f 6124//6801 6152//6838 6156//6837
f 6109//6792 6172//6841 6144//6822
f 6123//6797 6158//6839 6132//6812
f 6130//6809 6159//6842 6106//6787
f 6134//6815 6160//6843 6133//6813
f 6118//6794 6161//6827 6154//6840
f 6128//6805 6162//6844 6155//6836
f 6126//6803 6163//6835 5313//6824
f 6109//6792 6148//6825 6172//6841
f 6106//6787 6166//6845 6125//6802
f 6130//6809 6164//6834 6159//6842
f 6123//6797 6136//6819 6158//6839
f 6139//6806 6165//6846 6136//6819
f 6128//6805 6129//6808 6162//6844
f 6125//6802 6166//6845 6129//6808
f 6106//6787 6159//6842 6166//6845
f 6139//6806 6154//6840 6165//6846
f 6116//6795 6143//6823 6146//6830
f 5287//6770 6137//6816 5288//6847
f 6138//6820 6167//6848 6137//6816
f 6140//6811 6168//6849 6150//6832
f 6151//6829 6181//6850 6143//6823
f 6122//6798 6173//6851 6153//6826
f 6133//6813 6169//6852 5295//6814
f 6151//6829 6171//6853 6181//6850
f 6135//6818 6170//6854 6145//6828
f 6135//6818 6156//6837 6170//6854
f 6122//6798 6157//6833 6173//6851
f 6148//6825 6149//6831 6179//6855
f 5684//6332 6176//6856 6115//6793
f 6115//6793 6176//6856 6141//6817
f 6137//6816 6174//6857 5288//6847
f 6137//6816 6167//6848 6174//6857
f 5577//6226 6147//6810 5539//6188
f 6144//6822 6171//6853 6151//6829
f 6140//6811 6175//6858 6168//6849
f 6142//6821 6175//6858 6140//6811
f 6153//6826 6189//6859 6149//6831
f 5616//6264 6190//6860 6157//6833
f 6154//6840 6177//6861 6165//6846
f 6134//6815 6146//6830 6160//6843
f 6131//6807 6178//6862 6161//6827
f 6144//6822 6172//6841 6171//6853
f 6155//6836 6175//6858 6142//6821
f 6148//6825 6179//6855 6172//6841
f 6129//6808 6180//6863 6162//6844
f 6153//6826 6173//6851 6189//6859
f 6136//6819 6165//6846 6183//6864
f 6138//6820 6150//6832 6167//6848
f 6131//6807 6145//6828 6178//6862
f 6166//6845 6180//6863 6129//6808
f 6133//6813 6160//6843 6169//6852
f 5633//6282 6190//6860 5616//6264
f 6154//6840 6161//6827 6177//6861
f 6143//6823 6181//6850 6146//6830
f 6166//6845 6182//6865 6180//6863
f 6136//6819 6183//6864 6158//6839
f 6147//6810 5577//6226 6164//6834
f 6150//6832 6184//6866 6167//6848
f 6150//6832 6168//6849 6184//6866
f 6141//6817 6187//6867 6152//6838
f 6152//6838 6198//6868 6156//6837
f 6166//6845 6159//6842 6182//6865
f 6146//6830 6185//6869 6160//6843
f 6141//6817 6176//6856 6187//6867
f 6161//6827 6186//6870 6177//6861
f 6162//6844 6188//6871 6155//6836
f 6152//6838 6187//6867 6198//6868
f 6149//6831 6189//6859 6179//6855
f 6157//6833 6190//6860 6173//6851
f 6161//6827 6191//6872 6186//6870
f 6145//6828 6192//6873 6178//6862
f 6160//6843 6197//6874 6169//6852
f 6161//6827 6178//6862 6191//6872
f 6145//6828 6170//6854 6192//6873
f 6170//6854 6198//6868 6193//6875
f 6156//6837 6198//6868 6170//6854
f 6163//6835 6158//6839 6194//6876
f 6173//6851 6199//6877 6189//6859
f 6158//6839 6183//6864 6195//6878
f 6174//6857 6167//6848 6196//6879
f 6146//6830 6200//6880 6185//6869
f 6176//6856 6202//6881 6187//6867
f 6177//6861 6203//6882 6165//6846
f 6146//6830 6181//6850 6200//6880
f 6172//6841 6206//6883 6171//6853
f 6179//6855 6207//6884 6172//6841
f 6172//6841 6207//6884 6206//6883
f 6163//6835 6208//6885 5313//6824
f 5684//6332 6202//6881 6176//6856
f 6165//6846 6201//6886 6183//6864
f 6164//6834 5577//6226 6204//6887
f 6168//6849 6212//6888 6184//6866
f 6175//6858 6205//6889 6168//6849
f 6163//6835 6194//6876 6208//6885
f 5295//6814 6211//6890 5296//6891
f 6158//6839 6195//6878 6194//6876
f 6169//6852 6211//6890 5295//6814
f 6160//6843 6185//6869 6197//6874
f 6165//6846 6203//6882 6201//6886
f 6181//6850 6171//6853 6209//6892
f 6168//6849 6205//6889 6212//6888
f 6175//6858 6213//6893 6205//6889
f 6162//6844 6180//6863 6188//6871
f 6189//6859 6199//6877 6210//6894
f 6159//6842 6214//6895 6182//6865
f 6174//6857 6215//6896 5288//6847
f 6184//6866 6220//6897 6167//6848
f 6178//6862 6192//6873 6191//6872
f 6155//6836 6213//6893 6175//6858
f 6170//6854 6193//6875 6192//6873
f 6179//6855 6216//6898 6207//6884
f 6164//6834 6214//6895 6159//6842
f 6183//6864 6201//6886 6195//6878
f 6169//6852 6197//6874 6211//6890
f 6174//6857 6196//6879 6215//6896
f 5633//6282 5657//6313 6190//6860
f 6184//6866 6212//6888 6220//6897
f 6164//6834 6204//6887 6214//6895
f 6198//6868 6187//6867 6217//6899
f 6155//6836 6188//6871 6213//6893
f 5313//6824 6208//6885 5301//6900
f 6180//6863 6219//6901 6188//6871
f 6180//6863 6182//6865 6218//6902
f 6189//6859 6216//6898 6179//6855
f 5697//6345 6202//6881 5684//6332
f 6181//6850 6209//6892 6200//6880
f 6189//6859 6210//6894 6216//6898
f 6180//6863 6218//6902 6219//6901
f 6167//6848 6220//6897 6196//6879
f 6177//6861 6186//6870 6203//6882
f 6171//6853 6221//6903 6209//6892
f 6198//6868 6222//6904 6193//6875
f 6173//6851 6223//6905 6199//6877
f 5587//6236 6204//6887 5577//6226
f 6173//6851 6190//6860 6223//6905
f 6198//6868 6217//6899 6222//6904
f 6171//6853 6224//6906 6221//6903
f 6206//6883 6224//6906 6171//6853
f 6206//6883 6207//6884 6224//6906
f 6200//6880 6238//6907 6185//6869
f 6192//6873 6225//6908 6191//6872
f 6193//6875 6222//6904 6192//6873
f 6196//6879 6226//6909 6215//6896
f 6203//6882 6227//6910 6201//6886
f 6190//6860 5657//6313 6223//6905
f 6186//6870 6228//6911 6203//6882
f 6212//6888 6205//6889 6239//6912
f 6187//6867 6230//6913 6217//6899
f 6208//6885 6231//6914 5301//6900
f 6188//6871 6232//6915 6213//6893
f 6199//6877 6242//6916 6210//6894
f 6191//6872 6228//6911 6186//6870
f 6191//6872 6225//6908 6229//6917
f 6192//6873 6222//6904 6225//6908
f 6194//6876 6231//6914 6208//6885
f 6188//6871 6234//6918 6232//6915
f 6195//6878 6235//6919 6194//6876
f 6194//6876 6235//6919 6233//6920
f 6182//6865 6236//6921 6218//6902
f 6197//6874 6237//6922 6211//6890
f 6185//6869 6238//6907 6197//6874
f 6203//6882 6228//6911 6227//6910
f 6220//6897 6239//6912 6245//6923
f 6212//6888 6239//6912 6220//6897
f 6191//6872 6229//6917 6228//6911
f 6194//6876 6233//6920 6231//6914
f 6188//6871 6219//6901 6234//6918
f 6214//6895 6240//6924 6182//6865
f 6182//6865 6240//6924 6236//6921
f 5288//6847 6215//6896 5289//6925
f 6216//6898 6241//6926 6207//6884
f 6210//6894 6242//6916 6216//6898
f 6199//6877 6243//6927 6242//6916
f 6211//6890 6244//6928 5296//6891
f 6187//6867 6202//6881 6230//6913
f 6197//6874 6238//6907 6237//6922
f 6220//6897 6245//6923 6196//6879
f 6200//6880 6257//6929 6238//6907
f 6204//6887 6246//6930 6214//6895
f 6214//6895 6246//6930 6240//6924
f 6205//6889 6247//6931 6239//6912
f 6199//6877 6223//6905 6243//6927
f 6207//6884 6253//6932 6224//6906
f 6200//6880 6209//6892 6257//6929
f 6207//6884 6241//6926 6253//6932
f 6216//6898 6242//6916 6241//6926
f 6201//6886 6248//6933 6195//6878
f 6218//6902 6249//6934 6219//6901
f 6218//6902 6236//6921 6249//6934
f 6215//6896 6226//6909 5289//6925
f 6196//6879 6245//6923 6226//6909
f 6224//6906 6250//6935 6221//6903
f 6205//6889 6213//6893 6247//6931
f 5697//6345 6254//6936 6202//6881
f 5727//6373 6254//6936 5697//6345
f 5604//6253 6246//6930 5587//6236
f 5587//6236 6246//6930 6204//6887
f 6209//6892 6251//6937 6257//6929
f 6225//6908 6252//6938 6229//6917
f 6224//6906 6253//6932 6250//6935
f 6195//6878 6248//6933 6235//6919
f 6211//6890 6237//6922 6244//6928
f 6202//6881 6254//6936 6230//6913
f 6227//6910 6255//6939 6201//6886
f 6223//6905 5657//6313 6243//6927
f 6201//6886 6255//6939 6248//6933
f 6228//6911 6260//6940 6227//6910
f 6221//6903 6251//6937 6209//6892
f 6213//6893 6256//6941 6247//6931
f 6213//6893 6232//6915 6256//6941
f 6221//6903 6269//6942 6251//6937
f 6225//6908 6258//6943 6252//6938
f 6222//6904 6258//6943 6225//6908
f 6235//6919 6259//6944 6233//6920
f 6219//6901 6249//6934 6234//6918
f 5678//6326 6264//6945 5657//6313
f 5657//6313 6264//6945 6243//6927
f 6221//6903 6250//6935 6269//6942
f 6227//6910 6260//6940 6255//6939
f 6228//6911 6279//6946 6260//6940
f 6217//6899 6286//6947 6222//6904
f 6222//6904 6286//6947 6258//6943
f 6242//6916 6261//6948 6241//6926
f 6242//6916 6243//6927 6261//6948
f 6238//6907 6283//6949 6237//6922
f 6229//6917 6263//6950 6228//6911
f 6228//6911 6263//6950 6279//6946
f 6217//6899 6230//6913 6286//6947
f 6238//6907 6257//6929 6283//6949
f 6257//6929 6251//6937 6262//6951
f 6229//6917 6252//6938 6263//6950
f 6237//6922 6267//6952 6244//6928
f 6249//6934 6270//6953 6234//6918
f 6236//6921 6265//6954 6249//6934
f 6231//6914 6271//6955 5301//6900
f 6233//6920 6274//6956 6231//6914
f 6245//6923 6285//6957 6226//6909
f 6245//6923 6239//6912 6266//5448
f 6247//6931 6256//6941 6268//5458
f 6253//6932 6272//6958 6250//6935
f 6249//6934 6265//6954 6270//6953
f 6240//6924 6273//6959 6236//6921
f 6236//6921 6273//6959 6265//6954
f 6231//6914 6274//6956 6271//6955
f 5289//6925 6275//6960 4835//5451
f 6243//6927 6276//6961 6261//6948
f 6233//6920 6259//6944 6274//6956
f 6244//6928 6277//6962 5296//6891
f 5296//6891 6277//6962 5297//6963
f 6244//6928 6267//6952 6277//6962
f 6248//6933 6278//6964 6235//6919
f 6245//6923 6266//5448 6285//6957
f 6234//6918 6280//6965 6232//6915
f 5727//6373 6281//6966 6254//6936
f 6226//6909 6275//6960 5289//6925
f 6235//6919 6282//6967 6259//6944
f 6237//6922 6283//6949 6267//6952
f 6257//6929 6284//6968 6283//6949
f 6243//6927 6264//6945 6276//6961
f 6240//6924 6246//6930 6273//6959
f 6258//6943 6294//6969 6252//6938
f 6232//6915 6289//6970 6256//6941
f 6235//6919 6278//6964 6282//6967
f 6254//6936 6291//6971 6230//6913
f 6226//6909 6285//6957 6275//6960
f 6248//6933 6255//6939 6278//6964
f 6257//6929 6262//6951 6284//6968
f 6258//6943 6286//6947 6294//6969
f 6239//6912 6287//6972 6266//5448
f 6230//6913 6296//6973 6286//6947
f 5301//6900 6271//6955 5302//6974
f 6254//6936 6281//6966 6291//6971
f 6232//6915 6280//6965 6289//6970
f 6234//6918 6270//6953 6280//6965
f 6260//6940 6293//6975 6255//6939
f 6230//6913 6291//6971 6296//6973
f 6253//6932 6241//6926 6272//6958
f 6246//6930 6292//6976 6273//6959
f 6241//6926 6261//6948 6288//6977
f 6261//6948 6276//6961 6290//6978
f 6247//6931 6287//6972 6239//6912
f 6255//6939 6293//6975 6278//6964
f 6260//6940 6279//6946 6293//6975
f 6252//6938 6294//6969 6263//6950
f 6250//6935 6299//6979 6269//6942
f 6247//6931 6268//5458 6287//6972
f 6251//6937 6295//6980 6262//6951
f 6250//6935 6272//6958 6299//6979
f 6241//6926 6297//6981 6272//6958
f 6277//6962 6298//6982 5297//6963
f 5678//6326 6303//6983 6264//6945
f 6251//6937 6269//6942 6295//6980
f 6241//6926 6288//6977 6297//6981
f 6261//6948 6290//6978 6288//6977
f 5613//6261 6246//6930 5604//6253
f 6259//6944 6300//6984 6274//6956
f 6278//6964 6301//6985 6282//6967
f 4835//5451 6275//6960 4836//5456
f 5693//6341 6303//6983 5678//6326
f 6274//6956 6319//6986 6271//6955
f 6265//6954 6302//6987 6270//6953
f 6259//6944 6282//6967 6300//6984
f 6275//6960 6285//6957 4836//5456
f 5613//6261 6292//6976 6246//6930
f 6283//6949 6284//6968 6309//6988
f 6264//6945 6303//6983 6276//6961
f 6268//5458 6311//5460 6287//6972
f 6272//6958 6305//6989 6299//6979
f 6256//6941 6289//6970 6268//5458
f 6274//6956 6300//6984 6319//6986
f 6265//6954 6306//6990 6302//6987
f 6277//6962 6267//6952 6298//6982
f 6278//6964 6293//6975 6301//6985
f 4836//5456 6285//6957 4837//5477
f 6279//6946 6307//6991 6293//6975
f 6279//6946 6263//6950 6307//6991
f 6294//6969 6314//6992 6263//6950
f 6286//6947 6308//6993 6294//6969
f 6294//6969 6308//6993 6304//6994
f 5743//6404 6281//6966 5727//6373
f 6265//6954 6273//6959 6306//6990
f 6283//6949 6309//6988 6267//6952
f 4837//5477 6266//5448 4838//5450
f 6285//6957 6266//5448 4837//5477
f 6269//6942 6299//6979 6295//6980
f 6294//6969 6304//6994 6314//6992
f 6272//6958 6297//6981 6305//6989
f 6286//6947 6296//6973 6308//6993
f 6293//6975 6310//6995 6301//6985
f 6262//6951 6318//6996 6284//6968
f 6263//6950 6312//6997 6307//6991
f 6266//5448 6287//6972 4839//5449
f 6262//6951 6295//6980 6318//6996
f 6263//6950 6314//6992 6312//6997
f 6280//6965 4847//5469 6289//6970
f 6299//6979 6305//6989 6313//6998
f 6270//6953 4786//5471 6280//6965
f 6287//6972 6311//5460 4839//5449
f 6267//6952 6315//6999 6298//6982
f 6293//6975 6307//6991 6310//6995
f 6270//6953 6302//6987 4786//5471
f 6288//6977 6316//7000 6297//6981
f 6289//6970 4846//5462 6268//5458
f 6288//6977 6290//6978 6316//7000
f 6282//6967 6317//7001 6300//6984
f 6267//6952 6309//6988 6315//6999
f 6284//6968 6318//6996 6309//6988
f 6289//6970 4847//5469 4846//5462
f 6280//6965 4852//5473 4847//5469
f 6276//6961 6320//7002 6290//6978
f 6282//6967 6301//6985 6317//7001
f 6273//6959 4138//4779 6306//6990
f 6307//6991 6321//7003 6310//6995
f 6280//6965 4786//5471 4852//5473
f 6273//6959 6292//6976 4138//4779
f 6296//6973 6322//7004 6308//6993
f 5743//6404 6329//7005 6281//6966
f 6281//6966 6329//7005 6291//6971
f 5613//6261 4119//4762 6292//6976
f 6276//6961 6303//6983 6320//7002
f 6299//6979 6334//7006 6295//6980
f 6298//6982 6323//7007 5297//6963
f 6296//6973 6291//6971 6322//7004
f 6298//6982 6315//6999 6323//7007
f 6307//6991 6312//6997 6321//7003
f 6299//6979 6313//6998 6334//7006
f 6271//6955 6324//7008 5302//6974
f 6290//6978 6325//7009 6316//7000
f 6309//6988 6326//7010 6315//6999
f 6309//6988 6318//6996 6326//7010
f 6303//6983 6327//7011 6320//7002
f 6295//6980 6336//7012 6318//6996
f 6292//6976 4119//4762 4138//4779
f 6297//6981 6332//7013 6305//6989
f 4786//5471 6306//6990 4783//7014
f 6271//6955 6319//6986 6324//7008
f 6302//6987 6306//6990 4786//5471
f 6290//6978 6320//7002 6325//7009
f 6301//6985 6328//7015 6317//7001
f 6291//6971 6329//7005 6322//7004
f 4783//7014 6306//6990 3874//4791
f 6301//6985 6310//6995 6328//7015
f 5703//6363 6327//7011 5693//6341
f 5693//6341 6327//7011 6303//6983
f 6306//6990 4138//4779 3874//4791
f 6308//6993 6331//7016 6304//6994
f 6305//6989 6332//7013 6313//6998
f 6297//6981 6316//7000 6332//7013
f 6314//6992 6340//7017 6312//6997
f 6314//6992 6304//6994 6330//7018
f 6319//6986 6300//6984 6333//7019
f 6310//6995 6321//7003 6335//7020
f 6295//6980 6334//7006 6336//7012
f 6314//6992 6330//7018 6340//7017
f 5297//6963 6323//7007 5298//7021
f 6322//7004 6329//7005 6343//7022
f 6310//6995 6335//7020 6328//7015
f 6304//6994 6331//7016 6330//7018
f 6308//6993 6322//7004 6331//7016
f 6316//7000 6337//7023 6332//7013
f 6319//6986 6333//7019 6324//7008
f 6316//7000 6325//7009 6337//7023
f 5766//6425 6329//7005 5743//6404
f 6300//6984 6317//7001 6333//7019
f 6318//6996 6338//7024 6326//7010
f 6328//7015 6346//7025 6317//7001
f 6321//7003 6339//7026 6335//7020
f 6318//6996 6336//7012 6338//7024
f 6312//6997 6340//7017 6321//7003
f 6313//6998 6341//7027 6334//7006
f 5302//6974 6324//7008 5303//7028
f 6328//7015 6359//7029 6346//7025
f 6315//6999 6342//7030 6323//7007
f 6328//7015 6335//7020 6359//7029
f 6322//7004 6343//7022 6331//7016
f 6332//7013 6344//7031 6313//6998
f 6313//6998 6344//7031 6341//7027
f 6332//7013 6337//7023 6344//7031
f 6325//7009 6345//7032 6337//7023
f 6317//7001 6346//7025 6333//7019
f 6326//7010 6342//7030 6315//6999
f 6325//7009 6320//7002 6345//7032
f 6323//7007 6347//7033 5298//7021
f 5703//6363 6348//7034 6327//7011
f 6321//7003 6340//7017 6339//7026
f 6329//7005 5766//6425 6343//7022
f 6327//7011 6348//7034 6320//7002
f 6323//7007 6342//7030 6347//7033
f 6335//7020 6339//7026 6354//7035
f 6326//7010 6351//7036 6342//7030
f 6336//7012 6361//7037 6338//7024
f 6334//7006 6352//7038 6336//7012
f 6331//7016 6349//7039 6330//7018
f 6334//7006 6341//7027 6352//7038
f 6331//7016 6343//7022 6350//7040
f 6320//7002 6348//7034 6345//7032
f 6337//7023 6353//7041 6344//7031
f 6326//7010 6338//7024 6351//7036
f 6331//7016 6350//7040 6349//7039
f 6335//7020 6354//7035 6359//7029
f 6330//7018 6355//7042 6340//7017
f 6324//7008 6356//7043 5303//7028
f 6333//7019 6357//7044 6324//7008
f 6330//7018 6349//7039 6355//7042
f 6324//7008 6357//7044 6356//7043
f 6333//7019 6358//7045 6357//7044
f 6341//7027 6360//7046 6352//7038
f 6337//7023 6345//7032 6353//7041
f 5766//6425 5783//6448 6343//7022
f 6346//7025 6358//7045 6333//7019
f 6338//7024 6361//7037 6351//7036
f 6346//7025 6359//7029 6358//7045
f 6342//7030 6364//7047 6347//7033
f 6342//7030 6351//7036 6364//7047
f 6340//7017 6362//7048 6339//7026
f 6340//7017 6355//7042 6363//7049
f 6348//7034 6374//7050 6345//7032
f 6348//7034 6366//7051 6374//7050
f 6336//7012 6372//7052 6361//7037
f 6340//7017 6363//7049 6362//7048
f 5734//6390 6348//7034 5703//6363
f 6354//7035 6339//7026 6365//7053
f 6336//7012 6352//7038 6372//7052
f 6352//7038 6360//7046 6373//7054
f 6349//7039 6367//7055 6355//7042
f 6353//7041 6371//7056 6344//7031
f 6343//7022 6369//7057 6350//7040
f 6341//7027 6370//7058 6360//7046
f 6349//7039 6350//7040 6367//7055
f 6353//7041 6385//7059 6371//7056
f 6354//7035 6368//7060 6359//7029
f 6352//7038 6373//7054 6372//7052
f 6344//7031 6370//7058 6341//7027
f 6353//7041 6345//7032 6385//7059
f 6343//7022 5783//6448 6369//7057
f 6354//7035 6365//7053 6368//7060
f 6344//7031 6371//7056 6370//7058
f 6357//7044 6381//7061 6356//7043
f 6347//7033 6364//7047 6376//7062
f 6345//7032 6374//7050 6385//7059
f 6361//7037 6378//7063 6351//7036
f 6358//7045 6382//7064 6357//7044
f 6347//7033 6376//7062 5298//7021
f 6359//7029 6377//7065 6358//7045
f 5734//6390 6366//7051 6348//7034
f 6364//7047 6378//7063 6375//7066
f 6351//7036 6378//7063 6364//7047
f 6361//7037 6372//7052 6378//7063
f 6355//7042 6380//7067 6363//7049
f 6356//7043 6381//7061 5303//7028
f 6357//7044 6382//7064 6381//7061
f 5783//6448 5804//6455 6369//7057
f 6359//7029 6368//7060 6377//7065
f 6362//7048 6383//7068 6339//7026
f 6339//7026 6383//7068 6365//7053
f 6350//7040 6369//7057 6388//7069
f 6362//7048 6363//7049 6379//7070
f 5298//7021 6376//7062 5299//7071
f 6364//7047 6389//7072 6376//7062
f 6360//7046 6392//7073 6373//7054
f 6362//7048 6379//7070 6383//7068
f 6355//7042 6367//7055 6380//7067
f 6364//7047 6375//7066 6389//7072
f 6366//7051 6384//7074 6374//7050
f 6369//7057 6386//7075 6388//7069
f 6360//7046 6387//7076 6392//7073
f 6370//7058 6387//7076 6360//7046
f 6350//7040 6388//7069 6367//7055
f 6363//7049 6380//7067 6379//7070
f 5303//7028 6381//7061 5304//7077
f 6374//7050 6396//7078 6385//7059
f 6369//7057 5804//6455 6386//7075
f 6358//7045 6390//7079 6382//7064
f 6368//7060 6391//7080 6377//7065
f 6371//7056 6393//7081 6370//7058
f 6358//7045 6377//7065 6390//7079
f 6373//7054 6395//7082 6372//7052
f 6370//7058 6393//7081 6387//7076
f 6381//7061 6394//7083 5304//7077
f 6371//7056 6385//7059 6393//7081
f 6368//7060 6365//7053 6391//7080
f 6365//7053 6383//7068 6401//7084
f 6373//7054 6392//7073 6395//7082
f 6376//7062 6397//7085 5299//7071
f 5749//6411 6366//7051 5734//6390
f 6372//7052 6400//7086 6378//7063
f 6380//7067 6398//7087 6379//7070
f 6367//7055 6404//7088 6380//7067
f 6376//7062 6389//7072 6397//7085
f 6382//7064 6399//7089 6381//7061
f 6365//7053 6401//7084 6391//7080
f 6372//7052 6395//7082 6400//7086
f 6367//7055 6388//7069 6404//7088
f 6374//7050 6384//7074 6396//7078
f 6378//7063 6402//7090 6375//7066
f 6389//7072 6375//7066 6409//7091
f 6378//7063 6400//7086 6402//7090
f 6380//7067 6404//7088 6398//7087
f 6377//7065 6405//7092 6390//7079
f 6366//7051 6403//7093 6384//7074
f 5749//6411 6403//7093 6366//7051
f 6379//7070 6406//7094 6383//7068
f 6396//7078 6408//7095 6385//7059
f 6385//7059 6408//7095 6393//7081
f 6389//7072 6409//7091 6397//7085
f 6381//7061 6399//7089 6394//7083
f 6375//7066 6422//7096 6409//7091
f 6377//7065 6391//7080 6405//7092
f 6392//7073 6387//7076 6407//7097
f 6388//7069 6410//7098 6404//7088
f 6382//7064 6411//7099 6399//7089
f 6375//7066 6402//7090 6422//7096
f 6379//7070 6398//7087 6406//7094
f 5804//6455 6413//7100 6386//7075
f 6382//7064 6390//7079 6411//7099
f 6391//7080 6401//7084 6417//7101
f 6383//7068 6414//7102 6401//7084
f 6400//7086 6395//7082 6412//7103
f 6392//7073 6424//7104 6395//7082
f 6386//7075 6413//7100 6388//7069
f 6384//7074 6416//7105 6396//7078
f 6383//7068 6406//7094 6414//7102
f 6392//7073 6407//7097 6424//7104
f 6387//7076 6415//7106 6407//7097
f 6393//7081 6415//7106 6387//7076
f 5329//5974 6413//7100 5804//6455
f 6391//7080 6417//7101 6405//7092
f 6388//7069 6413//7100 6410//7098
f 6400//7086 6412//7103 6402//7090
f 6384//7074 6418//7107 6416//7105
f 6393//7081 6408//7095 6415//7106
f 6396//7078 6416//7105 6408//7095
f 6394//7083 6419//7108 5304//7077
f 6384//7074 6403//7093 6418//7107
f 6401//7084 6420//7109 6417//7101
f 6404//7088 6429//7110 6398//7087
f 6397//7085 6421//7111 5299//7071
f 5770//6419 6418//7107 5749//6411
f 6390//7079 6405//7092 6411//7099
f 5749//6411 6418//7107 6403//7093
f 6401//7084 6414//7102 6420//7109
f 6406//7094 6423//7112 6414//7102
f 6409//7091 6421//7111 6397//7085
f 6409//7091 6422//7096 6421//7111
f 6395//7082 6424//7104 6412//7103
f 6406//7094 6398//7087 6423//7112
f 6404//7088 6425//7113 6429//7110
f 6408//7095 6426//7114 6415//7106
f 6394//7083 6399//7089 6419//7108
f 6413//7100 6427//7115 6410//7098
f 6410//7098 6425//7113 6404//7088
f 6411//7099 6428//7116 6399//7089
f 6402//7090 6436//7117 6422//7096
f 6398//7087 6429//7110 6423//7112
f 6415//7106 6430//7118 6407//7097
f 6415//7106 6426//7114 6430//7118
f 6416//7105 6443//7119 6408//7095
f 6399//7089 6431//7120 6419//7108
f 6416//7105 6433//7121 6443//7119
f 5299//7071 6421//7111 5290//7122
f 6399//7089 6428//7116 6431//7120
f 6405//7092 6434//7123 6411//7099
f 6412//7103 6435//7124 6402//7090
f 6432//7125 6437//7126 6407//7097
f 6407//7097 6437//7126 6424//7104
f 6418//7107 6433//7121 6416//7105
f 6407//7097 6430//7118 6432//7125
f 5329//5974 5355//5998 6413//7100
f 6413//7100 5355//5998 6427//7115
f 6417//7101 6434//7123 6405//7092
f 6417//7101 6438//7127 6434//7123
f 6412//7103 6424//7104 6435//7124
f 6414//7102 6439//7128 6420//7109
f 6410//7098 6440//7129 6425//7113
f 5304//7077 6419//7108 5305//7130
f 6402//7090 6441//7131 6436//7117
f 6418//7107 6442//7132 6433//7121
f 6417//7101 6420//7109 6438//7127
f 6410//7098 6427//7115 6440//7129
f 6408//7095 6443//7119 6426//7114
f 6422//7096 6450//7133 6421//7111
f 5770//6419 6442//7132 6418//7107
f 6411//7099 6434//7123 6428//7116
f 6402//7090 6435//7124 6441//7131
f 6414//7102 6423//7112 6439//7128
f 6419//7108 6444//7134 5305//7130
f 6419//7108 6431//7120 6444//7134
f 6422//7096 6436//7117 6450//7133
f 6428//7116 6454//7135 6431//7120
f 6423//7112 6446//7136 6439//7128
f 6423//7112 6429//7110 6445//7137
f 6425//7113 6456//7138 6429//7110
f 6423//7112 6445//7137 6446//7136
f 6425//7113 6447//7139 6456//7138
f 5789//6438 6442//7132 5770//6419
f 6424//7104 6448//7140 6435//7124
f 6420//7109 6439//7128 6438//7127
f 6430//7118 6426//7114 6452//7141
f 6425//7113 6440//7129 6447//7139
f 6421//7111 6450//7133 5290//7122
f 6436//7117 6451//7142 6450//7133
f 6437//7126 6448//7140 6424//7104
f 6437//7126 6432//7125 6449//7143
f 6437//7126 6449//7143 6448//7140
f 6430//7118 6452//7141 6432//7125
f 6431//7120 6454//7135 6444//7134
f 6436//7117 6441//7131 6451//7142
f 6428//7116 6465//7144 6454//7135
f 6445//7137 6455//7145 6446//7136
f 6429//7110 6456//7138 6445//7137
f 6443//7119 6433//7121 6453//7146
f 6428//7116 6434//7123 6465//7144
f 6427//7115 6459//7147 6440//7129
f 6432//7125 6452//7141 6449//7143
f 6426//7114 6457//7148 6452//7141
f 6427//7115 5355//5998 6459//7147
f 6442//7132 6458//7149 6433//7121
f 6443//7119 6457//7148 6426//7114
f 6434//7123 6461//7150 6465//7144
f 6435//7124 6468//7151 6441//7131
f 6439//7128 6446//7136 6466//7152
f 6443//7119 6453//7146 6457//7148
f 6444//7134 6454//7135 6467//7153
f 6450//7133 6451//7142 6460//7154
f 6448//7140 6462//7155 6435//7124
f 6435//7124 6462//7155 6468//7151
f 6445//7137 6456//7138 6455//7145
f 6434//7123 6438//7127 6461//7150
f 6439//7128 6466//7152 6438//7127
f 6452//7141 6457//7148 6463//7156
f 6450//7133 6464//7157 5290//7122
f 6444//7134 6467//7153 5305//7130
f 5355//5998 6478//7158 6459//7147
f 6441//7131 6468//7151 6451//7142
f 5377//6026 6478//7158 5355//5998
f 6433//7121 6469//7159 6453//7146
f 5290//7122 6464//7157 5291//6459
f 6450//7133 6460//7154 6464//7157
f 5789//6438 6458//7149 6442//7132
f 6438//7127 6470//7160 6461//7150
f 6438//7127 6466//7152 6470//7160
f 6440//7129 6477//7161 6447//7139
f 6454//7135 6480//7162 6467//7153
f 6433//7121 6458//7149 6469//7159
f 6440//7129 6459//7147 6477//7161
f 6454//7135 6465//7144 6480//7162
f 5807//6453 6458//7149 5789//6438
f 6449//7143 6472//7163 6448//7140
f 6446//7136 6473//7164 6466//7152
f 6449//7143 6452//7141 6472//7163
f 6451//7142 6468//7151 6471//7165
f 6448//7140 6474//6483 6462//7155
f 6455//7145 6473//7164 6446//7136
f 6456//7138 6476//7166 6455//7145
f 6456//7138 6477//7161 6476//7166
f 6447//7139 6477//7161 6456//7138
f 6451//7142 6471//7165 6460//7154
f 6465//7144 6461//7150 6484//7167
f 6448//7140 6472//7163 6474//6483
f 6452//7141 6479//6474 6472//7163
f 6475//7168 6463//7156 6457//7148
f 6457//7148 6453//7146 6475//7168
f 6452//7141 6463//7156 6479//6474
f 6461//7150 6481//7169 6484//7167
f 6461//7150 6470//7160 6481//7169
f 6466//7152 6473//7164 6485//7170
f 6462//7155 6482//7171 6468//7151
f 6462//7155 6474//6483 6482//7171
f 6459//7147 6488//7172 6477//7161
f 6453//7146 6469//7159 6475//7168
f 6464//7157 6483//6457 5291//6459
f 6465//7144 6484//7167 6480//7162
f 6459//7147 6478//7158 6488//7172
f 6466//7152 6485//7170 6470//7160
f 6455//7145 6486//6470 6473//7164
f 5305//7130 6467//7153 5306//6477
f 6455//7145 6476//7166 6486//6470
f 6473//7164 6493//6467 6485//7170
f 6472//7163 6479//6474 6487//6487
f 6467//7153 6489//6475 5306//6477
f 6472//7163 6487//6487 6474//6483
f 6473//7164 5822//6468 6493//6467
f 6467//7153 6480//7162 6489//6475
f 6458//7149 5320//5970 6469//7159
f 6469//7159 5320//5970 5814//6495
f 5807//6453 5320//5970 6458//7149
f 6484//7167 6481//7169 6490//6461
f 6471//7165 5815//6480 6460//7154
f 6478//7158 6491//6464 6488//7172
f 6470//7160 5819//6481 6481//7169
f 6473//7164 6486//6470 5822//6468
f 5392//6045 6478//7158 5377//6026
f 6470//7160 6492//6498 5819//6481
f 6469//7159 5809//6494 6475//7168
f 6477//7161 5811//6500 6476//7166
f 6460//7154 6494//6460 6464//7157
f 6480//7162 5816//6463 5812//6489
f 6464//7157 6494//6460 6483//6457
f 6484//7167 5816//6463 6480//7162
f 6460//7154 5815//6480 6494//6460
f 6468//7151 6495//6478 6471//7165
f 6470//7160 6485//7170 6492//6498
f 6469//7159 5814//6495 5809//6494
f 6463//7156 6496//6472 6479//6474
f 6477//7161 6488//7172 5811//6500
f 5392//6045 6491//6464 6478//7158
f 6484//7167 6490//6461 5816//6463
f 6468//7151 5820//6482 6495//6478
f 6482//7171 5820//6482 6468//7151
f 6482//7171 6474//6483 5820//6482
f 6463//7156 6475//7168 6496//6472
f 6480//7162 5812//6489 6489//6475
f 6471//7165 6495//6478 5815//6480
f 6485//7170 6493//6467 6492//6498
f 6476//7166 5810//6488 6486//6470
f 6476//7166 5811//6500 5810//6488
f 6488//7172 6491//6464 5825//6466
f 6475//7168 5809//6494 6496//6472
f 6481//7169 5819//6481 6490//6461
f 6487//6487 5823//6484 6474//6483
f 6494//6460 5815//6480 5829//6492
f 6488//7172 5825//6466 5811//6500
f 6474//6483 5821//6485 5820//6482
f 6493//6467 5835//6469 6492//6498
f 6497//7173 4513//7174 6513//7175
f 6498//7176 4512//7177 4513//7174
f 6499//7178 5047//7179 4813//7179
f 5052//7180 5047//7179 6499//7178
f 6497//7173 6498//7176 4513//7174
f 6500//7181 5052//7180 6499//7178
f 6500//7181 5057//7182 5052//7180
f 6501//7175 5057//7182 6500//7181
f 5061//7175 5057//7182 6501//7175
f 6502//7183 5061//7175 6501//7175
f 6502//7183 5063//7184 5061//7175
f 6502//7183 5065//7185 5063//7184
f 4565//7186 6503//7187 4522//7188
f 6502//7183 5069//7189 5065//7185
f 6504//7178 6503//7187 4565//7186
f 6504//7178 4565//7186 4571//7190
f 6505//7173 5069//7189 6502//7183
f 6505//7173 5071//7191 5069//7189
f 6504//7178 4571//7190 4506//7192
f 6506//7193 6504//7178 4506//7192
f 4526//7175 6506//7193 4506//7192
f 6507//7177 5314//7175 5317//7194
f 6508//7195 5314//7175 6507//7177
f 6509//7196 5071//7191 6505//7173
f 6509//7196 5084//7197 5071//7191
f 6508//7195 5316//7198 5314//7175
f 6509//7196 6507//7177 5317//7194
f 6509//7196 5317//7194 5084//7197
f 6510//7199 6506//7193 4526//7175
f 6511//7194 5316//7198 6508//7195
f 6511//7194 5318//7173 5316//7198
f 6512//7200 5318//7173 6511//7194
f 6512//7200 5319//7174 5318//7173
f 6512//7200 5315//7175 5319//7174
f 6510//7199 4526//7175 4549//7201
f 6513//7175 5315//7175 6512//7200
f 6498//7176 6510//7199 4549//7201
f 6513//7175 4513//7174 5315//7175
f 6498//7176 4549//7201 4512//7177
f 5638//6291 6517//7202 5666//6333
f 6520//7203 6546//7204 6521//7205
f 6527//7206 6541//7207 6657//7208
f 4566//5178 6663//7209 6520//7203
f 4566//5178 4563//5173 6663//7209
f 6527//7206 6657//7208 6518//7210
f 6524//7211 5590//6238 6514//7212
f 6535//7213 6539//7214 6536//7215
f 6540//7216 6552//7217 6541//7207
f 6537//7218 6538//7219 6524//7211
f 6521//7205 6546//7204 6547//7220
f 6549//7221 6550//7222 6531//7223
f 6556//7224 6557//7225 6549//7221
f 6535//7213 6536//7215 6528//7226
f 6565//7227 6651//7228 6559//7229
f 6543//7230 6539//7214 6535//7213
f 6522//7231 6616//7232 6564//7233
f 6567//7234 6523//7235 6653//7236
f 4566//5178 6520//7203 6558//7237
f 6540//7216 6541//7207 6527//7206
f 6568//7238 6530//7239 6522//7231
f 6542//7240 6523//7235 6567//7234
f 6551//7241 6552//7217 6540//7216
f 6545//7242 6625//7243 6530//7239
f 6569//7244 6553//7245 6538//7219
f 6569//7244 6538//7219 6537//7218
f 6558//7237 6520//7203 6521//7205
f 6571//7246 6559//7229 6544//7247
f 6572//7248 6529//7249 6526//7250
f 6572//7248 6526//7250 6517//7202
f 6573//7251 6535//7213 6528//7226
f 6573//7251 6528//7226 6529//7249
f 6575//7252 6543//7230 6535//7213
f 6574//7253 5490//6145 5463//6121
f 6576//7254 6562//7255 6561//7256
f 6576//7254 6566//7257 6562//7255
f 6577//7258 6563//7259 6554//7260
f 6577//7258 4004//4640 4032//4669
f 6579//7261 6532//7262 6525//7263
f 6580//7264 6514//7212 5490//6145
f 6578//7265 6521//7205 6547//7220
f 6579//7261 6531//7223 6532//7262
f 6581//7266 6517//7202 5638//6291
f 6582//7267 6516//7268 6566//7257
f 6582//7267 6515//7269 6516//7268
f 6584//7270 6556//7224 6549//7221
f 6583//7271 6524//7211 6514//7212
f 6585//6405 6560//7272 5771//6426
f 6515//7269 6533//7273 6534//7274
f 6586//7275 6519//7276 6556//7224
f 6570//7277 6525//7263 6560//7272
f 6572//7248 6517//7202 6581//7266
f 6587//7278 6548//7279 6533//7273
f 6575//7252 6535//7213 6573//7251
f 6588//4664 5394//6062 6548//7279
f 6589//7280 6543//7230 6575//7252
f 6588//4664 5451//6108 5394//6062
f 6581//7266 5638//6291 5620//6271
f 6590//7281 6551//7241 6540//7216
f 6558//7237 4572//5181 4566//5178
f 6603//7282 6522//7231 6564//7233
f 6591//7283 6549//7221 6531//7223
f 6567//7234 6653//7236 6565//7227
f 6592//7284 6570//7277 6560//7272
f 6592//7284 6560//7272 6585//6405
f 6589//7280 6547//7220 6543//7230
f 6586//7275 6518//7210 6519//7276
f 6593//7285 6529//7249 6572//7248
f 6593//7285 6573//7251 6529//7249
f 6594//7286 6527//7206 6518//7210
f 6595//7287 6575//7252 6573//7251
f 6596//7288 6555//7289 6542//7240
f 6597//7290 6571//7246 6544//7247
f 6597//7290 6544//7247 6545//7242
f 6598//7291 6578//7265 6547//7220
f 6598//7291 6547//7220 6589//7280
f 6600//7292 6531//7223 6579//7261
f 5581//6230 6581//7266 5620//6271
f 6599//7293 6554//7260 6555//7289
f 6590//7281 4124//4763 4100//4738
f 6601//7294 6561//7256 6553//7245
f 4572//5181 6558//7237 6521//7205
f 4572//5181 6521//7205 6578//7265
f 6590//7281 4100//4738 6551//7241
f 6602//7295 6559//7229 6571//7246
f 6591//7283 6584//7270 6549//7221
f 6601//7294 6553//7245 6569//7244
f 6577//7258 4049//4686 4004//4640
f 6586//7275 6556//7224 6584//7270
f 6574//7253 5463//6121 5422//6076
f 6603//7282 6564//7233 5373//6031
f 6603//7282 5373//6031 5347//6030
f 6604//7296 6575//7252 6595//7287
f 6605//7297 6518//7210 6586//7275
f 6580//7264 5490//6145 6574//7253
f 6595//7287 6573//7251 6593//7285
f 6604//7296 6589//7280 6575//7252
f 6583//7271 6514//7212 6580//7264
f 6590//7281 6540//7216 6527//7206
f 6608//7298 6515//7269 6582//7267
f 6607//7299 6542//7240 6567//7234
f 6591//7283 6531//7223 6600//7292
f 6610//7300 6537//7218 6524//7211
f 6609//7301 6572//7248 6581//7266
f 6611//7302 6548//7279 6587//7278
f 6594//7286 6518//7210 6605//7297
f 6611//7302 6588//4664 6548//7279
f 6602//7295 6565//7227 6559//7229
f 6609//7301 6593//7285 6572//7248
f 6579//7261 6525//7263 6606//7303
f 6612//7304 6598//7291 6589//7280
f 6612//7304 6589//7280 6604//7296
f 6598//7291 4508//5119 4572//5181
f 6598//7291 4572//5181 6578//7265
f 6609//7301 6581//7266 5581//6230
f 6613//7305 6530//7239 6568//7238
f 6613//7305 6545//7242 6530//7239
f 6596//7288 6542//7240 6607//7299
f 6608//7298 6533//7273 6515//7269
f 6606//7303 6525//7263 6570//7277
f 6599//7293 6555//7289 6596//7288
f 6598//7291 4509//5120 4508//5119
f 6577//7258 6554//7260 6599//7293
f 6615//7306 6590//7281 6527//7206
f 5541//6190 6609//7301 5581//6230
f 6614//7307 6595//7287 6593//7285
f 6616//7232 6574//7253 5422//6076
f 6592//7284 6585//6405 5708//6358
f 6617//7308 6567//7234 6565//7227
f 6618//7309 6561//7256 6601//7294
f 6619//7310 6586//7275 6584//7270
f 6618//7309 6576//7254 6561//7256
f 6614//7307 6593//7285 6609//7301
f 6607//7299 6567//7234 6617//7308
f 6621//7311 6580//7264 6574//7253
f 6620//7312 5672//6321 5644//6293
f 6622//7313 6566//7257 6576//7254
f 6614//7307 6604//7296 6595//7287
f 6623//7314 5701//6352 5672//6321
f 6622//7313 6582//7267 6566//7257
f 6624//7315 6527//7206 6594//7286
f 6623//7314 5719//6377 5701//6352
f 4509//5120 6598//7291 6612//7304
f 6625//7243 6583//7271 6580//7264
f 6634//7316 6600//7292 6579//7261
f 6626//7317 5761//6412 5719//6377
f 6615//7306 4124//4763 6590//7281
f 6627//7318 6604//7296 6614//7307
f 6615//7306 4126//4764 4124//4763
f 6610//7300 6524//7211 6583//7271
f 6628//7319 6591//7283 6600//7292
f 6629//7320 5644//6293 5602//6251
f 6630//7321 6587//7278 6533//7273
f 6630//7321 6533//7273 6608//7298
f 6631//7322 6614//7307 6609//7301
f 6619//7310 6605//7297 6586//7275
f 6627//7318 6612//7304 6604//7296
f 6632//7323 6606//7303 6570//7277
f 6568//7238 6522//7231 6603//7282
f 6633//7324 6594//7286 6605//7297
f 6588//4664 3968//4604 5499//4647
f 6588//4664 5499//4647 5451//6108
f 6634//7316 6579//7261 6606//7303
f 6635//7325 6612//7304 6627//7318
f 6624//7315 6615//7306 6527//7206
f 6637//7326 6584//7270 6591//7283
f 6637//7326 6591//7283 6628//7319
f 6620//7312 5644//6293 6629//7320
f 6635//7325 4509//5120 6612//7304
f 5503//6158 6609//7301 5541//6190
f 6638//7327 6599//7293 6596//7288
f 6632//7323 6570//7277 6592//7284
f 6636//7328 6627//7318 6614//7307
f 6599//7293 4062//4699 4049//4686
f 6599//7293 4049//4686 6577//7258
f 6626//7317 5719//6377 6623//7314
f 5808//6456 6603//7282 5347//6030
f 5503//6158 6631//7322 6609//7301
f 6639//7329 6565//7227 6602//7295
f 6636//7328 6614//7307 6631//7322
f 6624//7315 6594//7286 6633//7324
f 6640//7330 6627//7318 6636//7328
f 6635//7325 4544//5153 4509//5120
f 6640//7330 6635//7325 6627//7318
f 6616//7232 5422//6076 5402//6055
f 6641//7331 6636//7328 6631//7322
f 4544//5153 6635//7325 6640//7330
f 5475//6133 6631//7322 5503//6158
f 6621//7311 6574//7253 6616//7232
f 6516//7268 5761//6412 6626//7317
f 6641//7331 6631//7322 5475//6133
f 6643//7332 6636//7328 6641//7331
f 6644//7333 6602//7295 6571//7246
f 6516//7268 5799//5991 5761//6412
f 6643//7332 6640//7330 6636//7328
f 6625//7243 6580//7264 6621//7311
f 6645//7334 6584//7270 6637//7326
f 6646//7335 6568//7238 6603//7282
f 6645//7334 6619//7310 6584//7270
f 6544//7247 6610//7300 6583//7271
f 6648//7336 6643//7332 6641//7331
f 6647//7337 6632//7323 6592//7284
f 6643//7332 4544//5153 6640//7330
f 6643//7332 4560//5168 4544//5153
f 6649//6116 6641//7331 5475//6133
f 6650//7338 6623//7314 5672//6321
f 6651//7228 6537//7218 6610//7300
f 6651//7228 6569//7244 6537//7218
f 6650//7338 5672//6321 6620//7312
f 6563//7259 6587//7278 6630//7321
f 6648//7336 6641//7331 6649//6116
f 6563//7259 6611//7302 6587//7278
f 6652//7339 6607//7299 6617//7308
f 6643//7332 4525//5133 4560//5168
f 6562//7255 6626//7317 6623//7314
f 6653//7236 6601//7294 6569//7244
f 6658//7340 6615//7306 6624//7315
f 6658//7340 4126//4764 6615//7306
f 6550//7222 6545//7242 6613//7305
f 6550//7222 6597//7290 6545//7242
f 6628//7319 6600//7292 6634//7316
f 6638//7327 6596//7288 6607//7299
f 4525//5133 6643//7332 6648//7336
f 6557//7225 6571//7246 6597//7290
f 6629//7320 5602//6251 5590//6238
f 5443//6096 6648//7336 6649//6116
f 6639//7329 6602//7295 6644//7333
f 4524//5131 4525//5133 6648//7336
f 4524//5131 6648//7336 5443//6096
f 6654//7341 6633//7324 6605//7297
f 6654//7341 6605//7297 6619//7310
f 6656//7342 6606//7303 6632//7323
f 6656//7342 6634//7316 6606//7303
f 6657//7208 6617//7308 6565//7227
f 6657//7208 6565//7227 6639//7329
f 6658//7340 6624//7315 6633//7324
f 6555//7289 6608//7298 6582//7267
f 6642//7343 6626//7317 6562//7255
f 6647//7337 6592//7284 5708//6358
f 6534//7274 5799//5991 6516//7268
f 6534//7274 5356//5999 5799//5991
f 6644//7333 6571//7246 6557//7225
f 6618//7309 6601//7294 6653//7236
f 6658//7340 3869//4783 4126//4764
f 6646//7335 6603//7282 6655//7344
f 6628//7319 6634//7316 6659//7345
f 6523//7235 6576//7254 6618//7309
f 6523//7235 6622//7313 6576//7254
f 6532//7262 6568//7238 6646//7335
f 6562//7255 6623//7314 6650//7338
f 6532//7262 6613//7305 6568//7238
f 6654//7341 6619//7310 6660//7346
f 6542//7240 6582//7267 6622//7313
f 6652//7339 6617//7308 6541//7207
f 6656//7342 6632//7323 6661//7347
f 6544//7247 6583//7271 6625//7243
f 6514//7212 5590//6238 5530//6187
f 6630//7321 6608//7298 6555//7289
f 6638//7327 6607//7299 6652//7339
f 6659//7345 6634//7316 6656//7342
f 6557//7225 6597//7290 6550//7222
f 4095//4733 6599//7293 6638//7327
f 4095//4733 4062//4699 6599//7293
f 6653//7236 6569//7244 6651//7228
f 6655//7344 6603//7282 5808//6456
f 5666//6333 6647//7337 5708//6358
f 6611//7302 3988//4622 6588//4664
f 6660//7346 6619//7310 6645//7334
f 6538//7219 6620//7312 6629//7320
f 6661//7347 6632//7323 6647//7337
f 6541//7207 6617//7308 6657//7208
f 6516//7268 6626//7317 6642//7343
f 6662//7348 6637//7326 6628//7319
f 6555//7289 6582//7267 6542//7240
f 6546//7204 6645//7334 6637//7326
f 6524//7211 6629//7320 5590//6238
f 6663//7209 6633//7324 6654//7341
f 6663//7209 6658//7340 6633//7324
f 6536//7215 6659//7345 6656//7342
f 6519//7276 6639//7329 6644//7333
f 6538//7219 6650//7338 6620//7312
f 6539//7214 6628//7319 6659//7345
f 6564//7233 6616//7232 5402//6055
f 6564//7233 5402//6055 5373//6031
f 6546//7204 6660//7346 6645//7334
f 6522//7231 6621//7311 6616//7232
f 6514//7212 5530//6187 5490//6145
f 6528//7226 6656//7342 6661//7347
f 6530//7239 6625//7243 6621//7311
f 3869//4783 6658//7340 6663//7209
f 6552//7217 6638//7327 6652//7339
f 6662//7348 6628//7319 6539//7214
f 6546//7204 6637//7326 6662//7348
f 6560//7272 6655//7344 5808//6456
f 6538//7219 6629//7320 6524//7211
f 6559//7229 6610//7300 6544//7247
f 6519//7276 6657//7208 6639//7329
f 6559//7229 6651//7228 6610//7300
f 6554//7260 6563//7259 6630//7321
f 6526//7250 6661//7347 6647//7337
f 6548//7279 5394//6062 5378//6042
f 6548//7279 5378//6042 5356//5999
f 6536//7215 6656//7342 6528//7226
f 6553//7245 6650//7338 6538//7219
f 6611//7302 4032//4669 3988//4622
f 6523//7235 6618//7309 6653//7236
f 6517//7202 6647//7337 5666//6333
f 6566//7257 6516//7268 6642//7343
f 6520//7203 6654//7341 6660//7346
f 6515//7269 6534//7274 6516//7268
f 6560//7272 5794//6451 5771//6426
f 6528//7226 6661//7347 6526//7250
f 6560//7272 5808//6456 5794//6451
f 6663//7209 4563//5173 4522//5172
f 6663//7209 4522//5172 3869//4783
f 6533//7273 5356//5999 6534//7274
f 6518//7210 6657//7208 6519//7276
f 6525//7263 6532//7262 6646//7335
f 6525//7263 6646//7335 6655//7344
f 6554//7260 6630//7321 6555//7289
f 6526//7250 6647//7337 6517//7202
f 6531//7223 6550//7222 6613//7305
f 6663//7209 6654//7341 6520//7203
f 6531//7223 6613//7305 6532//7262
f 6552//7217 6652//7339 6541//7207
f 6536//7215 6539//7214 6659//7345
f 6565//7227 6653//7236 6651//7228
f 6551//7241 6638//7327 6552//7217
f 6551//7241 4074//4711 4095//4733
f 6551//7241 4100//4738 4074//4711
f 6543//7230 6662//7348 6539//7214
f 6551//7241 4095//4733 6638//7327
f 6556//7224 6644//7333 6557//7225
f 6520//7203 6660//7346 6546//7204
f 6530//7239 6621//7311 6522//7231
f 6525//7263 6655//7344 6560//7272
f 6542//7240 6622//7313 6523//7235
f 6545//7242 6544//7247 6625//7243
f 6548//7279 5356//5999 6533//7273
f 6543//7230 6546//7204 6662//7348
f 6561//7256 6562//7255 6650//7338
f 6561//7256 6650//7338 6553//7245
f 6529//7249 6528//7226 6526//7250
f 6577//7258 4032//4669 6611//7302
f 6549//7221 6557//7225 6550//7222
f 6577//7258 6611//7302 6563//7259
f 6566//7257 6642//7343 6562//7255
f 6556//7224 6519//7276 6644//7333
f 6547//7220 6546//7204 6543//7230
f 6671//7349 7120//7350 6672//7351
f 6667//7352 7230//7353 7233//7354
f 6671//7349 7154//7355 7120//7350
f 6684//5684 7231//7356 6681//7357
f 6688//7358 7192//7359 7159//7360
f 6677//7361 6680//7362 7229//7363
f 6693//7364 6669//7365 7178//7366
f 6693//7364 7178//7366 6694//7367
f 6695//7368 6696//7369 6697//7370
f 6698//7371 6732//7372 7179//7373
f 6703//7374 6751//7375 6675//7376
f 6705//7377 6667//7352 7233//7354
f 6711//7378 7208//7379 6704//7380
f 6670//7381 6734//7382 7173//7383
f 6716//7384 7188//7385 6683//7386
f 6716//7384 6692//7387 7188//7385
f 6684//5684 6681//7357 6680//7362
f 6664//7388 6717//7389 7196//7390
f 6720//7391 6741//7392 6722//7393
f 6729//7394 6730//7395 7109//7396
f 6729//7394 7109//7396 6710//7397
f 5034//5682 6686//5681 7231//7356
f 5034//5682 7231//7356 6684//5684
f 6733//7398 6715//7399 7175//7400
f 6733//7398 7175//7400 6668//7401
f 6698//7371 7186//7402 6682//7403
f 6736//7404 6694//7367 6737//7405
f 6744//7406 6739//7407 6745//7408
f 6746//7409 6674//7410 6667//7352
f 6744//7406 6745//7408 6732//7372
f 6747//7411 6756//7412 6731//7413
f 6749//5688 6680//7362 6677//7361
f 6755//7414 7198//7415 6696//7369
f 6755//7414 6687//7416 7198//7415
f 6757//7417 6690//7418 6734//7382
f 6758//7419 7197//7420 6739//7407
f 6758//7419 6709//7421 7197//7420
f 6752//5690 6677//7361 6674//7410
f 6746//7409 6752//5690 6674//7410
f 6746//7409 6667//7352 6705//7377
f 6759//7422 6700//7423 6728//7424
f 6760//5553 4927//5549 7182//7425
f 6760//5553 7182//7425 7208//7379
f 6761//7426 6713//7427 6740//7428
f 6762//7429 6705//7377 7233//7354
f 6752//5690 6749//5688 6677//7361
f 6665//7430 6736//7404 6666//7431
f 6763//7432 6728//7424 6707//7433
f 6764//5692 6752//5690 6746//7409
f 6766//7434 7097//7435 6721//7436
f 6766//7434 7139//7437 7097//7435
f 6718//7438 6719//7439 6673//7440
f 6768//7441 6666//7431 6702//7442
f 6768//7441 6665//7430 6666//7431
f 6684//5684 5039//5686 5035//5683
f 6769//7443 6741//7392 6720//7391
f 6770//7444 6725//7445 6723//7446
f 6770//7444 6723//7446 6717//7389
f 6769//7443 6740//7428 6741//7392
f 6762//7429 7233//7354 4813//5699
f 6771//7447 6743//7448 6742//7449
f 6771//7447 6753//7450 6743//7448
f 5039//5686 6684//5684 6680//7362
f 6671//7349 6720//7391 7154//7355
f 6753//7450 6697//7370 6754//7451
f 6772//5695 6746//7409 6705//7377
f 5039//5686 6680//7362 6749//5688
f 6772//5695 6764//5692 6746//7409
f 6773//7452 6732//7372 6698//7371
f 6774//7453 6707//7433 6706//7454
f 5045//5694 6764//5692 6772//5695
f 6824//7455 3021//2167 3020//2165
f 6675//7376 6676//7456 6691//7457
f 4810//5697 6772//5695 6705//7377
f 4810//5697 6705//7377 6762//7429
f 6730//7395 6718//7438 6673//7440
f 6775//7458 6701//7459 6748//7460
f 6775//7458 6748//7460 6765//7461
f 6757//7417 6689//7462 6690//7418
f 6761//7426 6712//7463 6713//7427
f 6776//7464 6734//7382 6670//7381
f 6777//7465 6738//7466 6689//7462
f 6777//7465 6691//7457 6738//7466
f 6778//7467 6708//7468 6714//7469
f 6779//7470 6704//7380 6727//7471
f 6759//7422 6699//7472 6700//7423
f 6767//7473 6698//7371 6682//7403
f 6780//7474 7147//7475 6756//7412
f 6780//7474 6756//7412 6747//7411
f 6781//7476 6709//7421 6758//7419
f 6781//7476 6765//7461 6709//7421
f 6782//7477 6706//7454 6687//7416
f 6782//7477 6687//7416 6755//7414
f 6783//7478 6710//7397 6725//7445
f 6688//7358 7139//7437 6766//7434
f 6785//7479 6702//7442 6701//7459
f 6784//7480 6755//7414 6696//7369
f 6785//7479 6768//7441 6702//7442
f 6736//7404 6693//7364 6694//7367
f 6784//7480 6696//7369 6695//7368
f 6786//7481 6726//7482 7110//7483
f 6787//7484 6683//7386 6669//7365
f 6787//7484 6716//7384 6683//7386
f 6786//7481 7110//7483 7170//7485
f 6773//7452 6744//7406 6732//7372
f 6794//7486 7192//7359 6688//7358
f 6774//7453 6763//7432 6707//7433
f 6788//7487 6724//7488 6750//7489
f 6788//7487 6735//7490 6724//7488
f 6789//7491 6750//7489 6715//7399
f 6789//7491 6715//7399 6733//7398
f 6790//7492 6731//7413 3021//2167
f 6790//7492 3021//2167 6824//7455
f 6763//7432 6759//7422 6728//7424
f 6778//7467 6679//7493 6708//7468
f 6791//7494 6720//7391 6671//7349
f 6792//7495 6692//7387 6716//7384
f 6793//7496 6698//7371 6767//7473
f 6767//7473 6682//7403 6678//7497
f 6761//7426 6742//7449 6712//7463
f 6795//7498 6717//7389 6664//7388
f 6795//7498 6770//7444 6717//7389
f 6796//7499 6668//7401 6699//7472
f 6796//7499 6733//7398 6668//7401
f 6797//7500 6758//7419 6739//7407
f 6797//7500 6739//7407 6744//7406
f 6714//7469 7192//7359 6794//7486
f 6798//7501 6753//7450 6771//7447
f 6801//5565 6711//7378 6704//7380
f 6794//7486 6688//7358 6766//7434
f 6799//7502 6740//7428 6769//7443
f 6779//7470 6727//7471 6718//7438
f 6800//7503 6695//7368 6697//7370
f 6800//7503 6697//7370 6753//7450
f 6783//7478 6729//7394 6710//7397
f 6801//5565 7208//7379 6711//7378
f 6801//5565 6760//5553 7208//7379
f 6790//7492 6747//7411 6731//7413
f 6775//7458 6785//7479 6701//7459
f 6802//7504 6693//7364 6736//7404
f 6803//5503 4854//5472 7138//7505
f 6804//7506 6736//7404 6665//7430
f 6805//7507 6744//7406 6773//7452
f 6806//7508 6718//7438 6730//7395
f 6807//7509 6679//7493 6778//7467
f 6807//7509 6678//7497 6679//7493
f 6808//7510 6730//7395 6729//7394
f 6809//7511 6787//7484 6669//7365
f 6809//7511 6669//7365 6693//7364
f 6757//7417 6734//7382 6776//7464
f 6810//7512 6699//7472 6759//7422
f 6811//7513 6742//7449 6761//7426
f 6812//7514 6670//7381 6735//7490
f 6812//7514 6776//7464 6670//7381
f 6779//7470 6801//5565 6704//7380
f 6813//7515 6759//7422 6763//7432
f 6814//7516 6703//7374 6675//7376
f 6815//7517 6765//7461 6781//7476
f 6815//7517 6775//7458 6765//7461
f 6793//7496 6773//7452 6698//7371
f 6816//7518 7170//7485 6751//7375
f 6780//7474 6672//7351 7147//7475
f 6817//7519 6755//7414 6784//7480
f 6817//7519 6782//7477 6755//7414
f 6799//7502 6761//7426 6740//7428
f 6818//7520 6795//7498 6664//7388
f 6818//7520 6664//7388 6692//7387
f 6819//7521 6763//7432 6774//7453
f 6820//7522 6793//7496 6767//7473
f 6821//7523 6779//7470 6718//7438
f 6797//7500 6781//7476 6758//7419
f 6782//7477 6774//7453 6706//7454
f 6822//7524 6769//7443 6720//7391
f 6822//7524 6720//7391 6791//7494
f 6804//7506 6802//7504 6736//7404
f 6823//7525 6785//7479 6775//7458
f 6685//7526 6803//5503 7138//7505
f 6825//7527 6804//7506 6665//7430
f 6825//7527 6665//7430 6768//7441
f 6811//7513 6771//7447 6742//7449
f 6826//7528 6678//7497 6807//7509
f 6805//7507 6797//7500 6744//7406
f 6787//7484 6792//7495 6716//7384
f 6827//7529 6753//7450 6798//7501
f 6827//7529 6800//7503 6753//7450
f 6828//7530 6773//7452 6793//7496
f 6829//7531 6725//7445 6770//7444
f 6829//7531 6783//7478 6725//7445
f 6831//7532 6672//7351 6780//7474
f 6830//5574 6801//5565 6779//7470
f 6806//7508 6821//7523 6718//7438
f 6833//7533 6733//7398 6796//7499
f 6833//7533 6789//7491 6733//7398
f 6834//7534 6788//7487 6750//7489
f 6834//7534 6750//7489 6789//7491
f 6835//7535 6761//7426 6799//7502
f 6826//7528 6767//7473 6678//7497
f 6836//7536 6729//7394 6783//7478
f 6837//7537 6692//7387 6792//7495
f 6824//7455 3020//2165 1555//2160
f 6837//7537 6818//7520 6692//7387
f 6838//7538 6757//7417 6776//7464
f 6839//7539 6774//7453 6782//7477
f 3333//7540 6778//7467 6714//7469
f 3333//7540 6714//7469 6794//7486
f 6840//7541 6689//7462 6757//7417
f 6703//7374 6816//7518 6751//7375
f 6841//7542 6695//7368 6800//7503
f 6841//7542 6784//7480 6695//7368
f 6810//7512 6796//7499 6699//7472
f 6802//7504 6809//7511 6693//7364
f 6813//7515 6810//7512 6759//7422
f 6842//7543 6813//7515 6763//7432
f 6842//7543 6763//7432 6819//7521
f 6831//7532 6671//7349 6672//7351
f 6843//7544 6768//7441 6785//7479
f 6828//7530 6805//7507 6773//7452
f 6844//7545 6780//7474 6747//7411
f 6845//7546 6787//7484 6809//7511
f 6855//7547 6777//7465 6689//7462
f 6846//7548 6675//7376 6691//7457
f 6846//7548 6814//7516 6675//7376
f 6826//7528 6820//7522 6767//7473
f 6816//7518 6786//7481 7170//7485
f 6847//7549 6797//7500 6805//7507
f 6823//7525 6843//7544 6785//7479
f 6848//7550 6781//7476 6797//7500
f 6848//7550 6815//7517 6781//7476
f 6832//5585 6830//5574 6779//7470
f 6849//7551 6779//7470 6821//7523
f 6849//7551 6832//5585 6779//7470
f 6850//7552 6782//7477 6817//7519
f 6836//7536 6808//7510 6729//7394
f 6851//7553 6838//7538 6776//7464
f 6851//7553 6776//7464 6812//7514
f 6852//7554 6828//7530 6793//7496
f 6852//7554 6793//7496 6820//7522
f 6853//7555 6771//7447 6811//7513
f 6853//7555 6798//7501 6771//7447
f 6799//7502 6769//7443 6822//7524
f 6854//7556 6804//7506 6825//7527
f 6855//7547 6691//7457 6777//7465
f 6856//7557 6770//7444 6795//7498
f 6856//7557 6829//7531 6770//7444
f 6857//7558 6775//7458 6815//7517
f 6857//7558 6823//7525 6775//7458
f 6858//7559 6802//7504 6804//7506
f 6843//7544 6825//7527 6768//7441
f 6859//7560 6820//7522 6826//7528
f 6788//7487 6812//7514 6735//7490
f 6808//7510 6806//7508 6730//7395
f 3331//7561 6778//7467 3333//7540
f 3331//7561 6807//7509 6778//7467
f 6856//7557 6795//7498 6818//7520
f 6840//7541 6855//7547 6689//7462
f 6860//7562 6805//7507 6828//7530
f 6861//7563 6761//7426 6835//7535
f 6862//7564 6837//7537 6792//7495
f 6861//7563 6811//7513 6761//7426
f 6862//7564 6792//7495 6787//7484
f 6863//7565 6800//7503 6827//7529
f 6863//7565 6841//7542 6800//7503
f 6864//7566 6671//7349 6831//7532
f 6841//7542 6817//7519 6784//7480
f 6839//7539 6819//7521 6774//7453
f 6850//7552 6839//7539 6782//7477
f 3331//7561 6826//7528 6807//7509
f 6865//7567 6816//7518 6703//7374
f 6866//7568 6810//7512 6813//7515
f 6868//7569 6848//7550 6797//7500
f 6803//5503 4870//5488 4854//5472
f 6868//7569 6797//7500 6847//7549
f 6869//7570 6843//7544 6823//7525
f 6858//7559 6804//7506 6854//7556
f 6870//7571 6796//7499 6810//7512
f 6870//7571 6833//7533 6796//7499
f 6871//7572 6834//7534 6789//7491
f 6871//7572 6789//7491 6833//7533
f 6872//7573 6806//7508 6808//7510
f 6893//7574 6822//7524 6791//7494
f 6873//7575 4444//5066 4399//5034
f 6874//7576 6809//7511 6802//7504
f 6874//7576 6845//7546 6809//7511
f 1576//2183 4399//5034 1577//2184
f 6875//7577 6780//7474 6844//7545
f 6873//7575 4452//5071 4444//5066
f 6876//7578 6836//7536 6783//7478
f 6876//7578 6783//7478 6829//7531
f 1576//2183 6873//7575 4399//5034
f 6877//7579 6812//7514 6788//7487
f 6878//5586 6832//5585 6849//7551
f 6879//7580 4467//5084 4452//5071
f 6838//7538 6840//7541 6757//7417
f 6880//7581 1576//2183 1571//2185
f 6881//7582 6787//7484 6845//7546
f 6882//7583 6827//7529 6798//7501
f 6882//7583 6798//7501 6853//7555
f 6881//7582 6862//7564 6787//7484
f 6883//7584 4467//5084 6879//7580
f 6883//7584 4482//5103 4467//5084
f 6836//7536 6867//7585 6808//7510
f 6860//7562 6847//7549 6805//7507
f 6855//7547 6846//7548 6691//7457
f 3329//7586 6826//7528 3331//7561
f 6885//7587 4493//5101 4494//5102
f 6884//7588 6860//7562 6828//7530
f 6884//7588 6828//7530 6852//7554
f 6843//7544 6854//7556 6825//7527
f 6886//7589 6879//7580 4452//5071
f 6887//7590 6820//7522 6859//7560
f 6887//7590 6852//7554 6820//7522
f 6888//7591 6815//7517 6848//7550
f 6888//7591 6857//7558 6815//7517
f 6889//7592 4452//5071 6873//7575
f 6890//7593 3444//4017 4493//5101
f 6891//7594 6819//7521 6839//7539
f 6892//7595 6873//7575 1576//2183
f 6892//7595 1576//2183 6880//7581
f 6893//7574 6791//7494 6671//7349
f 6893//7574 6671//7349 6864//7566
f 6894//7596 6858//7559 6854//7556
f 6867//7585 6872//7573 6808//7510
f 6895//7597 3536//4149 3445//4018
f 6896//7598 4482//5103 6883//7584
f 6897//7599 6818//7520 6837//7537
f 6896//7598 4494//5102 4482//5103
f 6897//7599 6856//7557 6818//7520
f 6898//5598 6821//7523 6806//7508
f 6899//7600 6790//7492 6824//7455
f 6898//5598 6849//7551 6821//7523
f 6875//7577 6831//7532 6780//7474
f 6900//7601 6874//7576 6802//7504
f 6900//7601 6802//7504 6858//7559
f 6895//7597 3445//4018 3444//4017
f 6903//7602 3603//4236 3531//4138
f 6904//7603 6841//7542 6863//7565
f 6877//7579 6851//7553 6812//7514
f 6901//7604 3531//4138 3536//4149
f 6907//7605 6813//7515 6842//7543
f 6907//7605 6866//7568 6813//7515
f 6886//7589 6883//7584 6879//7580
f 6908//7606 6839//7539 6850//7552
f 6909//5520 6803//5503 6685//7526
f 6909//5520 6685//7526 6726//7482
f 6889//7592 6873//7575 6892//7595
f 6910//7607 6877//7579 6788//7487
f 6910//7607 6788//7487 6834//7534
f 6911//7608 4494//5102 6896//7598
f 6911//7608 6885//7587 4494//5102
f 6912//7609 6876//7578 6829//7531
f 6912//7609 6829//7531 6856//7557
f 6898//5598 6806//7508 6872//7573
f 6913//7610 6886//7589 4452//5071
f 6913//7610 4452//5071 6889//7592
f 6915//7611 3444//4017 6890//7593
f 6915//7611 6895//7597 3444//4017
f 6902//7612 3603//4236 6903//7602
f 6916//7613 6817//7519 6841//7542
f 6916//7613 6850//7552 6817//7519
f 6917//7614 6823//7525 6857//7558
f 6917//7614 6869//7570 6823//7525
f 6901//7604 3536//4149 6905//7615
f 6894//7596 6854//7556 6843//7544
f 6918//7616 3911//4549 3867//4503
f 6919//7617 6831//7532 6875//7577
f 6897//7599 6837//7537 6862//7564
f 6903//7602 3531//4138 6901//7604
f 6905//7615 3536//4149 6895//7597
f 6920//7618 6810//7512 6866//7568
f 6920//7618 6870//7571 6810//7512
f 6902//7612 3651//4283 3603//4236
f 6876//7578 6906//7619 6836//7536
f 6885//7587 6890//7593 4493//5101
f 3329//7586 6859//7560 6826//7528
f 6921//7620 6847//7549 6860//7562
f 6921//7620 6868//7569 6847//7549
f 6922//7621 3933//4568 3911//4549
f 6861//7563 6853//7555 6811//7513
f 6923//7622 3772//4406 3651//4283
f 6924//7623 6887//7590 6859//7560
f 6925//7624 6845//7546 6874//7576
f 6925//7624 6881//7582 6845//7546
f 6926//7625 4029//4705 3933//4568
f 6906//7619 6867//7585 6836//7536
f 6927//7626 6896//7598 6883//7584
f 6927//7626 6883//7584 6886//7589
f 6891//7594 6842//7543 6819//7521
f 6950//7627 6889//7592 6892//7595
f 6928//7628 6747//7411 6790//7492
f 6929//7629 6897//7599 6862//7564
f 6928//7628 6790//7492 6899//7600
f 6930//7630 6901//7604 6905//7615
f 6931//7631 4105//4745 4029//4705
f 6933//7632 6912//7609 6856//7557
f 6932//7633 3791//4427 3772//4406
f 6870//7571 6871//7572 6833//7533
f 6934//7634 6894//7596 6843//7544
f 6934//7634 6843//7544 6869//7570
f 6935//7635 6884//7588 6852//7554
f 6935//7635 6852//7554 6887//7590
f 6936//7636 6861//7563 6835//7535
f 6937//7637 6839//7539 6908//7606
f 6938//7638 6890//7593 6885//7587
f 6937//7637 6891//7594 6839//7539
f 6944//5603 6898//5598 6872//7573
f 6914//7639 6855//7547 6840//7541
f 6939//7640 6886//7589 6913//7610
f 6940//7641 6863//7565 6827//7529
f 6940//7641 6827//7529 6882//7583
f 6941//7642 6858//7559 6894//7596
f 6941//7642 6900//7601 6858//7559
f 6923//7622 3651//4283 6902//7612
f 6942//7643 1555//2160 1552//2158
f 6943//7644 6853//7555 6861//7563
f 6945//7645 6888//7591 6848//7550
f 3361//7646 6859//7560 3329//7586
f 6926//7625 3933//4568 6922//7621
f 6946//7647 6872//7573 6867//7585
f 6947//7648 6799//7502 6822//7524
f 6948//7649 6824//7455 1555//2160
f 6948//7649 1555//2160 6942//7643
f 6898//5598 6878//5586 6849//7551
f 6925//7624 6874//7576 6900//7601
f 6949//7650 6895//7597 6915//7611
f 6949//7650 6905//7615 6895//7597
f 6951//7651 6902//7612 6903//7602
f 6952//5519 6909//5520 6726//7482
f 6953//7652 6860//7562 6884//7588
f 6953//7652 6921//7620 6860//7562
f 6864//7566 6831//7532 6919//7617
f 6954//7653 6889//7592 6950//7627
f 6904//7603 6916//7613 6841//7542
f 6955//7654 6885//7587 6911//7608
f 6955//7654 6938//7638 6885//7587
f 6956//7655 6933//7632 6856//7557
f 6956//7655 6856//7557 6897//7599
f 6938//7638 6915//7611 6890//7593
f 6957//7656 6914//7639 6840//7541
f 6957//7656 6840//7541 6838//7538
f 6958//7657 6917//7614 6857//7558
f 6958//7657 6857//7558 6888//7591
f 6959//7658 6862//7564 6881//7582
f 6959//7658 6929//7629 6862//7564
f 3361//7646 6924//7623 6859//7560
f 6960//7659 6866//7568 6907//7605
f 6960//7659 6920//7618 6866//7568
f 6945//7645 6848//7550 6868//7569
f 6961//7660 6822//7524 6893//7574
f 6946//7647 6867//7585 6906//7619
f 6918//7616 6922//7621 3911//4549
f 6946//7647 6944//5603 6872//7573
f 6962//7661 3867//4503 3791//4427
f 6924//7623 3361//7646 3356//7662
f 6943//7644 6882//7583 6853//7555
f 6963//7663 6892//7595 6880//7581
f 6964//7664 4128//4768 4105//4745
f 6965//7665 6703//7374 6814//7516
f 6965//7665 6865//7567 6703//7374
f 6966//7666 6901//7604 6930//7630
f 6966//7666 6903//7602 6901//7604
f 6939//7640 6927//7626 6886//7589
f 6967//7667 6925//7624 6900//7601
f 6968//7668 6851//7553 6877//7579
f 6969//7669 6880//7581 1571//2185
f 6969//7669 1571//2185 1567//2176
f 6970//7670 6887//7590 6924//7623
f 6970//7670 6935//7635 6887//7590
f 6947//7648 6835//7535 6799//7502
f 6927//7626 6911//7608 6896//7598
f 6871//7572 6910//7607 6834//7534
f 7038//7671 6846//7548 6855//7547
f 6971//7672 6868//7569 6921//7620
f 6975//7673 6906//7619 6876//7578
f 6972//7674 4105//4745 6931//7631
f 6973//7675 6747//7411 6928//7628
f 6931//7631 4029//4705 6926//7625
f 6973//7675 6844//7545 6747//7411
f 6956//7655 6897//7599 6929//7629
f 6786//7481 6952//5519 6726//7482
f 6974//7676 6932//7633 3772//4406
f 6974//7676 3772//4406 6923//7622
f 6975//7673 6946//7647 6906//7619
f 6976//7677 6926//7625 6922//7621
f 6977//7678 6934//7634 6869//7570
f 6977//7678 6869//7570 6917//7614
f 6962//7661 3791//4427 6932//7633
f 6978//7679 6916//7613 6904//7603
f 6979//7680 6842//7543 6891//7594
f 6979//7680 6907//7605 6842//7543
f 6980//7681 6894//7596 6934//7634
f 6980//7681 6941//7642 6894//7596
f 6950//7627 6892//7595 6963//7663
f 6981//5605 6944//5603 6946//7647
f 6982//7682 6863//7565 6940//7641
f 6982//7682 6904//7603 6863//7565
f 6983//7683 6905//7615 6949//7650
f 6983//7683 6930//7630 6905//7615
f 6984//7684 6908//7606 6850//7552
f 6984//7684 6850//7552 6916//7613
f 6918//7616 3867//4503 6962//7661
f 6985//7685 6893//7574 6864//7566
f 6970//7670 6924//7623 3356//7662
f 6986//7686 6876//7578 6912//7609
f 6986//7686 6975//7673 6876//7578
f 6987//7687 6967//7667 6900//7601
f 6987//7687 6900//7601 6941//7642
f 6945//7645 6958//7657 6888//7591
f 6971//7672 6945//7645 6868//7569
f 6955//7654 6911//7608 6927//7626
f 6988//7688 6913//7610 6889//7592
f 6988//7688 6889//7592 6954//7653
f 6989//7689 6882//7583 6943//7644
f 6990//7690 4142//4784 4148//4790
f 6899//7600 6824//7455 6948//7649
f 6991//7691 6935//7635 6970//7670
f 6992//7692 6871//7572 6870//7571
f 6993//7693 6881//7582 6925//7624
f 6993//7693 6959//7658 6881//7582
f 6994//7694 6835//7535 6947//7648
f 6996//7695 6953//7652 6884//7588
f 6996//7695 6884//7588 6935//7635
f 6995//7696 4141//4782 4128//4768
f 6997//7697 6927//7626 6939//7640
f 6998//7698 6923//7622 6902//7612
f 6998//7698 6902//7612 6951//7651
f 6999//7699 6938//7638 6955//7654
f 7000//7700 6980//7681 6934//7634
f 7001//7701 6921//7620 6953//7652
f 7001//7701 6971//7672 6921//7620
f 7002//7702 7038//7671 6855//7547
f 6963//7663 6880//7581 6969//7669
f 7003//7703 6915//7611 6938//7638
f 7003//7703 6949//7650 6915//7611
f 7004//7704 6964//7664 4105//4745
f 7005//5614 6946//7647 6975//7673
f 7007//7705 6951//7651 6903//7602
f 7007//7705 6903//7602 6966//7666
f 7008//7706 6958//7657 6945//7645
f 7009//7707 6910//7607 6871//7572
f 7010//7708 6913//7610 6988//7688
f 7011//7709 6939//7640 6913//7610
f 6947//7648 6822//7524 6961//7660
f 6986//7686 6912//7609 6933//7632
f 6991//7691 6970//7670 3356//7662
f 7012//7710 6955//7654 6927//7626
f 7013//7711 6929//7629 6959//7658
f 7023//7712 6954//7653 6950//7627
f 7014//7713 6965//7665 6814//7516
f 7014//7713 6814//7516 6846//7548
f 7015//7714 4148//4790 4141//4782
f 7016//7715 6922//7621 6918//7616
f 7017//7716 6786//7481 6816//7518
f 7018//7717 6917//7614 6958//7657
f 7018//7717 6977//7678 6917//7614
f 7019//7718 6835//7535 6994//7694
f 7019//7718 6936//7636 6835//7535
f 7020//7719 6838//7538 6851//7553
f 7021//7720 7000//7700 6934//7634
f 7021//7720 6934//7634 6977//7678
f 7022//7721 6978//7679 6904//7603
f 7023//7712 6950//7627 6963//7663
f 7005//5614 6981//5605 6946//7647
f 6989//7689 6940//7641 6882//7583
f 7024//7722 6931//7631 6926//7625
f 7025//7723 6943//7644 6861//7563
f 7025//7723 6861//7563 6936//7636
f 7006//7724 7008//7706 6945//7645
f 7026//7725 6920//7618 6960//7659
f 6996//7695 7001//7701 6953//7652
f 4988//5619 6975//7673 6986//7686
f 6991//7691 6996//7695 6935//7635
f 7027//7726 6844//7545 6973//7675
f 7028//7727 6930//7630 6983//7683
f 7028//7727 6966//7666 6930//7630
f 7027//7726 6875//7577 6844//7545
f 6974//7676 6962//7661 6932//7633
f 6980//7681 6987//7687 6941//7642
f 6978//7679 6984//7684 6916//7613
f 7029//7728 6979//7680 6891//7594
f 7030//7729 6986//7686 6933//7632
f 7030//7729 6933//7632 6956//7655
f 7029//7728 6891//7594 6937//7637
f 7031//7730 6961//7660 6893//7574
f 7031//7730 6893//7574 6985//7685
f 7002//7702 6855//7547 6914//7639
f 7032//7731 6956//7655 6929//7629
f 7033//7732 3874//4791 4142//4784
f 7034//7733 7006//7724 6945//7645
f 7034//7733 6945//7645 6971//7672
f 6979//7680 6960//7659 6907//7605
f 7036//7734 6925//7624 6967//7667
f 7004//7704 4105//4745 6972//7674
f 7036//7734 6993//7693 6925//7624
f 4988//5619 7005//5614 6975//7673
f 7037//7735 6877//7579 6910//7607
f 7037//7735 6968//7668 6877//7579
f 6997//7697 7012//7710 6927//7626
f 6995//7696 4128//4768 6964//7664
f 7038//7671 7014//7713 6846//7548
f 7039//7736 6904//7603 6982//7682
f 7040//7737 6923//7622 6998//7698
f 6992//7692 7009//7707 6871//7572
f 7040//7737 6974//7676 6923//7622
f 7041//7738 6987//7687 6980//7681
f 7024//7722 6926//7625 6976//7677
f 7011//7709 6997//7697 6939//7640
f 7042//7739 7001//7701 6996//7695
f 3355//7740 6991//7691 3356//7662
f 7010//7708 7011//7709 6913//7610
f 6969//7669 1567//2176 1562//2171
f 7008//7706 7018//7717 6958//7657
f 7043//7741 6870//7571 6920//7618
f 7043//7741 6992//7692 6870//7571
f 7003//7703 6983//7683 6949//7650
f 3340//7742 6948//7649 6942//7643
f 7044//7743 6918//7616 6962//7661
f 7045//7744 7002//7702 6914//7639
f 7046//7745 7003//7703 6938//7638
f 7046//7745 6938//7638 6999//7699
f 7047//7746 6959//7658 6993//7693
f 7047//7746 7013//7711 6959//7658
f 7048//7747 6962//7661 6974//7676
f 7049//7748 7032//7731 6929//7629
f 6968//7668 7020//7719 6851//7553
f 7049//7748 6929//7629 7013//7711
f 7050//7749 7004//7704 6972//7674
f 7051//7750 6996//7695 6991//7691
f 7036//7734 6967//7667 6987//7687
f 6995//7696 7015//7714 4141//4782
f 7052//7751 6922//7621 7016//7715
f 7052//7751 6976//7677 6922//7621
f 7053//5629 4988//5619 6986//7686
f 7054//7752 6816//7518 6865//7567
f 7054//7752 7017//7716 6816//7518
f 7055//7753 6977//7678 7018//7717
f 7055//7753 7021//7720 6977//7678
f 7042//7739 7035//7754 7001//7701
f 7056//7755 6971//7672 7001//7701
f 7056//7755 7034//7733 6971//7672
f 7000//7700 7041//7738 6980//7681
f 7057//7756 6908//7606 6984//7684
f 7059//7757 6955//7654 7012//7710
f 7058//7758 6984//7684 6978//7679
f 7059//7757 6999//7699 6955//7654
f 7060//7759 6995//7696 6964//7664
f 7032//7731 7030//7729 6956//7655
f 7029//7728 6937//7637 6908//7606
f 7061//7760 7008//7706 7006//7724
f 7022//7721 6904//7603 7039//7736
f 7062//7761 7000//7700 7021//7720
f 7063//7762 6951//7651 7007//7705
f 7063//7762 6998//7698 6951//7651
f 7064//7763 6936//7636 7019//7718
f 7065//7764 6966//7666 7028//7727
f 7065//7764 7007//7705 6966//7666
f 7020//7719 6957//7656 6838//7538
f 6919//7617 6875//7577 7027//7726
f 7066//7765 6928//7628 6899//7600
f 6990//7690 7033//7732 4142//4784
f 7067//7766 6982//7682 6940//7641
f 7067//7766 6940//7641 6989//7689
f 7068//7767 7036//7734 6987//7687
f 7051//7750 7042//7739 6996//7695
f 7069//7768 7068//7767 6987//7687
f 7069//7768 6987//7687 7041//7738
f 7070//5627 4988//5619 7053//5629
f 7071//7769 6972//7674 6931//7631
f 7071//7769 6931//7631 7024//7722
f 7053//5629 6986//7686 7030//7729
f 7072//7770 7009//7707 6992//7692
f 7035//7754 7056//7755 7001//7701
f 7073//7771 7011//7709 7010//7708
f 7016//7715 6918//7616 7044//7743
f 6909//5520 4893//5513 6803//5503
f 7015//7714 6990//7690 4148//4790
f 3342//2157 6942//7643 1552//2158
f 3342//2157 3340//7742 6942//7643
f 7074//7772 6989//7689 6943//7644
f 7074//7772 6943//7644 7025//7723
f 7076//7773 7030//7729 7032//7731
f 7075//7774 7032//7731 7049//7748
f 3349//7775 6991//7691 3355//7740
f 3349//7775 7051//7750 6991//7691
f 7076//7773 7053//5629 7030//7729
f 7077//7776 7018//7717 7008//7706
f 7077//7776 7055//7753 7018//7717
f 7078//7777 6997//7697 7011//7709
f 7079//7778 7042//7739 7051//7750
f 7080//7779 6979//7680 7029//7728
f 7047//7746 7049//7748 7013//7711
f 7081//7780 6993//7693 7036//7734
f 7081//7780 7047//7746 6993//7693
f 7082//7781 7061//7760 7006//7724
f 7082//7781 7006//7724 7034//7733
f 7083//7782 7028//7727 6983//7683
f 7083//7782 6983//7683 7003//7703
f 7043//7741 6920//7618 7026//7725
f 7084//7783 6988//7688 6954//7653
f 7085//7784 6992//7692 7043//7741
f 7062//7761 7041//7738 7000//7700
f 7086//7785 7003//7703 7046//7745
f 7087//7786 7034//7733 7056//7755
f 7054//7752 6865//7567 6965//7665
f 7048//7747 7044//7743 6962//7661
f 7045//7744 6914//7639 6957//7656
f 7088//5527 6952//5519 6786//7481
f 7089//7787 7035//7754 7042//7739
f 7090//7788 7062//7761 7021//7720
f 7090//7788 7021//7720 7055//7753
f 7091//7789 7020//7719 6968//7668
f 7075//7774 7076//7773 7032//7731
f 7061//7760 7077//7776 7008//7706
f 7092//7790 7026//7725 6960//7659
f 7092//7790 6960//7659 6979//7680
f 7058//7758 7057//7756 6984//7684
f 7094//7791 6910//7607 7009//7707
f 7094//7791 7037//7735 6910//7607
f 7024//7722 6976//7677 7052//7751
f 7095//7792 6998//7698 7063//7762
f 7095//7792 7040//7737 6998//7698
f 7096//7793 6864//7566 6919//7617
f 7097//7435 6947//7648 6961//7660
f 7078//7777 7012//7710 6997//7697
f 7057//7756 7029//7728 6908//7606
f 7098//7794 7068//7767 7069//7768
f 7099//7795 6936//7636 7064//7763
f 7099//7795 7025//7723 6936//7636
f 7087//7786 7082//7781 7034//7733
f 7100//7796 6989//7689 7074//7772
f 7101//5631 7053//5629 7076//7773
f 7102//7797 6973//7675 6928//7628
f 7102//7797 6928//7628 7066//7765
f 7103//7798 6999//7699 7059//7757
f 7103//7798 7046//7745 6999//7699
f 7079//7778 7051//7750 3349//7775
f 7104//7799 7049//7748 7047//7746
f 7089//7787 7056//7755 7035//7754
f 7093//7800 7047//7746 7081//7780
f 7105//7801 7036//7734 7068//7767
f 7105//7801 7081//7780 7036//7734
f 7107//7802 6961//7660 7031//7730
f 7098//7794 7105//7801 7068//7767
f 7108//7803 7048//7747 6974//7676
f 7108//7803 6974//7676 7040//7737
f 7109//7396 7045//7744 6957//7656
f 7110//7483 7015//7714 6995//7696
f 7078//7777 7011//7709 7073//7771
f 7111//7804 7069//7768 7041//7738
f 7111//7804 7041//7738 7062//7761
f 7079//7778 7089//7787 7042//7739
f 7112//7805 7061//7760 7082//7781
f 3340//7742 6899//7600 6948//7649
f 7114//5641 7076//7773 7075//7774
f 7113//7806 6995//7696 7060//7759
f 7115//7807 7090//7788 7055//7753
f 7115//7807 7055//7753 7077//7776
f 7116//7808 7087//7786 7056//7755
f 7085//7784 7072//7770 6992//7692
f 7067//7766 7039//7736 6982//7682
f 7084//7783 7010//7708 6988//7688
f 7117//7809 7007//7705 7065//7764
f 7117//7809 7063//7762 7007//7705
f 7104//7799 7047//7746 7093//7800
f 7104//7799 7075//7774 7049//7748
f 7118//7810 7044//7743 7048//7747
f 7119//7811 7071//7769 7024//7722
f 7120//7350 6954//7653 7023//7712
f 7121//7812 7093//7800 7081//7780
f 7122//7813 7065//7764 7028//7727
f 7122//7813 7028//7727 7083//7782
f 7123//7814 7012//7710 7078//7777
f 7114//5641 7101//5631 7076//7773
f 7124//7815 7089//7787 7079//7778
f 7083//7782 7003//7703 7086//7785
f 7125//7816 7077//7776 7061//7760
f 6899//7600 3340//7742 7066//7765
f 7125//7816 7061//7760 7112//7805
f 7126//7817 7091//7789 6968//7668
f 7106//7818 7052//7751 7016//7715
f 3344//7819 7079//7778 3349//7775
f 7017//7716 7088//5527 6786//7481
f 7127//7820 7050//7749 6972//7674
f 7127//7820 6972//7674 7071//7769
f 7128//7821 6964//7664 7004//7704
f 7128//7821 7060//7759 6964//7664
f 7112//7805 7082//7781 7087//7786
f 6985//7685 6864//7566 7096//7793
f 7129//7822 7104//7799 7093//7800
f 7089//7787 7116//7808 7056//7755
f 7130//7823 6978//7679 7022//7721
f 7130//7823 7058//7758 6978//7679
f 7105//7801 7121//7812 7081//7780
f 7106//7818 7016//7715 7044//7743
f 7131//7824 7092//7790 6979//7680
f 7131//7824 6979//7680 7080//7779
f 7132//7825 7075//7774 7104//7799
f 7133//7826 7111//7804 7062//7761
f 7134//7827 7039//7736 7067//7766
f 7133//7826 7062//7761 7090//7788
f 7128//7821 7004//7704 7050//7749
f 7135//7828 7057//7756 7058//7758
f 7116//7808 7112//7805 7087//7786
f 7136//7829 7067//7766 6989//7689
f 7136//7829 6989//7689 7100//7796
f 7137//7830 7116//7808 7089//7787
f 7138//7505 7033//7732 6990//7690
f 7121//7812 7129//7822 7093//7800
f 7139//7437 6947//7648 7097//7435
f 7139//7437 6994//7694 6947//7648
f 7140//7831 7086//7785 7046//7745
f 7140//7831 7046//7745 7103//7798
f 7114//5641 5000//5634 7101//5631
f 7109//7396 6957//7656 7020//7719
f 3344//7819 7124//7815 7079//7778
f 7123//7814 7059//7757 7012//7710
f 7141//7832 7069//7768 7111//7804
f 7141//7832 7098//7794 7069//7768
f 7142//7833 7010//7708 7084//7783
f 7143//7834 7029//7728 7057//7756
f 7143//7834 7080//7779 7029//7728
f 7132//7825 7114//5641 7075//7774
f 7027//7726 6973//7675 7102//7797
f 7074//7772 7025//7723 7099//7795
f 7144//7835 7126//7817 6968//7668
f 7144//7835 6968//7668 7037//7735
f 7145//7836 7077//7776 7125//7816
f 7145//7836 7115//7807 7077//7776
f 7146//7837 7085//7784 7043//7741
f 7033//7732 4783//7014 3874//4791
f 7147//7475 7023//7712 6963//7663
f 6963//7663 6969//7669 7150//7838
f 7097//7435 6961//7660 7107//7802
f 7148//7839 7094//7791 7009//7707
f 7150//7838 6969//7669 1562//2171
f 7148//7839 7009//7707 7072//7770
f 7149//7840 7121//7812 7105//7801
f 7151//7841 7133//7826 7090//7788
f 7151//7841 7090//7788 7115//7807
f 7118//7810 7106//7818 7044//7743
f 7152//7842 7063//7762 7117//7809
f 7152//7842 7095//7792 7063//7762
f 7145//7836 7125//7816 7112//7805
f 6676//7456 7060//7759 7128//7821
f 7153//7843 7105//7801 7098//7794
f 7154//7355 6954//7653 7120//7350
f 7154//7355 7084//7783 6954//7653
f 7124//7815 7137//7830 7089//7787
f 7155//7844 7017//7716 7054//7752
f 7156//7845 7132//7825 7104//7799
f 7156//7845 7104//7799 7129//7822
f 7157//7846 7014//7713 7038//7671
f 7158//7847 7083//7782 7086//7785
f 7159//7360 7019//7718 6994//7694
f 7159//7360 6994//7694 7139//7437
f 7161//5645 7114//5641 7132//7825
f 7149//7840 7129//7822 7121//7812
f 7142//7833 7073//7771 7010//7708
f 7119//7811 7024//7722 7052//7751
f 7162//7848 7112//7805 7116//7808
f 7162//7848 7145//7836 7112//7805
f 6743//7448 7059//7757 7123//7814
f 7163//7849 7124//7815 3344//7819
f 7164//7850 7108//7803 7040//7737
f 7164//7850 7040//7737 7095//7792
f 7165//7851 7141//7832 7111//7804
f 7165//7851 7111//7804 7133//7826
f 7166//7852 7098//7794 7141//7832
f 7091//7789 7109//7396 7020//7719
f 7166//7852 7153//7843 7098//7794
f 7146//7837 7043//7741 7026//7725
f 7167//7853 7116//7808 7137//7830
f 7168//7854 7115//7807 7145//7836
f 7168//7854 7151//7841 7115//7807
f 7169//7855 7078//7777 7073//7771
f 7170//7485 6995//7696 7113//7806
f 7170//7485 7110//7483 6995//7696
f 7171//7856 7137//7830 7124//7815
f 7172//7857 7117//7809 7065//7764
f 7172//7857 7065//7764 7122//7813
f 7134//7827 7022//7721 7039//7736
f 7173//7383 7127//7820 7071//7769
f 7173//7383 7071//7769 7119//7811
f 7153//7843 7149//7840 7105//7801
f 7174//5653 7132//7825 7156//7845
f 7175//7400 7048//7747 7108//7803
f 7175//7400 7118//7810 7048//7747
f 3338//7858 7163//7849 3344//7819
f 7160//7859 6919//7617 7027//7726
f 7176//7860 7143//7834 7057//7756
f 7176//7860 7057//7756 7135//7828
f 7177//7861 7129//7822 7149//7840
f 6676//7456 7113//7806 7060//7759
f 7127//7820 7128//7821 7050//7749
f 7167//7853 7162//7848 7116//7808
f 7158//7847 7086//7785 7140//7831
f 7178//7366 7026//7725 7092//7790
f 7015//7714 7138//7505 6990//7690
f 7179//7373 7067//7766 7136//7829
f 7142//7833 7169//7855 7073//7771
f 7180//7862 7168//7854 7145//7836
f 7181//7863 7133//7826 7151//7841
f 7181//7863 7165//7851 7133//7826
f 7171//7856 7167//7853 7137//7830
f 7182//7425 7155//7844 7054//7752
f 7183//7864 7153//7843 7166//7852
f 7182//7425 7054//7752 6965//7665
f 7174//5653 7161//5645 7132//7825
f 7184//7865 7149//7840 7153//7843
f 6756//7412 6963//7663 7150//7838
f 7185//7866 7166//7852 7141//7832
f 7185//7866 7141//7832 7165//7851
f 7186//7402 7100//7796 7074//7772
f 7187//7867 7103//7798 7059//7757
f 7187//7867 7059//7757 6743//7448
f 7163//7849 7171//7856 7124//7815
f 7177//7861 7156//7845 7129//7822
f 6722//7393 7084//7783 7154//7355
f 7169//7855 7123//7814 7078//7777
f 7174//5653 5009//5646 7161//5645
f 7188//7385 7072//7770 7085//7784
f 7188//7385 7148//7839 7072//7770
f 7120//7350 7023//7712 7147//7475
f 7189//5544 7088//5527 7017//7716
f 7190//7868 7167//7853 7171//7856
f 7191//7869 7106//7818 7118//7810
f 7184//7865 7153//7843 7183//7864
f 7192//7359 7064//7763 7019//7718
f 7192//7359 7019//7718 7159//7360
f 7193//7870 7119//7811 7052//7751
f 7193//7870 7052//7751 7106//7818
f 7194//7871 7074//7772 7099//7795
f 7195//7872 7151//7841 7168//7854
f 7143//7834 7131//7824 7080//7779
f 7195//7872 7181//7863 7151//7841
f 7196//7390 7144//7835 7037//7735
f 7196//7390 7037//7735 7094//7791
f 7197//7420 7130//7823 7022//7721
f 7184//7865 7177//7861 7149//7840
f 7197//7420 7022//7721 7134//7827
f 7198//7415 7083//7782 7158//7847
f 7198//7415 7122//7813 7083//7782
f 7199//7873 7171//7856 7163//7849
f 7200//7874 7145//7836 7162//7848
f 7200//7874 7180//7862 7145//7836
f 6745//7408 7134//7827 7067//7766
f 6745//7408 7067//7766 7179//7373
f 7201//7875 7058//7758 7130//7823
f 7201//7875 7135//7828 7058//7758
f 7185//7866 7183//7864 7166//7852
f 7186//7402 7136//7829 7100//7796
f 7202//7876 7162//7848 7167//7853
f 6713//7427 7169//7855 7142//7833
f 7200//7874 7162//7848 7202//7876
f 7203//5655 7174//5653 7156//7845
f 7203//5655 7156//7845 7177//7861
f 7204//7877 7168//7854 7180//7862
f 7204//7877 7195//7872 7168//7854
f 7178//7366 7146//7837 7026//7725
f 7096//7793 6919//7617 7160//7859
f 7205//5661 7177//7861 7184//7865
f 7002//7702 7157//7846 7038//7671
f 7172//7857 7152//7842 7117//7809
f 7199//7873 7190//7868 7171//7856
f 7181//7863 7185//7866 7165//7851
f 6708//7468 7064//7763 7192//7359
f 7206//7878 7183//7864 7185//7866
f 7160//7859 7027//7726 7102//7797
f 6719//7439 7002//7702 7045//7744
f 7199//7873 7163//7849 3338//7858
f 7207//7879 7172//7857 7122//7813
f 7208//7379 7182//7425 6965//7665
f 7208//7379 6965//7665 7014//7713
f 6737//7405 7178//7366 7092//7790
f 6737//7405 7092//7790 7131//7824
f 7209//5662 7205//5661 7184//7865
f 6738//7466 7128//7821 7127//7820
f 6722//7393 7142//7833 7084//7783
f 6723//7446 7126//7817 7144//7835
f 7210//7880 7185//7866 7181//7863
f 7211//7881 7204//7877 7180//7862
f 7199//7873 3338//7858 7221//7882
f 7155//7844 7189//5544 7017//7716
f 7147//7475 6963//7663 6756//7412
f 7146//7837 7188//7385 7085//7784
f 6700//7423 7095//7792 7152//7842
f 7212//5659 7177//7861 7205//5661
f 6700//7423 7164//7850 7095//7792
f 7212//5659 7203//5655 7177//7861
f 6731//7413 7150//7838 1562//2171
f 6731//7413 1562//2171 3021//2167
f 7033//7732 4786//5471 4783//7014
f 7213//7883 7200//7874 7202//7876
f 7214//7884 7190//7868 7199//7873
f 6696//7369 7158//7847 7140//7831
f 7209//5662 7184//7865 7183//7864
f 7215//7885 7210//7880 7181//7863
f 7215//7885 7181//7863 7195//7872
f 7211//7881 7180//7862 7200//7874
f 7216//7886 7202//7876 7167//7853
f 7216//7886 7167//7853 7190//7868
f 6708//7468 7099//7795 7064//7763
f 6754//7451 7140//7831 7103//7798
f 6754//7451 7103//7798 7187//7867
f 7210//7880 7206//7878 7185//7866
f 6666//7431 7143//7834 7176//7860
f 6734//7382 7127//7820 7173//7383
f 7211//7881 7200//7874 7213//7883
f 6727//7471 7157//7846 7002//7702
f 3335//7887 7107//7802 7031//7730
f 7217//7888 6985//7685 7096//7793
f 7169//7855 6743//7448 7123//7814
f 7218//5667 7209//5662 7183//7864
f 7218//5667 7183//7864 7206//7878
f 7219//7889 7214//7884 7199//7873
f 6690//7418 6738//7466 7127//7820
f 7194//7871 7186//7402 7074//7772
f 6668//7401 7175//7400 7108//7803
f 6668//7401 7108//7803 7164//7850
f 7220//7890 7204//7877 7211//7881
f 6675//7376 7113//7806 6676//7456
f 6741//7392 7142//7833 6722//7393
f 7222//7891 7215//7885 7195//7872
f 7222//7891 7195//7872 7204//7877
f 6710//7397 7109//7396 7091//7789
f 6741//7392 6713//7427 7142//7833
f 7223//7892 7190//7868 7214//7884
f 7223//7892 7216//7886 7190//7868
f 6748//7460 7135//7828 7201//7875
f 6724//7488 7106//7818 7191//7869
f 6748//7460 7176//7860 7135//7828
f 6724//7488 7193//7870 7106//7818
f 6751//7375 7170//7485 7113//7806
f 6719//7439 6727//7471 7002//7702
f 6666//7431 7131//7824 7143//7834
f 7179//7373 7136//7829 7186//7402
f 7221//7882 7219//7889 7199//7873
f 7189//5544 4902//5522 7088//5527
f 6664//7388 7196//7390 7094//7791
f 6664//7388 7094//7791 7148//7839
f 6738//7466 6676//7456 7128//7821
f 7224//5670 7210//7880 7215//7885
f 7210//7880 7218//5667 7206//7878
f 6712//7463 7169//7855 6713//7427
f 6673//7440 6719//7439 7045//7744
f 7213//7883 7202//7876 7216//7886
f 6687//7416 7122//7813 7198//7415
f 6687//7416 7207//7879 7122//7813
f 6704//7380 7208//7379 7014//7713
f 6704//7380 7014//7713 7157//7846
f 6683//7386 7188//7385 7146//7837
f 6707//7433 7172//7857 7207//7879
f 7222//7891 7224//5670 7215//7885
f 7225//7893 7211//7881 7213//7883
f 6670//7381 7119//7811 7193//7870
f 6670//7381 7173//7383 7119//7811
f 6715//7399 7191//7869 7118//7810
f 6715//7399 7118//7810 7175//7400
f 7226//7894 7220//7890 7211//7881
f 6702//7442 6666//7431 7176//7860
f 7227//7895 7213//7883 7216//7886
f 6739//7407 7197//7420 7134//7827
f 6739//7407 7134//7827 6745//7408
f 6728//7424 7152//7842 7172//7857
f 7228//5676 7224//5670 7222//7891
f 6756//7412 7150//7838 6731//7413
f 7220//7890 7222//7891 7204//7877
f 6694//7367 7178//7366 6737//7405
f 6732//7372 6745//7408 7179//7373
f 6685//7526 7138//7505 7015//7714
f 6720//7391 6722//7393 7154//7355
f 3335//7887 7031//7730 6985//7685
f 3335//7887 6985//7685 7217//7888
f 6709//7421 7201//7875 7130//7823
f 6709//7421 7130//7823 7197//7420
f 6717//7389 6723//7446 7144//7835
f 6717//7389 7144//7835 7196//7390
f 6696//7369 7198//7415 7158//7847
f 7227//7895 7216//7886 7223//7892
f 6673//7440 7045//7744 7109//7396
f 6690//7418 7127//7820 6734//7382
f 6672//7351 7120//7350 7147//7475
f 6679//7493 7194//7871 7099//7795
f 6679//7493 7099//7795 6708//7468
f 6697//7370 6696//7369 7140//7831
f 6697//7370 7140//7831 6754//7451
f 7229//7363 7225//7893 7213//7883
f 6681//7357 7226//7894 7211//7881
f 6681//7357 7211//7881 7225//7893
f 6710//7397 7091//7789 7126//7817
f 7224//5670 7218//5667 7210//7880
f 6714//7469 6708//7468 7192//7359
f 7220//7890 7228//5676 7222//7891
f 7230//7353 7223//7892 7214//7884
f 7230//7353 7227//7895 7223//7892
f 6675//7376 6751//7375 7113//7806
f 6666//7431 6737//7405 7131//7824
f 6669//7365 7146//7837 7178//7366
f 6691//7457 6676//7456 6738//7466
f 6669//7365 6683//7386 7146//7837
f 7229//7363 7213//7883 7227//7895
f 7231//7356 7226//7894 6681//7357
f 6686//5681 7220//7890 7226//7894
f 7232//5677 7228//5676 7220//7890
f 6682//7403 7186//7402 7194//7871
f 6674//7410 7229//7363 7227//7895
f 7230//7353 7214//7884 7219//7889
f 6692//7387 7148//7839 7188//7385
f 6692//7387 6664//7388 7148//7839
f 6728//7424 6700//7423 7152//7842
f 7231//7356 6686//5681 7226//7894
f 6686//5681 7232//5677 7220//7890
f 3337//7896 7219//7889 7221//7882
f 5028//5672 7224//5670 7228//5676
f 6678//7497 7194//7871 6679//7493
f 6725//7445 6710//7397 7126//7817
f 6725//7445 7126//7817 6723//7446
f 4854//5472 7033//7732 7138//7505
f 6701//7459 6702//7442 7176//7860
f 6701//7459 7176//7860 6748//7460
f 6681//7357 7225//7893 7229//7363
f 7233//7354 7230//7353 7219//7889
f 6698//7371 7179//7373 7186//7402
f 6689//7462 6738//7466 6690//7418
f 6688//7358 7159//7360 7139//7437
f 6706//7454 6707//7433 7207//7879
f 6706//7454 7207//7879 6687//7416
f 6667//7352 7227//7895 7230//7353
f 6667//7352 6674//7410 7227//7895
f 6721//7436 7097//7435 7107//7802
f 7233//7354 7219//7889 3337//7896
f 6677//7361 7229//7363 6674//7410
f 6730//7395 6673//7440 7109//7396
f 6699//7472 6668//7401 7164//7850
f 6699//7472 7164//7850 6700//7423
f 6680//7362 6681//7357 7229//7363
f 6742//7449 7169//7855 6712//7463
f 6727//7471 6704//7380 7157//7846
f 6742//7449 6743//7448 7169//7855
f 4927//5549 7189//5544 7155//7844
f 4927//5549 7155//7844 7182//7425
f 6736//7404 6737//7405 6666//7431
f 7033//7732 4854//5472 4786//5471
f 6718//7438 6727//7471 6719//7439
f 6753//7450 6754//7451 7187//7867
f 7233//7354 3337//7896 6499//7897
f 6753//7450 7187//7867 6743//7448
f 6721//7436 7107//7802 3335//7887
f 6726//7482 6685//7526 7015//7714
f 6726//7482 7015//7714 7110//7483
f 6765//7461 6748//7460 7201//7875
f 6765//7461 7201//7875 6709//7421
f 6735//7490 6670//7381 7193//7870
f 6735//7490 7193//7870 6724//7488
f 6682//7403 7194//7871 6678//7497
f 6740//7428 6713//7427 6741//7392
f 6707//7433 6728//7424 7172//7857
f 6750//7489 7191//7869 6715//7399
f 6750//7489 6724//7488 7191//7869
f 6762//7429 4813//5699 4810//5697
f 7233//7354 6499//7897 4813//5699
f 6509//7898 3334//7899 3339//7900
f 6509//7898 6505//7901 3334//7899
f 6505//7901 6502//7902 3334//7899
f 6502//7902 3330//7903 3334//7899
f 6502//7902 6501//7904 3330//7903
f 6501//7904 3350//7905 3330//7903
f 6501//7904 6500//7906 3350//7905
f 6500//7906 3336//7907 3350//7905
f 6500//7906 6499//7897 3336//7907
f 6499//7897 3337//7896 3336//7907
f 3345//7908 6507//7909 3339//7910
f 6507//7909 6509//7911 3339//7910
f 3352//7912 6497//7913 3363//7914
f 6497//7913 6513//7915 3363//7914
f 3363//7914 6513//7915 3364//7916
f 6513//7915 6512//7917 3364//7916
f 3364//7916 6512//7917 3354//7918
f 6512//7917 6511//7919 3354//7918
f 6511//7919 6508//7920 3354//7918
f 3354//7918 6508//7920 3348//7921
f 6508//7920 6507//7909 3348//7921
f 3348//7921 6507//7909 3345//7908
f 6498//7922 6497//7923 3352//7924
f 6498//7922 3352//7924 3346//7925
f 6510//7926 3346//7925 3341//7927
f 6510//7926 6498//7922 3346//7925
f 6506//7928 3341//7927 3353//7929
f 6506//7928 6510//7926 3341//7927
f 6504//7930 6506//7928 3353//7929
f 6504//7930 3353//7929 3358//7931
f 6504//7930 3358//7931 4123//4761
f 6503//7932 6504//7930 4123//4761
f 4123//4761 4133//4774 6503//7932
f 6503//7932 4133//4774 4522//5172
f 4133//4774 3869//4783 4522//5172
