# Blender 4.3.2
# www.blender.org
mtllib link7.mtl
o node0_Part__Mirroring.000
v 0.014698 0.016313 0.106799
v 0.015173 0.016388 0.106335
v 0.014902 0.017465 0.106327
v 0.014418 0.017678 0.106800
v 0.020937 0.017678 0.106800
v 0.020375 0.016916 0.106332
v 0.020658 0.016319 0.106799
v 0.019845 0.015917 0.106330
v 0.019723 0.015124 0.106799
v 0.019191 0.015339 0.106332
v 0.018210 0.014912 0.106339
v 0.018186 0.014419 0.106799
v 0.016742 0.014552 0.106800
v 0.016902 0.014996 0.106331
v 0.015632 0.015125 0.106799
v 0.016053 0.015407 0.106329
v 0.014698 -0.019042 0.106799
v 0.015173 -0.018967 0.106335
v 0.014902 -0.017890 0.106327
v 0.014418 -0.017678 0.106800
v 0.020937 -0.017678 0.106800
v 0.020454 -0.017890 0.106327
v 0.020657 -0.019042 0.106799
v 0.020182 -0.018967 0.106335
v 0.019723 -0.020231 0.106799
v 0.019302 -0.019948 0.106329
v 0.018454 -0.020360 0.106331
v 0.018314 -0.020902 0.106799
v 0.017178 -0.020445 0.106337
v 0.016742 -0.020803 0.106800
v 0.015632 -0.020231 0.106799
v 0.016053 -0.019948 0.106329
v -0.020657 -0.019042 0.106799
v -0.020182 -0.018967 0.106335
v -0.020454 -0.017890 0.106327
v -0.020937 -0.017678 0.106800
v -0.014418 -0.017678 0.106800
v -0.014902 -0.017890 0.106327
v -0.014698 -0.019042 0.106799
v -0.015173 -0.018967 0.106335
v -0.015632 -0.020231 0.106799
v -0.016053 -0.019948 0.106329
v -0.016902 -0.020360 0.106331
v -0.017041 -0.020902 0.106799
v -0.018177 -0.020445 0.106337
v -0.018614 -0.020803 0.106800
v -0.019723 -0.020231 0.106799
v -0.019302 -0.019948 0.106329
v -0.020657 0.016313 0.106799
v -0.020182 0.016388 0.106335
v -0.020454 0.017466 0.106327
v -0.020937 0.017678 0.106800
v -0.014418 0.017678 0.106800
v -0.014902 0.017465 0.106327
v -0.014698 0.016313 0.106799
v -0.015173 0.016388 0.106335
v -0.015632 0.015125 0.106799
v -0.016053 0.015407 0.106329
v -0.016902 0.014996 0.106331
v -0.017041 0.014453 0.106799
v -0.018177 0.014911 0.106337
v -0.018614 0.014552 0.106800
v -0.019723 0.015124 0.106799
v -0.019302 0.015407 0.106329
v 0.022320 0.012597 0.106800
v 0.022760 0.012108 0.106293
v 0.024357 0.012342 0.106800
v 0.024781 0.011657 0.106300
v 0.016483 0.006760 0.106800
v 0.016995 0.006962 0.106301
v 0.016839 0.008586 0.106800
v 0.017237 0.008139 0.106300
v 0.026131 0.011475 0.106800
v 0.026362 0.010648 0.106300
v 0.017813 0.009447 0.106300
v 0.027536 0.010089 0.106800
v 0.017808 0.010305 0.106800
v 0.027631 0.008999 0.106299
v 0.019055 0.010853 0.106300
v 0.028481 0.008169 0.106800
v 0.019275 0.011628 0.106800
v 0.020702 0.011775 0.106297
v 0.020822 0.012329 0.106800
v 0.017583 -0.003418 0.106300
v 0.017284 -0.002306 0.106800
v 0.017923 -0.000417 0.106300
v 0.017377 0.001215 0.106800
v 0.017010 -0.005794 0.106297
v 0.016586 -0.005359 0.106800
v -0.029109 -0.000000 0.106300
v -0.029622 0.001034 0.106800
v -0.028922 0.003406 0.106300
v -0.029049 0.005796 0.106800
v -0.028378 0.006460 0.106300
v -0.027757 0.008691 0.106295
v -0.028282 0.008688 0.106800
v 0.024880 0.011614 0.097300
v 0.016977 0.005964 0.097300
v 0.017189 0.008046 0.097300
v 0.026631 0.010410 0.097300
v 0.017891 0.009547 0.097300
v 0.018972 0.010784 0.097300
v 0.027760 0.008685 0.097300
v 0.020598 0.011737 0.097300
v 0.022752 0.012120 0.097300
v 0.017050 -0.005577 0.097300
v -0.017028 -0.005687 0.097300
v -0.017591 -0.003377 0.106303
v -0.017622 -0.003213 0.097300
v -0.017018 -0.005748 0.106297
v -0.017897 -0.000805 0.106297
v -0.017933 -0.000000 0.097300
v -0.029096 0.001016 0.097300
v -0.028740 0.004698 0.097300
v -0.027794 0.008631 0.097300
v 0.030795 0.031397 0.096161
v 0.030776 0.031147 0.096713
v 0.012653 0.042046 0.096417
v 0.012514 0.041857 0.096882
v 0.021939 0.036877 0.097598
v 0.030551 0.030955 0.097140
v 0.021298 0.038276 0.096687
v 0.021586 0.036511 0.097766
v 0.021092 0.037961 0.097223
v 0.041777 0.009868 0.097577
v 0.014105 0.041573 0.096443
v 0.021416 0.038423 0.096116
v 0.023684 0.037052 0.096239
v 0.041256 0.009598 0.097776
v 0.023390 0.036705 0.097133
v 0.042081 0.008374 0.097589
v 0.042683 0.007483 0.097300
v 0.014044 0.041351 0.096910
v 0.015517 0.041069 0.096433
v 0.014611 0.041489 0.096065
v 0.041606 0.008104 0.097768
v 0.042355 0.006896 0.097585
v 0.015670 0.040784 0.096881
v 0.016832 0.040645 0.096045
v 0.041938 0.006189 0.097768
v 0.042598 0.005366 0.097575
v 0.043033 0.005345 0.097273
v 0.017022 0.040230 0.096891
v 0.017306 0.040362 0.096407
v 0.025699 0.035096 0.097134
v 0.025488 0.034776 0.097466
v 0.043181 0.003628 0.097300
v 0.018565 0.039535 0.096905
v 0.018964 0.039597 0.096433
v 0.042192 0.003705 0.097779
v 0.019031 0.039663 0.096031
v 0.042753 0.003601 0.097590
v 0.025718 0.034012 0.097702
v -0.043557 0.006053 0.096180
v -0.043235 0.007997 0.096200
v 0.026650 0.033838 0.097496
v 0.025234 0.033891 0.097785
v -0.028292 0.032256 0.097589
v -0.027398 0.032342 0.097768
v -0.026988 0.033392 0.097575
v -0.025870 0.033583 0.097768
v -0.025406 0.034556 0.097597
v 0.028345 0.032465 0.097481
v -0.024032 0.034844 0.097782
v -0.024167 0.035472 0.097580
v 0.028009 0.032297 0.097656
v -0.015599 0.041118 0.096164
v -0.013051 0.042011 0.096064
v -0.013581 0.041794 0.096294
v 0.027595 0.032180 0.097767
v -0.011379 0.042472 0.096190
v 0.012342 0.041114 0.097577
v 0.029652 0.030635 0.097703
v 0.012587 0.040458 0.097775
v 0.013789 0.040630 0.097589
v 0.032756 0.029331 0.096260
v 0.014310 0.039898 0.097768
v 0.015425 0.040068 0.097575
v 0.016149 0.039196 0.097768
v 0.017223 0.039280 0.097597
v 0.018637 0.038665 0.097580
v 0.026838 0.034856 0.096064
v 0.025605 0.035746 0.096188
v 0.030024 0.030929 0.097476
v 0.027334 0.034407 0.096299
v 0.042506 0.010092 0.096882
v 0.028875 0.033188 0.096064
v 0.029342 0.032710 0.096299
v 0.032580 0.029083 0.096914
v 0.042937 0.009174 0.096445
v 0.033194 0.027876 0.097307
v 0.043973 0.000615 0.096232
v 0.042833 0.008513 0.096910
v 0.043326 0.007096 0.096433
v 0.043236 0.008093 0.096065
v 0.034465 0.027303 0.096260
v 0.032852 0.027607 0.097598
v -0.043973 -0.000615 0.096232
v -0.043950 0.002054 0.095992
v -0.043824 0.002076 0.096539
v 0.043155 0.006822 0.096881
v -0.043596 0.000413 0.097051
v 0.043608 0.005193 0.096407
v 0.032438 0.027339 0.097764
v 0.043615 0.005751 0.096044
v -0.043249 0.000055 0.097380
v -0.042802 0.000155 0.097644
v 0.043351 0.005374 0.096891
v -0.042251 0.003076 0.097779
v -0.043755 0.004345 0.096190
v -0.042902 0.004399 0.097462
v 0.034284 0.027053 0.096914
v 0.043521 0.003690 0.096905
v -0.043538 0.004726 0.096701
v 0.043774 0.003375 0.096433
v 0.043864 0.003358 0.096031
v -0.043243 0.004708 0.097134
v 0.036049 0.025176 0.096260
v -0.042423 0.004272 0.097702
v -0.042630 0.006160 0.097496
v -0.043047 0.006211 0.097139
v -0.042226 0.005923 0.097700
v 0.035863 0.024923 0.096914
v -0.042783 0.007736 0.097159
v 0.035574 0.024734 0.097307
v -0.042288 0.008315 0.097481
v -0.042490 0.009301 0.097137
v -0.041863 0.008111 0.097701
v 0.036137 0.023155 0.097598
v 0.037326 0.023249 0.096225
v -0.041797 0.010537 0.097476
v 0.035563 0.022989 0.097785
v -0.042466 0.011404 0.096190
v -0.041760 0.013762 0.096260
v -0.042084 0.010980 0.097140
v -0.041357 0.010362 0.097703
v -0.030087 0.031981 0.096417
v -0.029993 0.031766 0.096882
v -0.029435 0.031840 0.097275
v 0.037483 0.022419 0.096914
v 0.037183 0.022249 0.097307
v -0.028789 0.032838 0.096910
v -0.041476 0.013674 0.096914
v -0.027823 0.033223 0.097300
v 0.038659 0.021005 0.096014
v -0.040739 0.014809 0.097307
v 0.038630 0.020838 0.096504
v -0.040856 0.016250 0.096260
v -0.040335 0.014647 0.097598
v -0.027485 0.033962 0.096881
v -0.026145 0.034595 0.097273
v -0.026329 0.034857 0.096891
v -0.039800 0.014457 0.097783
v -0.024956 0.035845 0.096905
v 0.038923 0.019807 0.096914
v -0.024810 0.036222 0.096433
v -0.024732 0.035582 0.097300
v -0.040571 0.016165 0.096914
v 0.039208 0.018484 0.097307
v 0.039836 0.018649 0.096134
v -0.017374 0.039461 0.097466
v 0.038809 0.018311 0.097598
v -0.039804 0.018679 0.096260
v -0.017545 0.039804 0.097134
v -0.016597 0.039279 0.097702
v 0.038371 0.018149 0.097759
v -0.015980 0.039998 0.097496
v -0.016144 0.040385 0.097139
v 0.040121 0.017442 0.096806
v -0.013943 0.040780 0.097481
v -0.014692 0.040919 0.097159
v -0.039515 0.018596 0.096914
v -0.039207 0.018441 0.097307
v 0.040889 0.016213 0.096134
v -0.013190 0.041448 0.097137
v -0.013965 0.040405 0.097656
v -0.038121 0.019718 0.097598
v -0.011773 0.041466 0.097476
v -0.038516 0.021242 0.096153
v -0.037709 0.019447 0.097764
v -0.011533 0.041936 0.097140
v -0.011705 0.040997 0.097703
v 0.012857 0.041411 0.097275
v -0.038275 0.021175 0.096820
v 0.041105 0.014975 0.096806
v -0.037859 0.021077 0.097307
v 0.041158 0.013599 0.097307
v 0.041792 0.013718 0.096134
v 0.014861 0.040706 0.097300
v 0.040741 0.013476 0.097598
v -0.037454 0.023040 0.096244
v 0.040046 0.013772 0.097786
v 0.016887 0.039940 0.097273
v 0.041938 0.012454 0.096806
v 0.018449 0.039209 0.097300
v 0.042687 0.010645 0.096094
v -0.035612 0.024714 0.097307
v -0.036053 0.025198 0.096134
v -0.035262 0.024454 0.097598
v -0.036545 0.024013 0.096835
v -0.034847 0.024042 0.097785
v 0.026902 0.034174 0.097139
v 0.042291 0.009571 0.097275
v 0.028091 0.033183 0.097159
v -0.035165 0.026025 0.096806
v 0.029300 0.032147 0.097137
v -0.034470 0.027324 0.096134
v -0.033521 0.028110 0.096806
v -0.032356 0.028845 0.097307
v -0.032762 0.029350 0.096134
v -0.032041 0.028545 0.097598
v -0.031707 0.028183 0.097764
v 0.043596 -0.000413 0.097051
v -0.031754 0.030092 0.096806
v 0.043249 -0.000055 0.097380
v 0.042624 -0.000397 0.097722
v -0.030553 0.031655 0.096095
v -0.041752 0.006476 0.097786
v -0.041107 0.009778 0.097786
v -0.043258 0.006819 0.096711
v -0.028624 0.033399 0.096065
v -0.026779 0.034903 0.096045
v -0.024827 0.036317 0.096031
v -0.029434 0.031246 0.097577
v -0.042814 0.009147 0.096728
v -0.016476 0.038916 0.097785
v -0.028706 0.031171 0.097773
v -0.013907 0.040027 0.097772
v -0.042362 0.011079 0.096713
v -0.012085 0.040489 0.097786
v 0.012131 0.042289 0.096094
v 0.028924 0.030785 0.097788
v -0.022544 0.037756 0.096239
v -0.021314 0.038139 0.096915
v -0.021157 0.037831 0.097308
v -0.020966 0.037438 0.097598
v -0.020826 0.036949 0.097766
v -0.020234 0.039043 0.096239
v -0.017676 0.040067 0.096701
v -0.015724 0.040872 0.096711
v -0.017617 0.040290 0.096190
v -0.013486 0.041652 0.096728
v -0.011586 0.042226 0.096713
v -0.028951 0.033002 0.096443
v -0.027808 0.033973 0.096433
v -0.009012 0.043036 0.096260
v -0.026302 0.035168 0.096407
v -0.008896 0.042756 0.096914
v -0.007544 0.042685 0.097307
v -0.006401 0.043501 0.096260
v -0.007482 0.042254 0.097598
v 0.025862 0.035342 0.096701
v -0.007380 0.041696 0.097783
v 0.027535 0.034053 0.096711
v -0.006287 0.043218 0.096914
v 0.029329 0.032505 0.096728
v -0.002655 0.043935 0.095988
v -0.003667 0.043751 0.096444
v -0.003653 0.043519 0.096914
v -0.003633 0.043175 0.097307
v -0.001984 0.042873 0.097598
v -0.002013 0.042380 0.097764
v -0.000671 0.043903 0.096444
v -0.000674 0.043671 0.096914
v -0.000677 0.043326 0.097307
v 0.001146 0.043982 0.096013
v 0.002203 0.043839 0.096470
v 0.002308 0.043611 0.096914
v -0.042888 0.009737 0.096148
v 0.003597 0.043197 0.097307
v 0.003776 0.043823 0.096134
v 0.003547 0.042765 0.097598
v 0.003843 0.042166 0.097786
v 0.004956 0.043466 0.096806
v 0.006411 0.043516 0.096134
v 0.007584 0.043085 0.096806
v 0.008802 0.042444 0.097307
v 0.009024 0.043050 0.096134
v 0.008700 0.042020 0.097598
v 0.008610 0.041662 0.097732
v 0.010184 0.042546 0.096806
v 0.018160 0.038234 0.097782
v -0.001624 0.022315 0.106799
v -0.002160 0.022900 0.106700
v 0.003071 0.024353 0.106800
v 0.002997 0.025326 0.106703
v 0.002849 0.023949 0.106699
v -0.002612 0.023307 0.106800
v -0.002811 0.023888 0.106700
v -0.003147 0.024768 0.106799
v 0.002143 0.022684 0.106799
v -0.003013 0.025188 0.106695
v 0.002100 0.022840 0.106700
v 0.001268 0.022268 0.106700
v 0.000511 0.021990 0.106764
v -0.000306 0.021961 0.106771
v -0.001345 0.022305 0.106700
v -0.002330 0.023091 0.098798
v 0.002984 0.024622 0.098798
v 0.002030 0.022761 0.098800
v -0.000532 0.024185 0.097952
v -0.000128 0.021980 0.098797
v 0.000075 0.023242 0.098283
v -0.001454 0.022350 0.098800
v -0.002994 0.024743 0.098794
v -0.001404 0.024289 0.098205
v -0.002832 0.023975 0.098801
v 0.002797 0.023876 0.098797
v 0.001238 0.024264 0.098149
v 0.001147 0.022215 0.098797
v -0.015001 -0.004731 0.099132
v -0.014960 -0.003495 0.098808
v 0.011127 -0.010589 0.098806
v -0.015376 -0.003394 0.099194
v 0.011110 -0.010856 0.098880
v -0.015107 -0.003517 0.098869
v -0.015344 -0.003124 0.099003
v -0.011691 -0.010413 0.098992
v -0.011642 -0.010596 0.099172
v -0.012288 -0.009683 0.098978
v -0.015483 -0.002342 0.099003
v -0.015293 -0.001313 0.098802
v -0.012628 -0.009404 0.099184
v -0.012978 -0.008778 0.099016
v -0.015355 -0.002073 0.098853
v -0.015612 -0.001934 0.099128
v -0.013361 -0.008307 0.099149
v 0.015162 -0.003418 0.098889
v 0.014973 -0.004171 0.098889
v 0.014746 -0.004914 0.098889
v 0.014388 -0.005919 0.098898
v 0.014163 -0.006836 0.099128
v 0.013649 -0.007851 0.099189
v 0.013021 -0.008844 0.099188
v 0.012334 -0.009786 0.099188
v -0.011604 -0.010167 0.098825
v -0.012143 -0.009539 0.098830
v -0.014099 -0.006819 0.099004
v -0.013880 -0.007424 0.099167
v -0.012957 -0.008566 0.098878
v -0.013567 -0.007252 0.098812
v -0.013889 -0.006944 0.098879
v -0.014364 -0.005640 0.098826
v -0.014633 -0.005792 0.099140
v -0.014723 -0.005277 0.098981
v 0.015329 -0.002608 0.098892
v 0.015109 -0.002799 0.098812
v 0.015442 -0.000144 0.098818
v 0.015606 -0.001194 0.098983
v 0.015712 0.000605 0.099096
v 0.015740 -0.000754 0.099228
v 0.015460 -0.002884 0.099119
v 0.014748 -0.004307 0.098811
v 0.015235 -0.003880 0.099112
v 0.015023 -0.004635 0.099112
v 0.014236 -0.005768 0.098810
v 0.014773 -0.005377 0.099112
v 0.014487 -0.006107 0.099112
v 0.013909 -0.006734 0.098838
v 0.013799 -0.007345 0.098962
v 0.013181 -0.007954 0.098814
v 0.013192 -0.008421 0.098981
v 0.011376 -0.010880 0.099177
v 0.008523 -0.012824 0.098807
v 0.009275 -0.012472 0.098873
v 0.010092 -0.012064 0.099104
v 0.012545 -0.008913 0.098814
v 0.012573 -0.009160 0.098896
v 0.012263 -0.009762 0.099020
v 0.008834 -0.013013 0.099104
v 0.011840 -0.010000 0.098855
v 0.011268 -0.010896 0.099022
v 0.007284 -0.013708 0.098874
v 0.007489 -0.013832 0.099104
v 0.005385 -0.014427 0.098812
v 0.005281 -0.014661 0.098898
v 0.006063 -0.014527 0.099158
v 0.004586 -0.015046 0.099104
v 0.002405 -0.015207 0.098810
v 0.002910 -0.015338 0.098944
v 0.003050 -0.015443 0.099158
v -0.013574 -0.007723 0.098953
v 0.000569 -0.015481 0.098839
v 0.001500 -0.015658 0.099104
v -0.014390 -0.006092 0.098961
v -0.002427 -0.015242 0.098814
v -0.000408 -0.015610 0.098944
v -0.000355 -0.015744 0.099165
v -0.015114 -0.004091 0.099000
v -0.002196 -0.015575 0.099104
v -0.004246 -0.014893 0.098840
v -0.003742 -0.015277 0.099104
v -0.005825 -0.014453 0.098898
v -0.005256 -0.014838 0.099157
v -0.007594 -0.013395 0.098812
v -0.006708 -0.014226 0.099104
v -0.008594 -0.012999 0.098898
v -0.008106 -0.013494 0.099157
v -0.010126 -0.011594 0.098810
v -0.009405 -0.012606 0.099103
v -0.010554 -0.011503 0.098944
v -0.010630 -0.011610 0.099157
v -0.012815 -0.008490 0.098813
v -0.015499 0.000451 0.098849
v -0.015712 -0.000605 0.099096
v -0.014744 -0.004611 0.098835
v 0.031544 0.000000 0.105790
v 0.030466 0.002186 0.106800
v 0.031118 0.005046 0.105801
v 0.029662 0.007203 0.106800
v 0.030095 0.009385 0.105801
v 0.028327 0.011372 0.106800
v 0.028470 0.013536 0.105801
v 0.026409 0.015307 0.106800
v 0.026276 0.017416 0.105801
v 0.023948 0.018926 0.106800
v 0.023557 0.020948 0.105801
v 0.020996 0.022157 0.106800
v 0.020367 0.024061 0.105801
v 0.017611 0.024932 0.106800
v 0.016770 0.026693 0.105801
v 0.013864 0.027194 0.106800
v 0.012838 0.028792 0.105801
v 0.009832 0.028898 0.106800
v 0.008649 0.030314 0.105801
v 0.005596 0.030007 0.106800
v 0.004287 0.031231 0.105801
v 0.001094 0.030508 0.106800
v 0.001014 0.031488 0.105800
v -0.002338 0.031437 0.105796
v -0.004531 0.030219 0.106800
v -0.005570 0.031008 0.105800
v -0.008851 0.030256 0.105801
v -0.009832 0.028898 0.106800
v -0.013030 0.028705 0.105801
v -0.013864 0.027194 0.106800
v -0.016949 0.026580 0.105801
v -0.017611 0.024932 0.106800
v -0.020528 0.023924 0.105801
v -0.020996 0.022157 0.106800
v -0.023697 0.020789 0.105801
v -0.023948 0.018926 0.106800
v -0.026392 0.017239 0.105801
v -0.026409 0.015307 0.106800
v -0.028560 0.013345 0.105801
v -0.028327 0.011372 0.106800
v -0.030157 0.009184 0.105801
v -0.029662 0.007203 0.106800
v -0.031150 0.004839 0.105801
v -0.030387 0.002884 0.106800
v -0.031521 0.000444 0.105796
v 0.015727 -0.001220 0.105803
v 0.016587 -0.002379 0.106800
v 0.016760 0.000000 0.106800
v 0.015194 -0.004240 0.105804
v 0.015999 -0.005007 0.106800
v 0.015149 -0.007177 0.106800
v 0.014195 -0.006854 0.105799
v 0.013694 -0.009685 0.106800
v 0.013272 -0.008491 0.105802
v 0.011985 -0.010238 0.105798
v 0.011889 -0.011818 0.106800
v 0.010358 -0.011882 0.105800
v 0.010096 -0.013380 0.106800
v 0.007820 -0.013716 0.105811
v 0.008229 -0.014604 0.106800
v 0.005811 -0.015729 0.106800
v 0.004589 -0.015092 0.105808
v 0.002836 -0.016520 0.106800
v 0.001074 -0.015752 0.105799
v -0.000000 -0.016784 0.106800
v -0.002453 -0.015582 0.105799
v -0.002836 -0.016520 0.106800
v -0.004572 -0.015078 0.105802
v -0.005811 -0.015729 0.106800
v -0.006906 -0.014182 0.105807
v -0.008229 -0.014604 0.106800
v -0.009916 -0.012286 0.105810
v -0.010096 -0.013380 0.106800
v -0.011889 -0.011818 0.106800
v -0.011766 -0.010478 0.105801
v -0.013694 -0.009685 0.106800
v -0.013099 -0.008768 0.105799
v -0.014241 -0.006756 0.105800
v -0.015149 -0.007177 0.106800
v -0.015999 -0.005007 0.106800
v -0.015227 -0.004117 0.105806
v -0.016587 -0.002379 0.106800
v -0.015689 -0.001521 0.105802
v -0.016760 -0.000000 0.106800
v 0.031510 0.000000 0.098806
v 0.032414 0.002679 0.097800
v 0.031291 0.003827 0.098800
v 0.031722 0.007178 0.097800
v 0.030442 0.008188 0.098800
v 0.030410 0.011537 0.097800
v 0.028989 0.012386 0.098801
v 0.028501 0.015669 0.097800
v 0.026960 0.016338 0.098801
v 0.026034 0.019495 0.097800
v 0.024395 0.019966 0.098801
v 0.023058 0.022939 0.097800
v 0.021346 0.023197 0.098801
v 0.019629 0.025934 0.097800
v 0.017873 0.025967 0.098801
v 0.015816 0.028420 0.097800
v 0.014045 0.028222 0.098801
v 0.011693 0.030350 0.097800
v 0.009939 0.029916 0.098800
v 0.007340 0.031686 0.097800
v 0.005634 0.031016 0.098800
v 0.002844 0.032400 0.097800
v 0.001218 0.031500 0.098800
v -0.001708 0.032480 0.097800
v -0.003770 0.031313 0.098800
v -0.006226 0.031923 0.097800
v -0.008673 0.030307 0.098800
v -0.010623 0.030741 0.097800
v -0.012847 0.028787 0.098800
v -0.014811 0.028957 0.097800
v -0.016767 0.026695 0.098800
v -0.018709 0.026605 0.097800
v -0.020353 0.024073 0.098800
v -0.022241 0.023732 0.097800
v -0.023535 0.020972 0.098800
v -0.025336 0.020394 0.097800
v -0.026250 0.017455 0.098800
v -0.027935 0.016657 0.097800
v -0.028443 0.013592 0.098800
v -0.029987 0.012594 0.097800
v -0.030071 0.009458 0.098800
v -0.031452 0.008284 0.097800
v -0.031103 0.005136 0.098800
v -0.032427 0.002844 0.097800
v -0.031496 0.001111 0.098800
v -0.043991 0.001276 0.058200
v 0.043943 0.002462 0.058200
v 0.043991 -0.001276 0.058200
v 0.043461 0.007016 0.058200
v 0.042315 0.012148 0.058200
v 0.040564 0.017107 0.058200
v 0.038236 0.021821 0.058199
v 0.035361 0.026224 0.058199
v 0.031982 0.030253 0.058199
v 0.028147 0.033851 0.058199
v 0.023910 0.036965 0.058199
v 0.019332 0.039552 0.058199
v 0.014478 0.041575 0.058199
v 0.009418 0.043005 0.058199
v 0.004223 0.043821 0.058199
v -0.001032 0.044012 0.058199
v -0.006273 0.043575 0.058199
v -0.011424 0.042516 0.058199
v -0.016412 0.040851 0.058200
v -0.021166 0.038602 0.058200
v -0.025618 0.035803 0.058200
v -0.029209 0.032924 0.058200
v -0.032861 0.029317 0.058205
v -0.036396 0.024767 0.058200
v -0.039047 0.020331 0.058200
v -0.041161 0.015615 0.058200
v -0.042707 0.010684 0.058200
v -0.043665 0.005607 0.058200
v 0.015709 0.015663 0.097300
v 0.020481 0.017350 0.097300
v 0.014926 0.017076 0.097300
v 0.019987 0.016109 0.097300
v 0.019312 0.015414 0.097300
v 0.018118 0.014895 0.097300
v 0.016838 0.015015 0.097300
v 0.016099 -0.019993 0.097300
v 0.015323 -0.019178 0.097300
v 0.020455 -0.017961 0.097300
v 0.020191 -0.018894 0.097300
v 0.014875 -0.017955 0.097300
v 0.019399 -0.019907 0.097300
v 0.018163 -0.020430 0.097300
v 0.017153 -0.020420 0.097300
v -0.019623 -0.019680 0.097300
v -0.014875 -0.017955 0.097300
v -0.020191 -0.018894 0.097300
v -0.015323 -0.019178 0.097300
v -0.020455 -0.017961 0.097300
v -0.016099 -0.019993 0.097300
v -0.017352 -0.020466 0.097300
v -0.018680 -0.020295 0.097300
v -0.020032 0.016178 0.097300
v -0.014926 0.017076 0.097300
v -0.020403 0.017074 0.097300
v -0.015709 0.015663 0.097300
v -0.020446 0.018042 0.097300
v -0.016838 0.015015 0.097300
v -0.018004 0.014890 0.097300
v -0.019256 0.015362 0.097300
v -0.031434 0.030511 0.058000
v -0.028430 0.033351 0.058000
v -0.024215 0.036527 0.058000
v -0.019649 0.039172 0.058000
v -0.014799 0.041250 0.058000
v -0.009735 0.042730 0.058000
v -0.004530 0.043590 0.058000
v 0.000740 0.043818 0.058000
v 0.006000 0.043412 0.058000
v 0.011172 0.042377 0.058000
v 0.016183 0.040727 0.058000
v 0.020958 0.038488 0.058000
v 0.025430 0.035692 0.058000
v 0.029534 0.032378 0.058000
v 0.033210 0.028595 0.058000
v 0.036405 0.024398 0.058000
v 0.039073 0.019847 0.058000
v 0.041175 0.015008 0.058000
v 0.042679 0.009952 0.058000
v 0.043566 0.004751 0.058000
v 0.043822 -0.000608 0.057998
v 0.043665 -0.005607 0.058200
v 0.043420 -0.005940 0.058000
v 0.042707 -0.010684 0.058200
v 0.042396 -0.011097 0.058000
v 0.041161 -0.015615 0.058200
v 0.040762 -0.016094 0.058000
v 0.039048 -0.020331 0.058200
v 0.038541 -0.020860 0.058000
v 0.036396 -0.024767 0.058200
v 0.035765 -0.025326 0.058000
v 0.032862 -0.029317 0.058205
v 0.032351 -0.029569 0.058000
v -0.037624 -0.022830 0.057800
v -0.037479 -0.022667 0.058000
v -0.035608 -0.025547 0.058000
v -0.035934 -0.025400 0.057800
v -0.033584 -0.028464 0.057800
v -0.032283 -0.029637 0.058000
v -0.029966 -0.032251 0.057801
v -0.028492 -0.033298 0.058000
v -0.025923 -0.035582 0.057801
v -0.024290 -0.036477 0.058000
v -0.021514 -0.038408 0.057801
v -0.019736 -0.039129 0.058000
v -0.016801 -0.040692 0.057801
v -0.014897 -0.041215 0.058000
v -0.011228 -0.042583 0.057801
v -0.009843 -0.042705 0.058000
v -0.005432 -0.043687 0.057801
v -0.004647 -0.043577 0.058000
v -0.000205 -0.044023 0.057801
v 0.000616 -0.043820 0.058000
v 0.005025 -0.043736 0.057801
v 0.005871 -0.043430 0.058000
v 0.010183 -0.042830 0.057801
v 0.011041 -0.042411 0.058000
v 0.015198 -0.041317 0.057801
v 0.016053 -0.040779 0.058000
v 0.019998 -0.039219 0.057801
v 0.020832 -0.038556 0.058000
v 0.024515 -0.036567 0.057801
v 0.025311 -0.035776 0.058000
v 0.029130 -0.033027 0.057796
v 0.028939 -0.032895 0.058000
v 0.032818 -0.029327 0.057800
v 0.035703 -0.025757 0.057800
v 0.038525 -0.021306 0.057800
v 0.040795 -0.016549 0.057800
v 0.042481 -0.011555 0.057800
v 0.043557 -0.006396 0.057800
v 0.044017 -0.001015 0.057796
v 0.043807 0.004371 0.057801
v 0.042970 0.009575 0.057801
v 0.041518 0.014641 0.057801
v 0.039471 0.019498 0.057801
v 0.036858 0.024075 0.057801
v 0.033717 0.028307 0.057801
v 0.030092 0.032134 0.057801
v 0.026037 0.035499 0.057801
v 0.022187 0.038011 0.057801
v 0.018079 0.040140 0.057801
v 0.013153 0.042013 0.057801
v 0.008038 0.043284 0.057801
v 0.002808 0.043934 0.057801
v -0.003130 0.043927 0.057801
v -0.008875 0.043116 0.057804
v -0.013841 0.041792 0.057801
v -0.018736 0.039838 0.057801
v -0.023363 0.037314 0.057801
v -0.028171 0.033850 0.057801
v -0.032470 0.029734 0.057792
v -0.037607 -0.022829 0.052152
v -0.035069 -0.026613 0.052199
v -0.031660 -0.030590 0.052199
v -0.027803 -0.034134 0.052199
v -0.023552 -0.037194 0.052199
v -0.018968 -0.039728 0.052199
v -0.014115 -0.041700 0.052199
v -0.009062 -0.043081 0.052199
v -0.003882 -0.043852 0.052199
v 0.001353 -0.044003 0.052199
v 0.006569 -0.043531 0.052199
v 0.011693 -0.042442 0.052199
v 0.016651 -0.040753 0.052199
v 0.021373 -0.038487 0.052199
v 0.025792 -0.035677 0.052200
v 0.030305 -0.031953 0.052205
v 0.033380 -0.028674 0.052200
v 0.035848 -0.025555 0.052199
v 0.038645 -0.021088 0.052199
v 0.040888 -0.016318 0.052199
v 0.042545 -0.011314 0.052199
v 0.043593 -0.006149 0.052199
v 0.043978 -0.001680 0.052197
v 0.043934 0.002808 0.052199
v 0.043284 0.008038 0.052199
v 0.042013 0.013153 0.052199
v 0.040140 0.018079 0.052199
v 0.038011 0.022187 0.052199
v 0.035499 0.026037 0.052199
v 0.032134 0.030092 0.052199
v 0.028307 0.033717 0.052199
v 0.024075 0.036858 0.052199
v 0.019498 0.039471 0.052199
v 0.014641 0.041518 0.052199
v 0.009575 0.042970 0.052199
v 0.004371 0.043807 0.052199
v -0.001015 0.044017 0.052204
v -0.005724 0.043639 0.052200
v -0.010278 0.042807 0.052200
v -0.015320 0.041272 0.052200
v -0.020142 0.039146 0.052200
v -0.024676 0.036458 0.052200
v -0.028856 0.033248 0.052200
v -0.040249 0.017336 0.052000
v -0.039036 0.020353 0.052199
v -0.042749 -0.009813 0.052000
v -0.042807 -0.010299 0.052202
v -0.037888 0.022024 0.052000
v -0.043739 -0.004988 0.052199
v -0.036375 0.024797 0.052199
v -0.043709 -0.003180 0.052000
v -0.034982 0.026397 0.052000
v -0.044026 0.000310 0.052203
v -0.032910 0.029254 0.052199
v -0.031893 0.030044 0.052000
v -0.043775 0.002070 0.052000
v -0.043666 0.005595 0.052199
v -0.043214 0.007289 0.052000
v -0.042707 0.010685 0.052199
v -0.042033 0.012401 0.052000
v -0.041156 0.015627 0.052199
v -0.028429 0.033352 0.052000
v -0.024212 0.036529 0.052000
v -0.019644 0.039175 0.052000
v -0.014791 0.041253 0.052000
v -0.009724 0.042732 0.052000
v -0.004516 0.043591 0.052000
v 0.000757 0.043818 0.052000
v 0.006019 0.043409 0.052000
v 0.011193 0.042371 0.052000
v 0.016205 0.040718 0.052000
v 0.020982 0.038476 0.052000
v 0.025454 0.035675 0.052000
v 0.029557 0.032357 0.052000
v 0.033232 0.028570 0.052000
v 0.036425 0.024368 0.052000
v 0.039090 0.019813 0.052000
v 0.041188 0.014971 0.052000
v 0.042689 0.009912 0.052000
v 0.043571 0.004709 0.052000
v 0.043821 -0.000563 0.052000
v 0.043435 -0.005827 0.052000
v 0.042420 -0.011007 0.052000
v 0.040789 -0.016027 0.052000
v 0.038565 -0.020815 0.052000
v 0.035783 -0.025301 0.052000
v 0.032898 -0.028936 0.052000
v 0.029565 -0.032355 0.052000
v -0.041032 -0.015914 0.057000
v -0.040651 -0.016838 0.054000
v -0.040257 -0.017757 0.057000
v -0.032259 -0.029663 0.052000
v -0.028466 -0.033320 0.052000
v -0.035586 -0.025577 0.052000
v 0.025314 -0.035774 0.052000
v 0.020838 -0.038553 0.052000
v 0.016062 -0.040775 0.052000
v 0.011054 -0.042408 0.052000
v 0.005886 -0.043427 0.052000
v 0.000635 -0.043820 0.052000
v -0.004625 -0.043580 0.052000
v -0.009819 -0.042710 0.052000
v -0.014872 -0.041224 0.052000
v -0.019709 -0.039142 0.052000
v -0.024263 -0.036495 0.052000
v -0.040189 -0.016647 0.054000
v -0.039806 -0.017571 0.057000
v -0.040571 -0.015723 0.057000
v -0.042824 -0.010259 0.057793
v -0.042440 0.011701 0.057801
v -0.043520 0.006636 0.057801
v -0.044022 0.000948 0.057806
v -0.035773 0.025659 0.057801
v -0.043767 -0.004746 0.057801
v -0.038539 0.021279 0.057801
v -0.040772 0.016605 0.057801
v -0.043760 0.002665 0.057998
v -0.034170 0.027439 0.058000
v -0.043698 -0.003328 0.058000
v -0.037204 0.023160 0.058000
v -0.042820 -0.009401 0.058009
v -0.039704 0.018552 0.058000
v -0.041635 0.013680 0.058000
v -0.042970 0.008611 0.058000
v -0.041351 -0.014577 0.058000
v -0.038953 -0.020075 0.058000
v 0.028721 -0.033366 0.058200
v 0.024537 -0.036552 0.058200
v 0.020004 -0.039217 0.058200
v 0.015185 -0.041322 0.058200
v 0.010149 -0.042838 0.058199
v 0.004969 -0.043743 0.058199
v -0.000282 -0.044023 0.058199
v -0.004868 -0.043743 0.058199
v -0.009417 -0.043005 0.058199
v -0.014478 -0.041575 0.058199
v -0.019332 -0.039553 0.058199
v -0.023910 -0.036966 0.058199
v -0.028146 -0.033851 0.058199
v -0.031982 -0.030254 0.058199
v -0.034517 -0.027295 0.058200
v -0.036862 -0.024069 0.058200
v -0.039456 -0.019528 0.058201
v -0.041735 -0.014057 0.058197
v -0.043232 -0.008311 0.058200
v -0.043915 -0.003097 0.058200
v -0.015416 0.019334 0.106338
v -0.016176 0.020045 0.097300
v -0.015368 0.019246 0.097300
v -0.020400 0.018295 0.106332
v -0.014971 0.018361 0.097300
v -0.014955 0.018295 0.106332
v -0.020081 0.019119 0.097300
v -0.019939 0.019334 0.106338
v -0.019216 0.020016 0.097300
v -0.019184 0.020021 0.106333
v -0.018454 0.020360 0.106331
v -0.018203 0.020420 0.097300
v -0.017145 0.020443 0.106339
v -0.017233 0.020434 0.097300
v -0.016164 0.020016 0.106332
v -0.015416 -0.016022 0.106338
v -0.015791 -0.015619 0.097300
v -0.015123 -0.016525 0.097300
v -0.020400 -0.017060 0.106332
v -0.020385 -0.016994 0.097300
v -0.014955 -0.017060 0.106332
v -0.019939 -0.016022 0.106338
v -0.019987 -0.016109 0.097300
v -0.019084 -0.015242 0.097300
v -0.019184 -0.015334 0.106333
v -0.018453 -0.014995 0.106331
v -0.017881 -0.014893 0.097300
v -0.017145 -0.014912 0.106339
v -0.016763 -0.015028 0.097300
v -0.016164 -0.015339 0.106332
v 0.019939 -0.016022 0.106338
v 0.019893 -0.015992 0.097300
v 0.020349 -0.016829 0.097300
v 0.014955 -0.017060 0.106332
v 0.015123 -0.016525 0.097300
v 0.020400 -0.017060 0.106332
v 0.015416 -0.016022 0.106338
v 0.015998 -0.015422 0.097300
v 0.016171 -0.015334 0.106333
v 0.016902 -0.014996 0.106331
v 0.017464 -0.014869 0.097300
v 0.018210 -0.014912 0.106339
v 0.019043 -0.015214 0.097300
v 0.019191 -0.015339 0.106332
v 0.019939 0.019334 0.106338
v 0.019564 0.019736 0.097300
v 0.020232 0.018830 0.097300
v 0.014955 0.018295 0.106332
v 0.014971 0.018361 0.097300
v 0.020437 0.018149 0.106330
v 0.015416 0.019334 0.106338
v 0.015552 0.019526 0.097300
v 0.016171 0.020021 0.106333
v 0.016871 0.020372 0.097300
v 0.016902 0.020360 0.106331
v 0.018210 0.020443 0.106339
v 0.018438 0.020390 0.097300
v 0.019191 0.020016 0.106332
v -0.043864 -0.003358 0.096031
v -0.043615 -0.005751 0.096044
v -0.043236 -0.008093 0.096065
v -0.042687 -0.010645 0.096094
v -0.041792 -0.013718 0.096134
v -0.040889 -0.016213 0.096134
v -0.039836 -0.018649 0.096134
v -0.038659 -0.021005 0.096014
v -0.037326 -0.023249 0.096225
v -0.036049 -0.025176 0.096260
v -0.034465 -0.027303 0.096260
v -0.032756 -0.029331 0.096260
v -0.030795 -0.031397 0.096161
v -0.028875 -0.033188 0.096064
v -0.026838 -0.034856 0.096064
v -0.023684 -0.037052 0.096239
v -0.021416 -0.038423 0.096116
v -0.019031 -0.039663 0.096031
v -0.016832 -0.040645 0.096045
v -0.014611 -0.041489 0.096065
v -0.012131 -0.042289 0.096094
v -0.009024 -0.043050 0.096134
v -0.006411 -0.043516 0.096134
v -0.003776 -0.043823 0.096134
v -0.001146 -0.043982 0.096013
v 0.002655 -0.043935 0.095988
v 0.006401 -0.043501 0.096260
v 0.009012 -0.043036 0.096260
v 0.013051 -0.042011 0.096064
v 0.015599 -0.041118 0.096164
v 0.017617 -0.040290 0.096190
v 0.020234 -0.039043 0.096239
v 0.022544 -0.037756 0.096239
v 0.024827 -0.036317 0.096031
v 0.026779 -0.034903 0.096045
v 0.028624 -0.033399 0.096065
v 0.030553 -0.031655 0.096095
v 0.032762 -0.029350 0.096134
v 0.034470 -0.027324 0.096134
v 0.036053 -0.025198 0.096134
v 0.037454 -0.023040 0.096244
v 0.038516 -0.021242 0.096153
v 0.039804 -0.018679 0.096260
v 0.040856 -0.016250 0.096260
v 0.041760 -0.013762 0.096260
v 0.043235 -0.007997 0.096200
v 0.043950 -0.002054 0.095992
v 0.015237 0.002101 0.098815
v 0.015124 0.003103 0.098829
v 0.014365 0.005642 0.098827
v 0.014740 0.004607 0.098833
v 0.013566 0.007216 0.098809
v 0.012828 0.008451 0.098810
v 0.010124 0.011597 0.098810
v 0.007597 0.013393 0.098811
v 0.002419 0.015241 0.098813
v -0.015043 0.003176 0.098812
v -0.002400 0.015209 0.098811
v -0.005387 0.014426 0.098812
v -0.014511 0.005045 0.098810
v -0.013715 0.006978 0.098813
v -0.008523 0.012824 0.098807
v -0.011329 0.010422 0.098812
v 0.015689 0.001521 0.105802
v 0.015227 0.004117 0.105806
v 0.015376 0.003394 0.099194
v 0.015001 0.004731 0.099132
v 0.014633 0.005792 0.099140
v 0.014241 0.006756 0.105800
v 0.013880 0.007424 0.099167
v 0.013099 0.008768 0.105799
v 0.012628 0.009404 0.099184
v 0.011766 0.010478 0.105801
v 0.011642 0.010596 0.099172
v 0.009916 0.012286 0.105810
v 0.006906 0.014182 0.105807
v 0.004572 0.015078 0.105802
v 0.002453 0.015582 0.105799
v -0.001074 0.015752 0.105799
v -0.004589 0.015092 0.105808
v -0.007820 0.013716 0.105811
v -0.010358 0.011882 0.105800
v -0.011376 0.010880 0.099177
v -0.011985 0.010238 0.105798
v -0.012334 0.009786 0.099188
v -0.013272 0.008491 0.105802
v -0.013021 0.008844 0.099188
v -0.013649 0.007851 0.099189
v -0.014195 0.006854 0.105799
v -0.015194 0.004240 0.105804
v -0.015235 0.003880 0.099112
v -0.015727 0.001220 0.105803
v 0.008229 0.014604 0.106800
v 0.017169 0.020936 0.106799
v 0.009832 -0.028898 0.106800
v -0.011889 0.011818 0.106800
v 0.004531 -0.030219 0.106800
v -0.020657 -0.016313 0.106799
v -0.023948 -0.018926 0.106800
v -0.016742 -0.014552 0.106800
v -0.018714 -0.011220 0.106800
v -0.018186 -0.014419 0.106799
v -0.017403 -0.009736 0.106800
v -0.010096 0.013380 0.106800
v 0.014698 0.019042 0.106799
v 0.020996 -0.022157 0.106800
v -0.000796 0.027962 0.106774
v -0.020429 -0.012209 0.106800
v -0.019723 -0.015124 0.106799
v -0.018714 0.011220 0.106800
v 0.023948 -0.018926 0.106800
v -0.016635 -0.007911 0.106800
v 0.005811 0.015729 0.106800
v -0.026409 -0.015307 0.106800
v -0.008229 0.014604 0.106800
v -0.022371 -0.012599 0.106800
v 0.017611 -0.024932 0.106800
v 0.015632 0.020231 0.106799
v -0.001848 0.027518 0.106800
v -0.001094 -0.030508 0.106800
v -0.016507 -0.005791 0.106800
v -0.024335 -0.012348 0.106800
v -0.014698 0.019042 0.106799
v -0.020429 0.012209 0.106800
v -0.005811 0.015729 0.106800
v 0.016587 0.002379 0.106800
v 0.020657 -0.016313 0.106799
v 0.028327 -0.011372 0.106800
v 0.027536 -0.010089 0.106800
v 0.026131 -0.011475 0.106800
v -0.005596 -0.030007 0.106800
v -0.017330 -0.002026 0.106800
v -0.026117 -0.011485 0.106800
v 0.016669 0.005102 0.106800
v -0.002758 0.026467 0.106800
v 0.026409 -0.015307 0.106800
v 0.028308 -0.008627 0.106800
v 0.029662 -0.007203 0.106800
v -0.028327 -0.011372 0.106800
v 0.024357 -0.012342 0.106800
v -0.022371 0.012599 0.106800
v 0.015999 0.005007 0.106800
v -0.009832 -0.028898 0.106800
v 0.013864 -0.027194 0.106800
v 0.029074 -0.005651 0.106800
v 0.022320 -0.012597 0.106800
v -0.027630 -0.009975 0.106800
v -0.017284 0.002306 0.106800
v 0.015149 0.007177 0.106800
v -0.016587 0.002379 0.106800
v 0.030387 -0.002884 0.106800
v -0.028424 -0.008338 0.106800
v 0.019723 -0.015124 0.106799
v 0.020123 -0.012119 0.106800
v -0.029662 -0.007203 0.106800
v 0.002836 0.016520 0.106800
v 0.013694 0.009685 0.106800
v 0.029611 -0.001189 0.106800
v -0.027630 0.009975 0.106800
v 0.018186 -0.014419 0.106799
v -0.013864 -0.027194 0.106800
v -0.015999 0.005007 0.106800
v -0.000000 0.016784 0.106800
v -0.017611 -0.024932 0.106800
v -0.016507 0.005791 0.106800
v -0.026117 0.011485 0.106800
v -0.015632 0.020231 0.106799
v 0.003024 0.025735 0.106800
v 0.018133 -0.010680 0.106800
v 0.016742 -0.014552 0.106800
v -0.024335 0.012348 0.106800
v -0.015149 0.007177 0.106800
v -0.017169 0.020936 0.106799
v 0.029419 0.003465 0.106800
v -0.020996 -0.022157 0.106800
v -0.014698 -0.016313 0.106799
v 0.020657 0.019042 0.106799
v -0.018614 0.020803 0.106800
v -0.020657 0.019042 0.106799
v -0.019723 0.020231 0.106799
v -0.016635 0.007911 0.106800
v 0.002518 0.026848 0.106800
v 0.011889 0.011818 0.106800
v -0.015632 -0.015125 0.106799
v -0.002836 0.016520 0.106800
v 0.019723 0.020231 0.106799
v -0.029383 -0.003755 0.106800
v 0.015632 -0.015125 0.106799
v -0.013694 0.009685 0.106800
v 0.014698 -0.016313 0.106799
v -0.030466 -0.002186 0.106800
v 0.018614 0.020803 0.106800
v -0.017403 0.009736 0.106800
v 0.010096 0.013380 0.106800
v 0.001467 0.027757 0.106800
v 0.017028 -0.009043 0.106800
v 0.016488 -0.007023 0.106800
v 0.000356 0.028026 0.106769
v -0.031455 -0.001763 0.098800
v -0.031227 -0.004383 0.105806
v -0.031103 -0.005136 0.098800
v -0.030157 -0.009184 0.105801
v -0.030071 -0.009458 0.098800
v -0.028560 -0.013345 0.105801
v -0.028443 -0.013592 0.098800
v -0.026392 -0.017239 0.105801
v -0.026250 -0.017455 0.098800
v -0.023697 -0.020789 0.105801
v -0.023535 -0.020972 0.098800
v -0.020528 -0.023924 0.105801
v -0.020353 -0.024073 0.098800
v -0.016949 -0.026580 0.105801
v -0.016767 -0.026695 0.098800
v -0.013030 -0.028705 0.105801
v -0.012847 -0.028787 0.098800
v -0.008851 -0.030256 0.105801
v -0.008673 -0.030307 0.098800
v -0.005570 -0.031008 0.105800
v -0.003770 -0.031312 0.098800
v -0.002338 -0.031437 0.105796
v 0.001218 -0.031500 0.098800
v 0.001014 -0.031488 0.105800
v 0.004287 -0.031231 0.105801
v 0.005634 -0.031016 0.098800
v 0.008649 -0.030314 0.105801
v 0.009939 -0.029916 0.098800
v 0.012838 -0.028792 0.105801
v 0.014045 -0.028222 0.098801
v 0.016770 -0.026693 0.105801
v 0.017873 -0.025967 0.098801
v 0.020367 -0.024061 0.105801
v 0.021346 -0.023197 0.098801
v 0.023557 -0.020948 0.105801
v 0.024395 -0.019966 0.098801
v 0.026276 -0.017416 0.105801
v 0.026960 -0.016338 0.098801
v 0.028470 -0.013536 0.105801
v 0.028989 -0.012386 0.098801
v 0.030095 -0.009385 0.105801
v 0.030442 -0.008188 0.098800
v 0.031118 -0.005046 0.105801
v 0.031291 -0.003827 0.098800
v -0.032414 -0.002679 0.097800
v -0.031722 -0.007178 0.097800
v -0.030410 -0.011537 0.097800
v -0.028501 -0.015669 0.097800
v -0.026034 -0.019495 0.097800
v -0.023058 -0.022939 0.097800
v -0.019629 -0.025934 0.097800
v -0.015816 -0.028420 0.097800
v -0.011693 -0.030350 0.097800
v -0.007340 -0.031686 0.097800
v -0.002844 -0.032400 0.097800
v 0.001708 -0.032480 0.097800
v 0.006226 -0.031923 0.097800
v 0.010623 -0.030741 0.097800
v 0.014811 -0.028957 0.097800
v 0.018709 -0.026605 0.097800
v 0.022241 -0.023732 0.097800
v 0.025336 -0.020394 0.097800
v 0.027935 -0.016657 0.097800
v 0.029987 -0.012594 0.097800
v 0.031452 -0.008284 0.097800
v 0.032427 -0.002844 0.097800
v 0.041037 -0.009984 0.097789
v 0.041936 -0.005194 0.097786
v -0.041256 -0.009598 0.097776
v -0.041606 -0.008104 0.097768
v 0.027398 -0.032342 0.097768
v -0.041938 -0.006189 0.097768
v -0.042192 -0.003705 0.097779
v -0.018160 -0.038234 0.097782
v -0.025234 -0.033891 0.097785
v 0.016414 -0.038933 0.097786
v -0.028924 -0.030785 0.097788
v 0.011872 -0.040531 0.097789
v 0.014952 0.003870 0.098832
v 0.015344 0.003124 0.099003
v 0.011691 0.010413 0.098992
v 0.012288 0.009683 0.098978
v 0.015483 0.002342 0.099003
v 0.012978 0.008778 0.099016
v 0.015405 0.002042 0.098885
v 0.015612 0.001934 0.099128
v -0.015162 0.003418 0.098889
v 0.013361 0.008307 0.099149
v -0.014973 0.004171 0.098889
v -0.014746 0.004914 0.098889
v -0.014482 0.005644 0.098889
v -0.014131 0.006452 0.098881
v -0.014163 0.006836 0.099128
v 0.011604 0.010169 0.098825
v 0.012143 0.009539 0.098830
v 0.014099 0.006819 0.099004
v 0.012957 0.008566 0.098878
v 0.014723 0.005277 0.098981
v -0.015329 0.002608 0.098892
v -0.015723 0.000808 0.099125
v -0.015460 0.002884 0.099119
v -0.015023 0.004635 0.099112
v -0.014773 0.005377 0.099112
v -0.014487 0.006107 0.099112
v -0.013799 0.007345 0.098962
v -0.013296 0.007964 0.098862
v -0.013190 0.008473 0.099025
v -0.009275 0.012472 0.098873
v -0.010092 0.012064 0.099104
v -0.012965 0.008661 0.098927
v -0.012781 0.008592 0.098817
v -0.012250 0.009489 0.098853
v -0.012263 0.009762 0.099020
v -0.008834 0.013013 0.099104
v -0.011274 0.010739 0.098910
v -0.011268 0.010896 0.099022
v -0.007284 0.013708 0.098874
v -0.007489 0.013832 0.099104
v -0.005281 0.014661 0.098898
v -0.006063 0.014527 0.099158
v -0.004586 0.015046 0.099104
v -0.002910 0.015338 0.098944
v -0.003050 0.015443 0.099158
v 0.013724 0.007274 0.098879
v 0.013604 0.007695 0.098968
v -0.000569 0.015481 0.098839
v -0.001500 0.015658 0.099104
v 0.014390 0.006092 0.098961
v 0.000408 0.015610 0.098944
v 0.000355 0.015744 0.099165
v 0.015114 0.004091 0.099000
v 0.002196 0.015575 0.099104
v 0.004246 0.014893 0.098840
v 0.003742 0.015277 0.099104
v 0.005825 0.014453 0.098898
v 0.005256 0.014838 0.099157
v 0.006708 0.014226 0.099104
v 0.008594 0.012999 0.098898
v 0.008106 0.013494 0.099157
v 0.009405 0.012606 0.099103
v 0.010554 0.011503 0.098944
v 0.010630 0.011610 0.099157
v 0.000926 0.027876 0.098800
v 0.000555 0.025515 0.097864
v -0.000000 0.025000 0.097557
v 0.001764 0.027431 0.098800
v -0.000298 0.027997 0.098802
v 0.002356 0.026877 0.098799
v 0.002922 0.025768 0.098800
v -0.002921 0.025730 0.098797
v -0.002623 0.026465 0.098801
v -0.002161 0.027084 0.098795
v -0.001102 0.027794 0.098798
v -0.000174 0.026598 0.098217
v -0.001611 0.027535 0.098797
v 0.002120 0.027140 0.106699
v 0.002708 0.026320 0.106699
v -0.002720 0.026294 0.106699
v -0.002027 0.027243 0.106699
v -0.000351 0.027992 0.106699
v 0.001294 0.027720 0.106699
v -0.012514 -0.041857 0.096882
v -0.012653 -0.042046 0.096417
v -0.021939 -0.036877 0.097598
v -0.030776 -0.031147 0.096713
v -0.030551 -0.030955 0.097140
v -0.021298 -0.038276 0.096687
v -0.021586 -0.036511 0.097766
v -0.021092 -0.037961 0.097223
v -0.041777 -0.009868 0.097577
v -0.014105 -0.041573 0.096443
v -0.042081 -0.008374 0.097589
v -0.023390 -0.036705 0.097133
v -0.042683 -0.007483 0.097300
v -0.014044 -0.041351 0.096910
v -0.015517 -0.041069 0.096433
v -0.042355 -0.006896 0.097585
v -0.015670 -0.040784 0.096881
v -0.043033 -0.005345 0.097273
v -0.017022 -0.040230 0.096891
v -0.017306 -0.040362 0.096407
v -0.025699 -0.035096 0.097134
v -0.042753 -0.003601 0.097590
v -0.025488 -0.034776 0.097466
v -0.043181 -0.003628 0.097300
v -0.018565 -0.039535 0.096905
v -0.025718 -0.034012 0.097702
v -0.018964 -0.039597 0.096433
v 0.043755 -0.004345 0.096190
v 0.043557 -0.006053 0.096180
v 0.042888 -0.009737 0.096148
v 0.042466 -0.011404 0.096190
v -0.026650 -0.033838 0.097496
v 0.028292 -0.032256 0.097589
v 0.026988 -0.033392 0.097575
v 0.025870 -0.033583 0.097768
v 0.025406 -0.034556 0.097597
v -0.028009 -0.032297 0.097656
v -0.028345 -0.032465 0.097481
v 0.024167 -0.035472 0.097580
v 0.013581 -0.041794 0.096294
v -0.027595 -0.032180 0.097767
v 0.011379 -0.042472 0.096190
v -0.012587 -0.040458 0.097775
v -0.013789 -0.040630 0.097589
v -0.015425 -0.040068 0.097575
v -0.017223 -0.039280 0.097597
v -0.029652 -0.030635 0.097703
v -0.018637 -0.038665 0.097580
v -0.025605 -0.035746 0.096188
v -0.030024 -0.030929 0.097476
v -0.042506 -0.010092 0.096882
v -0.029342 -0.032710 0.096299
v -0.032580 -0.029083 0.096914
v -0.042937 -0.009174 0.096445
v -0.033194 -0.027876 0.097307
v -0.042833 -0.008513 0.096910
v -0.043326 -0.007096 0.096433
v -0.032852 -0.027607 0.097598
v 0.043824 -0.002076 0.096539
v -0.043155 -0.006822 0.096881
v -0.032438 -0.027339 0.097764
v -0.043351 -0.005374 0.096891
v -0.043608 -0.005193 0.096407
v -0.034284 -0.027053 0.096914
v -0.043521 -0.003690 0.096905
v 0.043538 -0.004726 0.096701
v -0.043774 -0.003375 0.096433
v 0.043243 -0.004708 0.097134
v 0.042902 -0.004399 0.097462
v 0.042423 -0.004272 0.097702
v 0.042630 -0.006160 0.097496
v 0.043047 -0.006211 0.097139
v 0.042226 -0.005923 0.097700
v 0.042288 -0.008315 0.097481
v -0.035863 -0.024923 0.096914
v 0.042783 -0.007736 0.097159
v -0.035574 -0.024734 0.097307
v 0.042490 -0.009301 0.097137
v 0.041975 -0.008109 0.097656
v -0.036137 -0.023155 0.097598
v 0.041797 -0.010537 0.097476
v -0.035563 -0.022989 0.097785
v 0.042084 -0.010980 0.097140
v 0.041357 -0.010362 0.097703
v 0.029993 -0.031766 0.096882
v 0.030087 -0.031981 0.096417
v -0.037483 -0.022419 0.096914
v 0.029435 -0.031840 0.097275
v -0.037183 -0.022249 0.097307
v 0.028789 -0.032838 0.096910
v 0.041476 -0.013674 0.096914
v 0.027823 -0.033223 0.097300
v 0.027485 -0.033962 0.096881
v 0.040739 -0.014809 0.097307
v -0.038630 -0.020838 0.096504
v 0.040335 -0.014647 0.097598
v 0.026145 -0.034595 0.097273
v 0.026329 -0.034857 0.096891
v 0.039800 -0.014457 0.097783
v 0.024956 -0.035845 0.096905
v -0.038923 -0.019807 0.096914
v 0.024810 -0.036222 0.096433
v 0.024732 -0.035582 0.097300
v 0.040571 -0.016165 0.096914
v -0.039208 -0.018484 0.097307
v 0.017374 -0.039461 0.097466
v -0.038809 -0.018311 0.097598
v 0.017545 -0.039804 0.097134
v 0.016597 -0.039279 0.097702
v -0.038371 -0.018149 0.097759
v 0.015980 -0.039998 0.097496
v 0.016144 -0.040385 0.097139
v -0.040121 -0.017442 0.096806
v 0.014692 -0.040919 0.097159
v 0.039515 -0.018596 0.096914
v 0.013943 -0.040780 0.097481
v 0.039207 -0.018441 0.097307
v 0.013190 -0.041448 0.097137
v 0.013965 -0.040405 0.097656
v 0.038121 -0.019718 0.097598
v 0.011773 -0.041466 0.097476
v 0.037709 -0.019447 0.097764
v 0.011533 -0.041936 0.097140
v 0.011705 -0.040997 0.097703
v -0.012857 -0.041411 0.097275
v 0.038275 -0.021175 0.096820
v -0.041105 -0.014975 0.096806
v 0.037859 -0.021077 0.097307
v -0.041158 -0.013599 0.097307
v -0.014861 -0.040706 0.097300
v -0.040741 -0.013476 0.097598
v -0.040046 -0.013772 0.097786
v -0.016887 -0.039940 0.097273
v -0.041938 -0.012454 0.096806
v -0.018449 -0.039209 0.097300
v 0.035612 -0.024714 0.097307
v 0.035262 -0.024454 0.097598
v 0.036545 -0.024013 0.096835
v 0.034847 -0.024042 0.097785
v -0.026902 -0.034174 0.097139
v -0.042291 -0.009571 0.097275
v -0.028091 -0.033183 0.097159
v 0.035165 -0.026025 0.096806
v -0.029300 -0.032147 0.097137
v 0.033521 -0.028110 0.096806
v 0.032356 -0.028845 0.097307
v 0.032041 -0.028545 0.097598
v 0.031707 -0.028183 0.097764
v 0.031754 -0.030092 0.096806
v 0.041612 -0.008173 0.097763
v 0.043258 -0.006819 0.096711
v 0.029434 -0.031246 0.097577
v 0.042814 -0.009147 0.096728
v 0.028706 -0.031171 0.097773
v 0.042362 -0.011079 0.096713
v 0.013728 -0.040124 0.097763
v 0.021314 -0.038139 0.096915
v 0.021157 -0.037831 0.097308
v 0.020966 -0.037438 0.097598
v 0.020826 -0.036949 0.097766
v 0.017676 -0.040067 0.096701
v 0.015724 -0.040872 0.096711
v 0.013486 -0.041652 0.096728
v 0.011586 -0.042226 0.096713
v -0.012342 -0.041114 0.097577
v 0.028951 -0.033002 0.096443
v 0.027808 -0.033973 0.096433
v 0.026302 -0.035168 0.096407
v 0.008896 -0.042756 0.096914
v 0.007544 -0.042685 0.097307
v -0.025862 -0.035342 0.096701
v 0.007482 -0.042254 0.097598
v 0.007380 -0.041696 0.097783
v -0.027535 -0.034053 0.096711
v 0.006287 -0.043218 0.096914
v -0.029329 -0.032505 0.096728
v 0.003667 -0.043751 0.096444
v 0.003653 -0.043519 0.096914
v 0.003633 -0.043175 0.097307
v 0.001984 -0.042873 0.097598
v 0.002013 -0.042380 0.097764
v -0.042598 -0.005366 0.097575
v 0.000671 -0.043903 0.096444
v 0.000674 -0.043671 0.096914
v 0.000677 -0.043326 0.097307
v -0.002203 -0.043839 0.096470
v -0.002308 -0.043611 0.096914
v -0.003597 -0.043197 0.097307
v -0.003547 -0.042765 0.097598
v -0.003843 -0.042166 0.097786
v -0.004956 -0.043466 0.096806
v 0.024032 -0.034844 0.097782
v -0.007584 -0.043085 0.096806
v -0.008802 -0.042444 0.097307
v -0.008700 -0.042020 0.097598
v -0.008610 -0.041662 0.097732
v -0.010184 -0.042546 0.096806
v -0.014310 -0.039898 0.097768
v -0.016149 -0.039196 0.097768
v -0.027334 -0.034407 0.096299
v -0.026871 -0.010106 0.097300
v -0.025849 -0.011046 0.097300
v -0.027794 -0.008631 0.097300
v -0.024251 -0.011859 0.097300
v -0.021328 -0.011958 0.097300
v -0.022687 -0.012081 0.097300
v -0.019559 -0.011220 0.097300
v -0.017994 -0.009743 0.097300
v -0.017069 -0.007622 0.097300
v -0.028552 -0.005641 0.097300
v -0.028998 -0.002682 0.097300
v -0.026871 0.010106 0.097300
v -0.017622 0.003213 0.097300
v -0.025849 0.011046 0.097300
v -0.024407 0.011799 0.097300
v -0.017028 0.005687 0.097300
v -0.022343 0.012110 0.097300
v -0.017020 0.007170 0.097300
v -0.020548 0.011705 0.097300
v -0.017436 0.008728 0.097300
v -0.019128 0.010909 0.097300
v -0.018177 0.009932 0.097300
v -0.028501 -0.005928 0.106300
v -0.028965 -0.002917 0.106300
v -0.021307 0.011953 0.106300
v -0.019603 0.011242 0.106300
v -0.026638 0.010400 0.106299
v -0.018220 0.010017 0.106300
v -0.017309 0.008411 0.106300
v -0.024933 0.011590 0.106299
v -0.017013 0.007034 0.106300
v -0.023150 0.012073 0.106300
v -0.017018 0.005748 0.106297
v -0.017746 0.002620 0.106300
v -0.022134 -0.012082 0.106300
v -0.023565 -0.011998 0.106301
v -0.017013 -0.007034 0.106300
v -0.024933 -0.011590 0.106299
v -0.017309 -0.008411 0.106300
v -0.026638 -0.010400 0.106299
v -0.018220 -0.010017 0.106300
v -0.027757 -0.008691 0.106295
v -0.019568 -0.011215 0.106296
v -0.020797 -0.011787 0.106300
v 0.017690 -0.009268 0.097300
v 0.019076 -0.010869 0.097300
v 0.020724 -0.011783 0.097300
v 0.017009 -0.007201 0.097300
v 0.022582 -0.012102 0.097300
v 0.024147 -0.011867 0.097300
v 0.025596 -0.011231 0.097300
v 0.027197 -0.009739 0.097300
v 0.028179 -0.007421 0.097300
v 0.017622 -0.003213 0.097300
v 0.028998 -0.002682 0.097300
v 0.017933 0.000000 0.097300
v 0.029101 0.000418 0.097300
v 0.028922 0.003406 0.097300
v 0.017622 0.003213 0.097300
v 0.028378 0.006460 0.097300
v 0.028448 0.006177 0.106300
v 0.028998 0.002681 0.106300
v 0.029101 -0.000418 0.106300
v 0.028922 -0.003406 0.106300
v 0.028066 -0.007807 0.106301
v 0.018984 -0.010794 0.106300
v 0.027181 -0.009743 0.106295
v 0.017765 -0.009368 0.106300
v 0.025691 -0.011169 0.106300
v 0.017080 -0.007610 0.106297
v 0.024375 -0.011792 0.106302
v 0.022944 -0.012090 0.106297
v 0.020828 -0.011834 0.106298
v 0.017048 0.005595 0.106300
v 0.017667 0.003023 0.106300
vn 0.7106 0.1561 0.6860
vn 0.7239 0.1484 0.6738
vn 0.6910 0.1666 0.7034
vn 0.6740 0.1753 0.7177
vn -0.6666 0.0345 0.7446
vn -0.7465 0.1528 0.6476
vn -0.5851 0.3095 0.7496
vn -0.6037 0.4727 0.6420
vn -0.4450 0.5058 0.7390
vn -0.2933 0.6677 0.6842
vn -0.3112 0.6780 0.6659
vn -0.3052 0.6747 0.6720
vn -0.2830 0.6616 0.6943
vn 0.0472 0.6905 0.7217
vn 0.0392 0.6807 0.7315
vn 0.0590 0.7047 0.7070
vn 0.0662 0.7132 0.6978
vn 0.3252 0.6433 0.6931
vn 0.3329 0.6461 0.6868
vn 0.3169 0.6407 0.6994
vn 0.3071 0.6367 0.7073
vn 0.5316 0.4555 0.7141
vn 0.5110 0.4539 0.7300
vn 0.5651 0.4576 0.6865
vn 0.5834 0.4583 0.6705
vn 0.7106 0.1560 0.6860
vn 0.7238 0.1484 0.6738
vn 0.6909 0.1664 0.7036
vn 0.6739 0.1751 0.7178
vn -0.7107 0.1559 0.6860
vn -0.6908 0.1665 0.7036
vn -0.7241 0.1485 0.6735
vn -0.6739 0.1754 0.7177
vn -0.5313 0.4556 0.7142
vn -0.5651 0.4573 0.6867
vn -0.5106 0.4536 0.7305
vn -0.5832 0.4582 0.6707
vn -0.3187 0.6635 0.6768
vn -0.3150 0.6615 0.6805
vn -0.3165 0.6624 0.6790
vn -0.3209 0.6648 0.6746
vn -0.0404 0.6590 0.7511
vn 0.0487 0.7674 0.6393
vn 0.3132 0.6393 0.7023
vn 0.3332 0.6461 0.6867
vn 0.2889 0.6299 0.7209
vn 0.2693 0.6218 0.7354
vn 0.5314 0.4552 0.7144
vn 0.5105 0.4538 0.7304
vn 0.5651 0.4573 0.6867
vn 0.5834 0.4582 0.6705
vn 0.7109 0.1557 0.6858
vn 0.7241 0.1485 0.6735
vn 0.6908 0.1665 0.7036
vn 0.6739 0.1754 0.7177
vn -0.7104 0.1555 0.6864
vn -0.6909 0.1664 0.7036
vn -0.7238 0.1484 0.6738
vn -0.6739 0.1752 0.7177
vn -0.5314 0.4552 0.7144
vn -0.5105 0.4538 0.7304
vn -0.5834 0.4582 0.6705
vn -0.3184 0.6634 0.6771
vn -0.3164 0.6623 0.6791
vn -0.3210 0.6648 0.6745
vn -0.0404 0.6589 0.7511
vn 0.0484 0.7670 0.6398
vn 0.3133 0.6390 0.7025
vn 0.3326 0.6461 0.6870
vn 0.2889 0.6297 0.7211
vn 0.2695 0.6219 0.7353
vn 0.5106 0.4536 0.7305
vn 0.5833 0.4583 0.6706
vn 0.7107 0.1559 0.6860
vn 0.7240 0.1485 0.6737
vn 0.6908 0.1664 0.7036
vn 0.6740 0.1754 0.7176
vn -0.7106 0.1558 0.6861
vn -0.7239 0.1484 0.6738
vn -0.6737 0.1749 0.7180
vn -0.5316 0.4555 0.7141
vn -0.5651 0.4576 0.6865
vn -0.5110 0.4539 0.7300
vn -0.5832 0.4583 0.6707
vn -0.3181 0.6632 0.6775
vn -0.3152 0.6617 0.6803
vn -0.3167 0.6624 0.6789
vn -0.0404 0.6588 0.7512
vn 0.0485 0.7670 0.6398
vn 0.3134 0.6391 0.7024
vn 0.2888 0.6297 0.7212
vn 0.2692 0.6217 0.7355
vn 0.5834 0.4582 0.6706
vn -0.0949 -0.7560 0.6476
vn -0.1455 -0.6409 0.7537
vn 0.7115 -0.1430 0.6880
vn 0.7164 -0.1411 0.6833
vn 0.7070 -0.1448 0.6922
vn 0.7189 -0.1402 0.6809
vn -0.3332 -0.6819 0.6511
vn -0.3538 -0.5543 0.7534
vn 0.6322 -0.3004 0.7142
vn 0.6192 -0.2729 0.7363
vn 0.6545 -0.3517 0.6693
vn -0.5345 -0.5421 0.6484
vn 0.6632 -0.3737 0.6485
vn -0.5127 -0.3950 0.7623
vn 0.4930 -0.4356 0.7531
vn -0.7040 -0.3465 0.6199
vn 0.5084 -0.5638 0.6509
vn 0.1118 -0.6694 0.7344
vn 0.1225 -0.6820 0.7210
vn 0.1179 -0.6768 0.7267
vn 0.1093 -0.6664 0.7376
vn 0.3205 -0.5983 0.7344
vn 0.3239 -0.5761 0.7505
vn 0.3111 -0.6521 0.6914
vn 0.3061 -0.6759 0.6704
vn 0.7007 -0.1225 0.7029
vn 0.6829 -0.1414 0.7167
vn 0.7396 -0.1004 0.6655
vn 0.7103 -0.0739 0.7000
vn 0.7588 -0.0859 0.6456
vn 0.6470 -0.0171 0.7623
vn 0.6812 0.0097 0.7321
vn 0.6588 -0.0362 0.7515
vn 0.6751 -0.0212 0.7374
vn 0.7199 0.0217 0.6937
vn 0.6829 -0.1330 0.7183
vn 0.7661 -0.0922 0.6361
vn 0.7562 -0.0951 0.6474
vn 0.6943 -0.1762 0.6978
vn 0.6852 -0.1829 0.7050
vn 0.6817 -0.1808 0.7089
vn -0.2198 -0.9755 -0.0006
vn -0.2291 -0.9734 0.0017
vn -0.2313 -0.9729 0.0021
vn -0.2178 -0.9760 -0.0011
vn 0.9965 -0.0829 -0.0037
vn 0.9961 -0.0882 0.0078
vn 0.9939 -0.1097 0.0082
vn 0.9795 -0.2014 -0.0031
vn -0.5422 -0.8403 -0.0009
vn -0.5629 -0.8265 0.0040
vn -0.5666 -0.8240 0.0049
vn -0.5376 -0.8432 -0.0019
vn 0.9141 -0.4054 -0.0003
vn 0.9068 -0.4216 0.0028
vn 0.9058 -0.4236 0.0031
vn 0.9152 -0.4030 -0.0007
vn 0.7499 -0.6616 -0.0017
vn 0.7530 -0.6580 -0.0008
vn 0.7522 -0.6590 -0.0011
vn -0.7990 -0.6013 -0.0055
vn -0.7925 -0.6099 -0.0076
vn -0.8307 -0.5567 0.0050
vn 0.7495 -0.6620 -0.0018
vn -0.8367 -0.5476 0.0071
vn 0.4907 -0.8713 -0.0014
vn 0.5057 -0.8627 0.0020
vn 0.5037 -0.8639 0.0014
vn 0.4889 -0.8723 -0.0019
vn 0.1620 -0.9868 -0.0009
vn 0.1751 -0.9846 0.0021
vn 0.1728 -0.9849 0.0016
vn 0.1597 -0.9872 -0.0015
vn 0.9995 0.0314 -0.0050
vn 0.9998 -0.0177 0.0026
vn 0.9997 -0.0252 0.0038
vn -0.9723 -0.2337 -0.0008
vn -0.9841 -0.1774 0.0003
vn -0.9861 -0.1664 -0.0023
vn -0.9720 -0.2349 -0.0005
vn -0.9992 -0.0394 0.0038
vn -1.0000 -0.0008 -0.0043
vn 0.9933 -0.1151 -0.0036
vn 1.0000 -0.0020 -0.0026
vn 0.9994 -0.0344 0.0041
vn 0.9862 -0.1654 0.0052
vn 0.9748 -0.2229 -0.0023
vn 0.9709 -0.2394 0.0053
vn 0.9634 -0.2682 -0.0022
vn 0.1439 0.2865 0.9472
vn 0.1599 0.2758 0.9478
vn 0.1676 0.2785 0.9457
vn 0.1402 0.2870 0.9476
vn 0.2754 0.9034 0.3286
vn 0.2571 0.8655 0.4299
vn 0.2883 0.8503 0.4403
vn 0.2887 0.8495 0.4415
vn 0.4341 0.7828 0.4459
vn 0.4857 0.7587 0.4341
vn 0.4616 0.8330 0.3050
vn 0.3206 0.0647 0.9450
vn 0.3181 0.0779 0.9448
vn 0.3220 0.0617 0.9447
vn 0.3191 0.0802 0.9443
vn 0.5572 0.1278 0.8205
vn 0.5587 0.1133 0.8216
vn 0.5536 0.0978 0.8270
vn 0.4759 0.7454 0.4668
vn 0.3920 0.7154 0.5783
vn 0.3265 0.8428 0.4278
vn 0.3170 0.8448 0.4310
vn 0.3288 0.0472 0.9432
vn 0.2652 0.4941 0.8280
vn 0.3077 0.5118 0.8021
vn 0.3214 0.4951 0.8072
vn 0.3568 0.8282 0.4323
vn 0.5698 0.0731 0.8185
vn 0.5712 0.0717 0.8177
vn 0.5273 0.7229 0.4465
vn 0.5454 0.7698 0.3316
vn 0.4879 0.6676 0.5624
vn 0.3256 0.0388 0.9447
vn 0.3236 0.0304 0.9457
vn 0.5603 0.0431 0.8272
vn 0.3813 0.5251 0.7608
vn 0.3856 0.5304 0.7550
vn 0.3568 0.7564 0.5482
vn 0.4128 0.8494 0.3289
vn 0.1957 0.2638 0.9445
vn 0.2473 0.3534 0.9022
vn 0.3947 0.8992 0.1886
vn 0.4260 0.8795 0.2122
vn 0.1239 0.1743 0.9769
vn -0.0007 0.0046 1.0000
vn 0.0038 0.0006 1.0000
vn 0.0288 0.0475 0.9985
vn -0.9344 0.1495 0.3233
vn -0.9332 0.1268 0.3364
vn -0.9392 0.1039 0.3273
vn -0.9229 0.1730 0.3440
vn -0.9240 0.1975 0.3275
vn -0.2160 0.2463 0.9448
vn -0.2127 0.2538 0.9436
vn -0.2084 0.2570 0.9437
vn -0.2033 0.2613 0.9436
vn -0.1857 0.2569 0.9484
vn 0.2467 0.2839 0.9266
vn 0.2647 0.3330 0.9050
vn -0.1784 0.2650 0.9476
vn -0.1759 0.2673 0.9474
vn 0.1868 0.2199 0.9575
vn -0.3418 0.8825 0.3232
vn -0.3771 0.8653 0.3303
vn -0.3658 0.8142 0.4507
vn -0.3341 0.8858 0.3220
vn -0.3544 0.9351 0.0053
vn -0.3053 0.9174 0.2552
vn -0.2918 0.9498 0.1131
vn -0.2878 0.8898 0.3541
vn 0.2274 0.2300 0.9462
vn 0.2979 0.3339 0.8943
vn 0.1054 0.3103 0.9448
vn 0.1135 0.3112 0.9435
vn 0.1184 0.3089 0.9437
vn 0.0722 0.0779 0.9943
vn 0.1247 0.3066 0.9436
vn 0.1299 0.2898 0.9482
vn 0.5990 0.7270 0.3357
vn 0.6042 0.7555 0.2534
vn 0.6032 0.7892 0.1155
vn 0.6489 0.7510 0.1222
vn 0.6289 0.6930 0.3525
vn 0.6479 0.7170 0.2571
vn 0.7031 0.7110 0.0056
vn 0.6659 0.6667 0.3348
vn 0.6813 0.6079 0.4078
vn 0.6621 0.6739 0.3278
vn 0.6830 0.6024 0.4131
vn 0.5256 0.5237 0.6704
vn 0.5458 0.5018 0.6710
vn 0.5797 0.5853 0.5669
vn 0.8858 0.2208 0.4082
vn 0.8848 0.1674 0.4348
vn 0.8788 0.1918 0.4370
vn 0.3221 0.0545 0.9451
vn 0.5178 0.4322 0.7383
vn 0.3238 0.0277 0.9457
vn 0.3857 0.3931 0.8347
vn 0.8931 0.1398 0.4276
vn 0.8891 0.1503 0.4323
vn 0.3440 0.2839 0.8950
vn -0.9745 0.0285 0.2225
vn -0.9718 0.0490 0.2305
vn -0.9741 0.0455 0.2213
vn -0.8961 -0.0245 0.4432
vn -0.9056 -0.0056 0.4242
vn -0.9100 0.0030 0.4147
vn 0.1485 0.1236 0.9811
vn 0.8955 0.1050 0.4325
vn -0.6920 -0.0074 0.7218
vn -0.6645 0.0557 0.7453
vn -0.6804 0.0182 0.7326
vn -0.9420 0.0882 0.3239
vn -0.3794 0.0021 0.9252
vn -0.4419 0.0398 0.8962
vn -0.5110 -0.0008 0.8596
vn 0.7158 0.5632 0.4128
vn 0.7125 0.5663 0.4143
vn 0.8967 0.0706 0.4370
vn 0.8936 0.0502 0.4461
vn -0.3373 0.0341 0.9408
vn 0.9762 0.1078 0.1882
vn 0.9739 0.0745 0.2142
vn 0.9745 0.0736 0.2119
vn -0.3021 0.0160 0.9531
vn -0.8293 0.0574 0.5558
vn -0.8229 0.0814 0.5624
vn -0.8290 0.0572 0.5564
vn -0.8225 0.0798 0.5631
vn 0.0037 0.0023 1.0000
vn 0.5841 0.4475 0.6772
vn -0.6588 0.0683 0.7492
vn -0.4239 0.0627 0.9036
vn -0.6413 0.0923 0.7617
vn -0.6390 0.0932 0.7635
vn -0.6313 0.1095 0.7678
vn -0.6374 0.1271 0.7599
vn 0.7500 0.5173 0.4123
vn 0.7456 0.5214 0.4150
vn -0.4248 0.0855 0.9013
vn -0.4248 0.0821 0.9015
vn 0.6157 0.4278 0.6617
vn 0.6176 0.4279 0.6599
vn 0.4899 0.3162 0.8124
vn 0.4085 0.3043 0.8605
vn -0.6305 0.1403 0.7634
vn -0.5332 0.1373 0.8348
vn 0.2599 0.1722 0.9502
vn 0.2626 0.1657 0.9506
vn -0.3154 0.0822 0.9454
vn -0.7165 0.1933 0.6703
vn 0.7816 0.4744 0.4051
vn 0.7658 0.4904 0.4159
vn 0.6470 0.3827 0.6595
vn -0.5309 0.5417 0.6518
vn -0.5212 0.5585 0.6453
vn -0.4965 0.5672 0.6571
vn 0.6457 0.3817 0.6614
vn -0.9111 0.2372 0.3372
vn -0.8660 0.2876 0.4092
vn -0.9094 0.2478 0.3342
vn -0.8633 0.2889 0.4138
vn 0.4620 0.2602 0.8478
vn -0.7075 0.2217 0.6710
vn -0.7966 0.2092 0.5671
vn -0.6335 0.2323 0.7380
vn 0.7722 0.4197 0.4770
vn 0.8485 0.4837 0.2146
vn 0.8621 0.4618 0.2084
vn 0.8584 0.4682 0.2098
vn -0.4885 0.5846 0.6478
vn -0.4749 0.5896 0.6533
vn -0.4138 0.1536 0.8973
vn -0.4610 0.6086 0.6459
vn -0.5387 0.7231 0.4324
vn -0.5665 0.7041 0.4282
vn -0.5450 0.7186 0.4319
vn -0.4620 0.6110 0.6428
vn -0.2881 0.1075 0.9515
vn -0.2089 0.0481 0.9768
vn -0.5107 0.7406 0.4367
vn -0.4239 0.6257 0.6549
vn 0.8120 0.3997 0.4254
vn -0.4210 0.6266 0.6559
vn -0.8457 0.3374 0.4134
vn -0.8461 0.3361 0.4138
vn 0.7042 0.3287 0.6294
vn 0.6369 0.3431 0.6904
vn -0.6797 0.2823 0.6770
vn 0.8714 0.4465 0.2031
vn 0.5016 0.2350 0.8325
vn 0.5035 0.2346 0.8315
vn -0.1561 0.3957 0.9050
vn -0.2290 0.5011 0.8345
vn -0.1318 0.3025 0.9440
vn 0.2944 0.1410 0.9452
vn 0.2960 0.1394 0.9450
vn -0.2407 0.6020 0.7614
vn -0.3080 0.6827 0.6626
vn -0.2385 0.6001 0.7635
vn -0.2206 0.6011 0.7681
vn 0.0036 0.0006 1.0000
vn 0.0583 0.0285 0.9979
vn 0.8660 0.3771 0.3284
vn 0.8459 0.3971 0.3560
vn -0.2086 0.6151 0.7604
vn -0.8251 0.3852 0.4132
vn -0.8272 0.3858 0.4085
vn -0.1405 0.4252 0.8941
vn -0.1230 0.3553 0.9266
vn 0.6887 0.2812 0.6683
vn -0.6786 0.3197 0.6613
vn -0.6801 0.3220 0.6586
vn -0.5187 0.2661 0.8125
vn -0.4679 0.2019 0.8604
vn -0.1938 0.6157 0.7638
vn -0.1476 0.5303 0.8349
vn 0.8729 0.3470 0.3429
vn -0.2854 0.1464 0.9472
vn -0.0861 0.3139 0.9455
vn -0.2839 0.1487 0.9472
vn -0.1908 0.7173 0.6701
vn -0.8197 0.4485 0.3563
vn -0.8252 0.4481 0.3438
vn 0.8890 0.3229 0.3247
vn 0.2035 0.7307 0.6517
vn 0.2228 0.7308 0.6452
vn 0.2431 0.7135 0.6572
vn -0.6641 0.3797 0.6441
vn 0.7403 0.2458 0.6258
vn -0.6656 0.3726 0.6466
vn 0.6945 0.2696 0.6670
vn -0.4564 0.2702 0.8478
vn 0.5261 0.1784 0.8315
vn 0.5277 0.1772 0.8307
vn 0.8934 0.2927 0.3408
vn 0.2618 0.7149 0.6484
vn 0.2729 0.7059 0.6536
vn 0.3033 0.1115 0.9463
vn 0.2981 0.0936 0.9499
vn -0.0028 0.0024 1.0000
vn -0.0411 0.0210 0.9989
vn -0.0025 0.0013 1.0000
vn 0.2966 0.7034 0.6459
vn 0.3500 0.8312 0.4320
vn 0.2982 0.7056 0.6429
vn -0.7821 0.4790 0.3985
vn 0.9112 0.2647 0.3158
vn 0.7245 0.2045 0.6582
vn 0.3247 0.6813 0.6560
vn -0.7787 0.5182 0.3538
vn 0.9073 0.2404 0.3449
vn -0.6374 0.4439 0.6299
vn -0.6322 0.3919 0.6684
vn -0.4543 0.3168 0.8326
vn -0.4549 0.3186 0.8316
vn -0.7688 0.5367 0.3476
vn 0.4008 0.5090 0.7618
vn 0.4004 0.5064 0.7637
vn -0.2569 0.1741 0.9506
vn -0.2542 0.1771 0.9508
vn 0.4105 0.4916 0.7680
vn 0.4287 0.4885 0.7600
vn 0.7441 0.1724 0.6455
vn 0.7347 0.1888 0.6516
vn -0.7596 0.5632 0.3254
vn 0.5592 0.1422 0.8167
vn -0.5885 0.4559 0.6677
vn 0.4364 0.4757 0.7637
vn -0.7367 0.5827 0.3432
vn -0.7240 0.6085 0.3249
vn 0.7394 0.1462 0.6572
vn -0.5830 0.5189 0.6252
vn -0.5812 0.4670 0.6664
vn 0.7501 0.1307 0.6483
vn 0.7479 0.1167 0.6535
vn -0.4176 0.3665 0.8315
vn -0.4172 0.3683 0.8308
vn -0.6997 0.6273 0.3418
vn -0.2411 0.2114 0.9472
vn 0.7576 0.0949 0.6458
vn -0.2401 0.2139 0.9469
vn 0.8948 0.1127 0.4320
vn 0.7604 0.0946 0.6425
vn 0.9750 0.0545 0.2156
vn 0.7534 0.0579 0.6550
vn -0.6851 0.6557 0.3174
vn 0.9056 0.0056 0.4242
vn 0.8961 0.0245 0.4432
vn 0.7507 0.0546 0.6584
vn 0.6804 -0.0182 0.7326
vn 0.6920 0.0074 0.7218
vn 0.5541 0.0411 0.8314
vn 0.4840 0.0020 0.8751
vn 0.4827 -0.0104 0.8757
vn -0.5395 0.5253 0.6580
vn 0.3223 0.0211 0.9464
vn -0.0011 0.0038 1.0000
vn -0.0332 0.0303 0.9990
vn -0.6769 0.6752 0.2930
vn -0.8095 0.1286 0.5729
vn -0.6448 0.6902 0.3284
vn -0.6211 0.6554 0.4299
vn -0.8036 0.1701 0.5703
vn -0.8129 0.1491 0.5630
vn -0.4028 0.4132 0.8167
vn -0.3894 0.4185 0.8205
vn -0.2267 0.2415 0.9435
vn -0.2304 0.2351 0.9443
vn -0.8022 0.1801 0.5693
vn -0.3777 0.4274 0.8214
vn -0.3631 0.4302 0.8265
vn -0.3580 0.4495 0.8184
vn -0.3412 0.4505 0.8250
vn -0.3357 0.4550 0.8248
vn -0.5519 0.8061 0.2138
vn -0.5347 0.8171 0.2157
vn -0.5507 0.8074 0.2117
vn -0.4921 0.7484 0.4446
vn -0.4149 0.7402 0.5292
vn -0.4739 0.7706 0.4262
vn -0.3247 0.5757 0.7504
vn -0.3206 0.4640 0.8258
vn -0.3120 0.4814 0.8191
vn -0.2180 0.3873 0.8958
vn -0.1588 0.2761 0.9479
vn -0.4099 0.8106 0.4182
vn -0.2935 0.7652 0.5730
vn -0.2154 0.0345 0.9759
vn -0.2097 0.0278 0.9774
vn -0.2546 0.7812 0.5700
vn -0.2774 0.7786 0.5629
vn -0.1982 0.0385 0.9794
vn -0.0043 0.0010 1.0000
vn 0.0003 0.0036 1.0000
vn -0.0259 0.0473 0.9985
vn -0.0862 0.1947 0.9771
vn -0.2453 0.7849 0.5690
vn -0.2170 0.7948 0.5667
vn 0.1679 0.5466 0.8204
vn 0.1564 0.5553 0.8168
vn 0.1813 0.5407 0.8215
vn -0.6500 0.7310 0.2076
vn -0.6331 0.7414 0.2225
vn 0.1914 0.5303 0.8259
vn 0.2102 0.5348 0.8184
vn -0.6195 0.7607 0.1937
vn -0.5989 0.7707 0.2175
vn -0.5813 0.7915 0.1888
vn 0.2195 0.5207 0.8250
vn 0.2263 0.5178 0.8250
vn 0.2416 0.5092 0.8260
vn 0.2609 0.5109 0.8191
vn -0.2493 0.9078 0.3374
vn -0.1851 0.8935 0.4091
vn -0.2419 0.9124 0.3302
vn -0.1804 0.8924 0.4136
vn -0.1616 0.7235 0.6711
vn -0.1156 0.6644 0.7383
vn -0.0739 0.4352 0.8973
vn 0.5160 0.6367 0.5731
vn -0.0510 0.3036 0.9514
vn -0.0572 0.2025 0.9776
vn 0.5493 0.6110 0.5700
vn 0.5355 0.6294 0.5631
vn -0.1298 0.9017 0.4125
vn -0.1345 0.8998 0.4151
vn -0.0954 0.7298 0.6770
vn 0.5571 0.6048 0.5691
vn -0.1011 0.9800 0.1715
vn -0.0937 0.9779 0.1870
vn -0.0552 0.9623 0.2663
vn 0.2459 0.9238 0.2934
vn 0.3080 0.9284 0.2078
vn 0.3257 0.9189 0.2224
vn -0.0780 0.8945 0.4402
vn -0.0789 0.8934 0.4424
vn -0.0625 0.7477 0.6611
vn -0.0617 0.7495 0.6592
vn 0.3490 0.9168 0.1941
vn 0.3678 0.9041 0.2176
vn 0.5600 0.0878 0.8238
vn -0.0289 0.5825 0.8123
vn -0.0590 0.5061 0.8604
vn -0.0153 0.3203 0.9472
vn -0.0126 0.3197 0.9474
vn -0.0487 0.9589 0.2795
vn -0.0140 0.8966 0.4426
vn -0.0137 0.8964 0.4431
vn -0.0081 0.7515 0.6597
vn -0.0079 0.7499 0.6615
vn 0.0058 0.5307 0.8476
vn -0.0615 0.9981 0.0095
vn -0.0103 0.9904 0.1379
vn 0.0228 0.9926 0.1195
vn 0.0011 0.0059 1.0000
vn -0.0021 0.0445 0.9990
vn -0.0001 0.0029 1.0000
vn -0.8191 0.1118 0.5627
vn 0.0460 0.9788 0.1998
vn 0.0449 0.8932 0.4473
vn 0.0413 0.8974 0.4393
vn -0.9197 0.2121 0.3303
vn 0.0674 0.7741 0.6295
vn 0.0213 0.7231 0.6904
vn 0.0503 0.9804 0.1903
vn 0.0472 0.5516 0.8328
vn 0.0485 0.5531 0.8317
vn 0.0314 0.3138 0.9490
vn 0.0187 0.3082 0.9511
vn 0.9628 0.2049 0.1759
vn 0.9620 0.2018 0.1841
vn 0.9563 0.1775 0.2323
vn 0.1079 0.9382 0.3288
vn 0.0887 0.9357 0.3414
vn 0.9682 0.1566 0.1950
vn 0.9669 0.1336 0.2176
vn 0.1007 0.7368 0.6686
vn 0.1360 0.9295 0.3429
vn 0.1648 0.9313 0.3249
vn -0.4240 0.0588 0.9037
vn 0.1573 0.7644 0.6253
vn 0.1138 0.7370 0.6663
vn 0.1085 0.5446 0.8316
vn 0.1104 0.5456 0.8308
vn 0.1932 0.9200 0.3410
vn -0.3126 0.7651 0.5629
vn 0.0686 0.3338 0.9401
vn 0.0697 0.3336 0.9401
vn 0.2253 0.9215 0.3164
vn 0.1853 0.7297 0.6582
vn -0.5921 0.6749 0.4404
vn -0.5910 0.6748 0.4420
vn 0.0035 0.0056 1.0000
vn 0.0231 0.1120 0.9934
vn 0.0891 0.3187 0.9437
vn 0.0961 0.3186 0.9430
vn -0.5730 0.6969 0.4313
vn 0.5062 0.6529 0.5635
vn -0.0952 0.2704 0.9580
vn 0.3169 0.4335 0.8436
vn -0.4873 0.0502 0.8718
vn 0.6720 0.6687 0.3183
vn 0.4565 0.3012 0.8372
vn 0.9313 0.3412 0.1277
vn -0.8738 0.4855 -0.0277
vn 0.4564 0.0740 0.8867
vn -0.5188 0.3513 0.7794
vn -0.3083 0.4479 0.8392
vn -0.3400 0.8234 -0.4543
vn 0.2268 0.8010 0.5541
vn 0.8380 0.5457 -0.0040
vn 0.8350 0.5502 -0.0047
vn 0.8665 0.4992 0.0024
vn 0.8696 0.4938 0.0031
vn -0.9933 0.1153 -0.0072
vn -0.9942 0.1069 -0.0079
vn -0.9734 0.2290 0.0029
vn -0.9700 0.2431 0.0041
vn 0.9875 0.1575 -0.0059
vn 0.9785 0.2064 -0.0003
vn 0.9795 0.2016 -0.0008
vn 0.9881 0.1540 -0.0062
vn -0.8279 0.5609 0.0015
vn -0.8239 0.5667 0.0002
vn -0.8244 0.5660 0.0004
vn -0.8283 0.5602 0.0017
vn -0.5639 0.8259 -0.0028
vn -0.5292 0.8485 0.0019
vn -0.5259 0.8505 0.0023
vn -0.5673 0.8235 -0.0033
vn -0.3441 0.9389 -0.0010
vn -0.0497 0.9988 0.0027
vn -0.1812 0.9833 0.0133
vn -0.1725 0.9849 0.0125
vn -0.0355 0.9994 0.0016
vn 0.3085 0.9512 0.0019
vn 0.2688 0.9632 0.0083
vn 0.2728 0.9620 0.0077
vn 0.3142 0.9493 0.0011
vn 0.5952 0.8036 -0.0028
vn 0.5896 0.8077 -0.0035
vn 0.6414 0.7672 0.0039
vn 0.6462 0.7631 0.0045
vn 0.0933 0.3794 0.9205
vn 0.0197 0.3796 0.9249
vn -0.0084 0.3764 0.9264
vn 0.2970 -0.1612 0.9412
vn 0.3769 0.0306 0.9258
vn 0.3316 0.1854 0.9250
vn 0.2815 0.2428 0.9283
vn 0.2547 0.2781 0.9262
vn 0.2971 0.2598 0.9188
vn 0.3568 0.1343 0.9245
vn -0.2772 0.2045 0.9388
vn -0.3333 0.1845 0.9246
vn -0.3757 0.0383 0.9259
vn -0.1408 0.3555 0.9240
vn -0.2625 0.2794 0.9236
vn -0.3473 0.1503 0.9256
vn 0.1061 0.3727 0.9219
vn 0.2967 0.2524 0.9210
vn 0.0947 0.3834 0.9187
vn 0.6562 0.1536 0.7388
vn 0.6364 0.1218 0.7617
vn 0.6042 0.1731 0.7778
vn 0.8968 0.2323 0.3765
vn 0.9029 0.1718 0.3941
vn 0.8840 0.1995 0.4228
vn 0.7143 0.0616 0.6972
vn 0.6755 0.0881 0.7321
vn 0.9027 0.1637 0.3978
vn 0.7440 0.0587 0.6656
vn -0.7717 0.1478 0.6185
vn -0.7688 0.1721 0.6159
vn -0.7567 0.1908 0.6253
vn -0.7539 0.2106 0.6223
vn -0.7452 0.2293 0.6262
vn -0.7422 0.2482 0.6225
vn -0.7320 0.2653 0.6275
vn -0.7331 0.3014 0.6096
vn -0.7244 0.3169 0.6122
vn -0.7306 0.3292 0.5982
vn -0.7954 0.4287 0.4285
vn -0.7906 0.4304 0.4356
vn -0.7706 0.4439 0.4574
vn -0.7765 0.4958 0.3890
vn -0.7250 0.5169 0.4552
vn -0.7214 0.5721 0.3901
vn -0.7247 0.5655 0.3937
vn -0.6278 0.4535 0.6326
vn -0.6180 0.4507 0.6442
vn -0.5351 0.4331 0.7254
vn -0.6715 0.6260 0.3966
vn -0.6574 0.6471 0.3861
vn 0.4345 0.3948 0.8095
vn 0.4595 0.3654 0.8095
vn 0.4644 0.3701 0.8046
vn 0.7141 0.5819 0.3892
vn 0.7178 0.5348 0.4458
vn 0.6848 0.5965 0.4185
vn 0.5954 0.3907 0.7021
vn 0.7667 0.5274 0.3661
vn 0.3621 0.1792 0.9148
vn 0.4156 0.2409 0.8771
vn 0.3505 0.1655 0.9218
vn 0.6063 0.3042 0.7348
vn 0.5227 0.2217 0.8232
vn 0.6091 0.2934 0.7368
vn 0.5487 0.2077 0.8098
vn 0.5998 0.1877 0.7778
vn 0.5580 0.1969 0.8061
vn 0.3676 0.0933 0.9253
vn 0.3651 0.0825 0.9273
vn 0.3693 0.0830 0.9256
vn 0.2673 0.0440 0.9626
vn -0.7149 -0.0018 0.6992
vn -0.6760 -0.0296 0.7363
vn -0.7079 -0.0070 0.7063
vn -0.8951 0.0245 0.4452
vn -0.7834 0.1275 0.6083
vn -0.3634 0.0851 0.9277
vn -0.3816 0.0530 0.9228
vn -0.3904 0.0717 0.9179
vn -0.3760 0.0451 0.9255
vn -0.5313 0.0498 0.8457
vn -0.7914 0.1167 0.6000
vn -0.9408 0.1073 0.3216
vn -0.3796 0.1121 0.9183
vn -0.3796 0.1006 0.9197
vn -0.3537 0.1222 0.9274
vn -0.3797 0.1467 0.9134
vn -0.3805 0.1505 0.9125
vn -0.5446 0.2607 0.7972
vn -0.5332 0.2603 0.8049
vn -0.4664 0.2597 0.8456
vn -0.4691 0.2812 0.8372
vn -0.1886 0.2198 0.9571
vn -0.2713 0.2659 0.9250
vn -0.1870 0.2183 0.9578
vn -0.2544 0.2733 0.9277
vn -0.4634 0.5229 0.7154
vn -0.4977 0.5088 0.7024
vn -0.4624 0.5223 0.7165
vn -0.5091 0.4941 0.7047
vn -0.6409 0.6715 0.3720
vn -0.3628 0.2596 0.8950
vn -0.3709 0.2527 0.8936
vn -0.4878 0.6465 0.5867
vn -0.2119 0.1767 0.9612
vn -0.2066 0.1700 0.9636
vn -0.2976 0.4792 0.8257
vn -0.5357 0.4661 0.7041
vn -0.3608 0.6494 0.6694
vn -0.3717 0.6072 0.7022
vn -0.3457 0.6634 0.6636
vn -0.3648 0.5998 0.7122
vn -0.1252 0.2479 0.9607
vn -0.1227 0.3932 0.9112
vn -0.1848 0.4110 0.8927
vn -0.1604 0.4034 0.9009
vn -0.3077 0.8003 0.5146
vn -0.3250 0.7299 0.6013
vn 0.6459 0.6145 0.4530
vn -0.3041 0.8139 0.4951
vn 0.7720 0.5274 0.3547
vn 0.6138 0.3875 0.6878
vn 0.5833 0.4017 0.7060
vn 0.7577 0.4342 0.4873
vn 0.7312 0.4413 0.5202
vn 0.7267 0.4416 0.5262
vn -0.0786 0.5446 0.8350
vn -0.1086 0.4729 0.8744
vn -0.1882 0.7056 0.6831
vn -0.1735 0.8338 0.5241
vn -0.1944 0.8236 0.5328
vn -0.1563 0.8418 0.5167
vn -0.0713 0.5639 0.8228
vn -0.0688 0.7050 0.7058
vn -0.0744 0.6894 0.7206
vn -0.0384 0.7641 0.6440
vn 0.8540 0.3992 0.3337
vn -0.1352 0.8510 0.5075
vn 0.0001 0.1048 0.9945
vn 0.0002 0.0058 1.0000
vn 0.0023 0.0100 0.9999
vn 0.0213 0.8511 0.5246
vn 0.0137 0.8557 0.5173
vn 0.7993 0.2576 0.5430
vn 0.8221 0.2902 0.4899
vn 0.7956 0.2537 0.5501
vn 0.8989 0.2350 0.3698
vn 0.0309 0.4791 0.8772
vn 0.0965 0.6901 0.7172
vn 0.0781 0.6841 0.7252
vn 0.1188 0.6945 0.7096
vn 0.0621 0.8593 0.5077
vn 0.9022 0.1639 0.3990
vn 0.1566 0.6939 0.7028
vn 0.2119 0.7264 0.6538
vn 0.3085 0.8008 0.5133
vn 0.2529 0.7697 0.5862
vn 0.0317 0.0900 0.9954
vn 0.0005 0.0028 1.0000
vn 0.1064 0.2563 0.9607
vn 0.3224 0.8089 0.4917
vn 0.4551 0.7162 0.5291
vn 0.3179 0.6052 0.7298
vn 0.2803 0.5338 0.7978
vn 0.3292 0.6245 0.7082
vn 0.4006 0.7031 0.5875
vn -0.3775 0.1539 0.9131
vn -0.7322 0.3292 0.5962
vn 0.1852 0.2611 0.9474
vn 0.4772 0.7283 0.4918
vn -0.4635 0.2875 0.8382
vn 0.3461 0.3403 0.8743
vn 0.3515 0.4351 0.8289
vn 0.3536 0.4173 0.8371
vn 0.4494 0.5676 0.6898
vn 0.5804 0.6267 0.5200
vn 0.5522 0.6502 0.5218
vn 0.5838 0.6255 0.5177
vn -0.3463 0.2583 0.9019
vn 0.4203 0.3981 0.8154
vn 0.3142 0.2045 0.9271
vn 0.3249 0.2074 0.9227
vn 0.3094 0.2137 0.9266
vn 0.4255 0.0257 0.9046
vn 0.4435 0.2507 0.8605
vn 0.6748 0.0422 0.7368
vn 0.6676 0.0393 0.7435
vn 0.7579 0.4159 0.5026
vn 0.6144 0.3165 0.7227
vn 0.7568 0.4112 0.5082
vn 0.7969 0.3483 0.4936
vn 0.7946 0.3414 0.5020
vn 0.7891 0.3093 0.5308
vn -0.1816 0.0898 0.9793
vn 0.6959 -0.0049 0.7182
vn 0.6864 0.1105 0.7188
vn 0.7214 0.0552 0.6904
vn 0.6939 0.1658 0.7007
vn 0.6674 0.2100 0.7145
vn 0.6640 0.2642 0.6995
vn 0.6312 0.3026 0.7142
vn 0.6196 0.3560 0.6996
vn 0.5820 0.3891 0.7140
vn 0.5624 0.4403 0.6999
vn 0.5213 0.4676 0.7139
vn 0.4940 0.5160 0.6998
vn 0.4500 0.5371 0.7135
vn 0.4153 0.5809 0.7001
vn 0.3695 0.5955 0.7134
vn 0.3282 0.6335 0.7007
vn 0.2815 0.6418 0.7133
vn 0.2345 0.6735 0.7010
vn 0.1879 0.6757 0.7128
vn 0.1356 0.6998 0.7013
vn 0.0908 0.6929 0.7153
vn 0.0235 0.7049 0.7089
vn 0.0204 0.7149 0.6990
vn -0.0423 0.6880 0.7245
vn -0.1057 0.7044 0.7019
vn -0.1383 0.7026 0.6980
vn -0.1867 0.6695 0.7189
vn -0.2326 0.6717 0.7034
vn -0.2853 0.6414 0.7122
vn -0.3287 0.6321 0.7017
vn -0.3729 0.5943 0.7125
vn -0.4157 0.5792 0.7012
vn -0.4532 0.5355 0.7127
vn -0.4944 0.5143 0.7007
vn -0.5242 0.4656 0.7130
vn -0.5627 0.4387 0.7006
vn -0.5846 0.3868 0.7132
vn -0.6198 0.3544 0.7002
vn -0.6331 0.2999 0.7136
vn -0.6640 0.2625 0.7002
vn -0.6689 0.2070 0.7140
vn -0.6947 0.1651 0.7000
vn -0.6914 0.1101 0.7141
vn -0.7106 0.0635 0.7007
vn -0.6960 0.0105 0.7180
vn -0.7188 -0.0473 0.6936
vn -0.7026 0.0561 0.7093
vn -0.6981 0.1074 0.7079
vn -0.7064 -0.0028 0.7078
vn -0.6803 0.1862 0.7089
vn -0.6741 0.2148 0.7067
vn -0.6369 0.3049 0.7081
vn -0.6404 0.3036 0.7055
vn -0.5993 0.3756 0.7069
vn -0.5794 0.4075 0.7059
vn -0.5385 0.4600 0.7060
vn -0.5045 0.4992 0.7044
vn -0.4584 0.5326 0.7115
vn -0.4194 0.5616 0.7133
vn -0.3447 0.6112 0.7125
vn -0.3449 0.6231 0.7020
vn -0.2485 0.6548 0.7138
vn -0.2012 0.6746 0.7102
vn -0.1255 0.6892 0.7136
vn -0.0521 0.7024 0.7099
vn 0.0094 0.7005 0.7135
vn 0.1050 0.6980 0.7083
vn 0.1249 0.7037 0.6994
vn 0.2015 0.6806 0.7044
vn 0.2427 0.6646 0.7067
vn 0.3116 0.6304 0.7110
vn 0.3500 0.6039 0.7161
vn 0.4388 0.5501 0.7105
vn 0.4191 0.5703 0.7065
vn 0.5025 0.4973 0.7072
vn 0.5281 0.4680 0.7086
vn 0.5788 0.4089 0.7055
vn 0.5906 0.3864 0.7084
vn 0.6390 0.3055 0.7060
vn 0.6366 0.3012 0.7099
vn 0.6732 0.2145 0.7077
vn 0.6822 0.1819 0.7082
vn 0.7010 0.1055 0.7053
vn 0.7006 0.0667 0.7104
vn 0.7064 0.0028 0.7078
vn 0.7026 -0.0561 0.7093
vn 0.7002 -0.0593 0.7115
vn 0.7057 0.0534 0.7065
vn 0.7243 0.0015 0.6895
vn 0.7066 0.0946 0.7012
vn 0.6868 0.1493 0.7114
vn 0.6861 0.1912 0.7019
vn 0.6591 0.2437 0.7115
vn 0.6528 0.2859 0.7015
vn 0.6184 0.3335 0.7116
vn 0.6065 0.3749 0.7011
vn 0.5657 0.4167 0.7116
vn 0.5479 0.4563 0.7011
vn 0.5016 0.4914 0.7120
vn 0.4784 0.5288 0.7011
vn 0.4278 0.5565 0.7122
vn 0.3995 0.5908 0.7010
vn 0.3458 0.6108 0.7123
vn 0.3128 0.6413 0.7007
vn 0.2570 0.6531 0.7123
vn 0.2197 0.6787 0.7008
vn 0.1630 0.6823 0.7127
vn 0.1223 0.7031 0.7005
vn 0.0659 0.6979 0.7131
vn 0.0218 0.7126 0.7012
vn -0.0318 0.6957 0.7176
vn -0.0865 0.7125 0.6964
vn -0.1365 0.6823 0.7182
vn -0.1918 0.6872 0.7007
vn -0.2322 0.6608 0.7138
vn -0.2871 0.6539 0.7000
vn -0.3224 0.6219 0.7137
vn -0.3761 0.6075 0.6996
vn -0.4064 0.5708 0.7134
vn -0.4573 0.5482 0.7002
vn -0.4823 0.5083 0.7134
vn -0.5297 0.4784 0.7004
vn -0.5488 0.4361 0.7132
vn -0.5915 0.3995 0.7004
vn -0.6046 0.3552 0.7129
vn -0.6416 0.3125 0.7005
vn -0.6484 0.2671 0.7129
vn -0.6787 0.2193 0.7009
vn -0.6812 0.1733 0.7113
vn -0.7130 0.1240 0.6901
vn -0.6962 0.0616 0.7152
vn -0.7181 0.0127 0.6958
vn 1.0000 -0.0000 -0.0049
vn 0.9924 0.1228 -0.0035
vn 1.0000 -0.0000 0.0053
vn 0.9874 0.1579 0.0060
vn 0.9657 0.2594 -0.0056
vn 0.9546 0.2980 0.0056
vn 0.9197 0.3926 -0.0056
vn 0.9030 0.4297 0.0057
vn 0.8553 0.5180 -0.0056
vn 0.8333 0.5527 0.0057
vn 0.7740 0.6331 -0.0056
vn 0.7471 0.6647 0.0058
vn 0.6773 0.7357 -0.0057
vn 0.6459 0.7634 0.0058
vn 0.5672 0.8236 -0.0057
vn 0.5318 0.8468 0.0058
vn 0.4459 0.8951 -0.0058
vn 0.4070 0.9134 0.0058
vn 0.3155 0.9489 -0.0058
vn 0.2740 0.9617 0.0059
vn 0.1790 0.9838 -0.0058
vn 0.1404 0.9901 0.0038
vn 0.0360 0.9993 -0.0063
vn 0.0307 0.9995 0.0026
vn -0.0708 0.9975 0.0024
vn -0.1200 0.9928 -0.0068
vn -0.1803 0.9836 0.0025
vn -0.2743 0.9616 -0.0040
vn -0.2863 0.9582 0.0010
vn -0.4074 0.9133 -0.0012
vn -0.4134 0.9105 0.0012
vn -0.5317 0.8469 -0.0013
vn -0.5377 0.8431 0.0013
vn -0.6456 0.7637 -0.0014
vn -0.6513 0.7588 0.0014
vn -0.7465 0.6654 -0.0014
vn -0.7518 0.6594 0.0015
vn -0.8326 0.5539 -0.0015
vn -0.8373 0.5468 0.0016
vn -0.9022 0.4313 -0.0016
vn -0.9060 0.4233 0.0016
vn -0.9538 0.3003 -0.0018
vn -0.9567 0.2912 0.0017
vn -0.9863 0.1652 -0.0017
vn -0.9880 0.1542 0.0025
vn -0.9991 0.0424 -0.0024
vn -0.9999 0.0132 0.0054
vn 0.9985 -0.0553 0.0030
vn 0.9969 -0.0793 -0.0010
vn 0.9955 0.0951 0.0004
vn 0.9993 0.0385 0.0018
vn 0.9928 0.1201 0.0016
vn 0.9650 0.2622 -0.0014
vn 0.9775 0.2111 0.0011
vn 0.9536 0.3010 0.0046
vn 0.9283 0.3719 0.0034
vn 0.9058 0.4237 -0.0025
vn 0.8852 0.4652 0.0036
vn 0.8315 0.5555 -0.0020
vn 0.8479 0.5301 0.0033
vn 0.8017 0.5978 0.0037
vn 0.7448 0.6673 -0.0009
vn 0.7383 0.6745 -0.0001
vn 0.6215 0.7834 -0.0025
vn 0.6736 0.7391 0.0029
vn 0.5963 0.8028 0.0071
vn 0.5163 0.8564 0.0035
vn 0.4463 0.8949 -0.0041
vn 0.4258 0.9048 0.0066
vn 0.3342 0.9425 0.0047
vn 0.2947 0.9556 -0.0011
vn 0.2344 0.9721 0.0064
vn 0.1431 0.9897 -0.0028
vn 0.1398 0.9902 0.0064
vn 0.0248 0.9997 0.0052
vn -0.0688 0.9976 -0.0064
vn -0.0938 0.9956 0.0080
vn -0.1936 0.9811 0.0035
vn -0.2901 0.9570 -0.0066
vn -0.2912 0.9566 0.0067
vn -0.3857 0.9226 0.0039
vn -0.4931 0.8700 -0.0039
vn -0.4786 0.8780 0.0084
vn -0.5641 0.8257 0.0052
vn -0.6505 0.7595 -0.0020
vn -0.6393 0.7690 0.0045
vn -0.7160 0.6981 0.0052
vn -0.7601 0.6498 -0.0019
vn -0.7821 0.6232 0.0020
vn -0.8396 0.5432 -0.0017
vn -0.8262 0.5633 0.0013
vn -0.8696 0.4937 0.0039
vn -0.9052 0.4249 -0.0009
vn -0.9034 0.4287 0.0055
vn -0.9238 0.3829 0.0010
vn -0.9636 0.2675 -0.0014
vn -0.9387 0.3447 0.0005
vn -0.9553 0.2956 0.0071
vn -0.9696 0.2446 0.0072
vn -0.9843 0.1766 0.0050
vn -0.9968 0.0801 -0.0023
vn -0.9987 0.0513 0.0028
vn 0.9995 -0.0316 -0.0003
vn 0.9983 0.0590 -0.0003
vn 0.9999 0.0156 0.0010
vn 0.9974 0.0715 0.0003
vn 0.9868 0.1617 -0.0006
vn 0.9914 0.1312 0.0004
vn 0.9826 0.1857 0.0006
vn 0.9696 0.2448 0.0007
vn 0.9612 0.2760 -0.0008
vn 0.9505 0.3108 0.0008
vn 0.9214 0.3886 -0.0007
vn 0.9299 0.3678 0.0007
vn 0.9065 0.4222 0.0005
vn 0.8685 0.4957 -0.0006
vn 0.8778 0.4789 0.0005
vn 0.8463 0.5327 0.0007
vn 0.8031 0.5958 -0.0003
vn 0.8184 0.5747 0.0010
vn 0.7833 0.6216 0.0010
vn 0.7266 0.6871 -0.0003
vn 0.7459 0.6660 0.0010
vn 0.6394 0.7688 -0.0007
vn 0.5431 0.8397 -0.0009
vn 0.5738 0.8190 0.0007
vn 0.5400 0.8416 0.0013
vn 0.4902 0.8716 0.0010
vn 0.4392 0.8984 -0.0011
vn 0.4348 0.9005 0.0008
vn 0.3816 0.9243 0.0006
vn 0.3289 0.9444 -0.0012
vn 0.3311 0.9436 0.0010
vn 0.2725 0.9622 0.0011
vn 0.2139 0.9769 -0.0010
vn 0.2065 0.9784 0.0010
vn 0.1459 0.9893 0.0009
vn 0.0960 0.9954 -0.0011
vn 0.0883 0.9961 0.0010
vn -0.0234 0.9997 -0.0013
vn -0.1428 0.9898 -0.0009
vn -0.1460 0.9893 0.0014
vn -0.2034 0.9791 0.0013
vn -0.2594 0.9658 -0.0007
vn -0.2483 0.9687 0.0014
vn -0.3730 0.9278 -0.0005
vn -0.4057 0.9140 0.0008
vn -0.4807 0.8769 -0.0003
vn -0.4583 0.8888 0.0009
vn -0.5102 0.8601 0.0007
vn -0.5798 0.8148 -0.0005
vn -0.5592 0.8290 0.0004
vn -0.6099 0.7925 0.0006
vn -0.6649 0.7469 -0.0008
vn -0.6513 0.7588 0.0005
vn -0.6969 0.7172 0.0011
vn -0.7478 0.6640 -0.0011
vn -0.7437 0.6685 0.0014
vn -0.7839 0.6209 0.0008
vn -0.8257 0.5641 -0.0008
vn -0.8209 0.5711 0.0009
vn -0.8503 0.5263 0.0006
vn -0.8870 0.4618 -0.0004
vn -0.8774 0.4797 0.0008
vn -0.9062 0.4228 0.0012
vn -0.9350 0.3547 -0.0003
vn -0.9290 0.3700 0.0013
vn -0.9494 0.3142 0.0012
vn -0.9701 0.2427 -0.0004
vn -0.9638 0.2668 0.0011
vn -0.9755 0.2201 0.0008
vn -0.9837 0.1796 0.0005
vn -0.9915 0.1304 -0.0004
vn -0.9902 0.1395 0.0012
vn -0.9950 0.0996 0.0010
vn -0.9989 0.0469 0.0006
vn -0.9996 0.0288 -0.0004
vn -0.9999 -0.0156 0.0009
vn 0.7443 0.6677 -0.0094
vn -0.9987 0.0499 -0.0093
vn 0.8746 0.4847 0.0130
vn -0.8880 0.4599 -0.0029
vn -0.9293 0.3692 0.0069
vn -0.9259 0.3777 0.0060
vn -0.8832 0.4691 -0.0041
vn 0.9696 0.2444 -0.0079
vn -0.6660 0.7459 -0.0022
vn -0.7173 0.6967 0.0035
vn -0.7141 0.7000 0.0032
vn -0.6622 0.7493 -0.0026
vn -0.3995 0.9167 0.0022
vn -0.3987 0.9171 0.0023
vn -0.3983 0.9172 0.0024
vn -0.3996 0.9167 0.0022
vn 0.0667 0.9978 -0.0022
vn 0.0641 0.9979 -0.0025
vn 0.0907 0.9959 0.0011
vn 0.0933 0.9956 0.0014
vn 0.4419 0.8971 -0.0005
vn 0.4362 0.8999 -0.0011
vn 0.4938 0.8696 0.0052
vn 0.4978 0.8673 0.0056
vn 0.7428 0.6695 0.0001
vn 0.7444 0.6677 0.0005
vn 0.7263 0.6873 -0.0037
vn 0.7246 0.6891 -0.0041
vn -0.9691 0.2467 -0.0018
vn -0.9628 0.2701 0.0010
vn -0.9621 0.2727 0.0013
vn -0.9696 0.2449 -0.0020
vn 0.9673 0.2538 -0.0036
vn 0.9390 0.3440 0.0076
vn 0.9416 0.3366 0.0065
vn -0.7484 0.6632 -0.0041
vn -0.7882 0.6154 0.0042
vn -0.7840 0.6208 0.0034
vn 0.9696 0.2445 -0.0047
vn -0.7447 0.6674 -0.0050
vn -0.4321 0.9018 -0.0001
vn -0.4363 0.8998 -0.0006
vn -0.3929 0.9196 0.0050
vn -0.3894 0.9210 0.0052
vn -0.0611 0.9981 -0.0050
vn -0.0665 0.9978 -0.0056
vn 0.0037 1.0000 0.0020
vn 0.0102 0.9999 0.0027
vn 0.4018 0.9157 -0.0022
vn 0.3755 0.9268 0.0015
vn 0.3773 0.9261 0.0012
vn 0.4037 0.9149 -0.0025
vn 0.7491 0.6624 -0.0059
vn 0.7443 0.6678 -0.0066
vn 0.8049 0.5934 0.0030
vn 0.8108 0.5853 0.0039
vn -0.9673 0.2538 -0.0036
vn -0.9696 0.2445 -0.0047
vn -0.9416 0.3366 0.0065
vn -0.9390 0.3440 0.0076
vn 0.9691 0.2467 -0.0018
vn 0.9621 0.2727 0.0013
vn 0.9628 0.2701 0.0010
vn 0.9696 0.2449 -0.0020
vn -0.7428 0.6695 0.0001
vn -0.7246 0.6891 -0.0041
vn -0.7263 0.6873 -0.0037
vn -0.7448 0.6673 0.0004
vn -0.4286 0.9035 -0.0015
vn -0.4366 0.8997 -0.0023
vn -0.3582 0.9336 0.0060
vn -0.3524 0.9358 0.0066
vn -0.0666 0.9977 -0.0084
vn 0.1277 0.9918 0.0094
vn 0.4041 0.9147 -0.0073
vn 0.5463 0.8376 0.0054
vn 0.7431 0.6691 0.0001
vn 0.7265 0.6872 -0.0036
vn 0.7246 0.6891 -0.0040
vn -0.9696 0.2446 -0.0079
vn 0.9672 0.2541 -0.0044
vn 0.9239 0.3826 0.0064
vn 0.9281 0.3723 0.0056
vn -0.8746 0.4847 0.0130
vn 0.9696 0.2446 -0.0051
vn 0.9984 -0.0571 -0.0028
vn 0.9990 0.0440 0.0037
vn 0.9993 0.0381 0.0033
vn -0.7443 0.6677 -0.0094
vn -0.4419 0.8971 -0.0005
vn -0.4978 0.8673 0.0056
vn -0.4938 0.8696 0.0052
vn -0.4364 0.8997 -0.0011
vn -0.0698 0.9976 -0.0032
vn -0.1066 0.9943 0.0013
vn -0.1030 0.9947 0.0009
vn -0.0665 0.9978 -0.0036
vn 0.3991 0.9169 -0.0019
vn 0.3528 0.9357 0.0046
vn 0.3571 0.9340 0.0040
vn -0.4566 0.4829 -0.7472
vn -0.5607 0.5668 -0.6036
vn -0.4955 0.6180 -0.6104
vn -0.3609 0.4791 -0.8001
vn -0.4417 0.7024 -0.5582
vn -0.3000 0.5177 -0.8013
vn -0.3557 0.7519 -0.5551
vn -0.2350 0.5488 -0.8022
vn -0.2641 0.7908 -0.5522
vn -0.1671 0.5717 -0.8033
vn -0.1683 0.8187 -0.5491
vn -0.0969 0.5863 -0.8043
vn -0.0696 0.8345 -0.5466
vn -0.0257 0.5929 -0.8049
vn 0.0305 0.8382 -0.5444
vn 0.0455 0.5901 -0.8061
vn 0.1304 0.8303 -0.5419
vn 0.1161 0.5803 -0.8061
vn 0.2291 0.8109 -0.5385
vn 0.1848 0.5611 -0.8069
vn 0.3246 0.7788 -0.5367
vn 0.2504 0.5341 -0.8075
vn 0.4157 0.7357 -0.5348
vn 0.3120 0.4990 -0.8085
vn 0.5012 0.6818 -0.5329
vn 0.3696 0.4577 -0.8087
vn 0.5795 0.6179 -0.5314
vn 0.4212 0.4093 -0.8094
vn 0.6497 0.5449 -0.5301
vn 0.4667 0.3553 -0.8099
vn 0.7110 0.4642 -0.5282
vn 0.5054 0.2962 -0.8105
vn 0.7621 0.3767 -0.5266
vn 0.5371 0.2332 -0.8106
vn 0.8028 0.2833 -0.5247
vn 0.5605 0.1668 -0.8112
vn 0.8310 0.1857 -0.5243
vn 0.5761 0.0982 -0.8114
vn 0.8252 0.0874 -0.5580
vn 0.5987 0.0289 -0.8004
vn 0.7828 0.0098 -0.6222
vn 0.6766 -0.0509 -0.7345
vn 0.6854 -0.0688 -0.7249
vn 0.6760 -0.0509 -0.7351
vn 0.7186 -0.1192 -0.6851
vn 0.6653 -0.1454 -0.7322
vn 0.7077 -0.2087 -0.6750
vn 0.6254 -0.2043 -0.7531
vn 0.6227 -0.2036 -0.7555
vn 0.6983 -0.3129 -0.6438
vn 0.5863 -0.2733 -0.7626
vn 0.6646 -0.3973 -0.6329
vn 0.5426 -0.3373 -0.7693
vn 0.6241 -0.4854 -0.6123
vn 0.5065 -0.4076 -0.7598
vn -0.6257 -0.3163 0.7130
vn -0.6132 -0.3338 0.7159
vn -0.6049 -0.4481 0.6583
vn -0.6042 -0.4122 0.6819
vn -0.6058 -0.4646 0.6459
vn -0.4618 -0.3754 0.8036
vn -0.6055 -0.5786 0.5464
vn -0.4122 -0.4268 0.8049
vn -0.5341 -0.6483 0.5427
vn -0.3571 -0.4720 0.8060
vn -0.4544 -0.7087 0.5397
vn -0.2972 -0.5103 0.8070
vn -0.3680 -0.7593 0.5367
vn -0.2333 -0.5410 0.8080
vn -0.2776 -0.8180 0.5038
vn -0.1659 -0.5628 0.8098
vn -0.1533 -0.8047 0.5735
vn -0.1062 -0.6323 0.7674
vn -0.0500 -0.7782 0.6260
vn -0.0294 -0.6371 0.7702
vn 0.0430 -0.7829 0.6207
vn 0.0470 -0.6320 0.7735
vn 0.1363 -0.7760 0.6158
vn 0.1219 -0.6183 0.7765
vn 0.2288 -0.7584 0.6103
vn 0.1940 -0.5958 0.7794
vn 0.3187 -0.7292 0.6056
vn 0.2631 -0.5655 0.7817
vn 0.4051 -0.6900 0.5998
vn 0.3269 -0.5266 0.7847
vn 0.4954 -0.6451 0.5817
vn 0.4465 -0.5012 0.7412
vn 0.4412 -0.5074 0.7402
vn 0.4210 -0.5302 0.7360
vn 0.4659 -0.4780 0.7446
vn 0.5536 -0.5525 0.6230
vn 0.5337 -0.4311 0.7275
vn 0.5437 -0.4166 0.7286
vn 0.6074 -0.4035 0.6843
vn 0.5352 -0.4325 0.7256
vn 0.5907 -0.3489 0.7276
vn 0.6529 -0.3282 0.6827
vn 0.6278 -0.2758 0.7278
vn 0.6889 -0.2480 0.6811
vn 0.6548 -0.1985 0.7293
vn 0.7144 -0.1637 0.6803
vn 0.6737 -0.1187 0.7294
vn 0.7312 -0.0762 0.6779
vn 0.6849 -0.0355 0.7278
vn 0.7312 0.0127 0.6821
vn 0.6827 0.0479 0.7291
vn 0.7231 0.1010 0.6834
vn 0.6700 0.1290 0.7311
vn 0.7075 0.1883 0.6812
vn 0.6487 0.2072 0.7323
vn 0.6830 0.2737 0.6772
vn 0.6167 0.2819 0.7350
vn 0.6471 0.3552 0.6746
vn 0.5703 0.3341 0.7505
vn 0.5681 0.3330 0.7526
vn 0.6089 0.4520 0.6519
vn 0.5245 0.3990 0.7521
vn 0.6067 0.4505 0.6549
vn 0.5226 0.3978 0.7541
vn 0.5524 0.5232 0.6489
vn 0.4712 0.4576 0.7540
vn 0.5507 0.5219 0.6514
vn 0.4696 0.4563 0.7558
vn 0.4877 0.5877 0.6456
vn 0.4098 0.5075 0.7579
vn 0.4154 0.6367 0.6497
vn 0.3333 0.5330 0.7777
vn 0.3752 0.7237 0.5792
vn 0.2499 0.5331 0.8083
vn 0.3009 0.7915 0.5319
vn 0.1839 0.5588 0.8086
vn 0.2045 0.8228 0.5303
vn 0.1153 0.5762 0.8091
vn 0.1046 0.8416 0.5299
vn 0.0453 0.5855 0.8094
vn -0.0010 0.8691 0.4947
vn -0.0253 0.5840 0.8113
vn -0.1142 0.8117 0.5728
vn -0.1027 0.6212 0.7769
vn -0.2041 0.7637 0.6124
vn -0.1741 0.5956 0.7842
vn -0.2973 0.7449 0.5973
vn -0.2438 0.5692 0.7852
vn -0.3853 0.7062 0.5940
vn -0.3095 0.5342 0.7867
vn -0.4775 0.6628 0.5768
vn -0.3816 0.5064 0.7733
vn -0.5099 0.5382 0.6710
vn -0.5512 0.5747 0.6049
vn -0.5039 0.5329 0.6797
vn -0.5522 0.5755 0.6032
vn -0.8355 -0.5494 -0.0026
vn -0.8321 -0.5546 -0.0060
vn -0.8172 -0.5763 0.0011
vn -0.7973 -0.6035 -0.0064
vn -0.7601 -0.6497 0.0045
vn -0.7193 -0.6947 -0.0061
vn -0.6805 -0.7327 0.0062
vn -0.6317 -0.7752 -0.0061
vn -0.5886 -0.8084 0.0062
vn -0.5351 -0.8448 -0.0060
vn -0.4885 -0.8725 0.0062
vn -0.4311 -0.9023 -0.0061
vn -0.3799 -0.9250 0.0070
vn -0.3212 -0.9470 -0.0053
vn -0.2548 -0.9670 0.0068
vn -0.2039 -0.9790 -0.0052
vn -0.1256 -0.9921 0.0064
vn -0.0875 -0.9961 -0.0053
vn -0.0054 -1.0000 0.0054
vn 0.0314 -0.9995 -0.0053
vn 0.1134 -0.9935 0.0054
vn 0.1499 -0.9887 -0.0053
vn 0.2307 -0.9730 0.0053
vn 0.2663 -0.9639 -0.0054
vn 0.3446 -0.9387 0.0053
vn 0.3789 -0.9254 -0.0053
vn 0.4536 -0.8912 0.0053
vn 0.4860 -0.8739 -0.0054
vn 0.5577 -0.8300 0.0057
vn 0.5878 -0.8090 -0.0054
vn 0.6590 -0.7521 0.0049
vn 0.6865 -0.7271 -0.0044
vn 0.7454 -0.6666 0.0048
vn 0.7586 -0.6516 -0.0025
vn 0.8128 -0.5826 0.0023
vn 0.8172 -0.5763 -0.0010
vn 0.8750 -0.4842 0.0013
vn 0.8780 -0.4787 -0.0013
vn 0.9265 -0.3762 0.0013
vn 0.9289 -0.3704 -0.0013
vn 0.9649 -0.2627 0.0012
vn 0.9665 -0.2567 -0.0014
vn 0.9894 -0.1453 0.0013
vn 0.9900 -0.1408 0.0003
vn 0.9997 -0.0253 0.0031
vn 0.9991 -0.0417 -0.0020
vn 0.9979 0.0649 -0.0042
vn 0.9950 0.0998 0.0053
vn 0.9833 0.1819 -0.0054
vn 0.9759 0.2182 0.0054
vn 0.9545 0.2981 -0.0054
vn 0.9428 0.3332 0.0053
vn 0.9129 0.4082 -0.0049
vn 0.8964 0.4433 0.0062
vn 0.8641 0.5034 -0.0048
vn 0.8375 0.5463 0.0067
vn 0.8051 0.5931 -0.0054
vn 0.7660 0.6428 0.0062
vn 0.7298 0.6837 -0.0062
vn 0.6837 0.7298 0.0062
vn 0.6428 0.7660 -0.0062
vn 0.5931 0.8051 0.0054
vn 0.5463 0.8375 -0.0067
vn 0.5034 0.8641 0.0048
vn 0.4433 0.8964 -0.0062
vn 0.4082 0.9129 0.0049
vn 0.3332 0.9428 -0.0053
vn 0.2981 0.9545 0.0054
vn 0.2182 0.9759 -0.0054
vn 0.1819 0.9833 0.0054
vn 0.0998 0.9950 -0.0053
vn 0.0615 0.9981 0.0065
vn -0.0191 0.9998 -0.0043
vn -0.0714 0.9974 0.0074
vn -0.1317 0.9913 -0.0040
vn -0.1993 0.9799 0.0071
vn -0.2357 0.9718 -0.0046
vn -0.3139 0.9494 0.0051
vn -0.3486 0.9372 -0.0054
vn -0.4249 0.9052 0.0053
vn -0.4581 0.8889 -0.0054
vn -0.5318 0.8468 0.0058
vn -0.5616 0.8274 -0.0042
vn -0.6402 0.7682 0.0041
vn -0.6584 0.7527 -0.0044
vn -0.7351 0.6779 0.0035
vn -0.7471 0.6647 -0.0036
vn -0.7679 0.3446 -0.5399
vn -0.5256 0.2648 -0.8085
vn -0.8073 -0.1420 -0.5729
vn -0.7242 0.4336 -0.5362
vn -0.5617 -0.0813 -0.8233
vn -0.4887 0.3248 -0.8098
vn -0.8412 -0.0451 -0.5388
vn -0.6796 0.5284 -0.5088
vn -0.4585 0.3883 -0.7994
vn -0.5969 -0.0076 -0.8023
vn -0.8375 0.0566 -0.5435
vn -0.5922 0.0637 -0.8033
vn -0.8213 0.1548 -0.5490
vn -0.5775 0.1334 -0.8054
vn -0.8005 0.2512 -0.5441
vn -0.5559 0.2009 -0.8066
vn -0.5599 0.5683 -0.6029
vn -0.4647 0.4866 -0.7398
vn -0.4637 0.5083 -0.7257
vn -0.4569 0.5707 -0.6824
vn -0.3999 0.5553 -0.7292
vn -0.3861 0.6236 -0.6797
vn -0.3297 0.5966 -0.7317
vn -0.3091 0.6681 -0.6768
vn -0.2553 0.6292 -0.7341
vn -0.2270 0.7029 -0.6741
vn -0.1783 0.6523 -0.7367
vn -0.1441 0.7251 -0.6734
vn -0.1032 0.6256 -0.7733
vn -0.1355 0.7424 -0.6561
vn -0.0645 0.8094 -0.5837
vn -0.0256 0.5952 -0.8032
vn 0.0324 0.8417 -0.5389
vn 0.0461 0.5938 -0.8033
vn 0.1326 0.8251 -0.5492
vn 0.1170 0.5831 -0.8040
vn 0.2306 0.8044 -0.5475
vn 0.1859 0.5639 -0.8047
vn 0.3256 0.7723 -0.5454
vn 0.2519 0.5368 -0.8052
vn 0.4163 0.7293 -0.5429
vn 0.3145 0.5021 -0.8056
vn 0.5012 0.6752 -0.5412
vn 0.3717 0.4597 -0.8065
vn 0.5789 0.6112 -0.5397
vn 0.4241 0.4115 -0.8068
vn 0.6487 0.5383 -0.5379
vn 0.4696 0.3568 -0.8076
vn 0.6909 0.4508 -0.5652
vn 0.5160 0.3019 -0.8016
vn 0.7361 0.3816 -0.5591
vn 0.5391 0.2336 -0.8092
vn 0.7919 0.3011 -0.5312
vn 0.5641 0.1674 -0.8085
vn 0.8210 0.2040 -0.5332
vn 0.5809 0.0984 -0.8080
vn 0.8386 0.1043 -0.5347
vn 0.5894 0.0281 -0.8074
vn 0.8040 0.0081 -0.5945
vn 0.6374 -0.0469 -0.7691
vn 0.7128 -0.0796 -0.6968
vn 0.6352 -0.0465 -0.7709
vn 0.6818 -0.1148 -0.7225
vn 0.7002 -0.1629 -0.6951
vn 0.6671 -0.1945 -0.7191
vn 0.6726 -0.2462 -0.6978
vn 0.6414 -0.2725 -0.7172
vn 0.6349 -0.3255 -0.7007
vn 0.6065 -0.3468 -0.7155
vn 0.5896 -0.3993 -0.7021
vn 0.5648 -0.4151 -0.7132
vn 0.5494 -0.5030 -0.6672
vn 0.5361 -0.4368 -0.7224
vn 0.5519 -0.5186 -0.6530
vn 0.4545 -0.4430 -0.7728
vn -0.9218 -0.3876 0.0023
vn -0.0000 -0.0000 -1.0000
vn -0.1929 -0.0877 -0.9773
vn 0.3629 -0.8765 -0.3162
vn 0.3630 -0.8765 -0.3162
vn -0.3639 0.8761 -0.3162
vn -0.3631 0.8765 -0.3161
vn -0.3634 0.8764 -0.3162
vn -0.3629 0.8766 -0.3161
vn -0.0000 -0.0000 1.0000
vn -0.5987 -0.2454 -0.7624
vn 0.5002 -0.6053 -0.6191
vn 0.4169 -0.5183 -0.7467
vn 0.4153 -0.5397 -0.7323
vn 0.4059 -0.6127 -0.6781
vn 0.3501 -0.5635 -0.7483
vn 0.3489 -0.5618 -0.7501
vn 0.3265 -0.6807 -0.6558
vn 0.2781 -0.5974 -0.7521
vn 0.2770 -0.5955 -0.7541
vn 0.3276 -0.6827 -0.6531
vn 0.2457 -0.7210 -0.6479
vn 0.2033 -0.6231 -0.7553
vn 0.2448 -0.7191 -0.6503
vn 0.2024 -0.6208 -0.7574
vn 0.1593 -0.7501 -0.6418
vn 0.1256 -0.6364 -0.7611
vn 0.0695 -0.7677 -0.6370
vn 0.0481 -0.6432 -0.7642
vn -0.0223 -0.7748 -0.6318
vn -0.0292 -0.6404 -0.7675
vn -0.1148 -0.7708 -0.6266
vn -0.1053 -0.6289 -0.7703
vn -0.2067 -0.7562 -0.6208
vn -0.1790 -0.6085 -0.7731
vn -0.2964 -0.7295 -0.6165
vn -0.2493 -0.5794 -0.7760
vn -0.3828 -0.6926 -0.6114
vn -0.3152 -0.5424 -0.7787
vn -0.4646 -0.6454 -0.6063
vn -0.3761 -0.4980 -0.7814
vn -0.5401 -0.5879 -0.6022
vn -0.4309 -0.4470 -0.7839
vn -0.6090 -0.5220 -0.5972
vn -0.4795 -0.3904 -0.7859
vn -0.6487 -0.4427 -0.6191
vn -0.9243 -0.3816 -0.0015
vn -0.9241 -0.3821 0.0069
vn -0.9245 -0.3813 0.0006
vn -0.9237 -0.3830 0.0035
vn -0.9236 -0.3833 -0.0042
vn -0.9235 -0.3835 -0.0019
vn -0.9233 -0.3840 -0.0032
vn -0.9638 0.2665 0.0042
vn -0.9703 0.2420 -0.0042
vn -0.9888 0.1495 0.0046
vn -0.9921 0.1254 -0.0032
vn -0.9998 0.0213 0.0036
vn -0.8118 0.5839 0.0032
vn -1.0000 0.0051 -0.0024
vn -0.8258 0.5640 -0.0046
vn -0.9942 -0.1074 0.0020
vn -0.8751 0.4840 0.0042
vn -0.9935 -0.1142 -0.0011
vn -0.8870 0.4617 -0.0042
vn -0.9853 -0.1707 0.0003
vn -0.9259 0.3778 0.0041
vn -0.9849 -0.1728 -0.0018
vn -0.9351 0.3543 -0.0043
vn -0.6591 -0.2722 0.7011
vn -0.5137 -0.2075 0.8325
vn -0.5661 0.0749 0.8209
vn -0.8659 0.0769 0.4942
vn -0.4691 0.4180 0.7779
vn -0.5660 -0.0056 0.8244
vn -0.6627 0.5382 0.5207
vn -0.8302 -0.0377 0.5562
vn -0.4755 0.3371 0.8126
vn -0.5896 -0.0840 0.8033
vn -0.7175 0.4532 0.5289
vn -0.8104 -0.1395 0.5690
vn -0.5135 0.2786 0.8116
vn -0.7651 0.3654 0.5302
vn -0.5444 0.2158 0.8106
vn -0.8019 0.2728 0.5315
vn -0.5681 0.1498 0.8092
vn -0.8266 0.1763 0.5345
vn 0.0095 0.0044 -0.9999
vn 0.0042 0.0020 -1.0000
vn 0.0088 0.0042 -1.0000
vn 0.5298 -0.5409 -0.6532
vn 0.4240 -0.5134 -0.7461
vn 0.5295 -0.5406 -0.6538
vn 0.4937 -0.5237 -0.6943
vn 0.4048 -0.5097 -0.7592
vn 0.4860 -0.6380 -0.5973
vn 0.3281 -0.5285 -0.7830
vn 0.4053 -0.6894 -0.6005
vn 0.2630 -0.5657 -0.7815
vn 0.3192 -0.7306 -0.6036
vn 0.1939 -0.5955 -0.7796
vn 0.2292 -0.7614 -0.6065
vn 0.1215 -0.6164 -0.7780
vn 0.1363 -0.7806 -0.6100
vn 0.0468 -0.6287 -0.7763
vn 0.0421 -0.7890 -0.6129
vn -0.0292 -0.6320 -0.7744
vn -0.0455 -0.7440 -0.6666
vn -0.0935 -0.7134 -0.6945
vn -0.0666 -0.7301 -0.6801
vn -0.1254 -0.6673 -0.7342
vn -0.1885 -0.7134 -0.6749
vn -0.1871 -0.6353 -0.7492
vn -0.1867 -0.6331 -0.7513
vn -0.2919 -0.7005 -0.6513
vn -0.2609 -0.6057 -0.7517
vn -0.2912 -0.6983 -0.6540
vn -0.2602 -0.6036 -0.7536
vn -0.3747 -0.6631 -0.6480
vn -0.3303 -0.5676 -0.7541
vn -0.3737 -0.6610 -0.6507
vn -0.3293 -0.5654 -0.7562
vn -0.4528 -0.6160 -0.6446
vn -0.3933 -0.5199 -0.7583
vn -0.5252 -0.5599 -0.6408
vn -0.4507 -0.4667 -0.7610
vn -0.5752 -0.4927 -0.6530
vn -0.4780 -0.3886 -0.7877
vn -0.6546 -0.4759 -0.5873
vn -0.5282 -0.3431 -0.7767
vn -0.6786 -0.3866 -0.6246
vn -0.6706 -0.3829 -0.6354
vn -0.6829 -0.3885 -0.6186
vn -0.6703 -0.3828 -0.6358
vn -0.5851 -0.2552 -0.7697
vn -0.7263 -0.3030 -0.6170
vn -0.6277 -0.1768 -0.7581
vn -0.8096 -0.2107 -0.5479
vn -0.5994 -0.0879 -0.7956
vn -0.7270 -0.0952 -0.6800
vn -0.6935 -0.0308 -0.7198
vn -0.7151 -0.0704 -0.6955
vn -0.6361 -0.0100 -0.7715
vn -0.6224 -0.0108 -0.7826
vn -0.8474 0.0638 -0.5271
vn -0.5604 0.0747 -0.8249
vn -0.8306 0.1567 -0.5344
vn -0.5693 0.1499 -0.8084
vn -0.8047 0.2524 -0.5373
vn -0.5491 0.2176 -0.8069
vn -0.7669 0.3437 -0.5420
vn -0.5209 0.2825 -0.8055
vn -0.7184 0.4293 -0.5473
vn -0.4851 0.3440 -0.8039
vn -0.6823 0.5306 -0.5029
vn -0.4500 0.4007 -0.7981
vn -0.6761 -0.7368 -0.0011
vn -0.7011 -0.7131 0.0029
vn -0.7031 -0.7111 0.0032
vn 0.9979 -0.0642 -0.0032
vn -0.9138 -0.4061 -0.0013
vn -0.9122 -0.4097 -0.0009
vn -0.9125 -0.4090 -0.0009
vn -0.9139 -0.4059 -0.0014
vn 0.9169 -0.3990 -0.0040
vn 0.9471 -0.3210 0.0042
vn 0.9449 -0.3273 0.0035
vn -0.9981 -0.0612 0.0051
vn -0.9994 -0.0350 0.0015
vn -0.9993 -0.0364 0.0016
vn 0.9139 -0.4060 -0.0048
vn -0.9979 -0.0643 0.0054
vn 0.6772 -0.7358 -0.0014
vn 0.7198 -0.6941 0.0052
vn 0.7164 -0.6977 0.0046
vn 0.6735 -0.7392 -0.0020
vn 0.4165 -0.9091 -0.0006
vn 0.4204 -0.9074 -0.0010
vn 0.3729 -0.9279 0.0038
vn 0.3704 -0.9288 0.0041
vn 0.0604 -0.9982 -0.0045
vn 0.0638 -0.9980 -0.0049
vn 0.0189 -0.9998 0.0003
vn 0.0144 -0.9999 0.0009
vn -0.3954 -0.9185 -0.0019
vn -0.3454 -0.9385 0.0043
vn -0.3499 -0.9368 0.0038
vn -0.3994 -0.9168 -0.0024
vn -0.6737 -0.7390 -0.0015
vn -0.8046 -0.5938 0.0070
vn 0.9979 -0.0647 0.0004
vn 0.9979 -0.0644 0.0004
vn 0.9974 -0.0718 0.0011
vn 0.9974 -0.0722 0.0011
vn -0.9139 -0.4058 -0.0070
vn -0.9972 -0.0749 -0.0015
vn -0.9853 -0.1709 0.0082
vn -0.9863 -0.1646 0.0076
vn 0.9138 -0.4062 -0.0014
vn 0.9122 -0.4098 -0.0009
vn 0.9123 -0.4095 -0.0009
vn 0.9139 -0.4059 -0.0014
vn -0.9980 -0.0637 -0.0025
vn 0.6752 -0.7376 0.0002
vn 0.6922 -0.7217 0.0033
vn 0.6909 -0.7230 0.0031
vn 0.6735 -0.7391 -0.0001
vn 0.4090 -0.9125 -0.0036
vn 0.4202 -0.9074 -0.0045
vn 0.2868 -0.9580 0.0062
vn 0.2786 -0.9604 0.0068
vn 0.0634 -0.9980 -0.0073
vn -0.1199 -0.9928 0.0077
vn -0.4095 -0.9123 -0.0043
vn -0.3994 -0.9167 -0.0051
vn -0.5110 -0.8596 0.0043
vn -0.5195 -0.8544 0.0050
vn -0.6737 -0.7390 -0.0050
vn -0.6741 -0.7386 0.0008
vn -0.6751 -0.7377 0.0010
vn -0.6752 -0.7377 0.0010
vn -0.9116 -0.4111 -0.0046
vn -0.8783 -0.4781 0.0029
vn -0.8814 -0.4724 0.0022
vn 0.9972 -0.0749 -0.0015
vn 0.9980 -0.0637 -0.0025
vn 0.9863 -0.1646 0.0076
vn 0.9853 -0.1709 0.0082
vn -0.9137 -0.4064 -0.0052
vn -0.9978 -0.0666 0.0006
vn -0.9956 -0.0932 0.0032
vn -0.9958 -0.0916 0.0031
vn 0.9139 -0.4058 -0.0070
vn -0.9979 -0.0644 0.0004
vn 0.7832 -0.6217 0.0092
vn 0.6735 -0.7392 -0.0057
vn 0.4133 -0.9106 0.0017
vn 0.4201 -0.9075 0.0008
vn 0.3568 -0.9341 0.0083
vn 0.3529 -0.9356 0.0088
vn 0.0641 -0.9979 -0.0100
vn -0.2134 -0.9769 0.0130
vn -0.3996 -0.9167 -0.0062
vn -0.6740 -0.7388 0.0007
vn -0.8049 -0.5934 0.0070
vn 0.9981 -0.0612 0.0051
vn 0.9979 -0.0643 0.0054
vn 0.9993 -0.0364 0.0016
vn 0.9994 -0.0350 0.0015
vn -0.9219 -0.3874 -0.0083
vn -0.9862 -0.1653 0.0098
vn 0.9121 -0.4099 -0.0009
vn 0.8963 -0.4434 0.0035
vn 0.8949 -0.4463 0.0040
vn 0.6733 -0.7393 -0.0056
vn 0.4330 -0.9014 -0.0014
vn 0.5399 -0.8417 0.0091
vn 0.5334 -0.8458 0.0085
vn 0.4207 -0.9072 -0.0026
vn 0.0583 -0.9983 -0.0007
vn 0.0637 -0.9980 -0.0015
vn 0.0162 -0.9999 0.0054
vn 0.0115 -0.9999 0.0062
vn -0.4089 -0.9126 -0.0037
vn -0.3996 -0.9167 -0.0046
vn -0.4948 -0.8690 0.0053
vn -0.5022 -0.8647 0.0061
vn -0.6737 -0.7390 -0.0049
vn -0.9973 -0.0735 -0.0007
vn -0.9975 -0.0711 0.0009
vn -0.9913 -0.1317 0.0006
vn -0.9815 -0.1913 -0.0013
vn -0.9827 -0.1852 0.0010
vn -0.9694 -0.2454 0.0009
vn -0.9477 -0.3192 -0.0013
vn -0.9507 -0.3101 0.0013
vn -0.9295 -0.3689 0.0007
vn -0.8974 -0.4412 -0.0011
vn -0.9069 -0.4213 0.0007
vn -0.8774 -0.4797 0.0009
vn -0.8396 -0.5431 -0.0004
vn -0.8467 -0.5320 0.0011
vn -0.8179 -0.5754 0.0013
vn -0.7846 -0.6200 0.0006
vn -0.7835 -0.6213 0.0006
vn -0.7231 -0.6907 0.0002
vn -0.7459 -0.6660 0.0010
vn -0.7031 -0.7110 0.0056
vn -0.6394 -0.7688 -0.0007
vn -0.6489 -0.7510 0.1222
vn -0.6032 -0.7891 0.1159
vn -0.5432 -0.8396 -0.0009
vn -0.5738 -0.8190 0.0007
vn -0.5400 -0.8416 0.0013
vn -0.4902 -0.8716 0.0010
vn -0.4391 -0.8984 -0.0011
vn -0.4348 -0.9005 0.0008
vn -0.3816 -0.9243 0.0006
vn -0.3288 -0.9444 -0.0012
vn -0.3311 -0.9436 0.0010
vn -0.2724 -0.9622 0.0011
vn -0.2162 -0.9764 -0.0009
vn -0.2065 -0.9784 0.0010
vn -0.1459 -0.9893 0.0009
vn -0.1106 -0.9939 -0.0004
vn -0.0880 -0.9961 0.0005
vn -0.0043 -1.0000 -0.0010
vn -0.0230 -0.9926 0.1192
vn 0.0613 -0.9981 0.0096
vn 0.1134 -0.9936 -0.0009
vn 0.1465 -0.9892 0.0010
vn 0.2303 -0.9731 -0.0006
vn 0.2029 -0.9792 0.0010
vn 0.2487 -0.9686 0.0013
vn 0.2915 -0.9499 0.1128
vn 0.3450 -0.9386 -0.0009
vn 0.3549 -0.9349 0.0054
vn 0.4050 -0.9143 0.0011
vn 0.4544 -0.8908 -0.0006
vn 0.4589 -0.8885 0.0013
vn 0.5096 -0.8604 0.0010
vn 0.5572 -0.8304 -0.0009
vn 0.5598 -0.8286 0.0009
vn 0.6095 -0.7928 0.0007
vn 0.6536 -0.7568 -0.0013
vn 0.6515 -0.7586 0.0010
vn 0.6969 -0.7172 0.0011
vn 0.7462 -0.6657 -0.0012
vn 0.7437 -0.6685 0.0014
vn 0.7839 -0.6209 0.0009
vn 0.8257 -0.5641 -0.0008
vn 0.8209 -0.5711 0.0009
vn 0.8503 -0.5263 0.0006
vn 0.8870 -0.4617 -0.0004
vn 0.8774 -0.4797 0.0008
vn 0.9062 -0.4228 0.0012
vn 0.9350 -0.3547 -0.0003
vn 0.9290 -0.3700 0.0013
vn 0.9494 -0.3142 0.0012
vn 0.9701 -0.2427 -0.0004
vn 0.9638 -0.2668 0.0011
vn 0.9755 -0.2201 0.0008
vn 0.9837 -0.1796 0.0005
vn 0.9915 -0.1304 -0.0004
vn 0.9902 -0.1395 0.0012
vn 0.9950 -0.0996 0.0010
vn 0.9989 -0.0469 0.0006
vn -0.0261 0.0174 0.9995
vn -0.0181 0.0110 0.9998
vn 0.0015 -0.0017 1.0000
vn 0.0008 -0.0013 1.0000
vn 0.0043 -0.0029 1.0000
vn 0.0029 -0.0020 1.0000
vn 0.0171 -0.0044 0.9998
vn -0.0000 0.0001 1.0000
vn -0.0026 0.0080 1.0000
vn -0.0082 -0.0001 1.0000
vn 0.5669 0.0527 0.8221
vn -0.0789 -0.0229 0.9966
vn -0.0448 -0.0116 0.9989
vn -0.0585 -0.0174 0.9981
vn -0.0032 -0.0002 1.0000
vn 0.0017 0.0011 1.0000
vn -0.1189 -0.0936 0.9885
vn -0.0622 -0.0534 0.9966
vn -0.0043 -0.0037 1.0000
vn -0.0018 -0.0019 1.0000
vn 0.1195 0.0936 0.9884
vn 0.0030 0.0020 1.0000
vn 0.0388 0.0303 0.9988
vn -0.0627 -0.0380 0.9973
vn 0.0805 0.0307 0.9963
vn 0.0063 0.0033 1.0000
vn 0.1803 0.0584 0.9819
vn -0.0007 -0.0028 1.0000
vn -0.0017 -0.0079 1.0000
vn 0.2631 0.0428 0.9638
vn 0.0064 0.0008 1.0000
vn -0.0003 -0.0053 1.0000
vn -0.0002 -0.0012 1.0000
vn 0.0187 -0.0033 0.9998
vn 0.0036 -0.0024 1.0000
vn 0.0001 -0.0006 1.0000
vn 0.0019 -0.0065 1.0000
vn 0.0104 -0.0080 0.9999
vn -0.0028 0.0052 1.0000
vn -0.9954 -0.0959 -0.0005
vn -0.9989 -0.0462 0.0029
vn -0.9928 -0.1201 0.0016
vn -0.9650 -0.2622 -0.0014
vn -0.9775 -0.2111 0.0011
vn -0.9536 -0.3010 0.0046
vn -0.9283 -0.3719 0.0034
vn -0.9058 -0.4237 -0.0025
vn -0.8852 -0.4652 0.0036
vn -0.8315 -0.5555 -0.0020
vn -0.8479 -0.5301 0.0033
vn -0.8017 -0.5978 0.0037
vn -0.7448 -0.6673 -0.0009
vn -0.7383 -0.6745 -0.0001
vn -0.6215 -0.7834 -0.0025
vn -0.6736 -0.7391 0.0029
vn -0.5963 -0.8028 0.0071
vn -0.5163 -0.8564 0.0035
vn -0.4463 -0.8949 -0.0041
vn -0.4258 -0.9048 0.0066
vn -0.3342 -0.9425 0.0047
vn -0.2947 -0.9556 -0.0011
vn -0.2344 -0.9721 0.0064
vn -0.1431 -0.9897 -0.0028
vn -0.1398 -0.9902 0.0064
vn -0.0248 -0.9997 0.0052
vn 0.0688 -0.9976 -0.0064
vn 0.0938 -0.9956 0.0080
vn 0.1936 -0.9811 0.0035
vn 0.2901 -0.9570 -0.0066
vn 0.2912 -0.9566 0.0067
vn 0.3857 -0.9226 0.0039
vn 0.4931 -0.8700 -0.0039
vn 0.4786 -0.8780 0.0084
vn 0.5641 -0.8257 0.0052
vn 0.6505 -0.7595 -0.0020
vn 0.6393 -0.7690 0.0045
vn 0.7160 -0.6981 0.0052
vn 0.7601 -0.6498 -0.0019
vn 0.7821 -0.6232 0.0020
vn 0.8396 -0.5432 -0.0017
vn 0.8262 -0.5633 0.0013
vn 0.8696 -0.4937 0.0039
vn 0.9052 -0.4249 -0.0009
vn 0.9034 -0.4287 0.0055
vn 0.9238 -0.3829 0.0010
vn 0.9636 -0.2675 -0.0014
vn 0.9387 -0.3447 0.0005
vn 0.9553 -0.2956 0.0071
vn 0.9696 -0.2446 0.0072
vn 0.9847 -0.1741 0.0055
vn -0.0001 0.0001 1.0000
vn -0.0001 -0.0000 1.0000
vn 0.0001 -0.0003 1.0000
vn -0.0000 -0.0001 1.0000
vn -0.0003 -0.0004 1.0000
vn -0.0001 0.0003 1.0000
vn -0.0099 -0.0095 0.9999
vn -0.0033 -0.0053 1.0000
vn 0.0063 -0.0039 1.0000
vn -0.0000 -0.0002 1.0000
vn -0.0003 -0.0001 1.0000
vn -0.0003 0.0003 1.0000
vn 0.0002 0.0001 1.0000
vn 0.0001 0.0001 1.0000
vn 0.0002 -0.0002 1.0000
vn -0.0002 0.0001 1.0000
vn 0.0001 0.0003 1.0000
vn 0.0001 -0.0000 1.0000
vn 0.0001 -0.0002 1.0000
vn -0.0001 0.0002 1.0000
vn -0.0002 -0.0002 1.0000
vn -0.0001 -0.0001 1.0000
vn 0.0015 -0.0008 1.0000
vn 0.0093 0.0091 0.9999
vn 0.0001 0.0002 1.0000
vn -0.0000 0.0002 1.0000
vn -0.0004 -0.0001 1.0000
vn -0.0006 -0.0003 1.0000
vn 0.0001 -0.0001 1.0000
vn -0.0001 -0.0002 1.0000
vn -0.0001 -0.0003 1.0000
vn -0.0073 -0.0008 1.0000
vn -0.0016 0.0021 1.0000
vn 0.0002 -0.0003 1.0000
vn -0.0002 0.0002 1.0000
vn -0.0057 0.0025 1.0000
vn 0.0023 0.0041 1.0000
vn 0.0002 0.0002 1.0000
vn -0.0002 0.0003 1.0000
vn 0.0165 0.0066 0.9998
vn -0.0002 -0.0001 1.0000
vn 0.0068 0.0018 1.0000
vn 0.0002 -0.0001 1.0000
vn -0.0003 0.0001 1.0000
vn 0.0003 0.0001 1.0000
vn -0.0000 -0.0005 1.0000
vn -0.0000 0.0005 1.0000
vn 0.0003 -0.0001 1.0000
vn -0.0096 -0.0013 1.0000
vn -0.9983 -0.0587 -0.0024
vn -0.9901 -0.1406 0.0057
vn -0.9855 -0.1698 -0.0027
vn -0.9572 -0.2895 0.0027
vn -0.9538 -0.3003 -0.0018
vn -0.9060 -0.4233 0.0016
vn -0.9022 -0.4313 -0.0016
vn -0.8373 -0.5468 0.0016
vn -0.8326 -0.5539 -0.0015
vn -0.7518 -0.6594 0.0015
vn -0.7465 -0.6654 -0.0014
vn -0.6513 -0.7588 0.0014
vn -0.6456 -0.7637 -0.0014
vn -0.5377 -0.8431 0.0013
vn -0.5317 -0.8469 -0.0013
vn -0.4134 -0.9105 0.0012
vn -0.4074 -0.9133 -0.0012
vn -0.2863 -0.9582 0.0010
vn -0.2742 -0.9617 -0.0040
vn -0.1802 -0.9836 0.0024
vn -0.1200 -0.9927 -0.0069
vn -0.0708 -0.9975 0.0023
vn 0.0359 -0.9993 -0.0063
vn 0.0307 -0.9995 0.0026
vn 0.1404 -0.9901 0.0038
vn 0.1790 -0.9838 -0.0058
vn 0.2740 -0.9617 0.0059
vn 0.3155 -0.9489 -0.0058
vn 0.4070 -0.9134 0.0058
vn 0.4459 -0.8951 -0.0058
vn 0.5318 -0.8468 0.0058
vn 0.5672 -0.8236 -0.0057
vn 0.6459 -0.7634 0.0058
vn 0.6773 -0.7357 -0.0057
vn 0.7471 -0.6647 0.0058
vn 0.7740 -0.6331 -0.0056
vn 0.8333 -0.5527 0.0057
vn 0.8553 -0.5180 -0.0056
vn 0.9030 -0.4297 0.0057
vn 0.9197 -0.3926 -0.0056
vn 0.9546 -0.2980 0.0056
vn 0.9657 -0.2594 -0.0056
vn 0.9874 -0.1579 0.0060
vn 0.9924 -0.1228 -0.0035
vn -0.7053 -0.0570 0.7066
vn -0.7073 -0.0306 0.7063
vn -0.7075 -0.1152 0.6973
vn -0.6823 -0.1572 0.7140
vn -0.6828 -0.2113 0.6994
vn -0.6534 -0.2509 0.7142
vn -0.6463 -0.3052 0.6994
vn -0.6121 -0.3401 0.7139
vn -0.5972 -0.3927 0.6994
vn -0.5586 -0.4224 0.7139
vn -0.5360 -0.4723 0.6998
vn -0.4940 -0.4963 0.7139
vn -0.4643 -0.5428 0.6998
vn -0.4197 -0.5607 0.7137
vn -0.3835 -0.6026 0.6999
vn -0.3372 -0.6141 0.7135
vn -0.2951 -0.6503 0.7000
vn -0.2481 -0.6555 0.7133
vn -0.1998 -0.6845 0.7011
vn -0.1515 -0.6808 0.7167
vn -0.0908 -0.7065 0.7018
vn -0.0508 -0.7027 0.7096
vn 0.0218 -0.7053 0.7086
vn 0.0417 -0.7057 0.7073
vn 0.1216 -0.6963 0.7074
vn 0.1397 -0.6932 0.7071
vn 0.2184 -0.6718 0.7078
vn 0.2348 -0.6671 0.7070
vn 0.3110 -0.6344 0.7077
vn 0.3256 -0.6281 0.7068
vn 0.3974 -0.5842 0.7077
vn 0.4099 -0.5767 0.7067
vn 0.4758 -0.5223 0.7077
vn 0.4863 -0.5140 0.7066
vn 0.5449 -0.4501 0.7075
vn 0.5533 -0.4414 0.7064
vn 0.6030 -0.3688 0.7074
vn 0.6095 -0.3602 0.7062
vn 0.6490 -0.2799 0.7074
vn 0.6536 -0.2718 0.7064
vn 0.6816 -0.1855 0.7079
vn 0.6865 -0.1779 0.7051
vn 0.7033 -0.1030 0.7034
vn -0.0015 0.0005 1.0000
vn -0.0014 0.0006 1.0000
vn -0.0017 -0.0006 1.0000
vn 0.1117 -0.0133 0.9937
vn 0.0016 0.0002 1.0000
vn 0.1021 -0.0265 0.9944
vn 0.0013 -0.0005 1.0000
vn -0.0013 -0.0007 1.0000
vn -0.0036 -0.0006 1.0000
vn -0.0037 -0.0023 1.0000
vn -0.0036 0.0010 1.0000
vn -0.0002 0.0016 1.0000
vn -0.0006 0.0016 1.0000
vn -0.0013 -0.0005 1.0000
vn 0.0009 0.0016 1.0000
vn 0.0007 0.0023 1.0000
vn 0.0001 -0.0015 1.0000
vn 0.0002 -0.0016 1.0000
vn -0.0002 -0.0030 1.0000
vn 0.0063 0.0024 1.0000
vn -0.0016 0.0044 1.0000
vn -0.0022 0.0022 1.0000
vn -0.0011 -0.0059 1.0000
vn 0.0030 0.0025 1.0000
vn -0.0016 0.0007 1.0000
vn -0.0025 -0.0000 1.0000
vn 0.0008 0.0019 1.0000
vn -0.0008 0.0014 1.0000
vn 0.0025 0.0006 1.0000
vn -0.0033 0.0030 1.0000
vn -0.0001 -0.0014 1.0000
vn -0.0014 0.0008 1.0000
vn 0.0025 0.0023 1.0000
vn -0.0034 0.0018 1.0000
vn 0.0028 -0.0024 1.0000
vn 0.0013 -0.0016 1.0000
vn 0.0011 -0.0038 1.0000
vn 0.0019 -0.0023 1.0000
vn 0.0010 -0.0031 1.0000
vn 0.0025 -0.0000 1.0000
vn 0.0034 -0.0018 1.0000
vn -0.0018 0.0017 1.0000
vn -0.0008 -0.0019 1.0000
vn -0.0025 -0.0023 1.0000
vn -0.0025 -0.0006 1.0000
vn 0.0001 0.0014 1.0000
vn 0.0040 -0.0005 1.0000
vn 0.0033 -0.0030 1.0000
vn -0.0035 -0.0056 1.0000
vn -0.0013 0.0016 1.0000
vn -0.0040 0.0005 1.0000
vn -0.0019 0.0023 1.0000
vn -0.0019 -0.0024 1.0000
vn 0.0018 -0.0017 1.0000
vn -0.0010 0.0031 1.0000
vn 0.0013 0.0005 1.0000
vn -0.0007 -0.0023 1.0000
vn -0.0030 -0.0025 1.0000
vn 0.0044 -0.0010 1.0000
vn 0.0016 -0.0044 1.0000
vn 0.0014 -0.0008 1.0000
vn -0.0018 -0.0001 1.0000
vn 0.0007 -0.0046 1.0000
vn 0.0013 0.0007 1.0000
vn -0.0009 -0.0016 1.0000
vn 0.0008 -0.0014 1.0000
vn 0.0023 -0.0015 1.0000
vn 0.0012 0.0009 1.0000
vn -0.0010 -0.0015 1.0000
vn -0.0038 -0.0006 1.0000
vn 0.0016 -0.0007 1.0000
vn 0.0435 -0.0995 0.9941
vn -0.0001 -0.0051 1.0000
vn -0.0722 -0.0779 0.9943
vn -0.0010 -0.0009 1.0000
vn 0.0010 0.0009 1.0000
vn 0.0005 -0.0012 1.0000
vn -0.0022 -0.0009 1.0000
vn 0.0282 -0.1016 0.9944
vn -0.0012 -0.0009 1.0000
vn 0.0010 0.0015 1.0000
vn 0.0001 0.0051 1.0000
vn 0.6981 -0.1074 0.7079
vn 0.6803 -0.1862 0.7089
vn 0.6741 -0.2148 0.7067
vn 0.6369 -0.3049 0.7081
vn 0.6404 -0.3036 0.7055
vn 0.5993 -0.3756 0.7069
vn 0.5794 -0.4075 0.7059
vn 0.5385 -0.4600 0.7060
vn 0.5045 -0.4992 0.7044
vn 0.4584 -0.5326 0.7115
vn 0.4194 -0.5616 0.7133
vn 0.3447 -0.6112 0.7125
vn 0.3449 -0.6231 0.7020
vn 0.2485 -0.6548 0.7138
vn 0.2012 -0.6746 0.7102
vn 0.1255 -0.6892 0.7136
vn 0.0521 -0.7024 0.7099
vn -0.0094 -0.7005 0.7135
vn -0.1050 -0.6980 0.7083
vn -0.1249 -0.7037 0.6994
vn -0.2015 -0.6806 0.7044
vn -0.2427 -0.6646 0.7067
vn -0.3116 -0.6304 0.7110
vn -0.3500 -0.6039 0.7161
vn -0.4388 -0.5501 0.7105
vn -0.4191 -0.5703 0.7065
vn -0.5025 -0.4973 0.7072
vn -0.5281 -0.4680 0.7086
vn -0.5788 -0.4089 0.7055
vn -0.5906 -0.3864 0.7084
vn -0.6390 -0.3055 0.7060
vn -0.6366 -0.3012 0.7099
vn -0.6732 -0.2145 0.7077
vn -0.6822 -0.1819 0.7082
vn -0.7010 -0.1055 0.7053
vn -0.7006 -0.0667 0.7104
vn -0.6863 -0.1023 0.7201
vn -0.6969 -0.1636 0.6982
vn -0.6696 -0.2066 0.7134
vn -0.6640 -0.2625 0.7002
vn -0.6331 -0.2999 0.7136
vn -0.6198 -0.3544 0.7002
vn -0.5846 -0.3868 0.7132
vn -0.5627 -0.4387 0.7006
vn -0.5242 -0.4656 0.7130
vn -0.4944 -0.5143 0.7007
vn -0.4532 -0.5355 0.7127
vn -0.4157 -0.5792 0.7012
vn -0.3729 -0.5943 0.7125
vn -0.3287 -0.6321 0.7017
vn -0.2853 -0.6414 0.7122
vn -0.2351 -0.6723 0.7019
vn -0.1923 -0.6737 0.7135
vn -0.1293 -0.6948 0.7075
vn -0.1233 -0.7026 0.7008
vn -0.0605 -0.6984 0.7131
vn -0.0209 -0.7057 0.7082
vn 0.0285 -0.6899 0.7233
vn 0.1097 -0.7020 0.7036
vn 0.0943 -0.7108 0.6970
vn 0.1825 -0.6708 0.7188
vn 0.2320 -0.6730 0.7023
vn 0.2815 -0.6418 0.7133
vn 0.3282 -0.6335 0.7007
vn 0.3695 -0.5955 0.7134
vn 0.4153 -0.5809 0.7001
vn 0.4500 -0.5371 0.7135
vn 0.4940 -0.5160 0.6998
vn 0.5213 -0.4676 0.7139
vn 0.5624 -0.4403 0.6999
vn 0.5820 -0.3891 0.7140
vn 0.6196 -0.3560 0.6996
vn 0.6312 -0.3026 0.7142
vn 0.6640 -0.2642 0.6995
vn 0.6674 -0.2100 0.7145
vn 0.6948 -0.1669 0.6996
vn 0.6914 -0.1123 0.7137
vn 0.7163 -0.0636 0.6949
vn -0.6072 -0.1313 0.7836
vn -0.6096 -0.1298 0.7820
vn -0.5976 -0.1629 0.7851
vn -0.8968 -0.2323 0.3765
vn -0.9029 -0.1718 0.3941
vn -0.8840 -0.1995 0.4228
vn -0.6424 -0.1188 0.7571
vn -0.6641 -0.1178 0.7383
vn -0.9027 -0.1637 0.3978
vn -0.7707 -0.0498 0.6352
vn -0.7724 -0.0595 0.6324
vn -0.7739 -0.0661 0.6298
vn 0.7757 -0.1424 0.6148
vn 0.7688 -0.1721 0.6159
vn 0.7567 -0.1908 0.6253
vn 0.7539 -0.2106 0.6223
vn 0.7452 -0.2293 0.6262
vn 0.7422 -0.2484 0.6224
vn 0.7328 -0.2664 0.6261
vn 0.7279 -0.2850 0.6236
vn 0.7148 -0.3047 0.6294
vn 0.7189 -0.3254 0.6142
vn 0.7269 -0.3276 0.6035
vn 0.7954 -0.4287 0.4285
vn 0.7910 -0.4303 0.4349
vn 0.7688 -0.4377 0.4663
vn 0.7643 -0.4390 0.4724
vn 0.7915 -0.5103 0.3363
vn 0.7344 -0.5249 0.4303
vn 0.8010 -0.5064 0.3195
vn 0.7238 -0.5681 0.3917
vn 0.7197 -0.5746 0.3897
vn 0.6486 -0.4643 0.6031
vn 0.6574 -0.6471 0.3861
vn 0.6715 -0.6260 0.3966
vn -0.4352 -0.3951 0.8090
vn -0.4596 -0.3653 0.8095
vn -0.4646 -0.3701 0.8045
vn -0.7141 -0.5819 0.3892
vn -0.7178 -0.5348 0.4458
vn -0.6848 -0.5965 0.4185
vn -0.5951 -0.3871 0.7043
vn -0.7666 -0.5274 0.3662
vn -0.6155 -0.3205 0.7200
vn -0.5137 -0.2233 0.8284
vn -0.5969 -0.2860 0.7496
vn -0.5481 -0.2082 0.8101
vn -0.3382 -0.1794 0.9238
vn -0.3367 -0.1815 0.9240
vn -0.3439 -0.1646 0.9245
vn -0.5962 -0.1859 0.7810
vn -0.5580 -0.1958 0.8064
vn -0.6050 -0.1497 0.7820
vn -0.4043 -0.0588 0.9127
vn -0.4019 -0.0500 0.9143
vn -0.4000 -0.0433 0.9155
vn 0.7434 -0.0564 0.6665
vn 0.7723 -0.0072 0.6353
vn 0.7604 -0.0254 0.6489
vn 0.7887 -0.1132 0.6043
vn 0.1402 -0.0100 0.9901
vn 0.3970 -0.0948 0.9129
vn 0.3593 -0.0499 0.9319
vn 0.4015 -0.0827 0.9121
vn 0.3537 -0.0465 0.9342
vn 0.3469 -0.0978 0.9328
vn 0.3724 -0.1311 0.9188
vn 0.3743 -0.1197 0.9195
vn 0.3376 -0.1382 0.9311
vn 0.3233 -0.1328 0.9369
vn 0.3145 -0.1274 0.9407
vn 0.2891 -0.1694 0.9422
vn 0.1856 -0.2150 0.9588
vn 0.3021 -0.3298 0.8944
vn 0.3161 -0.3307 0.8892
vn 0.3611 -0.3330 0.8711
vn 0.6041 -0.3539 0.7140
vn 0.6009 -0.3540 0.7167
vn 0.5846 -0.3547 0.7297
vn 0.4613 -0.5168 0.7212
vn 0.5314 -0.4994 0.6843
vn 0.4610 -0.5166 0.7215
vn 0.4964 -0.5152 0.6986
vn 0.6409 -0.6715 0.3720
vn 0.4878 -0.6465 0.5867
vn 0.2976 -0.4792 0.8257
vn 0.3608 -0.6494 0.6694
vn 0.3717 -0.6072 0.7022
vn 0.3457 -0.6634 0.6636
vn 0.3648 -0.5998 0.7122
vn 0.1252 -0.2479 0.9606
vn 0.1222 -0.3923 0.9117
vn 0.1845 -0.4105 0.8930
vn 0.1603 -0.4026 0.9012
vn 0.3077 -0.8003 0.5146
vn 0.3250 -0.7299 0.6013
vn -0.6459 -0.6145 0.4530
vn 0.3041 -0.8139 0.4951
vn -0.7720 -0.5274 0.3547
vn -0.7637 -0.4370 0.4752
vn -0.7321 -0.4435 0.5169
vn -0.7274 -0.4436 0.5235
vn -0.5543 -0.3246 0.7664
vn -0.5841 -0.4014 0.7055
vn 0.0785 -0.5461 0.8340
vn 0.1086 -0.4724 0.8747
vn 0.1882 -0.7056 0.6831
vn 0.1735 -0.8338 0.5241
vn 0.1944 -0.8236 0.5328
vn 0.1563 -0.8418 0.5167
vn 0.0714 -0.5656 0.8216
vn 0.0688 -0.7050 0.7058
vn 0.0744 -0.6894 0.7206
vn 0.0384 -0.7641 0.6440
vn -0.8540 -0.3992 0.3337
vn 0.1352 -0.8510 0.5075
vn 0.0003 -0.1047 0.9945
vn -0.0213 -0.8511 0.5246
vn -0.0137 -0.8557 0.5173
vn -0.7993 -0.2576 0.5430
vn -0.8221 -0.2902 0.4899
vn -0.7956 -0.2537 0.5501
vn -0.8989 -0.2350 0.3698
vn -0.0309 -0.4797 0.8769
vn -0.0967 -0.6893 0.7180
vn -0.0783 -0.6841 0.7252
vn -0.1183 -0.6934 0.7108
vn -0.0621 -0.8593 0.5077
vn -0.9022 -0.1639 0.3990
vn -0.1562 -0.6934 0.7034
vn -0.2117 -0.7265 0.6537
vn -0.3085 -0.8008 0.5133
vn -0.2529 -0.7697 0.5862
vn -0.0323 -0.0915 0.9953
vn -0.1062 -0.2558 0.9609
vn -0.3224 -0.8089 0.4917
vn -0.4550 -0.7160 0.5294
vn -0.3176 -0.6047 0.7304
vn -0.2790 -0.5312 0.8000
vn -0.3292 -0.6245 0.7082
vn -0.4006 -0.7031 0.5875
vn 0.7297 -0.3258 0.6011
vn 0.4604 -0.2403 0.8546
vn 0.4492 -0.2447 0.8593
vn 0.4528 -0.2433 0.8578
vn -0.1854 -0.2615 0.9472
vn -0.4772 -0.7283 0.4918
vn 0.4636 -0.2389 0.8532
vn 0.5822 -0.3549 0.7315
vn 0.4137 -0.2786 0.8667
vn 0.4138 -0.2783 0.8668
vn 0.4142 -0.2775 0.8669
vn -0.3464 -0.3406 0.8741
vn -0.3528 -0.4369 0.8274
vn -0.3545 -0.4187 0.8361
vn -0.4494 -0.5676 0.6898
vn -0.5804 -0.6267 0.5200
vn -0.5522 -0.6502 0.5218
vn -0.5838 -0.6255 0.5177
vn 0.5560 -0.4150 0.7202
vn 0.5431 -0.4198 0.7272
vn 0.5232 -0.4300 0.7357
vn 0.4138 -0.2790 0.8666
vn -0.4210 -0.3986 0.8148
vn 0.3767 -0.3336 0.8642
vn -0.3104 -0.1979 0.9298
vn -0.3097 -0.1997 0.9296
vn -0.3020 -0.2078 0.9304
vn -0.3977 -0.0351 0.9169
vn -0.6693 -0.0342 0.7422
vn -0.7746 -0.0735 0.6281
vn -0.7637 -0.4167 0.4930
vn -0.7629 -0.4108 0.4993
vn -0.7969 -0.3483 0.4936
vn -0.7946 -0.3414 0.5020
vn -0.7891 -0.3093 0.5308
vn 0.2049 -0.1597 0.9657
vn -0.2742 -0.2566 0.9268
vn -0.2205 -0.3123 0.9240
vn -0.1818 -0.3373 0.9237
vn -0.3457 -0.1758 0.9217
vn -0.3455 -0.1770 0.9216
vn -0.3055 -0.2303 0.9239
vn 0.1982 -0.3180 0.9272
vn 0.2769 -0.2619 0.9245
vn -0.0379 -0.3869 0.9213
vn 0.0275 -0.3836 0.9231
vn 0.0455 -0.3761 0.9255
vn 0.3340 -0.1866 0.9239
vn 0.3698 -0.0908 0.9247
vn 0.1345 -0.3464 0.9284
vn -0.3861 -0.0223 0.9222
vn -0.0410 -0.3852 0.9219
vn -0.1994 -0.3338 0.9213
vn -0.5671 -0.8236 -0.0036
vn -0.4694 -0.8830 0.0044
vn -0.5814 -0.8136 0.0038
vn -0.5819 -0.8133 -0.0037
vn -0.6833 -0.7301 0.0039
vn 0.9972 -0.0743 0.0066
vn -0.8209 -0.5710 -0.0037
vn -0.8128 -0.5825 -0.0049
vn -0.8852 -0.4651 0.0067
vn 0.9644 -0.2644 -0.0057
vn 0.9666 -0.2561 -0.0063
vn 0.9308 -0.3654 0.0024
vn -0.8907 -0.4546 0.0076
vn 0.9267 -0.3757 0.0032
vn -0.9602 -0.2792 -0.0065
vn 0.8072 -0.5903 -0.0028
vn 0.8022 -0.5971 -0.0017
vn 0.8019 -0.5975 -0.0017
vn 0.8076 -0.5897 -0.0028
vn -0.9985 -0.0540 0.0065
vn 0.6341 -0.7733 0.0048
vn 0.5022 -0.8648 -0.0050
vn 0.5046 -0.8633 -0.0053
vn 0.4592 -0.8883 0.0006
vn 0.4531 -0.8915 0.0014
vn 0.0571 -0.9981 -0.0240
vn 0.0673 -0.9977 0.0103
vn 0.0688 -0.9975 0.0184
vn 0.2448 -0.9696 0.0010
vn 0.0358 -0.9994 -0.0031
vn -0.0902 -0.9959 0.0110
vn -0.0984 -0.9951 0.0117
vn -0.3104 -0.9506 -0.0043
vn -0.3509 -0.4999 0.7918
vn -0.6083 -0.7029 0.3686
vn -0.4447 -0.3187 0.8371
vn 0.7515 -0.2015 0.6282
vn 0.9198 -0.2108 0.3310
vn -0.8271 -0.3760 0.4178
vn -0.5522 -0.1582 0.8186
vn 0.4883 -0.3566 0.7965
vn -0.9215 -0.0311 0.3871
vn 0.6903 -0.5972 0.4084
vn 0.2130 -0.4549 0.8647
vn -0.1999 -0.7531 0.6268
vn -0.1439 -0.2865 0.9472
vn -0.1599 -0.2758 0.9478
vn -0.1676 -0.2785 0.9457
vn -0.1402 -0.2870 0.9476
vn -0.2754 -0.9034 0.3286
vn -0.2571 -0.8655 0.4299
vn -0.2883 -0.8503 0.4403
vn -0.2887 -0.8495 0.4415
vn -0.4341 -0.7828 0.4459
vn -0.4857 -0.7587 0.4341
vn -0.4616 -0.8330 0.3050
vn -0.3206 -0.0647 0.9450
vn -0.3181 -0.0779 0.9448
vn -0.3220 -0.0617 0.9447
vn -0.3191 -0.0802 0.9443
vn -0.4759 -0.7454 0.4668
vn -0.5572 -0.1278 0.8205
vn -0.5587 -0.1133 0.8216
vn -0.5536 -0.0978 0.8270
vn -0.3920 -0.7154 0.5783
vn -0.3265 -0.8428 0.4279
vn -0.3170 -0.8448 0.4310
vn -0.3288 -0.0472 0.9432
vn -0.2652 -0.4941 0.8280
vn -0.3077 -0.5118 0.8021
vn -0.3214 -0.4951 0.8072
vn -0.3568 -0.8282 0.4323
vn -0.5698 -0.0731 0.8185
vn -0.5712 -0.0717 0.8177
vn -0.5273 -0.7229 0.4465
vn -0.5454 -0.7698 0.3316
vn -0.4879 -0.6676 0.5624
vn -0.3256 -0.0388 0.9447
vn -0.3193 -0.0278 0.9473
vn -0.5603 -0.0431 0.8272
vn -0.3813 -0.5251 0.7608
vn -0.3856 -0.5304 0.7550
vn -0.3568 -0.7564 0.5482
vn -0.4128 -0.8494 0.3289
vn -0.1957 -0.2638 0.9445
vn -0.2473 -0.3534 0.9022
vn -0.3947 -0.8992 0.1886
vn -0.4260 -0.8795 0.2122
vn -0.0288 -0.0475 0.9985
vn -0.1239 -0.1743 0.9769
vn 0.9344 -0.1495 0.3233
vn 0.9332 -0.1268 0.3364
vn 0.9392 -0.1039 0.3273
vn 0.9229 -0.1730 0.3440
vn 0.9240 -0.1975 0.3275
vn 0.2160 -0.2463 0.9448
vn 0.2127 -0.2538 0.9436
vn 0.2084 -0.2570 0.9437
vn 0.2033 -0.2613 0.9436
vn 0.1857 -0.2569 0.9484
vn -0.2467 -0.2839 0.9266
vn -0.2647 -0.3330 0.9050
vn 0.1784 -0.2650 0.9476
vn 0.1759 -0.2673 0.9474
vn -0.1868 -0.2199 0.9575
vn 0.3418 -0.8825 0.3232
vn 0.3771 -0.8653 0.3303
vn 0.3658 -0.8142 0.4507
vn 0.3341 -0.8858 0.3220
vn 0.2878 -0.8898 0.3541
vn 0.3053 -0.9174 0.2552
vn -0.2274 -0.2300 0.9462
vn -0.2979 -0.3339 0.8943
vn -0.1054 -0.3103 0.9448
vn -0.1135 -0.3112 0.9435
vn -0.1184 -0.3089 0.9437
vn -0.1247 -0.3066 0.9436
vn -0.1299 -0.2898 0.9482
vn -0.5990 -0.7270 0.3357
vn -0.6042 -0.7555 0.2534
vn -0.6289 -0.6930 0.3525
vn -0.6479 -0.7170 0.2571
vn -0.6659 -0.6667 0.3348
vn -0.6813 -0.6079 0.4078
vn -0.6621 -0.6739 0.3278
vn -0.6830 -0.6024 0.4131
vn -0.8858 -0.2208 0.4082
vn -0.8848 -0.1674 0.4348
vn -0.8788 -0.1918 0.4370
vn -0.5256 -0.5237 0.6704
vn -0.5458 -0.5018 0.6710
vn -0.5797 -0.5853 0.5669
vn -0.3221 -0.0545 0.9451
vn -0.5178 -0.4322 0.7383
vn -0.3235 -0.0259 0.9459
vn -0.3857 -0.3931 0.8347
vn -0.8931 -0.1398 0.4276
vn -0.8891 -0.1503 0.4323
vn -0.3440 -0.2839 0.8950
vn 0.9745 -0.0285 0.2225
vn 0.9718 -0.0490 0.2305
vn 0.9741 -0.0455 0.2213
vn 0.9100 -0.0030 0.4147
vn -0.1485 -0.1236 0.9811
vn -0.8955 -0.1050 0.4325
vn 0.6645 -0.0557 0.7453
vn 0.9420 -0.0882 0.3239
vn 0.4421 -0.0396 0.8961
vn -0.7158 -0.5632 0.4128
vn -0.7125 -0.5663 0.4143
vn -0.8967 -0.0706 0.4370
vn -0.8936 -0.0502 0.4461
vn 0.4392 -0.0380 0.8976
vn -0.9762 -0.1078 0.1882
vn -0.9739 -0.0745 0.2142
vn -0.9745 -0.0736 0.2119
vn 0.8293 -0.0574 0.5558
vn 0.8229 -0.0814 0.5624
vn 0.8290 -0.0572 0.5564
vn 0.8225 -0.0798 0.5631
vn 0.1113 -0.0027 0.9938
vn -0.5841 -0.4475 0.6772
vn 0.6588 -0.0683 0.7492
vn 0.2016 -0.0169 0.9793
vn 0.4254 -0.0613 0.9029
vn 0.6413 -0.0923 0.7617
vn 0.6390 -0.0932 0.7635
vn 0.6313 -0.1095 0.7678
vn 0.6374 -0.1271 0.7599
vn -0.7500 -0.5173 0.4123
vn -0.7456 -0.5214 0.4150
vn 0.4384 -0.0909 0.8942
vn 0.3701 -0.0713 0.9262
vn -0.6157 -0.4278 0.6617
vn -0.6176 -0.4279 0.6599
vn -0.4899 -0.3162 0.8124
vn -0.4085 -0.3043 0.8605
vn 0.6305 -0.1403 0.7634
vn 0.5332 -0.1373 0.8348
vn -0.2599 -0.1722 0.9502
vn -0.2626 -0.1657 0.9506
vn 0.3155 -0.0824 0.9453
vn 0.7165 -0.1933 0.6703
vn -0.7816 -0.4744 0.4051
vn -0.7658 -0.4904 0.4159
vn 0.5309 -0.5417 0.6518
vn 0.5212 -0.5585 0.6453
vn 0.4965 -0.5672 0.6571
vn -0.6470 -0.3827 0.6595
vn -0.6457 -0.3817 0.6614
vn 0.9111 -0.2372 0.3372
vn 0.8660 -0.2876 0.4092
vn 0.9094 -0.2478 0.3342
vn 0.8633 -0.2889 0.4138
vn -0.4620 -0.2602 0.8478
vn 0.7075 -0.2217 0.6710
vn 0.7966 -0.2092 0.5671
vn 0.6335 -0.2323 0.7380
vn -0.7722 -0.4197 0.4770
vn -0.8485 -0.4837 0.2146
vn -0.8621 -0.4618 0.2084
vn -0.8584 -0.4682 0.2098
vn 0.4885 -0.5846 0.6478
vn 0.4749 -0.5896 0.6533
vn 0.4138 -0.1536 0.8973
vn 0.4610 -0.6086 0.6459
vn 0.5387 -0.7231 0.4324
vn 0.5665 -0.7041 0.4282
vn 0.5450 -0.7186 0.4319
vn 0.4620 -0.6110 0.6428
vn 0.2881 -0.1075 0.9516
vn 0.5107 -0.7406 0.4367
vn 0.4239 -0.6257 0.6549
vn -0.8120 -0.3997 0.4254
vn 0.4210 -0.6266 0.6559
vn 0.8457 -0.3374 0.4134
vn 0.8461 -0.3361 0.4138
vn -0.7042 -0.3287 0.6294
vn -0.6369 -0.3431 0.6904
vn 0.6797 -0.2823 0.6770
vn -0.8714 -0.4465 0.2031
vn -0.5016 -0.2350 0.8325
vn -0.5035 -0.2346 0.8315
vn 0.1561 -0.3957 0.9050
vn 0.2290 -0.5011 0.8345
vn 0.1313 -0.3013 0.9444
vn -0.2944 -0.1410 0.9452
vn -0.2960 -0.1394 0.9450
vn 0.2407 -0.6020 0.7614
vn 0.3080 -0.6827 0.6626
vn 0.2385 -0.6001 0.7635
vn 0.2206 -0.6011 0.7681
vn -0.0583 -0.0285 0.9979
vn 0.2086 -0.6151 0.7604
vn -0.8660 -0.3771 0.3284
vn -0.8459 -0.3971 0.3560
vn 0.8251 -0.3852 0.4132
vn 0.8272 -0.3858 0.4085
vn 0.1405 -0.4252 0.8941
vn 0.1238 -0.3554 0.9265
vn -0.6887 -0.2812 0.6683
vn 0.6786 -0.3197 0.6613
vn 0.6801 -0.3220 0.6586
vn 0.5187 -0.2661 0.8125
vn 0.4679 -0.2019 0.8604
vn 0.1938 -0.6157 0.7638
vn 0.1476 -0.5303 0.8349
vn -0.8729 -0.3470 0.3429
vn 0.2854 -0.1464 0.9472
vn 0.0864 -0.3143 0.9454
vn 0.2839 -0.1487 0.9472
vn 0.1908 -0.7173 0.6701
vn 0.8197 -0.4485 0.3563
vn 0.8252 -0.4481 0.3438
vn -0.8890 -0.3229 0.3247
vn -0.2035 -0.7307 0.6517
vn -0.2228 -0.7308 0.6452
vn -0.2431 -0.7135 0.6572
vn 0.6641 -0.3797 0.6441
vn 0.6656 -0.3726 0.6466
vn -0.7403 -0.2458 0.6258
vn -0.6945 -0.2696 0.6670
vn 0.4564 -0.2702 0.8478
vn -0.5261 -0.1784 0.8315
vn -0.5277 -0.1772 0.8307
vn -0.8934 -0.2927 0.3408
vn -0.2618 -0.7149 0.6484
vn -0.2729 -0.7059 0.6536
vn -0.3033 -0.1115 0.9463
vn -0.2981 -0.0936 0.9499
vn 0.0411 -0.0210 0.9989
vn -0.2966 -0.7034 0.6459
vn -0.3500 -0.8312 0.4320
vn -0.2982 -0.7056 0.6429
vn 0.7821 -0.4790 0.3985
vn -0.9112 -0.2647 0.3158
vn -0.7245 -0.2045 0.6582
vn -0.3247 -0.6813 0.6560
vn 0.7787 -0.5182 0.3538
vn -0.9073 -0.2404 0.3449
vn 0.6374 -0.4439 0.6299
vn 0.6322 -0.3919 0.6684
vn 0.4543 -0.3168 0.8326
vn 0.4549 -0.3186 0.8316
vn 0.7688 -0.5367 0.3476
vn -0.4008 -0.5090 0.7618
vn -0.4004 -0.5064 0.7637
vn 0.2569 -0.1741 0.9506
vn 0.2542 -0.1771 0.9508
vn -0.4105 -0.4916 0.7680
vn -0.4287 -0.4885 0.7600
vn -0.7441 -0.1724 0.6455
vn -0.7347 -0.1888 0.6516
vn 0.7596 -0.5632 0.3254
vn -0.5592 -0.1422 0.8167
vn 0.5885 -0.4559 0.6677
vn -0.4364 -0.4757 0.7637
vn 0.7367 -0.5827 0.3432
vn 0.7240 -0.6085 0.3249
vn -0.7394 -0.1462 0.6572
vn 0.5830 -0.5189 0.6252
vn 0.5812 -0.4670 0.6664
vn -0.7501 -0.1307 0.6482
vn -0.7479 -0.1167 0.6535
vn 0.4176 -0.3665 0.8315
vn 0.4172 -0.3683 0.8308
vn 0.6997 -0.6273 0.3418
vn -0.7576 -0.0949 0.6458
vn 0.2411 -0.2114 0.9472
vn 0.2401 -0.2139 0.9469
vn -0.8948 -0.1127 0.4320
vn -0.7604 -0.0946 0.6425
vn -0.9750 -0.0545 0.2156
vn -0.7534 -0.0579 0.6550
vn 0.6851 -0.6557 0.3174
vn -0.7507 -0.0546 0.6584
vn -0.5563 -0.0416 0.8299
vn 0.5395 -0.5253 0.6580
vn 0.0332 -0.0303 0.9990
vn 0.6769 -0.6752 0.2930
vn 0.2007 -0.0390 0.9789
vn 0.8095 -0.1286 0.5729
vn 0.6448 -0.6902 0.3284
vn 0.6211 -0.6554 0.4299
vn 0.8036 -0.1701 0.5703
vn 0.8129 -0.1491 0.5630
vn 0.4028 -0.4132 0.8167
vn 0.3894 -0.4185 0.8205
vn 0.2267 -0.2415 0.9435
vn 0.2304 -0.2351 0.9443
vn 0.8022 -0.1801 0.5693
vn 0.0672 -0.1932 0.9789
vn 0.3777 -0.4274 0.8214
vn 0.3631 -0.4302 0.8265
vn 0.3580 -0.4495 0.8184
vn 0.3412 -0.4505 0.8250
vn 0.3357 -0.4550 0.8248
vn 0.5519 -0.8061 0.2138
vn 0.5347 -0.8171 0.2157
vn 0.5507 -0.8074 0.2117
vn 0.4921 -0.7484 0.4446
vn 0.4149 -0.7402 0.5292
vn 0.4739 -0.7706 0.4262
vn 0.3206 -0.4640 0.8258
vn 0.3120 -0.4814 0.8191
vn 0.3247 -0.5757 0.7504
vn 0.2180 -0.3873 0.8958
vn 0.1587 -0.2760 0.9480
vn 0.4099 -0.8106 0.4182
vn 0.2935 -0.7652 0.5730
vn 0.3229 -0.0447 0.9454
vn 0.2546 -0.7812 0.5700
vn 0.2774 -0.7786 0.5629
vn 0.0262 -0.0479 0.9985
vn 0.2453 -0.7849 0.5690
vn 0.2170 -0.7948 0.5667
vn -0.1679 -0.5466 0.8204
vn -0.1564 -0.5553 0.8168
vn -0.1813 -0.5407 0.8215
vn 0.6500 -0.7310 0.2076
vn 0.6331 -0.7414 0.2225
vn -0.1914 -0.5303 0.8259
vn -0.2102 -0.5348 0.8184
vn 0.6195 -0.7607 0.1937
vn 0.5989 -0.7707 0.2175
vn 0.5813 -0.7915 0.1888
vn -0.2195 -0.5207 0.8250
vn -0.2263 -0.5178 0.8250
vn -0.2416 -0.5092 0.8260
vn -0.2609 -0.5109 0.8191
vn 0.2493 -0.9078 0.3374
vn 0.1851 -0.8935 0.4091
vn 0.2419 -0.9124 0.3302
vn 0.1804 -0.8924 0.4136
vn 0.1616 -0.7235 0.6711
vn 0.1156 -0.6644 0.7383
vn 0.0739 -0.4352 0.8973
vn -0.5160 -0.6367 0.5731
vn 0.0510 -0.3033 0.9515
vn -0.5493 -0.6110 0.5700
vn -0.5355 -0.6294 0.5631
vn 0.1298 -0.9017 0.4125
vn 0.1345 -0.8998 0.4151
vn 0.0954 -0.7298 0.6770
vn -0.5571 -0.6048 0.5691
vn 0.1011 -0.9800 0.1715
vn 0.0937 -0.9779 0.1870
vn 0.0552 -0.9623 0.2663
vn -0.3080 -0.9284 0.2078
vn -0.2459 -0.9238 0.2934
vn -0.3257 -0.9189 0.2224
vn 0.0780 -0.8945 0.4402
vn 0.0789 -0.8934 0.4424
vn 0.0625 -0.7477 0.6611
vn 0.0617 -0.7495 0.6592
vn -0.3490 -0.9168 0.1941
vn -0.3678 -0.9041 0.2176
vn -0.5600 -0.0878 0.8238
vn 0.0289 -0.5825 0.8123
vn 0.0590 -0.5061 0.8604
vn 0.0153 -0.3203 0.9472
vn 0.0126 -0.3197 0.9474
vn 0.0487 -0.9589 0.2795
vn 0.0140 -0.8966 0.4426
vn 0.0137 -0.8964 0.4431
vn 0.0081 -0.7515 0.6597
vn 0.0079 -0.7499 0.6615
vn -0.0058 -0.5307 0.8476
vn 0.0103 -0.9904 0.1379
vn 0.0021 -0.0445 0.9990
vn 0.8191 -0.1118 0.5627
vn -0.0460 -0.9788 0.1998
vn -0.0449 -0.8932 0.4473
vn -0.0413 -0.8974 0.4393
vn 0.9197 -0.2121 0.3303
vn -0.0674 -0.7741 0.6295
vn -0.0213 -0.7231 0.6904
vn -0.0503 -0.9804 0.1903
vn -0.0472 -0.5516 0.8328
vn -0.0485 -0.5531 0.8317
vn -0.0314 -0.3138 0.9490
vn -0.0187 -0.3082 0.9511
vn -0.9628 -0.2049 0.1759
vn -0.9620 -0.2018 0.1841
vn -0.9563 -0.1775 0.2323
vn -0.1079 -0.9382 0.3288
vn -0.0887 -0.9357 0.3414
vn -0.9682 -0.1566 0.1950
vn -0.9669 -0.1336 0.2176
vn -0.1007 -0.7368 0.6686
vn -0.1360 -0.9295 0.3429
vn -0.1648 -0.9313 0.3249
vn -0.1573 -0.7644 0.6253
vn -0.1138 -0.7370 0.6663
vn -0.1085 -0.5446 0.8316
vn -0.1104 -0.5456 0.8308
vn -0.1932 -0.9200 0.3410
vn 0.3126 -0.7651 0.5629
vn -0.0686 -0.3338 0.9401
vn -0.0697 -0.3336 0.9401
vn -0.2253 -0.9215 0.3164
vn -0.1853 -0.7297 0.6582
vn 0.5921 -0.6749 0.4404
vn 0.5910 -0.6748 0.4420
vn -0.0231 -0.1120 0.9934
vn -0.0891 -0.3187 0.9437
vn -0.0961 -0.3186 0.9430
vn 0.5730 -0.6969 0.4313
vn -0.5062 -0.6529 0.5635
vn 0.9786 0.2057 -0.0006
vn 0.9686 0.2485 0.0014
vn 0.9805 0.1966 0.0007
vn 0.9656 0.2600 -0.0022
vn 0.9960 0.0895 0.0013
vn 0.9948 0.1018 -0.0010
vn -0.3968 -0.9179 -0.0056
vn -0.3845 -0.9231 -0.0071
vn -0.4765 -0.8792 0.0048
vn -0.4890 -0.8723 0.0065
vn 0.8380 -0.5457 -0.0004
vn 0.8461 -0.5329 -0.0039
vn 0.8477 -0.5305 -0.0046
vn 0.8366 -0.5478 0.0002
vn -0.6683 -0.7439 -0.0063
vn -0.6630 -0.7486 -0.0073
vn -0.7101 -0.7041 0.0019
vn -0.7166 -0.6975 0.0032
vn 0.5825 -0.8128 -0.0073
vn 0.6773 -0.7357 0.0067
vn 0.5748 -0.8182 0.0054
vn -0.8680 -0.4965 -0.0045
vn -0.8516 -0.5241 0.0009
vn -0.8542 -0.5199 0.0001
vn -0.8698 -0.4934 -0.0051
vn 0.5602 -0.8283 -0.0070
vn 0.4626 -0.8866 0.0064
vn -0.9765 -0.2155 -0.0016
vn -0.9661 -0.2580 0.0045
vn -0.9674 -0.2533 0.0039
vn -0.9775 -0.2109 -0.0024
vn 0.2460 -0.9693 -0.0049
vn 0.2615 -0.9652 -0.0071
vn 0.1632 -0.9866 0.0072
vn 0.1490 -0.9888 0.0093
vn -1.0000 0.0040 0.0009
vn -1.0000 0.0039 0.0008
vn -1.0000 0.0047 0.0011
vn -1.0000 0.0054 0.0011
vn -0.0653 -0.9978 -0.0099
vn -0.2194 -0.9756 0.0083
vn -0.9904 0.1384 0.0024
vn -0.9857 0.1682 -0.0025
vn -0.9727 0.2320 0.0015
vn -0.9740 0.2267 -0.0005
vn -0.0784 0.9969 -0.0042
vn -0.1023 0.9947 0.0046
vn 0.0257 0.9997 0.0047
vn 0.1722 0.9850 -0.0047
vn 0.1546 0.9880 0.0035
vn -1.0000 -0.0005 0.0058
vn -0.9998 0.0212 0.0013
vn -0.9998 0.0189 0.0017
vn -1.0000 -0.0039 0.0065
vn 0.2858 0.9583 -0.0070
vn -0.9776 0.2102 -0.0076
vn 0.5583 0.8296 -0.0068
vn 0.4534 0.8913 0.0077
vn 0.5708 0.8211 0.0060
vn -0.8776 0.4793 -0.0041
vn -0.9166 0.3997 0.0106
vn -0.9112 0.4118 0.0084
vn 0.5825 0.8128 -0.0073
vn 0.6773 0.7357 0.0067
vn -0.8698 0.4934 -0.0068
vn -0.6676 0.7445 -0.0002
vn -0.6861 0.7275 0.0049
vn -0.6836 0.7298 0.0042
vn 0.8380 0.5457 -0.0004
vn 0.8477 0.5305 -0.0046
vn 0.8461 0.5329 -0.0039
vn 0.8366 0.5478 0.0002
vn -0.6643 0.7475 -0.0011
vn -0.4172 0.9088 -0.0001
vn -0.3886 0.9214 0.0046
vn -0.3850 0.9229 0.0052
vn -0.4220 0.9066 -0.0009
vn -0.2155 0.9765 -0.0058
vn -0.9761 -0.2172 -0.0032
vn -0.9629 -0.2700 -0.0014
vn -0.9749 -0.2227 0.0006
vn -0.9605 -0.2781 -0.0041
vn -0.9930 -0.1183 0.0021
vn -0.9956 -0.0941 -0.0029
vn -0.9999 -0.0132 0.0026
vn -0.9999 0.0132 -0.0026
vn -0.9949 0.1012 0.0035
vn -0.9921 0.1257 -0.0024
vn -0.9843 0.1763 0.0026
vn -0.9816 0.1909 -0.0041
vn 0.4904 0.8715 -0.0020
vn 0.4850 0.8745 -0.0006
vn 0.4859 0.8740 -0.0009
vn 0.4912 0.8710 -0.0022
vn -0.9115 0.4114 -0.0003
vn -0.9208 0.3901 0.0052
vn -0.9191 0.3939 0.0042
vn -0.9095 0.4158 -0.0014
vn 0.7595 0.6505 0.0011
vn 0.7558 0.6548 0.0021
vn 0.7566 0.6539 0.0021
vn 0.7599 0.6501 0.0006
vn -0.6900 0.7238 -0.0004
vn -0.6914 0.7225 -0.0009
vn -0.6832 0.7303 0.0017
vn -0.6818 0.7316 0.0022
vn 0.9346 0.3557 -0.0022
vn 0.9476 0.3195 0.0054
vn 0.9498 0.3129 0.0067
vn 0.9318 0.3631 -0.0037
vn -0.4251 0.9052 -0.0012
vn -0.4279 0.9038 -0.0017
vn -0.4046 0.9145 0.0021
vn 0.9992 0.0385 -0.0061
vn -0.4019 0.9157 0.0026
vn -0.1979 0.9802 -0.0022
vn -0.2042 0.9789 -0.0030
vn -0.1541 0.9880 0.0039
vn -0.1485 0.9889 0.0047
vn 0.1265 0.9919 -0.0049
vn 0.1201 0.9927 -0.0062
vn 0.1621 0.9868 0.0022
vn 0.1689 0.9856 0.0036
vn 0.9723 0.2335 0.0019
vn 0.9879 0.1554 0.0022
vn 0.9733 0.2293 0.0003
vn 0.9865 0.1636 -0.0015
vn 0.9958 0.0913 -0.0012
vn 0.9972 0.0742 0.0045
vn 0.9953 -0.0963 -0.0034
vn 0.9940 -0.1091 0.0006
vn 0.9860 -0.1668 -0.0017
vn 0.9846 -0.1748 0.0002
vn 0.9720 -0.2351 -0.0012
vn 0.9721 -0.2344 -0.0013
vn 0.9992 0.0387 -0.0063
vn -0.1509 0.7054 0.6926
vn -0.1537 0.6971 0.7003
vn -0.1467 0.7171 0.6814
vn -0.1449 0.7218 0.6767
vn 0.0557 0.7009 0.7111
vn 0.0413 0.6855 0.7269
vn 0.0829 0.7289 0.6796
vn 0.0946 0.7405 0.6654
vn -0.7188 0.0130 0.6951
vn -0.7015 -0.0011 0.7126
vn -0.7458 0.0360 0.6652
vn 0.1903 0.6404 0.7441
vn -0.7567 0.0457 0.6522
vn -0.6551 0.1408 0.7423
vn 0.3334 0.6877 0.6449
vn 0.3699 0.5300 0.7631
vn -0.7007 0.2949 0.6497
vn -0.5725 0.3247 0.7529
vn 0.5523 0.5533 0.6235
vn 0.5380 0.3541 0.7650
vn -0.5703 0.5038 0.6487
vn -0.4401 0.4927 0.7507
vn -0.3131 0.6314 0.7094
vn -0.3797 0.6586 0.6496
vn -0.3593 0.6508 0.6688
vn -0.2858 0.6190 0.7315
vn 0.6740 0.3271 0.6624
vn 0.6645 0.1721 0.7272
vn 0.6507 0.1741 0.7391
vn 0.7346 0.1537 0.6609
vn 0.6941 0.0932 0.7138
vn 0.7209 0.0527 0.6911
vn -0.6990 0.1634 0.6962
vn -0.6983 0.1056 0.7080
vn -0.6957 0.1614 0.7000
vn -0.7023 0.0767 0.7078
vn -0.6613 0.0090 0.7501
vn -0.6548 0.0070 0.7558
vn -0.7615 -0.0891 0.6421
vn -0.6786 -0.1383 0.7214
vn -0.7431 -0.0999 0.6617
vn -0.6907 -0.1652 0.7040
vn -0.6985 -0.1706 0.6950
vn -0.2528 -0.6060 0.7542
vn -0.3806 -0.6600 0.6477
vn -0.4360 -0.4922 0.7535
vn 0.5650 -0.3498 0.7473
vn 0.6206 -0.3392 0.7069
vn 0.5380 -0.3541 0.7650
vn -0.5703 -0.5038 0.6487
vn 0.5523 -0.5533 0.6236
vn -0.5725 -0.3247 0.7529
vn 0.3699 -0.5300 0.7631
vn -0.7007 -0.2949 0.6497
vn 0.3334 -0.6877 0.6449
vn -0.6551 -0.1408 0.7423
vn -0.7188 -0.0130 0.6951
vn -0.7567 -0.0457 0.6522
vn -0.7458 -0.0360 0.6652
vn -0.7015 0.0011 0.7126
vn 0.1716 -0.6330 0.7549
vn 0.0964 -0.7575 0.6456
vn -0.0427 -0.6549 0.7545
vn 0.6545 -0.3318 0.6794
vn -0.1502 -0.7479 0.6466
vn 0.3174 0.5613 0.7644
vn -0.6136 0.2875 0.7354
vn -0.6065 0.2750 0.7460
vn -0.6342 0.3231 0.7024
vn 0.4550 0.6291 0.6303
vn -0.6432 0.3396 0.6863
vn 0.4999 0.4273 0.7534
vn 0.6290 0.4246 0.6512
vn -0.4808 0.5013 0.7194
vn -0.5007 0.5077 0.7011
vn -0.4952 0.5059 0.7064
vn -0.4756 0.4994 0.7242
vn 0.6154 0.2411 0.7504
vn 0.7408 0.1981 0.6419
vn -0.3096 0.6486 0.6954
vn -0.3205 0.6559 0.6834
vn -0.3173 0.6540 0.6867
vn -0.3044 0.6451 0.7008
vn 0.0792 0.6513 0.7547
vn 0.1617 0.7433 0.6491
vn -0.1293 0.6922 0.7101
vn -0.1415 0.6674 0.7311
vn -0.1046 0.7399 0.6646
vn 0.6614 0.0254 0.7496
vn -0.0948 0.7575 0.6459
vn 0.7608 0.0567 0.6465
vn 0.6329 0.1199 0.7649
vn 0.7088 0.1361 0.6921
vn 0.6241 0.1137 0.7730
vn 0.7264 0.1020 0.6796
vn -0.6242 -0.1805 0.7601
vn -0.6957 -0.0913 0.7125
vn -0.7497 -0.1494 0.6447
vn -0.7431 -0.1457 0.6531
vn -0.7233 -0.0490 0.6888
vn -0.6908 0.0293 0.7224
vn -0.7063 -0.0081 0.7079
vn -0.7509 0.0860 0.6548
vn -0.7605 0.0916 0.6429
vn -0.7170 0.1793 0.6737
vn -0.6507 0.1314 0.7479
vn -0.6416 0.1250 0.7568
vn -0.7270 0.1872 0.6606
vn 0.7100 0.0427 0.7029
vn 0.6919 0.0263 0.7215
vn -0.5957 -0.2692 0.7568
vn -0.7267 -0.1190 0.6765
vn -0.7117 -0.0912 0.6965
vn -0.7433 -0.1525 0.6514
vn 0.7120 -0.0917 0.6961
vn 0.6874 -0.0485 0.7247
vn 0.7268 -0.1189 0.6765
vn -0.6872 -0.0482 0.7249
vn 0.7432 -0.1524 0.6515
vn 0.5957 -0.2690 0.7568
vn 0.6042 -0.4747 0.6400
vn 0.4523 -0.4915 0.7442
vn 0.3148 -0.6452 0.6961
vn 0.3354 -0.6512 0.6807
vn 0.3241 -0.6479 0.6893
vn 0.2984 -0.6404 0.7077
vn 0.0472 -0.6907 0.7216
vn 0.0590 -0.7050 0.7068
vn 0.0387 -0.6807 0.7315
vn 0.0662 -0.7135 0.6975
vn -0.3053 -0.6747 0.6720
vn -0.2933 -0.6677 0.6842
vn -0.2830 -0.6616 0.6943
vn -0.3109 -0.6778 0.6662
vn -0.4539 -0.4913 0.7433
vn -0.6043 -0.4747 0.6399
vn -0.7267 -0.1189 0.6766
vn -0.7120 -0.0914 0.6962
vn -0.7432 -0.1524 0.6515
vn 0.7121 -0.0916 0.6961
vn 0.6875 -0.0484 0.7246
vn 0.7266 -0.1188 0.6768
vn -0.6872 -0.0483 0.7248
vn 0.7433 -0.1525 0.6513
vn 0.5957 -0.2693 0.7567
vn 0.6043 -0.4746 0.6400
vn 0.4525 -0.4914 0.7442
vn 0.3145 -0.6805 0.6618
vn 0.3114 -0.6787 0.6652
vn 0.3127 -0.6795 0.6637
vn 0.3175 -0.6821 0.6588
vn 0.0359 -0.6402 0.7674
vn -0.0700 -0.7556 0.6513
vn -0.3148 -0.6450 0.6963
vn -0.2921 -0.6381 0.7123
vn -0.2693 -0.6306 0.7279
vn -0.3354 -0.6510 0.6810
vn -0.4542 -0.4916 0.7430
vn -0.6041 -0.4747 0.6401
vn -0.5957 -0.2693 0.7567
vn -0.7266 -0.1188 0.6768
vn -0.7121 -0.0916 0.6961
vn -0.7433 -0.1525 0.6513
vn 0.7120 -0.0914 0.6962
vn 0.6872 -0.0483 0.7248
vn 0.7267 -0.1189 0.6766
vn -0.6875 -0.0484 0.7246
vn 0.5957 -0.2692 0.7568
vn 0.4527 -0.4914 0.7440
vn 0.3142 -0.6453 0.6963
vn 0.3357 -0.6514 0.6804
vn 0.3241 -0.6481 0.6891
vn 0.2980 -0.6404 0.7079
vn 0.0472 -0.6905 0.7217
vn 0.0590 -0.7051 0.7067
vn 0.0392 -0.6807 0.7315
vn 0.0662 -0.7136 0.6974
vn -0.3050 -0.6745 0.6724
vn -0.3111 -0.6780 0.6660
vn -0.4543 -0.4912 0.7432
vn -0.6042 -0.4746 0.6401
vn -0.5937 -0.2547 0.7633
vn -0.7495 -0.1535 0.6440
vn 0.7117 -0.0912 0.6965
vn 0.6872 -0.0482 0.7249
vn 0.7267 -0.1190 0.6765
vn 0.7433 -0.1525 0.6514
vn 0.6041 -0.4745 0.6403
vn 0.4525 -0.4916 0.7440
vn 0.3144 -0.6805 0.6619
vn 0.3115 -0.6788 0.6650
vn 0.3128 -0.6795 0.6637
vn 0.3175 -0.6821 0.6587
vn -0.0700 -0.7560 0.6508
vn -0.3149 -0.6451 0.6962
vn -0.2922 -0.6382 0.7122
vn -0.3355 -0.6512 0.6808
vn -0.4543 -0.4915 0.7430
vn -0.6041 -0.4745 0.6403
s 1
usemtl Part__Mirroring_004_001.001
f 3//1 4//2 1//3
f 3//1 1//3 2//4
f 5//5 982//5 6//5
f 6//6 7//6 5//6
f 7//7 6//7 8//7
f 9//8 7//8 8//8
f 9//9 8//9 10//9
f 12//10 9//11 10//12
f 12//10 10//12 11//13
f 12//14 11//15 14//16
f 14//16 13//17 12//14
f 16//18 15//19 13//20
f 16//18 13//20 14//21
f 15//22 16//23 2//24
f 2//24 1//25 15//22
f 19//26 20//27 17//28
f 19//26 17//28 18//29
f 22//30 23//31 21//32
f 23//31 22//30 24//33
f 25//34 24//35 26//36
f 25//34 23//37 24//35
f 28//38 25//39 26//40
f 28//38 26//40 27//41
f 28//42 27//42 29//42
f 29//43 30//43 28//43
f 32//44 31//45 30//46
f 32//44 30//46 29//47
f 31//48 32//49 18//50
f 18//50 17//51 31//48
f 35//52 36//53 33//54
f 35//52 33//54 34//55
f 38//56 39//57 37//58
f 39//57 38//56 40//59
f 41//60 40//35 42//61
f 41//60 39//62 40//35
f 44//63 41//39 42//64
f 44//63 42//64 43//65
f 44//66 43//66 45//66
f 45//67 46//67 44//67
f 48//68 47//69 46//70
f 48//68 46//70 45//71
f 47//48 48//72 34//50
f 34//50 33//73 47//48
f 51//74 52//75 49//76
f 51//74 49//76 50//77
f 54//78 55//57 53//79
f 55//57 54//78 56//80
f 57//81 56//82 58//83
f 57//81 55//84 56//82
f 60//85 57//86 58//87
f 60//85 58//87 59//41
f 60//88 59//88 61//88
f 61//89 62//89 60//89
f 64//90 63//69 62//91
f 64//90 62//91 61//92
f 63//48 64//72 50//50
f 50//50 49//93 63//48
f 67//94 65//94 66//94
f 67//95 66//95 68//95
f 71//96 70//97 72//98
f 71//96 69//99 70//97
f 73//100 67//100 68//100
f 73//101 68//101 74//101
f 71//102 72//103 75//104
f 76//105 73//105 74//105
f 77//106 71//102 75//104
f 76//107 74//107 78//107
f 77//108 75//108 79//108
f 80//109 76//109 78//109
f 81//110 77//110 79//110
f 65//111 83//112 82//113
f 65//111 82//113 66//114
f 81//115 79//116 82//117
f 83//118 81//115 82//117
f 89//119 84//120 85//121
f 88//122 84//120 89//119
f 84//120 86//123 85//121
f 85//124 86//124 87//124
f 89//119 1187//125 88//122
f 92//126 91//127 90//128
f 93//129 91//130 92//131
f 94//132 93//129 92//131
f 95//133 93//129 94//132
f 96//134 93//129 95//133
f 68//135 105//136 97//137
f 68//135 66//138 105//136
f 70//139 98//140 99//141
f 72//142 70//139 99//141
f 74//143 97//144 100//145
f 74//143 68//146 97//144
f 75//147 99//148 101//149
f 75//147 72//150 99//148
f 75//151 101//152 102//153
f 78//154 74//155 100//156
f 79//157 75//151 102//153
f 78//154 100//156 103//158
f 79//159 102//160 104//161
f 82//162 79//159 104//161
f 82//163 104//164 105//165
f 66//166 82//163 105//165
f 88//167 1597//168 106//169
f 107//170 108//171 109//172
f 110//173 108//171 107//170
f 109//172 111//174 112//175
f 108//171 111//174 109//172
f 92//176 90//177 113//178
f 92//176 113//178 114//179
f 94//180 92//176 114//179
f 94//180 114//179 115//181
f 95//182 94//180 115//181
f 181//183 123//184 120//185
f 382//186 123//184 181//183
f 118//187 119//188 126//189
f 119//188 133//190 126//189
f 122//191 128//192 127//193
f 131//194 129//195 136//196
f 125//197 129//195 131//194
f 303//198 131//199 132//200
f 122//191 130//201 128//192
f 124//202 130//201 122//191
f 133//190 138//203 126//189
f 126//189 138//203 134//204
f 131//194 136//196 140//205
f 124//206 120//207 130//208
f 134//204 138//203 144//209
f 132//200 141//210 142//211
f 128//192 352//212 183//213
f 130//201 352//212 128//192
f 130//201 145//214 352//212
f 141//215 140//205 150//216
f 142//211 141//210 147//217
f 130//208 146//218 145//219
f 120//207 146//218 130//208
f 144//209 148//220 149//221
f 120//185 153//222 146//223
f 144//224 149//221 151//225
f 123//184 153//222 120//185
f 123//184 157//226 153//222
f 382//227 157//228 123//229
f 320//230 154//231 214//232
f 155//233 154//231 320//230
f 325//234 155//233 320//230
f 158//235 159//236 160//237
f 160//237 161//238 162//239
f 166//240 156//241 153//222
f 162//239 164//242 165//243
f 166//240 153//222 170//244
f 340//245 341//246 339//247
f 167//248 341//246 340//245
f 167//249 169//250 168//251
f 342//252 169//250 340//245
f 173//253 163//254 166//240
f 175//255 177//256 178//257
f 173//253 170//244 332//258
f 166//240 170//244 173//253
f 178//257 179//259 180//260
f 180//260 382//186 181//183
f 354//261 185//262 352//212
f 182//263 185//262 187//264
f 356//265 188//266 354//261
f 187//264 188//266 116//267
f 117//268 176//269 116//270
f 117//268 189//271 176//269
f 121//272 189//273 117//274
f 186//275 193//276 190//277
f 131//194 140//205 137//278
f 137//278 140//205 141//215
f 121//272 191//279 189//273
f 141//215 150//216 152//280
f 184//281 191//279 121//272
f 193//276 201//282 190//277
f 190//277 201//282 194//283
f 184//281 197//284 191//279
f 198//285 200//286 199//287
f 173//253 197//284 184//281
f 198//288 202//289 200//290
f 173//253 204//291 197//284
f 194//283 201//282 203//292
f 332//258 204//291 173//253
f 206//293 211//294 202//295
f 200//286 210//296 199//287
f 207//297 211//298 206//299
f 189//271 212//300 176//269
f 176//269 212//300 196//301
f 200//286 214//232 210//296
f 203//292 213//302 215//303
f 207//297 219//304 211//298
f 203//305 215//306 216//307
f 207//297 209//308 219//304
f 202//309 217//310 200//311
f 200//311 217//310 214//312
f 232//313 204//291 332//258
f 189//273 191//279 212//314
f 202//295 211//294 217//315
f 220//316 211//298 219//304
f 211//294 221//317 217//315
f 220//318 221//317 211//294
f 220//318 224//319 221//317
f 226//320 224//319 220//318
f 212//300 223//321 196//301
f 196//301 223//321 218//322
f 226//323 220//316 228//324
f 191//279 225//325 212//314
f 212//314 225//325 223//326
f 191//279 229//327 225//328
f 197//284 229//327 191//279
f 226//320 227//329 224//319
f 231//330 227//329 226//320
f 204//291 232//331 197//284
f 197//284 232//331 229//332
f 231//330 226//323 236//333
f 231//330 235//334 227//329
f 218//322 240//335 230//336
f 223//321 240//335 218//322
f 225//325 241//337 223//326
f 238//338 239//339 242//340
f 223//326 241//337 240//341
f 329//342 234//343 233//344
f 329//342 243//345 234//343
f 225//328 229//327 241//346
f 235//334 243//347 329//348
f 235//334 246//349 243//347
f 230//336 240//335 247//350
f 230//351 247//352 245//353
f 242//340 244//354 250//355
f 231//330 246//349 235//334
f 231//330 249//356 246//349
f 244//354 251//357 250//355
f 236//333 249//356 231//330
f 347//358 250//359 252//360
f 250//355 251//357 252//361
f 236//333 253//362 249//356
f 319//363 253//362 236//333
f 347//358 252//360 254//364
f 252//361 251//357 254//365
f 240//335 255//366 247//350
f 251//357 257//367 254//365
f 243//345 258//368 234//343
f 234//343 258//368 248//369
f 240//341 259//370 255//371
f 241//337 259//370 240//341
f 243//347 246//349 258//372
f 247//352 260//373 245//353
f 241//346 262//374 259//375
f 229//327 262//374 241//346
f 267//376 261//377 265//378
f 229//332 266//379 262//380
f 232//331 266//379 229//332
f 261//377 268//381 264//382
f 267//383 268//381 261//377
f 267//383 271//384 268//381
f 292//385 266//386 232//313
f 247//350 269//387 260//388
f 270//389 271//384 267//383
f 255//366 269//387 247//350
f 248//369 272//390 263//391
f 258//368 272//390 248//369
f 270//392 267//376 276//393
f 255//371 259//370 269//394
f 246//349 273//395 258//372
f 258//372 273//395 272//396
f 249//356 277//397 246//349
f 246//349 277//397 273//398
f 270//389 275//399 271//384
f 278//400 275//399 270//389
f 260//388 269//387 274//401
f 253//362 280//402 249//356
f 278//400 270//392 282//403
f 249//356 280//402 277//404
f 278//400 281//405 275//399
f 263//391 284//406 279//407
f 269//387 285//408 274//401
f 272//390 284//406 263//391
f 119//409 283//410 133//411
f 273//395 286//412 272//396
f 259//370 287//413 269//394
f 272//396 286//412 284//414
f 269//394 287//413 285//415
f 273//398 277//397 286//416
f 259//375 290//417 287//418
f 262//374 290//417 259//375
f 274//401 285//408 288//419
f 133//411 289//420 138//421
f 262//380 292//422 290//423
f 266//379 292//422 262//380
f 301//424 280//425 253//426
f 289//420 293//427 138//421
f 144//209 138//203 143//428
f 138//421 293//427 143//429
f 284//406 291//430 279//407
f 285//408 294//431 288//419
f 144//209 143//428 148//220
f 143//429 293//427 148//220
f 285//415 287//413 294//432
f 293//427 295//433 148//220
f 284//406 300//434 291//430
f 288//419 294//431 296//435
f 284//414 297//436 300//437
f 286//412 297//436 284//414
f 277//397 299//438 286//416
f 286//416 299//438 297//439
f 291//430 300//434 298//440
f 156//241 146//223 153//222
f 146//218 302//441 145//219
f 156//442 302//441 146//218
f 277//404 301//443 299//444
f 280//402 301//443 277//404
f 294//431 190//277 296//435
f 294//431 186//275 190//277
f 156//442 304//445 302//441
f 163//446 304//445 156//442
f 287//413 303//447 294//432
f 294//432 303//447 186//448
f 300//434 305//449 298//440
f 163//254 156//241 166//240
f 290//417 125//450 287//418
f 287//418 125//450 303//198
f 292//422 129//195 290//423
f 290//423 129//195 125//197
f 300//437 297//436 305//451
f 163//446 306//452 304//445
f 184//281 306//452 163//446
f 298//440 305//449 307//453
f 184//281 163//254 173//253
f 184//281 121//272 306//452
f 305//449 308//454 307//453
f 186//448 303//447 193//455
f 305//451 309//456 308//457
f 297//436 309//456 305//451
f 193//455 132//458 201//459
f 299//438 311//460 297//439
f 297//439 311//460 309//461
f 307//453 308//454 310//462
f 301//443 312//463 299//444
f 132//458 142//464 201//459
f 299//444 312//463 311//465
f 203//292 201//282 208//466
f 201//459 142//464 208//467
f 215//306 192//468 216//307
f 203//292 208//466 213//302
f 208//467 142//464 213//469
f 308//454 314//470 310//462
f 213//302 313//471 215//303
f 215//303 313//471 192//472
f 147//473 313//474 213//469
f 147//473 315//475 313//474
f 142//464 147//473 213//469
f 152//476 315//477 147//217
f 152//476 316//478 315//477
f 308//457 309//456 314//479
f 150//216 316//480 152//280
f 327//481 312//482 301//424
f 310//462 314//470 317//483
f 320//484 214//312 217//310
f 314//470 237//485 317//483
f 314//470 238//486 237//485
f 325//487 320//484 224//488
f 309//456 239//339 314//479
f 314//479 239//339 238//338
f 311//460 324//489 309//461
f 309//461 324//489 239//490
f 312//463 327//491 311//465
f 311//465 327//491 324//492
f 235//334 325//487 227//493
f 329//348 325//487 235//334
f 239//490 324//489 158//494
f 242//340 239//339 244//354
f 244//495 158//494 160//496
f 251//497 160//496 162//498
f 256//499 333//500 323//501
f 256//502 334//503 333//504
f 254//364 334//503 256//502
f 254//365 335//505 334//503
f 257//367 335//505 254//365
f 257//506 162//498 165//507
f 257//506 336//508 335//505
f 165//507 336//508 257//506
f 165//243 337//509 336//508
f 164//242 337//509 165//243
f 333//504 334//503 338//510
f 340//511 339//247 264//382
f 318//512 219//304 209//308
f 318//512 222//513 219//304
f 338//510 339//247 341//246
f 342//514 340//511 271//515
f 334//503 339//247 338//510
f 334//503 264//382 339//247
f 335//505 264//382 334//503
f 335//505 261//377 264//382
f 336//508 261//377 335//505
f 336//508 265//378 261//377
f 319//363 228//516 318//512
f 337//509 265//378 336//508
f 164//517 326//518 337//519
f 337//509 326//520 265//378
f 281//405 342//514 275//521
f 343//522 342//514 281//405
f 283//523 172//524 175//525
f 317//483 344//526 321//527
f 237//485 344//526 317//483
f 133//411 283//410 289//420
f 289//528 175//525 178//529
f 344//526 345//530 321//527
f 321//527 345//530 322//531
f 345//530 347//532 322//531
f 293//533 178//529 180//534
f 322//531 347//532 323//501
f 295//535 180//534 181//536
f 343//537 346//538 171//539
f 343//537 348//540 346//538
f 281//405 348//541 343//522
f 281//405 349//542 348//541
f 278//400 349//542 281//405
f 278//400 351//543 349//542
f 354//544 352//212 145//214
f 282//403 351//543 278//400
f 282//403 353//545 351//543
f 330//546 353//545 282//403
f 356//547 354//544 304//548
f 348//540 355//549 346//538
f 346//538 355//549 350//550
f 348//541 349//542 355//551
f 121//272 356//547 306//552
f 117//274 356//547 121//272
f 350//553 358//554 357//555
f 331//556 126//557 135//558
f 118//187 126//557 331//556
f 350//550 359//559 358//560
f 355//549 359//559 350//550
f 303//198 125//450 131//199
f 349//542 360//561 355//551
f 193//455 303//447 132//458
f 355//551 360//561 359//562
f 126//557 134//563 135//558
f 135//558 134//563 139//564
f 132//200 131//199 137//565
f 351//543 361//566 349//542
f 349//542 361//566 360//567
f 134//563 144//224 139//564
f 353//545 362//568 351//543
f 351//543 362//568 361//569
f 132//200 137//565 141//210
f 358//554 363//570 357//555
f 139//564 144//224 151//225
f 359//559 364//571 358//560
f 358//560 364//571 363//572
f 147//217 141//210 152//476
f 359//562 365//573 364//574
f 360//561 365//573 359//562
f 360//567 361//566 365//575
f 357//576 363//577 366//578
f 170//244 153//222 157//226
f 154//231 210//296 214//232
f 373//579 362//580 353//581
f 221//582 320//484 217//310
f 363//577 367//583 366//578
f 224//488 320//484 221//582
f 364//571 368//584 363//572
f 363//572 368//584 367//585
f 227//493 325//487 224//488
f 369//586 155//233 325//234
f 365//573 370//587 364//574
f 364//574 370//587 368//588
f 367//583 371//589 366//578
f 365//575 372//590 370//591
f 361//566 372//590 365//575
f 329//342 369//586 325//234
f 329//342 233//344 369//586
f 362//568 373//592 361//569
f 361//569 373//592 372//593
f 296//594 190//595 195//596
f 324//492 327//491 158//235
f 367//585 374//597 371//598
f 239//490 158//494 244//495
f 190//595 194//599 195//596
f 368//584 374//597 367//585
f 195//596 194//599 205//600
f 158//235 327//491 159//236
f 368//588 370//587 374//601
f 194//599 203//305 205//600
f 160//237 159//236 161//238
f 244//495 160//496 251//497
f 371//598 374//597 375//602
f 205//600 203//305 216//307
f 251//497 162//498 257//506
f 162//239 161//238 164//242
f 374//597 376//603 375//602
f 222//604 220//316 219//304
f 374//601 377//605 376//606
f 370//587 377//605 374//601
f 370//591 379//607 377//608
f 372//590 379//607 370//591
f 375//602 376//603 378//609
f 228//324 220//316 222//604
f 268//610 340//511 264//382
f 373//592 380//611 372//593
f 228//516 222//513 318//512
f 372//593 380//611 379//612
f 271//515 340//511 268//610
f 169//250 167//248 340//245
f 376//603 381//613 378//609
f 236//333 226//323 228//324
f 275//521 342//514 271//515
f 236//333 228//516 319//363
f 376//606 377//605 381//614
f 343//537 169//250 342//252
f 169//250 171//539 168//251
f 343//537 171//539 169//250
f 378//609 381//613 331//556
f 237//485 238//486 344//615
f 238//486 242//616 344//615
f 373//579 174//617 380//618
f 172//619 174//620 175//255
f 283//523 175//525 289//528
f 242//616 250//359 344//615
f 381//613 118//187 331//556
f 344//615 250//359 345//621
f 381//613 119//188 118//187
f 175//255 174//620 177//256
f 377//605 283//410 381//614
f 381//614 283//410 119//409
f 345//621 250//359 347//358
f 379//607 172//524 377//608
f 178//257 177//256 179//259
f 377//608 172//524 283//523
f 289//528 178//529 293//533
f 380//611 174//620 379//612
f 379//612 174//620 172//619
f 293//533 180//534 295//535
f 347//358 254//364 256//502
f 347//532 256//499 323//501
f 180//260 179//259 382//186
f 182//263 183//213 185//262
f 185//262 183//213 352//212
f 276//393 267//376 265//378
f 302//622 354//544 145//214
f 328//623 265//378 326//520
f 276//393 265//378 328//623
f 304//548 354//544 302//622
f 188//266 185//262 354//261
f 187//264 185//262 188//266
f 282//403 270//392 276//393
f 306//552 356//547 304//548
f 149//221 127//193 151//225
f 276//393 328//623 282//403
f 282//403 328//623 330//546
f 149//221 122//191 127//193
f 148//220 122//191 149//221
f 148//220 124//202 122//191
f 117//268 188//266 356//265
f 116//270 188//266 117//268
f 295//433 124//202 148//220
f 295//535 120//207 124//206
f 181//536 120//207 295//535
f 383//624 397//624 384//624
f 385//625 386//625 387//625
f 388//626 383//626 384//626
f 388//627 384//627 389//627
f 390//628 388//628 389//628
f 391//629 385//629 387//629
f 390//630 389//630 392//630
f 391//631 387//631 393//631
f 391//632 393//632 394//632
f 395//633 391//633 394//633
f 383//634 396//634 397//634
f 389//635 384//636 398//637
f 389//635 398//637 407//638
f 387//639 386//640 399//641
f 387//639 399//641 408//642
f 389//643 407//644 405//645
f 392//646 389//643 405//645
f 387//647 408//648 400//649
f 393//650 387//647 400//649
f 394//651 400//652 410//653
f 394//651 393//654 400//652
f 395//655 394//655 410//655
f 395//656 410//657 402//658
f 396//659 395//656 402//658
f 396//660 402//661 404//662
f 397//663 396//660 404//662
f 384//664 397//665 404//666
f 384//664 404//666 398//667
f 401//668 402//669 403//670
f 1333//671 405//672 406//673
f 406//673 398//674 404//675
f 406//673 404//675 401//676
f 407//677 406//673 405//672
f 1333//678 409//679 399//680
f 1333//678 410//681 400//682
f 400//682 409//679 1333//678
f 409//679 408//683 399//680
f 1333//678 403//670 410//681
f 400//682 408//683 409//679
f 402//669 410//681 403//670
f 402//669 401//668 404//684
f 398//674 406//673 407//677
f 406//673 401//676 1333//685
f 401//668 403//670 1333//686
f 416//687 417//688 489//689
f 489//690 417//691 414//692
f 425//693 421//694 417//688
f 417//691 421//695 414//692
f 421//694 425//693 426//696
f 452//697 428//698 454//699
f 454//699 429//700 455//701
f 455//701 430//702 457//703
f 457//703 431//704 458//705
f 458//705 431//704 432//706
f 432//707 460//708 433//709
f 460//708 462//710 433//709
f 462//710 434//711 433//709
f 462//710 469//712 435//713
f 462//710 435//713 434//711
f 462//714 468//715 469//716
f 469//712 463//717 435//713
f 469//712 472//718 463//717
f 436//719 437//720 420//721
f 420//722 423//723 418//724
f 437//720 440//725 420//721
f 424//726 423//723 420//722
f 442//727 441//728 443//729
f 442//730 485//731 438//732
f 442//730 443//733 485//731
f 443//733 506//734 445//735
f 506//734 416//687 489//689
f 506//736 412//737 416//738
f 416//738 412//737 425//739
f 416//687 425//693 417//688
f 449//740 450//741 448//742
f 451//743 450//743 449//743
f 446//744 428//698 452//697
f 428//745 446//746 447//747
f 446//746 448//748 447//747
f 446//749 449//749 448//749
f 452//697 449//750 446//744
f 452//751 451//751 449//751
f 428//745 447//747 453//752
f 428//698 429//700 454//699
f 429//753 428//745 453//752
f 429//700 430//702 455//701
f 430//754 429//753 453//752
f 430//754 453//752 456//755
f 430//702 431//704 457//703
f 431//756 430//754 456//755
f 431//757 459//758 460//759
f 460//759 459//758 461//760
f 465//761 413//762 464//763
f 465//761 415//764 413//762
f 466//765 415//766 465//767
f 466//765 472//768 415//766
f 466//769 463//717 472//718
f 468//770 461//760 467//771
f 470//772 466//772 465//772
f 471//773 467//774 413//762
f 415//764 471//773 413//762
f 473//775 465//775 464//775
f 415//766 472//768 471//776
f 474//777 465//778 473//779
f 474//777 470//780 465//778
f 475//781 473//781 464//781
f 476//782 473//783 475//784
f 476//785 474//777 473//779
f 477//786 474//777 476//785
f 419//787 418//724 423//723
f 478//788 477//786 476//785
f 427//789 423//723 424//726
f 482//790 424//791 440//725
f 482//792 427//793 424//794
f 479//795 476//782 475//784
f 480//796 476//782 479//795
f 480//797 478//797 476//797
f 481//798 478//799 480//800
f 483//801 480//796 479//795
f 484//802 480//803 483//804
f 439//805 438//805 444//805
f 484//806 481//798 480//800
f 483//807 479//808 486//809
f 487//810 484//802 483//804
f 488//811 484//802 487//810
f 445//735 506//734 489//689
f 411//812 445//813 489//814
f 489//690 414//692 411//815
f 486//816 487//816 483//816
f 490//817 487//818 486//819
f 490//820 488//811 487//810
f 421//695 426//821 414//692
f 492//822 490//817 486//819
f 492//822 486//819 491//823
f 493//824 492//822 491//823
f 494//825 492//822 493//824
f 491//826 486//809 495//827
f 493//828 491//828 495//828
f 496//829 494//825 493//824
f 497//830 493//831 495//832
f 497//830 496//833 493//831
f 498//834 496//833 497//830
f 459//835 431//756 456//755
f 432//706 431//704 460//836
f 497//837 495//837 499//837
f 500//838 498//834 497//830
f 460//759 461//760 462//839
f 462//839 461//760 468//770
f 501//840 497//841 499//842
f 501//843 500//843 497//843
f 502//844 500//845 501//846
f 471//847 468//770 467//771
f 471//776 469//716 468//715
f 418//848 501//840 499//842
f 418//848 499//842 436//719
f 419//787 501//846 418//724
f 419//787 502//844 501//846
f 471//776 472//768 469//716
f 418//848 436//719 420//721
f 503//849 440//850 437//851
f 420//721 440//725 424//791
f 441//728 440//850 503//849
f 504//852 425//852 422//852
f 441//728 482//853 440//850
f 505//854 425//693 504//855
f 482//792 439//856 427//793
f 505//854 426//696 425//693
f 441//728 442//727 482//853
f 482//857 442//730 438//732
f 482//792 438//858 439//856
f 438//859 485//860 444//861
f 456//862 461//862 459//862
f 443//733 445//735 485//731
f 444//861 485//860 445//813
f 445//813 411//812 444//861
f 507//863 509//864 508//865
f 508//865 509//864 510//866
f 509//864 511//867 510//866
f 510//866 511//867 512//868
f 511//867 513//869 512//868
f 512//868 513//869 514//870
f 513//869 515//871 514//870
f 514//870 515//871 516//872
f 515//871 517//873 516//872
f 516//872 517//873 518//874
f 517//873 519//875 518//874
f 518//874 519//875 520//876
f 519//875 521//877 520//876
f 520//876 521//877 522//878
f 521//877 523//879 522//878
f 522//878 523//879 524//880
f 523//879 525//881 524//880
f 524//880 525//881 526//882
f 525//881 527//883 526//882
f 526//882 527//883 528//884
f 527//883 529//885 528//884
f 529//885 530//886 528//884
f 528//884 530//886 531//887
f 530//886 532//888 531//887
f 532//888 533//889 531//887
f 531//887 533//889 534//890
f 533//889 535//891 534//890
f 534//890 535//891 536//892
f 535//891 537//893 536//892
f 536//892 537//893 538//894
f 537//893 539//895 538//894
f 538//894 539//895 540//896
f 539//895 541//897 540//896
f 540//896 541//897 542//898
f 541//897 543//899 542//898
f 542//898 543//899 544//900
f 543//899 545//901 544//900
f 544//900 545//901 546//902
f 545//901 547//903 546//902
f 546//902 547//903 548//904
f 547//903 549//905 548//904
f 548//904 549//905 550//906
f 549//905 551//907 550//906
f 550//906 551//907 1181//908
f 552//909 553//910 554//911
f 555//912 553//910 552//909
f 555//912 556//913 553//910
f 556//913 555//912 558//914
f 558//914 557//915 556//913
f 560//916 557//915 558//914
f 560//916 559//917 557//915
f 559//917 560//916 561//918
f 561//918 562//919 559//917
f 562//919 561//918 563//920
f 563//920 564//921 562//919
f 564//921 563//920 565//922
f 566//923 564//921 565//922
f 567//924 566//923 565//922
f 567//924 565//922 568//925
f 568//925 569//926 567//924
f 569//926 568//925 570//927
f 571//928 569//926 570//927
f 571//928 570//927 572//929
f 573//930 571//928 572//929
f 574//931 575//932 573//930
f 574//931 573//930 572//929
f 575//932 574//931 576//933
f 576//933 577//934 575//932
f 577//934 576//933 578//935
f 579//936 577//934 578//935
f 580//937 579//936 578//935
f 581//938 580//937 578//935
f 582//939 581//938 583//940
f 582//939 580//937 581//938
f 585//941 583//940 584//942
f 585//941 582//939 583//940
f 586//943 584//942 587//944
f 586//943 585//941 584//942
f 587//944 588//945 586//943
f 588//945 587//944 589//946
f 589//946 590//947 588//945
f 590//947 589//946 1082//948
f 1254//949 592//950 591//951
f 591//951 592//950 593//952
f 592//950 594//953 593//952
f 593//952 594//953 595//954
f 594//953 596//955 595//954
f 595//954 596//955 597//956
f 596//955 598//957 597//956
f 597//956 598//957 599//958
f 598//957 600//959 599//958
f 599//958 600//959 601//960
f 600//959 602//961 601//960
f 601//960 602//961 603//962
f 602//961 604//963 603//962
f 603//962 604//963 605//964
f 604//963 606//965 605//964
f 605//964 606//965 607//966
f 606//965 608//967 607//966
f 607//966 608//967 609//968
f 608//967 610//969 609//968
f 609//968 610//969 611//970
f 610//969 612//971 611//970
f 611//970 612//971 613//972
f 612//971 614//973 613//972
f 613//972 614//973 615//974
f 614//973 616//975 615//974
f 615//974 616//975 617//976
f 616//975 618//977 617//976
f 617//976 618//977 619//978
f 618//977 620//979 619//978
f 619//978 620//979 621//980
f 620//979 622//981 621//980
f 621//980 622//981 623//982
f 622//981 624//983 623//982
f 623//982 624//983 625//984
f 624//983 626//985 625//984
f 625//984 626//985 627//986
f 626//985 628//987 627//986
f 627//986 628//987 629//988
f 628//987 630//989 629//988
f 629//988 630//989 631//990
f 630//989 632//991 631//990
f 631//990 632//991 633//992
f 632//991 634//993 633//992
f 633//992 634//993 635//994
f 591//995 593//996 507//997
f 507//997 593//996 509//998
f 593//996 595//999 509//998
f 509//998 595//999 511//1000
f 595//999 597//1001 511//1000
f 511//1000 597//1001 513//1002
f 597//1001 599//1003 513//1002
f 513//1002 599//1003 515//1004
f 599//1003 601//1005 515//1004
f 515//1004 601//1005 517//1006
f 601//1005 603//1007 517//1006
f 517//1006 603//1007 519//1008
f 603//1007 605//1009 519//1008
f 519//1008 605//1009 521//1010
f 605//1009 607//1011 521//1010
f 521//1010 607//1011 523//1012
f 607//1011 609//1013 523//1012
f 523//1012 609//1013 525//1014
f 609//1013 611//1015 525//1014
f 525//1014 611//1015 527//1016
f 611//1015 613//1017 527//1016
f 527//1016 613//1017 529//1018
f 529//1018 613//1017 530//1019
f 613//1017 615//1020 530//1019
f 530//1019 615//1020 532//1021
f 532//1021 617//1022 533//1023
f 615//1020 617//1022 532//1021
f 533//1023 619//1024 535//1025
f 617//1022 619//1024 533//1023
f 619//1024 621//1026 535//1025
f 535//1025 621//1026 537//1027
f 621//1026 623//1028 537//1027
f 537//1027 623//1028 539//1029
f 623//1028 625//1030 539//1029
f 539//1029 625//1030 541//1031
f 625//1030 627//1032 541//1031
f 541//1031 627//1032 543//1033
f 543//1033 629//1034 545//1035
f 627//1032 629//1034 543//1033
f 545//1035 631//1036 547//1037
f 629//1034 631//1036 545//1035
f 631//1036 633//1038 547//1037
f 547//1037 633//1038 549//1039
f 633//1038 635//1040 549//1039
f 549//1039 635//1040 551//1041
f 1288//1042 1082//1043 589//1044
f 505//1045 1288//1042 589//1044
f 426//1046 505//1045 589//1044
f 426//1046 589//1044 587//1047
f 414//1048 426//1046 587//1047
f 411//1049 414//1048 587//1047
f 444//1050 587//1047 584//1051
f 444//1050 411//1049 587//1047
f 439//1052 444//1050 584//1051
f 439//1052 584//1051 583//1053
f 427//1054 439//1052 583//1053
f 423//1055 427//1054 583//1053
f 423//1055 583//1053 581//1056
f 419//1057 423//1055 581//1056
f 419//1057 581//1056 578//1058
f 502//1059 419//1057 578//1058
f 500//1060 502//1059 578//1058
f 498//1061 500//1060 578//1058
f 498//1061 578//1058 576//1062
f 496//1063 498//1061 576//1062
f 494//1064 576//1062 574//1065
f 494//1064 496//1063 576//1062
f 492//1066 574//1065 572//1067
f 492//1066 494//1064 574//1065
f 490//1068 492//1066 572//1067
f 488//1069 490//1068 572//1067
f 488//1069 572//1067 570//1070
f 484//1071 488//1069 570//1070
f 481//1072 484//1071 570//1070
f 481//1072 570//1070 568//1073
f 478//1074 481//1072 568//1073
f 477//1075 478//1074 568//1073
f 477//1075 568//1073 565//1076
f 474//1077 477//1075 565//1076
f 470//1078 474//1077 565//1076
f 470//1078 565//1076 563//1079
f 466//1080 470//1078 563//1079
f 463//1081 466//1080 563//1079
f 463//1081 563//1079 561//1082
f 435//1083 463//1081 561//1082
f 435//1083 561//1082 560//1084
f 434//1085 435//1083 560//1084
f 433//1086 434//1085 560//1084
f 433//1086 560//1084 558//1087
f 432//1088 433//1086 558//1087
f 458//1089 432//1088 558//1087
f 458//1089 558//1087 555//1090
f 457//1091 458//1089 555//1090
f 455//1092 457//1091 555//1090
f 454//1093 455//1092 555//1090
f 452//1094 454//1093 555//1090
f 452//1094 555//1090 552//1095
f 451//1096 452//1094 552//1095
f 638//1097 637//1098 192//1099
f 192//1099 637//1098 216//1100
f 216//1100 639//1101 205//1102
f 637//1098 639//1101 216//1100
f 205//1102 639//1101 195//1103
f 195//1103 639//1101 296//1104
f 639//1101 640//1105 296//1104
f 296//1104 640//1105 288//1106
f 288//1106 641//1107 274//1108
f 640//1105 641//1107 288//1106
f 274//1108 641//1107 260//1109
f 260//1109 642//1110 245//1111
f 641//1107 642//1110 260//1109
f 245//1111 642//1110 230//1112
f 230//1112 643//1113 218//1114
f 642//1110 643//1113 230//1112
f 218//1114 643//1113 196//1115
f 643//1113 644//1116 196//1115
f 196//1115 644//1116 176//1117
f 176//1117 644//1116 116//267
f 116//267 645//1118 187//264
f 644//1116 645//1118 116//267
f 187//264 645//1118 182//263
f 182//263 646//1119 183//1120
f 645//1118 646//1119 182//263
f 183//1120 646//1119 128//1121
f 128//1121 646//1119 127//1122
f 646//1119 647//1123 127//1122
f 127//1122 647//1123 151//1124
f 151//1124 647//1123 139//1125
f 647//1123 648//1126 139//1125
f 139//1125 648//1126 135//1127
f 135//1127 648//1126 331//1128
f 648//1126 649//1129 331//1128
f 331//1128 649//1129 378//1130
f 378//1130 649//1129 375//1131
f 649//1129 650//1132 375//1131
f 375//1131 650//1132 371//1133
f 371//1133 650//1132 366//578
f 650//1132 651//1134 366//578
f 366//578 651//1134 357//576
f 651//1134 652//1135 357//576
f 357//576 652//1135 350//1136
f 350//1136 652//1135 346//1137
f 652//1135 653//1138 346//1137
f 346//1137 653//1138 171//1139
f 171//1139 653//1138 168//251
f 168//251 654//1140 167//249
f 653//1138 654//1140 168//251
f 167//249 654//1140 341//1141
f 341//1141 655//1142 338//1143
f 654//1140 655//1142 341//1141
f 338//1143 655//1142 333//1144
f 655//1142 656//1145 333//1144
f 333//1144 656//1145 323//1146
f 323//1146 656//1145 322//1147
f 656//1145 657//1148 322//1147
f 322//1147 657//1148 321//1149
f 321//1149 657//1148 317//1150
f 657//1148 658//1151 317//1150
f 317//1150 658//1151 310//1152
f 310//1152 658//1151 307//1153
f 658//1151 659//1154 307//1153
f 307//1153 659//1154 298//1155
f 298//1155 659//1154 291//1156
f 659//1154 660//1157 291//1156
f 291//1156 660//1157 279//1158
f 279//1158 660//1157 263//1159
f 660//1157 661//1160 263//1159
f 263//1159 661//1160 248//1161
f 248//1161 661//1160 234//1162
f 234//1162 662//1163 233//1164
f 661//1160 662//1163 234//1162
f 233//1164 662//1163 369//1165
f 369//1165 662//1163 155//1166
f 662//1163 663//1167 155//1166
f 155//1166 663//1167 154//1168
f 154//1168 663//1167 210//1169
f 210//1169 663//1167 199//1170
f 663//1167 636//1171 199//1170
f 199//1170 636//1171 198//1172
f 2//1173 16//1173 664//1173
f 6//1174 982//1174 665//1174
f 2//1175 664//1175 666//1175
f 6//1176 665//1177 667//1178
f 8//1179 6//1176 667//1178
f 3//1180 2//1180 666//1180
f 8//1181 667//1182 668//1183
f 10//1184 8//1181 668//1183
f 11//1185 668//1186 669//1187
f 11//1185 10//1188 668//1186
f 14//1189 11//1190 669//1191
f 14//1189 669//1191 670//1192
f 16//1193 14//1194 670//1195
f 16//1193 670//1195 664//1196
f 18//1197 32//1198 671//1199
f 18//1197 671//1199 672//1200
f 24//1201 673//1202 674//1203
f 24//1201 22//1204 673//1202
f 18//1205 672//1206 675//1207
f 24//1208 674//1209 676//1210
f 19//1211 18//1205 675//1207
f 26//1212 24//1208 676//1210
f 27//1213 26//1214 676//1215
f 27//1213 676//1215 677//1216
f 29//1217 27//1218 677//1219
f 29//1217 677//1219 678//1220
f 29//1221 678//1222 671//1223
f 32//1224 29//1221 671//1223
f 34//1225 48//1226 679//1227
f 34//1225 679//1227 681//1228
f 40//1229 38//1230 680//1231
f 40//1229 680//1231 682//1232
f 34//1233 681//1234 683//1235
f 35//1236 34//1233 683//1235
f 40//1237 682//1238 684//1239
f 42//1240 40//1237 684//1239
f 43//1241 42//1242 684//1243
f 43//1241 684//1243 685//1244
f 45//1245 43//1245 685//1245
f 45//1246 685//1246 686//1246
f 48//1247 45//1247 686//1247
f 48//1248 686//1248 679//1248
f 50//1249 64//1198 694//1250
f 50//1249 694//1250 687//1251
f 56//1252 54//1252 688//1252
f 50//1253 687//1254 689//1255
f 56//1256 688//1256 690//1256
f 51//1257 50//1253 689//1255
f 51//1258 689//1259 691//1260
f 58//1261 56//1261 690//1261
f 58//1262 690//1263 692//1264
f 59//1265 58//1262 692//1264
f 59//1266 692//1267 693//1268
f 61//1269 59//1266 693//1268
f 61//1270 693//1271 694//1272
f 64//1224 61//1270 694//1272
f 695//1273 657//1273 696//1273
f 658//1274 657//1274 695//1274
f 657//1275 656//1275 696//1275
f 696//1276 656//1276 697//1276
f 656//1277 655//1277 697//1277
f 697//1278 655//1278 698//1278
f 655//1279 654//1279 698//1279
f 698//1280 654//1280 699//1280
f 654//1281 653//1281 699//1281
f 653//1282 700//1282 699//1282
f 653//1283 652//1283 700//1283
f 652//1284 701//1284 700//1284
f 652//1285 651//1285 701//1285
f 651//1286 702//1286 701//1286
f 651//1287 650//1287 702//1287
f 650//1288 703//1288 702//1288
f 650//1289 649//1289 703//1289
f 649//1290 704//1290 703//1290
f 649//1291 648//1291 704//1291
f 648//1292 705//1292 704//1292
f 648//1293 647//1293 705//1293
f 647//1294 706//1294 705//1294
f 647//1295 646//1295 706//1295
f 646//1296 707//1296 706//1296
f 646//1297 645//1297 707//1297
f 645//1298 708//1298 707//1298
f 645//1299 644//1299 708//1299
f 644//1300 709//1300 708//1300
f 644//1301 643//1301 709//1301
f 643//1302 710//1302 709//1302
f 643//1303 642//1303 710//1303
f 642//1304 711//1304 710//1304
f 642//1305 641//1305 711//1305
f 641//1306 712//1306 711//1306
f 641//1307 640//1307 712//1307
f 640//1308 713//1308 712//1308
f 640//1309 639//1309 713//1309
f 639//1310 714//1310 713//1310
f 639//1311 637//1311 714//1311
f 637//1312 715//1312 714//1312
f 637//1313 638//1313 715//1313
f 638//1314 716//1315 715//1316
f 715//1316 716//1315 717//1317
f 716//1315 718//1318 717//1317
f 718//1318 719//1319 717//1317
f 718//1318 720//1320 719//1319
f 720//1320 721//1321 719//1319
f 720//1322 722//1322 721//1322
f 722//1323 723//1323 721//1323
f 722//1324 724//1324 723//1324
f 724//1325 725//1325 723//1325
f 724//1326 726//1326 725//1326
f 726//1327 727//1327 725//1327
f 729//1328 728//1329 730//1330
f 728//1329 731//1331 730//1330
f 731//1331 732//1332 730//1330
f 730//1333 732//1333 733//1333
f 732//1334 734//1334 733//1334
f 733//1335 734//1335 735//1335
f 734//1336 736//1336 735//1336
f 736//1337 737//1337 735//1337
f 736//1338 738//1338 737//1338
f 738//1339 739//1339 737//1339
f 738//1340 740//1340 739//1340
f 740//1341 741//1341 739//1341
f 740//1342 742//1342 741//1342
f 742//1343 743//1343 741//1343
f 742//1344 744//1344 743//1344
f 744//1345 745//1345 743//1345
f 744//1346 746//1346 745//1346
f 746//1347 747//1347 745//1347
f 746//1348 748//1348 747//1348
f 748//1349 749//1349 747//1349
f 748//1350 750//1350 749//1350
f 750//1351 751//1351 749//1351
f 750//1352 752//1352 751//1352
f 752//1353 753//1353 751//1353
f 752//1354 754//1354 753//1354
f 754//1355 755//1355 753//1355
f 754//1356 756//1356 755//1356
f 756//1357 757//1357 755//1357
f 756//1358 758//1358 757//1358
f 758//1359 759//1360 757//1361
f 758//1359 727//1362 759//1360
f 758//1363 760//1363 727//1363
f 727//1364 761//1365 725//1366
f 760//1367 761//1365 727//1364
f 761//1365 762//1368 725//1366
f 725//1366 762//1368 723//1369
f 762//1368 763//1370 723//1369
f 723//1369 763//1370 721//1371
f 763//1370 764//1372 721//1371
f 721//1371 764//1372 719//1373
f 719//1373 765//1374 717//1375
f 764//1372 765//1374 719//1373
f 765//1374 766//1376 717//1375
f 766//1376 715//1377 717//1375
f 766//1376 767//1378 715//1377
f 767//1378 714//1379 715//1377
f 767//1378 768//1380 714//1379
f 768//1380 713//1381 714//1379
f 768//1380 769//1382 713//1381
f 769//1382 712//1383 713//1381
f 769//1382 770//1384 712//1383
f 770//1384 711//1385 712//1383
f 770//1384 771//1386 711//1385
f 771//1386 710//1387 711//1385
f 771//1388 772//1389 710//1390
f 772//1389 709//1391 710//1390
f 772//1392 773//1393 709//1394
f 773//1393 708//1395 709//1394
f 773//1396 774//1396 708//1396
f 774//1397 707//1397 708//1397
f 774//1398 775//1398 707//1398
f 775//1399 706//1399 707//1399
f 775//1400 776//1400 706//1400
f 776//1401 705//1401 706//1401
f 776//1402 777//1402 705//1402
f 777//1403 704//1403 705//1403
f 777//1404 778//1404 704//1404
f 778//1405 703//1405 704//1405
f 778//1406 779//1406 703//1406
f 779//1407 702//1407 703//1407
f 779//1408 780//1408 702//1408
f 780//1409 701//1409 702//1409
f 780//1410 781//1410 701//1410
f 781//1411 700//1411 701//1411
f 781//1412 782//1412 700//1412
f 782//1413 699//1413 700//1413
f 782//1414 783//1414 699//1414
f 783//1415 698//1415 699//1415
f 783//1416 784//1416 698//1416
f 784//1417 697//1417 698//1417
f 784//1418 785//1418 697//1418
f 785//1419 696//1419 697//1419
f 785//1420 695//1421 696//1422
f 785//1420 786//1423 695//1421
f 728//1424 787//1425 731//1426
f 787//1425 788//1427 731//1426
f 731//1426 788//1427 732//1428
f 788//1427 789//1429 732//1428
f 732//1428 789//1429 734//1430
f 789//1429 790//1431 734//1430
f 734//1430 790//1431 736//1432
f 790//1431 791//1433 736//1432
f 736//1432 791//1433 738//1434
f 791//1433 792//1435 738//1434
f 738//1434 792//1435 740//1436
f 792//1435 793//1437 740//1436
f 740//1436 793//1437 742//1438
f 793//1437 794//1439 742//1438
f 742//1438 794//1439 744//1440
f 794//1439 795//1441 744//1440
f 744//1440 795//1441 746//1442
f 795//1441 796//1443 746//1442
f 746//1442 796//1443 748//1444
f 796//1443 797//1445 748//1444
f 748//1444 797//1445 750//1446
f 797//1445 798//1447 750//1446
f 750//1446 798//1447 752//1448
f 798//1447 799//1449 752//1448
f 752//1448 799//1449 754//1450
f 799//1449 800//1451 754//1450
f 754//1450 800//1451 756//1452
f 800//1451 801//1453 756//1452
f 756//1452 801//1453 758//1454
f 801//1453 802//1455 758//1454
f 758//1454 802//1455 760//1456
f 802//1455 803//1457 760//1456
f 760//1456 803//1457 761//1458
f 803//1457 804//1459 761//1458
f 761//1458 804//1459 762//1460
f 804//1459 805//1461 762//1460
f 762//1460 805//1461 763//1462
f 805//1461 806//1463 763//1462
f 763//1462 806//1463 764//1464
f 806//1463 807//1465 764//1464
f 764//1464 807//1465 765//1466
f 807//1465 808//1467 765//1466
f 765//1466 808//1467 766//1468
f 808//1467 809//1469 766//1468
f 809//1469 810//1470 766//1468
f 766//1468 810//1470 767//1471
f 810//1470 811//1472 767//1471
f 767//1471 811//1472 768//1473
f 811//1472 812//1474 768//1473
f 768//1473 812//1474 769//1475
f 812//1474 813//1476 769//1475
f 769//1475 813//1476 770//1477
f 813//1476 814//1478 770//1477
f 770//1477 814//1478 771//1479
f 814//1478 815//1480 771//1479
f 771//1479 815//1480 772//1481
f 815//1480 816//1482 772//1481
f 772//1481 816//1482 773//1483
f 816//1482 817//1484 773//1483
f 773//1483 817//1484 774//1485
f 817//1484 818//1486 774//1485
f 774//1485 818//1486 775//1487
f 818//1486 819//1488 775//1487
f 775//1487 819//1488 776//1489
f 819//1488 820//1490 776//1489
f 776//1489 820//1490 777//1491
f 820//1490 821//1492 777//1491
f 777//1491 821//1492 778//1493
f 821//1492 822//1494 778//1493
f 778//1493 822//1494 779//1495
f 822//1494 823//1496 779//1495
f 779//1495 823//1496 780//1497
f 823//1496 824//1498 780//1497
f 780//1497 824//1498 781//1499
f 824//1498 825//1500 781//1499
f 781//1499 825//1500 782//1501
f 825//1500 826//1502 782//1501
f 782//1501 826//1502 783//1503
f 826//1502 827//1504 783//1503
f 783//1503 827//1504 784//1505
f 827//1504 828//1506 784//1505
f 784//1505 828//1506 785//1507
f 828//1506 829//1508 785//1507
f 785//1507 829//1508 786//1509
f 829//1508 840//1510 786//1509
f 847//1511 831//1511 830//1511
f 831//1512 834//1512 830//1512
f 833//1513 835//1513 832//1513
f 831//1514 836//1514 834//1514
f 832//1515 835//1515 837//1515
f 836//1516 838//1516 834//1516
f 835//1517 839//1517 837//1517
f 836//1518 840//1518 838//1518
f 840//1519 841//1519 838//1519
f 839//1520 842//1520 837//1520
f 839//1521 843//1521 842//1521
f 843//1522 844//1522 842//1522
f 843//1523 845//1523 844//1523
f 845//1524 846//1524 844//1524
f 845//1525 847//1525 846//1525
f 847//1526 830//1526 846//1526
f 840//1527 829//1527 841//1527
f 841//1528 829//1529 848//1530
f 848//1530 828//1531 849//1532
f 829//1529 828//1531 848//1530
f 828//1531 827//1533 849//1532
f 849//1532 827//1533 850//1534
f 827//1533 826//1535 850//1534
f 850//1534 826//1535 851//1536
f 826//1535 825//1537 851//1536
f 851//1536 825//1537 852//1538
f 852//1539 824//1539 853//1539
f 825//1537 824//1540 852//1538
f 824//1541 823//1541 853//1541
f 823//1542 854//1542 853//1542
f 823//1543 822//1543 854//1543
f 822//1544 855//1544 854//1544
f 822//1545 821//1545 855//1545
f 821//1546 856//1546 855//1546
f 821//1547 820//1547 856//1547
f 820//1548 857//1548 856//1548
f 820//1549 819//1549 857//1549
f 819//1550 858//1550 857//1550
f 819//1551 818//1551 858//1551
f 818//1552 859//1552 858//1552
f 818//1553 817//1553 859//1553
f 817//1554 860//1554 859//1554
f 817//1555 816//1555 860//1555
f 816//1556 861//1556 860//1556
f 816//1557 815//1557 861//1557
f 815//1558 862//1558 861//1558
f 815//1559 814//1559 862//1559
f 814//1560 863//1560 862//1560
f 814//1561 813//1561 863//1561
f 813//1562 864//1562 863//1562
f 813//1563 812//1563 864//1563
f 812//1564 865//1564 864//1564
f 812//1565 811//1565 865//1565
f 811//1566 866//1566 865//1566
f 811//1567 810//1567 866//1567
f 810//1568 867//1568 866//1568
f 810//1569 809//1569 867//1569
f 809//1570 868//1571 867//1572
f 809//1570 808//1573 868//1571
f 808//1573 869//1574 868//1571
f 808//1573 807//1575 869//1574
f 807//1575 870//1576 869//1574
f 807//1575 806//1577 870//1576
f 806//1577 871//1578 870//1576
f 806//1577 805//1579 871//1578
f 805//1579 872//1580 871//1578
f 805//1579 804//1581 872//1580
f 804//1581 873//1582 872//1580
f 804//1581 803//1583 873//1582
f 803//1583 802//1584 873//1582
f 802//1585 874//1585 873//1585
f 875//1586 876//1586 877//1586
f 849//1587 838//1587 848//1587
f 848//1587 838//1587 841//1587
f 878//1587 880//1587 879//1587
f 867//1587 865//1587 866//1587
f 787//1588 832//1588 880//1588
f 838//1587 844//1587 834//1587
f 834//1587 844//1587 830//1587
f 830//1587 844//1587 846//1587
f 880//1587 832//1587 879//1587
f 849//1587 832//1587 838//1587
f 888//1587 832//1587 851//1587
f 851//1587 832//1587 849//1587
f 879//1587 832//1587 888//1587
f 870//1587 871//1587 869//1587
f 832//1587 842//1587 838//1587
f 838//1587 842//1587 844//1587
f 832//1587 837//1587 842//1587
f 864//1587 862//1587 863//1587
f 865//1587 862//1587 864//1587
f 868//1587 872//1587 867//1587
f 871//1587 872//1587 869//1587
f 869//1587 872//1587 868//1587
f 867//1587 872//1587 865//1587
f 865//1587 861//1587 862//1587
f 873//1587 861//1587 872//1587
f 872//1587 861//1587 865//1587
f 874//1587 860//1587 873//1587
f 873//1587 860//1587 861//1587
f 874//1587 859//1587 860//1587
f 881//1587 859//1587 874//1587
f 882//1587 883//1587 881//1587
f 881//1587 857//1587 859//1587
f 859//1587 857//1587 858//1587
f 883//1587 857//1587 881//1587
f 857//1587 855//1587 856//1587
f 885//1587 886//1587 884//1587
f 884//1587 886//1587 883//1587
f 855//1587 853//1587 854//1587
f 883//1587 853//1587 857//1587
f 857//1587 853//1587 855//1587
f 883//1587 888//1587 853//1587
f 887//1587 888//1587 886//1587
f 853//1587 888//1587 852//1587
f 886//1587 888//1587 883//1587
f 888//1587 851//1587 852//1587
f 889//1587 891//1587 888//1587
f 890//1587 891//1587 889//1587
f 851//1587 849//1587 850//1587
f 891//1587 879//1587 888//1587
f 877//1589 892//1589 893//1590
f 876//1589 892//1589 877//1589
f 894//1591 892//1592 875//1593
f 892//1592 876//1594 875//1593
f 875//1595 893//1595 894//1595
f 875//1595 877//1595 893//1595
f 787//1596 833//1596 832//1596
f 802//1597 801//1597 874//1597
f 874//1598 801//1599 881//1600
f 881//1600 800//1601 882//1602
f 801//1599 800//1601 881//1600
f 882//1603 799//1604 883//1605
f 800//1606 799//1604 882//1603
f 799//1607 798//1608 883//1609
f 798//1608 884//1610 883//1609
f 798//1611 797//1611 884//1611
f 797//1612 885//1612 884//1612
f 797//1613 796//1613 885//1613
f 796//1614 886//1614 885//1614
f 796//1615 795//1615 886//1615
f 795//1616 887//1616 886//1616
f 795//1617 794//1617 887//1617
f 794//1618 888//1618 887//1618
f 794//1619 793//1619 888//1619
f 793//1620 889//1620 888//1620
f 793//1621 792//1621 889//1621
f 792//1622 890//1622 889//1622
f 792//1623 791//1623 890//1623
f 791//1624 891//1624 890//1624
f 791//1625 790//1625 891//1625
f 790//1626 879//1626 891//1626
f 790//1627 789//1627 879//1627
f 789//1628 878//1628 879//1628
f 789//1629 788//1629 878//1629
f 788//1630 880//1630 878//1630
f 788//1631 787//1631 880//1631
f 833//1632 894//1633 895//1634
f 894//1633 893//1635 895//1634
f 833//1632 892//1636 894//1633
f 893//1635 728//1637 895//1634
f 892//1636 787//1638 893//1635
f 893//1635 787//1638 728//1637
f 833//1632 787//1638 892//1636
f 896//1639 845//1640 897//1641
f 845//1640 843//1642 897//1641
f 897//1641 843//1642 898//1643
f 786//1509 840//1510 899//1644
f 843//1642 839//1645 898//1643
f 840//1510 836//1646 899//1644
f 898//1643 839//1645 900//1647
f 899//1644 836//1646 901//1648
f 839//1645 835//1649 900//1647
f 836//1646 831//1650 901//1648
f 900//1647 835//1649 895//1651
f 901//1648 831//1650 902//1652
f 835//1649 833//1653 895//1651
f 831//1650 847//1654 902//1652
f 902//1652 847//1654 896//1639
f 847//1654 845//1640 896//1639
f 895//1655 728//1329 729//1328
f 895//1656 729//1656 907//1656
f 897//1657 903//1657 910//1657
f 897//1658 898//1658 903//1658
f 695//1659 786//1659 904//1659
f 898//1660 905//1660 903//1660
f 786//1661 899//1661 904//1661
f 898//1662 900//1662 905//1662
f 904//1663 899//1663 906//1663
f 900//1664 907//1664 905//1664
f 899//1665 901//1665 906//1665
f 900//1666 895//1666 907//1666
f 901//1667 908//1667 906//1667
f 901//1668 902//1668 908//1668
f 902//1669 909//1669 908//1669
f 902//1670 896//1670 909//1670
f 896//1671 910//1671 909//1671
f 896//1672 897//1672 910//1672
f 907//1673 729//1674 911//1675
f 911//1675 729//1674 912//1587
f 726//1676 913//1677 727//1678
f 727//1678 913//1677 759//1679
f 759//1679 913//1677 757//1680
f 913//1681 914//1681 757//1681
f 757//1682 914//1682 755//1682
f 914//1683 915//1683 755//1683
f 755//1684 915//1684 753//1684
f 915//1685 916//1685 753//1685
f 753//1686 916//1686 751//1686
f 916//1687 917//1687 751//1687
f 917//1688 749//1688 751//1688
f 917//1689 918//1689 749//1689
f 918//1690 747//1690 749//1690
f 918//1691 919//1691 747//1691
f 919//1692 745//1692 747//1692
f 919//1693 920//1694 745//1695
f 920//1694 921//1696 745//1695
f 921//1696 743//1697 745//1695
f 921//1696 922//1698 743//1697
f 922//1698 741//1699 743//1697
f 922//1700 923//1701 741//1702
f 923//1701 739//1703 741//1702
f 923//1704 924//1705 739//1706
f 924//1705 737//1707 739//1706
f 924//1708 925//1708 737//1708
f 925//1709 735//1709 737//1709
f 925//1710 926//1710 735//1710
f 926//1711 733//1711 735//1711
f 926//1712 927//1712 733//1712
f 927//1713 730//1713 733//1713
f 927//1714 928//1714 730//1714
f 928//1715 729//1715 730//1715
f 928//1716 912//1717 729//1718
f 928//1716 929//1719 912//1717
f 929//1720 911//1720 912//1720
f 929//1721 930//1721 911//1721
f 930//1722 907//1722 911//1722
f 930//1723 931//1723 907//1723
f 931//1724 905//1724 907//1724
f 931//1725 932//1726 905//1727
f 932//1726 903//1728 905//1727
f 932//1726 636//1729 903//1728
f 636//1730 663//1730 903//1730
f 903//1731 663//1731 910//1731
f 663//1732 662//1732 910//1732
f 662//1733 909//1733 910//1733
f 662//1734 661//1734 909//1734
f 661//1735 908//1735 909//1735
f 661//1736 660//1736 908//1736
f 660//1737 906//1737 908//1737
f 660//1738 659//1738 906//1738
f 659//1739 904//1739 906//1739
f 659//1740 658//1740 904//1740
f 658//1741 695//1741 904//1741
f 933//1742 934//1743 935//1744
f 936//1745 51//1258 691//1260
f 933//1746 935//1747 937//1748
f 938//1749 933//1746 937//1748
f 936//1750 691//1751 939//1752
f 938//1753 937//1754 688//1755
f 940//1756 936//1750 939//1752
f 54//1757 938//1753 688//1755
f 940//1758 939//1759 941//1760
f 942//1761 940//1758 941//1760
f 943//1762 942//1763 941//1764
f 943//1762 941//1764 944//1765
f 945//1766 943//1767 944//1768
f 945//1766 944//1768 946//1769
f 945//1770 946//1771 934//1772
f 947//1773 945//1770 934//1772
f 933//1742 947//1774 934//1743
f 948//1775 949//1775 950//1775
f 951//1776 35//1777 683//1778
f 951//1776 683//1778 952//1779
f 953//1780 948//1780 950//1780
f 953//1781 950//1782 680//1783
f 954//1784 952//1785 955//1786
f 954//1784 951//1787 952//1785
f 38//1788 953//1781 680//1783
f 954//1789 955//1790 956//1791
f 957//1792 954//1789 956//1791
f 958//1793 957//1794 956//1795
f 958//1793 956//1795 959//1796
f 960//1797 958//1797 959//1797
f 960//1798 959//1798 961//1798
f 962//1799 960//1800 961//1801
f 962//1799 961//1801 949//1802
f 948//1803 962//1803 949//1803
f 963//1804 975//1805 964//1806
f 963//1807 964//1808 965//1809
f 966//1810 19//1811 675//1812
f 966//1810 675//1812 967//1813
f 968//1814 963//1807 965//1809
f 968//1815 965//1816 673//1817
f 969//1818 966//1818 967//1818
f 22//1819 968//1815 673//1817
f 969//1820 967//1820 970//1820
f 971//1821 969//1821 970//1821
f 972//1822 971//1823 970//1824
f 972//1822 970//1824 973//1825
f 974//1826 972//1826 973//1826
f 974//1827 973//1827 975//1827
f 976//1828 974//1828 975//1828
f 963//1804 976//1829 975//1805
f 977//1830 978//1830 979//1830
f 980//1831 3//1832 666//1833
f 980//1831 666//1833 981//1834
f 982//1835 977//1835 979//1835
f 982//1836 979//1836 665//1836
f 983//1837 981//1838 984//1839
f 983//1837 980//1784 981//1838
f 985//1840 983//1840 984//1840
f 985//1841 984//1842 986//1843
f 987//1844 985//1841 986//1843
f 988//1845 987//1846 986//1847
f 988//1845 986//1847 989//1848
f 990//1849 988//1850 989//1851
f 990//1849 989//1851 978//1852
f 977//1853 990//1853 978//1853
f 636//1171 932//1854 198//1172
f 198//1172 932//1854 991//1855
f 991//1855 932//1854 992//1856
f 932//1854 931//1857 992//1856
f 992//1856 931//1857 993//1858
f 993//1858 931//1857 994//1859
f 931//1857 930//1860 994//1859
f 994//1859 930//1860 995//1861
f 995//1861 930//1860 996//1862
f 996//1862 929//1863 997//1864
f 930//1860 929//1863 996//1862
f 997//1864 929//1863 998//1865
f 998//1865 928//1866 999//1867
f 929//1863 928//1866 998//1865
f 999//1867 928//1866 1000//1868
f 928//1866 927//1869 1000//1868
f 1000//1868 927//1869 1001//1870
f 927//1869 926//1871 1001//1870
f 1001//1870 926//1871 1002//1872
f 1002//1872 926//1871 1003//1873
f 926//1871 925//1874 1003//1873
f 1003//1873 925//1874 1004//1875
f 1004//1875 925//1874 1005//1876
f 1005//1876 924//1877 1398//1878
f 925//1874 924//1877 1005//1876
f 1398//1878 924//1877 1006//1879
f 1006//1879 924//1877 1007//1880
f 924//1877 923//1881 1007//1880
f 1007//1880 923//1881 1008//1882
f 1008//1882 923//1881 1009//1883
f 923//1881 922//1884 1009//1883
f 1009//1883 922//1884 1010//1885
f 1010//1885 922//1884 1011//1886
f 922//1884 921//1887 1011//1886
f 1011//1886 921//1887 1012//1888
f 1012//1888 921//1887 1013//1889
f 921//1887 920//1890 1013//1889
f 1013//1889 920//1890 1014//1891
f 920//1890 919//1892 1014//1891
f 1014//1891 919//1892 1015//1893
f 1015//1893 919//1892 1016//1894
f 919//1892 918//1895 1016//1894
f 1016//1894 918//1895 1017//1896
f 918//1895 917//1897 1017//1896
f 1017//1896 917//1897 1018//1898
f 1018//1898 917//1897 1391//1899
f 1391//1899 917//1897 1019//1900
f 917//1897 916//1901 1019//1900
f 1019//1900 916//1901 1020//1902
f 1020//1902 916//1901 1021//1903
f 916//1901 915//1904 1021//1903
f 1021//1903 915//1904 1022//1905
f 1022//1905 915//1904 1023//1906
f 915//1904 914//1907 1023//1906
f 1023//1906 914//1907 1024//1908
f 1024//1908 914//1907 1025//1909
f 914//1907 913//1910 1025//1909
f 1025//1909 913//1910 1026//1911
f 1026//1911 913//1910 1027//1912
f 913//1910 726//1913 1027//1912
f 1027//1912 726//1913 1028//1914
f 1028//1914 726//1913 1029//1915
f 726//1913 724//1916 1029//1915
f 1029//1915 724//1916 1030//1917
f 1030//1917 724//1916 1031//1918
f 724//1916 722//1919 1031//1918
f 1031//1918 722//1919 1032//1920
f 1032//1920 722//1919 1033//1921
f 722//1919 720//1922 1033//1921
f 1033//1921 720//1922 1034//1923
f 1034//1923 720//1922 1035//1924
f 720//1922 718//1925 1035//1924
f 1035//1924 718//1925 1380//1926
f 1380//1926 718//1925 1379//1927
f 1379//1927 718//1925 1036//1928
f 1036//1928 716//1929 1378//1930
f 718//1925 716//1929 1036//1928
f 1378//1930 716//1929 1377//1931
f 1377//1931 716//1929 1037//1932
f 716//1929 638//1097 1037//1932
f 1037//1932 638//1097 192//1099
f 467//1933 461//1934 413//1935
f 461//1934 456//1936 413//1935
f 456//1936 448//1937 413//1935
f 453//1938 448//1937 456//1936
f 447//1939 448//1937 453//1938
f 464//1940 479//808 475//1941
f 413//1935 1039//1942 464//1940
f 1038//1943 1039//1943 448//1943
f 448//1937 1039//1942 413//1935
f 1041//1944 1040//1945 1267//1946
f 1039//1942 1042//1947 464//1940
f 1040//1945 1042//1947 1267//1946
f 1267//1946 1042//1947 1039//1942
f 479//808 499//1948 486//809
f 486//809 499//1948 495//827
f 1283//1949 1282//1950 1043//1951
f 1043//1951 1044//1952 1042//1947
f 1282//1950 1044//1952 1043//1951
f 436//1953 503//1953 437//1953
f 479//808 441//1954 499//1948
f 499//1948 441//1954 436//1955
f 436//1955 441//1954 503//1956
f 464//1940 441//1954 479//808
f 443//1957 412//1958 506//1959
f 464//1940 412//1958 441//1954
f 441//1954 412//1958 443//1957
f 1042//1947 412//1958 464//1940
f 1044//1952 412//1958 1042//1947
f 1045//1960 412//1958 1044//1952
f 1046//1961 412//1958 1045//1960
f 412//737 422//1962 425//739
f 1046//1961 422//1963 412//1958
f 1048//1964 422//1963 1046//1961
f 422//1963 1050//1965 1047//1966
f 422//1963 1051//1967 1050//1965
f 1048//1964 1052//1968 422//1963
f 1049//1969 1052//1968 1048//1964
f 422//1963 1052//1968 1051//1967
f 1052//1968 1299//1970 1051//1967
f 1052//1968 1053//1971 1299//1970
f 451//1096 552//1095 1054//1972
f 450//1973 451//1096 1054//1972
f 1274//1974 450//1973 1054//1972
f 1274//1974 1054//1972 1055//1975
f 1056//1976 1274//1974 1055//1975
f 1057//1977 1056//1976 1055//1975
f 1058//1978 1055//1975 1059//1979
f 1058//1978 1057//1977 1055//1975
f 1060//1980 1058//1978 1059//1979
f 1060//1980 1059//1979 1061//1981
f 1276//1982 1060//1980 1061//1981
f 1062//1983 1276//1982 1061//1981
f 1062//1983 1061//1981 1063//1984
f 1064//1985 1062//1983 1063//1984
f 1064//1985 1063//1984 1065//1986
f 1330//1987 1064//1985 1065//1986
f 1328//1988 1330//1987 1065//1986
f 1327//1989 1065//1986 1066//1990
f 1327//1989 1328//1988 1065//1986
f 1325//1991 1327//1989 1066//1990
f 1324//1992 1066//1990 1067//1993
f 1324//1992 1325//1991 1066//1990
f 1322//1994 1067//1993 1068//1995
f 1322//1994 1324//1992 1067//1993
f 1320//1996 1322//1994 1068//1995
f 1318//1997 1320//1996 1068//1995
f 1318//1997 1068//1995 1069//1998
f 1315//1999 1318//1997 1069//1998
f 1311//2000 1315//1999 1069//1998
f 1311//2000 1069//1998 1070//2001
f 1309//2002 1311//2000 1070//2001
f 1308//2003 1309//2002 1070//2001
f 1308//2003 1070//2001 1071//2004
f 1306//2005 1308//2003 1071//2004
f 1302//2006 1306//2005 1071//2004
f 1302//2006 1071//2004 1072//2007
f 1297//2008 1302//2006 1072//2007
f 1073//2009 1297//2008 1072//2007
f 1073//2009 1072//2007 1074//2010
f 1075//2011 1073//2009 1074//2010
f 1075//2011 1074//2010 1076//2012
f 1077//2013 1075//2011 1076//2012
f 1078//2014 1077//2013 1076//2012
f 1078//2014 1076//2012 1079//2015
f 1281//2016 1078//2014 1079//2015
f 1292//2017 1281//2016 1079//2015
f 1292//2017 1079//2015 1080//2018
f 1291//2019 1292//2017 1080//2018
f 1290//2020 1291//2019 1080//2018
f 1081//2021 1290//2020 1080//2018
f 1289//2022 1081//2021 1080//2018
f 1289//2022 1080//2018 1082//1043
f 1288//1042 1289//2022 1082//1043
f 1085//1595 567//1595 1087//1595
f 1086//2023 55//2024 57//2023
f 85//1595 556//1595 89//1595
f 1090//2025 1091//2026 1092//2027
f 582//2026 1093//1595 1090//2025
f 567//1595 569//1595 1087//1595
f 1090//2025 1093//1595 1091//2026
f 1094//2024 55//2024 1086//2023
f 1086//2023 57//2023 1179//2023
f 1095//1940 1083//1940 4//2028
f 85//1595 553//1595 556//1595
f 1091//2026 1098//2025 1092//2027
f 1188//2029 528//2030 1097//2031
f 1096//2032 23//2033 25//2034
f 1179//2023 60//2035 1183//2036
f 57//2023 60//2035 1179//2023
f 512//1595 80//1595 510//1595
f 1092//2027 1098//2025 1099//2037
f 1183//2036 60//2035 1100//2023
f 1101//2038 23//2033 1096//2032
f 582//2026 1102//1595 1093//1595
f 91//1595 550//1595 1181//1595
f 512//1595 76//1595 80//1595
f 585//1595 1102//1595 582//2026
f 25//2034 28//2039 1096//2032
f 1095//1940 1103//1940 1083//1940
f 1088//2036 1104//2040 1089//2035
f 1105//1940 53//2039 1094//2024
f 1094//2024 53//2039 55//2024
f 569//1595 571//1595 1087//1595
f 1099//2037 1106//2041 1088//2036
f 1098//2025 1106//2041 1099//2037
f 85//1595 554//1595 553//1595
f 1096//2032 28//2039 1107//2042
f 1084//2043 520//2044 1108//2041
f 1097//2031 531//2045 1109//2046
f 528//2030 531//2045 1097//2031
f 1087//1595 571//1595 1110//1595
f 1101//2038 21//2047 23//2033
f 585//1595 1111//1595 1102//1595
f 87//1595 554//1595 85//1595
f 586//1595 1111//1595 585//1595
f 1088//2036 1106//2041 1104//2040
f 60//2035 62//2048 1100//2023
f 1106//2041 1112//1595 1104//2040
f 1105//1940 1113//2036 53//2039
f 520//2044 522//2044 1108//2041
f 512//1595 73//1595 76//1595
f 1100//2023 62//2048 1114//2048
f 28//2039 30//2049 1107//2042
f 1115//1940 1113//2036 1105//1940
f 87//1595 1116//1595 554//1595
f 1101//2038 1117//2023 21//2047
f 1119//1595 1120//1595 1118//1595
f 571//1595 573//1595 1110//1595
f 1110//1595 573//1595 1121//1595
f 93//1595 550//1595 91//1595
f 390//2040 1113//2036 1115//1940
f 586//1595 1122//1595 1111//1595
f 586//1595 588//1595 1122//1595
f 62//2048 63//2028 1114//2048
f 1112//1595 1123//1595 1104//2040
f 87//1595 1124//1595 1116//1595
f 1109//2046 531//2045 1125//2050
f 1118//1595 1120//1595 1126//2024
f 1108//2041 522//2044 1095//1940
f 1126//2024 1117//2023 1101//2038
f 512//1595 514//2024 73//1595
f 1118//1595 1127//1595 1119//1595
f 514//2024 67//1595 73//1595
f 1128//1595 1127//1595 1118//1595
f 1123//1595 1129//1595 1104//2040
f 1120//1595 1130//1595 1126//2024
f 1114//2048 63//2028 1131//2047
f 1124//1595 1132//1595 1116//1595
f 573//1595 575//2024 1121//1595
f 1121//1595 575//2024 1133//1595
f 30//2049 31//2023 1107//2042
f 588//1595 590//1595 1122//1595
f 93//1595 548//1595 550//1595
f 1137//1595 1129//1595 1123//1595
f 1107//2042 31//2023 1134//2023
f 63//2028 49//2051 1131//2047
f 522//2044 524//2026 1095//1940
f 1128//1595 1135//1595 1127//1595
f 1126//2024 1136//2052 1117//2023
f 1130//1595 1136//2052 1126//2024
f 69//1595 1132//1595 1124//1595
f 590//1595 1138//1595 1122//1595
f 69//1595 1139//1595 1132//1595
f 1125//2050 531//2045 390//2040
f 67//1595 514//2024 65//2042
f 96//1595 548//1595 93//1595
f 1140//1595 1138//1595 590//1595
f 31//2023 17//2026 1134//2023
f 1141//1595 1135//1595 1128//1595
f 1142//1595 1129//1595 1137//1595
f 1117//2023 1136//2052 1143//2043
f 1134//2023 17//2026 1085//1595
f 531//2045 534//2051 390//2040
f 1136//2052 1144//2053 1143//2043
f 71//1595 1139//1595 69//1595
f 1142//1595 1145//1595 1129//1595
f 1103//1940 391//2054 1146//2055
f 71//1595 1147//1940 1139//1595
f 1141//1595 1148//1595 1135//1595
f 1149//1595 546//1595 96//1595
f 1143//2043 1144//2053 1150//2056
f 77//1940 1147//1940 71//1595
f 96//1595 546//1595 548//1595
f 1103//1940 385//2044 391//2054
f 65//2042 9//2057 83//2028
f 1152//1595 1138//1595 1140//1595
f 524//2026 385//2044 1095//1940
f 1095//1940 385//2044 1103//1940
f 1151//2036 39//2026 41//2042
f 391//2054 395//2058 1146//2055
f 65//2042 7//2044 9//2057
f 1146//2055 395//2058 1153//2059
f 1151//2036 41//2042 1154//2036
f 390//2040 534//2051 1113//2036
f 1133//1595 39//2026 1151//2036
f 1152//1595 1155//1595 1138//1595
f 1156//1595 546//1595 1149//1595
f 575//2024 39//2026 1133//1595
f 514//2024 7//2044 65//2042
f 534//2051 536//2051 1113//2036
f 41//2042 44//2060 1154//2036
f 9//2057 12//2060 83//2028
f 83//2028 12//2060 81//2061
f 577//2026 39//2026 575//2024
f 395//2058 396//2062 1153//2059
f 1141//1595 508//1595 1148//1595
f 516//2063 7//2044 514//2024
f 1113//2036 536//2051 1157//2052
f 524//2026 1158//1595 385//2044
f 1144//2053 1159//2026 1150//2056
f 1161//1595 544//2040 1156//1595
f 1156//1595 544//2040 546//1595
f 524//2026 526//1595 1158//1595
f 1150//2056 1159//2026 1160//2053
f 577//2026 37//2025 39//2026
f 516//2063 5//2024 7//2044
f 1162//1595 1155//1595 1152//1595
f 536//2051 538//2051 1157//2052
f 1157//2052 538//2051 1163//2037
f 81//2061 12//2060 77//1940
f 579//2024 37//2025 577//2026
f 49//2051 544//2040 1131//2047
f 1131//2047 544//2040 1161//1595
f 508//1595 1164//1595 1148//1595
f 396//2062 383//2064 1153//2059
f 44//2060 46//2039 1154//2036
f 1154//2036 46//2039 1165//2039
f 1153//2059 383//2064 1175//2048
f 49//2051 542//2065 544//2040
f 12//2060 13//2048 77//1940
f 579//2024 1166//2024 37//2025
f 52//2052 542//2065 49//2051
f 516//2063 1167//2066 5//2024
f 1163//2037 538//2051 1168//2025
f 1169//2067 542//2065 52//2052
f 538//2051 540//2025 1168//2025
f 77//1940 13//2048 1147//1940
f 1168//2025 540//2025 1170//2068
f 1169//2067 540//2025 542//2065
f 1162//1595 1171//1595 1155//1595
f 1170//2068 540//2025 1169//2067
f 46//2039 47//2069 1165//2039
f 1158//1595 526//1595 1172//1595
f 13//2048 15//2057 1147//1940
f 1147//1940 15//2057 1173//2036
f 518//2053 1167//2066 516//2063
f 510//1595 1164//1595 508//1595
f 579//2024 580//2044 1166//2024
f 580//2044 1174//1595 1166//2024
f 518//2053 1176//2068 1167//2066
f 1177//1595 1145//1595 1142//1595
f 1179//2023 1171//1595 1162//1595
f 1178//2043 562//2051 1180//2040
f 1175//2048 383//2064 1115//1940
f 1//2040 1173//2036 15//2057
f 562//2051 564//2040 1180//2040
f 383//2064 388//2066 1115//1940
f 33//2070 1165//2039 47//2069
f 1178//2043 559//2026 562//2051
f 1160//2053 559//2026 1178//2043
f 1159//2026 559//2026 1160//2053
f 1177//1595 1181//1595 1145//1595
f 1176//2068 518//2053 1182//2053
f 1//2040 1184//2040 1173//2036
f 1179//2023 1183//2036 1171//1595
f 1186//1595 559//2026 1159//2026
f 1180//2040 564//2040 20//2053
f 1172//1595 526//1595 1185//2071
f 1174//1595 582//2026 1090//2025
f 580//2044 582//2026 1174//1595
f 564//2040 566//2026 20//2053
f 33//2070 1089//2035 1165//2039
f 388//2066 390//2040 1115//1940
f 510//1595 80//1595 1164//1595
f 526//1595 528//2030 1185//2071
f 1187//1595 557//1595 1186//1595
f 1186//1595 557//1595 559//2026
f 20//2053 566//2026 17//2026
f 4//2028 1184//2040 1//2040
f 36//2042 1089//2035 33//2070
f 566//2026 567//1595 17//2026
f 1185//2071 528//2030 1188//2029
f 17//2026 567//1595 1085//1595
f 91//1595 1181//1595 1177//1595
f 518//2053 520//2044 1182//2053
f 1182//2053 520//2044 1084//2043
f 89//1595 556//1595 1187//1595
f 1187//1595 556//1595 557//1595
f 4//2028 1083//1940 1184//2040
f 1088//2036 1089//2035 36//2042
f 635//1040 1189//2072 551//1041
f 551//1041 1189//2072 1190//2073
f 1189//2072 1191//2074 1190//2073
f 1190//2073 1191//2074 1192//2075
f 1191//2074 1193//2076 1192//2075
f 1192//2075 1193//2076 1194//2077
f 1193//2076 1195//2078 1194//2077
f 1194//2077 1195//2078 1196//2079
f 1195//2078 1197//2080 1196//2079
f 1196//2079 1197//2080 1198//2081
f 1197//2080 1199//2082 1198//2081
f 1198//2081 1199//2082 1200//2083
f 1199//2082 1201//2084 1200//2083
f 1200//2083 1201//2084 1202//2085
f 1201//2084 1203//2086 1202//2085
f 1202//2085 1203//2086 1204//2087
f 1203//2086 1205//2088 1204//2087
f 1204//2087 1205//2088 1206//2089
f 1205//2088 1207//2090 1206//2089
f 1206//2089 1207//2090 1208//2091
f 1207//2090 1209//2092 1208//2091
f 1208//2091 1209//2092 1210//2093
f 1210//2093 1211//2094 1212//2095
f 1209//2092 1211//2094 1210//2093
f 1212//2095 1211//2094 1213//2096
f 1211//2094 1214//2097 1213//2096
f 1213//2096 1214//2097 1215//2098
f 1214//2097 1216//2099 1215//2098
f 1215//2098 1216//2099 1217//2100
f 1216//2099 1218//2101 1217//2100
f 1217//2100 1218//2101 1219//2102
f 1218//2101 1220//2103 1219//2102
f 1219//2102 1220//2103 1221//2104
f 1220//2103 1222//2105 1221//2104
f 1221//2104 1222//2105 1223//2106
f 1222//2105 1224//2107 1223//2106
f 1223//2106 1224//2107 1225//2108
f 1224//2107 1226//2109 1225//2108
f 1225//2108 1226//2109 1227//2110
f 1226//2109 1228//2111 1227//2110
f 1227//2110 1228//2111 1229//2112
f 1228//2111 1230//2113 1229//2112
f 1229//2112 1230//2113 1231//2114
f 1230//2113 1232//2115 1231//2114
f 1231//2114 1232//2115 507//997
f 1232//2115 591//995 507//997
f 634//993 1233//2116 635//994
f 635//994 1233//2116 1189//2117
f 1189//2117 1233//2116 1191//2118
f 1233//2116 1234//2119 1191//2118
f 1191//2118 1234//2119 1193//2120
f 1234//2119 1235//2121 1193//2120
f 1193//2120 1235//2121 1195//2122
f 1235//2121 1236//2123 1195//2122
f 1195//2122 1236//2123 1197//2124
f 1236//2123 1237//2125 1197//2124
f 1197//2124 1237//2125 1199//2126
f 1237//2125 1238//2127 1199//2126
f 1199//2126 1238//2127 1201//2128
f 1238//2127 1239//2129 1201//2128
f 1201//2128 1239//2129 1203//2130
f 1239//2129 1240//2131 1203//2130
f 1203//2130 1240//2131 1205//2132
f 1240//2131 1241//2133 1205//2132
f 1205//2132 1241//2133 1207//2134
f 1241//2133 1242//2135 1207//2134
f 1207//2134 1242//2135 1209//2136
f 1242//2135 1243//2137 1209//2136
f 1209//2136 1243//2137 1211//2138
f 1243//2137 1244//2139 1211//2138
f 1211//2138 1244//2139 1214//2140
f 1244//2139 1245//2141 1214//2140
f 1214//2140 1245//2141 1216//2142
f 1245//2141 1246//2143 1216//2142
f 1216//2142 1246//2143 1218//2144
f 1246//2143 1247//2145 1218//2144
f 1218//2144 1247//2145 1220//2146
f 1247//2145 1248//2147 1220//2146
f 1220//2146 1248//2147 1222//2148
f 1248//2147 1249//2149 1222//2148
f 1222//2148 1249//2149 1224//2150
f 1249//2149 1250//2151 1224//2150
f 1224//2150 1250//2151 1226//2152
f 1250//2151 1251//2153 1226//2152
f 1226//2152 1251//2153 1228//2154
f 1251//2153 1252//2155 1228//2154
f 1228//2154 1252//2155 1230//2156
f 1252//2155 1253//2157 1230//2156
f 1230//2156 1253//2157 1232//2158
f 1253//2157 1254//949 1232//2158
f 1232//2158 1254//949 591//951
f 632//2159 319//2160 318//2161
f 1256//2162 1254//2163 1255//2164
f 1255//2164 1254//2163 1253//2165
f 1236//2166 1481//2167 1431//2168
f 353//581 330//2169 616//2170
f 616//2170 330//2169 618//2171
f 1235//2172 1481//2167 1236//2166
f 606//2173 382//227 608//2174
f 1245//2175 1244//2176 1522//2177
f 150//2178 1254//2163 1256//2162
f 382//227 179//2179 608//2174
f 632//2159 253//426 319//2160
f 330//2169 328//2180 618//2171
f 1522//2177 1244//2176 1539//2181
f 179//2179 177//2182 608//2174
f 630//2183 253//426 632//2159
f 1234//2184 1481//2167 1235//2172
f 608//2174 174//617 610//2185
f 177//2182 174//617 608//2174
f 618//2171 326//518 620//2186
f 150//2178 592//2187 1254//2163
f 1234//2184 1257//2188 1481//2167
f 328//2180 326//518 618//2171
f 1244//2176 1243//2189 1539//2181
f 628//2190 253//426 630//2183
f 140//2191 592//2187 150//2178
f 326//518 164//517 620//2186
f 628//2190 301//424 253//426
f 1234//2184 1258//2192 1257//2188
f 1488//2193 1250//2194 1503//2195
f 1503//2195 1250//2194 1249//2196
f 174//617 373//579 610//2185
f 1503//2195 1249//2196 1259//2197
f 140//2191 594//2198 592//2187
f 136//2199 594//2198 140//2191
f 620//2186 164//517 622//2200
f 1243//2189 1242//2201 1539//2181
f 1234//2184 1260//2202 1258//2192
f 1233//2203 1260//2202 1234//2184
f 610//2185 373//579 612//2204
f 1259//2197 1249//2196 1384//2205
f 129//2206 594//2198 136//2199
f 1539//2181 1242//2201 1392//2207
f 626//2208 301//424 628//2190
f 164//517 161//2209 622//2200
f 622//2200 161//2209 624//2210
f 1233//2203 1261//2211 1260//2202
f 292//385 594//2198 129//2206
f 1249//2196 1248//2212 1384//2205
f 161//2209 159//2213 624//2210
f 292//385 596//2214 594//2198
f 626//2208 327//481 301//424
f 624//2210 327//481 626//2208
f 159//2213 327//481 624//2210
f 1242//2201 1241//2215 1392//2207
f 1392//2207 1241//2215 1547//2216
f 1384//2205 1248//2212 1541//2217
f 1547//2216 1241//2215 1548//2218
f 1488//2193 1251//2219 1250//2194
f 634//2220 1261//2211 1233//2203
f 612//2204 373//579 614//2170
f 1548//2218 1241//2215 1262//2221
f 292//385 598//2222 596//2214
f 1241//2215 1240//2223 1262//2221
f 232//313 598//2222 292//385
f 1248//2212 1247//2224 1541//2217
f 1448//2225 1251//2219 1488//2193
f 232//313 600//2226 598//2222
f 1240//2223 1239//2227 1262//2221
f 1262//2221 1239//2227 1263//2228
f 1448//2225 1252//2229 1251//2219
f 1541//2217 1247//2224 1264//2230
f 373//579 353//581 614//2170
f 1263//2228 1239//2227 1390//2231
f 1390//2231 1239//2227 1265//2232
f 1239//2227 1238//2233 1265//2232
f 232//313 602//2234 600//2226
f 332//258 602//2234 232//313
f 1247//2224 1246//2235 1264//2230
f 634//2220 209//2236 1261//2211
f 1264//2230 1246//2235 1266//2237
f 1237//2238 1431//2168 1238//2233
f 1238//2233 1431//2168 1265//2232
f 602//2234 332//258 604//2239
f 1448//2225 1253//2165 1252//2229
f 332//258 170//2240 604//2239
f 614//2170 353//581 616//2170
f 1255//2164 1253//2165 1448//2225
f 170//2240 157//228 604//2239
f 634//2220 318//2161 209//2236
f 1236//2166 1431//2168 1237//2238
f 1246//2235 1245//2175 1266//2237
f 1266//2237 1245//2175 1522//2177
f 157//228 382//227 604//2239
f 604//2239 382//227 606//2173
f 632//2159 318//2161 634//2220
f 1082//948 1140//2241 590//947
f 1080//2242 1140//2241 1082//948
f 1080//2242 1152//2243 1140//2241
f 1152//2243 1080//2242 1079//2244
f 1079//2244 1162//2245 1152//2243
f 1076//2246 1162//2245 1079//2244
f 1076//2246 1179//2247 1162//2245
f 1179//2247 1076//2246 1074//2248
f 1074//2248 1086//2249 1179//2247
f 1086//2249 1074//2248 1072//2250
f 1072//2250 1094//2251 1086//2249
f 1094//2251 1072//2250 1071//2252
f 1105//2253 1094//2251 1071//2252
f 1115//2254 1105//2253 1071//2252
f 1115//2254 1071//2252 1070//2255
f 1070//2255 1175//2256 1115//2254
f 1175//2256 1070//2255 1069//2257
f 1153//2258 1175//2256 1069//2257
f 1153//2258 1069//2257 1068//2259
f 1146//2260 1153//2258 1068//2259
f 1067//2261 1103//2262 1146//2260
f 1067//2261 1146//2260 1068//2259
f 1103//2262 1067//2261 1066//2263
f 1066//2263 1083//2264 1103//2262
f 1083//2264 1066//2263 1065//2265
f 1184//2266 1083//2264 1065//2265
f 1173//2267 1184//2266 1065//2265
f 1063//2268 1173//2267 1065//2265
f 1147//2269 1063//2268 1061//2270
f 1147//2269 1173//2267 1063//2268
f 1139//2271 1061//2270 1059//2272
f 1139//2271 1147//2269 1061//2270
f 1132//2273 1059//2272 1055//2274
f 1132//2273 1139//2271 1059//2272
f 1055//2274 1116//2275 1132//2273
f 1116//2275 1055//2274 1054//2276
f 1054//2276 554//911 1116//2275
f 554//911 1054//2276 552//909
f 551//907 1190//2277 1181//908
f 1181//908 1190//2277 1145//2278
f 1190//2277 1192//2279 1145//2278
f 1145//2278 1192//2279 1129//2280
f 1192//2279 1194//2281 1129//2280
f 1129//2280 1194//2281 1104//2282
f 1194//2281 1196//2283 1104//2282
f 1104//2282 1196//2283 1089//2284
f 1196//2283 1198//2285 1089//2284
f 1089//2284 1198//2285 1165//2286
f 1198//2285 1200//2287 1165//2286
f 1165//2286 1200//2287 1154//2288
f 1200//2287 1202//2289 1154//2288
f 1154//2288 1202//2289 1151//2290
f 1202//2289 1204//2291 1151//2290
f 1151//2290 1204//2291 1133//2292
f 1204//2291 1206//2293 1133//2292
f 1133//2292 1206//2293 1121//2294
f 1206//2293 1208//2295 1121//2294
f 1208//2295 1210//2296 1121//2294
f 1121//2294 1210//2296 1110//2297
f 1210//2296 1212//2298 1110//2297
f 1110//2297 1212//2298 1087//2299
f 1212//2298 1213//2300 1087//2299
f 1213//2300 1215//2301 1087//2299
f 1087//2299 1215//2301 1085//2302
f 1215//2301 1217//2303 1085//2302
f 1085//2302 1217//2303 1134//2304
f 1217//2303 1219//2305 1134//2304
f 1134//2304 1219//2305 1107//2306
f 1219//2305 1221//2307 1107//2306
f 1107//2306 1221//2307 1096//2308
f 1221//2307 1223//2309 1096//2308
f 1096//2308 1223//2309 1101//2310
f 1223//2309 1225//2311 1101//2310
f 1101//2310 1225//2311 1126//2312
f 1225//2311 1227//2313 1126//2312
f 1126//2312 1227//2313 1118//2314
f 1227//2313 1229//2315 1118//2314
f 1118//2314 1229//2315 1128//2316
f 1229//2315 1231//2317 1128//2316
f 1128//2316 1231//2317 1141//2318
f 1231//2317 507//863 1141//2318
f 1141//2318 507//863 508//865
f 1039//2319 1268//2320 1319//2321
f 1319//2322 1268//2323 1056//2324
f 1273//2325 1271//2326 1268//2320
f 1268//2323 1271//2327 1056//2324
f 1271//2328 1273//2329 1274//2330
f 1289//2331 1275//2332 1081//2333
f 1081//2333 1277//2334 1290//2335
f 1290//2335 1278//2336 1291//2337
f 1291//2337 1279//2338 1292//2339
f 1292//2339 1280//2340 1281//2341
f 1281//2342 1293//2343 1078//2344
f 1293//2343 1295//2345 1078//2344
f 1295//2346 1077//2347 1078//2348
f 1295//2346 1075//2349 1077//2347
f 1295//2346 1301//2350 1075//2349
f 1295//2351 1298//2351 1301//2351
f 1301//2350 1304//2352 1073//2353
f 1301//2350 1073//2353 1075//2349
f 1282//2354 1283//2355 1270//2356
f 1270//2357 1062//2358 1269//2359
f 1283//2355 1285//2360 1270//2356
f 1272//2361 1062//2358 1270//2357
f 1312//2362 1316//2363 1284//2364
f 1312//2362 1040//2365 1316//2363
f 1312//2366 1042//2367 1040//2368
f 1040//2365 1041//2369 1286//2370
f 1041//2369 1267//2371 1319//2321
f 1267//2371 1039//2319 1319//2321
f 1039//2372 1038//2373 1273//2374
f 1039//2319 1273//2325 1268//2320
f 1288//2375 505//2376 504//2377
f 1287//2378 1275//2332 1289//2331
f 1047//1966 504//2379 422//1963
f 1275//2380 1287//2381 1047//2382
f 1287//2381 504//2383 1047//2382
f 1287//2378 1288//2375 504//2377
f 1289//2331 1288//2375 1287//2378
f 1275//2332 1277//2334 1081//2333
f 1277//2384 1275//2380 1047//2382
f 1277//2384 1047//2382 1050//2385
f 1277//2334 1278//2336 1290//2335
f 1278//2386 1277//2384 1050//2385
f 1278//2336 1279//2338 1291//2337
f 1279//2387 1278//2386 1050//2385
f 1279//2387 1050//2385 1051//2388
f 1279//2338 1280//2340 1292//2339
f 1280//2389 1279//2387 1051//2388
f 1051//2390 1299//2390 1294//2390
f 1296//2391 1053//2391 1052//2391
f 1296//2392 1303//2393 1053//2394
f 1298//2395 1295//2396 1294//2397
f 1297//2398 1303//2399 1296//2400
f 1297//2398 1304//2401 1303//2399
f 1297//2402 1073//2353 1304//2352
f 1302//2403 1297//2403 1296//2403
f 1305//2404 1296//2404 1052//2404
f 1306//2405 1296//2406 1305//2407
f 1306//2405 1302//2408 1296//2406
f 1049//2409 1305//2409 1052//2409
f 1307//2410 1305//2411 1049//2412
f 1307//2413 1306//2405 1305//2407
f 1308//2414 1306//2405 1307//2413
f 1064//2415 1269//2359 1062//2358
f 1309//2416 1308//2414 1307//2413
f 1276//2417 1062//2358 1272//2361
f 1313//2418 1276//2419 1272//2420
f 1313//2421 1272//2422 1285//2360
f 1048//2423 1307//2410 1049//2412
f 1310//2424 1307//2410 1048//2423
f 1310//2425 1309//2425 1307//2425
f 1311//2426 1309//2427 1310//2428
f 1314//2429 1310//2424 1048//2423
f 1315//2430 1310//2431 1314//2432
f 1060//2433 1284//2433 1058//2433
f 1315//2434 1311//2426 1310//2428
f 1314//2435 1048//1964 1046//1961
f 1317//2436 1315//2430 1314//2432
f 1318//2437 1315//2430 1317//2436
f 1286//2370 1041//2369 1319//2321
f 1057//2438 1286//2439 1319//2440
f 1319//2322 1056//2324 1057//2441
f 1046//2442 1317//2442 1314//2442
f 1320//2443 1317//2444 1046//2445
f 1320//2446 1318//2437 1317//2436
f 1271//2327 1274//2447 1056//2324
f 1322//2448 1046//2445 1321//2449
f 1322//2448 1320//2443 1046//2445
f 1323//2450 1322//2448 1321//2449
f 1324//2451 1322//2448 1323//2450
f 1321//2452 1046//1961 1045//1960
f 1323//2453 1321//2453 1045//2453
f 1325//2454 1324//2451 1323//2450
f 1326//2455 1323//2456 1045//2457
f 1326//2455 1325//2458 1323//2456
f 1327//2459 1325//2458 1326//2455
f 1281//2341 1280//2340 1293//2460
f 1293//2461 1280//2462 1051//2463
f 1326//2464 1045//2464 1044//2464
f 1328//2465 1327//2459 1326//2455
f 1294//2466 1293//2461 1051//2463
f 1293//2467 1294//2397 1295//2396
f 1299//2468 1298//2469 1294//2470
f 1329//2471 1326//2472 1044//2473
f 1329//2474 1328//2474 1326//2474
f 1330//2475 1328//2476 1329//2477
f 1298//2478 1300//2479 1301//2480
f 1298//2469 1299//2468 1300//2481
f 1269//2482 1329//2471 1044//2473
f 1269//2482 1044//2473 1282//2354
f 1064//2415 1329//2477 1269//2359
f 1064//2415 1330//2475 1329//2477
f 1303//2393 1300//2483 1053//2394
f 1303//2399 1301//2480 1300//2479
f 1303//2399 1304//2401 1301//2480
f 1269//2482 1282//2354 1270//2356
f 1043//2484 1285//2485 1283//2486
f 1270//2356 1285//2360 1272//2422
f 448//2487 1273//2374 1038//2373
f 1042//2367 1312//2366 1285//2485
f 1042//2367 1285//2485 1043//2484
f 1313//2421 1285//2360 1312//2362
f 450//741 1273//2488 448//742
f 450//2489 1274//2330 1273//2329
f 1313//2418 1060//2490 1276//2419
f 1313//2421 1312//2362 1284//2364
f 1313//2418 1284//2491 1060//2490
f 1284//2492 1316//2493 1058//2494
f 1040//2365 1286//2370 1316//2363
f 1058//2494 1316//2493 1286//2439
f 1286//2439 1057//2438 1058//2494
f 1300//2495 1299//2495 1053//2495
f 1332//2496 1334//2497 1331//2498
f 1337//2499 1332//2496 1333//2500
f 1336//2501 1334//2497 1332//2496
f 1343//2502 1340//2503 1333//671
f 1331//2504 1335//2505 1342//2506
f 1333//671 1339//2507 1338//2508
f 1333//671 1340//2503 1339//2507
f 405//672 1333//671 1338//2508
f 1342//2506 1343//2502 1333//671
f 1335//2505 1341//2509 1342//2506
f 1336//2501 1332//2496 1337//2499
f 1341//2509 1343//2502 1342//2506
f 399//680 1337//2510 1333//678
f 1331//2504 1342//2506 1333//2511
f 1331//2498 1333//2512 1332//2496
f 1349//2513 1331//2514 1334//2515
f 1344//2516 1349//2513 1334//2515
f 1344//2516 1334//2515 1336//2517
f 392//2518 405//2518 1338//2518
f 1345//2519 1344//2520 1336//2521
f 1346//2522 392//2523 1338//2524
f 1345//2519 1336//2521 1337//2525
f 1346//2522 1338//2524 1339//2526
f 386//2527 1345//2527 1337//2527
f 1347//2528 1339//2529 1340//2530
f 1347//2528 1346//2531 1339//2529
f 386//2532 1337//2532 399//2532
f 1347//2533 1340//2533 1343//2533
f 1097//2534 1347//2535 1343//2536
f 1097//2534 1343//2536 1341//2537
f 1348//2538 1097//2539 1341//2540
f 1348//2541 1341//2541 1335//2541
f 1188//2542 1348//2538 1335//2543
f 1188//2542 1335//2543 1331//2544
f 1349//2545 1188//2545 1331//2545
f 1185//2546 1349//2546 1344//2546
f 1172//2547 1185//2547 1344//2547
f 1172//2548 1344//2548 1345//2548
f 1125//2549 392//2549 1346//2549
f 1125//2550 390//2550 392//2550
f 1158//2551 1172//2551 1345//2551
f 1158//2552 1345//2552 386//2552
f 1125//2553 1346//2553 1347//2553
f 385//2554 1158//2554 386//2554
f 1109//2555 1125//2555 1347//2555
f 1109//2556 1347//2556 1097//2556
f 1188//2542 1097//2539 1348//2538
f 1185//2557 1188//2557 1349//2557
f 1397//2558 1356//2559 1352//2560
f 1262//2561 1356//2559 1397//2558
f 1351//2562 1350//2563 1359//2564
f 1350//2563 1363//2565 1359//2564
f 1355//2566 1006//2567 1007//2568
f 1360//2569 1257//2570 1258//2571
f 1358//2572 1257//2570 1360//2569
f 1355//2566 1361//2573 1006//2567
f 1490//2574 1360//2575 1362//2576
f 1357//2577 1361//2573 1355//2566
f 1363//2565 1366//2578 1359//2564
f 1359//2564 1366//2578 1364//2579
f 1360//2569 1258//2571 1260//2580
f 1357//2581 1352//2582 1361//2583
f 1364//2579 1366//2578 1369//2584
f 1362//2576 1531//2585 1367//2586
f 1006//2567 1520//2587 1398//2588
f 1361//2573 1520//2587 1006//2567
f 1361//2573 1370//2589 1520//2587
f 1531//2590 1260//2580 1261//2591
f 1367//2586 1531//2585 1373//2592
f 1361//2583 1372//2593 1370//2594
f 1352//2582 1372//2593 1361//2583
f 1369//2584 1374//2595 1376//2596
f 1352//2560 1375//2597 1372//2598
f 1369//2599 1376//2596 1008//2600
f 1356//2559 1375//2597 1352//2560
f 1262//2221 1263//2228 1356//2601
f 1356//2559 1263//2602 1375//2597
f 1500//2603 1378//2604 1415//2605
f 1036//2606 1378//2604 1500//2603
f 1502//2607 1036//2606 1500//2603
f 1382//2608 1259//2609 1383//2610
f 1383//2610 1384//2611 1385//2612
f 1386//2613 1381//2614 1375//2597
f 1385//2612 1541//2615 1388//2616
f 1386//2613 1375//2597 1390//2617
f 1511//2618 1021//2619 1510//2620
f 1020//2621 1021//2619 1511//2618
f 1512//2622 1389//2623 1511//2618
f 1020//1902 1389//2623 1019//1900
f 1396//2624 1387//2625 1386//2613
f 1393//2626 1547//2627 1394//2628
f 1386//2613 1390//2617 1396//2624
f 1396//2624 1390//2617 1265//2232
f 1394//2628 1548//2629 1395//2630
f 1395//2630 1262//2561 1397//2558
f 1523//2631 1549//2632 1520//2587
f 1005//1876 1549//2632 1004//1875
f 1525//2633 1401//2634 1523//2631
f 1004//1875 1401//2634 1003//1873
f 1353//2635 1002//2636 1003//2637
f 1353//2635 1402//2638 1002//2636
f 1400//2639 1405//2640 1403//2641
f 1354//2642 1402//2643 1353//2644
f 1360//2569 1260//2580 1365//2645
f 1365//2645 1260//2580 1531//2590
f 1354//2642 1404//2646 1402//2643
f 1531//2590 1261//2591 1371//2647
f 1399//2648 1404//2646 1354//2642
f 1405//2640 1409//2649 1403//2641
f 1403//2641 1409//2649 1406//2650
f 1399//2648 1407//2651 1404//2646
f 192//2652 1408//2653 1037//2654
f 1396//2624 1407//2651 1399//2648
f 192//472 313//471 1408//2655
f 1396//2624 1410//2656 1407//2651
f 1406//2650 1409//2649 1412//2657
f 1265//2232 1410//2656 1396//2624
f 315//475 1418//2658 313//474
f 1408//2653 1377//2659 1037//2654
f 316//478 1418//2660 315//477
f 1402//2638 1413//2661 1002//2636
f 1002//2636 1413//2661 1001//2662
f 1412//2657 1414//2663 1416//2664
f 1408//2653 1415//2605 1377//2659
f 316//478 1419//2665 1418//2660
f 1412//2666 1416//2667 991//2668
f 313//2669 1417//2670 1408//2671
f 1408//2671 1417//2670 1415//2672
f 150//2178 1256//2162 316//2673
f 1431//2168 1410//2656 1265//2232
f 1402//2643 1404//2646 1413//2674
f 313//474 1418//2658 1417//2675
f 316//2673 1256//2162 1419//2676
f 1420//2677 1418//2660 1419//2665
f 1418//2658 1421//2678 1417//2675
f 1420//2679 1421//2678 1418//2658
f 1420//2679 1425//2680 1421//2678
f 1423//2681 1425//2680 1420//2679
f 1001//2662 1424//2682 1000//2683
f 1413//2661 1424//2682 1001//2662
f 1423//2684 1420//2677 1428//2685
f 1404//2646 1426//2686 1413//2674
f 1413//2674 1426//2686 1424//2687
f 1407//2651 1429//2688 1404//2646
f 1404//2646 1429//2688 1426//2689
f 1423//2681 1427//2690 1425//2680
f 1430//2691 1427//2690 1423//2681
f 1407//2651 1431//2692 1429//2693
f 1410//2656 1431//2692 1407//2651
f 1430//2691 1423//2684 1433//2694
f 1430//2691 1432//2695 1427//2690
f 1000//2683 1436//2696 999//2697
f 1424//2682 1436//2696 1000//2683
f 1434//2698 1437//2699 1439//2700
f 1426//2686 1438//2701 1424//2687
f 1424//2687 1438//2701 1436//2702
f 1504//2703 1035//2704 1380//2705
f 1504//2703 1440//2706 1035//2704
f 1426//2689 1429//2688 1438//2707
f 1432//2695 1440//2708 1504//2709
f 1432//2695 1443//2710 1440//2708
f 999//2697 1436//2696 1444//2711
f 999//2712 1444//2713 998//2714
f 1439//2700 1441//2715 1442//2716
f 1430//2691 1443//2710 1432//2695
f 1430//2691 1445//2717 1443//2710
f 1441//2715 1446//2718 1442//2716
f 1517//2719 1442//2720 1447//2721
f 1433//2694 1445//2717 1430//2691
f 1442//2716 1446//2718 1447//2722
f 1433//2694 1448//2723 1445//2717
f 1255//2164 1448//2723 1433//2694
f 1517//2719 1447//2721 1449//2724
f 1447//2722 1446//2718 1449//2725
f 1436//2696 1450//2726 1444//2711
f 1446//2718 1452//2727 1449//2725
f 1440//2706 1453//2728 1035//2704
f 1035//2704 1453//2728 1034//2729
f 1438//2701 1454//2730 1436//2702
f 1436//2702 1454//2730 1450//2731
f 1440//2708 1443//2710 1453//2732
f 1444//2713 997//2733 998//2714
f 1429//2688 1456//2734 1438//2707
f 1438//2707 1456//2734 1454//2735
f 1460//2736 1455//2737 1458//2738
f 1431//2692 1459//2739 1429//2693
f 1429//2693 1459//2739 1456//2740
f 1455//2737 1461//2741 1457//2742
f 1460//2743 1461//2741 1455//2737
f 1460//2743 1463//2744 1461//2741
f 1481//2167 1459//2745 1431//2168
f 1465//2746 1463//2744 1460//2743
f 1444//2711 1462//2747 997//2748
f 1450//2726 1462//2747 1444//2711
f 1034//2729 1464//2749 1033//2750
f 1453//2728 1464//2749 1034//2729
f 1465//2751 1460//2736 1468//2752
f 1450//2731 1454//2730 1462//2753
f 1453//2732 1466//2754 1464//2755
f 1443//2710 1466//2754 1453//2732
f 1445//2717 1469//2756 1443//2710
f 1443//2710 1469//2756 1466//2757
f 1465//2746 1467//2758 1463//2744
f 1470//2759 1467//2758 1465//2746
f 997//2748 1462//2747 996//2760
f 1448//2723 1471//2761 1445//2717
f 1470//2759 1465//2751 1473//2762
f 1445//2717 1471//2761 1469//2763
f 1470//2759 1472//2764 1467//2758
f 1033//2750 1475//2765 1032//2766
f 1462//2747 1476//2767 996//2760
f 1464//2749 1475//2765 1033//2750
f 1350//2768 1474//2769 1363//2770
f 1466//2754 1477//2771 1464//2755
f 1464//2755 1477//2771 1475//2772
f 1454//2730 1478//2773 1462//2753
f 1462//2753 1478//2773 1476//2774
f 1466//2757 1469//2756 1477//2775
f 1454//2735 1480//2776 1478//2777
f 1456//2734 1480//2776 1454//2735
f 996//2760 1476//2767 995//2778
f 1363//2770 1479//2779 1366//2780
f 1459//2739 1481//2781 1456//2740
f 1456//2740 1481//2781 1480//2782
f 1488//2193 1471//2783 1448//2225
f 1479//2779 1482//2784 1366//2780
f 1369//2584 1366//2578 1368//2785
f 1366//2780 1482//2784 1368//2786
f 1475//2765 1031//2787 1032//2766
f 1476//2767 1483//2788 995//2778
f 1369//2584 1368//2785 1374//2595
f 1368//2786 1482//2784 1374//2595
f 1476//2774 1478//2773 1483//2789
f 1482//2784 1484//2790 1374//2595
f 1475//2765 1487//2791 1031//2787
f 995//2778 1483//2788 994//2792
f 1477//2771 1485//2793 1475//2772
f 1475//2772 1485//2793 1487//2794
f 1469//2756 1486//2795 1477//2775
f 1477//2775 1486//2795 1485//2796
f 1031//2787 1487//2791 1030//2797
f 1381//2614 1372//2598 1375//2597
f 1372//2593 1489//2798 1370//2594
f 1381//2799 1489//2798 1372//2593
f 1469//2763 1488//2800 1486//2801
f 1471//2761 1488//2800 1469//2763
f 1483//2788 1403//2641 994//2792
f 1483//2788 1400//2639 1403//2641
f 1381//2799 1491//2802 1489//2798
f 1387//2803 1491//2802 1381//2799
f 1478//2773 1490//2804 1483//2789
f 1483//2789 1490//2804 1400//2805
f 1487//2791 1492//2806 1030//2797
f 1387//2625 1381//2614 1386//2613
f 1480//2776 1358//2807 1478//2777
f 1478//2777 1358//2807 1490//2574
f 1481//2781 1257//2570 1480//2782
f 1480//2782 1257//2570 1358//2572
f 1487//2794 1485//2793 1492//2808
f 1387//2803 1493//2809 1491//2802
f 1399//2648 1493//2809 1387//2803
f 1030//2797 1492//2806 1029//2810
f 1399//2648 1387//2625 1396//2624
f 1399//2648 1354//2642 1493//2809
f 1492//2806 1494//2811 1029//2810
f 1400//2805 1490//2804 1405//2812
f 1492//2808 1495//2813 1494//2814
f 1485//2793 1495//2813 1492//2808
f 1405//2812 1362//2815 1409//2816
f 1486//2795 1496//2817 1485//2796
f 1485//2796 1496//2817 1495//2818
f 1029//2810 1494//2811 1028//2819
f 1362//2815 1367//2820 1409//2816
f 1486//2801 1497//2821 1496//2822
f 1488//2800 1497//2821 1486//2801
f 1412//2657 1409//2649 1411//2823
f 1409//2816 1367//2820 1411//2824
f 1416//2667 198//2825 991//2668
f 1412//2657 1411//2823 1414//2663
f 1411//2824 1367//2820 1414//2826
f 1494//2811 1498//2827 1028//2819
f 1414//2663 202//289 1416//2664
f 1416//2664 202//289 198//288
f 1373//2828 202//295 1414//2826
f 1367//2820 1373//2828 1414//2826
f 1373//2828 206//293 202//295
f 1371//2829 206//299 1373//2592
f 1371//2829 207//297 206//299
f 1494//2814 1495//2813 1498//2830
f 1261//2591 207//297 1371//2647
f 1261//2591 209//308 207//297
f 1503//2195 1497//2831 1488//2193
f 1028//2819 1498//2827 1027//2832
f 1255//2164 1499//2833 1256//2162
f 1500//2834 1415//2672 1417//2670
f 1498//2827 1435//2835 1027//2832
f 1498//2827 1434//2836 1435//2835
f 1502//2837 1500//2834 1425//2838
f 1495//2813 1437//2699 1498//2830
f 1498//2830 1437//2699 1434//2698
f 1496//2817 1501//2839 1495//2818
f 1495//2818 1501//2839 1437//2840
f 1497//2821 1503//2841 1496//2822
f 1496//2822 1503//2841 1501//2842
f 1432//2695 1502//2837 1427//2843
f 1504//2709 1502//2837 1432//2695
f 1266//2237 1505//2844 1264//2230
f 1437//2840 1501//2839 1382//2845
f 1439//2700 1437//2699 1441//2715
f 1441//2846 1382//2845 1383//2847
f 1446//2848 1383//2847 1385//2849
f 1451//2850 1023//2851 1024//2852
f 1451//2853 1506//2854 1023//2855
f 1449//2724 1506//2854 1451//2853
f 1452//2856 1385//2849 1388//2857
f 1452//2727 1507//2858 1449//2725
f 1449//2725 1507//2858 1506//2854
f 1388//2857 1508//2859 1452//2856
f 1452//2856 1508//2859 1507//2858
f 1388//2616 1509//2860 1508//2859
f 1541//2615 1509//2860 1388//2616
f 1023//2855 1506//2854 1022//2861
f 1511//2862 1510//2620 1457//2742
f 1256//2162 1422//2863 1419//2676
f 1022//2861 1510//2620 1021//2619
f 1512//2864 1511//2862 1463//2865
f 1506//2854 1510//2620 1022//2861
f 1506//2854 1457//2742 1510//2620
f 1507//2858 1457//2742 1506//2854
f 1507//2858 1455//2737 1457//2742
f 1508//2859 1455//2737 1507//2858
f 1508//2859 1458//2738 1455//2737
f 1509//2860 1458//2738 1508//2859
f 1541//2217 1264//2230 1509//2866
f 1509//2860 1264//2230 1458//2738
f 1472//2764 1512//2864 1467//2867
f 1513//2868 1512//2864 1472//2764
f 1255//2164 1433//2694 1499//2833
f 1474//2869 1514//2870 1393//2871
f 1435//2835 1515//2872 1027//2832
f 1027//2832 1515//2872 1026//2873
f 1363//2770 1474//2769 1479//2779
f 1479//2874 1393//2871 1394//2875
f 1515//2872 1516//2876 1026//2873
f 1026//2873 1516//2876 1025//2877
f 1516//2876 1517//2878 1025//2877
f 1482//2879 1394//2875 1395//2880
f 1025//2877 1517//2878 1024//2852
f 1484//2881 1395//2880 1397//2882
f 1513//2883 1018//2884 1391//2885
f 1513//2883 1518//2886 1018//2884
f 1472//2764 1518//2887 1513//2868
f 1472//2764 1519//2888 1518//2887
f 1470//2759 1519//2888 1472//2764
f 1470//2759 1521//2889 1519//2888
f 1523//2890 1520//2587 1370//2589
f 1473//2762 1521//2889 1470//2759
f 1473//2762 1522//2891 1521//2889
f 1266//2237 1522//2891 1473//2762
f 1525//2892 1523//2890 1491//2893
f 1518//2886 1524//2894 1018//2884
f 1018//2884 1524//2894 1017//2895
f 1518//2887 1519//2888 1524//2896
f 1266//2237 1473//2762 1505//2844
f 1354//2642 1525//2892 1493//2897
f 1353//2644 1525//2892 1354//2642
f 1017//2898 1526//2899 1016//2900
f 1351//2562 1359//2901 1011//2902
f 1011//2902 1359//2901 1010//2903
f 1017//2895 1527//2904 1526//2905
f 1524//2894 1527//2904 1017//2895
f 1490//2574 1358//2807 1360//2575
f 1405//2812 1490//2804 1362//2815
f 1524//2896 1528//2906 1527//2907
f 1519//2888 1528//2906 1524//2896
f 1359//2901 1364//2908 1010//2903
f 1010//2903 1364//2908 1009//2909
f 1362//2576 1360//2575 1365//2910
f 1521//2889 1529//2911 1519//2888
f 1519//2888 1529//2911 1528//2912
f 1364//2908 1369//2599 1009//2909
f 1522//2891 1530//2913 1521//2889
f 1521//2889 1530//2913 1529//2914
f 1362//2576 1365//2910 1531//2585
f 1009//2909 1369//2599 1008//2600
f 1526//2899 1532//2915 1016//2900
f 1526//2905 1533//2916 1532//2917
f 1527//2904 1533//2916 1526//2905
f 1373//2592 1531//2585 1371//2829
f 1527//2907 1534//2918 1533//2919
f 1528//2906 1534//2918 1527//2907
f 1528//2912 1529//2911 1534//2920
f 1016//1894 1532//2921 1015//1893
f 1390//2617 1375//2597 1263//2602
f 1378//2604 1377//2659 1415//2605
f 1539//2181 1530//2922 1522//2177
f 1421//2923 1500//2834 1417//2670
f 1532//2921 1535//2924 1015//1893
f 1425//2838 1500//2834 1421//2923
f 1533//2916 1536//2925 1532//2917
f 1532//2917 1536//2925 1535//2926
f 1427//2843 1502//2837 1425//2838
f 1379//2927 1036//2606 1502//2607
f 1534//2918 1537//2928 1533//2919
f 1533//2919 1537//2928 1536//2929
f 1535//2924 1014//2930 1015//1893
f 1504//2703 1379//2927 1502//2607
f 1534//2920 1538//2931 1537//2932
f 1529//2911 1538//2931 1534//2920
f 1504//2703 1380//2705 1379//2927
f 1530//2913 1539//2933 1529//2914
f 1529//2914 1539//2933 1538//2934
f 994//2935 1403//2936 993//2937
f 1501//2842 1503//2841 1382//2608
f 1437//2840 1382//2845 1441//2846
f 1535//2926 1540//2938 1014//2939
f 1403//2936 1406//2940 993//2937
f 1536//2925 1540//2938 1535//2926
f 993//2937 1406//2940 992//2941
f 1382//2608 1503//2841 1259//2609
f 1536//2929 1537//2928 1540//2942
f 1406//2940 1412//2666 992//2941
f 1383//2610 1259//2609 1384//2611
f 1441//2846 1383//2847 1446//2848
f 1014//2939 1540//2938 1013//2943
f 992//2941 1412//2666 991//2668
f 1446//2848 1385//2849 1452//2856
f 1385//2612 1384//2611 1541//2615
f 1540//2938 1542//2944 1013//2943
f 1422//2863 1420//2677 1419//2665
f 1537//2928 1543//2945 1540//2942
f 1540//2942 1543//2945 1542//2946
f 1537//2932 1544//2947 1543//2948
f 1538//2931 1544//2947 1537//2932
f 1013//2943 1542//2944 1012//2949
f 1428//2685 1420//2677 1422//2863
f 1461//2950 1511//2862 1457//2742
f 1428//2685 1422//2863 1499//2833
f 1538//2934 1545//2951 1544//2952
f 1499//2833 1422//2863 1256//2162
f 1539//2933 1545//2951 1538//2934
f 1463//2865 1511//2862 1461//2950
f 1389//2623 1020//2621 1511//2618
f 1542//2944 1546//2953 1012//2949
f 1433//2694 1423//2684 1428//2685
f 1467//2867 1512//2864 1463//2865
f 1428//2685 1499//2833 1433//2694
f 1542//2946 1543//2945 1546//2954
f 1513//2883 1389//2623 1512//2622
f 1389//2623 1391//2885 1019//1900
f 1513//2883 1391//2885 1389//2623
f 1012//2949 1546//2953 1011//2902
f 1435//2835 1434//2836 1515//2955
f 1434//2836 1439//2956 1515//2955
f 1539//2181 1392//2207 1545//2957
f 1514//2958 1392//2959 1393//2626
f 1474//2869 1393//2871 1479//2874
f 1439//2956 1442//2720 1515//2955
f 1546//2953 1351//2562 1011//2902
f 1515//2955 1442//2720 1516//2960
f 1546//2953 1350//2563 1351//2562
f 1393//2626 1392//2959 1547//2627
f 1543//2945 1474//2769 1546//2954
f 1546//2954 1474//2769 1350//2768
f 1516//2960 1442//2720 1517//2719
f 1394//2628 1547//2627 1548//2629
f 1544//2947 1514//2870 1543//2948
f 1543//2948 1514//2870 1474//2869
f 1479//2874 1394//2875 1482//2879
f 1545//2951 1392//2959 1544//2952
f 1544//2952 1392//2959 1514//2958
f 1482//2879 1395//2880 1484//2881
f 1517//2719 1449//2724 1451//2853
f 1517//2878 1451//2850 1024//2852
f 1395//2630 1548//2629 1262//2561
f 1005//1876 1398//2588 1549//2632
f 1549//2632 1398//2588 1520//2587
f 1468//2752 1460//2736 1458//2738
f 1489//2961 1523//2890 1370//2589
f 1505//2844 1458//2738 1264//2230
f 1468//2752 1458//2738 1505//2844
f 1491//2893 1523//2890 1489//2961
f 1004//1875 1549//2632 1401//2634
f 1401//2634 1549//2632 1523//2631
f 1473//2762 1465//2751 1468//2752
f 1493//2897 1525//2892 1491//2893
f 1376//2596 1007//2568 1008//2600
f 1468//2752 1505//2844 1473//2762
f 1376//2596 1355//2566 1007//2568
f 1374//2595 1355//2566 1376//2596
f 1374//2595 1357//2577 1355//2566
f 1353//2635 1401//2634 1525//2633
f 1003//2637 1401//2634 1353//2635
f 1484//2790 1357//2577 1374//2595
f 1484//2881 1352//2582 1357//2581
f 1397//2882 1352//2582 1484//2881
f 1553//1595 1550//1595 1551//1595
f 1554//1595 1553//1595 1555//2026
f 1554//1595 1550//1595 1553//1595
f 1557//1595 1552//1595 1550//1595
f 1557//1595 1550//1595 1554//1595
f 1557//1595 1554//1595 1556//1595
f 107//1595 1557//1595 1558//1595
f 107//1595 1552//1595 1557//1595
f 109//1595 1552//1595 107//1595
f 109//1595 1559//1595 1552//1595
f 109//1595 1560//1595 1559//1595
f 112//1595 1560//1595 109//1595
f 112//1595 113//1595 1560//1595
f 112//1595 114//1595 113//1595
f 1562//1595 114//1595 112//1595
f 1562//1595 115//1595 114//1595
f 1565//1595 115//1595 1562//1595
f 1564//1595 1561//1595 115//1595
f 1564//1595 1563//1595 1561//1595
f 1568//1595 1564//1595 115//1595
f 1568//1595 1566//1595 1564//1595
f 1569//1595 115//1595 1565//1595
f 1569//1595 1565//1595 1567//1595
f 1571//1595 115//1595 1569//1595
f 1570//1595 115//1595 1571//1595
f 1570//1595 1568//1595 115//1595
f 1572//2962 1552//2963 1559//2964
f 1572//2962 1591//2965 1552//2963
f 1572//2962 1559//2964 1560//2966
f 1573//2967 1572//2962 1560//2966
f 90//177 1560//2966 113//178
f 90//177 1573//2967 1560//2966
f 1575//2968 1574//2969 1568//2970
f 1575//2968 1568//2970 1570//2971
f 1576//2972 115//2973 1561//2974
f 1576//2972 95//2975 115//2973
f 1577//2976 1575//2977 1570//2978
f 1577//2976 1570//2978 1571//2979
f 1576//2980 1561//2981 1563//2982
f 1577//2983 1571//2984 1569//2985
f 1578//2986 1577//2983 1569//2985
f 1579//2987 1576//2980 1563//2982
f 1579//2987 1563//2982 1564//2988
f 1578//2989 1569//2990 1567//2991
f 1580//2992 1578//2989 1567//2991
f 1581//2993 1579//2994 1564//2995
f 1581//2993 1564//2995 1566//2996
f 1582//2997 1580//2998 1567//2999
f 1582//2997 1567//2999 1565//3000
f 1574//3001 1581//3001 1566//3001
f 1574//3002 1566//3002 1568//3002
f 111//174 1583//3003 112//175
f 112//175 1583//3003 1562//3004
f 1562//3004 1583//3003 1565//3005
f 1583//3003 1582//3006 1565//3005
f 1584//3007 1554//3008 1555//3009
f 1585//3010 1555//3009 1553//3011
f 1585//3010 1584//3007 1555//3009
f 110//3012 107//3013 1558//3014
f 1586//3015 110//3012 1558//3014
f 1587//3016 1585//3010 1553//3011
f 1588//3017 1586//3017 1558//3017
f 1587//3018 1553//3019 1551//3020
f 1588//3021 1558//3022 1557//3023
f 1589//3024 1587//3018 1551//3020
f 1589//3024 1551//3020 1550//3025
f 1590//3026 1588//3021 1557//3023
f 1590//3027 1557//3028 1556//3029
f 1589//3030 1550//3031 1552//3032
f 1591//3033 1589//3030 1552//3032
f 1592//3034 1590//3027 1556//3029
f 1593//3035 1556//3036 1554//3037
f 1593//3035 1592//3038 1556//3036
f 1584//3007 1593//3039 1554//3008
f 1596//1595 1594//1595 1595//1595
f 1600//1595 1596//1595 1598//1595
f 1600//1595 1598//1595 1599//1595
f 1602//1595 1594//1595 1596//1595
f 1602//1595 1597//1595 1594//1595
f 1602//1595 1596//1595 1600//1595
f 1602//1595 106//1595 1597//1595
f 1602//1595 1600//1595 1601//1595
f 1602//1595 1603//1595 106//1595
f 1604//1595 1603//1595 1602//1595
f 1604//1595 1605//1595 1603//1595
f 1606//1595 1605//1595 1604//1595
f 102//1595 101//1595 99//1595
f 1607//1595 1605//1595 1606//1595
f 1607//1595 1608//1595 1605//1595
f 105//1595 104//1595 102//1595
f 1609//1595 1608//1595 1607//1595
f 1609//1595 98//1595 1608//1595
f 103//1595 99//1595 98//1595
f 103//1595 98//1595 1609//1595
f 97//1595 105//1595 102//1595
f 100//1595 102//1595 99//1595
f 100//1595 99//1595 103//1595
f 100//1595 97//1595 102//1595
f 1610//3040 103//3041 1609//3042
f 1610//3040 78//3043 103//3041
f 1610//3040 1609//3042 1607//3044
f 1611//3045 1610//3040 1607//3044
f 1611//3045 1607//3044 1606//3046
f 1612//3047 1611//3045 1606//3046
f 1612//3047 1606//3046 1604//3048
f 1613//3049 1612//3047 1604//3048
f 1613//3049 1604//3048 1602//3050
f 1614//3051 1613//3049 1602//3050
f 1622//3052 1596//3053 1595//3054
f 1615//3055 1622//3052 1595//3054
f 1614//3056 1602//3057 1601//3058
f 1616//3059 1614//3056 1601//3058
f 1615//3060 1595//3061 1594//3062
f 1617//3063 1615//3060 1594//3062
f 1618//3064 1616//3065 1601//3066
f 1618//3064 1601//3066 1600//3067
f 1619//3068 1594//3069 1597//3070
f 1619//3068 1617//3071 1594//3069
f 1620//3072 1618//3073 1600//3074
f 88//167 1619//3075 1597//168
f 1620//3072 1600//3074 1599//3076
f 1621//3077 1620//3078 1599//3079
f 1621//3077 1599//3079 1598//3080
f 1622//3081 1621//3082 1598//3083
f 1622//3081 1598//3083 1596//3084
f 1623//3085 1624//3086 98//3087
f 98//3087 1624//3086 1608//3088
f 1608//3088 1624//3086 1605//3089
f 1624//3086 86//3090 1605//3089
f 1605//3091 86//3092 1603//3093
f 86//3092 84//3094 1603//3093
f 1603//3093 84//3094 106//3095
f 84//3094 88//3096 106//3095
f 70//139 1623//3097 98//140
f 1098//3098 1593//3099 1584//3100
f 1106//3101 1098//3098 1584//3100
f 1106//3102 1584//3103 1585//3104
f 1112//3105 1106//3102 1585//3104
f 1111//3106 110//3107 1586//3108
f 1112//3109 1585//3109 1587//3109
f 1102//3110 1111//3106 1586//3108
f 1102//3111 1586//3111 1588//3111
f 1123//3112 1112//3112 1587//3112
f 1123//3113 1587//3113 1589//3113
f 1093//3114 1102//3114 1588//3114
f 1093//3115 1588//3115 1590//3115
f 1137//3116 1123//3116 1589//3116
f 1137//3117 1589//3117 1591//3117
f 1091//3118 1093//3118 1590//3118
f 1091//3119 1590//3119 1592//3119
f 1098//3120 1091//3121 1592//3122
f 1098//3120 1592//3122 1593//3123
f 1142//3124 1137//3124 1591//3124
f 1142//3125 1591//3126 1572//3127
f 1177//3128 1142//3125 1572//3127
f 1177//3128 1572//3127 1573//3129
f 91//127 1573//3129 90//128
f 91//127 1177//3128 1573//3129
f 1582//3130 1583//3131 1155//3132
f 1155//3132 1583//3131 1138//3133
f 1138//3133 111//3134 1122//3135
f 1583//3131 111//3134 1138//3133
f 111//3136 108//3137 1122//3138
f 108//3137 1111//3139 1122//3138
f 108//3137 110//3140 1111//3139
f 1114//3141 1574//3141 1575//3141
f 1100//3142 1114//3142 1575//3142
f 1100//3143 1575//3143 1577//3143
f 1149//3144 95//3145 1576//3146
f 1183//3147 1100//3147 1577//3147
f 1156//3148 1149//3148 1576//3148
f 1183//3149 1577//3149 1578//3149
f 1156//3150 1576//3150 1579//3150
f 1171//3151 1183//3151 1578//3151
f 1161//3152 1156//3152 1579//3152
f 1171//3153 1578//3153 1580//3153
f 1155//3154 1171//3155 1580//3156
f 1155//3154 1580//3156 1582//3157
f 1161//3158 1579//3158 1581//3158
f 1131//3159 1161//3159 1581//3159
f 1131//3160 1581//3160 1574//3160
f 1149//3144 96//3161 95//3145
f 1114//3162 1131//3162 1574//3162
f 1144//3163 1622//3163 1615//3163
f 1127//3164 1614//3165 1616//3166
f 1159//3167 1144//3167 1615//3167
f 1119//3168 1127//3164 1616//3166
f 1159//3169 1615//3169 1617//3169
f 1186//3170 1159//3170 1617//3170
f 1120//3171 1119//3172 1616//3173
f 1120//3171 1616//3173 1618//3174
f 1186//3175 1617//3175 1619//3175
f 1187//3176 1186//3176 1619//3176
f 1130//3177 1120//3178 1618//3179
f 1130//3177 1618//3179 1620//3180
f 1136//3181 1621//3181 1622//3181
f 1136//3182 1622//3182 1144//3182
f 1130//3183 1620//3184 1621//3185
f 1187//125 1619//3186 88//122
f 1136//3187 1130//3183 1621//3185
f 86//3188 1624//3188 87//3188
f 1624//3189 1124//3190 87//3191
f 1624//3189 1623//3192 1124//3190
f 1610//3193 80//3193 78//3193
f 1164//3194 80//3195 1610//3196
f 1611//3197 1164//3194 1610//3196
f 1148//3198 1164//3194 1611//3197
f 1612//3199 1148//3198 1611//3197
f 1613//3200 1148//3198 1612//3199
f 1135//3201 1148//3198 1613//3200
f 1614//3202 1135//3203 1613//3204
f 1127//3205 1135//3203 1614//3202
f 69//3206 1623//3192 70//3207
f 69//3206 1124//3190 1623//3192
f 1113//3208 933//3208 938//3208
f 938//3209 53//3210 1113//3211
f 52//3212 51//3213 936//3214
f 53//3210 938//3209 54//3215
f 936//3214 1169//3216 52//3212
f 1169//3217 936//3217 940//3217
f 1170//3218 1169//3218 940//3218
f 1170//3219 940//3219 942//3219
f 1168//3220 1170//3221 942//3222
f 1168//3220 942//3222 943//3223
f 1163//3224 943//3225 945//3226
f 1163//3224 1168//3227 943//3225
f 947//3228 1163//3229 945//3230
f 947//3228 1157//3231 1163//3229
f 1157//3232 947//3232 933//3232
f 933//3233 1113//3233 1157//3233
f 1166//3208 948//3208 953//3208
f 953//3234 37//3235 1166//3236
f 36//3237 35//3238 951//3239
f 37//3235 953//3234 38//3240
f 951//3239 1088//3241 36//3237
f 1088//3242 951//3242 954//3242
f 1099//3243 1088//3243 954//3243
f 1099//3244 954//3244 957//3244
f 1092//3245 1099//3246 957//3247
f 1092//3245 957//3247 958//3248
f 1092//3249 958//3249 960//3249
f 960//3250 1090//3250 1092//3250
f 962//3251 1090//3252 960//3253
f 962//3251 1174//3254 1090//3252
f 1174//3255 962//3255 948//3255
f 948//3256 1166//3256 1174//3256
f 1117//3257 963//3257 968//3257
f 968//3258 21//3259 1117//3260
f 20//3261 19//3262 966//3263
f 21//3259 968//3258 22//3264
f 966//3263 1180//3216 20//3261
f 1180//3265 966//3265 969//3265
f 1178//3218 1180//3218 969//3218
f 1178//3266 969//3266 971//3266
f 1160//3267 1178//3268 971//3269
f 1160//3267 971//3269 972//3270
f 1150//3271 972//3272 974//3273
f 1150//3271 1160//3274 972//3272
f 976//3275 1150//3229 974//3230
f 976//3275 1143//3276 1150//3229
f 1143//3277 976//3277 963//3277
f 963//3278 1117//3278 1143//3278
f 1167//3279 977//3279 982//3279
f 982//3280 5//3280 1167//3280
f 4//3281 3//3282 980//3283
f 980//3283 1095//3284 4//3281
f 1095//3265 980//3265 983//3265
f 1108//3285 1095//3285 983//3285
f 1108//3286 983//3286 985//3286
f 1084//3287 1108//3288 985//3289
f 1084//3287 985//3289 987//3290
f 1084//3249 987//3249 988//3249
f 988//3291 1182//3291 1084//3291
f 990//3292 1182//3293 988//3253
f 990//3292 1176//3294 1182//3293
f 1176//3295 990//3295 977//3295
f 977//3296 1167//3296 1176//3296
f 674//1595 672//1595 676//1595
f 678//1595 672//1595 671//1595
f 673//1595 672//1595 674//1595
f 673//1595 675//1595 672//1595
f 965//1595 675//1595 673//1595
f 676//1595 678//1595 677//1595
f 676//1595 672//1595 678//1595
f 965//1595 967//1595 675//1595
f 975//1595 970//1595 967//1595
f 975//1595 973//1595 970//1595
f 975//1595 967//1595 965//1595
f 964//1595 975//1595 965//1595
f 680//1595 684//1595 682//1595
f 680//1595 681//1595 684//1595
f 685//1595 681//1595 679//1595
f 685//1595 679//1595 686//1595
f 680//1595 952//1595 683//1595
f 680//1595 683//1595 681//1595
f 950//1595 956//1595 955//1595
f 950//1595 952//1595 680//1595
f 950//1595 955//1595 952//1595
f 949//1595 959//1595 956//1595
f 949//1595 961//1595 959//1595
f 949//1595 956//1595 950//1595
f 684//1595 681//1595 685//1595
f 688//1595 687//1595 690//1595
f 944//1595 941//1595 939//1595
f 688//1595 691//1595 689//1595
f 688//1595 689//1595 687//1595
f 935//1595 691//1595 688//1595
f 935//1595 688//1595 937//1595
f 935//1595 939//1595 691//1595
f 935//1595 944//1595 939//1595
f 935//1595 946//1595 944//1595
f 935//1595 934//1595 946//1595
f 690//1595 687//1595 694//1595
f 690//1595 694//1595 693//1595
f 690//1595 693//1595 692//1595
f 978//1595 984//1595 979//1595
f 665//1595 668//1595 667//1595
f 665//1595 666//1595 668//1595
f 665//1595 981//1595 666//1595
f 989//1595 986//1595 984//1595
f 979//1595 981//1595 665//1595
f 979//1595 984//1595 981//1595
f 978//1595 989//1595 984//1595
f 668//1595 666//1595 664//1595
f 668//1595 664//1595 670//1595
f 668//1595 670//1595 669//1595
o node1_Part__Mirroring001.001
v 0.074474 0.031585 0.088677
v 0.073806 0.030907 0.091765
v 0.071016 0.028034 0.074417
v 0.072538 0.029611 0.075769
v 0.072897 0.029979 0.093489
v 0.071835 0.028885 0.094343
v 0.073671 0.030770 0.077990
v 0.074279 0.031387 0.080344
v 0.074591 0.031703 0.083411
v 0.053453 0.006675 0.078147
v 0.054952 0.008898 0.092875
v 0.054044 0.007566 0.089708
v 0.053528 0.006789 0.084982
v 0.065641 0.022294 0.094379
v 0.059001 0.014393 0.094379
v 0.066354 0.023052 0.072330
v 0.055789 0.010082 0.070507
v 0.056867 0.011565 0.069733
v 0.053638 0.006955 0.075737
v 0.058163 0.013284 0.069385
v 0.060290 0.016000 0.069572
v 0.054072 0.007607 0.073641
v 0.054831 0.008722 0.071754
v 0.054795 0.008667 0.090033
v 0.054362 0.008036 0.087199
v 0.060622 0.016409 0.070939
v 0.054112 0.007667 0.083372
v 0.072664 0.029739 0.092174
v 0.071481 0.028518 0.093317
v 0.058796 0.014103 0.070536
v 0.073533 0.030629 0.089402
v 0.069959 0.026976 0.093701
v 0.054139 0.007706 0.076832
v 0.057364 0.012232 0.070733
v 0.073792 0.030892 0.084487
v 0.073414 0.030507 0.080129
v 0.056257 0.010732 0.071386
v 0.060922 0.016788 0.093700
v 0.054659 0.008471 0.074111
v 0.072528 0.029599 0.077587
v 0.055359 0.009477 0.072473
v 0.071617 0.028659 0.076249
v 0.070309 0.027343 0.075320
v 0.057134 0.011925 0.093673
v 0.056241 0.010711 0.093205
v 0.056090 0.010502 0.094334
v 0.055456 0.009614 0.092049
v 0.071513 0.026626 0.075493
v 0.061816 0.015417 0.071124
v 0.062513 0.015130 0.071574
v 0.068182 0.022726 0.074041
v 0.068386 0.021931 0.074264
v 0.066082 0.019346 0.073223
v 0.065433 0.019689 0.072797
v 0.062946 0.015613 0.071817
v 0.066680 0.019922 0.073751
v 0.062949 0.015563 0.071931
v 0.074562 0.028480 0.079968
v 0.074127 0.027957 0.078571
v 0.074270 0.028187 0.078926
v 0.073737 0.027562 0.077718
v 0.073340 0.027084 0.077246
v 0.073268 0.027134 0.076978
v 0.072908 0.026697 0.076597
v 0.075011 0.028893 0.083893
v 0.074915 0.028722 0.082855
v 0.072222 0.026066 0.075989
v 0.074772 0.028684 0.081065
v 0.072357 0.026068 0.076249
v 0.074667 0.028488 0.080628
v 0.074960 0.028890 0.082802
v 0.074970 0.028772 0.084850
v 0.074344 0.028144 0.079344
v 0.074973 0.028871 0.086974
v 0.074344 0.028201 0.090988
v 0.074602 0.028453 0.090073
v 0.074994 0.028853 0.086231
v 0.074793 0.028682 0.089000
v 0.074903 0.028752 0.087896
v 0.071785 0.025623 0.093203
v 0.073373 0.027131 0.092418
v 0.072585 0.026390 0.092986
v 0.073113 0.027005 0.092748
v 0.073566 0.027466 0.092360
v 0.071214 0.024946 0.093182
v 0.074020 0.027938 0.091743
v 0.062826 0.015494 0.093188
v 0.064412 0.017380 0.093179
v 0.066154 0.019390 0.093166
v 0.067961 0.021414 0.093167
v 0.069421 0.023012 0.093170
v 0.062118 0.014602 0.093164
v 0.059106 0.010955 0.093273
v 0.059222 0.010860 0.093101
v 0.060432 0.012445 0.093113
v 0.059105 0.010955 0.093273
v 0.059105 0.010955 0.093273
v 0.059105 0.010955 0.093273
v 0.059105 0.010955 0.093273
v 0.059105 0.010955 0.093273
v 0.059105 0.010955 0.093273
v 0.058619 0.010293 0.093226
v 0.059287 0.010880 0.092695
v 0.059234 0.010855 0.093040
v 0.056381 0.006950 0.087609
v 0.056527 0.007165 0.088637
v 0.056717 0.007431 0.089634
v 0.056094 0.006515 0.083129
v 0.057002 0.007837 0.090734
v 0.056145 0.006580 0.084290
v 0.057123 0.008272 0.091608
v 0.057424 0.008416 0.091776
v 0.057816 0.008996 0.092468
v 0.058395 0.009809 0.093027
v 0.058822 0.010371 0.093134
v 0.056215 0.006702 0.085796
v 0.056081 0.006471 0.080248
v 0.056059 0.006479 0.078199
v 0.060136 0.012129 0.071062
v 0.059641 0.011441 0.071127
v 0.059051 0.010653 0.071305
v 0.058628 0.010035 0.071555
v 0.058273 0.009629 0.071683
v 0.057963 0.009189 0.071956
v 0.057518 0.008599 0.072429
v 0.057055 0.007865 0.073312
v 0.056714 0.007452 0.073972
v 0.056557 0.007140 0.074720
v 0.056344 0.006907 0.075368
v 0.056212 0.006650 0.076475
v 0.056154 0.006543 0.077361
v 0.061553 0.013972 0.071224
v 0.061819 0.014182 0.071408
v 0.060673 0.012762 0.071120
v 0.073340 0.027266 0.087792
v 0.070592 0.024383 0.077183
v 0.073904 0.027669 0.091774
v 0.073628 0.027536 0.082612
v 0.073199 0.027186 0.084671
v 0.071066 0.024923 0.090847
v 0.062190 0.016696 0.077280
v 0.061870 0.016840 0.083824
v 0.072432 0.026329 0.079633
v 0.059898 0.014890 0.081141
v 0.072470 0.026382 0.089513
v 0.060106 0.014946 0.085432
v 0.060604 0.015062 0.087943
v 0.066453 0.020472 0.076339
v 0.063934 0.018702 0.086025
v 0.067600 0.021596 0.090432
v 0.062770 0.017241 0.088167
v 0.067833 0.021914 0.077341
v 0.062724 0.017589 0.080282
v 0.067100 0.021631 0.080969
v 0.065512 0.020307 0.083620
v 0.060748 0.015126 0.076224
v 0.062023 0.016067 0.074999
v 0.063183 0.017151 0.074959
v 0.064128 0.018148 0.090276
v 0.064160 0.017156 0.073815
v 0.065707 0.019059 0.074759
v 0.066668 0.020009 0.074895
v 0.059582 0.013897 0.078003
v 0.061382 0.014137 0.073731
v 0.060189 0.012641 0.074669
v 0.060208 0.012279 0.073901
v 0.062475 0.015066 0.072931
v 0.062605 0.015793 0.073826
v 0.059211 0.010779 0.074731
v 0.059274 0.011121 0.075712
v 0.060857 0.013051 0.073234
v 0.059870 0.013826 0.076606
v 0.059427 0.011719 0.076157
v 0.060515 0.014642 0.075817
v 0.059128 0.011471 0.077966
v 0.058790 0.010427 0.077635
v 0.061487 0.015451 0.074965
v 0.059952 0.014645 0.078024
v 0.059828 0.014795 0.083037
v 0.059570 0.013717 0.085452
v 0.059681 0.014364 0.084753
v 0.058780 0.010403 0.083633
v 0.059062 0.011310 0.081893
v 0.059162 0.011440 0.084995
v 0.059384 0.013683 0.081807
v 0.059533 0.014254 0.081411
v 0.059447 0.011742 0.087676
v 0.060015 0.014185 0.087450
v 0.059041 0.010730 0.087681
v 0.060363 0.014333 0.088478
v 0.060864 0.013713 0.090246
v 0.062496 0.016576 0.089915
v 0.061752 0.014619 0.090940
v 0.061681 0.014153 0.091598
v 0.061710 0.015757 0.089676
v 0.059625 0.011485 0.089935
v 0.063497 0.016436 0.091584
v 0.059871 0.012304 0.089201
v 0.060546 0.012702 0.090990
v 0.060987 0.014980 0.089233
v 0.065962 0.019135 0.092208
v 0.067130 0.020673 0.091376
v 0.065607 0.019612 0.090405
v 0.069418 0.023069 0.091572
v 0.057519 0.008178 0.074204
v 0.059516 0.011126 0.072410
v 0.056755 0.007101 0.076603
v 0.057931 0.008752 0.076856
v 0.057392 0.007893 0.076308
v 0.057380 0.008306 0.072775
v 0.056952 0.007277 0.081581
v 0.056825 0.007194 0.085260
v 0.057954 0.008797 0.083556
v 0.057594 0.008172 0.086503
v 0.057209 0.007790 0.089318
v 0.058275 0.009188 0.089824
v 0.058152 0.009200 0.091883
v 0.059454 0.011074 0.091814
v 0.061954 0.014335 0.092543
v 0.071853 0.025528 0.093008
v 0.074785 0.029329 0.082263
v 0.074566 0.030006 0.083219
v 0.073619 0.028838 0.078018
v 0.073047 0.028291 0.076987
v 0.074123 0.028957 0.079131
v 0.074808 0.029615 0.085161
v 0.074265 0.029578 0.080253
v 0.072401 0.027542 0.076168
v 0.055028 0.006753 0.078037
v 0.055196 0.006898 0.076475
v 0.055344 0.007453 0.074633
v 0.055834 0.007136 0.074932
v 0.055903 0.007950 0.073404
v 0.056322 0.008547 0.072540
v 0.056793 0.009167 0.071894
v 0.057510 0.010200 0.071220
v 0.058561 0.011774 0.070659
v 0.058695 0.010540 0.071206
v 0.059699 0.013128 0.070593
v 0.060837 0.013140 0.071032
v 0.061242 0.015394 0.070886
v 0.057916 0.011078 0.093655
v 0.058816 0.011484 0.093530
v 0.057153 0.009782 0.093132
v 0.056675 0.009036 0.092444
v 0.056171 0.008633 0.091742
v 0.056113 0.007833 0.090412
v 0.055617 0.007898 0.090042
v 0.055745 0.007213 0.088207
v 0.055191 0.007221 0.087185
v 0.054991 0.006857 0.083358
v 0.055426 0.006795 0.085122
v 0.055447 0.006601 0.081050
v 0.062944 0.017130 0.093641
v 0.061663 0.015131 0.093535
v 0.071114 0.026264 0.093642
v 0.073957 0.029149 0.091269
v 0.074345 0.029514 0.089805
v 0.072121 0.027216 0.093382
v 0.073384 0.028653 0.092353
v 0.074571 0.029848 0.087769
v 0.072755 0.027941 0.093016
vn 0.1355 -0.9802 0.1441
vn 0.1833 -0.9428 0.2784
vn 0.8268 -0.5625 -0.0003
vn 0.6663 -0.3600 -0.6530
vn 0.7613 -0.6434 -0.0806
vn 0.7074 -0.3479 -0.6153
vn 0.7761 -0.6306 0.0016
vn 0.8319 -0.5549 -0.0004
vn 0.1362 -0.9897 0.0436
vn 0.7103 -0.3607 0.6044
vn 0.8902 -0.1998 0.4095
vn 0.7171 -0.6970 0.0004
vn 0.7146 -0.6995 -0.0000
vn 0.7171 -0.6970 -0.0059
vn 0.6033 -0.4374 -0.6669
vn 0.8326 -0.5539 -0.0000
vn 0.9844 -0.0808 0.1563
vn 0.7127 -0.7015 0.0001
vn 0.5942 -0.4877 0.6396
vn 0.7932 -0.6090 0.0005
vn 0.7381 -0.6549 0.1620
vn 0.1740 -0.9770 -0.1236
vn 0.4996 -0.5562 -0.6641
vn 0.9989 -0.0473 -0.0043
vn 0.7125 -0.7016 0.0001
vn 0.8034 -0.5955 0.0008
vn 0.8318 -0.5550 -0.0004
vn 0.9771 -0.0934 -0.1912
vn 0.7132 -0.7010 -0.0004
vn 0.4067 -0.6738 -0.6169
vn 0.5804 -0.4852 0.6540
vn 0.7152 -0.6989 -0.0002
vn 0.8125 -0.5830 0.0011
vn 0.8278 -0.5611 0.0002
vn 0.2097 -0.9121 -0.3523
vn 0.9131 -0.1366 -0.3841
vn 0.7872 -0.6150 0.0455
vn 0.3009 -0.8058 -0.5101
vn 0.7181 -0.6960 -0.0000
vn 0.8205 -0.5716 0.0007
vn 0.8098 -0.2500 -0.5308
vn 0.7143 -0.6996 0.0179
vn 0.5434 -0.5206 0.6586
vn 0.8093 -0.5874 -0.0035
vn 0.4168 -0.6874 0.5947
vn 0.8179 -0.5754 -0.0006
vn 0.2664 -0.8479 0.4584
vn 0.2606 0.0269 -0.9651
vn 0.4237 0.1054 -0.8996
vn 0.4790 -0.0710 -0.8749
vn 0.6732 -0.3215 -0.6660
vn 0.4335 -0.0651 -0.8988
vn 0.6996 -0.3556 -0.6197
vn 0.5158 -0.1238 -0.8477
vn 0.6719 -0.3490 -0.6532
vn 0.7001 -0.2734 -0.6597
vn 0.7688 -0.6082 -0.1975
vn 0.7607 -0.6436 -0.0846
vn 0.7805 -0.5329 -0.3268
vn 0.7792 -0.6244 -0.0543
vn 0.8365 -0.1390 -0.5301
vn 0.9056 -0.1971 -0.3756
vn 0.8013 -0.5805 -0.1445
vn 0.8076 -0.3022 -0.5064
vn 0.9975 0.0200 -0.0675
vn 0.8982 -0.4311 -0.0858
vn 0.9898 -0.0116 -0.1420
vn 0.8545 -0.5187 -0.0265
vn 0.9741 -0.0032 -0.2262
vn 0.8690 -0.4836 -0.1049
vn 0.9986 -0.0454 -0.0255
vn 0.9460 0.0062 -0.3240
vn 0.9254 -0.2225 -0.3069
vn 0.9932 -0.1121 0.0307
vn 0.8413 -0.5406 -0.0005
vn 0.9754 -0.2088 0.0713
vn 0.9902 -0.0582 0.1272
vn 0.9653 -0.1918 0.1770
vn 0.9982 0.0415 0.0427
vn 0.7190 -0.6531 0.2377
vn 0.6642 -0.4242 0.6155
vn 0.5252 -0.4064 0.7476
vn 0.7927 -0.5474 0.2683
vn 0.5309 -0.4942 0.6884
vn 0.6999 -0.2578 0.6661
vn 0.7991 -0.1613 0.5792
vn 0.8253 -0.5351 0.1806
vn 0.8874 -0.0577 0.4573
vn 0.9506 -0.1581 0.2672
vn 0.6794 -0.5565 0.4782
vn 0.6596 -0.5271 0.5358
vn 0.3282 -0.3560 0.8749
vn 0.7489 -0.5839 0.3132
vn 0.7913 -0.6113 -0.0068
vn 0.7867 -0.5998 0.1458
vn -0.0000 -0.0000 -1.0000
vn -0.0036 -0.9713 0.2379
vn 0.3283 -0.3561 0.8749
vn 0.3250 -0.4314 0.8416
vn -0.0036 -0.9713 0.2380
vn -0.0225 -0.8492 0.5276
vn 0.2855 -0.9053 0.3146
vn 0.3888 -0.8171 0.4256
vn 0.4735 -0.6272 0.6184
vn 0.8023 -0.5939 0.0608
vn 0.5964 -0.5264 -0.6060
vn 0.5810 -0.5801 -0.5709
vn 0.2529 -0.4736 -0.8436
vn 0.6350 -0.6330 -0.4427
vn 0.3891 -0.6503 -0.6525
vn 0.7873 -0.5461 -0.2863
vn 0.4231 -0.6992 -0.5763
vn 0.4087 -0.7935 -0.4510
vn 0.2411 -0.7622 -0.6008
vn 0.3307 -0.9045 -0.2693
vn 0.1873 -0.8983 -0.3974
vn 0.3416 -0.8418 -0.4181
vn 0.2208 -0.9644 -0.1453
vn 0.1594 -0.9600 -0.2301
vn 0.5964 -0.3211 -0.7357
vn 0.6650 -0.5240 -0.5322
vn 0.5048 -0.3123 -0.8048
vn 0.6713 -0.7410 0.0168
vn 0.6697 -0.7424 -0.0198
vn 0.6427 -0.7661 -0.0021
vn 0.6901 -0.7176 0.0940
vn 0.6776 -0.7344 0.0398
vn 0.6879 -0.7248 -0.0390
vn 0.7034 -0.7065 -0.0783
vn 0.7975 -0.5945 -0.1031
vn 0.8204 -0.5713 -0.0242
vn 0.6992 -0.7146 -0.0212
vn 0.6920 -0.7184 -0.0704
vn 0.6777 -0.7353 -0.0041
vn 0.6977 -0.6884 -0.1982
vn 0.7035 -0.6995 -0.1254
vn 0.7942 -0.5791 -0.1841
vn 0.6857 -0.7258 0.0549
vn 0.8111 -0.5716 0.1243
vn 0.6811 -0.7225 0.1188
vn 0.7917 -0.6100 0.0335
vn 0.6692 -0.7414 0.0509
vn 0.7102 -0.6284 -0.3174
vn 0.6684 -0.7357 0.1092
vn 0.6483 -0.7270 0.2262
vn 0.6925 -0.6524 -0.3079
vn 0.7390 -0.6451 0.1943
vn 0.6717 -0.6698 0.3167
vn 0.6322 -0.7029 0.3260
vn 0.6903 -0.6801 -0.2468
vn 0.6362 -0.6223 0.4561
vn 0.6693 -0.6853 0.2872
vn 0.6086 -0.7032 0.3677
vn 0.6879 -0.7004 0.1905
vn 0.8967 -0.4231 0.1300
vn 0.9343 -0.3027 0.1884
vn 0.9141 -0.4036 0.0391
vn 0.8413 -0.5206 0.1456
vn 0.7676 -0.5032 0.3969
vn 0.8731 -0.3911 0.2910
vn 0.8627 -0.5008 0.0705
vn 0.8997 -0.3562 0.2523
vn 0.8177 -0.4766 0.3229
vn 0.9656 -0.2520 0.0646
vn 0.7227 -0.5716 0.3886
vn 0.7579 -0.6227 0.1945
vn 0.9379 -0.3241 0.1236
vn 0.8023 -0.5672 0.1860
vn 0.9793 -0.2021 -0.0095
vn 0.9674 -0.2318 -0.1021
vn 0.9699 -0.2389 -0.0473
vn 0.9463 -0.3016 -0.1162
vn 0.9751 -0.2218 -0.0051
vn 0.9204 -0.3907 -0.0135
vn 0.9305 -0.3657 0.0189
vn 0.9199 -0.3848 -0.0754
vn 0.9028 -0.4268 -0.0523
vn 0.9114 -0.3696 -0.1810
vn 0.8691 -0.4849 -0.0976
vn 0.9069 -0.3660 -0.2087
vn 0.7576 -0.5258 -0.3868
vn 0.7266 -0.6087 -0.3188
vn 0.7903 -0.5761 -0.2087
vn 0.7460 -0.5653 -0.3520
vn 0.8315 -0.4361 -0.3442
vn 0.8287 -0.5380 -0.1541
vn 0.8710 -0.3934 -0.2944
vn 0.8047 -0.4799 -0.3495
vn 0.7859 -0.6180 -0.0210
vn 0.6998 -0.6598 -0.2738
vn 0.7510 -0.6571 -0.0649
vn 0.7177 -0.6783 -0.1576
vn 0.7638 -0.6407 -0.0786
vn 0.8112 -0.5845 -0.0157
vn 0.5274 -0.4248 -0.7358
vn 0.7126 -0.7004 -0.0399
vn 0.8601 -0.5098 0.0187
vn 0.8078 -0.5893 -0.0127
vn 0.2574 -0.9644 -0.0613
vn 0.2121 -0.9767 -0.0310
vn 0.7589 -0.6512 0.0027
vn 0.8654 -0.5010 -0.0083
vn 0.2582 -0.9661 -0.0045
vn 0.7673 -0.6309 0.1145
vn 0.8350 -0.5500 0.0137
vn 0.8284 -0.5601 0.0113
vn 0.2280 -0.9683 0.1019
vn 0.7120 -0.6989 0.0675
vn 0.2364 -0.9635 0.1253
vn 0.7138 -0.6999 0.0240
vn 0.8110 -0.5850 0.0053
vn 0.2267 -0.9539 0.1968
vn 0.2282 -0.9732 0.0296
vn 0.2228 -0.9459 0.2358
vn 0.2482 -0.9675 0.0487
vn 0.3812 -0.7558 0.5324
vn 0.6383 -0.5277 0.5604
vn 0.6359 -0.5352 0.5561
vn 0.5006 -0.4590 0.7340
vn 0.6094 -0.5621 0.5592
vn 0.6366 -0.5633 0.5267
vn 0.7494 0.4265 -0.5064
vn 0.6602 0.3409 -0.6693
vn 0.9214 0.3662 -0.1299
vn 0.9026 0.4302 0.0145
vn 0.8155 0.5734 -0.0789
vn 0.8375 0.3984 -0.3740
vn 0.8220 0.5019 -0.2689
vn 0.5529 0.2131 -0.8055
vn -0.4973 -0.8660 -0.0523
vn -0.4502 -0.8692 -0.2043
vn -0.2452 -0.9025 -0.3539
vn -0.5021 -0.7672 -0.3991
vn -0.3569 -0.7341 -0.5777
vn -0.2678 -0.6620 -0.7000
vn -0.1823 -0.5557 -0.8112
vn -0.0715 -0.4150 -0.9070
vn 0.0695 -0.2363 -0.9692
vn 0.2055 -0.1283 -0.9702
vn 0.2673 -0.2246 0.9371
vn 0.0501 -0.7835 0.6193
vn 0.0265 -0.2276 0.9734
vn -0.1434 -0.4836 0.8635
vn -0.2685 -0.6393 0.7206
vn -0.4247 -0.7058 0.5669
vn -0.2985 -0.8591 0.4158
vn -0.5203 -0.7730 0.3630
vn -0.3468 -0.9052 0.2457
vn -0.5285 -0.8294 0.1812
vn -0.3766 -0.9205 0.1037
vn -0.5182 -0.8536 0.0524
vn -0.3088 -0.9510 0.0133
vn 0.3188 -0.2608 0.9112
vn 0.1837 -0.1493 0.9716
vn 0.2242 -0.0895 0.9704
vn 0.8380 0.4771 0.2649
vn 0.3514 0.0109 0.9362
vn 0.4911 0.1849 0.8513
vn 0.7696 0.4605 0.4424
vn 0.8396 0.5342 0.0990
vn 0.6352 0.3266 0.6999
s 1
usemtl Part__Mirroring001_004_002.001
f 1649//3297 1648//3298 1636//3299
f 1650//3300 1640//3301 1667//3302
f 1645//3303 1640//3301 1650//3300
f 1637//3304 1649//3297 1636//3299
f 1637//3304 1651//3305 1649//3297
f 1653//3306 1652//3307 1629//3308
f 1652//3307 1626//3309 1629//3308
f 1653//3306 1629//3308 1630//3310
f 1645//3303 1650//3300 1654//3311
f 1634//3312 1651//3305 1637//3304
f 1655//3313 1626//3309 1652//3307
f 1655//3313 1625//3314 1626//3309
f 1656//3315 1653//3306 1630//3310
f 1644//3316 1645//3303 1654//3311
f 1638//3317 1656//3315 1630//3310
f 1634//3312 1657//3318 1651//3305
f 1644//3316 1654//3311 1658//3319
f 1659//3320 1625//3314 1655//3313
f 1633//3321 1625//3314 1659//3320
f 1642//3322 1644//3316 1658//3319
f 1643//3323 1657//3318 1634//3312
f 1660//3324 1633//3321 1659//3320
f 1660//3324 1632//3325 1633//3321
f 1642//3322 1658//3319 1661//3326
f 1662//3327 1656//3315 1638//3317
f 1631//3328 1632//3325 1660//3324
f 1641//3329 1642//3322 1661//3326
f 1646//3330 1663//3331 1657//3318
f 1646//3330 1657//3318 1643//3323
f 1664//3332 1631//3328 1660//3324
f 1639//3333 1662//3327 1638//3317
f 1641//3329 1661//3326 1665//3334
f 1628//3335 1631//3328 1664//3332
f 1647//3336 1641//3329 1665//3334
f 1647//3336 1663//3331 1646//3330
f 1647//3336 1665//3334 1663//3331
f 1666//3337 1628//3335 1664//3332
f 1627//3338 1666//3337 1667//3302
f 1627//3338 1628//3335 1666//3337
f 1668//3339 1662//3327 1639//3333
f 1670//3340 1668//3339 1639//3333
f 1669//3341 1668//3339 1670//3340
f 1640//3301 1627//3338 1667//3302
f 1669//3341 1670//3340 1635//3342
f 1671//3343 1669//3341 1635//3342
f 1648//3298 1671//3343 1635//3342
f 1636//3299 1648//3298 1635//3342
f 1865//3344 1667//3302 1672//3345
f 1650//3300 1667//3302 1865//3344
f 1678//3346 1674//3347 1673//3348
f 1678//3346 1677//3349 1674//3347
f 1673//3348 1865//3344 1678//3346
f 1678//3346 1865//3344 1675//3350
f 1672//3345 1676//3351 1675//3350
f 1672//3345 1691//3352 1676//3351
f 1675//3350 1676//3351 1677//3349
f 1675//3350 1677//3349 1678//3346
f 1675//3350 1865//3344 1672//3345
f 1693//3353 1676//3351 1691//3352
f 1680//3354 1676//3351 1693//3353
f 1677//3349 1679//3355 1674//3347
f 1681//3356 1679//3355 1680//3354
f 1677//3349 1676//3351 1680//3354
f 1679//3355 1677//3349 1680//3354
f 1687//3357 1685//3358 1686//3359
f 1688//3360 1687//3357 1686//3359
f 1695//3361 1694//3362 1692//3363
f 1688//3360 1693//3353 1691//3352
f 1690//3364 1694//3362 1695//3361
f 1692//3363 1694//3362 1682//3365
f 1697//3366 1682//3365 1694//3362
f 1689//3367 1690//3364 1695//3361
f 1682//3365 1697//3366 1684//3368
f 1697//3366 1683//3369 1684//3368
f 1701//3370 1696//3371 1689//3367
f 1703//3372 1702//3373 1700//3374
f 1701//3370 1698//3375 1703//3372
f 1844//3376 1706//3377 1704//3378
f 1705//3379 1706//3377 1844//3376
f 1844//3376 1704//3378 1709//3380
f 1705//3379 1707//3381 1706//3377
f 1705//3379 1708//3382 1707//3381
f 1761//3383 1708//3382 1705//3379
f 1761//3383 1710//3384 1708//3382
f 1699//3385 1710//3384 1761//3383
f 1739//3386 1716//3387 1717//3388
f 1718//3389 1719//3390 1739//3386
f 1739//3386 1719//3390 1716//3387
f 1728//3391 1719//3390 1718//3389
s 0
f 1720//3392 1721//3392 1722//3392
f 1720//3392 1723//3392 1721//3392
f 1720//3392 1724//3392 1723//3392
f 1720//3392 1725//3392 1724//3392
f 1720//3393 1717//3394 1725//3392
s 1
f 1726//3395 1717//3388 1720//3396
f 1726//3395 1739//3386 1717//3388
f 1735//3397 1733//3398 1736//3399
f 1738//3400 1739//3386 1726//3395
f 1718//3389 1739//3386 1727//3401
f 1744//3402 1745//3403 1862//3404
f 1745//3403 1746//3405 1862//3404
f 1862//3404 1746//3405 1747//3406
f 1757//3407 1674//3347 1679//3355
f 1748//3408 1834//3409 1749//3410
f 1752//3411 1751//3412 1750//3413
f 1754//3414 1753//3415 1752//3411
f 1674//3347 1757//3407 1756//3416
f 1758//3417 1756//3416 1757//3407
f 1864//3418 1756//3416 1758//3417
f 1696//3371 1690//3364 1689//3367
f 1696//3371 1762//3419 1690//3364
f 1686//3359 1693//3353 1688//3360
f 1697//3366 1694//3362 1690//3364
f 1686//3359 1685//3358 1683//3369
f 1686//3359 1683//3369 1697//3366
f 1690//3364 1686//3359 1697//3366
f 1759//3420 1763//3421 1762//3419
f 1760//3422 1693//3353 1686//3359
f 1767//3423 1760//3422 1686//3359
f 1769//3424 1759//3420 1761//3383
f 1764//3425 1761//3383 1844//3376
f 1762//3419 1686//3359 1690//3364
f 1762//3419 1767//3423 1686//3359
f 1764//3425 1769//3424 1761//3383
f 1770//3426 1803//3427 1766//3428
f 1764//3425 1773//3429 1769//3424
f 1773//3429 1766//3428 1779//3430
f 1764//3425 1774//3431 1773//3429
f 1775//3432 1771//3433 1770//3426
f 1775//3432 1770//3426 1773//3429
f 1777//3434 1802//3435 1765//3436
f 1766//3428 1768//3437 1779//3430
f 1762//3419 1778//3438 1767//3423
f 1768//3437 1802//3435 1777//3434
f 1816//3439 1771//3433 1775//3432
f 1777//3434 1765//3436 1776//3440
f 1776//3440 1765//3436 1772//3441
f 1773//3429 1770//3426 1766//3428
f 1763//3421 1778//3438 1762//3419
f 1779//3430 1777//3434 1778//3438
f 1779//3430 1778//3438 1763//3421
f 1778//3438 1776//3440 1767//3423
f 1783//3442 1816//3439 1775//3432
f 1765//3436 1780//3443 1781//3444
f 1765//3436 1781//3444 1782//3445
f 1765//3436 1802//3435 1780//3443
f 1775//3432 1827//3446 1783//3442
f 1766//3428 1803//3427 1768//3437
f 1759//3420 1773//3429 1779//3430
f 1769//3424 1773//3429 1759//3420
f 1772//3441 1765//3436 1782//3445
f 1774//3431 1827//3446 1775//3432
f 1774//3431 1775//3432 1773//3429
f 1759//3420 1779//3430 1763//3421
f 1779//3430 1768//3437 1777//3434
f 1778//3438 1777//3434 1776//3440
f 1782//3445 1792//3447 1784//3448
f 1760//3422 1767//3423 1776//3440
f 1782//3445 1784//3448 1785//3449
f 1772//3441 1782//3445 1785//3449
f 1785//3449 1784//3448 1786//3450
f 1786//3450 1760//3422 1772//3441
f 1776//3440 1772//3441 1760//3422
f 1760//3422 1786//3450 1693//3353
f 1785//3449 1786//3450 1772//3441
f 1794//3451 1797//3452 1800//3453
f 1790//3454 1788//3455 1789//3456
f 1793//3457 1790//3454 1794//3451
f 1782//3445 1781//3444 1792//3447
f 1790//3454 1789//3456 1794//3451
f 1794//3451 1789//3456 1797//3452
f 1796//3458 1797//3452 1789//3456
f 1789//3456 1798//3459 1796//3458
f 1797//3452 1799//3460 1800//3453
f 1792//3447 1781//3444 1801//3461
f 1784//3448 1792//3447 1791//3462
f 1780//3443 1801//3461 1781//3444
f 1787//3463 1797//3452 1796//3458
f 1799//3460 1797//3452 1787//3463
f 1798//3459 1787//3463 1796//3458
f 1802//3435 1787//3463 1798//3459
f 1792//3447 1788//3455 1791//3462
f 1791//3462 1788//3455 1795//3464
f 1780//3443 1798//3459 1801//3461
f 1789//3456 1788//3455 1798//3459
f 1795//3464 1788//3455 1790//3454
f 1792//3447 1801//3461 1788//3455
f 1780//3443 1802//3435 1798//3459
f 1801//3461 1798//3459 1788//3455
f 1809//3465 1804//3466 1808//3467
f 1808//3467 1804//3466 1811//3468
f 1799//3460 1807//3469 1800//3453
f 1800//3453 1807//3469 1806//3470
f 1808//3467 1806//3470 1807//3469
f 1808//3467 1807//3469 1809//3465
f 1787//3463 1809//3465 1799//3460
f 1799//3460 1809//3465 1807//3469
f 1787//3463 1810//3471 1809//3465
f 1802//3435 1810//3471 1787//3463
f 1802//3435 1768//3437 1810//3471
f 1810//3471 1805//3472 1809//3465
f 1813//3473 1808//3467 1811//3468
f 1810//3471 1803//3427 1805//3472
f 1809//3465 1805//3472 1804//3466
f 1811//3468 1804//3466 1812//3474
f 1804//3466 1805//3472 1812//3474
f 1812//3474 1805//3472 1771//3433
f 1805//3472 1770//3426 1771//3433
f 1805//3472 1803//3427 1770//3426
f 1810//3471 1768//3437 1803//3427
f 1813//3473 1806//3470 1808//3467
f 1811//3468 1820//3475 1813//3473
f 1822//3476 1820//3475 1811//3468
f 1817//3477 1821//3478 1818//3479
f 1816//3439 1819//3480 1771//3433
f 1811//3468 1812//3474 1822//3476
f 1815//3481 1823//3482 1822//3476
f 1812//3474 1814//3483 1822//3476
f 1771//3433 1814//3483 1812//3474
f 1815//3481 1818//3479 1823//3482
f 1817//3477 1818//3479 1815//3481
f 1771//3433 1824//3484 1814//3483
f 1822//3476 1814//3483 1815//3481
f 1771//3433 1819//3480 1824//3484
f 1814//3483 1824//3484 1815//3481
f 1816//3439 1821//3478 1819//3480
f 1819//3480 1821//3478 1817//3477
f 1823//3482 1820//3475 1822//3476
f 1818//3479 1821//3478 1843//3485
f 1823//3482 1818//3479 1843//3485
f 1815//3481 1824//3484 1817//3477
f 1824//3484 1819//3480 1817//3477
f 1821//3478 1826//3486 1825//3487
f 1783//3442 1827//3446 1826//3486
f 1783//3442 1826//3486 1821//3478
f 1816//3439 1783//3442 1821//3478
f 1826//3486 1774//3431 1828//3488
f 1827//3446 1774//3431 1826//3486
f 1821//3478 1825//3487 1843//3485
f 1828//3488 1764//3425 1844//3376
f 1774//3431 1764//3425 1828//3488
f 1825//3487 1826//3486 1828//3488
f 1786//3450 1680//3354 1693//3353
f 1784//3448 1680//3354 1786//3450
f 1791//3462 1681//3356 1784//3448
f 1784//3448 1681//3356 1680//3354
f 1829//3489 1746//3405 1830//3490
f 1757//3407 1791//3462 1830//3490
f 1757//3407 1681//3356 1791//3462
f 1758//3417 1744//3402 1743//3491
f 1829//3489 1752//3411 1750//3413
f 1829//3489 1831//3492 1752//3411
f 1832//3493 1794//3451 1800//3453
f 1834//3409 1829//3489 1750//3413
f 1830//3490 1832//3493 1833//3494
f 1832//3493 1793//3457 1794//3451
f 1755//3495 1831//3492 1742//3496
f 1793//3457 1832//3493 1830//3490
f 1830//3490 1790//3454 1793//3457
f 1830//3490 1746//3405 1758//3417
f 1830//3490 1795//3464 1790//3454
f 1829//3489 1834//3409 1746//3405
f 1746//3405 1834//3409 1748//3408
f 1757//3407 1830//3490 1758//3417
f 1746//3405 1748//3408 1747//3406
f 1830//3490 1791//3462 1795//3464
f 1831//3492 1755//3495 1754//3414
f 1744//3402 1746//3405 1745//3403
f 1758//3417 1746//3405 1744//3402
f 1829//3489 1833//3494 1831//3492
f 1831//3492 1754//3414 1752//3411
f 1829//3489 1830//3490 1833//3494
f 1835//3497 1832//3493 1837//3498
f 1833//3494 1832//3493 1835//3497
f 1831//3492 1741//3499 1742//3496
f 1837//3498 1832//3493 1806//3470
f 1800//3453 1806//3470 1832//3493
f 1831//3492 1835//3497 1741//3499
f 1833//3494 1835//3497 1831//3492
f 1738//3400 1841//3500 1739//3386
f 1820//3475 1842//3501 1840//3502
f 1842//3501 1727//3401 1841//3500
f 1820//3475 1823//3482 1842//3501
f 1740//3503 1839//3504 1729//3505
f 1836//3506 1839//3504 1740//3503
f 1836//3506 1838//3507 1839//3504
f 1729//3505 1839//3504 1730//3508
f 1835//3497 1732//3509 1741//3499
f 1730//3508 1839//3504 1731//3510
f 1835//3497 1836//3506 1732//3509
f 1840//3502 1839//3504 1838//3507
f 1731//3510 1839//3504 1733//3398
f 1837//3498 1840//3502 1838//3507
f 1835//3497 1838//3507 1836//3506
f 1837//3498 1806//3470 1840//3502
f 1733//3398 1839//3504 1736//3399
f 1813//3473 1840//3502 1806//3470
f 1739//3386 1841//3500 1727//3401
f 1839//3504 1841//3500 1736//3399
f 1734//3511 1836//3506 1740//3503
f 1840//3502 1841//3500 1839//3504
f 1732//3509 1836//3506 1734//3511
f 1736//3399 1841//3500 1737//3512
f 1835//3497 1837//3498 1838//3507
f 1737//3512 1841//3500 1738//3400
f 1820//3475 1840//3502 1813//3473
f 1841//3500 1840//3502 1842//3501
f 1823//3482 1727//3401 1842//3501
f 1843//3485 1727//3401 1823//3482
f 1711//3513 1716//3387 1843//3485
f 1728//3391 1727//3401 1719//3390
f 1719//3390 1843//3485 1716//3387
f 1727//3401 1843//3485 1719//3390
f 1825//3487 1712//3514 1711//3513
f 1825//3487 1711//3513 1843//3485
f 1844//3376 1709//3380 1715//3515
f 1844//3376 1825//3487 1828//3488
f 1844//3376 1715//3515 1714//3516
f 1825//3487 1844//3376 1714//3516
f 1825//3487 1714//3516 1713//3517
f 1825//3487 1713//3517 1712//3514
f 1696//3371 1759//3420 1762//3419
f 1761//3383 1759//3420 1696//3371
f 1696//3371 1701//3370 1703//3372
f 1696//3371 1703//3372 1700//3374
f 1761//3383 1696//3371 1700//3374
f 1761//3383 1700//3374 1699//3385
f 1844//3376 1761//3383 1705//3379
f 1847//3518 1685//3358 1848//3519
f 1847//3518 1683//3369 1685//3358
f 1847//3518 1684//3368 1683//3369
f 1689//3367 1695//3361 1845//3520
f 1850//3521 1845//3520 1846//3522
f 1850//3521 1689//3367 1845//3520
f 1849//3523 1684//3368 1847//3518
f 1849//3523 1847//3518 1851//3524
f 1849//3523 1682//3365 1684//3368
f 1851//3524 1682//3365 1849//3523
f 1691//3352 1672//3345 1852//3525
f 1851//3524 1692//3363 1682//3365
f 1852//3525 1688//3360 1691//3352
f 1845//3520 1692//3363 1851//3524
f 1852//3525 1687//3357 1688//3360
f 1845//3520 1851//3524 1846//3522
f 1845//3520 1695//3361 1692//3363
f 1848//3519 1687//3357 1852//3525
f 1848//3519 1685//3358 1687//3357
f 1674//3347 1756//3416 1673//3348
f 1853//3526 1755//3495 1742//3496
f 1854//3527 1755//3495 1853//3526
f 1854//3527 1754//3414 1755//3495
f 1856//3528 1854//3527 1855//3529
f 1856//3528 1753//3415 1754//3414
f 1856//3528 1754//3414 1854//3527
f 1856//3528 1752//3411 1753//3415
f 1856//3528 1751//3412 1752//3411
f 1857//3530 1856//3528 1855//3529
f 1857//3530 1751//3412 1856//3528
f 1857//3530 1750//3413 1751//3412
f 1858//3531 1750//3413 1857//3530
f 1858//3531 1834//3409 1750//3413
f 1859//3532 1834//3409 1858//3531
f 1859//3532 1749//3410 1834//3409
f 1859//3532 1748//3408 1749//3410
f 1747//3406 1859//3532 1860//3533
f 1747//3406 1748//3408 1859//3532
f 1862//3404 1860//3533 1861//3534
f 1862//3404 1747//3406 1860//3533
f 1744//3402 1862//3404 1861//3534
f 1743//3491 1744//3402 1861//3534
f 1743//3491 1861//3534 1863//3535
f 1758//3417 1743//3491 1863//3535
f 1864//3418 1758//3417 1863//3535
f 1864//3418 1863//3535 1865//3344
f 1673//3348 1864//3418 1865//3344
f 1756//3416 1864//3418 1673//3348
f 1857//3530 1665//3334 1858//3531
f 1857//3530 1663//3331 1665//3334
f 1855//3529 1663//3331 1857//3530
f 1865//3344 1654//3311 1650//3300
f 1863//3535 1654//3311 1865//3344
f 1855//3529 1657//3318 1663//3331
f 1854//3527 1657//3318 1855//3529
f 1861//3534 1654//3311 1863//3535
f 1861//3534 1658//3319 1654//3311
f 1853//3526 1657//3318 1854//3527
f 1860//3533 1658//3319 1861//3534
f 1860//3533 1661//3326 1658//3319
f 1859//3532 1661//3326 1860//3533
f 1859//3532 1665//3334 1661//3326
f 1858//3531 1665//3334 1859//3532
f 1717//3388 1867//3536 1724//3537
f 1726//3395 1724//3537 1867//3536
f 1742//3496 1741//3499 1853//3526
f 1726//3395 1867//3536 1866//3538
f 1738//3400 1866//3538 1868//3539
f 1738//3400 1726//3395 1866//3538
f 1868//3539 1737//3512 1738//3400
f 1869//3540 1737//3512 1868//3539
f 1869//3540 1736//3399 1737//3512
f 1869//3540 1735//3397 1736//3399
f 1735//3397 1869//3540 1870//3541
f 1871//3542 1870//3541 1872//3543
f 1871//3542 1735//3397 1870//3541
f 1871//3542 1733//3398 1735//3397
f 1871//3542 1731//3510 1733//3398
f 1873//3544 1872//3543 1874//3545
f 1873//3544 1871//3542 1872//3543
f 1730//3508 1731//3510 1871//3542
f 1730//3508 1871//3542 1873//3544
f 1729//3505 1730//3508 1873//3544
f 1876//3546 1873//3544 1874//3545
f 1740//3503 1873//3544 1876//3546
f 1740//3503 1729//3505 1873//3544
f 1876//3546 1874//3545 1875//3547
f 1740//3503 1876//3546 1734//3511
f 1877//3548 1876//3546 1875//3547
f 1877//3548 1732//3509 1876//3546
f 1732//3509 1877//3548 1741//3499
f 1877//3548 1853//3526 1741//3499
f 1877//3548 1875//3547 1853//3526
f 1876//3546 1732//3509 1734//3511
f 1651//3305 1657//3318 1853//3526
f 1875//3547 1651//3305 1853//3526
f 1879//3549 1711//3513 1712//3514
f 1879//3549 1712//3514 1878//3550
f 1879//3549 1716//3387 1711//3513
f 1879//3549 1878//3550 1866//3538
f 1879//3549 1866//3538 1867//3536
f 1880//3551 1715//3515 1709//3380
f 1880//3551 1714//3516 1715//3515
f 1867//3536 1717//3388 1716//3387
f 1867//3536 1716//3387 1879//3549
f 1878//3550 1713//3517 1714//3516
f 1878//3550 1714//3516 1880//3551
f 1712//3514 1713//3517 1878//3550
f 1866//3538 1669//3341 1868//3539
f 1866//3538 1668//3339 1669//3341
f 1874//3545 1649//3297 1651//3305
f 1874//3545 1651//3305 1875//3547
f 1874//3545 1648//3298 1649//3297
f 1872//3543 1648//3298 1874//3545
f 1870//3541 1671//3343 1648//3298
f 1870//3541 1648//3298 1872//3543
f 1869//3540 1671//3343 1870//3541
f 1869//3540 1669//3341 1671//3343
f 1868//3539 1669//3341 1869//3540
f 1882//3552 1700//3374 1702//3373
f 1883//3553 1706//3377 1707//3381
f 1883//3553 1707//3381 1886//3554
f 1881//3555 1699//3385 1700//3374
f 1881//3555 1700//3374 1882//3552
f 1850//3521 1846//3522 1885//3556
f 1883//3553 1704//3378 1706//3377
f 1881//3555 1710//3384 1699//3385
f 1850//3521 1701//3370 1689//3367
f 1880//3551 1704//3378 1883//3553
f 1885//3556 1701//3370 1850//3521
f 1698//3375 1701//3370 1885//3556
f 1880//3551 1709//3380 1704//3378
f 1884//3557 1710//3384 1881//3555
f 1885//3556 1703//3372 1698//3375
f 1885//3556 1702//3373 1703//3372
f 1884//3557 1708//3382 1710//3384
f 1882//3552 1702//3373 1885//3556
f 1886//3554 1708//3382 1884//3557
f 1886//3554 1707//3381 1708//3382
f 1672//3345 1666//3337 1852//3525
f 1672//3345 1667//3302 1666//3337
f 1846//3522 1660//3324 1659//3320
f 1851//3524 1660//3324 1846//3522
f 1847//3518 1660//3324 1851//3524
f 1847//3518 1664//3332 1660//3324
f 1848//3519 1664//3332 1847//3518
f 1848//3519 1666//3337 1664//3332
f 1852//3525 1666//3337 1848//3519
f 1866//3538 1662//3327 1668//3339
f 1878//3550 1662//3327 1866//3538
f 1656//3315 1662//3327 1878//3550
f 1880//3551 1656//3315 1878//3550
f 1885//3556 1655//3313 1882//3552
f 1885//3556 1659//3320 1655//3313
f 1846//3522 1659//3320 1885//3556
f 1880//3551 1653//3306 1656//3315
f 1883//3553 1653//3306 1880//3551
f 1886//3554 1653//3306 1883//3553
f 1886//3554 1652//3307 1653//3306
f 1884//3557 1652//3307 1886//3554
f 1881//3555 1652//3307 1884//3557
f 1881//3555 1655//3313 1652//3307
f 1882//3552 1655//3313 1881//3555
o node2_Part__Mirroring002.000
v 0.031607 0.041549 0.068347
v 0.030107 0.046853 0.069118
v 0.029645 0.043700 0.068340
v 0.030026 0.042919 0.068374
v 0.050283 0.034192 0.070036
v 0.050676 0.033991 0.070645
v 0.050607 0.038330 0.071256
v 0.050792 0.038174 0.071659
v 0.051057 0.037268 0.070999
v 0.051321 0.036869 0.071482
v 0.051272 0.035210 0.071032
v 0.051163 0.035654 0.070652
v 0.050827 0.034721 0.070396
v 0.050398 0.038282 0.070938
v 0.050828 0.036898 0.070621
v 0.050095 0.038268 0.070747
v 0.050665 0.035272 0.070230
v 0.051411 0.036049 0.071159
v 0.046615 0.030093 0.068718
v 0.046408 0.030358 0.068406
v 0.045797 0.030433 0.068148
v 0.045250 0.029884 0.068123
v 0.042480 0.030519 0.068182
v 0.046546 0.029858 0.069053
v 0.045368 0.029478 0.068526
v 0.044131 0.030141 0.067849
v 0.043084 0.029968 0.068284
v 0.043591 0.030723 0.067744
v 0.043970 0.029719 0.068112
v 0.044464 0.029396 0.068518
v 0.042974 0.030584 0.067841
v 0.030322 0.046245 0.068344
v 0.030767 0.046398 0.068351
v 0.030789 0.043574 0.067752
v 0.030695 0.042640 0.067945
v 0.030567 0.042391 0.068287
v 0.030161 0.043423 0.067910
v 0.030260 0.045117 0.067982
v 0.030107 0.044170 0.067875
v 0.029482 0.044404 0.068347
v 0.029782 0.045181 0.068156
v 0.029419 0.045189 0.068626
v 0.029657 0.045980 0.068671
v 0.030484 0.046859 0.068673
v 0.049062 0.040759 0.071039
v 0.049740 0.040082 0.071039
v 0.048886 0.040599 0.071590
v 0.043395 0.046364 0.071797
v 0.040759 0.049062 0.071039
v 0.040082 0.049740 0.071039
v 0.039845 0.049510 0.071535
v 0.049193 0.039535 0.070830
v 0.049510 0.039845 0.071535
v 0.049617 0.034947 0.069917
v 0.030987 0.044742 0.068031
v 0.050147 0.036107 0.070278
v 0.031242 0.045890 0.068330
v 0.031520 0.043728 0.067928
v 0.036928 0.039224 0.068121
v 0.035246 0.049859 0.070032
v 0.036511 0.050140 0.070362
v 0.038566 0.036666 0.067938
v 0.037650 0.049721 0.070516
v 0.042860 0.045348 0.070695
v 0.040365 0.034531 0.067883
v 0.043683 0.031641 0.067944
v 0.044553 0.031017 0.067997
v 0.045851 0.031210 0.068315
v 0.045747 0.043321 0.070901
v 0.049751 0.037676 0.070528
v 0.048507 0.040208 0.070820
v 0.046223 0.043551 0.071795
v 0.040410 0.048709 0.071045
v 0.040583 0.048877 0.071595
v 0.045854 0.043836 0.071407
v 0.046521 0.042857 0.071091
v 0.047181 0.042479 0.071519
v 0.047313 0.041958 0.071040
v 0.048711 0.040424 0.071060
v 0.040276 0.048544 0.070858
v 0.041637 0.047904 0.071415
v 0.041978 0.047670 0.071752
v 0.042228 0.047177 0.071152
v 0.043379 0.046305 0.071428
v 0.044723 0.045087 0.071787
v 0.044413 0.045070 0.071138
v 0.042952 0.046122 0.070908
v 0.044609 0.045096 0.071410
v 0.039535 0.049193 0.070830
v 0.038562 0.050304 0.071041
v 0.038119 0.050831 0.071642
v 0.034081 0.050368 0.070139
v 0.033916 0.050628 0.070688
v 0.034995 0.050973 0.070496
v 0.035144 0.051261 0.071104
v 0.036494 0.051410 0.071383
v 0.036858 0.051141 0.070903
v 0.037589 0.050931 0.071038
v 0.035939 0.051169 0.070661
v 0.034804 0.050381 0.070065
v 0.037241 0.050664 0.070644
v 0.035831 0.050251 0.067601
v 0.036307 0.050489 0.067813
v 0.045568 0.043523 0.068109
v 0.043515 0.045575 0.068089
v 0.050180 0.038050 0.068293
v 0.050499 0.037311 0.068122
v 0.045440 0.031513 0.065872
v 0.035393 0.041583 0.065708
v 0.037160 0.040084 0.065619
v 0.041036 0.036076 0.065653
v 0.036867 0.037463 0.068063
v 0.036237 0.038595 0.067921
v 0.033465 0.040523 0.068019
v 0.033551 0.040787 0.067898
v 0.039728 0.034472 0.068007
v 0.041183 0.032664 0.067988
v 0.035018 0.039145 0.068075
v 0.041052 0.033371 0.067870
v 0.038239 0.035997 0.068088
v 0.034514 0.040225 0.067878
v 0.041566 0.031609 0.068324
v 0.038260 0.036536 0.067939
v 0.030751 0.043145 0.067759
v 0.037620 0.050180 0.067379
v 0.036761 0.050124 0.067040
v 0.036959 0.050412 0.067419
v 0.035790 0.049520 0.066708
v 0.036564 0.049649 0.066755
v 0.037019 0.050570 0.067940
v 0.035246 0.049845 0.067453
v 0.038367 0.049637 0.067286
v 0.035666 0.049830 0.066996
v 0.038286 0.050063 0.068029
v 0.037417 0.049742 0.066948
v 0.037691 0.050382 0.068047
v 0.036222 0.050227 0.067242
v 0.043259 0.045049 0.067112
v 0.043316 0.045514 0.067498
v 0.042474 0.046449 0.067735
v 0.042305 0.046257 0.067307
v 0.041129 0.046858 0.067035
v 0.040970 0.047657 0.067515
v 0.041995 0.046983 0.068160
v 0.040616 0.048121 0.067799
v 0.040022 0.048679 0.068165
v 0.040158 0.048026 0.067213
v 0.044320 0.044270 0.067263
v 0.044385 0.044538 0.067581
v 0.044809 0.043318 0.067024
v 0.047562 0.041342 0.068206
v 0.046706 0.042218 0.067791
v 0.045408 0.043414 0.067460
v 0.048519 0.039762 0.067336
v 0.048182 0.039586 0.067020
v 0.048541 0.040117 0.067783
v 0.050001 0.037800 0.067274
v 0.044541 0.044573 0.068036
v 0.046475 0.041463 0.067012
v 0.050024 0.038257 0.067782
v 0.046917 0.041794 0.067489
v 0.046853 0.041524 0.067221
v 0.050071 0.035935 0.067129
v 0.050084 0.035523 0.067536
v 0.049596 0.036210 0.066695
v 0.050559 0.036537 0.067901
v 0.050286 0.036860 0.067191
v 0.050426 0.037441 0.067694
v 0.049746 0.037472 0.066963
v 0.047561 0.033738 0.065883
v 0.048832 0.035085 0.066407
v 0.049110 0.034574 0.066957
v 0.047974 0.033721 0.066242
v 0.046057 0.032780 0.065181
v 0.046709 0.032110 0.066091
v 0.048237 0.033755 0.066567
v 0.045678 0.031832 0.065406
v 0.046336 0.032070 0.065588
v 0.046158 0.031714 0.065897
v 0.045329 0.032876 0.065016
v 0.044839 0.031705 0.065607
v 0.046016 0.032327 0.065244
v 0.045153 0.032500 0.065004
v 0.044633 0.032395 0.065130
v 0.045222 0.031976 0.065232
v 0.044237 0.032169 0.065507
v 0.040947 0.037069 0.065138
v 0.042790 0.035701 0.065034
v 0.041747 0.035853 0.065232
v 0.043075 0.034914 0.065053
v 0.042663 0.034224 0.065526
v 0.042960 0.034478 0.065191
v 0.039634 0.038087 0.065295
v 0.039255 0.038001 0.065652
v 0.039757 0.038465 0.065123
v 0.040339 0.037065 0.065464
v 0.040729 0.037963 0.065063
v 0.036632 0.041341 0.065136
v 0.038292 0.040606 0.065068
v 0.037378 0.040329 0.065279
v 0.037994 0.040246 0.065112
v 0.032437 0.044550 0.065132
v 0.032726 0.045317 0.064988
v 0.034491 0.043507 0.065040
v 0.033531 0.043239 0.065487
v 0.034478 0.043004 0.065172
v 0.035447 0.041782 0.065443
v 0.032012 0.045160 0.065220
v 0.031805 0.044678 0.065568
v 0.032640 0.046114 0.065213
v 0.031561 0.045565 0.065748
v 0.031597 0.044983 0.065763
v 0.032200 0.044191 0.065533
v 0.032255 0.046357 0.065487
v 0.031884 0.046448 0.065963
v 0.032043 0.045688 0.065240
v 0.036571 0.037112 0.068478
v 0.039238 0.034301 0.068442
v 0.033169 0.040140 0.068445
v 0.034478 0.038918 0.068517
v 0.036417 0.042336 0.065059
v 0.048501 0.035284 0.066235
vn 0.7297 -0.3511 -0.5868
vn 0.8738 0.4264 -0.2339
vn 0.9047 0.3901 -0.1714
vn 0.8744 -0.3086 -0.3745
vn 0.8663 -0.1846 -0.4642
vn 0.6063 0.3517 -0.7133
vn 0.7196 0.4356 -0.5407
vn 0.6603 -0.0319 -0.7503
vn 0.7761 0.1448 -0.6138
vn 0.8070 0.2037 -0.5543
vn 0.9215 0.2262 -0.3156
vn 0.5779 0.1356 -0.8047
vn 0.4914 0.3366 -0.8033
vn 0.9216 -0.0957 -0.3762
vn 0.5948 -0.0660 -0.8011
vn 0.7307 -0.6205 -0.2848
vn 0.6885 -0.4279 -0.5855
vn 0.6281 -0.3365 -0.7017
vn 0.3577 0.0417 -0.9329
vn 0.3889 -0.0013 -0.9213
vn 0.3889 -0.5595 -0.7320
vn 0.4095 -0.5800 -0.7042
vn 0.2008 -0.1558 -0.9671
vn 0.0948 -0.6873 -0.7202
vn 0.4499 -0.7720 -0.4489
vn 0.0723 -0.7359 -0.6732
vn 0.1786 -0.0117 -0.9838
vn -0.3135 -0.8912 -0.3278
vn -0.1747 -0.4719 -0.8642
vn -0.3102 -0.5904 -0.7451
vn 0.0775 -0.5482 -0.8328
vn -0.0927 -0.2594 -0.9613
vn -0.4093 -0.5793 -0.7049
vn 0.3400 -0.2982 -0.8919
vn -0.4668 -0.6220 -0.6286
vn -0.0708 0.1233 -0.9898
vn -0.6043 -0.5188 -0.6047
vn -0.6076 -0.4441 -0.6585
vn -0.7036 -0.3706 -0.6063
vn -0.6195 -0.0813 -0.7808
vn -0.6789 -0.1500 -0.7188
vn -0.3183 0.1571 -0.9349
vn -0.2885 0.3071 -0.9069
vn -0.7814 0.1529 -0.6050
vn -0.0913 0.3088 -0.9467
vn -0.5341 0.5047 -0.6782
vn -0.6214 0.5862 -0.5199
vn -0.7618 0.2627 -0.5922
vn -0.3624 -0.2871 -0.8867
vn -0.2763 -0.0651 -0.9589
vn -0.5277 0.4006 -0.7490
vn -0.5944 0.0319 -0.8035
vn -0.1786 -0.0009 -0.9839
vn -0.1579 0.4984 -0.8524
vn -0.1558 0.4996 -0.8521
vn -0.1464 0.5046 -0.8508
vn 0.4784 0.3919 -0.7859
vn 0.6328 0.5627 -0.5319
vn 0.6475 0.5637 -0.5128
vn 0.7913 0.5975 -0.1299
vn 0.1909 0.1911 -0.9628
vn 0.1682 0.2016 -0.9649
vn 0.2412 0.2087 -0.9478
vn 0.2353 0.2108 -0.9488
vn 0.2362 0.2130 -0.9481
vn 0.1806 0.2106 -0.9608
vn 0.1720 0.2092 -0.9626
vn 0.1727 0.2115 -0.9620
vn 0.2258 0.1940 -0.9547
vn 0.1824 0.2102 -0.9605
vn 0.2375 0.2112 -0.9481
vn 0.2421 0.2038 -0.9486
vn 0.1902 0.1964 -0.9619
vn 0.1918 0.1901 -0.9629
vn 0.1899 0.1975 -0.9617
vn 0.1542 0.1347 -0.9788
vn 0.1920 0.1892 -0.9630
vn 0.1919 0.2184 -0.9568
vn 0.1899 0.2193 -0.9570
vn 0.1989 0.2293 -0.9528
vn 0.1908 0.2180 -0.9571
vn 0.1987 0.2290 -0.9529
vn 0.1990 0.2334 -0.9518
vn 0.1715 0.1791 -0.9688
vn 0.2135 0.2201 -0.9518
vn 0.2094 0.2195 -0.9529
vn 0.2197 0.2221 -0.9499
vn 0.2210 0.2244 -0.9491
vn 0.2206 0.2241 -0.9493
vn 0.2150 0.2059 -0.9547
vn 0.2630 0.2600 -0.9291
vn 0.1921 0.1776 -0.9652
vn 0.1681 0.1723 -0.9706
vn 0.1753 0.1751 -0.9688
vn 0.2304 0.2332 -0.9447
vn 0.2294 0.2336 -0.9449
vn 0.2285 0.2330 -0.9453
vn 0.1856 0.1909 -0.9639
vn 0.1845 0.1915 -0.9640
vn 0.1931 0.1900 -0.9626
vn 0.1950 0.1901 -0.9622
vn 0.1995 0.1749 -0.9642
vn 0.2307 0.2326 -0.9448
vn 0.2082 0.1918 -0.9591
vn 0.2163 0.1909 -0.9575
vn 0.2071 0.1919 -0.9593
vn 0.2283 0.2233 -0.9476
vn 0.2191 0.2173 -0.9512
vn 0.2251 0.2243 -0.9482
vn 0.2308 0.2201 -0.9478
vn 0.2259 0.2217 -0.9486
vn 0.2176 0.1906 -0.9572
vn 0.2308 0.1794 -0.9563
vn 0.2232 0.2210 -0.9494
vn 0.1900 0.1793 -0.9653
vn -0.6916 0.7222 -0.0101
vn -0.6919 0.7196 -0.0599
vn 0.7091 -0.7051 -0.0083
vn 0.6153 0.6093 -0.5002
vn 0.4061 0.3817 -0.8303
vn 0.6481 0.5949 -0.4754
vn 0.6478 0.5958 -0.4747
vn 0.6472 0.5969 -0.4743
vn 0.7110 0.6808 -0.1762
vn 0.7411 0.6706 -0.0315
vn 0.6671 0.7253 -0.1702
vn 0.6865 0.7013 -0.1922
vn 0.6973 0.6895 -0.1956
vn 0.7060 0.6886 -0.1656
vn 0.6027 0.5856 -0.5421
vn 0.4603 0.4545 -0.7626
vn 0.4595 0.4520 -0.7646
vn 0.4582 0.4480 -0.7677
vn 0.6478 0.5974 -0.4727
vn 0.6676 0.5878 -0.4570
vn 0.4711 0.4193 -0.7761
vn 0.6726 0.6074 -0.4227
vn 0.4514 0.4833 -0.7501
vn 0.4515 0.4834 -0.7500
vn 0.5756 0.6482 -0.4985
vn 0.6053 0.6554 -0.4517
vn 0.6056 0.6234 -0.4946
vn 0.4571 0.4464 -0.7693
vn 0.6566 0.7392 -0.1500
vn 0.5841 0.7069 -0.3989
vn 0.5923 0.6177 -0.5173
vn 0.6730 0.7252 -0.1451
vn 0.4696 0.4918 -0.7332
vn 0.6854 0.7138 -0.1439
vn 0.4415 0.4425 -0.7805
vn -0.7055 0.7087 -0.0085
vn 0.7071 -0.6981 0.1126
vn 0.7107 -0.7034 -0.0091
vn 0.3695 0.4753 -0.7985
vn 0.5841 0.6127 -0.5323
vn 0.5781 0.7755 -0.2538
vn 0.3756 0.5794 -0.7234
vn 0.5138 0.7962 -0.3195
vn -0.3439 0.8049 -0.4836
vn -0.3408 0.8795 -0.3322
vn 0.3538 0.9218 -0.1585
vn 0.3120 0.9097 -0.2740
vn -0.0921 0.6056 -0.7904
vn 0.1587 0.4407 -0.8835
vn -0.1182 0.9088 -0.4002
vn 0.0210 0.5840 -0.8115
vn 0.3131 0.6354 -0.7059
vn -0.0475 0.9577 -0.2837
vn 0.2213 0.5966 -0.7714
vn 0.1342 0.9041 -0.4057
vn -0.5694 0.8221 -0.0045
vn 0.4639 0.8538 0.2361
vn 0.3041 0.9190 0.2511
vn 0.2314 0.9483 0.2171
vn -0.2518 0.9558 0.1515
vn -0.1374 0.9798 0.1451
vn -0.4594 0.8876 0.0327
vn 0.7553 0.6072 0.2466
vn 0.7071 0.6280 0.3250
vn 0.7037 0.6552 0.2746
vn 0.6863 0.6891 0.2329
vn 0.6866 0.6886 0.2331
vn 0.6868 0.6883 0.2335
vn 0.6861 0.6893 0.2327
vn 0.6672 0.7087 0.2294
vn 0.6303 0.7325 0.2574
vn 0.6100 0.7384 0.2875
vn 0.5902 0.7655 0.2562
vn 0.7072 -0.7062 -0.0321
vn 0.7079 -0.7056 -0.0324
vn 0.7077 -0.7058 -0.0323
vn 0.8978 -0.4345 0.0718
vn 0.8935 -0.4429 0.0737
vn 0.8986 -0.4328 0.0715
vn 0.8925 -0.4448 0.0742
vn 0.9444 0.1963 0.2638
vn 0.9842 0.0266 0.1753
vn 0.9117 0.3390 0.2320
vn 0.7171 -0.6969 -0.0054
vn 0.7111 -0.7023 -0.0333
vn -0.5471 -0.7838 -0.2939
vn -0.5516 -0.7814 -0.2919
vn -0.5459 -0.7846 -0.2940
vn -0.5537 -0.7802 -0.2911
vn -0.1714 -0.9411 -0.2916
vn 0.1821 -0.9716 -0.1511
vn 0.2712 -0.9486 -0.1633
vn 0.6019 -0.7936 -0.0887
vn -0.5938 -0.7277 -0.3434
vn -0.5605 -0.7688 -0.3078
vn -0.6071 -0.7258 -0.3234
vn -0.6250 -0.7186 -0.3050
vn -0.6712 -0.6797 -0.2959
vn -0.6955 -0.6107 -0.3787
vn -0.6916 -0.6400 -0.3348
vn -0.7167 -0.6060 -0.3450
vn -0.7592 -0.5787 -0.2980
vn -0.9562 0.2511 -0.1501
vn -0.9139 0.3732 -0.1599
vn -0.9617 -0.0669 -0.2660
vn -0.8628 -0.4235 -0.2759
vn -0.8622 -0.4252 -0.2753
vn -0.8657 -0.4171 -0.2769
vn -0.8670 -0.4141 -0.2772
vn -0.7460 -0.5817 -0.3243
vn -0.7032 0.7110 -0.0039
vn -0.7052 0.7086 -0.0242
vn -0.5325 0.7215 -0.4425
vn -0.4992 0.7157 -0.4884
vn -0.1457 0.5049 -0.8508
vn -0.0980 0.4755 -0.8742
vn 0.0013 -0.0072 -1.0000
vn -0.1657 -0.2512 -0.9536
vn -0.1665 -0.2529 -0.9531
vn -0.1666 -0.2548 -0.9525
vn -0.4226 -0.5074 -0.7510
vn -0.4159 -0.5123 -0.7514
vn -0.4233 -0.5076 -0.7505
vn -0.5392 -0.4265 -0.7262
vn -0.0094 0.0180 -0.9998
vn -0.2514 -0.2519 -0.9345
vn -0.2540 -0.2563 -0.9326
vn -0.2497 -0.2496 -0.9356
vn -0.2300 -0.2461 -0.9416
vn -0.2623 -0.3325 -0.9059
vn -0.1363 -0.0837 -0.9871
vn -0.4940 -0.3697 -0.7870
vn -0.6179 -0.4328 -0.6565
vn -0.0998 -0.0484 -0.9938
vn -0.4538 -0.4936 -0.7419
vn -0.3240 -0.2139 -0.9216
vn -0.2687 -0.2066 -0.9408
vn -0.1818 -0.0970 -0.9786
vn -0.1748 -0.1563 -0.9721
vn -0.2996 -0.2436 -0.9224
vn -0.2558 -0.2590 -0.9314
vn -0.1680 -0.2554 -0.9521
vn -0.1155 -0.1481 -0.9822
vn -0.4540 -0.6165 -0.6432
vn -0.2373 -0.3422 -0.9092
vn 0.0177 -0.0179 -0.9997
vn -0.2207 -0.3163 -0.9226
vn -0.2450 -0.2835 -0.9271
vn 0.3292 0.5804 -0.7448
vn -0.1427 0.6433 -0.7522
vn -0.0359 0.5250 -0.8503
vn -0.2821 0.8870 -0.3657
vn -0.4391 0.7892 -0.4294
vn -0.3730 0.8062 -0.4592
vn 0.5108 0.7687 -0.3850
vn -0.0631 0.8109 -0.5818
vn 0.2541 0.6160 -0.7457
vn 0.4430 0.8441 -0.3022
vn -0.0582 0.9567 -0.2851
vn -0.1319 0.9080 -0.3976
vn 0.2128 0.7220 -0.6584
vn 0.2990 0.9025 -0.3099
vn 0.2994 0.9023 -0.3101
vn 0.3019 0.9032 -0.3050
vn 0.2974 0.9030 -0.3100
vn -0.1484 0.6627 -0.7340
vn 0.1472 0.4633 -0.8739
vn 0.6586 0.6939 -0.2911
vn 0.6623 0.6934 -0.2837
vn 0.6631 0.6939 -0.2807
vn 0.2986 0.3132 -0.9015
vn 0.5821 0.6319 -0.5117
vn 0.5697 0.6429 -0.5119
vn 0.6132 0.6957 -0.3742
vn 0.5018 0.5752 -0.6460
vn 0.6541 0.7338 -0.1839
vn 0.3450 0.4186 -0.8401
vn 0.6487 0.7549 -0.0964
vn 0.3271 0.4020 -0.8552
vn 0.5697 0.6987 -0.4328
vn 0.5668 0.5692 -0.5956
vn 0.5602 0.5734 -0.5978
vn 0.5657 0.5699 -0.5960
vn 0.6570 0.6947 -0.2929
vn 0.5767 0.7343 -0.3581
vn 0.6234 0.7664 -0.1551
vn 0.4218 0.4186 -0.8043
vn 0.6710 0.6795 -0.2966
vn 0.4134 0.4531 -0.7898
vn 0.6662 0.7278 -0.1629
vn 0.4177 0.4659 -0.7800
vn 0.5030 0.5873 -0.6342
vn 0.5077 0.5119 -0.6930
vn 0.4835 0.5226 -0.7022
vn 0.4741 0.4576 -0.7522
vn 0.5613 0.5114 -0.6507
vn 0.6741 0.6209 -0.4001
vn 0.4821 0.4381 -0.7587
vn 0.6948 0.6608 -0.2838
vn 0.6897 0.6647 -0.2872
vn 0.6922 0.6618 -0.2880
vn 0.4807 0.3770 -0.7917
vn 0.5035 0.4043 -0.7636
vn 0.4042 0.3675 -0.8376
vn 0.4048 0.3646 -0.8386
vn 0.4050 0.3651 -0.8383
vn 0.6799 0.5296 -0.5072
vn 0.6897 0.5501 -0.4708
vn 0.7821 0.6231 0.0075
vn 0.7830 0.6220 0.0111
vn 0.7824 0.6227 0.0117
vn 0.7820 0.6233 0.0054
vn 0.6703 0.5647 -0.4815
vn 0.7430 0.6496 -0.1611
vn 0.7361 0.6682 -0.1079
vn 0.6879 0.6685 -0.2825
vn 0.5597 0.5738 -0.5980
vn 0.6925 0.6613 -0.2883
vn 0.6991 0.6120 -0.3698
vn 0.4947 0.4182 -0.7618
vn 0.5758 0.5025 -0.6450
vn 0.4037 0.3680 -0.8376
vn 0.4305 -0.0616 -0.9005
vn 0.4306 -0.0620 -0.9004
vn 0.4320 -0.0582 -0.9000
vn 0.6441 -0.3702 -0.6695
vn 0.5932 -0.2041 -0.7787
vn 0.7402 -0.4609 -0.4896
vn 0.8945 -0.2999 -0.3315
vn 0.8886 -0.1777 -0.4228
vn 0.6029 0.2497 -0.7577
vn 0.9407 0.0626 -0.3335
vn 0.7915 0.4361 -0.4281
vn 0.6399 -0.0976 -0.7622
vn 0.8893 0.4480 -0.0916
vn 0.5006 0.1225 -0.8570
vn 0.7849 0.2865 -0.5494
vn 0.9149 0.4022 -0.0339
vn 0.9845 0.1146 -0.1331
vn 0.6713 -0.3427 -0.6572
vn 0.5362 -0.2513 -0.8058
vn 0.6130 -0.3227 -0.7212
vn 0.6182 -0.3011 -0.7261
vn 0.6977 -0.5017 -0.5114
vn 0.6966 -0.5008 -0.5138
vn 0.6975 -0.4992 -0.5141
vn 0.7092 -0.5114 -0.4853
vn 0.6983 -0.5011 -0.5111
vn 0.4634 -0.0808 -0.8825
vn 0.4326 -0.0582 -0.8997
vn 0.3972 -0.5193 -0.7567
vn 0.4142 -0.7059 -0.5746
vn 0.6606 -0.1613 -0.7332
vn 0.2118 -0.0663 -0.9751
vn -0.1359 -0.4113 -0.9013
vn 0.6234 -0.6664 -0.4091
vn -0.2989 -0.6014 -0.7409
vn -0.0231 -0.7983 -0.6019
vn -0.0118 -0.8223 -0.5689
vn -0.3432 -0.6012 -0.7216
vn 0.2358 -0.1547 -0.9594
vn 0.1782 -0.3740 -0.9102
vn 0.2015 -0.4264 -0.8818
vn 0.2548 -0.8537 -0.4543
vn -0.1436 -0.1180 -0.9826
vn -0.2129 -0.2137 -0.9534
vn -0.2001 -0.0970 -0.9750
vn -0.2821 -0.2211 -0.9335
vn -0.2810 -0.2224 -0.9336
vn -0.2818 -0.2216 -0.9335
vn -0.3367 -0.2970 -0.8935
vn 0.0099 0.0292 -0.9995
vn -0.0579 -0.0460 -0.9973
vn -0.5507 -0.5138 -0.6578
vn -0.2076 -0.1384 -0.9684
vn -0.2798 -0.2218 -0.9341
vn -0.5101 -0.3872 -0.7680
vn -0.4991 -0.4177 -0.7592
vn -0.5555 -0.4396 -0.7059
vn -0.5209 -0.3916 -0.7585
vn -0.1153 -0.1055 -0.9877
vn -0.1188 -0.1123 -0.9866
vn -0.1176 -0.1102 -0.9869
vn -0.4402 -0.3534 -0.8254
vn -0.1142 -0.1034 -0.9881
vn -0.5386 -0.4854 -0.6887
vn -0.4254 -0.4256 -0.7987
vn -0.5595 -0.5179 -0.6471
vn -0.3819 -0.4779 -0.7911
vn -0.3831 -0.4781 -0.7904
vn -0.3829 -0.4788 -0.7900
vn -0.2049 -0.2445 -0.9478
vn -0.0822 -0.0942 -0.9921
vn -0.0637 -0.0641 -0.9959
vn -0.0642 -0.0638 -0.9959
vn -0.0690 -0.0641 -0.9956
vn -0.2884 -0.3391 -0.8954
vn -0.3642 -0.3879 -0.8467
vn -0.5475 -0.6115 -0.5713
vn -0.1683 -0.2472 -0.9542
vn -0.5001 -0.6401 -0.5832
vn -0.3071 -0.3096 -0.8999
vn -0.0636 -0.0691 -0.9956
vn -0.2868 -0.2951 -0.9114
vn -0.5152 -0.5289 -0.6744
vn -0.5054 -0.5136 -0.6934
vn -0.4144 -0.5438 -0.7298
vn -0.0175 -0.0455 -0.9988
vn -0.0419 -0.0855 -0.9955
vn -0.4698 -0.5458 -0.6938
vn -0.3831 -0.5254 -0.7597
vn -0.3815 -0.4779 -0.7913
vn -0.7920 -0.0958 -0.6029
vn -0.7318 -0.0637 -0.6786
vn -0.2941 -0.0673 -0.9534
vn -0.5823 -0.2965 -0.7570
vn -0.5725 -0.4145 -0.7074
vn -0.3364 0.4175 -0.8441
vn -0.2170 0.2431 -0.9454
vn -0.6681 0.4343 -0.6041
vn -0.7108 0.4004 -0.5784
vn -0.3188 0.0560 -0.9462
vn -0.1155 -0.1407 -0.9833
vn -0.7315 0.0699 -0.6782
vn 0.1206 0.2815 -0.9520
vn -0.0130 0.4119 -0.9112
vn -0.2717 0.5955 -0.7560
vn -0.2195 0.5551 -0.8023
vn -0.5045 0.7129 -0.4871
vn -0.4883 0.7039 -0.5158
vn -0.4843 -0.4657 -0.7406
vn -0.5179 -0.4152 -0.7479
vn -0.4713 -0.4372 -0.7660
vn -0.5001 -0.4490 -0.7405
vn -0.4176 -0.4924 -0.7636
vn -0.4270 -0.4783 -0.7674
vn -0.4160 -0.5134 -0.7506
vn 0.1993 0.2107 -0.9570
vn 0.1941 0.2189 -0.9562
vn 0.1996 0.2105 -0.9570
vn 0.1937 0.2181 -0.9565
vn 0.1926 0.2190 -0.9565
vn 0.1931 0.2181 -0.9566
vn 0.1944 0.2179 -0.9564
vn 0.2381 0.1914 -0.9522
vn 0.2076 0.1795 -0.9616
vn 0.2076 0.1931 -0.9590
vn 0.2059 0.1957 -0.9588
vn 0.2049 0.1983 -0.9585
vn 0.2077 0.1927 -0.9590
vn 0.2132 0.1929 -0.9578
vn 0.2124 0.1953 -0.9575
vn 0.2399 0.1828 -0.9534
vn 0.2114 0.1961 -0.9575
vn 0.2174 0.1908 -0.9573
s 1
usemtl Part__Mirroring002_004_001.001
f 1899//3558 1892//3558 1891//3558
f 1893//3559 1894//3559 1895//3559
f 1895//3560 1894//3560 1896//3560
f 1897//3561 1892//3561 1899//3561
f 1897//3562 1899//3562 1898//3562
f 1901//3563 1900//3563 1895//3563
f 1895//3564 1900//3564 1893//3564
f 1898//3565 1899//3565 1903//3565
f 1895//3566 1904//3566 1901//3566
f 1904//3567 1898//3567 1901//3567
f 1895//3568 1896//3568 1904//3568
f 1901//3569 1898//3569 1903//3569
f 1900//3570 1901//3570 1902//3570
f 1904//3571 1897//3571 1898//3571
f 1899//3572 1891//3572 1903//3572
f 1910//3573 1905//3573 1892//3573
f 1892//3574 1905//3574 1891//3574
f 1905//3575 1906//3575 1891//3575
f 1891//3576 1907//3576 1903//3576
f 1906//3577 1907//3577 1891//3577
f 1905//3578 1911//3578 1906//3578
f 1906//3579 1911//3579 1908//3579
f 1907//3580 1908//3580 1912//3580
f 1911//3581 1915//3581 1908//3581
f 1910//3582 1911//3582 1905//3582
f 1911//3583 1916//3583 1915//3583
f 1907//3584 1912//3584 1914//3584
f 1913//3585 1915//3585 1916//3585
f 1915//3586 1917//3586 1912//3586
f 1917//3587 1915//3587 1913//3587
f 1908//3588 1915//3588 1912//3588
f 1912//3589 1917//3589 1914//3589
f 1913//3590 1909//3590 1917//3590
f 1906//3591 1908//3591 1907//3591
f 1887//3592 1922//3592 1921//3592
f 1925//3593 1924//3593 1920//3593
f 1922//3594 1890//3594 1921//3594
f 1921//3595 1890//3595 1923//3595
f 1923//3596 1890//3596 1889//3596
f 1925//3597 1923//3597 1926//3597
f 1923//3598 1889//3598 1926//3598
f 1925//3599 1927//3599 1924//3599
f 1927//3600 1918//3600 1924//3600
f 1926//3601 1928//3601 1927//3601
f 1924//3602 1918//3602 1919//3602
f 1929//3603 1930//3603 1918//3603
f 1929//3604 1888//3604 1930//3604
f 1928//3605 1929//3605 1927//3605
f 1921//3606 1923//3606 2010//3606
f 1925//3607 2010//3607 1923//3607
f 1927//3608 1929//3608 1918//3608
f 1926//3609 1927//3609 1925//3609
f 1920//3610 2010//3610 1925//3610
f 1918//3611 1930//3612 1919//3613
f 1938//3614 1900//3614 1902//3614
f 1939//3615 1900//3615 1938//3615
f 1939//3616 1893//3616 1900//3616
f 1939//3617 1894//3617 1893//3617
f 1932//3618 1957//3618 1931//3618
f 1941//3619 1920//3619 1924//3619
f 1901//3620 1956//3621 1902//3622
f 1941//3623 1924//3624 1919//3625
f 1903//3626 1940//3626 1942//3626
f 1943//3627 1941//3623 1919//3625
f 1901//3620 1942//3628 1956//3621
f 1901//3620 1903//3629 1942//3628
f 1944//3630 1920//3631 1941//3632
f 1945//3633 2007//3633 1920//3633
f 1945//3634 1920//3631 1944//3630
f 1946//3635 1919//3636 1986//3637
f 1946//3635 1943//3638 1919//3636
f 1947//3639 1946//3635 1986//3637
f 1987//3640 1947//3639 1986//3637
f 1948//3641 2007//3641 1945//3641
f 1949//3642 1947//3643 1987//3644
f 1975//3645 1949//3642 1987//3644
f 1950//3646 1949//3642 1975//3645
f 1951//3647 1948//3647 1945//3647
f 1966//3648 1950//3648 1975//3648
f 1936//3649 1966//3649 1975//3649
f 1952//3650 1951//3650 1945//3650
f 1935//3651 1966//3651 1936//3651
f 1973//3652 1950//3653 1966//3654
f 1914//3655 1951//3656 1952//3657
f 1953//3658 1914//3655 1952//3657
f 1907//3659 1914//3659 1953//3659
f 1955//3660 1950//3653 1973//3652
f 1954//3661 1907//3662 1953//3663
f 1957//3664 1950//3665 1955//3666
f 1956//3667 1950//3665 1957//3664
f 1938//3668 1956//3667 1957//3664
f 1940//3669 1907//3662 1954//3661
f 1903//3670 1907//3670 1940//3670
f 1902//3671 1956//3667 1938//3668
f 1932//3672 1938//3672 1957//3672
f 1933//3673 1931//3673 1965//3673
f 1965//3674 1931//3674 1957//3674
f 1938//3675 1932//3675 1939//3675
f 1974//3676 1961//3676 1972//3676
f 1955//3677 1964//3677 1957//3677
f 1961//3678 1963//3679 1962//3680
f 1958//3681 1963//3681 1961//3681
f 1958//3682 1933//3682 1963//3682
f 1970//3683 1967//3683 1968//3683
f 1974//3684 1970//3684 1971//3684
f 1961//3685 1974//3685 1971//3685
f 1971//3686 1958//3686 1961//3686
f 1961//3687 1962//3687 1972//3687
f 1972//3688 1962//3689 1955//3690
f 1964//3691 1962//3680 1963//3679
f 1964//3692 1963//3692 1933//3692
f 1957//3693 1964//3693 1965//3693
f 1933//3694 1965//3694 1964//3694
f 1969//3695 1966//3696 1959//3696
f 1959//3697 1967//3697 1969//3697
f 1969//3698 1967//3698 1970//3698
f 1972//3699 1970//3699 1974//3699
f 1955//3690 1962//3689 1964//3700
f 1960//3701 1968//3701 1967//3701
f 1967//3702 1959//3702 1960//3702
f 1966//3696 1969//3695 1973//3695
f 1972//3703 1969//3703 1970//3703
f 1934//3704 1970//3704 1968//3704
f 1969//3705 1972//3705 1973//3705
f 1971//3706 1970//3706 1934//3706
f 1973//3707 1972//3707 1955//3707
f 1937//3708 1936//3708 1975//3708
f 1966//3709 1935//3709 1959//3709
f 1935//3710 1960//3710 1959//3710
f 1976//3711 1975//3711 1987//3711
f 1976//3712 1937//3712 1975//3712
f 1977//3713 1937//3713 1976//3713
f 1984//3714 1976//3714 1987//3714
f 1984//3715 1977//3715 1976//3715
f 1978//3716 1979//3716 1980//3716
f 1980//3717 1979//3717 1981//3717
f 1982//3718 1977//3718 1984//3718
f 1982//3719 1984//3719 1983//3719
f 1986//3720 1978//3720 1980//3720
f 1986//3721 1985//3721 1987//3721
f 1980//3722 1981//3722 1985//3722
f 1985//3723 1986//3723 1980//3723
f 1983//3724 1984//3724 1987//3724
f 1981//3725 1982//3725 1985//3725
f 1985//3726 1983//3726 1987//3726
f 1985//3727 1982//3727 1983//3727
f 2017//3728 1946//3728 1988//3728
f 2022//3729 1949//3729 2020//3729
f 2022//3730 1947//3730 1949//3730
f 2016//3731 1947//3731 2022//3731
f 1989//3732 1946//3732 1947//3732
f 1989//3733 1947//3733 2016//3733
f 1988//3734 1946//3734 1989//3734
f 2037//3735 1956//3735 1992//3735
f 2037//3736 1950//3736 1956//3736
f 1990//3737 1950//3737 2037//3737
f 2044//3738 1950//3739 1990//3740
f 1991//3741 1950//3739 2044//3738
f 2030//3742 1950//3742 1991//3742
f 2032//3743 1950//3743 2030//3743
f 2032//3744 1949//3744 1950//3744
f 2020//3745 1949//3745 2032//3745
f 2050//3746 1940//3747 2058//3748
f 2050//3749 1942//3750 1940//3751
f 2052//3752 1942//3750 2050//3749
f 1993//3753 1956//3753 1942//3753
f 1993//3754 1942//3754 2052//3754
f 1992//3755 1956//3755 1993//3755
f 2061//3756 2058//3756 1954//3756
f 2058//3748 1940//3747 1954//3757
f 2072//3758 1953//3759 1952//3760
f 2067//3761 1953//3759 2072//3758
f 1994//3762 1953//3762 2067//3762
f 1994//3763 1954//3763 1953//3763
f 2065//3764 1954//3764 1994//3764
f 2061//3765 1954//3765 2065//3765
f 2091//3766 1945//3766 1944//3766
f 2091//3767 1944//3767 2099//3767
f 1995//3768 1945//3768 2091//3768
f 1996//3769 1945//3769 1995//3769
f 2080//3770 1945//3770 1996//3770
f 1997//3771 1952//3771 1945//3771
f 1997//3772 1945//3772 2080//3772
f 2077//3773 1952//3773 1997//3773
f 2072//3774 1952//3774 2077//3774
f 2097//3775 1941//3775 1943//3775
f 2097//3776 1943//3776 2101//3776
f 2098//3777 1941//3777 2097//3777
f 2095//3778 1944//3779 1941//3780
f 2095//3778 1941//3780 2098//3781
f 2099//3782 1944//3782 2095//3782
f 1946//3783 2017//3783 1943//3783
f 1943//3784 2017//3784 2101//3784
f 1888//3785 1979//3785 1930//3785
f 1979//3786 1978//3786 1930//3786
f 1930//3612 1978//3787 1919//3613
f 1978//3788 1986//3788 1919//3788
f 1948//3789 2009//3789 1999//3789
f 2004//3790 2001//3791 2007//3792
f 2105//3793 2000//3794 2004//3795
f 2002//3796 2003//3796 2008//3796
f 1948//3797 1951//3797 2009//3797
f 1998//3798 2009//3799 2006//3800
f 2004//3801 1999//3801 1998//3801
f 2004//3802 2000//3802 2001//3802
f 1917//3803 2005//3803 1914//3803
f 1909//3804 2003//3804 1917//3804
f 1909//3805 2008//3805 2003//3805
f 1914//3806 2005//3806 1951//3806
f 2004//3807 1998//3807 2103//3807
f 1917//3808 2003//3808 2005//3808
f 2005//3809 2003//3809 2002//3809
f 2002//3810 1951//3810 2005//3810
f 1951//3811 2002//3811 2009//3811
f 2006//3812 2009//3812 2002//3812
f 1998//3798 1999//3813 2009//3799
f 2001//3791 2010//3814 2007//3792
f 1948//3815 1999//3815 2007//3815
f 1887//3816 1921//3816 2000//3816
f 2000//3817 1921//3817 2001//3817
f 2007//3818 2010//3818 1920//3818
f 2001//3819 1921//3819 2010//3819
f 2007//3820 1999//3820 2004//3820
f 2021//3821 2011//3821 2018//3821
f 2019//3822 2012//3822 2014//3822
f 2012//3823 2015//3823 2014//3823
f 1988//3824 1989//3824 2023//3824
f 2017//3825 1988//3825 2019//3825
f 2019//3826 1988//3826 2023//3826
f 2011//3827 2020//3827 2018//3827
f 2012//3828 2023//3828 2013//3828
f 2021//3829 2012//3829 2011//3829
f 2011//3830 2022//3830 2020//3830
f 2013//3831 1989//3831 2016//3831
f 2023//3832 1989//3832 2013//3832
f 2012//3833 2013//3833 2011//3833
f 2011//3834 2016//3835 2022//3836
f 2013//3837 2016//3835 2011//3834
f 2012//3838 2019//3838 2023//3838
f 2021//3839 2015//3839 2012//3839
f 2035//3840 1991//3841 2044//3842
f 2028//3843 2024//3843 2036//3843
f 2029//3844 2026//3844 2027//3844
f 2026//3845 2025//3845 2027//3845
f 2031//3846 2026//3846 2029//3846
f 2033//3847 2029//3847 2027//3847
f 2031//3848 2030//3848 2026//3848
f 2018//3849 2028//3849 2021//3849
f 2032//3850 2030//3850 2031//3850
f 2018//3851 2033//3851 2028//3851
f 2018//3852 2031//3852 2029//3852
f 2025//3853 2035//3854 2034//3855
f 2035//3840 2025//3856 1991//3841
f 2020//3857 2031//3857 2018//3857
f 2020//3858 2032//3858 2031//3858
f 2036//3859 2024//3859 2034//3859
f 2025//3860 2026//3860 1991//3860
f 2028//3861 2027//3861 2024//3861
f 2026//3862 2030//3862 1991//3862
f 2027//3863 2028//3863 2033//3863
f 2033//3864 2018//3864 2029//3864
f 2024//3865 2027//3865 2025//3865
f 2034//3866 2024//3866 2025//3866
f 2036//3867 2039//3867 2048//3867
f 2048//3868 2039//3868 2047//3868
f 2047//3869 2039//3869 2038//3869
f 2036//3870 2034//3870 2039//3870
f 2044//3871 1990//3872 2039//3873
f 2055//3874 2041//3874 2043//3874
f 2041//3875 2040//3875 2043//3875
f 2048//3876 2041//3877 2045//3878
f 2043//3879 2040//3879 2046//3879
f 2040//3880 2042//3880 2046//3880
f 2046//3881 2037//3882 1992//3883
f 2042//3884 2037//3882 2046//3881
f 2047//3885 2042//3885 2040//3885
f 2038//3886 2037//3886 2042//3886
f 2038//3887 1990//3887 2037//3887
f 2039//3873 1990//3872 2038//3888
f 2034//3855 2035//3854 2039//3889
f 2044//3871 2039//3873 2035//3890
f 2038//3891 2042//3891 2047//3891
f 2040//3892 2041//3892 2048//3892
f 2048//3893 2047//3893 2040//3893
f 2048//3876 2045//3878 2036//3894
f 2108//3895 2051//3896 2057//3897
f 2057//3898 2049//3898 2058//3898
f 2051//3899 2049//3899 2057//3899
f 2049//3900 2050//3900 2058//3900
f 2052//3901 2050//3901 2049//3901
f 2053//3902 2052//3902 2049//3902
f 2043//3903 2053//3903 2055//3903
f 2054//3904 2052//3904 2053//3904
f 2054//3905 2043//3905 2046//3905
f 2051//3906 2053//3906 2049//3906
f 2054//3907 2046//3907 1992//3907
f 2051//3908 2055//3908 2053//3908
f 2043//3909 2054//3909 2053//3909
f 1992//3910 1993//3910 2054//3910
f 2054//3911 1993//3911 2052//3911
f 2058//3912 2059//3912 2057//3912
f 2060//3913 2056//3913 2064//3913
f 2056//3914 2059//3914 2064//3914
f 2057//3915 2059//3915 2056//3915
f 2062//3916 2058//3917 2061//3918
f 2059//3919 2061//3919 2064//3919
f 2062//3916 2061//3918 2059//3920
f 2108//3921 2056//3921 2060//3921
f 2056//3922 2108//3895 2057//3897
f 2058//3917 2062//3916 2059//3920
f 2068//3923 2064//3923 2063//3923
f 2063//3924 2064//3924 2065//3924
f 2068//3925 2060//3925 2064//3925
f 2060//3926 2069//3926 2066//3926
f 2069//3927 2071//3927 2070//3927
f 2061//3928 2065//3928 2064//3928
f 2070//3929 2071//3929 2067//3929
f 2071//3930 2063//3930 2067//3930
f 2063//3931 1994//3931 2067//3931
f 2072//3932 2070//3932 2067//3932
f 2060//3933 2068//3933 2069//3933
f 2069//3934 2068//3934 2071//3934
f 2068//3935 2063//3935 2071//3935
f 2065//3936 1994//3936 2063//3936
f 2074//3937 2073//3937 2083//3937
f 2074//3938 2075//3938 2073//3938
f 2076//3939 2075//3939 2074//3939
f 2075//3940 2076//3941 2078//3942
f 2073//3943 2079//3943 2081//3943
f 2069//3944 2076//3944 2066//3944
f 2066//3945 2076//3945 2074//3945
f 2082//3946 2075//3946 1997//3946
f 2070//3947 2078//3947 2069//3947
f 2069//3948 2078//3942 2076//3941
f 2072//3949 2078//3949 2070//3949
f 2078//3950 2077//3950 2075//3950
f 2075//3951 2077//3951 1997//3951
f 2072//3952 2077//3952 2078//3952
f 2083//3953 2073//3954 2081//3955
f 2073//3956 2075//3956 2082//3956
f 2083//3953 2081//3955 2085//3957
f 2080//3958 2079//3958 2082//3958
f 2082//3959 2079//3959 2073//3959
f 2082//3960 1997//3960 2080//3960
f 2093//3961 2092//3962 2084//3963
f 2090//3964 2084//3964 2092//3964
f 2084//3965 2107//3965 2085//3965
f 2085//3966 2087//3967 2084//3968
f 2084//3969 2087//3969 2086//3969
f 2086//3970 2093//3970 2084//3970
f 1996//3971 1995//3971 2093//3971
f 2090//3972 2092//3972 2088//3972
f 2091//3973 2093//3973 1995//3973
f 2079//3974 2087//3974 2081//3974
f 2081//3975 2087//3967 2085//3966
f 2079//3976 2086//3976 2087//3976
f 2080//3977 1996//3977 2079//3977
f 2079//3978 1996//3978 2086//3978
f 2088//3979 2091//3979 2099//3979
f 2107//3980 2090//3980 2089//3980
f 2090//3981 2107//3981 2084//3981
f 2086//3982 1996//3982 2093//3982
f 2091//3983 2088//3983 2092//3983
f 2093//3961 2091//3984 2092//3962
f 2094//3985 2095//3985 2097//3985
f 2095//3986 2098//3986 2097//3986
f 2094//3987 2089//3987 2088//3987
f 2088//3988 2095//3988 2094//3988
f 2099//3989 2095//3989 2088//3989
f 2096//3990 2102//3990 2100//3990
f 2089//3991 2102//3991 2096//3991
f 2100//3992 2102//3992 2101//3992
f 2102//3993 2097//3993 2101//3993
f 2089//3994 2094//3994 2102//3994
f 2090//3995 2088//3995 2089//3995
f 2094//3996 2097//3996 2102//3996
f 2089//3997 2096//3997 2015//3997
f 2015//3998 2096//3998 2014//3998
f 2014//3999 2100//3999 2019//3999
f 2096//4000 2100//4000 2014//4000
f 2019//4001 2101//4001 2017//4001
f 2100//4002 2101//4002 2019//4002
f 2103//4003 1998//4003 2006//4003
f 2104//4004 2002//4004 2008//4004
f 2104//4005 2103//4005 2006//4005
f 2104//4006 2006//4006 2002//4006
f 2106//4007 2105//4007 2004//4007
f 2106//4008 2004//4008 2103//4008
f 2105//3793 1887//4009 2000//3794
f 2085//4010 2028//4011 2036//4012
f 2015//4013 2021//4014 2028//4011
f 2107//4015 2028//4011 2085//4010
f 2107//4015 2015//4013 2028//4011
f 2089//4016 2015//4013 2107//4015
f 2051//4017 2108//4017 2041//4017
f 2055//4018 2051//4018 2041//4018
f 2085//4019 2045//4020 2083//4021
f 2085//4019 2036//4022 2045//4020
f 2045//4020 2074//4023 2083//4021
f 2041//4024 2074//4023 2045//4020
f 2041//4025 2060//4025 2066//4025
f 2041//4024 2066//4026 2074//4023
f 2108//4027 2060//4027 2041//4027
o node3_Part__Mirroring003.000
v 0.031760 0.074648 0.082828
v 0.031355 0.074248 0.080189
v 0.028062 0.071019 0.074397
v 0.029743 0.072667 0.075941
v 0.030852 0.073752 0.078195
v 0.031114 0.074010 0.091201
v 0.031760 0.074648 0.087599
v 0.030274 0.073186 0.093071
v 0.029211 0.072151 0.094180
v 0.017944 0.063297 0.087171
v 0.016239 0.061356 0.085235
v 0.019186 0.065181 0.075777
v 0.021108 0.067096 0.076600
v 0.026817 0.072884 0.081179
v 0.017274 0.062300 0.083137
v 0.017266 0.062327 0.081175
v 0.018021 0.063326 0.079104
v 0.020390 0.065766 0.080416
v 0.014843 0.059914 0.080278
v 0.022383 0.068383 0.077165
v 0.021727 0.067090 0.083664
v 0.019960 0.065203 0.085150
v 0.025841 0.071960 0.078909
v 0.015002 0.060449 0.087378
v 0.027993 0.074137 0.083260
v 0.014887 0.059887 0.082331
v 0.015383 0.061142 0.075661
v 0.017142 0.063166 0.074972
v 0.016839 0.062391 0.077035
v 0.025175 0.071327 0.090852
v 0.026403 0.072482 0.089386
v 0.014825 0.060109 0.078105
v 0.015914 0.061711 0.089326
v 0.019999 0.066651 0.074917
v 0.016326 0.062430 0.074713
v 0.016422 0.063341 0.073766
v 0.016056 0.063297 0.073208
v 0.017641 0.064637 0.073834
v 0.024500 0.070718 0.077303
v 0.022545 0.069031 0.075700
v 0.013931 0.061296 0.073702
v 0.013106 0.060623 0.074136
v 0.011657 0.059755 0.074433
v 0.012772 0.060646 0.073321
v 0.010225 0.058693 0.078014
v 0.014253 0.060022 0.076681
v 0.015515 0.061602 0.074854
v 0.013752 0.059635 0.077472
v 0.011366 0.059110 0.077848
v 0.012701 0.060203 0.074729
v 0.013631 0.059456 0.078707
v 0.015021 0.060963 0.075355
v 0.014697 0.060115 0.077363
v 0.014361 0.059719 0.078569
v 0.012060 0.059656 0.075689
v 0.010683 0.059026 0.075948
v 0.011330 0.059217 0.076668
v 0.014251 0.060390 0.075696
v 0.013757 0.061450 0.072736
v 0.014926 0.062167 0.073378
v 0.014738 0.059851 0.084399
v 0.013922 0.059480 0.083566
v 0.013911 0.059437 0.080960
v 0.014505 0.059675 0.080422
v 0.014443 0.059621 0.082338
v 0.010357 0.058781 0.085269
v 0.011358 0.059080 0.082869
v 0.013933 0.059635 0.085565
v 0.011692 0.059324 0.086645
v 0.011081 0.059283 0.088577
v 0.014166 0.059957 0.087207
v 0.014821 0.060076 0.086001
v 0.011476 0.059632 0.090025
v 0.012509 0.059816 0.088647
v 0.012321 0.060039 0.089820
v 0.012681 0.060594 0.091388
v 0.013275 0.060491 0.089880
v 0.014208 0.060232 0.088251
v 0.013255 0.060883 0.090981
v 0.014385 0.061958 0.092119
v 0.014702 0.062098 0.091589
v 0.015100 0.060826 0.088628
v 0.013851 0.061099 0.090622
v 0.015149 0.062155 0.091009
v 0.015674 0.061768 0.089885
v 0.016845 0.062847 0.090107
v 0.021683 0.068146 0.091597
v 0.023021 0.069042 0.090383
v 0.019766 0.065717 0.090268
v 0.021351 0.067394 0.090585
v 0.018290 0.065022 0.091446
v 0.017555 0.064622 0.092445
v 0.016332 0.063426 0.091597
v 0.023566 0.069784 0.091141
v 0.018190 0.064157 0.090259
v 0.019629 0.066316 0.091718
v 0.028641 0.074853 0.087022
v 0.027316 0.073384 0.087441
v 0.027417 0.073630 0.091431
v 0.025856 0.072133 0.076056
v 0.026034 0.072303 0.076940
v 0.022183 0.068680 0.074468
v 0.017389 0.064443 0.072493
v 0.015563 0.062951 0.071950
v 0.020278 0.066996 0.073778
v 0.018563 0.065483 0.073012
v 0.011108 0.059514 0.072944
v 0.010481 0.058943 0.071392
v 0.007010 0.056488 0.075142
v 0.012018 0.060110 0.071156
v 0.007889 0.057249 0.074092
v 0.013696 0.061424 0.071304
v 0.007600 0.056870 0.073751
v 0.012884 0.060720 0.071084
v 0.008215 0.057611 0.077227
v 0.014379 0.061961 0.071443
v 0.009340 0.058337 0.074657
v 0.009807 0.058584 0.072419
v 0.007382 0.057018 0.077562
v 0.006913 0.056563 0.076740
v 0.006520 0.056145 0.077883
v 0.007811 0.057323 0.075900
v 0.006656 0.056213 0.076492
v 0.008708 0.057670 0.072405
v 0.008880 0.058012 0.085219
v 0.006602 0.056250 0.083003
v 0.008213 0.057613 0.086085
v 0.007299 0.056956 0.081751
v 0.008580 0.057570 0.091939
v 0.009415 0.058409 0.090473
v 0.009015 0.058047 0.091538
v 0.010863 0.059247 0.093067
v 0.010933 0.059362 0.091858
v 0.006585 0.056118 0.084454
v 0.006762 0.056318 0.086016
v 0.006950 0.056388 0.087567
v 0.007644 0.057170 0.087686
v 0.007779 0.057201 0.089182
v 0.008024 0.057182 0.091078
v 0.013622 0.061377 0.093053
v 0.025017 0.071343 0.093084
v 0.021061 0.067687 0.093119
v 0.017410 0.064439 0.093181
v 0.028269 0.074426 0.090729
v 0.028886 0.075031 0.084510
v 0.026379 0.072659 0.092815
v 0.025773 0.072010 0.093115
v 0.028476 0.074642 0.080393
v 0.028776 0.074901 0.082138
v 0.028706 0.074907 0.083179
v 0.026649 0.072892 0.076645
v 0.027903 0.074133 0.078802
v 0.027765 0.073917 0.078061
v 0.028243 0.074374 0.079244
v 0.023369 0.068847 0.074341
v 0.021280 0.067766 0.073984
v 0.020623 0.066371 0.073233
v 0.026636 0.071459 0.075472
v 0.023582 0.068335 0.074122
v 0.015701 0.062822 0.071662
v 0.017227 0.063381 0.071848
v 0.015854 0.061565 0.071035
v 0.006469 0.055997 0.078395
v 0.006819 0.054948 0.078126
v 0.006621 0.055393 0.077863
v 0.006929 0.054966 0.077106
v 0.006538 0.056061 0.077262
v 0.006988 0.055154 0.076189
v 0.007299 0.055186 0.075260
v 0.006840 0.056270 0.075591
v 0.007320 0.055704 0.074596
v 0.007779 0.055471 0.073998
v 0.007170 0.056527 0.074596
v 0.008030 0.056240 0.073146
v 0.007702 0.056811 0.073497
v 0.008404 0.055989 0.072867
v 0.009174 0.056468 0.072010
v 0.008285 0.057325 0.072751
v 0.009197 0.057133 0.071855
v 0.008793 0.057644 0.072243
v 0.009981 0.057004 0.071411
v 0.010500 0.057653 0.071077
v 0.009911 0.058495 0.071546
v 0.011536 0.058418 0.070729
v 0.010618 0.058924 0.071241
v 0.012593 0.059317 0.070599
v 0.011989 0.060001 0.071040
v 0.014301 0.060334 0.070655
v 0.014476 0.061126 0.070895
v 0.014024 0.061571 0.071219
v 0.014857 0.062301 0.071506
v 0.006689 0.055346 0.083081
v 0.006899 0.054938 0.083418
v 0.010804 0.057714 0.093573
v 0.010571 0.058192 0.093443
v 0.010697 0.058953 0.093257
v 0.010168 0.057242 0.093317
v 0.009678 0.057523 0.093072
v 0.009523 0.056793 0.092855
v 0.008942 0.057718 0.092439
v 0.008834 0.056898 0.092285
v 0.009012 0.056415 0.092285
v 0.008409 0.056222 0.091508
v 0.008065 0.055782 0.090546
v 0.007686 0.056902 0.090423
v 0.007486 0.055964 0.089403
v 0.007678 0.055537 0.089375
v 0.007459 0.055248 0.088175
v 0.007290 0.056634 0.089134
v 0.007109 0.055486 0.087319
v 0.007087 0.055051 0.085851
v 0.006682 0.056155 0.085637
v 0.006765 0.055538 0.085106
v 0.023397 0.068431 0.093663
v 0.026059 0.070917 0.093653
v 0.021429 0.066855 0.093600
v 0.021432 0.067908 0.093232
v 0.025343 0.071529 0.093222
v 0.019344 0.066041 0.093241
v 0.019702 0.064882 0.093677
v 0.018894 0.064715 0.093562
v 0.012971 0.059977 0.093524
v 0.015446 0.062811 0.093163
v 0.011434 0.058228 0.093671
v 0.028996 0.073746 0.091705
v 0.027958 0.074152 0.091475
v 0.029611 0.074809 0.084863
v 0.028574 0.073308 0.092433
v 0.028897 0.075000 0.086257
v 0.030089 0.074541 0.084875
v 0.029900 0.074595 0.087115
v 0.028174 0.072909 0.092871
v 0.027697 0.073873 0.091982
v 0.027851 0.072286 0.093244
v 0.029741 0.074427 0.089013
v 0.028785 0.074893 0.088089
v 0.027130 0.072381 0.093251
v 0.028700 0.074813 0.088822
v 0.026752 0.072965 0.092781
v 0.029702 0.074163 0.089970
v 0.027132 0.071552 0.093553
v 0.028596 0.074716 0.089479
v 0.026327 0.072480 0.093042
v 0.028502 0.074569 0.090215
v 0.029322 0.074040 0.090901
v 0.029013 0.073646 0.078231
v 0.029113 0.074256 0.079594
v 0.025873 0.072032 0.075888
v 0.028707 0.074756 0.080950
v 0.027208 0.071982 0.075824
v 0.029493 0.074675 0.081967
v 0.027936 0.072648 0.076481
v 0.030029 0.074523 0.083217
v 0.027011 0.073079 0.076724
v 0.028896 0.074986 0.083172
v 0.027374 0.073543 0.077378
v 0.028522 0.073209 0.077301
v 0.007447 0.054261 0.080370
v 0.007483 0.054215 0.081709
v 0.007442 0.054260 0.078854
v 0.007800 0.054386 0.086593
v 0.011717 0.057216 0.093666
v 0.012253 0.057755 0.093697
v 0.007586 0.054290 0.084554
v 0.007521 0.054290 0.083641
v 0.010628 0.056427 0.093240
v 0.010133 0.056084 0.092839
v 0.008629 0.054974 0.090310
v 0.008316 0.054813 0.089365
v 0.012254 0.057754 0.093697
v 0.013663 0.058698 0.093714
v 0.015433 0.060073 0.093718
v 0.016713 0.061062 0.093741
v 0.020314 0.064172 0.093721
v 0.022403 0.066001 0.093726
v 0.024170 0.067605 0.093726
v 0.027616 0.070892 0.093581
v 0.026928 0.070276 0.093687
v 0.030709 0.073875 0.086917
v 0.030768 0.073904 0.084243
v 0.030303 0.073447 0.090343
v 0.028775 0.072014 0.093045
v 0.030781 0.073862 0.083399
v 0.029613 0.072801 0.077870
v 0.029402 0.073720 0.078812
v 0.029674 0.074133 0.080141
v 0.029800 0.074294 0.080965
v 0.029884 0.074404 0.081704
v 0.030689 0.073760 0.081961
v 0.030703 0.073835 0.082665
v 0.018907 0.063108 0.071994
v 0.017013 0.061513 0.071250
v 0.017013 0.061513 0.071250
v 0.010841 0.056549 0.071239
v 0.011164 0.056896 0.071068
v 0.007526 0.054253 0.077347
v 0.007604 0.054372 0.076550
v 0.007860 0.054513 0.075395
v 0.014327 0.059219 0.070561
v 0.008171 0.054722 0.074448
v 0.016311 0.060774 0.070946
v 0.008479 0.054867 0.073792
v 0.008856 0.055136 0.073114
v 0.009550 0.055691 0.072216
v 0.029648 0.072595 0.092522
v 0.011569 0.056875 0.070666
v 0.012375 0.057489 0.070502
v 0.013812 0.058568 0.069327
v 0.013376 0.058263 0.070384
v 0.009483 0.055382 0.092232
v 0.009206 0.055168 0.093260
v 0.030151 0.073102 0.091510
v 0.008056 0.054375 0.091185
v 0.010605 0.056177 0.093388
v 0.030533 0.073472 0.090262
v 0.010517 0.056101 0.094338
v 0.008714 0.054869 0.090632
v 0.011483 0.056817 0.093798
v 0.007115 0.053743 0.087756
v 0.008129 0.054458 0.088722
v 0.016411 0.060639 0.069716
v 0.014285 0.058915 0.094389
v 0.008003 0.054404 0.087963
v 0.007816 0.054234 0.087131
v 0.018245 0.062226 0.071536
v 0.007619 0.054122 0.085185
v 0.014045 0.058774 0.093879
v 0.006696 0.053467 0.082773
v 0.020361 0.063967 0.071235
v 0.030934 0.073887 0.085695
v 0.016017 0.060352 0.093867
v 0.021117 0.064649 0.072573
v 0.007421 0.053967 0.080251
v 0.017648 0.061720 0.093807
v 0.022285 0.065633 0.094390
v 0.030977 0.073904 0.083755
v 0.007451 0.054025 0.078915
v 0.006716 0.053480 0.077215
v 0.030898 0.073836 0.082623
v 0.019465 0.063230 0.093879
v 0.025107 0.068295 0.074263
v 0.030813 0.073742 0.081592
v 0.030706 0.073621 0.080658
v 0.025867 0.069008 0.074575
v 0.007711 0.054163 0.075821
v 0.007156 0.053771 0.074912
v 0.021631 0.065119 0.093884
v 0.030431 0.073397 0.079741
v 0.007811 0.054209 0.073183
v 0.023900 0.067169 0.093871
v 0.027738 0.070757 0.075344
v 0.008830 0.054929 0.073015
v 0.029770 0.072743 0.077761
v 0.009025 0.055042 0.071390
v 0.025212 0.068393 0.093858
v 0.028463 0.071461 0.075891
v 0.029133 0.072107 0.076632
v 0.009824 0.055623 0.071810
v 0.027285 0.070328 0.093823
v 0.011099 0.056521 0.069875
v 0.028713 0.071669 0.094378
v 0.028948 0.071944 0.093149
v 0.011375 0.059544 0.071106
v 0.009328 0.058033 0.071847
v 0.026371 0.072531 0.076229
v 0.027274 0.073414 0.092508
v 0.028845 0.074954 0.087255
v 0.019090 0.065909 0.093149
v 0.019817 0.066531 0.093165
v 0.023093 0.069460 0.093209
v 0.006512 0.056071 0.082893
v 0.009973 0.058542 0.093033
v 0.009493 0.058201 0.092812
v 0.008983 0.057859 0.092366
v 0.008327 0.057341 0.091662
v 0.013452 0.061111 0.093234
v 0.030881 0.073889 0.084378
v 0.027856 0.070907 0.093659
v 0.028379 0.071381 0.093526
v 0.028281 0.071475 0.093378
v 0.025877 0.069015 0.093876
v 0.029254 0.072387 0.092669
v 0.029560 0.072693 0.092254
v 0.029913 0.072945 0.091803
v 0.029862 0.073058 0.091608
v 0.030283 0.073336 0.090714
v 0.030546 0.073601 0.089438
v 0.030756 0.073702 0.088781
v 0.030577 0.073738 0.088612
v 0.030641 0.073813 0.087851
v 0.030826 0.073783 0.087952
v 0.030915 0.073862 0.086799
v 0.030558 0.073646 0.081046
v 0.029986 0.073147 0.078787
v 0.030424 0.073520 0.080281
v 0.030060 0.073024 0.078460
v 0.029515 0.072484 0.077257
v 0.029202 0.072378 0.077097
v 0.028744 0.071927 0.076461
v 0.028330 0.071496 0.076014
v 0.027886 0.071092 0.075681
v 0.027468 0.070678 0.075423
v 0.017172 0.061340 0.093821
v 0.025791 0.069051 0.093754
v 0.015460 0.059946 0.093814
v 0.014779 0.059425 0.093785
v 0.014259 0.059000 0.093809
v 0.013057 0.058074 0.093794
v 0.024654 0.067949 0.093785
v 0.022999 0.066426 0.093783
v 0.022154 0.065660 0.093790
v 0.020995 0.064645 0.093780
v 0.020260 0.063964 0.093814
v 0.018597 0.062665 0.093728
v 0.018161 0.062201 0.093781
v 0.019118 0.063016 0.093779
v 0.017410 0.061522 0.071210
v 0.025297 0.068634 0.074498
v 0.021048 0.064729 0.072743
v 0.022647 0.066214 0.073430
v 0.019228 0.063033 0.071878
v 0.019213 0.063125 0.071998
v 0.017013 0.061508 0.071261
v 0.009004 0.055080 0.091274
v 0.008130 0.054642 0.088552
v 0.008952 0.055258 0.091149
v 0.009335 0.055531 0.091860
v 0.008303 0.054589 0.089362
v 0.009350 0.055385 0.091887
v 0.009644 0.055698 0.092296
v 0.010501 0.056188 0.093199
v 0.011465 0.056952 0.093624
v 0.012248 0.057418 0.093844
v 0.012322 0.057664 0.093719
v 0.007441 0.053984 0.081867
v 0.007501 0.054128 0.082546
v 0.007473 0.054285 0.082547
v 0.007474 0.054007 0.083099
v 0.007538 0.054116 0.083760
v 0.007554 0.054075 0.084467
v 0.007692 0.054358 0.085745
v 0.007700 0.054158 0.086216
v 0.007913 0.054502 0.087415
v 0.008483 0.054712 0.089984
v 0.011989 0.057346 0.070745
v 0.014745 0.059348 0.070466
v 0.010019 0.055917 0.071797
v 0.014065 0.058857 0.070462
v 0.013187 0.058298 0.070544
v 0.009514 0.055479 0.072237
v 0.009023 0.055149 0.072853
v 0.008365 0.054606 0.073861
v 0.012487 0.057739 0.070636
v 0.008089 0.054535 0.074684
v 0.008002 0.054359 0.074761
v 0.007811 0.054350 0.075616
v 0.007607 0.054212 0.076701
v 0.010455 0.056309 0.071472
v 0.007505 0.054023 0.077066
v 0.007475 0.054042 0.077913
v 0.007463 0.054268 0.078015
v 0.016498 0.060750 0.070842
v 0.015797 0.060171 0.070618
v 0.015662 0.060213 0.070753
v 0.015073 0.059710 0.070621
v 0.007482 0.054116 0.081110
v 0.007470 0.054105 0.080280
v 0.007461 0.054062 0.079509
vn -0.7221 0.6803 0.1254
vn -0.7388 0.6352 0.2250
vn -0.7221 0.6409 0.2604
vn -0.6419 0.7652 0.0493
vn -0.7230 0.6897 0.0387
vn -0.6550 0.7492 0.0989
vn -0.7412 0.6712 0.0056
vn -0.7386 0.6717 0.0566
vn -0.6556 0.6933 -0.2991
vn -0.6956 0.6946 -0.1834
vn -0.7082 0.6987 -0.1011
vn -0.7285 0.6796 0.0863
vn -0.7030 0.7083 -0.0641
vn -0.7284 0.6840 -0.0403
vn -0.7198 0.6941 -0.0115
vn -0.7054 0.7052 -0.0719
vn -0.6193 0.7851 -0.0043
vn -0.5549 0.8246 -0.1096
vn -0.5870 0.7936 -0.1602
vn -0.7421 0.6701 -0.0161
vn -0.7394 0.6732 0.0074
vn -0.5812 0.7974 0.1625
vn -0.6573 0.7214 0.2180
vn -0.6822 0.6953 -0.2260
vn -0.7266 0.6860 -0.0393
vn -0.6969 0.6977 -0.1661
vn -0.7392 0.6731 0.0236
vn -0.7303 0.6811 0.0529
vn -0.7306 0.6647 0.1564
vn -0.7153 0.6146 0.3325
vn -0.5365 0.8417 -0.0612
vn -0.6364 0.7337 -0.2381
vn -0.6563 0.6471 0.3881
vn -0.6621 0.6091 0.4366
vn -0.7209 0.6845 0.1090
vn -0.6839 0.7014 0.2008
vn -0.6562 0.7261 0.2052
vn -0.7093 0.6769 0.1969
vn -0.7012 0.7059 0.1002
vn -0.7015 0.7123 0.0247
vn -0.4159 0.8716 0.2595
vn -0.3821 0.8718 0.3066
vn -0.3348 0.9137 0.2305
vn -0.3985 0.8463 0.3535
vn -0.4150 0.9095 0.0240
vn -0.3105 0.9427 0.1218
vn -0.4452 0.8916 0.0829
vn -0.5123 0.7881 0.3412
vn -0.5836 0.7069 0.3997
vn -0.5895 0.6961 0.4099
vn -0.3073 0.9352 0.1762
vn -0.4470 0.8370 0.3157
vn -0.5454 0.8207 0.1701
vn -0.4880 0.8616 0.1392
vn -0.5214 0.7756 0.3557
vn -0.2453 0.9670 0.0691
vn -0.2579 0.9642 0.0613
vn -0.4575 0.8845 0.0914
vn -0.5979 0.7930 0.1171
vn -0.2314 0.9727 -0.0179
vn -0.2491 0.9684 0.0129
vn -0.4577 0.8883 0.0389
vn -0.4103 0.9119 -0.0123
vn -0.2771 0.9554 -0.1021
vn -0.2489 0.9672 -0.0512
vn -0.4036 0.9145 -0.0269
vn -0.2644 0.9604 -0.0877
vn -0.4288 0.9001 -0.0769
vn -0.3481 0.9203 -0.1788
vn -0.3085 0.9287 -0.2059
vn -0.4257 0.8807 -0.2079
vn -0.5050 0.8590 -0.0839
vn -0.5722 0.8144 -0.0962
vn -0.3798 0.8834 -0.2744
vn -0.3919 0.8629 -0.3192
vn -0.5170 0.8188 -0.2496
vn -0.4730 0.8013 -0.3662
vn -0.5324 0.8009 -0.2739
vn -0.5301 0.7444 -0.4061
vn -0.5339 0.7331 -0.4214
vn -0.6131 0.7015 -0.3633
vn -0.6152 0.7842 -0.0806
vn -0.5865 0.7702 -0.2506
vn -0.6037 0.7336 -0.3121
vn -0.5732 0.4727 -0.6693
vn -0.6796 0.7153 -0.1629
vn -0.6089 0.6858 -0.3987
vn -0.6478 0.7395 -0.1831
vn -0.6531 0.7567 -0.0303
vn -0.6901 0.6989 -0.1880
vn -0.6408 0.7398 0.2053
vn -0.6085 0.7935 0.0079
vn -0.7055 0.7084 -0.0191
vn -0.5728 0.8154 -0.0838
vn -0.6081 0.7864 -0.1088
vn -0.6857 0.7279 -0.0022
vn -0.6651 0.7465 -0.0173
vn -0.6442 0.7649 0.0054
vn -0.6800 0.7317 0.0468
vn -0.6635 0.7474 0.0337
vn -0.5695 0.8212 0.0355
vn -0.6085 0.7885 -0.0895
vn -0.5819 0.7475 -0.3203
vn -0.6213 0.6861 -0.3786
vn -0.7293 0.6828 -0.0439
vn -0.6704 0.7347 -0.1039
vn -0.8635 0.4720 -0.1775
vn -0.5560 0.7781 -0.2923
vn -0.7220 0.6752 -0.1507
vn -0.5539 0.7489 -0.3637
vn -0.6390 0.7692 -0.0067
vn -0.5358 0.8443 0.0056
vn -0.6193 0.7844 -0.0344
vn -0.5391 0.8422 0.0080
vn -0.7019 0.6923 -0.1676
vn -0.5208 0.7683 -0.3720
vn -0.5175 0.7858 -0.3387
vn -0.8952 0.4447 -0.0286
vn -0.7973 0.5996 -0.0699
vn -0.7137 0.6301 -0.3060
vn -0.6377 0.7527 -0.1634
vn -0.4914 0.8709 -0.0043
vn -0.8102 0.5859 0.0183
vn -0.5572 0.8304 0.0032
vn -0.6510 0.7590 0.0024
vn -0.5597 0.8286 0.0130
vn -0.6742 0.7377 0.0349
vn -0.6302 0.7708 0.0934
vn -0.7790 0.5362 0.3252
vn -0.6481 0.7478 0.1444
vn -0.6189 0.7732 0.1386
vn -0.5877 0.8076 0.0487
vn -0.6174 0.7742 0.1393
vn -0.5616 0.8272 0.0164
vn -0.8726 0.4840 0.0654
vn -0.8726 0.4872 0.0357
vn -0.6936 0.7176 0.0636
vn -0.7567 0.6497 0.0727
vn -0.7477 0.6562 0.1021
vn -0.6968 0.7091 0.1080
vn -0.8655 0.2233 0.4483
vn -0.7508 0.6577 0.0606
vn -0.6168 0.7868 -0.0204
vn -0.6342 0.7731 0.0129
vn -0.6348 0.6888 0.3501
vn -0.5380 0.6025 0.5896
vn -0.5494 0.5998 0.5817
vn -0.6698 0.7410 -0.0471
vn -0.6648 0.7410 0.0951
vn -0.6497 0.7581 0.0567
vn -0.5711 0.8208 -0.0148
vn -0.5630 0.8265 0.0006
vn -0.6407 0.7619 0.0950
vn -0.6114 0.7701 0.1820
vn -0.6823 0.7310 0.0138
vn -0.6220 0.7826 0.0276
vn -0.6348 0.7161 0.2902
vn -0.6636 0.7481 -0.0004
vn -0.5583 0.8287 -0.0397
vn -0.6869 0.7266 -0.0149
vn -0.6027 0.7912 -0.1036
vn -0.5389 0.8305 -0.1410
vn -0.4745 0.8731 -0.1122
vn -0.0572 0.5369 -0.8417
vn -0.0558 0.4537 -0.8894
vn -0.1186 0.5127 -0.8503
vn 0.0787 0.4176 -0.9052
vn -0.1191 0.5304 -0.8394
vn -0.0390 0.4600 -0.8871
vn -0.1603 0.5511 -0.8189
vn -0.0677 0.4778 -0.8759
vn 0.0912 0.3193 -0.9433
vn 0.0598 0.3129 -0.9479
vn -0.8346 -0.5498 -0.0338
vn -0.9430 -0.3241 -0.0759
vn -0.8236 -0.5497 -0.1396
vn -0.9988 0.0491 -0.0049
vn -0.9913 0.0232 -0.1297
vn -0.8560 -0.4652 -0.2254
vn -0.9489 -0.2501 -0.1923
vn -0.9703 0.0474 -0.2372
vn -0.8587 -0.3123 -0.4063
vn -0.7882 -0.5208 -0.3279
vn -0.9237 0.1755 -0.3406
vn -0.7613 -0.2260 -0.6078
vn -0.8645 0.0680 -0.4979
vn -0.7305 -0.4687 -0.4966
vn -0.6297 -0.3820 -0.6764
vn -0.5586 -0.2880 -0.7779
vn -0.5995 -0.0531 -0.7986
vn -0.7209 -0.0670 -0.6897
vn -0.4253 -0.1985 -0.8830
vn -0.6763 0.0243 -0.7362
vn -0.5369 0.0701 -0.8407
vn -0.3806 -0.0370 -0.9240
vn -0.5020 0.1163 -0.8570
vn -0.4148 0.1880 -0.8903
vn -0.2753 0.0633 -0.9593
vn -0.3392 0.2654 -0.9025
vn -0.1728 0.1804 -0.9683
vn -0.2846 0.3292 -0.9004
vn -0.1009 0.3811 -0.9190
vn -0.0389 0.2145 -0.9759
vn -0.2126 0.3680 -0.9052
vn -0.1739 0.4580 -0.8718
vn -0.1508 0.5028 -0.8511
vn -0.9725 -0.2308 0.0317
vn -0.9373 -0.3363 0.0918
vn -0.9706 -0.2329 0.0608
vn -0.9399 -0.3396 0.0354
vn -0.3021 0.2859 0.9094
vn -0.3673 0.1797 0.9126
vn -0.1572 0.1211 0.9801
vn -0.2705 -0.0097 0.9627
vn -0.4745 0.2100 0.8548
vn -0.5480 0.0177 0.8363
vn -0.3925 -0.1311 0.9104
vn -0.5656 0.1562 0.8097
vn -0.5411 -0.2663 0.7977
vn -0.7516 0.2104 0.6252
vn -0.7274 -0.1394 0.6719
vn -0.6252 -0.3788 0.6824
vn -0.7635 -0.3540 0.5402
vn -0.8854 -0.2008 0.4192
vn -0.7868 -0.4473 0.4254
vn -0.9063 -0.2873 0.3101
vn -0.7940 -0.5188 0.3168
vn -0.9478 -0.1686 0.2707
vn -0.8067 -0.5396 0.2409
vn -0.9552 -0.2177 0.2007
vn -0.9036 -0.3859 0.1859
vn -0.9635 -0.2338 0.1307
vn -0.8321 -0.5402 0.1254
vn -0.8337 -0.5494 0.0564
vn -0.2866 0.3136 0.9053
vn -0.1614 0.1810 0.9701
vn -0.1228 0.2139 0.9691
vn -0.2821 0.3170 0.9055
vn -0.2421 0.2668 0.9329
vn -0.2489 0.3459 0.9046
vn -0.2813 0.3153 0.9064
vn -0.2362 0.2704 0.9333
vn -0.1032 0.1162 0.9878
vn -0.2926 0.3390 0.8941
vn -0.2586 0.3408 0.9039
vn -0.2406 0.3057 0.9212
vn -0.3087 0.3791 0.8724
vn 0.3284 0.9435 0.0449
vn 0.3930 0.9195 -0.0028
vn 0.2988 0.9542 -0.0135
vn 0.5933 0.8050 0.0026
vn 0.5151 0.8536 0.0777
vn 0.3925 0.7462 0.5377
vn 0.1547 0.7632 0.6273
vn 0.3009 0.6477 0.6999
vn 0.2216 0.8436 0.4891
vn 0.3308 0.9405 0.0782
vn 0.3354 0.9350 0.1147
vn 0.1953 0.5378 0.8201
vn -0.0563 0.4587 0.8868
vn 0.1657 0.3693 0.9144
vn 0.0294 0.6460 0.7628
vn 0.4984 0.8485 0.1781
vn 0.3168 0.9346 0.1619
vn -0.1081 0.5799 0.8075
vn 0.0267 0.2389 0.9707
vn 0.3194 0.9238 0.2111
vn -0.1764 0.4361 0.8825
vn 0.3183 0.9013 0.2937
vn 0.4570 0.7985 0.3918
vn 0.5169 0.8079 0.2831
vn -0.2003 0.3860 0.9005
vn 0.2568 0.8807 0.3979
vn 0.2562 0.8914 -0.3738
vn 0.4260 0.7588 -0.4927
vn 0.2307 0.8341 -0.5010
vn 0.3727 0.8697 -0.3237
vn 0.5539 0.7261 -0.4073
vn 0.5452 0.7888 -0.2839
vn 0.0805 0.9818 -0.1718
vn 0.5321 0.8186 -0.2164
vn 0.3934 0.9095 -0.1343
vn 0.5715 0.8055 -0.1571
vn 0.0146 0.6067 -0.7948
vn 0.2729 0.9545 -0.1200
vn 0.5489 0.8329 -0.0700
vn 0.1744 0.5023 -0.8469
vn 0.1263 0.6959 -0.7070
vn 0.3430 0.9372 -0.0638
vn 0.2833 0.6009 -0.7474
vn 0.1873 0.7756 -0.6028
vn 0.3616 0.6971 -0.6191
vn -0.7555 -0.6551 0.0082
vn -0.7704 -0.6376 0.0065
vn -0.7384 -0.6744 -0.0053
vn -0.7529 -0.6380 0.1614
vn -0.7334 -0.6498 0.1998
vn -0.7400 -0.6636 0.1096
vn -0.0990 -0.0262 0.9947
vn -0.0614 0.0353 0.9975
vn -0.7484 -0.6579 0.0841
vn -0.7284 -0.6837 0.0450
vn -0.1955 -0.1225 0.9730
vn -0.7189 -0.6936 0.0461
vn -0.3470 -0.2976 0.8894
vn -0.4558 -0.4053 0.7925
vn -0.5452 -0.4706 0.6937
vn -0.6101 -0.5297 0.5893
vn -0.6489 -0.5693 0.5049
vn -0.6973 -0.6005 0.3914
vn -0.7146 -0.6213 0.3214
vn -0.7243 -0.6350 0.2684
vn -0.0256 0.0294 0.9992
vn -0.0329 0.0397 0.9987
vn -0.0301 0.0351 0.9989
vn -0.0746 0.0748 0.9944
vn -0.0224 0.0339 0.9992
vn -0.0301 0.0369 0.9989
vn -0.0388 0.0418 0.9984
vn -0.0346 0.0443 0.9984
vn 0.0167 0.0673 0.9976
vn 0.1117 0.1238 0.9860
vn 0.2106 0.2456 0.9462
vn 0.6758 0.7344 0.0625
vn 0.6754 0.7373 -0.0141
vn 0.6668 0.7362 0.1155
vn 0.6676 0.7321 0.1355
vn 0.6548 0.7232 0.2196
vn 0.6379 0.6857 0.3506
vn 0.5801 0.6314 0.5147
vn 0.4931 0.5665 0.6603
vn 0.4051 0.4722 0.7829
vn 0.3178 0.3619 0.8764
vn 0.6670 0.7427 -0.0587
vn 0.3000 0.3652 -0.8813
vn 0.2103 0.2842 -0.9354
vn 0.4136 0.4797 -0.7738
vn 0.4932 0.5622 -0.6639
vn 0.5614 0.6178 -0.5505
vn 0.6242 0.6603 -0.4177
vn 0.6391 0.7124 -0.2900
vn 0.6478 0.7331 -0.2072
vn 0.6446 0.7529 -0.1326
vn 0.6578 0.7456 -0.1065
vn 0.2306 0.1420 -0.9626
vn -0.0000 -0.0000 1.0000
vn 0.1932 0.2154 -0.9572
vn 0.2305 0.1421 -0.9626
vn 0.1650 0.2472 -0.9548
vn 0.1993 0.2238 -0.9540
vn 0.1648 0.2535 -0.9532
vn -0.4729 -0.1896 -0.8605
vn -0.2993 -0.2541 -0.9197
vn -0.2461 -0.2096 -0.9463
vn -0.7282 -0.6841 -0.0407
vn -0.2333 -0.1174 -0.9653
vn -0.7348 -0.6686 -0.1148
vn -0.1294 -0.0455 -0.9906
vn -0.7199 -0.6645 -0.2004
vn -0.0705 0.0104 -0.9975
vn -0.6973 -0.6493 -0.3037
vn -0.0047 0.0746 -0.9972
vn 0.0596 0.1282 -0.9900
vn -0.6765 -0.6138 -0.4069
vn 0.0963 0.1817 -0.9786
vn 0.1540 0.1979 -0.9680
vn -0.6445 -0.5547 -0.5263
vn -0.6019 -0.4938 -0.6276
vn -0.5178 -0.4444 -0.7310
vn -0.4379 -0.3184 -0.8407
vn -0.6863 0.7272 0.0141
vn -0.6800 0.7328 0.0263
vn -0.6862 0.7271 0.0235
vn -0.6909 0.7229 0.0097
vn -0.5942 0.8043 -0.0072
vn -0.5985 0.8011 -0.0029
vn -0.6050 0.7962 -0.0064
vn -0.6163 0.7871 -0.0248
vn -0.6156 0.7876 -0.0267
vn -0.6850 0.7285 0.0103
vn -0.6821 0.7309 0.0221
vn -0.5860 0.8102 0.0168
vn -0.5933 0.8048 0.0177
vn -0.5846 0.8113 0.0113
vn -0.5880 0.8088 0.0103
vn -0.5903 0.8071 0.0071
vn -0.5985 0.8004 0.0346
vn -0.6864 0.7272 0.0083
vn -0.5942 0.8042 0.0108
vn -0.5979 0.8016 0.0039
vn -0.5945 0.8040 0.0137
vn -0.6195 0.7846 -0.0261
vn -0.5899 0.8074 0.0104
vn -0.5859 0.8104 0.0016
vn -0.6808 0.7324 0.0094
vn -0.5762 0.8173 -0.0004
vn -0.6298 0.7764 -0.0246
vn -0.6207 0.7839 -0.0158
vn -0.6174 0.7840 0.0639
vn -0.6367 0.7706 -0.0272
vn -0.6132 0.7694 0.1790
vn -0.5995 0.8002 0.0164
vn -0.5791 0.8152 -0.0092
vn -0.6378 0.7696 -0.0288
vn -0.5564 0.8308 0.0125
vn -0.6373 0.7702 -0.0250
vn -0.5926 0.8055 0.0026
vn -0.6797 0.7334 0.0039
vn -0.6090 0.7902 0.0686
vn -0.6775 0.7354 0.0086
vn -0.6823 0.7311 0.0024
vn -0.5823 0.8129 0.0021
vn -0.5718 0.8204 -0.0006
vn -0.6493 0.7604 -0.0169
vn -0.5688 0.8224 -0.0048
vn -0.6805 0.7327 -0.0002
vn -0.6417 0.7668 -0.0180
vn -0.6372 0.7707 -0.0033
vn -0.5715 0.8206 -0.0012
vn -0.6705 0.7419 0.0010
vn -0.5123 0.8585 0.0229
vn -0.6427 0.7656 -0.0270
vn -0.6650 0.7407 0.0954
vn -0.6804 0.7323 -0.0264
vn -0.6860 0.7276 -0.0024
vn -0.6920 0.7218 -0.0052
vn -0.5897 0.8077 0.0013
vn -0.5780 0.8159 -0.0118
vn -0.5880 0.8088 -0.0120
vn -0.6866 0.7271 -0.0017
vn -0.6354 0.7668 -0.0910
vn -0.5690 0.8221 -0.0170
vn -0.6780 0.7349 0.0116
vn -0.6853 0.7283 -0.0006
vn -0.6942 0.7197 -0.0091
vn -0.6930 0.7209 0.0046
vn -0.6765 0.7357 -0.0337
vn -0.5705 0.8213 -0.0046
vn -0.5714 0.8207 -0.0064
vn -0.6266 0.7117 0.3177
vn -0.6781 0.7349 -0.0033
vn -0.5724 0.8199 -0.0074
vn -0.6776 0.7352 -0.0163
vn -0.6793 0.7337 -0.0148
vn -0.5759 0.8175 -0.0081
vn -0.5760 0.8174 -0.0065
vn -0.6800 0.7315 0.0497
vn -0.6797 0.7329 -0.0306
vn -0.5792 0.8151 -0.0111
vn -0.6806 0.7324 -0.0188
vn -0.5829 0.8124 -0.0119
vn -0.6848 0.7285 -0.0207
vn -0.6921 0.7216 -0.0193
vn -0.6815 0.7307 0.0411
vn -0.6847 0.7283 -0.0285
vn -0.6859 0.7275 -0.0166
vn -0.5848 0.8111 -0.0110
vn -0.6868 0.7268 0.0121
vn -0.6867 0.7265 0.0260
vn -0.6921 0.7191 0.0628
vn -0.6797 0.7332 0.0198
vn -0.4656 0.7272 -0.5044
vn -0.4486 0.7237 -0.5245
vn -0.5160 0.7713 -0.3725
vn -0.4589 0.7391 -0.4931
vn -0.4412 0.7536 -0.4873
vn -0.4967 0.7654 -0.4091
vn -0.4963 0.7653 -0.4099
vn -0.4560 0.7153 -0.5295
vn -0.5433 0.6743 -0.5001
vn -0.5942 0.7023 -0.3921
vn -0.5884 0.5423 -0.5997
vn -0.5762 0.5641 -0.5915
vn -0.6875 0.6370 -0.3487
vn -0.7280 0.5037 -0.4651
vn -0.7556 0.4547 -0.4715
vn -0.8404 0.3445 -0.4184
vn -0.8951 0.1883 -0.4041
vn -0.3484 0.8450 -0.4057
vn -0.3433 0.8406 -0.4190
vn -0.3326 0.8166 -0.4717
vn -0.4717 0.7942 -0.3831
vn 0.1007 0.9655 -0.2402
vn -0.3862 0.9219 -0.0322
vn -0.2270 0.9682 -0.1051
vn -0.5039 0.8630 0.0353
vn -0.4697 0.8824 0.0267
vn -0.5460 0.8370 0.0365
vn -0.5843 0.8108 0.0345
vn -0.5473 0.7136 0.4373
vn -0.5766 0.6300 0.5203
vn -0.5531 0.7950 0.2493
vn -0.2337 0.9589 0.1612
vn -0.4560 0.8898 0.0184
vn -0.8959 0.4441 0.0103
vn -0.5306 0.6170 0.5812
vn -0.5249 0.5896 0.6139
vn -0.5329 0.5812 0.6150
vn -0.5308 0.6060 0.5925
vn -0.5313 0.6197 0.5776
vn -0.9517 0.2983 0.0722
vn -0.9685 0.2249 0.1072
vn -0.7385 0.4653 0.4879
vn -0.7571 0.4588 0.4651
vn -0.5122 0.6518 0.5593
vn -0.5360 0.6505 0.5381
vn -0.5291 0.6507 0.5446
vn -0.8868 -0.0090 0.4620
vn -0.5307 0.6809 0.5047
vn -0.5628 0.6797 0.4704
vn -0.5550 0.6801 0.4789
vn -0.1495 0.7113 0.6869
vn -0.3190 0.6703 0.6700
vn -0.3499 0.6672 0.6576
vn -0.1945 0.7924 0.5782
vn -0.2473 0.8671 0.4324
vn -0.1849 0.8971 0.4013
vn -0.2990 0.5383 0.7879
vn -0.3756 0.4311 0.8204
vn -0.3638 0.5083 0.7806
vn -0.2951 0.5714 0.7658
vn -0.0395 0.8907 0.4530
vn -0.0361 0.9437 0.3288
vn -0.0225 0.9591 0.2821
vn -0.0215 0.9689 0.2466
vn 0.0085 0.8999 0.4359
vn -0.0371 0.9801 0.1948
vn 0.0608 0.9872 0.1477
vn 0.0101 0.9878 0.1556
vn 0.1140 0.9898 0.0858
vn 0.1083 0.9896 0.0942
vn 0.0873 0.9886 0.1224
vn 0.0948 0.9938 0.0583
vn 0.0869 0.9954 0.0402
vn 0.1692 0.9849 -0.0362
vn 0.0138 0.9998 0.0114
vn 0.0127 0.9999 -0.0031
vn -0.1408 0.6968 0.7033
vn -0.1827 0.9831 -0.0130
vn -0.1223 0.9915 -0.0441
vn 0.1862 0.9814 -0.0468
vn -0.0358 0.9967 -0.0725
vn -0.0218 0.9975 -0.0666
vn -0.1409 0.9833 -0.1150
vn -0.1476 0.9841 -0.0990
vn -0.1545 0.9783 -0.1382
vn 0.1176 0.9399 -0.3205
vn -0.0578 0.9722 -0.2270
vn 0.0292 0.9358 -0.3514
vn -0.0717 0.9753 -0.2091
vn 0.0253 0.9084 -0.4174
vn -0.3930 0.8101 -0.4350
vn -0.2763 0.7467 -0.6050
vn -0.1406 0.8098 -0.5696
vn 0.0276 0.9011 -0.4327
vn -0.0605 0.8866 -0.4585
vn -0.0657 0.8715 -0.4860
vn -0.2698 0.7904 -0.5500
vn -0.1635 0.8547 -0.4927
vn -0.1036 0.9909 -0.0863
vn -0.3644 0.7243 -0.5854
vn -0.3825 0.6969 -0.6067
vn -0.4864 0.6295 0.6059
vn -0.3706 0.4427 0.8165
vn -0.4617 0.5720 0.6780
vn -0.4495 0.5607 0.6954
vn -0.4581 0.4903 0.7415
vn -0.5571 0.6029 0.5712
vn -0.5494 0.6123 0.5686
vn -0.4901 0.5994 0.6329
vn -0.4201 0.4950 0.7606
vn 0.6820 -0.7292 0.0567
vn -0.4494 0.5689 0.6888
vn -0.4481 0.5921 0.6698
vn -0.4087 0.5090 0.7575
vn -0.4179 0.5549 0.7194
vn -0.1763 0.1478 0.9732
vn -0.4299 0.5973 0.6771
vn -0.4604 0.5183 0.7207
vn -0.5363 0.5706 0.6219
vn -0.4890 0.5308 0.6922
vn -0.5099 0.5434 0.6669
vn -0.4896 0.5416 0.6834
vn -0.3864 0.4335 0.8141
vn -0.5836 0.6496 0.4874
vn -0.4637 0.5250 0.7137
vn -0.3855 0.4600 0.7999
vn -0.3888 0.4360 0.8116
vn -0.4957 0.5894 0.6378
vn -0.4692 0.5446 0.6951
vn -0.3820 0.4497 0.8074
vn -0.4340 0.5046 0.7463
vn -0.5312 0.5860 0.6119
vn -0.1616 0.1084 0.9809
vn -0.3848 0.5088 0.7701
vn -0.4200 0.4932 0.7618
vn -0.3638 0.5079 0.7808
vn -0.1269 0.1933 0.9729
vn -0.5355 0.6972 0.4766
vn -0.3514 0.6689 -0.6551
vn -0.3400 0.6584 -0.6715
vn -0.4097 0.7122 -0.5700
vn -0.3270 0.6569 -0.6794
vn -0.4398 0.7296 -0.5237
vn -0.1271 0.5027 -0.8550
vn -0.1130 0.5235 -0.8445
vn -0.1344 0.5342 -0.8346
vn -0.4426 0.7282 -0.5233
vn -0.3819 0.7126 -0.5885
vn -0.3817 0.7116 -0.5899
vn -0.0120 0.4405 -0.8977
vn -0.0213 0.4657 -0.8847
vn -0.0114 0.4317 -0.9019
vn -0.3797 0.7123 -0.5902
vn -0.8993 0.0540 0.4339
vn -0.8464 0.0172 0.5323
vn -0.9079 0.0507 0.4161
vn -0.8820 0.1795 0.4357
vn -0.8198 0.0214 0.5722
vn -0.5356 0.6395 0.5516
vn -0.5905 0.5969 0.5432
vn -0.5997 0.6010 0.5284
vn -0.1628 0.1055 0.9810
vn -0.9769 0.2128 0.0215
vn -0.9971 0.0730 0.0202
vn -0.9901 0.1402 -0.0027
vn -0.9889 0.1396 0.0501
vn -0.9916 0.1116 0.0657
vn -0.9967 -0.0621 0.0522
vn -0.9894 0.1369 0.0489
vn -0.9899 0.1164 0.0807
vn -0.9692 0.2217 0.1069
vn -0.9862 0.1451 0.0802
vn -0.7159 0.0811 0.6935
vn -0.8197 0.3217 0.4740
vn -0.8563 0.3413 0.3877
vn -0.9354 0.3522 0.0315
vn -0.7656 0.3454 0.5428
vn -0.7763 0.4408 0.4506
vn -0.7245 0.4242 0.5433
vn -0.9627 0.2504 0.1027
vn -0.9661 0.2315 0.1145
vn -0.9715 0.1665 0.1689
vn -0.9794 0.0997 0.1754
vn -0.9614 0.1917 0.1972
vn -0.9731 0.1510 0.1741
vn -0.9692 0.0674 0.2367
vn -0.9463 0.1559 0.2833
vn -0.9671 0.0661 0.2455
vn -0.9373 0.1505 0.3143
vn -0.9417 0.1564 0.2980
vn -0.6737 0.3977 0.6229
vn -0.3934 0.2592 0.8821
vn -0.3845 0.2243 0.8955
vn -0.9858 -0.1669 0.0168
vn 0.7502 -0.5830 -0.3119
vn -0.7627 0.4764 -0.4374
vn -0.8020 0.2261 -0.5529
vn -0.7092 0.4454 -0.5465
vn -0.8457 0.3178 -0.4287
vn -0.4764 0.5511 -0.6851
vn -0.4599 0.5797 -0.6726
vn -0.5664 0.5749 -0.5905
vn -0.9463 -0.0015 -0.3232
vn -0.9496 -0.1072 -0.2945
vn -0.8873 -0.1583 -0.4332
vn -0.9728 -0.0312 -0.2294
vn -0.9647 -0.1850 -0.1876
vn -0.2999 0.6270 -0.7190
vn -0.3072 0.6579 -0.6876
vn -0.9894 0.1277 -0.0687
vn -0.9878 0.0764 -0.1359
vn -0.5840 0.6067 -0.5394
vn -0.6257 0.6330 -0.4559
vn -0.9983 -0.0309 -0.0497
vn -0.9981 -0.0037 -0.0618
vn -0.9993 -0.0384 0.0002
vn -0.9989 -0.0460 -0.0085
vn -0.9664 0.2308 -0.1132
vn -0.7193 0.0580 -0.6922
vn -0.6772 0.0423 -0.7346
vn -0.8458 0.2976 -0.4428
vn -0.8222 0.2952 -0.4867
vn -0.6535 0.5555 -0.5141
vn -0.8892 0.2967 -0.3483
vn -0.9109 0.3488 -0.2206
vn -0.9064 0.3371 -0.2546
vn -0.8998 0.3129 -0.3042
vn -0.6554 0.5458 -0.5220
vn -0.6903 0.4312 -0.5809
vn -0.5716 -0.0423 -0.8195
vn -0.8723 -0.1880 -0.4514
vn -0.9351 0.2980 -0.1917
vn -0.9304 0.3377 -0.1426
vn -0.4024 0.6711 -0.6227
vn -0.3997 0.6821 -0.6124
vn -0.4080 0.6452 -0.6459
vn -0.3382 0.4870 -0.8053
vn -0.3537 0.6001 -0.7175
vn -0.3899 0.5254 -0.7562
vn -0.5488 0.5728 -0.6089
vn -0.9938 0.1107 0.0134
vn -0.9881 -0.1527 0.0168
vn -0.9362 0.3513 -0.0063
vn -0.9359 0.3521 -0.0061
vn -0.9411 0.3382 -0.0003
vn -0.9963 -0.0858 0.0058
vn -0.9869 -0.1603 0.0189
vn -0.9415 0.3370 0.0020
s 1
usemtl Part__Mirroring003_004_001.001
f 2137//4028 2121//4029 2120//4030
f 2127//4031 2124//4032 2140//4033
f 2124//4032 2129//4034 2126//4035
f 2203//4036 2197//4037 2118//4038
f 2137//4028 2125//4039 2121//4029
f 2119//4040 2130//4041 2123//4042
f 2140//4033 2124//4032 2125//4039
f 2118//4038 2138//4043 2130//4041
f 2127//4031 2134//4044 2124//4032
f 2180//4045 2132//4046 2119//4040
f 2129//4034 2206//4047 2133//4048
f 2161//4049 2137//4028 2135//4050
f 2197//4037 2198//4051 2118//4038
f 2130//4041 2206//4047 2129//4034
f 2119//4040 2118//4038 2130//4041
f 2130//4041 2139//4052 2206//4047
f 2118//4038 2196//4053 2138//4043
f 2132//4046 2118//4038 2119//4040
f 2126//4035 2122//4054 2131//4055
f 2123//4042 2129//4034 2124//4032
f 2134//4044 2123//4042 2124//4032
f 2130//4041 2138//4043 2139//4052
f 2125//4039 2128//4056 2121//4029
f 2161//4049 2140//4033 2137//4028
f 2118//4038 2198//4051 2196//4053
f 2123//4042 2130//4041 2129//4034
f 2135//4050 2137//4028 2136//4057
f 2125//4039 2126//4035 2128//4056
f 2169//4058 2119//4040 2134//4044
f 2125//4039 2124//4032 2126//4035
f 2132//4046 2141//4059 2118//4038
f 2134//4044 2119//4040 2123//4042
f 2128//4056 2126//4035 2131//4055
f 2126//4035 2133//4048 2122//4054
f 2129//4034 2133//4048 2126//4035
f 2136//4057 2137//4028 2120//4030
f 2141//4059 2203//4036 2118//4038
f 2140//4033 2125//4039 2137//4028
f 2180//4045 2119//4040 2169//4058
f 2143//4060 2136//4057 2144//4061
f 2131//4055 2147//4062 2128//4056
f 2144//4061 2146//4063 2145//4064
f 2120//4030 2144//4061 2136//4057
f 2120//4030 2146//4063 2144//4061
f 2120//4030 2142//4065 2146//4063
f 2120//4030 2121//4029 2142//4065
f 2128//4056 2142//4065 2121//4029
f 2148//4066 2142//4065 2128//4056
f 2128//4056 2147//4062 2148//4066
f 2148//4066 2147//4062 2209//4067
f 2154//4068 2158//4069 2163//4070
f 2154//4068 2166//4071 2158//4069
f 2153//4072 2165//4073 2164//4074
f 2149//4075 2155//4076 2168//4077
f 2154//4068 2163//4070 2156//4078
f 2150//4079 2152//4080 2151//4081
f 2161//4049 2160//4082 2154//4068
f 2135//4050 2160//4082 2161//4049
f 2160//4082 2149//4075 2150//4079
f 2158//4069 2150//4079 2151//4081
f 2159//4083 2156//4078 2157//4084
f 2161//4049 2154//4068 2156//4078
f 2140//4033 2161//4049 2162//4085
f 2163//4070 2158//4069 2151//4081
f 2164//4074 2163//4070 2151//4081
f 2164//4074 2165//4073 2163//4070
f 2166//4071 2150//4079 2158//4069
f 2160//4082 2166//4071 2154//4068
f 2168//4077 2145//4064 2167//4086
f 2165//4073 2156//4078 2163//4070
f 2157//4084 2156//4078 2165//4073
f 2168//4077 2144//4061 2145//4064
f 2157//4084 2165//4073 2153//4072
f 2162//4085 2161//4049 2156//4078
f 2162//4085 2156//4078 2159//4083
f 2149//4075 2167//4086 2152//4080
f 2149//4075 2168//4077 2167//4086
f 2155//4076 2143//4060 2168//4077
f 2155//4076 2149//4075 2160//4082
f 2143//4060 2135//4050 2136//4057
f 2135//4050 2143//4060 2155//4076
f 2166//4071 2160//4082 2150//4079
f 2155//4076 2160//4082 2135//4050
f 2143//4060 2144//4061 2168//4077
f 2149//4075 2152//4080 2150//4079
f 2157//4084 2175//4087 2171//4088
f 2159//4083 2157//4084 2171//4088
f 2127//4031 2162//4085 2172//4089
f 2159//4083 2172//4089 2162//4085
f 2175//4087 2157//4084 2153//4072
f 2159//4083 2171//4088 2172//4089
f 2171//4088 2173//4090 2172//4089
f 2176//4091 2169//4058 2170//4092
f 2175//4087 2153//4072 2174//4093
f 2177//4094 2175//4087 2174//4093
f 2170//4092 2171//4088 2175//4087
f 2177//4094 2174//4093 2178//4095
f 2176//4091 2175//4087 2177//4094
f 2176//4091 2170//4092 2175//4087
f 2176//4091 2177//4094 2179//4096
f 2180//4045 2169//4058 2176//4091
f 2180//4045 2176//4091 2179//4096
f 2127//4031 2140//4033 2162//4085
f 2127//4031 2172//4089 2134//4044
f 2173//4090 2171//4088 2170//4092
f 2134//4044 2172//4089 2173//4090
f 2169//4058 2134//4044 2173//4090
f 2169//4058 2173//4090 2170//4092
f 2179//4096 2177//4094 2182//4097
f 2183//4098 2182//4097 2178//4095
f 2183//4098 2181//4099 2184//4100
f 2186//4101 2182//4097 2185//4102
f 2187//4103 2183//4098 2184//4100
f 2187//4103 2185//4102 2183//4098
f 2186//4101 2132//4046 2179//4096
f 2187//4103 2191//4104 2185//4102
f 2182//4097 2177//4094 2178//4095
f 2190//4105 2132//4046 2186//4101
f 2190//4105 2186//4101 2191//4104
f 2132//4046 2180//4045 2179//4096
f 2193//4106 2190//4105 2191//4104
f 2193//4106 2191//4104 2192//4107
f 2141//4059 2190//4105 2193//4106
f 2192//4107 2194//4108 2193//4106
f 2141//4059 2193//4106 2194//4108
f 2191//4104 2186//4101 2185//4102
f 2183//4098 2178//4095 2181//4099
f 2186//4101 2179//4096 2182//4097
f 2185//4102 2182//4097 2183//4098
f 2188//4109 2187//4103 2184//4100
f 2188//4109 2189//4110 2187//4103
f 2191//4104 2187//4103 2189//4110
f 2189//4110 2192//4107 2191//4104
f 2190//4105 2141//4059 2132//4046
f 2192//4107 2189//4110 2201//4111
f 2195//4112 2138//4112 2202//4112
f 2196//4053 2198//4051 2195//4113
f 2199//4114 2201//4111 2204//4115
f 2204//4115 2201//4111 2200//4116
f 2195//4113 2202//4117 2196//4053
f 2198//4051 2203//4036 2199//4114
f 2197//4037 2203//4036 2198//4051
f 2200//4116 2201//4111 2188//4109
f 2141//4059 2194//4108 2203//4036
f 2138//4043 2196//4053 2202//4117
f 2195//4113 2198//4051 2204//4115
f 2199//4114 2204//4115 2198//4051
f 2199//4114 2203//4036 2201//4111
f 2201//4111 2203//4036 2194//4108
f 2188//4109 2201//4111 2189//4110
f 2192//4107 2201//4111 2194//4108
f 2254//4118 2138//4043 2195//4113
f 2133//4048 2206//4047 2205//4119
f 2131//4055 2209//4067 2147//4062
f 2206//4047 2207//4120 2205//4119
f 2131//4055 2122//4054 2260//4121
f 2260//4121 2122//4054 2133//4048
f 2131//4055 2260//4121 2209//4067
f 2206//4047 2139//4052 2207//4120
f 2139//4052 2138//4043 2207//4120
f 2145//4064 2146//4063 2212//4122
f 2148//4066 2209//4067 2208//4123
f 2148//4066 2208//4123 2210//4124
f 2211//4125 2212//4122 2146//4063
f 2213//4126 2142//4065 2148//4066
f 2213//4126 2148//4066 2210//4124
f 2214//4127 2142//4065 2213//4126
f 2146//4063 2214//4127 2211//4125
f 2146//4063 2142//4065 2214//4127
f 2152//4080 2215//4128 2151//4081
f 2226//4129 2218//4130 2216//4131
f 2228//4132 2219//4133 2217//4134
f 2215//4128 2167//4086 2226//4129
f 2152//4080 2167//4086 2215//4128
f 2226//4129 2167//4086 2220//4135
f 2217//4134 2219//4133 2221//4136
f 2167//4086 2212//4122 2220//4135
f 2145//4064 2212//4122 2167//4086
f 2218//4130 2220//4135 2222//4137
f 2227//4138 2223//4139 2230//4140
f 2226//4129 2220//4135 2218//4130
f 2225//4141 2230//4140 2223//4139
f 2221//4136 2219//4133 2286//4142
f 2225//4141 2226//4129 2230//4140
f 2220//4135 2212//4122 2224//4143
f 2224//4143 2212//4122 2299//4144
f 2227//4138 2230//4140 2228//4132
f 2229//4145 2228//4132 2231//4146
f 2286//4142 2219//4133 2232//4147
f 2228//4132 2230//4140 2219//4133
f 2153//4072 2225//4141 2223//4139
f 2164//4074 2225//4141 2153//4072
f 2226//4129 2219//4133 2230//4140
f 2231//4146 2228//4132 2217//4134
f 2232//4147 2226//4129 2291//4148
f 2219//4133 2226//4129 2232//4147
f 2151//4081 2225//4141 2164//4074
f 2291//4148 2226//4129 2216//4131
f 2151//4081 2215//4128 2225//4141
f 2225//4141 2215//4128 2226//4129
f 2233//4149 2174//4093 2153//4072
f 2233//4149 2153//4072 2223//4139
f 2228//4132 2229//4145 2234//4150
f 2235//4151 2223//4139 2227//4138
f 2235//4151 2227//4138 2236//4152
f 2236//4152 2227//4138 2228//4132
f 2236//4152 2228//4132 2234//4150
f 2233//4149 2223//4139 2235//4151
f 2238//4153 2235//4151 2245//4154
f 2178//4095 2233//4149 2235//4151
f 2178//4095 2235//4151 2238//4153
f 2239//4155 2237//4156 2482//4157
f 2239//4155 2482//4157 2481//4158
f 2240//4159 2239//4155 2480//4160
f 2241//4161 2239//4155 2240//4159
f 2241//4161 2238//4153 2239//4155
f 2238//4153 2181//4099 2178//4095
f 2241//4161 2181//4099 2238//4153
f 2243//4162 2234//4150 2242//4163
f 2236//4152 2243//4162 2245//4154
f 2236//4152 2234//4150 2243//4162
f 2246//4164 2245//4154 2317//4165
f 2246//4164 2317//4165 2313//4166
f 2239//4155 2246//4164 2247//4167
f 2237//4156 2247//4167 2483//4168
f 2237//4156 2239//4155 2247//4167
f 2238//4153 2246//4164 2239//4155
f 2174//4093 2233//4149 2178//4095
f 2481//4158 2480//4160 2239//4155
f 2241//4161 2184//4100 2181//4099
f 2247//4167 2246//4164 2313//4166
f 2235//4151 2236//4152 2245//4154
f 2245//4154 2243//4162 2244//4169
f 2245//4154 2244//4169 2317//4165
f 2238//4153 2245//4154 2246//4164
f 2184//4100 2240//4159 2248//4170
f 2188//4109 2248//4170 2331//4171
f 2184//4100 2248//4170 2188//4109
f 2241//4161 2240//4159 2184//4100
f 2249//4172 2250//4173 2478//4174
f 2254//4118 2250//4175 2249//4172
f 2195//4113 2250//4175 2254//4118
f 2476//4176 2200//4116 2251//4177
f 2331//4171 2251//4177 2188//4109
f 2251//4177 2200//4116 2188//4109
f 2204//4115 2250//4175 2195//4113
f 2200//4116 2250//4175 2204//4115
f 2250//4175 2200//4116 2476//4176
f 2205//4119 2258//4178 2133//4048
f 2258//4178 2205//4119 2253//4179
f 2341//4180 2254//4118 2347//4181
f 2334//4182 2254//4118 2341//4180
f 2334//4182 2207//4120 2254//4118
f 2138//4043 2254//4118 2207//4120
f 2205//4119 2334//4182 2252//4183
f 2254//4118 2249//4172 2255//4184
f 2205//4119 2207//4120 2334//4182
f 2256//4185 2260//4121 2257//4186
f 2260//4121 2258//4178 2257//4186
f 2133//4048 2258//4178 2260//4121
f 2208//4123 2209//4067 2259//4187
f 2209//4067 2260//4121 2259//4187
f 2364//4188 2260//4121 2261//4189
f 2259//4187 2260//4121 2364//4188
f 2262//4190 2260//4121 2256//4185
f 2356//4191 2263//4192 2264//4193
f 2356//4191 2266//4194 2263//4192
f 2211//4195 2269//4196 2268//4197
f 2265//4198 2263//4192 2267//4199
f 2270//4200 2269//4196 2267//4199
f 2267//4199 2263//4192 2266//4194
f 2269//4196 2265//4198 2267//4199
f 2264//4193 2263//4192 2265//4198
f 2264//4193 2265//4198 2211//4195
f 2211//4195 2265//4198 2269//4196
f 2272//4201 2273//4202 2274//4203
f 2271//4204 2275//4205 2273//4202
f 2273//4202 2276//4206 2274//4203
f 2273//4202 2231//4207 2276//4206
f 2275//4205 2231//4207 2273//4202
f 2278//4208 2276//4206 2231//4207
f 2276//4206 2279//4209 2277//4210
f 2278//4208 2279//4209 2276//4206
f 2281//4211 2279//4209 2278//4208
f 2281//4211 2282//4212 2279//4209
f 2283//4213 2282//4212 2281//4211
f 2279//4209 2282//4212 2280//4214
f 2284//4215 2282//4212 2285//4216
f 2282//4212 2287//4217 2285//4216
f 2283//4213 2286//4218 2282//4212
f 2282//4212 2286//4218 2287//4217
f 2285//4216 2287//4217 2289//4219
f 2286//4218 2288//4220 2287//4217
f 2288//4220 2472//4221 2287//4217
f 2287//4217 2290//4222 2289//4219
f 2287//4217 2291//4223 2290//4222
f 2472//4221 2291//4223 2287//4217
f 2291//4223 2293//4224 2290//4222
f 2290//4222 2293//4224 2292//4225
f 2293//4224 2471//4226 2292//4225
f 2292//4225 2471//4226 2294//4227
f 2471//4226 2295//4228 2294//4227
f 2294//4227 2297//4229 2296//4230
f 2295//4228 2222//4231 2294//4227
f 2294//4227 2222//4231 2297//4229
f 2222//4231 2298//4232 2297//4229
f 2296//4230 2297//4229 2270//4200
f 2270//4200 2297//4229 2269//4196
f 2269//4196 2297//4229 2268//4197
f 2298//4232 2299//4233 2297//4229
f 2297//4229 2299//4233 2268//4197
f 2479//4234 2321//4235 2242//4236
f 2479//4234 2300//4237 2321//4235
f 2304//4238 2303//4239 2332//4240
f 2332//4240 2303//4239 2302//4241
f 2480//4242 2303//4239 2304//4238
f 2302//4241 2306//4243 2305//4244
f 2303//4239 2306//4243 2302//4241
f 2481//4245 2306//4243 2480//4242
f 2480//4242 2306//4243 2303//4239
f 2305//4244 2306//4243 2307//4246
f 2308//4247 2306//4243 2481//4245
f 2306//4243 2309//4248 2307//4246
f 2307//4246 2309//4248 2310//4249
f 2308//4247 2309//4248 2306//4243
f 2483//4168 2309//4248 2308//4247
f 2309//4248 2311//4250 2310//4249
f 2483//4168 2311//4250 2309//4248
f 2313//4251 2311//4250 2483//4168
f 2311//4250 2313//4251 2312//4252
f 2313//4251 2314//4253 2312//4252
f 2314//4253 2315//4254 2312//4252
f 2313//4251 2317//4255 2314//4253
f 2315//4254 2314//4253 2316//4256
f 2244//4257 2314//4253 2317//4255
f 2314//4253 2318//4258 2316//4256
f 2244//4257 2318//4258 2314//4253
f 2320//4259 2318//4258 2244//4257
f 2318//4258 2321//4235 2319//4260
f 2320//4259 2321//4235 2318//4258
f 2319//4260 2300//4237 2301//4261
f 2321//4235 2300//4237 2319//4260
f 2320//4259 2242//4236 2321//4235
f 2301//4261 2273//4202 2272//4201
f 2300//4237 2273//4202 2301//4261
f 2300//4237 2271//4204 2273//4202
f 2479//4234 2271//4204 2300//4237
f 2478//4262 2322//4263 2323//4264
f 2325//4265 2324//4266 2322//4263
f 2478//4262 2323//4264 2326//4267
f 2327//4268 2329//4269 2324//4266
f 2325//4265 2322//4263 2478//4262
f 2327//4268 2324//4266 2325//4265
f 2324//4266 2329//4269 2328//4270
f 2251//4271 2329//4269 2327//4268
f 2484//4272 2304//4238 2330//4273
f 2331//4274 2329//4269 2251//4271
f 2304//4238 2332//4240 2330//4273
f 2328//4270 2330//4273 2332//4240
f 2329//4269 2330//4273 2328//4270
f 2331//4274 2330//4273 2329//4269
f 2331//4274 2484//4272 2330//4273
f 2337//4275 2335//4276 2253//4277
f 2338//4278 2335//4276 2339//4279
f 2333//4280 2341//4281 2336//4282
f 2334//4283 2341//4281 2333//4280
f 2475//4284 2339//4279 2337//4275
f 2337//4275 2339//4279 2335//4276
f 2344//4285 2339//4279 2475//4284
f 2340//4286 2345//4287 2342//4288
f 2336//4282 2474//4289 2340//4286
f 2341//4281 2474//4289 2336//4282
f 2344//4285 2343//4290 2339//4279
f 2346//4291 2343//4290 2344//4285
f 2347//4292 2345//4287 2474//4289
f 2474//4289 2345//4287 2340//4286
f 2342//4288 2345//4287 2349//4293
f 2350//4294 2343//4290 2346//4291
f 2351//4295 2345//4287 2347//4292
f 2352//4296 2343//4290 2350//4294
f 2343//4290 2353//4297 2348//4298
f 2352//4296 2353//4297 2343//4290
f 2255//4299 2345//4287 2351//4295
f 2345//4287 2323//4264 2349//4293
f 2252//4300 2353//4297 2352//4296
f 2255//4299 2323//4264 2345//4287
f 2334//4283 2333//4280 2252//4300
f 2252//4300 2333//4280 2353//4297
f 2255//4299 2326//4267 2323//4264
f 2262//4301 2354//4302 2261//4303
f 2354//4302 2355//4304 2393//4305
f 2262//4301 2355//4304 2354//4302
f 2393//4305 2355//4304 2394//4306
f 2357//4307 2355//4304 2262//4301
f 2394//4306 2355//4304 2395//4308
f 2395//4308 2359//4309 2396//4310
f 2355//4304 2359//4309 2395//4308
f 2473//4311 2266//4194 2356//4191
f 2357//4307 2359//4309 2355//4304
f 2257//4312 2359//4309 2357//4307
f 2396//4310 2359//4309 2361//4313
f 2473//4311 2358//4314 2266//4194
f 2362//4315 2358//4314 2473//4311
f 2363//4316 2359//4309 2257//4312
f 2359//4309 2335//4276 2361//4313
f 2359//4309 2363//4316 2335//4276
f 2358//4314 2362//4315 2360//4317
f 2253//4277 2335//4276 2363//4316
f 2361//4313 2335//4276 2338//4278
f 2364//4318 2360//4317 2362//4315
f 2364//4318 2365//4319 2360//4317
f 2261//4303 2365//4319 2364//4318
f 2261//4303 2354//4302 2365//4319
f 2366//4320 2367//4321 2301//4261
f 2272//4201 2366//4320 2301//4261
f 2368//4322 2366//4320 2272//4201
f 2369//4323 2551//4324 2316//4256
f 2319//4260 2369//4323 2316//4256
f 2549//4325 2369//4323 2319//4260
f 2332//4240 2370//4326 2371//4327
f 2372//4328 2549//4325 2319//4260
f 2301//4261 2372//4328 2319//4260
f 2373//4329 2372//4328 2301//4261
f 2302//4241 2540//4330 2370//4326
f 2545//4331 2373//4329 2301//4261
f 2302//4241 2370//4326 2332//4240
f 2301//4261 2367//4321 2545//4331
f 2305//4244 2374//4332 2540//4330
f 2305//4244 2540//4330 2302//4241
f 2307//4246 2375//4333 2374//4332
f 2307//4246 2374//4332 2305//4244
f 2310//4249 2538//4334 2375//4333
f 2310//4249 2375//4333 2307//4246
f 2310//4249 2535//4335 2538//4334
f 2311//4250 2535//4335 2310//4249
f 2311//4250 2534//4336 2535//4335
f 2312//4252 2534//4336 2311//4250
f 2312//4252 2376//4337 2534//4336
f 2312//4252 2377//4338 2376//4337
f 2315//4254 2377//4338 2312//4252
f 2316//4256 2533//4339 2377//4338
f 2316//4256 2377//4338 2315//4254
f 2316//4256 2551//4324 2533//4339
f 2371//4327 2379//4340 2332//4240
f 2378//4341 2379//4340 2371//4327
f 2379//4340 2328//4270 2332//4240
f 2379//4340 2380//4342 2328//4270
f 2380//4342 2381//4343 2328//4270
f 2381//4343 2522//4344 2328//4270
f 2522//4344 2382//4345 2328//4270
f 2382//4345 2322//4263 2328//4270
f 2382//4345 2383//4346 2322//4263
f 2383//4346 2384//4347 2322//4263
f 2384//4347 2386//4348 2322//4263
f 2386//4348 2323//4264 2322//4263
f 2349//4293 2385//4349 2488//4350
f 2349//4293 2488//4350 2342//4288
f 2349//4293 2386//4348 2385//4349
f 2338//4278 2387//4351 2388//4352
f 2323//4264 2386//4348 2349//4293
f 2339//4279 2387//4351 2338//4278
f 2498//4353 2387//4351 2339//4279
f 2343//4290 2497//4354 2498//4353
f 2343//4290 2498//4353 2339//4279
f 2343//4290 2495//4355 2497//4354
f 2348//4298 2389//4356 2495//4355
f 2348//4298 2495//4355 2343//4290
f 2353//4297 2493//4357 2389//4356
f 2353//4297 2389//4356 2348//4298
f 2333//4280 2493//4357 2353//4297
f 2333//4280 2491//4358 2493//4357
f 2336//4282 2491//4358 2333//4280
f 2336//4282 2490//4359 2491//4358
f 2340//4286 2390//4360 2490//4359
f 2340//4286 2490//4359 2336//4282
f 2342//4288 2488//4350 2390//4360
f 2342//4288 2390//4360 2340//4286
f 2361//4313 2388//4352 2391//4361
f 2338//4278 2388//4352 2361//4313
f 2266//4194 2509//4362 2510//4363
f 2358//4314 2509//4362 2266//4194
f 2358//4314 2507//4364 2509//4362
f 2360//4317 2507//4364 2358//4314
f 2360//4317 2506//4365 2507//4364
f 2365//4319 2392//4366 2506//4365
f 2365//4319 2506//4365 2360//4317
f 2354//4302 2392//4366 2365//4319
f 2354//4302 2502//4367 2392//4366
f 2393//4305 2502//4367 2354//4302
f 2394//4306 2502//4367 2393//4305
f 2394//4306 2503//4368 2502//4367
f 2395//4308 2503//4368 2394//4306
f 2395//4308 2501//4369 2503//4368
f 2396//4310 2397//4370 2501//4369
f 2396//4310 2501//4369 2395//4308
f 2396//4310 2398//4371 2397//4370
f 2361//4313 2391//4361 2398//4371
f 2361//4313 2398//4371 2396//4310
s 0
f 2399//4372 2400//4373 2401//4374
s 1
f 2399//4375 2401//4374 2270//4200
f 2270//4200 2527//4376 2399//4375
f 2267//4199 2528//4377 2527//4376
f 2267//4199 2527//4376 2270//4200
f 2526//4378 2528//4377 2267//4199
f 2510//4363 2526//4378 2267//4199
f 2266//4194 2510//4363 2267//4199
f 2289//4219 2566//4379 2285//4216
f 2289//4219 2402//4380 2566//4379
f 2290//4222 2403//4381 2402//4380
f 2290//4222 2402//4380 2289//4219
f 2272//4201 2569//4382 2368//4322
f 2292//4225 2553//4383 2403//4381
f 2292//4225 2403//4381 2290//4222
f 2272//4201 2404//4384 2569//4382
f 2292//4225 2561//4385 2553//4383
f 2274//4203 2405//4386 2404//4384
f 2274//4203 2404//4384 2272//4201
f 2292//4225 2557//4387 2561//4385
f 2276//4206 2405//4386 2274//4203
f 2294//4227 2557//4387 2292//4225
f 2276//4206 2406//4388 2405//4386
f 2294//4227 2407//4389 2557//4387
f 2277//4210 2406//4388 2276//4206
f 2296//4230 2407//4389 2294//4227
f 2296//4230 2573//4390 2407//4389
f 2277//4210 2408//4391 2406//4388
f 2296//4230 2572//4392 2573//4390
f 2280//4214 2408//4391 2277//4210
f 2270//4200 2409//4393 2572//4392
f 2270//4200 2572//4392 2296//4230
f 2280//4214 2410//4394 2408//4391
f 2270//4200 2401//4374 2409//4393
f 2284//4215 2411//4395 2410//4394
f 2284//4215 2410//4394 2280//4214
f 2285//4216 2412//4396 2411//4395
f 2285//4216 2411//4395 2284//4215
f 2285//4216 2555//4397 2412//4396
f 2285//4216 2566//4379 2555//4397
f 2413//4398 2470//4399 2117//4400
f 2413//4398 2117//4400 2116//4401
f 2468//4402 2414//4403 2415//4404
f 2416//4405 2468//4402 2415//4404
f 2416//4405 2415//4404 2417//4406
f 2114//4407 2413//4398 2116//4401
f 2114//4407 2420//4408 2413//4398
f 2418//4409 2421//4410 2419//4411
f 2422//4412 2418//4409 2419//4411
f 2422//4412 2419//4411 2424//4413
f 2532//4414 2421//4410 2418//4409
f 2114//4407 2423//4415 2420//4408
f 2425//4416 2421//4410 2532//4414
f 2426//4417 2422//4412 2424//4413
f 2552//4418 2421//4410 2425//4416
f 2416//4405 2417//4406 2554//4419
f 2536//4420 2427//4421 2421//4410
f 2536//4420 2421//4410 2552//4418
f 2114//4407 2496//4422 2423//4415
f 2428//4423 2427//4421 2536//4420
f 2429//4424 2554//4419 2571//4425
f 2429//4424 2416//4405 2554//4419
f 2430//4426 2426//4417 2424//4413
f 2429//4424 2571//4425 2570//4427
f 2541//4428 2426//4417 2430//4426
f 2431//4429 2427//4421 2428//4423
f 2432//4430 2427//4421 2431//4429
f 2429//4424 2570//4427 2525//4431
f 2550//4432 2427//4421 2432//4430
f 2429//4424 2525//4431 2433//4433
f 2434//4434 2427//4421 2550//4432
f 2115//4435 2496//4422 2114//4407
f 2435//4436 2541//4428 2430//4426
f 2115//4435 2499//4437 2496//4422
f 2115//4435 2500//4438 2499//4437
f 2548//4439 2427//4421 2434//4434
f 2548//4439 2436//4440 2427//4421
f 2437//4441 2429//4424 2433//4433
f 2546//4442 2436//4440 2548//4439
f 2438//4443 2500//4438 2115//4435
f 2439//4444 2435//4436 2430//4426
f 2437//4441 2433//4433 2529//4445
f 2543//4446 2436//4440 2546//4442
f 2437//4441 2529//4445 2440//4447
f 2441//4448 2436//4440 2543//4446
f 2442//4449 2439//4444 2430//4426
f 2443//4450 2442//4449 2430//4426
f 2111//4451 2437//4441 2440//4447
f 2109//4452 2444//4453 2438//4443
f 2445//4454 2436//4440 2441//4448
f 2445//4454 2446//4455 2436//4440
f 2109//4452 2438//4443 2115//4435
f 2568//4456 2446//4455 2445//4454
f 2109//4452 2447//4457 2444//4453
f 2448//4458 2442//4449 2443//4450
f 2567//4459 2446//4455 2568//4456
f 2111//4451 2440//4447 2449//4460
f 2110//4461 2447//4457 2109//4452
f 2110//4461 2450//4462 2447//4457
f 2110//4461 2451//4463 2450//4462
f 2111//4451 2449//4460 2452//4464
f 2453//4465 2454//4466 2446//4455
f 2453//4465 2446//4455 2567//4459
f 2455//4467 2448//4458 2443//4450
f 2110//4461 2456//4468 2451//4463
f 2563//4469 2454//4466 2453//4465
f 2113//4470 2456//4468 2110//4461
f 2113//4470 2504//4471 2456//4468
f 2563//4469 2457//4472 2454//4466
f 2560//4473 2457//4472 2563//4469
f 2458//4474 2455//4467 2443//4450
f 2111//4451 2452//4464 2459//4475
f 2460//4476 2457//4472 2560//4473
f 2113//4470 2461//4477 2504//4471
f 2462//4478 2457//4472 2460//4476
f 2112//4479 2505//4480 2461//4477
f 2112//4479 2461//4477 2113//4470
f 2463//4481 2458//4474 2443//4450
f 2111//4451 2459//4475 2464//4482
f 2112//4479 2465//4483 2505//4480
f 2112//4479 2111//4451 2464//4482
f 2112//4479 2464//4482 2465//4483
f 2466//4484 2462//4478 2460//4476
f 2467//4485 2463//4481 2443//4450
f 2468//4402 2462//4478 2466//4484
f 2469//4486 2467//4485 2443//4450
f 2469//4486 2486//4487 2467//4485
f 2487//4488 2486//4487 2469//4486
f 2468//4402 2466//4484 2414//4403
f 2487//4488 2469//4486 2117//4400
f 2470//4399 2487//4488 2117//4400
f 2210//4489 2264//4490 2213//4491
f 2356//4492 2264//4490 2208//4493
f 2208//4493 2264//4490 2210//4489
f 2264//4490 2214//4494 2213//4491
f 2211//4495 2214//4494 2264//4490
f 2212//4122 2211//4125 2299//4144
f 2299//4233 2211//4195 2268//4197
f 2224//4143 2298//4496 2220//4135
f 2220//4135 2298//4496 2222//4137
f 2218//4130 2222//4137 2295//4497
f 2218//4130 2471//4498 2216//4131
f 2291//4499 2216//4131 2293//4500
f 2291//4148 2472//4501 2232//4147
f 2471//4498 2293//4500 2216//4131
f 2271//4204 2229//4145 2275//4205
f 2472//4501 2288//4502 2232//4147
f 2295//4497 2471//4498 2218//4130
f 2286//4503 2232//4147 2288//4502
f 2286//4504 2283//4213 2221//4505
f 2281//4211 2221//4505 2283//4213
f 2221//4136 2281//4211 2217//4134
f 2278//4208 2217//4134 2281//4211
f 2278//4208 2231//4146 2217//4134
f 2298//4496 2224//4143 2299//4144
f 2275//4205 2229//4145 2231//4146
f 2364//4506 2362//4507 2259//4508
f 2259//4508 2473//4509 2208//4493
f 2357//4307 2262//4301 2256//4510
f 2262//4190 2261//4189 2260//4121
f 2473//4509 2259//4508 2362//4507
f 2253//4179 2363//4511 2258//4178
f 2208//4493 2473//4509 2356//4492
f 2258//4178 2363//4511 2257//4186
f 2256//4510 2257//4512 2357//4307
f 2205//4119 2344//4513 2475//4514
f 2205//4119 2346//4515 2344//4513
f 2205//4119 2350//4516 2346//4515
f 2252//4183 2350//4516 2205//4119
f 2255//4184 2351//4517 2254//4118
f 2249//4172 2326//4518 2255//4184
f 2347//4181 2474//4519 2341//4180
f 2252//4520 2352//4520 2350//4520
f 2205//4119 2337//4521 2253//4179
f 2347//4181 2254//4118 2351//4517
f 2205//4119 2475//4514 2337//4521
f 2271//4204 2234//4150 2229//4145
f 2479//4522 2234//4150 2271//4204
f 2476//4523 2477//4524 2250//4173
f 2325//4525 2250//4173 2327//4526
f 2327//4526 2250//4173 2477//4524
f 2250//4173 2325//4525 2478//4174
f 2476//4523 2327//4526 2477//4524
f 2478//4174 2326//4518 2249//4172
f 2327//4526 2476//4523 2251//4527
f 2320//4528 2244//4529 2243//4162
f 2234//4150 2479//4522 2242//4163
f 2242//4163 2320//4528 2243//4162
f 2481//4530 2482//4531 2308//4247
f 2240//4532 2480//4533 2304//4534
f 2482//4531 2237//4156 2308//4247
f 2483//4168 2247//4535 2313//4251
f 2483//4168 2308//4247 2237//4156
f 2484//4536 2331//4537 2248//4538
f 2240//4532 2484//4536 2248//4538
f 2304//4534 2484//4536 2240//4532
f 2470//4539 2488//4540 2487//4541
f 2490//4542 2470//4539 2413//4543
f 2491//4544 2490//4542 2413//4543
f 2385//4545 2386//4546 2467//4547
f 2486//4548 2385//4545 2467//4547
f 2492//4549 2413//4543 2420//4550
f 2492//4549 2491//4544 2413//4543
f 2494//4551 2389//4552 2493//4553
f 2494//4551 2493//4553 2420//4550
f 2423//4554 2496//4555 2495//4556
f 2498//4557 2496//4555 2499//4558
f 2497//4559 2496//4555 2498//4557
f 2387//4560 2498//4557 2499//4558
f 2387//4560 2499//4558 2500//4561
f 2388//4562 2438//4563 2485//4564
f 2385//4545 2486//4548 2488//4540
f 2487//4541 2488//4540 2486//4548
f 2420//4550 2423//4554 2494//4551
f 2390//4565 2488//4540 2470//4539
f 2390//4565 2470//4539 2490//4542
f 2493//4553 2491//4544 2492//4549
f 2493//4553 2492//4549 2420//4550
f 2389//4552 2494//4551 2423//4554
f 2389//4552 2423//4554 2495//4556
f 2497//4559 2495//4556 2496//4555
f 2387//4560 2500//4561 2438//4563
f 2438//4563 2388//4562 2387//4560
f 2444//4566 2391//4567 2485//4564
f 2388//4562 2485//4564 2391//4568
f 2447//4569 2398//4570 2391//4567
f 2447//4569 2391//4567 2444//4566
f 2501//4571 2450//4572 2451//4573
f 2502//4574 2456//4575 2504//4576
f 2502//4574 2503//4577 2456//4575
f 2504//4576 2392//4578 2502//4574
f 2508//4579 2509//4580 2507//4581
f 2461//4582 2392//4578 2504//4576
f 2505//4583 2392//4578 2461//4582
f 2505//4583 2506//4584 2392//4578
f 2464//4585 2507//4581 2465//4586
f 2398//4570 2447//4569 2397//4587
f 2464//4585 2459//4588 2509//4580
f 2397//4587 2447//4569 2450//4572
f 2397//4587 2450//4572 2501//4571
f 2503//4577 2501//4571 2451//4573
f 2456//4575 2503//4577 2451//4573
f 2506//4584 2505//4583 2465//4586
f 2506//4584 2465//4586 2507//4581
f 2507//4581 2464//4585 2508//4579
f 2508//4579 2464//4585 2509//4580
f 2509//4580 2459//4588 2510//4589
f 2485//4564 2438//4563 2444//4566
f 2511//4590 2442//4591 2381//4592
f 2381//4592 2439//4593 2511//4590
f 2512//4594 2467//4547 2386//4546
f 2512//4594 2489//4595 2467//4596
f 2513//4597 2439//4593 2380//4598
f 2489//4599 2463//4599 2467//4599
f 2514//4600 2513//4597 2380//4598
f 2515//4601 2514//4600 2379//4602
f 2516//4603 2379//4602 2378//4604
f 2435//4605 2515//4601 2379//4602
f 2516//4603 2435//4605 2379//4602
f 2512//4594 2386//4546 2384//4606
f 2463//4607 2489//4595 2512//4594
f 2384//4606 2517//4608 2512//4594
f 2458//4609 2463//4607 2517//4608
f 2518//4610 2384//4606 2383//4611
f 2519//4612 2455//4467 2458//4609
f 2519//4612 2458//4609 2518//4610
f 2520//4613 2383//4611 2382//4614
f 2520//4613 2519//4615 2383//4611
f 2521//4616 2448//4458 2455//4467
f 2521//4616 2455//4467 2520//4613
f 2524//4617 2382//4614 2522//4618
f 2523//4619 2522//4618 2381//4592
f 2523//4619 2442//4591 2448//4620
f 2542//4621 2516//4603 2378//4604
f 2442//4591 2523//4619 2381//4592
f 2542//4622 2541//4623 2516//4624
f 2439//4625 2442//4625 2511//4625
f 2381//4592 2380//4598 2439//4593
f 2514//4600 2380//4598 2379//4602
f 2514//4600 2435//4605 2439//4593
f 2514//4600 2439//4593 2513//4597
f 2515//4601 2435//4605 2514//4600
f 2516//4603 2541//4626 2435//4605
f 2512//4594 2517//4608 2463//4607
f 2458//4609 2517//4608 2384//4606
f 2518//4610 2458//4609 2384//4606
f 2383//4611 2519//4615 2518//4610
f 2520//4613 2455//4467 2519//4612
f 2520//4613 2382//4614 2521//4616
f 2382//4614 2448//4620 2521//4616
f 2448//4620 2382//4614 2524//4617
f 2523//4619 2524//4617 2522//4618
f 2523//4619 2448//4620 2524//4617
f 2452//4627 2510//4589 2459//4588
f 2526//4628 2510//4589 2452//4627
f 2528//4629 2449//4630 2440//4631
f 2528//4629 2526//4628 2449//4630
f 2531//4632 2433//4633 2525//4634
f 2527//4635 2528//4629 2440//4631
f 2449//4630 2526//4628 2452//4627
f 2529//4636 2527//4635 2440//4631
f 2530//4637 2527//4635 2529//4636
f 2530//4638 2399//4639 2527//4640
f 2433//4641 2530//4637 2529//4636
f 2433//4633 2399//4639 2530//4638
f 2433//4633 2531//4632 2399//4639
f 2532//4642 2535//4643 2534//4644
f 2537//4645 2538//4646 2535//4643
f 2541//4647 2540//4648 2426//4649
f 2542//4650 2371//4327 2370//4326
f 2543//4651 2544//4652 2367//4653
f 2547//4654 2372//4655 2373//4656
f 2372//4655 2547//4654 2548//4657
f 2434//4658 2372//4655 2548//4657
f 2550//4659 2549//4660 2434//4658
f 2375//4661 2538//4662 2418//4663
f 2546//4664 2544//4652 2543//4651
f 2539//4665 2418//4666 2422//4667
f 2369//4668 2432//4669 2551//4670
f 2551//4670 2432//4669 2431//4671
f 2539//4665 2375//4661 2418//4663
f 2547//4654 2546//4664 2548//4657
f 2431//4671 2428//4672 2533//4673
f 2428//4672 2536//4674 2533//4673
f 2552//4675 2377//4676 2536//4674
f 2552//4675 2425//4677 2376//4678
f 2425//4677 2534//4644 2376//4678
f 2374//4679 2539//4665 2422//4667
f 2540//4648 2422//4667 2426//4649
f 2540//4648 2374//4679 2422//4667
f 2418//4663 2537//4645 2532//4642
f 2532//4642 2537//4645 2535//4643
f 2418//4663 2538//4662 2537//4645
f 2374//4679 2375//4661 2539//4665
f 2370//4680 2540//4681 2541//4623
f 2545//4682 2367//4653 2544//4652
f 2541//4623 2542//4622 2370//4680
f 2369//4668 2550//4659 2432//4669
f 2544//4652 2546//4664 2547//4654
f 2545//4682 2547//4654 2373//4656
f 2545//4682 2544//4652 2547//4654
f 2372//4655 2434//4658 2549//4660
f 2536//4674 2377//4676 2533//4673
f 2549//4660 2550//4659 2369//4668
f 2552//4675 2376//4678 2377//4676
f 2551//4670 2431//4671 2533//4673
f 2425//4677 2532//4642 2534//4644
f 2409//4683 2401//4683 2531//4683
f 2466//4684 2558//4685 2555//4686
f 2466//4684 2460//4687 2558//4685
f 2557//4688 2417//4689 2415//4690
f 2562//4691 2406//4692 2408//4693
f 2564//4694 2405//4695 2406//4692
f 2409//4696 2531//4632 2525//4634
f 2409//4696 2525//4634 2570//4697
f 2404//4698 2405//4695 2565//4699
f 2553//4700 2415//4690 2414//4701
f 2569//4702 2404//4698 2568//4703
f 2569//4702 2445//4704 2368//4705
f 2567//4706 2404//4698 2565//4699
f 2558//4685 2412//4707 2555//4708
f 2411//4709 2559//4710 2460//4687
f 2402//4711 2553//4700 2414//4701
f 2403//4381 2553//4383 2402//4380
f 2411//4709 2460//4687 2410//4712
f 2563//4713 2562//4714 2560//4715
f 2410//4712 2460//4687 2560//4715
f 2566//4716 2402//4711 2414//4701
f 2555//4686 2414//4717 2466//4684
f 2555//4397 2566//4379 2414//4718
f 2410//4712 2560//4715 2562//4714
f 2410//4719 2562//4691 2408//4693
f 2559//4710 2558//4685 2460//4687
f 2559//4710 2412//4707 2558//4685
f 2411//4709 2412//4707 2559//4710
f 2562//4714 2563//4713 2564//4720
f 2562//4691 2564//4694 2406//4692
f 2564//4720 2563//4713 2453//4721
f 2564//4720 2453//4721 2565//4699
f 2565//4699 2453//4721 2567//4706
f 2565//4699 2405//4695 2564//4694
f 2572//4722 2570//4697 2571//4723
f 2571//4723 2573//4724 2572//4722
f 2404//4698 2567//4706 2568//4703
f 2407//4725 2573//4724 2554//4726
f 2417//4689 2556//4727 2554//4726
f 2569//4702 2568//4703 2445//4704
f 2554//4726 2573//4724 2571//4723
f 2409//4696 2570//4697 2572//4722
f 2556//4727 2407//4725 2554//4726
f 2556//4727 2557//4688 2407//4725
f 2556//4727 2417//4689 2557//4688
f 2561//4728 2557//4688 2415//4690
f 2561//4728 2415//4690 2553//4700
f 2574//4729 2367//4653 2366//4730
f 2576//4731 2445//4732 2441//4733
f 2574//4729 2543//4651 2367//4653
f 2574//4729 2441//4733 2543//4651
f 2576//4734 2575//4735 2366//4730
f 2576//4734 2366//4730 2368//4705
f 2576//4731 2441//4733 2575//4736
f 2445//4704 2576//4734 2368//4705
f 2575//4736 2441//4733 2574//4729
f 2575//4735 2574//4729 2366//4730
f 2284//4215 2280//4214 2282//4212
f 2279//4209 2280//4214 2277//4210
f 2322//4263 2324//4266 2328//4270
f 2318//4258 2319//4260 2316//4256
o node4_Part__Mirroring004.001
v -0.013294 0.041951 0.078200
v -0.013611 0.041949 0.078200
v -0.013503 0.041881 0.073257
v -0.013581 0.041852 0.078800
v -0.013308 0.041941 0.068869
v 0.042366 -0.011882 0.089580
v -0.013489 0.041881 0.084215
v -0.013230 0.041967 0.078800
v -0.013448 0.041894 0.084765
v -0.013349 0.041926 0.085646
v -0.012954 0.042051 0.087310
v -0.012347 0.042233 0.088795
v -0.011897 0.042363 0.064147
v -0.011025 0.042615 0.063037
v -0.009865 0.042883 0.062117
v -0.011553 0.042458 0.090059
v 0.042232 -0.012351 0.088769
v 0.042272 -0.012211 0.064688
v -0.010729 0.042675 0.091035
v -0.007631 0.043339 0.061094
v -0.009654 0.042930 0.091997
v -0.008116 0.043248 0.093021
v -0.004868 0.043738 0.060567
v -0.006513 0.043517 0.093806
v 0.042114 -0.012743 0.087896
v -0.005304 0.043707 0.094295
v -0.001363 0.043997 0.060441
v 0.041977 -0.013190 0.078800
v 0.042092 -0.012824 0.066128
v 0.041946 -0.013284 0.068518
v 0.041951 -0.013288 0.078200
v 0.041871 -0.013519 0.074222
v -0.000420 0.044001 0.094300
v 0.001760 0.043969 0.060555
v 0.004140 0.043848 0.094300
v 0.005532 0.043664 0.060550
v 0.010062 0.042856 0.060550
v 0.041949 -0.013611 0.078200
v 0.009792 0.042926 0.094300
v 0.041996 -0.013128 0.086714
v 0.014418 0.041583 0.060550
v 0.014499 0.041558 0.094300
v 0.018046 0.040146 0.060550
v 0.018188 0.040080 0.094300
v 0.041913 -0.013390 0.085324
v 0.022209 0.038010 0.060550
v 0.022328 0.037942 0.094300
v 0.041851 -0.013584 0.078801
v 0.026522 0.035139 0.060550
v 0.026685 0.035015 0.094300
v 0.029600 0.032562 0.060550
v 0.030662 0.031591 0.094300
v 0.032451 0.029753 0.060550
v 0.034204 0.027717 0.094300
v 0.035836 0.025572 0.060550
v 0.041878 -0.013499 0.083950
v 0.041883 -0.013482 0.084346
v 0.037259 0.023450 0.094300
v 0.038632 0.021113 0.060550
v 0.043984 -0.001545 0.060439
v 0.042856 0.010062 0.060550
v 0.041583 0.014418 0.060550
v 0.039821 0.018778 0.094300
v 0.042926 0.009792 0.094300
v 0.040389 0.017470 0.060550
v 0.041558 0.014499 0.094300
v 0.043664 0.005532 0.060550
v 0.043848 0.004140 0.094300
v 0.043975 0.001635 0.060556
v 0.044001 -0.000420 0.094300
v 0.043789 -0.004354 0.060523
v 0.043712 -0.005233 0.094302
v 0.043559 -0.006221 0.060775
v 0.043532 -0.006413 0.093852
v 0.043289 -0.007899 0.061195
v 0.043287 -0.007901 0.093139
v 0.042934 -0.009634 0.061985
v 0.043052 -0.009090 0.092409
v 0.042612 -0.011002 0.063023
v 0.042824 -0.010111 0.091626
v 0.042452 -0.011600 0.063721
v 0.042611 -0.010978 0.090757
v 0.042486 -0.011446 0.090195
v 0.045475 0.044146 0.070959
v 0.047282 0.042333 0.070984
v 0.048640 0.040648 0.070890
v 0.029364 0.071651 0.074567
v 0.048129 0.000433 0.061298
v 0.044213 0.009123 0.061677
v 0.044966 0.000327 0.060648
v 0.047250 -0.001515 0.060914
v 0.046311 -0.003030 0.060678
v 0.047254 0.003785 0.061554
v 0.045507 -0.004470 0.060597
v 0.045048 0.003702 0.061007
v 0.045026 0.002429 0.060846
v 0.044942 -0.005902 0.060669
v 0.049247 0.002053 0.061827
v 0.044429 -0.007053 0.060844
v 0.044038 -0.008145 0.061130
v 0.043562 -0.009122 0.061546
v 0.043164 -0.010035 0.062088
v 0.071872 0.045631 0.076064
v 0.065675 0.054186 0.076720
v 0.076394 0.042620 0.077391
v 0.072158 0.050667 0.080443
v 0.068233 0.044724 0.074409
v 0.070976 0.044713 0.075350
v 0.077479 0.044095 0.080591
v 0.080749 0.039683 0.080676
v 0.061711 0.047745 0.073330
v 0.067842 0.052992 0.077460
v 0.077031 0.042952 0.078262
v 0.063504 0.053708 0.075444
v 0.054474 0.055696 0.073294
v 0.062791 0.052898 0.074902
v 0.077741 0.042962 0.079241
v 0.071319 0.051096 0.079481
v 0.071752 0.051937 0.084198
v 0.060035 0.052048 0.073841
v 0.050588 0.038491 0.068931
v 0.071052 0.052403 0.081737
v 0.056798 0.053183 0.073277
v 0.069735 0.052012 0.078405
v 0.080125 0.038711 0.078260
v 0.069353 0.039987 0.073709
v 0.050977 0.037793 0.068874
v 0.079581 0.038432 0.077486
v 0.074871 0.048057 0.083162
v 0.079160 0.037737 0.076821
v 0.077841 0.037024 0.075818
v 0.076415 0.036037 0.074986
v 0.078538 0.037747 0.076413
v 0.052254 0.032829 0.068199
v 0.052775 0.028253 0.067451
v 0.058258 0.025307 0.068275
v 0.075325 0.047255 0.081747
v 0.069136 0.050339 0.076739
v 0.032187 0.031789 0.063426
v 0.050271 0.034763 0.068134
v 0.065447 0.058953 0.084200
v 0.060409 0.063982 0.083316
v 0.063057 0.061180 0.082048
v 0.034627 0.029110 0.063396
v 0.064100 0.060251 0.083099
v 0.035899 0.027496 0.063332
v 0.041361 0.028538 0.064796
v 0.060572 0.063430 0.081150
v 0.060396 0.063313 0.080403
v 0.037414 0.025342 0.063220
v 0.064394 0.059527 0.081062
v 0.060949 0.062269 0.079525
v 0.063507 0.059348 0.079052
v 0.060348 0.062159 0.078612
v 0.064193 0.059224 0.079930
v 0.067618 0.056508 0.083112
v 0.038095 0.024213 0.063123
v 0.060827 0.060618 0.077619
v 0.071543 0.048759 0.077479
v 0.064361 0.049779 0.074518
v 0.078592 0.043362 0.084198
v 0.067604 0.056294 0.081730
v 0.060991 0.059112 0.076716
v 0.073034 0.048151 0.078419
v 0.065565 0.056418 0.078204
v 0.059570 0.059512 0.076168
v 0.067428 0.056049 0.080474
v 0.050369 0.014209 0.064245
v 0.043109 0.013577 0.062258
v 0.058928 0.058963 0.075620
v 0.041097 0.034803 0.066036
v 0.049013 0.033416 0.067553
v 0.067265 0.055664 0.079473
v 0.048372 0.032853 0.067311
v 0.043549 0.031702 0.065955
v 0.064866 0.056225 0.077451
v 0.075606 0.045884 0.079496
v 0.044289 0.031046 0.065986
v 0.058747 0.057211 0.074890
v 0.066925 0.055507 0.078802
v 0.038734 0.023167 0.063053
v 0.039376 0.022050 0.062976
v 0.040091 0.020857 0.062942
v 0.040635 0.019750 0.062845
v 0.041092 0.018644 0.062705
v 0.041987 0.016700 0.062571
v 0.042706 0.014529 0.062295
v 0.055525 0.011618 0.065215
v 0.043674 0.011515 0.061997
v 0.073447 0.045235 0.076767
v 0.044747 0.045096 0.068978
v 0.064799 0.053694 0.076005
v 0.049108 0.040364 0.068964
v 0.046952 0.042859 0.068980
v 0.079151 0.042255 0.081788
v 0.080982 0.039872 0.082509
v 0.081098 0.039867 0.084200
v 0.048017 0.041692 0.068978
v 0.046035 0.043794 0.068980
v 0.049528 0.039688 0.068976
v 0.046346 0.043086 0.069197
v 0.046527 0.043010 0.069059
v 0.047165 0.042238 0.069105
v 0.046991 0.042629 0.069006
v 0.045625 0.043863 0.069169
v 0.044600 0.044965 0.069084
v 0.045990 0.043598 0.069053
v 0.049895 0.039235 0.068969
v 0.047546 0.041824 0.069103
v 0.047912 0.041590 0.069004
v 0.048130 0.041124 0.069121
v 0.048476 0.040747 0.069100
v 0.048612 0.040817 0.068982
v 0.048915 0.040391 0.069004
v 0.049206 0.039824 0.069130
v 0.049742 0.039192 0.069094
v 0.062380 0.018167 0.068443
v 0.061972 0.017141 0.068425
v 0.062425 0.016812 0.069408
v 0.061120 0.017632 0.067808
v 0.060758 0.016502 0.067654
v 0.060659 0.015470 0.067854
v 0.059223 0.015482 0.066921
v 0.060159 0.015227 0.067475
v 0.060346 0.014331 0.068319
v 0.059888 0.013400 0.068752
v 0.057922 0.012882 0.066321
v 0.059220 0.014297 0.066972
v 0.059774 0.014070 0.067605
v 0.057684 0.013225 0.066178
v 0.058877 0.012091 0.068254
v 0.058796 0.012316 0.067588
v 0.058563 0.012570 0.066969
v 0.056589 0.010837 0.065697
v 0.081183 0.039409 0.082760
v 0.057655 0.010450 0.067645
v 0.057559 0.010583 0.067087
v 0.057793 0.012110 0.066373
v 0.057691 0.011230 0.066665
v 0.055390 0.009176 0.065095
v 0.080411 0.036150 0.082119
v 0.056925 0.010516 0.066101
v 0.080892 0.037342 0.082166
v 0.079813 0.035070 0.081870
v 0.055678 0.010548 0.065189
v 0.056214 0.008453 0.066899
v 0.056483 0.009253 0.066323
v 0.054356 0.007665 0.064567
v 0.053714 0.007693 0.064182
v 0.055501 0.008092 0.065623
v 0.053920 0.008727 0.064327
v 0.055241 0.008230 0.065220
v 0.051641 0.005997 0.063182
v 0.051418 0.004276 0.062945
v 0.054511 0.006778 0.065013
v 0.054822 0.006707 0.065638
v 0.053986 0.005120 0.065736
v 0.053743 0.005704 0.064546
v 0.052287 0.004816 0.063434
v 0.052993 0.005091 0.063940
v 0.053287 0.004315 0.064798
v 0.052848 0.004182 0.064108
v 0.052262 0.003818 0.063559
v 0.052344 0.002456 0.064751
v 0.051143 0.002490 0.062826
v 0.052239 0.002573 0.064204
v 0.051645 0.001998 0.063516
v 0.049281 0.001109 0.061754
v 0.050742 0.000895 0.062793
v 0.081138 0.038963 0.081720
v 0.080941 0.039244 0.080685
v 0.081006 0.037963 0.081364
v 0.079139 0.034408 0.079173
v 0.079209 0.035752 0.077039
v 0.078445 0.036708 0.076064
v 0.079326 0.034854 0.078642
v 0.078759 0.034033 0.078507
v 0.078531 0.034106 0.077444
v 0.078871 0.034848 0.077185
v 0.078317 0.033595 0.077947
v 0.077441 0.035568 0.075303
v 0.078057 0.034941 0.075783
v 0.078570 0.034906 0.076513
v 0.077471 0.033385 0.075985
v 0.077520 0.033889 0.075633
v 0.077725 0.033008 0.077363
v 0.076702 0.033534 0.074881
v 0.076004 0.034659 0.074569
v 0.051386 0.000791 0.064242
v 0.077263 0.032800 0.076399
v 0.081307 0.038945 0.084198
v 0.076867 0.032152 0.076731
v 0.075774 0.032104 0.074589
v 0.080428 0.039269 0.079222
v 0.074174 0.032925 0.073727
v 0.075656 0.030933 0.075968
v 0.075433 0.032337 0.074192
v 0.080945 0.038561 0.080413
v 0.075906 0.031711 0.075150
v 0.074531 0.030496 0.074259
v 0.074731 0.030294 0.074881
v 0.080620 0.038673 0.079202
v 0.080674 0.037896 0.079471
v 0.073922 0.030466 0.073606
v 0.080406 0.037139 0.078994
v 0.074076 0.029347 0.075173
v 0.073962 0.030899 0.073512
v 0.080142 0.037584 0.078051
v 0.071161 0.028816 0.072287
v 0.073850 0.031468 0.073435
v 0.073466 0.029582 0.073638
v 0.073041 0.028622 0.074012
v 0.079855 0.038124 0.077655
v 0.080373 0.036455 0.080059
v 0.072045 0.028563 0.072781
v 0.072144 0.028366 0.072963
v 0.079861 0.036416 0.078003
v 0.079561 0.036958 0.077156
v 0.071912 0.027605 0.073308
v 0.079556 0.035493 0.078193
v 0.070527 0.026276 0.072582
v 0.071374 0.028320 0.072378
v 0.069559 0.026294 0.071616
v 0.070895 0.026041 0.073814
v 0.069944 0.025872 0.072136
v 0.070952 0.026440 0.073107
v 0.078869 0.036278 0.076375
v 0.070037 0.026331 0.071962
v 0.069284 0.026542 0.071459
v 0.077889 0.035312 0.075560
v 0.068280 0.023989 0.071476
v 0.069098 0.024125 0.073010
v 0.069003 0.024372 0.072246
v 0.067882 0.026006 0.070933
v 0.067123 0.024301 0.070514
v 0.067982 0.024116 0.071070
v 0.067406 0.022598 0.071584
v 0.076510 0.034116 0.074700
v 0.067075 0.022630 0.070982
v 0.066363 0.021124 0.071769
v 0.067262 0.023847 0.070603
v 0.065803 0.021609 0.070157
v 0.065264 0.022344 0.069688
v 0.066026 0.022264 0.070110
v 0.065535 0.020812 0.070370
v 0.065674 0.020580 0.070940
v 0.061811 0.019468 0.068231
v 0.075272 0.032933 0.074079
v 0.065159 0.021489 0.069680
v 0.064342 0.019677 0.069658
v 0.063787 0.020144 0.069040
v 0.063005 0.019782 0.068674
v 0.072659 0.029759 0.072924
v 0.064045 0.018803 0.070041
v 0.063279 0.018631 0.069059
v 0.064025 0.018447 0.070697
v 0.062816 0.017596 0.069199
v 0.061213 0.015632 0.068481
v 0.079520 0.034781 0.080149
v 0.042848 -0.013480 0.069031
v 0.044900 -0.012390 0.078199
v 0.045590 -0.011328 0.078200
v 0.046362 -0.009712 0.078200
v 0.045082 -0.012107 0.073657
v 0.042346 -0.013576 0.072411
v 0.043978 -0.013269 0.075866
v 0.043392 -0.013498 0.072729
v 0.043769 -0.013349 0.073160
v 0.045606 -0.011280 0.074247
v 0.042884 -0.013597 0.072471
v 0.044638 -0.012545 0.069068
v 0.044256 -0.013005 0.072870
v 0.044631 -0.012654 0.073032
v 0.042786 -0.013694 0.076398
v 0.042944 -0.013699 0.078200
v 0.043417 -0.013557 0.075820
v 0.042867 -0.013655 0.074430
v 0.042355 -0.013647 0.074863
v 0.043670 -0.013467 0.078200
v 0.046191 -0.010138 0.074527
v 0.044234 -0.013088 0.078200
v 0.044405 -0.012919 0.076036
v 0.048841 -0.004148 0.078200
v 0.050987 0.000343 0.078200
v 0.048749 -0.004340 0.069453
v 0.050019 -0.001644 0.072256
v 0.052876 0.003697 0.069367
v 0.052005 0.002171 0.069402
v 0.054584 0.006599 0.076442
v 0.061222 0.015422 0.070223
v 0.061693 0.015990 0.070402
v 0.060646 0.014748 0.070090
v 0.061167 0.015019 0.069378
v 0.059334 0.013115 0.069844
v 0.052594 0.003305 0.074167
v 0.058373 0.011902 0.069988
v 0.057767 0.011098 0.070194
v 0.057292 0.010474 0.070452
v 0.056819 0.009794 0.070730
v 0.056449 0.009190 0.069048
v 0.057537 0.010518 0.068340
v 0.056653 0.009579 0.070953
v 0.054494 0.006443 0.077435
v 0.053216 0.004398 0.078200
v 0.055607 0.008040 0.070072
v 0.056144 0.008865 0.071539
v 0.055881 0.008513 0.072004
v 0.055615 0.008101 0.072417
v 0.050855 0.000007 0.069468
v 0.051178 0.000696 0.074532
v 0.054145 0.005666 0.067926
v 0.054476 0.006387 0.071918
v 0.055317 0.007672 0.073095
v 0.055042 0.007262 0.073903
v 0.049509 -0.002742 0.063675
v 0.048507 -0.004802 0.064168
v 0.053797 0.005309 0.072202
v 0.050453 -0.000904 0.063751
v 0.054845 0.006977 0.074766
v 0.054677 0.006720 0.075632
v 0.047211 -0.007712 0.067028
v 0.063807 0.018537 0.071411
v 0.065542 0.020525 0.072199
v 0.067250 0.022443 0.072987
v 0.072245 0.027816 0.075374
v 0.071323 0.026803 0.074774
v 0.073806 0.029385 0.076237
v 0.077086 0.032644 0.080691
v 0.076148 0.031806 0.084200
v 0.074896 0.030559 0.078810
v 0.073256 0.028908 0.076546
v 0.076223 0.031758 0.078142
v 0.074912 0.030603 0.082446
v 0.073791 0.029459 0.077522
v 0.074541 0.030227 0.079829
v 0.079942 0.035196 0.084200
v 0.072844 0.028460 0.075970
v 0.074615 0.030308 0.080346
v 0.047186 -0.007616 0.065468
v 0.046004 -0.009678 0.064904
v 0.045273 -0.010710 0.064648
v 0.047089 -0.007558 0.064393
v 0.045881 -0.010312 0.066327
v 0.045235 -0.011336 0.066267
v 0.042751 -0.013175 0.066491
v 0.044690 -0.011759 0.065399
v 0.042405 -0.013416 0.068219
v 0.042719 -0.013432 0.067946
v 0.044007 -0.012827 0.066816
v 0.043647 -0.013221 0.067861
v 0.043996 -0.013075 0.068419
v 0.043271 -0.013392 0.068112
v 0.043508 -0.013343 0.068940
v 0.045132 -0.011901 0.068527
v 0.046040 -0.010284 0.067881
v 0.045506 -0.011376 0.069475
v 0.046268 -0.009941 0.069750
v 0.049787 0.000660 0.062021
v 0.048290 -0.001161 0.061290
v 0.050791 -0.000094 0.063549
v 0.050402 -0.000330 0.062884
v 0.049398 -0.000676 0.061901
v 0.047153 -0.002811 0.060920
v 0.049528 -0.001221 0.062174
v 0.048154 -0.002828 0.061480
v 0.046119 -0.004447 0.060719
v 0.046714 -0.004325 0.060945
v 0.049522 -0.001914 0.062525
v 0.047060 -0.004870 0.061339
v 0.045388 -0.006055 0.060776
v 0.049585 -0.002297 0.063020
v 0.045513 -0.006729 0.061037
v 0.048513 -0.003920 0.062451
v 0.045892 -0.007162 0.061517
v 0.044692 -0.007800 0.061108
v 0.045061 -0.008016 0.061365
v 0.044209 -0.009058 0.061535
v 0.043179 -0.010534 0.062412
v 0.045365 -0.008511 0.061920
v 0.044686 -0.009207 0.061860
v 0.045842 -0.008360 0.062384
v 0.043072 -0.011505 0.063285
v 0.043816 -0.009931 0.061978
v 0.048099 -0.005101 0.062969
v 0.042789 -0.012149 0.064170
v 0.044307 -0.010008 0.062220
v 0.044636 -0.010680 0.063249
v 0.044211 -0.010612 0.062730
v 0.043418 -0.010710 0.062507
v 0.045169 -0.009725 0.062863
v 0.045759 -0.009287 0.063346
v 0.042587 -0.012787 0.065438
v 0.046716 -0.007837 0.063511
v 0.043646 -0.011388 0.063221
v 0.043916 -0.011609 0.063713
v 0.043313 -0.012046 0.063986
v 0.044396 -0.011548 0.064233
v 0.043465 -0.012388 0.064657
v 0.043056 -0.012545 0.064802
v 0.044019 -0.012168 0.064857
v 0.043655 -0.012674 0.065523
v 0.043099 -0.012862 0.065537
v 0.043506 -0.013004 0.066354
v 0.044342 -0.012366 0.066146
v 0.042334 -0.013116 0.066700
v 0.043098 -0.013289 0.067028
v 0.048648 -0.002946 0.061959
v 0.044616 -0.012427 0.067620
v 0.047681 -0.004863 0.061960
v 0.043755 -0.010678 0.062541
v 0.046780 -0.006446 0.061999
v 0.047221 -0.006328 0.062568
v 0.048389 -0.004836 0.063480
v 0.081160 0.038032 0.084200
v 0.080567 0.036348 0.084200
v 0.042662 -0.013327 0.078800
v 0.043289 -0.013271 0.078200
v 0.043732 -0.013002 0.078800
v 0.044298 -0.012577 0.078200
v 0.044927 -0.011683 0.078800
v 0.045560 -0.010695 0.078200
v 0.045962 -0.009676 0.078800
v 0.050452 0.000241 0.078800
v 0.048720 -0.003576 0.078200
v 0.051412 0.001920 0.078200
v 0.054254 0.006839 0.078800
v 0.054309 0.006801 0.078200
v 0.054512 0.006516 0.078200
v 0.055048 0.008643 0.072683
v 0.062703 0.017442 0.071041
v 0.061385 0.017028 0.070673
v 0.054730 0.008197 0.073437
v 0.055305 0.007850 0.073176
v 0.054507 0.007749 0.074383
v 0.060115 0.014379 0.070114
v 0.059728 0.013850 0.070053
v 0.054219 0.007338 0.075826
v 0.054629 0.006868 0.075991
v 0.054563 0.006773 0.076512
v 0.054066 0.007151 0.077103
v 0.058432 0.012213 0.070102
v 0.054006 0.007066 0.078468
v 0.056975 0.011367 0.070455
v 0.057506 0.010946 0.070430
v 0.055675 0.009474 0.071673
v 0.056158 0.009100 0.071586
v 0.063130 0.019163 0.071486
v 0.063782 0.018680 0.071529
v 0.066550 0.023035 0.073046
v 0.067110 0.022470 0.073056
v 0.068992 0.024543 0.073905
v 0.068530 0.025065 0.073927
v 0.070641 0.027424 0.074859
v 0.071859 0.028647 0.075750
v 0.072207 0.027990 0.075596
v 0.074252 0.031161 0.084793
v 0.074565 0.030743 0.084200
v 0.074545 0.030814 0.084800
v 0.071598 0.027312 0.075116
v 0.074645 0.030609 0.082693
v 0.074229 0.031111 0.083332
v 0.074563 0.030509 0.081713
v 0.074500 0.030434 0.081140
v 0.074027 0.030839 0.080946
v 0.074115 0.029993 0.079068
v 0.073695 0.029639 0.077981
v 0.073530 0.029413 0.077510
v 0.073028 0.029873 0.077469
v 0.073121 0.029064 0.076841
v 0.072345 0.029161 0.076321
v 0.072756 0.028587 0.076207
v 0.080459 0.036946 0.084200
v 0.080779 0.039772 0.084200
v 0.030761 0.074581 0.084200
v 0.030624 0.074907 0.084200
v 0.032257 0.076113 0.084200
v 0.035196 0.079942 0.084200
v 0.035429 0.079683 0.084200
v 0.036354 0.080570 0.084200
v 0.036989 0.080478 0.084200
v 0.038028 0.081161 0.084200
v 0.080951 0.038812 0.084200
v 0.038860 0.080953 0.084200
v 0.039570 0.081261 0.084200
v 0.039793 0.080766 0.084200
v 0.048976 0.073766 0.084200
v 0.051583 0.072043 0.084200
v 0.056352 0.067389 0.084200
v 0.058398 0.065958 0.084200
v 0.062746 0.061225 0.084200
v 0.068142 0.055509 0.084200
v 0.073766 0.048976 0.084200
v 0.074967 0.030663 0.084200
v 0.076158 0.032301 0.084200
v 0.079683 0.035429 0.084200
v 0.080437 0.037025 0.084800
v 0.079659 0.035512 0.084800
v 0.080901 0.038889 0.084800
v 0.080755 0.039672 0.084800
v 0.077223 0.044502 0.084800
v 0.070951 0.052274 0.084800
v 0.062846 0.061055 0.084800
v 0.074590 0.030769 0.084200
v 0.054721 0.008546 0.091386
v 0.054446 0.008098 0.090045
v 0.064775 0.021241 0.072125
v 0.054211 0.007790 0.089071
v 0.054075 0.007572 0.087943
v 0.063108 0.019316 0.071382
v 0.072059 0.029099 0.093707
v 0.071953 0.029006 0.094763
v 0.053984 0.007441 0.087180
v 0.073211 0.030284 0.092250
v 0.053914 0.007333 0.086324
v 0.074054 0.031159 0.091939
v 0.053832 0.007217 0.085261
v 0.061425 0.017331 0.070582
v 0.053788 0.007143 0.084137
v 0.053743 0.007084 0.083096
v 0.070645 0.027633 0.094331
v 0.073928 0.031010 0.089863
v 0.069785 0.026707 0.094377
v 0.059510 0.014961 0.069968
v 0.058892 0.014199 0.069859
v 0.068337 0.025156 0.094364
v 0.058182 0.013282 0.069875
v 0.074251 0.031319 0.085522
v 0.066945 0.023640 0.094360
v 0.074265 0.031340 0.084778
v 0.074252 0.031330 0.083758
v 0.053810 0.007174 0.076813
v 0.074207 0.031274 0.082956
v 0.074096 0.031149 0.081671
v 0.063389 0.019647 0.094376
v 0.053903 0.007325 0.075723
v 0.073482 0.030542 0.078603
v 0.061513 0.017456 0.094423
v 0.073174 0.030227 0.077764
v 0.056060 0.010437 0.070795
v 0.072808 0.029865 0.076975
v 0.055707 0.009943 0.071145
v 0.054584 0.008335 0.073041
v 0.060166 0.015812 0.094414
v 0.055384 0.009491 0.071535
v 0.054786 0.008631 0.072568
v 0.072057 0.029087 0.075896
v 0.059153 0.014547 0.094432
v 0.070971 0.027963 0.074923
v 0.057461 0.012324 0.094381
v 0.056702 0.011310 0.094202
v 0.056079 0.010466 0.093838
v 0.068308 0.025142 0.073704
v 0.055664 0.009854 0.093288
v 0.055019 0.008979 0.092227
v 0.071096 0.027901 0.075121
v 0.071441 0.028307 0.075368
v 0.071644 0.028626 0.075493
v 0.072460 0.029475 0.076452
v 0.072725 0.029609 0.076912
v 0.073745 0.030522 0.079416
v 0.073318 0.030214 0.078175
v 0.070534 0.027493 0.074699
v 0.074160 0.031011 0.082150
v 0.074168 0.031242 0.082331
v 0.074244 0.031148 0.084005
v 0.066864 0.023456 0.073156
v 0.069047 0.025743 0.074150
v 0.067295 0.024012 0.073296
v 0.062311 0.018348 0.071047
v 0.062770 0.018881 0.071266
v 0.067598 0.024218 0.073499
v 0.068480 0.025208 0.073878
v 0.064558 0.020898 0.072109
v 0.064923 0.021213 0.072310
v 0.069062 0.025930 0.074067
v 0.065676 0.022220 0.072571
v 0.065714 0.022116 0.072661
v 0.066161 0.022641 0.072859
v 0.061825 0.017722 0.070846
v 0.066469 0.023137 0.072886
v 0.057659 0.012578 0.069994
v 0.054268 0.007539 0.075161
v 0.059272 0.014406 0.070060
v 0.057600 0.012264 0.070184
v 0.054105 0.007444 0.075536
v 0.054021 0.007328 0.076073
v 0.058984 0.014185 0.069985
v 0.057284 0.012073 0.070122
v 0.057019 0.011611 0.070327
v 0.056790 0.011441 0.070272
v 0.058440 0.013474 0.069990
v 0.058156 0.013051 0.070043
v 0.056086 0.010223 0.071079
v 0.055763 0.009823 0.071371
v 0.055418 0.009392 0.071763
v 0.055289 0.009063 0.072148
v 0.055052 0.008994 0.072118
v 0.054916 0.008663 0.072644
v 0.054331 0.007923 0.073960
v 0.054580 0.008232 0.073359
v 0.054140 0.007663 0.074589
v 0.054493 0.007967 0.073944
v 0.054312 0.007710 0.074602
v 0.061009 0.016799 0.070438
v 0.060859 0.016480 0.070444
v 0.060449 0.016131 0.070207
v 0.060439 0.015878 0.070311
v 0.059978 0.015552 0.070064
v 0.059860 0.015163 0.070157
v 0.053730 0.007054 0.078544
v 0.073170 0.028946 0.076683
v 0.074308 0.029992 0.078954
v 0.074770 0.030615 0.083360
v 0.074368 0.030245 0.080113
v 0.074963 0.030654 0.083392
v 0.074771 0.030480 0.081506
v 0.074698 0.030534 0.082161
v 0.074814 0.030584 0.082784
v 0.071220 0.026874 0.074877
v 0.069173 0.024536 0.073845
v 0.065436 0.020567 0.072285
v 0.054500 0.006635 0.077480
v 0.061327 0.015749 0.070417
v 0.059901 0.013866 0.069955
v 0.057849 0.011448 0.070275
v 0.056655 0.009851 0.071021
v 0.059413 0.013430 0.070025
v 0.058753 0.012416 0.069936
v 0.058864 0.012774 0.070047
v 0.058077 0.011602 0.070149
v 0.055528 0.008198 0.072644
v 0.055052 0.007428 0.073961
v 0.054730 0.006918 0.075420
v 0.057139 0.010483 0.070636
v 0.055769 0.008706 0.072105
v 0.054755 0.007102 0.075094
v 0.045785 0.043582 0.070688
v 0.050456 0.035320 0.068481
v 0.050769 0.036184 0.070017
v 0.050697 0.035739 0.068608
v 0.050888 0.036240 0.068704
v 0.050909 0.036683 0.068876
v 0.050807 0.037059 0.070270
v 0.050482 0.037942 0.070408
v 0.050533 0.038040 0.069074
v 0.049003 0.039945 0.070595
v 0.049843 0.034560 0.069552
v 0.048426 0.033126 0.067553
v 0.046455 0.031246 0.066680
v 0.046318 0.031077 0.067957
v 0.046762 0.031490 0.066882
v 0.044278 0.030858 0.067467
v 0.044621 0.031076 0.066270
v 0.045144 0.030951 0.066357
v 0.045794 0.030980 0.066502
v 0.031548 0.043286 0.067510
v 0.032741 0.042390 0.067521
v 0.033997 0.041889 0.066221
v 0.033895 0.041432 0.067593
v 0.034772 0.041236 0.066171
v 0.034994 0.040513 0.067605
v 0.035760 0.040382 0.066215
v 0.035712 0.039849 0.067653
v 0.036553 0.039663 0.066241
v 0.036615 0.039014 0.067669
v 0.038223 0.038059 0.066284
v 0.039712 0.036498 0.066238
v 0.040356 0.035792 0.066244
v 0.041166 0.034265 0.067547
v 0.041211 0.034810 0.066242
v 0.042054 0.033156 0.067545
v 0.050816 0.037548 0.068931
v 0.050583 0.038200 0.068956
v 0.050312 0.038511 0.069016
v 0.050949 0.035785 0.068486
v 0.050890 0.037074 0.068911
v 0.051150 0.036980 0.068762
v 0.049933 0.034613 0.068154
v 0.039607 0.036389 0.066010
v 0.039923 0.036183 0.066093
v 0.040587 0.035460 0.066104
v 0.043598 0.031818 0.066167
v 0.041663 0.034269 0.066222
v 0.041500 0.034323 0.066033
v 0.041912 0.033925 0.066123
v 0.038841 0.037424 0.066226
v 0.038166 0.038007 0.066074
v 0.039263 0.036941 0.066144
v 0.038739 0.037365 0.066039
v 0.048716 0.033313 0.067547
v 0.047348 0.031816 0.066863
v 0.047220 0.031876 0.066962
v 0.047875 0.032496 0.067198
v 0.046384 0.030954 0.066448
v 0.045867 0.030899 0.066366
v 0.044929 0.030846 0.066102
v 0.044034 0.031402 0.066154
v 0.047825 0.041339 0.070639
v 0.050464 0.038180 0.070681
v 0.049588 0.039355 0.070746
v 0.046810 0.042490 0.070700
v 0.048408 0.040737 0.070738
v 0.046285 0.043240 0.070910
v 0.045437 0.044019 0.070812
v 0.050519 0.035547 0.069914
v 0.047417 0.041939 0.070843
v 0.044689 0.044703 0.070681
v 0.049955 0.038755 0.070479
v 0.045419 0.030680 0.067783
v 0.044680 0.030684 0.067625
v 0.043727 0.031131 0.067515
v 0.043279 0.031554 0.067512
v 0.041114 0.034140 0.067698
v 0.042695 0.032334 0.067519
v 0.040526 0.034930 0.067652
v 0.040237 0.034988 0.067795
v 0.041956 0.033005 0.067705
v 0.041605 0.033202 0.067775
v 0.039592 0.035995 0.067659
v 0.040832 0.034095 0.067813
v 0.042628 0.032137 0.067670
v 0.042028 0.047305 0.069206
v 0.043947 0.045551 0.069148
v 0.035542 0.050585 0.068585
v 0.037874 0.050522 0.070438
v 0.038451 0.050278 0.069104
v 0.038708 0.049988 0.070456
v 0.039302 0.049664 0.069084
v 0.039823 0.049189 0.069175
v 0.039995 0.048954 0.070537
v 0.040948 0.048248 0.069188
v 0.041133 0.048005 0.070644
v 0.048517 0.074090 0.084800
v 0.055923 0.067697 0.084800
v 0.039199 0.049923 0.068966
v 0.040276 0.049200 0.068963
v 0.042887 0.046664 0.069045
v 0.040206 0.049016 0.069023
v 0.039609 0.049602 0.068976
v 0.038347 0.050674 0.068924
v 0.043825 0.046011 0.068977
v 0.043985 0.045667 0.069024
v 0.043527 0.046157 0.069006
v 0.043192 0.046279 0.069130
v 0.042623 0.047109 0.068980
v 0.042288 0.047169 0.069073
v 0.041668 0.047965 0.068977
v 0.041799 0.047611 0.069061
v 0.041251 0.048097 0.069057
v 0.040802 0.048502 0.069037
v 0.053415 0.070009 0.081103
v 0.052306 0.071215 0.082083
v 0.054745 0.064070 0.076121
v 0.055814 0.064277 0.076785
v 0.054368 0.067906 0.078712
v 0.055650 0.060365 0.074935
v 0.045478 0.071001 0.075605
v 0.041710 0.074410 0.075816
v 0.053541 0.069177 0.079468
v 0.051746 0.061622 0.074204
v 0.039661 0.080797 0.080802
v 0.043725 0.065860 0.073549
v 0.045532 0.067914 0.074509
v 0.056321 0.056821 0.074019
v 0.040677 0.073210 0.075032
v 0.050380 0.072982 0.083188
v 0.039392 0.080380 0.079272
v 0.052695 0.065051 0.075709
v 0.051870 0.067905 0.076805
v 0.038984 0.079937 0.078227
v 0.038199 0.070366 0.073644
v 0.038398 0.079721 0.077600
v 0.038211 0.078970 0.076892
v 0.038762 0.072576 0.074379
v 0.037315 0.078578 0.076295
v 0.042042 0.075643 0.076589
v 0.035908 0.077209 0.075261
v 0.050779 0.064997 0.075020
v 0.049364 0.073346 0.080749
v 0.034403 0.075951 0.074507
v 0.032930 0.074285 0.073760
v 0.044826 0.077485 0.084198
v 0.043448 0.078347 0.082274
v 0.049499 0.071210 0.077713
v 0.057820 0.066279 0.082085
v 0.035990 0.051035 0.068540
v 0.037359 0.038731 0.066028
v 0.036751 0.039284 0.066017
v 0.048799 0.073267 0.079529
v 0.035954 0.040050 0.066032
v 0.031157 0.032741 0.063398
v 0.030125 0.033716 0.063396
v 0.048397 0.061577 0.073429
v 0.034832 0.040998 0.065999
v 0.055819 0.068242 0.083103
v 0.027591 0.056524 0.068256
v 0.057224 0.065861 0.079530
v 0.024744 0.045031 0.064884
v 0.048470 0.072963 0.078668
v 0.056158 0.065817 0.078218
v 0.032400 0.054064 0.068548
v 0.056301 0.067425 0.081105
v 0.018258 0.060798 0.067758
v 0.046927 0.071495 0.076422
v 0.055548 0.065599 0.077520
v 0.023851 0.059483 0.068342
v 0.020658 0.040220 0.062947
v 0.012713 0.043350 0.062153
v 0.011871 0.049368 0.063558
v 0.010775 0.043871 0.061911
v 0.008841 0.044300 0.061658
v 0.003649 0.046687 0.061382
v 0.054356 0.068856 0.080242
v 0.001292 0.048716 0.061557
v 0.046207 0.076077 0.081411
v 0.043509 0.077735 0.080100
v 0.044890 0.076398 0.079533
v 0.042548 0.078760 0.081022
v 0.046677 0.072676 0.077027
v 0.044576 0.075609 0.078089
v 0.042091 0.078300 0.079119
v 0.042376 0.077498 0.078306
v 0.041893 0.076990 0.077440
v 0.034773 0.050344 0.068139
v 0.027339 0.035974 0.063311
v 0.032420 0.047930 0.067124
v 0.031277 0.046874 0.066629
v 0.030856 0.045804 0.066312
v 0.030856 0.044885 0.066094
v 0.022809 0.039013 0.063082
v 0.025215 0.037483 0.063212
v 0.026281 0.036743 0.063261
v 0.021798 0.039598 0.063016
v 0.019375 0.040775 0.062782
v 0.018382 0.041298 0.062742
v 0.044161 0.076558 0.078867
v 0.039963 0.080949 0.082743
v 0.036302 0.039817 0.066098
v 0.035377 0.040657 0.066098
v 0.033916 0.041834 0.066022
v 0.031422 0.043780 0.065949
v 0.037521 0.038739 0.066189
v 0.037031 0.039209 0.066189
v 0.034294 0.041574 0.066075
v 0.034557 0.050299 0.069969
v 0.036706 0.051156 0.070611
v 0.039219 0.049863 0.070862
v 0.041757 0.047748 0.070954
v 0.043100 0.046630 0.071016
v 0.043730 0.045638 0.070651
v 0.043867 0.045807 0.070991
v 0.043997 0.045455 0.070809
v 0.035273 0.050732 0.070211
v 0.044506 0.045064 0.070920
v 0.035516 0.050608 0.070077
v 0.039549 0.049418 0.070735
v 0.040333 0.048781 0.070781
v 0.034727 0.050189 0.069884
v 0.034604 0.049874 0.069519
v 0.035524 0.050494 0.069793
v 0.041464 0.047816 0.070814
v 0.036429 0.050963 0.070429
v 0.042187 0.047176 0.070834
v 0.036109 0.050742 0.069998
v 0.042503 0.046790 0.070666
v 0.036519 0.050827 0.070195
v 0.042990 0.046470 0.070869
v 0.037438 0.050805 0.070591
v 0.037179 0.050779 0.070355
v 0.038344 0.050422 0.070764
v 0.033203 0.048493 0.067612
v 0.031080 0.046318 0.067941
v 0.031483 0.046755 0.066881
v 0.030719 0.045456 0.067691
v 0.031009 0.045886 0.066555
v 0.030937 0.045233 0.066378
v 0.030683 0.044697 0.067626
v 0.030834 0.044137 0.067618
v 0.031124 0.043737 0.067516
v 0.030626 0.074702 0.083289
v 0.031097 0.074227 0.083239
v 0.027059 0.071376 0.074962
v 0.027095 0.070348 0.074728
v 0.030814 0.074545 0.084800
v 0.027902 0.071105 0.075127
v 0.028535 0.071753 0.075647
v 0.029013 0.072206 0.076135
v 0.028850 0.073003 0.076553
v 0.029488 0.072693 0.076831
v 0.029220 0.073301 0.077122
v 0.029797 0.072932 0.077286
v 0.030025 0.073233 0.077893
v 0.029675 0.073712 0.078058
v 0.030335 0.073420 0.078479
v 0.030258 0.074358 0.080140
v 0.030534 0.074537 0.081684
v 0.030959 0.074112 0.081694
v 0.031024 0.074177 0.082371
v 0.017446 0.062708 0.071042
v 0.018796 0.063887 0.071573
v 0.021177 0.064928 0.072314
v 0.022763 0.066320 0.072946
v 0.022477 0.067111 0.073060
v 0.024467 0.068996 0.073872
v 0.011595 0.057970 0.070224
v 0.012329 0.058527 0.070084
v 0.013306 0.058405 0.070042
v 0.012805 0.058885 0.070041
v 0.007067 0.054003 0.079027
v 0.006796 0.054316 0.078200
v 0.006823 0.054271 0.078800
v 0.006544 0.054516 0.078200
v 0.014105 0.059025 0.070034
v 0.013646 0.059570 0.070033
v 0.006647 0.054512 0.077289
v 0.015081 0.059790 0.070138
v 0.014375 0.060117 0.070112
v 0.006785 0.054582 0.076379
v 0.007363 0.054187 0.075807
v 0.006896 0.054663 0.075766
v 0.016043 0.060524 0.070329
v 0.015658 0.061257 0.070387
v 0.007510 0.054341 0.075134
v 0.007749 0.054507 0.074384
v 0.007853 0.055307 0.073170
v 0.008197 0.054730 0.073437
v 0.008197 0.055524 0.072649
v 0.008643 0.055048 0.072683
v 0.009188 0.055478 0.071966
v 0.008800 0.055887 0.071951
v 0.009874 0.055844 0.071346
v 0.009175 0.056221 0.071502
v 0.009782 0.056612 0.071067
v 0.010581 0.056436 0.070849
v 0.010468 0.057135 0.070638
v 0.011470 0.057029 0.070424
v 0.011182 0.057674 0.070339
v 0.000727 0.044979 0.060680
v -0.000833 0.044773 0.060552
v -0.002015 0.046861 0.060812
v -0.003159 0.046302 0.060675
v -0.004535 0.045622 0.060607
v 0.004223 0.044962 0.061053
v 0.003468 0.044954 0.060931
v -0.005818 0.044916 0.060660
v 0.002472 0.045025 0.060849
v 0.001675 0.045029 0.060772
v -0.007005 0.044448 0.060835
v -0.000400 0.047232 0.061002
v -0.008386 0.043884 0.061219
v -0.009498 0.043419 0.061742
v -0.010276 0.043127 0.062249
v 0.021537 0.065237 0.069721
v 0.023078 0.065816 0.069939
v 0.020949 0.063783 0.069040
v 0.020857 0.064288 0.069256
v 0.018376 0.063967 0.070670
v 0.019970 0.064056 0.069245
v 0.018766 0.064030 0.070067
v 0.018477 0.063156 0.069014
v 0.018819 0.063789 0.069575
v 0.019243 0.062853 0.068606
v 0.018048 0.061347 0.067921
v 0.017862 0.062104 0.068314
v 0.016980 0.061788 0.068326
v 0.039559 0.081103 0.082281
v 0.017451 0.062596 0.068998
v 0.016784 0.062328 0.069229
v 0.016918 0.061012 0.067766
v 0.015826 0.060717 0.067768
v 0.015295 0.061162 0.068778
v 0.014518 0.058591 0.066615
v 0.015955 0.061257 0.068284
v 0.015013 0.060672 0.068180
v 0.013399 0.059887 0.068754
v 0.014631 0.059460 0.067081
v 0.013874 0.059529 0.067410
v 0.013756 0.059913 0.068139
v 0.013775 0.058588 0.066635
v 0.039134 0.081211 0.082610
v 0.012090 0.058876 0.068254
v 0.012431 0.058109 0.066557
v 0.012825 0.056308 0.065626
v 0.037154 0.080829 0.082071
v 0.012013 0.057430 0.066099
v 0.035838 0.080252 0.082136
v 0.012241 0.058702 0.067473
v 0.011477 0.057866 0.066749
v 0.035109 0.079853 0.082379
v 0.010165 0.055216 0.064967
v 0.010437 0.057646 0.067638
v 0.010222 0.056493 0.065769
v 0.009578 0.055745 0.065296
v 0.010541 0.057493 0.066984
v 0.009670 0.056551 0.066100
v 0.008464 0.056223 0.066897
v 0.010303 0.055813 0.065264
v 0.008216 0.053626 0.064161
v 0.008745 0.056209 0.066336
v 0.008058 0.055456 0.065582
v 0.008326 0.055179 0.065116
v 0.006813 0.054605 0.065132
v 0.005750 0.052150 0.063360
v 0.007101 0.054421 0.064757
v 0.006091 0.051474 0.063144
v 0.007169 0.055142 0.065816
v 0.006907 0.053659 0.064176
v 0.005792 0.053330 0.064084
v 0.005682 0.054129 0.065214
v 0.005388 0.053581 0.064491
v 0.005013 0.053917 0.065698
v 0.001127 0.049355 0.061785
v 0.001764 0.051377 0.063246
v 0.001042 0.051317 0.063614
v -0.000823 0.050496 0.063769
v 0.001324 0.051665 0.064191
v 0.003992 0.052796 0.064138
v 0.038419 0.081164 0.082333
v 0.004525 0.053408 0.064847
v 0.004156 0.052574 0.063782
v 0.038016 0.080942 0.080814
v 0.002725 0.050632 0.062490
v 0.004068 0.051983 0.063277
v 0.038964 0.081006 0.080762
v 0.003320 0.052687 0.064470
v 0.038943 0.080710 0.079599
v 0.002768 0.052095 0.063772
v 0.037252 0.080631 0.079957
v 0.002327 0.052273 0.064688
v 0.002085 0.051053 0.062806
v 0.038025 0.080674 0.079388
v 0.036058 0.080245 0.080472
v 0.037123 0.080421 0.079102
v 0.038663 0.080380 0.078669
v 0.034998 0.079739 0.081368
v 0.037460 0.080246 0.078344
v 0.038007 0.079918 0.077704
v 0.037401 0.079143 0.076729
v 0.036750 0.078382 0.076019
v 0.034939 0.078584 0.076494
v 0.034087 0.078362 0.076989
v 0.034569 0.078973 0.077934
v 0.032713 0.077031 0.075985
v 0.037138 0.079829 0.077575
v 0.033450 0.077433 0.075855
v 0.033149 0.076789 0.075162
v 0.035393 0.077512 0.075317
v 0.033069 0.077786 0.077410
v 0.035548 0.079800 0.079071
v 0.032274 0.076986 0.076821
v 0.033776 0.076078 0.074480
v 0.031729 0.076447 0.076372
v 0.035670 0.079577 0.077976
v 0.036338 0.079660 0.077563
v 0.031651 0.075557 0.074648
v 0.036629 0.079328 0.076891
v 0.031087 0.075800 0.076087
v 0.030245 0.074652 0.074789
v 0.031896 0.074246 0.073613
v 0.031621 0.074942 0.074022
v 0.031751 0.074615 0.073782
v 0.030199 0.073990 0.073808
v 0.030274 0.074999 0.075646
v 0.028995 0.073175 0.073775
v 0.029573 0.071766 0.072560
v 0.028532 0.073008 0.074092
v 0.030153 0.073194 0.073172
v 0.030178 0.073595 0.073438
v 0.034840 0.078120 0.075885
v 0.028671 0.072526 0.073187
v 0.028049 0.071282 0.072373
v 0.027619 0.071329 0.072556
v 0.035709 0.078423 0.075989
v 0.027571 0.071889 0.073314
v 0.026394 0.070542 0.072490
v 0.034336 0.077074 0.075033
v 0.026558 0.068326 0.071139
v 0.025903 0.070450 0.072904
v 0.024801 0.069722 0.073287
v 0.025533 0.068161 0.070973
v 0.032942 0.076281 0.074698
v 0.026128 0.069686 0.071750
v 0.024924 0.069010 0.071691
v 0.032984 0.075871 0.074381
v 0.026320 0.069285 0.071465
v 0.024808 0.068386 0.071159
v 0.024129 0.068080 0.071165
v 0.024442 0.069111 0.072364
v 0.023724 0.068237 0.071680
v 0.022503 0.066855 0.070786
v 0.022309 0.067134 0.071444
v 0.022753 0.066513 0.070337
v 0.023443 0.066669 0.070321
v 0.020531 0.065494 0.070617
v 0.020518 0.065141 0.070073
v 0.021040 0.065251 0.069886
v 0.029304 0.072081 0.072671
v 0.034855 0.079594 0.080592
v 0.034686 0.079422 0.079920
v 0.034408 0.079139 0.079167
v 0.034158 0.078887 0.078703
v 0.033829 0.078554 0.078231
v 0.033431 0.078150 0.077774
v 0.030444 0.074749 0.081056
v 0.030548 0.074856 0.081893
v 0.028862 0.073217 0.076482
v 0.031807 0.076148 0.084200
v 0.032644 0.077086 0.080691
v 0.029944 0.074258 0.078807
v 0.030800 0.075169 0.078106
v 0.030592 0.074896 0.082425
v 0.029311 0.074039 0.075184
v 0.027756 0.072197 0.075320
v 0.029407 0.073740 0.077373
v 0.029905 0.074381 0.076307
v 0.030384 0.074701 0.080385
v 0.028236 0.072643 0.075725
v 0.015024 0.061169 0.069386
v 0.015990 0.061694 0.070399
v 0.018537 0.063807 0.071411
v 0.020873 0.066138 0.071677
v 0.020525 0.065542 0.072199
v 0.022439 0.067246 0.072985
v 0.026791 0.071322 0.074758
v 0.024534 0.069172 0.073840
v -0.004020 0.048881 0.063910
v 0.006728 0.054683 0.075603
v 0.004893 0.053653 0.068001
v 0.004848 0.053525 0.071295
v 0.002607 0.052310 0.067227
v 0.015414 0.061215 0.070221
v 0.014801 0.060702 0.070085
v 0.013704 0.059791 0.069915
v 0.013259 0.059443 0.069873
v 0.001189 0.051466 0.069476
v 0.003323 0.052609 0.073339
v 0.010821 0.057662 0.068913
v 0.011208 0.057851 0.070138
v 0.005244 0.053731 0.078200
v 0.006439 0.054494 0.077304
v 0.010412 0.057255 0.070452
v 0.008375 0.055837 0.069937
v 0.009690 0.056733 0.070869
v 0.006935 0.055013 0.067601
v 0.008160 0.055654 0.072347
v 0.006338 0.054445 0.071952
v 0.007663 0.055310 0.073110
v 0.001826 0.051768 0.078199
v -0.001300 0.050188 0.071607
v -0.004662 0.048604 0.071082
v -0.006612 0.047692 0.065799
v -0.008914 0.046704 0.068371
v 0.006955 0.054829 0.074818
v -0.004298 0.048775 0.078200
v -0.000751 0.050447 0.078200
v -0.009338 0.046535 0.078200
v -0.011080 0.045196 0.065304
v -0.009577 0.046075 0.064920
v -0.013219 0.042770 0.066666
v -0.012258 0.044408 0.065984
v -0.011495 0.045225 0.066832
v -0.009882 0.046111 0.066245
v -0.013367 0.042535 0.067612
v -0.012096 0.044757 0.066803
v -0.013461 0.042521 0.068807
v -0.012710 0.044324 0.067619
v -0.013435 0.042771 0.067968
v -0.013423 0.043253 0.068486
v -0.013282 0.043209 0.067114
v -0.013050 0.043790 0.067219
v -0.011484 0.045369 0.068044
v -0.012240 0.044890 0.068749
v -0.013178 0.043857 0.068625
v -0.012874 0.044297 0.069027
v -0.009257 0.046524 0.067610
v -0.011031 0.045704 0.069170
v -0.001199 0.047925 0.061133
v 0.000415 0.049772 0.062024
v -0.001697 0.048935 0.061764
v -0.000525 0.049982 0.062396
v -0.002224 0.048127 0.061326
v -0.002329 0.048944 0.061996
v -0.003865 0.047694 0.061466
v -0.003848 0.046765 0.060873
v -0.005505 0.045650 0.060741
v -0.001830 0.049684 0.062744
v -0.003640 0.048653 0.062434
v -0.005996 0.046548 0.061445
v -0.000600 0.050456 0.063215
v -0.007464 0.044729 0.060986
v -0.005869 0.046042 0.061020
v -0.007505 0.045497 0.061384
v -0.007639 0.045057 0.061174
v -0.007919 0.045975 0.062150
v -0.009299 0.044861 0.062051
v -0.008751 0.044140 0.061380
v -0.009323 0.044322 0.061726
v -0.009879 0.043792 0.061933
v -0.009934 0.044261 0.062134
v -0.004143 0.048652 0.063037
v -0.009440 0.045353 0.062808
v -0.010835 0.043331 0.062615
v -0.006081 0.047836 0.064104
v -0.010773 0.043930 0.062686
v -0.011592 0.043015 0.063397
v -0.010707 0.044491 0.063115
v -0.011493 0.043872 0.063502
v -0.010431 0.045042 0.063588
v -0.011899 0.042715 0.063872
v -0.012242 0.042911 0.064287
v -0.011357 0.043426 0.063125
v -0.012120 0.043291 0.064090
v -0.012184 0.043674 0.064433
v -0.011490 0.044499 0.064307
v -0.012492 0.042533 0.064902
v -0.012558 0.043262 0.064887
v -0.012809 0.043623 0.065860
v -0.012205 0.044030 0.064943
v -0.012870 0.042411 0.065840
v -0.012975 0.043228 0.065927
v -0.012827 0.042871 0.065406
v -0.004701 0.047724 0.061901
v -0.005332 0.047623 0.062261
v -0.007669 0.046563 0.062861
v -0.007534 0.046910 0.063571
v -0.009716 0.045716 0.063964
v -0.013596 0.043034 0.072960
v -0.011995 0.045181 0.078199
v -0.010959 0.045789 0.078199
v -0.013599 0.042540 0.072483
v -0.012785 0.044519 0.073818
v -0.012218 0.044993 0.073202
v -0.013699 0.042908 0.078200
v -0.013504 0.043545 0.075713
v -0.013159 0.044127 0.075639
v -0.013436 0.043562 0.072748
v -0.013662 0.042997 0.075787
v -0.013219 0.043968 0.072975
v -0.013521 0.043548 0.078200
v -0.011381 0.045541 0.073392
v -0.010367 0.046082 0.073112
v -0.013237 0.044039 0.078200
v -0.013672 0.042466 0.075348
v -0.012715 0.044619 0.078200
v -0.013231 0.043242 0.078800
v -0.013253 0.043335 0.078200
v -0.012448 0.044365 0.078800
v -0.012519 0.044353 0.078200
v -0.010616 0.045596 0.078200
v -0.010401 0.045634 0.078800
v -0.002497 0.049154 0.078800
v -0.001356 0.049755 0.078200
v 0.003888 0.052431 0.078800
v 0.004239 0.052705 0.078200
v 0.035535 0.079690 0.084800
v 0.037752 0.080704 0.084800
v 0.039522 0.080853 0.084800
v 0.030769 0.074590 0.084200
v 0.029717 0.072658 0.093124
v 0.030119 0.073047 0.092564
v 0.030189 0.073102 0.093763
v 0.011645 0.056937 0.070184
v 0.030783 0.073683 0.092811
v 0.030520 0.073436 0.091760
v 0.031160 0.074054 0.091939
v 0.010417 0.056047 0.093797
v 0.031522 0.074380 0.090731
v 0.014452 0.059109 0.069921
v 0.014961 0.059510 0.069968
v 0.015552 0.059978 0.070064
v 0.031661 0.074527 0.090022
v 0.016131 0.060449 0.070207
v 0.031100 0.074042 0.088973
v 0.012341 0.057460 0.094420
v 0.016780 0.060972 0.070388
v 0.031842 0.074707 0.088724
v 0.031188 0.074126 0.088199
v 0.017331 0.061425 0.070582
v 0.031916 0.074784 0.087909
v 0.031284 0.074208 0.087206
v 0.014142 0.058845 0.094402
v 0.031278 0.074226 0.086247
v 0.016365 0.060623 0.094395
v 0.031333 0.074262 0.084573
v 0.032023 0.074902 0.085105
v 0.031330 0.074252 0.083757
v 0.017879 0.061873 0.094409
v 0.031907 0.074793 0.081986
v 0.031274 0.074207 0.082956
v 0.019529 0.063278 0.094401
v 0.031133 0.074055 0.081148
v 0.023623 0.066859 0.094800
v 0.007338 0.053917 0.075689
v 0.031543 0.074425 0.079585
v 0.021800 0.065273 0.094378
v 0.007599 0.054087 0.074743
v 0.007962 0.054326 0.073764
v 0.031095 0.073980 0.077999
v 0.023495 0.066794 0.094398
v 0.008886 0.054943 0.071959
v 0.027281 0.070334 0.074617
v 0.027911 0.070924 0.074902
v 0.030334 0.073286 0.078063
v 0.029961 0.072903 0.077146
v 0.030706 0.073595 0.077025
v 0.025196 0.068397 0.094323
v 0.028573 0.071563 0.075390
v 0.030254 0.073165 0.076178
v 0.029094 0.072038 0.074742
v 0.029643 0.072570 0.075318
v 0.027619 0.070634 0.094331
v 0.010349 0.055997 0.070842
v 0.029006 0.071953 0.094763
v 0.028440 0.071421 0.094079
v 0.029099 0.072059 0.093707
v 0.031396 0.074157 0.078755
v 0.030577 0.073277 0.076566
v 0.030100 0.072727 0.075723
v 0.029448 0.072016 0.074895
v 0.032190 0.074796 0.084799
v 0.029933 0.072431 0.075402
v 0.030416 0.072928 0.076099
v 0.030953 0.073465 0.077077
v 0.031075 0.073638 0.077450
v 0.031416 0.073934 0.078299
v 0.031921 0.074507 0.080707
v 0.032021 0.074605 0.081418
v 0.032125 0.074717 0.082542
v 0.032182 0.074780 0.083857
v 0.031685 0.074262 0.079447
v 0.031777 0.074376 0.079937
v 0.028367 0.071467 0.075380
v 0.029040 0.072032 0.075891
v 0.029450 0.072412 0.076355
v 0.029465 0.072531 0.076594
v 0.030702 0.073636 0.079120
v 0.030103 0.073129 0.077723
v 0.030950 0.074019 0.081116
v 0.031208 0.074149 0.082162
v 0.031145 0.074241 0.083901
v 0.031132 0.074262 0.084778
v 0.027443 0.070658 0.074867
v 0.022103 0.065707 0.072658
v 0.018214 0.062285 0.071080
v 0.017722 0.061825 0.070846
v 0.022232 0.065682 0.072569
v 0.023048 0.066469 0.072971
v 0.019062 0.063084 0.071470
v 0.023450 0.066859 0.073154
v 0.024249 0.067596 0.073488
v 0.021501 0.065065 0.072320
v 0.024944 0.068298 0.073824
v 0.026720 0.069912 0.074519
v 0.012578 0.057659 0.069994
v 0.007651 0.054250 0.074789
v 0.012676 0.057906 0.070104
v 0.007457 0.054099 0.075463
v 0.012014 0.057304 0.070196
v 0.007328 0.054019 0.076074
v 0.012086 0.057514 0.070236
v 0.011422 0.056872 0.070397
v 0.010248 0.056062 0.071044
v 0.009788 0.055621 0.071318
v 0.009467 0.055507 0.071693
v 0.009120 0.055137 0.071946
v 0.009069 0.055242 0.072136
v 0.008724 0.054897 0.072532
v 0.008419 0.054699 0.073010
v 0.007927 0.054360 0.073974
v 0.007860 0.054426 0.074192
v 0.016850 0.061203 0.070592
v 0.007108 0.054050 0.077424
v 0.013917 0.058697 0.069903
v 0.013245 0.058174 0.069920
v 0.030291 0.074583 0.080252
v 0.030466 0.074639 0.081494
v 0.030614 0.074900 0.083029
v 0.030557 0.074705 0.082404
v 0.027916 0.072168 0.075533
v 0.029428 0.073673 0.077559
v 0.028376 0.072630 0.075987
v 0.029992 0.074089 0.079043
v 0.029123 0.073430 0.076937
v 0.020567 0.065436 0.072285
v 0.012512 0.058836 0.069922
v 0.012110 0.058535 0.069935
v 0.011650 0.058183 0.070029
v 0.008878 0.056156 0.071506
v 0.007955 0.055517 0.072641
v 0.007247 0.055032 0.073953
v 0.007464 0.055040 0.073963
v 0.014119 0.060106 0.069990
v 0.007106 0.054791 0.074979
v 0.006608 0.054591 0.076369
v 0.008484 0.055883 0.071914
v 0.037993 0.050558 0.069070
v 0.037515 0.050953 0.068863
v 0.038362 0.050491 0.068970
v 0.037183 0.050861 0.068949
v 0.036094 0.050842 0.068692
v 0.036862 0.051143 0.068739
v 0.036694 0.050920 0.068848
v 0.035076 0.050297 0.068356
v 0.034641 0.049973 0.068156
v 0.031893 0.047240 0.066965
v 0.031804 0.047330 0.066862
v 0.032916 0.048414 0.067341
v 0.033352 0.048736 0.067572
v 0.032581 0.047925 0.067265
v 0.031775 0.043632 0.066161
v 0.031241 0.046448 0.066677
v 0.031112 0.044520 0.066216
v 0.031382 0.044056 0.066225
v 0.031032 0.046431 0.068217
v 0.030471 0.044524 0.067779
v 0.030689 0.045823 0.068019
v 0.030519 0.045289 0.067909
v 0.001827 0.044809 0.060575
v 0.002761 0.044800 0.060595
v 0.006373 0.044349 0.060562
v 0.007871 0.044120 0.060564
v 0.010402 0.043600 0.060567
v 0.015471 0.042093 0.060576
v 0.018259 0.040935 0.060566
v 0.022471 0.038793 0.060571
v 0.023481 0.038179 0.060567
v 0.024696 0.037438 0.060578
v 0.025776 0.036722 0.060585
v 0.026724 0.035983 0.060566
v 0.027525 0.035428 0.060583
v 0.028483 0.034683 0.060593
v 0.029789 0.033507 0.060569
v 0.030627 0.032775 0.060575
v 0.033525 0.029717 0.060560
v 0.036117 0.026533 0.060566
v 0.038353 0.023200 0.060571
v 0.038942 0.022253 0.060580
v 0.039837 0.020572 0.060572
v 0.042410 0.014560 0.060573
v 0.043023 0.012587 0.060569
v 0.043865 0.009196 0.060564
v 0.044433 0.006335 0.060587
v 0.044537 0.005110 0.060570
v 0.044744 0.003627 0.060596
v 0.044807 0.002224 0.060583
v 0.044772 -0.000764 0.060553
v 0.041617 0.016990 0.060660
v 0.014123 0.042706 0.060705
v 0.041198 0.017763 0.060585
v 0.041438 0.017544 0.060752
v 0.040977 0.018560 0.060709
v 0.040740 0.018786 0.060584
v 0.012853 0.043104 0.060704
v 0.040525 0.019346 0.060615
v 0.011875 0.043245 0.060575
v 0.040182 0.020199 0.060687
v 0.039468 0.021479 0.060644
v 0.011596 0.043461 0.060705
v 0.010642 0.043652 0.060640
v 0.039469 0.021605 0.060729
v 0.010092 0.043839 0.060714
v 0.038403 0.023387 0.060673
v 0.037750 0.024458 0.060707
v 0.007571 0.044363 0.060762
v 0.037578 0.024518 0.060588
v 0.005870 0.044600 0.060710
v 0.004774 0.044721 0.060700
v 0.036841 0.025612 0.060587
v 0.036996 0.025585 0.060707
v 0.003474 0.044833 0.060688
v 0.036097 0.026826 0.060691
v 0.044901 0.003773 0.060921
v 0.035348 0.027805 0.060691
v 0.035205 0.027734 0.060568
v 0.044860 0.004320 0.061001
v 0.045005 0.001197 0.060723
v 0.044722 0.004779 0.060703
v 0.034116 0.029309 0.060692
v 0.034507 0.028699 0.060592
v 0.029862 0.033644 0.060717
v 0.030835 0.032771 0.060752
v 0.044599 0.005871 0.060708
v 0.028774 0.034590 0.060741
v 0.029294 0.034052 0.060629
v 0.044394 0.007240 0.060704
v 0.044184 0.007458 0.060562
v 0.044082 0.009024 0.060711
v 0.027458 0.035650 0.060744
v 0.044238 0.007943 0.060655
v 0.025886 0.036792 0.060713
v 0.043532 0.011333 0.060708
v 0.024664 0.037600 0.060682
v 0.023585 0.038290 0.060689
v 0.043283 0.012300 0.060746
v 0.043347 0.011691 0.060605
v 0.022521 0.038926 0.060691
v 0.042897 0.013586 0.060746
v 0.043026 0.012951 0.060644
v 0.021342 0.039588 0.060694
v 0.021308 0.039444 0.060571
v 0.042473 0.014858 0.060746
v 0.042625 0.014214 0.060644
v 0.019900 0.040324 0.060677
v 0.020128 0.040059 0.060570
v 0.042011 0.016117 0.060746
v 0.042188 0.015464 0.060644
v 0.018646 0.040918 0.060676
v 0.041790 0.016350 0.060590
v 0.017573 0.041400 0.060694
v 0.016634 0.041641 0.060574
v 0.016627 0.041772 0.060675
v 0.015770 0.042136 0.060724
v 0.032269 0.031368 0.060745
v 0.032657 0.030743 0.060570
v 0.014475 0.042448 0.060577
v 0.013149 0.042875 0.060575
v 0.007951 0.044239 0.060657
v 0.006665 0.044448 0.060654
v 0.005109 0.044539 0.060571
v 0.015046 0.042394 0.060717
v 0.029130 0.034465 0.063277
v 0.028146 0.035301 0.063302
v 0.043863 0.010457 0.061807
v 0.043487 0.011896 0.061960
v 0.006262 0.044597 0.061160
v 0.044153 0.009055 0.061585
v 0.029940 0.033759 0.063294
v 0.008148 0.044311 0.061446
v 0.044590 0.006273 0.061131
v 0.031774 0.032036 0.063309
v 0.032779 0.031037 0.063337
v 0.010149 0.043904 0.061721
v 0.011535 0.043595 0.061951
v 0.033622 0.030127 0.063340
v 0.012533 0.043298 0.062011
v 0.034353 0.029245 0.063275
v 0.035038 0.028419 0.063252
v 0.035771 0.027489 0.063221
v 0.036456 0.026573 0.063189
v 0.016116 0.042144 0.062470
v 0.037226 0.025465 0.063109
v 0.017231 0.041703 0.062580
v 0.019532 0.040648 0.062729
v 0.039952 0.020930 0.062848
v 0.020892 0.039979 0.062854
v 0.040494 0.019852 0.062756
v 0.022818 0.038904 0.062960
v 0.041475 0.017682 0.062553
v 0.023971 0.038252 0.063109
v 0.041929 0.016576 0.062455
v 0.024852 0.037642 0.063081
v 0.042334 0.015500 0.062347
v 0.025861 0.036956 0.063126
v 0.026940 0.036179 0.063172
v 0.043067 0.013328 0.062110
v 0.004407 0.044824 0.060963
v 0.006270 0.044740 0.061315
v 0.015190 0.042524 0.062408
v 0.013798 0.042921 0.062161
v 0.013984 0.042961 0.062292
v 0.010727 0.043788 0.061811
v 0.008988 0.044160 0.061576
v 0.030993 0.032772 0.063260
v 0.029175 0.034537 0.063381
v 0.021944 0.039418 0.062944
v 0.044711 0.006295 0.061309
v 0.042525 -0.013716 0.078800
v 0.045394 -0.011676 0.078800
v 0.054483 0.006558 0.078801
v 0.053534 0.004918 0.078800
v 0.051460 0.001247 0.078800
v 0.043666 -0.013483 0.078800
v 0.049319 -0.003113 0.078800
v 0.046170 -0.010171 0.078800
v 0.081229 0.038343 0.084800
v 0.081297 0.039024 0.084803
v 0.081099 0.039890 0.084800
v 0.080970 0.037353 0.084801
v 0.080452 0.036124 0.084802
v 0.079978 0.035252 0.084800
v 0.076175 0.046509 0.084800
v 0.074876 0.030603 0.084800
v 0.072252 0.051353 0.084800
v 0.065387 0.059017 0.084800
v 0.058419 0.065946 0.084800
v 0.051374 0.072224 0.084800
v 0.043914 0.078185 0.084801
v 0.039857 0.081117 0.084800
v 0.039254 0.081274 0.084800
v 0.038461 0.081247 0.084800
v 0.037456 0.081003 0.084801
v 0.035336 0.080076 0.084800
v 0.031754 0.076098 0.084800
v 0.030612 0.074842 0.084800
v -0.013716 0.042525 0.078800
v -0.011403 0.045547 0.078800
v 0.006558 0.054483 0.078801
v 0.004918 0.053534 0.078800
v -0.013483 0.043666 0.078800
v 0.001275 0.051475 0.078800
v -0.003114 0.049318 0.078800
v -0.008337 0.046963 0.078801
v 0.029205 0.071649 0.094791
v 0.046800 0.075872 0.087304
v 0.050413 0.072943 0.087346
v 0.050379 0.068600 0.095149
v 0.044820 0.077057 0.089778
v 0.044168 0.069932 0.096298
v 0.044180 0.076412 0.092691
v 0.038926 0.079488 0.093708
v 0.044625 0.076721 0.091414
v 0.042161 0.072836 0.096003
v 0.043242 0.078519 0.088002
v 0.039039 0.080052 0.092860
v 0.039285 0.080313 0.092112
v 0.048536 0.071337 0.094423
v 0.059497 0.064869 0.086384
v 0.039531 0.080583 0.091029
v 0.031866 0.073184 0.096774
v 0.029705 0.070786 0.096796
v 0.042924 0.073584 0.095594
v 0.039805 0.080745 0.089724
v 0.039921 0.080929 0.088039
v 0.049259 0.072058 0.093157
v 0.039949 0.081043 0.086043
v 0.045106 0.063562 0.096782
v 0.062616 0.044914 0.096796
v 0.062281 0.048166 0.096728
v 0.050117 0.062359 0.096605
v 0.060515 0.053575 0.096467
v 0.054949 0.069084 0.086389
v 0.059304 0.064902 0.088186
v 0.054878 0.069005 0.088173
v 0.053523 0.061483 0.096340
v 0.061017 0.055991 0.095986
v 0.033128 0.074186 0.096711
v 0.059270 0.064623 0.089854
v 0.055541 0.062742 0.095622
v 0.054805 0.068776 0.089838
v 0.062742 0.056561 0.095261
v 0.058260 0.061662 0.094982
v 0.049738 0.072511 0.091682
v 0.051135 0.065757 0.095929
v 0.058970 0.064370 0.091466
v 0.055518 0.067568 0.091536
v 0.034717 0.074680 0.096606
v 0.053597 0.069332 0.091422
v 0.062906 0.057983 0.094422
v 0.042641 0.074881 0.095118
v 0.057813 0.063208 0.094305
v 0.061920 0.060438 0.093148
v 0.054690 0.064654 0.095200
v 0.050032 0.072817 0.090110
v 0.056206 0.063606 0.095003
v 0.043288 0.075531 0.094412
v 0.062700 0.060720 0.091393
v 0.043825 0.076055 0.093532
v 0.058601 0.064055 0.092658
v 0.054174 0.068169 0.092656
v 0.054087 0.066705 0.094293
v 0.035091 0.075052 0.096525
v 0.058273 0.063688 0.093499
v 0.052775 0.066769 0.094994
v 0.035187 0.076312 0.096329
v 0.053827 0.067820 0.093499
v 0.052271 0.068271 0.094328
v 0.027702 0.071971 0.093923
v 0.028858 0.072092 0.093558
v 0.030633 0.074750 0.086152
v 0.031112 0.074260 0.085792
v 0.030629 0.074664 0.086954
v 0.028271 0.071437 0.093924
v 0.031063 0.074230 0.086923
v 0.030416 0.074518 0.089107
v 0.030887 0.074023 0.089198
v 0.030237 0.074313 0.090217
v 0.026742 0.071146 0.094161
v 0.030573 0.073699 0.090809
v 0.026919 0.070178 0.094213
v 0.025770 0.069149 0.094224
v 0.029720 0.073843 0.091856
v 0.029758 0.072969 0.092615
v 0.029304 0.073344 0.092662
v 0.029325 0.072541 0.093160
v 0.028892 0.072960 0.093165
v 0.007083 0.054712 0.087294
v 0.006922 0.054645 0.086370
v 0.006793 0.054601 0.085494
v 0.011848 0.058222 0.094200
v 0.012014 0.057501 0.094203
v 0.011380 0.057877 0.094161
v 0.006737 0.054524 0.084381
v 0.010760 0.057446 0.094059
v 0.011258 0.056869 0.094050
v 0.010541 0.056421 0.093726
v 0.009079 0.056178 0.092902
v 0.007836 0.055284 0.090597
v 0.007464 0.055030 0.089402
v 0.007350 0.054929 0.088859
v 0.007148 0.054856 0.088178
v -0.007270 0.044256 0.093512
v -0.009013 0.043669 0.092497
v -0.005644 0.044825 0.094230
v -0.003581 0.044712 0.094308
v -0.000209 0.045330 0.094315
v 0.012011 0.044578 0.094310
v 0.025564 0.038373 0.094311
v 0.032134 0.032928 0.094304
v 0.040811 0.021185 0.094308
v 0.043892 0.013361 0.094308
v 0.045174 -0.001133 0.094308
v 0.045053 0.009115 0.094287
v 0.045459 0.001097 0.094310
v 0.007967 0.046968 0.094449
v 0.010877 0.046870 0.094586
v 0.029717 0.038577 0.094892
v 0.025093 0.041651 0.094874
v 0.031692 0.040426 0.096104
v 0.026569 0.047936 0.096774
v 0.035561 0.038493 0.096487
v 0.018694 0.042262 0.094318
v 0.022530 0.041804 0.094525
v 0.008043 0.046292 0.094315
v 0.026812 0.039129 0.094507
v 0.025390 0.046901 0.096556
v 0.013158 0.047523 0.094991
v 0.003031 0.045543 0.094307
v 0.006531 0.045570 0.094263
v 0.028292 0.037443 0.094403
v 0.028825 0.045245 0.096660
v 0.030912 0.042813 0.096535
v 0.018424 0.043654 0.094510
v 0.018432 0.053238 0.096785
v 0.013476 0.054806 0.096782
v 0.013696 0.051524 0.096327
v 0.033073 0.043376 0.096789
v 0.017604 0.052080 0.096650
v 0.035296 0.040264 0.096711
v 0.016147 0.050737 0.096274
v 0.008254 0.047693 0.094732
v 0.024291 0.046551 0.096344
v 0.034158 0.034826 0.094914
v 0.032074 0.034907 0.094474
v 0.018711 0.047928 0.095912
v 0.022650 0.045746 0.095839
v 0.029461 0.045950 0.096776
v 0.025421 0.044570 0.095989
v 0.029508 0.042438 0.096193
v 0.020939 0.043912 0.094878
v 0.040625 0.035981 0.096784
v 0.014397 0.050585 0.096066
v 0.010667 0.048169 0.094926
v 0.002412 0.046796 0.094830
v 0.002797 0.046161 0.094482
v 0.010970 0.053106 0.096667
v 0.014903 0.053042 0.096665
v 0.011861 0.052419 0.096539
v 0.010972 0.050946 0.096162
v 0.007312 0.050817 0.096340
v 0.005510 0.049063 0.095755
v 0.011124 0.049908 0.095705
v 0.000362 0.047382 0.095546
v 0.059353 0.017054 0.096796
v 0.051647 0.020586 0.096773
v 0.022490 0.064131 0.096789
v 0.046764 0.028837 0.096789
v 0.013982 0.056880 0.096802
v 0.049620 0.024684 0.096790
v 0.064109 0.022462 0.096789
v 0.020150 0.062145 0.096785
v 0.054331 0.016174 0.096789
v 0.038197 0.078832 0.094707
v 0.035226 0.077444 0.095921
v 0.034873 0.077956 0.095499
v 0.037417 0.078519 0.095195
v 0.036389 0.078222 0.095522
v 0.033812 0.076871 0.095924
v 0.030571 0.075035 0.095079
v 0.036872 0.077820 0.095658
v 0.033943 0.076226 0.096302
v 0.032543 0.076097 0.095870
v 0.029689 0.074425 0.094585
v 0.036024 0.077090 0.096055
v 0.031076 0.074913 0.095821
v 0.032310 0.075346 0.096247
v 0.035164 0.079912 0.088270
v 0.032628 0.074870 0.096529
v 0.034172 0.075566 0.096511
v 0.036681 0.080558 0.090211
v 0.034920 0.079654 0.091144
v 0.031108 0.073539 0.096587
v 0.029686 0.073358 0.096036
v 0.029377 0.073508 0.095627
v 0.036074 0.080119 0.091960
v 0.034291 0.079024 0.092975
v 0.030303 0.073264 0.096426
v 0.034774 0.079289 0.093090
v 0.027794 0.071900 0.095705
v 0.034925 0.078979 0.094216
v 0.033921 0.078464 0.093952
v 0.038834 0.081267 0.086503
v 0.032956 0.077676 0.094000
v 0.036635 0.080657 0.087808
v 0.038096 0.081146 0.087167
v 0.037512 0.080936 0.088563
v 0.039442 0.081224 0.086468
v 0.038469 0.081074 0.089321
v 0.037844 0.080920 0.089923
v 0.039634 0.081084 0.087957
v 0.039079 0.081136 0.088762
v 0.039407 0.080962 0.089589
v 0.038165 0.080811 0.091044
v 0.037211 0.080487 0.091960
v 0.038881 0.080870 0.090745
v 0.035403 0.079511 0.093447
v 0.036494 0.080011 0.093125
v 0.037667 0.080247 0.093039
v 0.035633 0.079315 0.094202
v 0.036590 0.079702 0.093967
v 0.036919 0.079456 0.094428
v 0.033598 0.077877 0.094702
v 0.035825 0.078948 0.094847
v 0.034470 0.078215 0.095041
v 0.033538 0.077260 0.095467
v 0.038223 0.079421 0.094216
v 0.038472 0.079834 0.093623
v 0.032083 0.076201 0.095382
v 0.032555 0.077062 0.094644
v 0.029376 0.073822 0.095211
v 0.027624 0.072117 0.095237
v 0.028219 0.071673 0.096188
v 0.038000 0.080536 0.092218
v 0.038642 0.080580 0.091996
v 0.038506 0.080298 0.092783
v 0.037810 0.080021 0.093546
v 0.037389 0.079476 0.094414
v 0.036752 0.079002 0.094924
v 0.035996 0.078417 0.095369
v 0.009522 0.053283 0.096727
v 0.007460 0.051803 0.096597
v 0.005176 0.050491 0.096422
v 0.004051 0.049657 0.096264
v 0.001881 0.048321 0.095907
v -0.000660 0.047009 0.095439
v -0.001695 0.046397 0.095123
v -0.002761 0.045938 0.094879
v 0.032335 0.076825 0.092470
v 0.029102 0.073447 0.093007
v 0.029830 0.074174 0.092714
v 0.030539 0.074850 0.088635
v 0.030589 0.074898 0.087794
v 0.030639 0.074944 0.086904
v 0.031427 0.075781 0.090815
v 0.029775 0.074099 0.091871
v 0.029521 0.073977 0.093848
v 0.033116 0.077599 0.089689
v 0.030665 0.074968 0.086005
v 0.030037 0.074357 0.091129
v 0.027505 0.071985 0.094076
v 0.028226 0.072624 0.093769
v 0.026855 0.071387 0.094185
v 0.025883 0.070468 0.094236
v 0.024125 0.069110 0.094598
v 0.021506 0.066728 0.094600
v 0.019388 0.064565 0.094242
v 0.018467 0.064040 0.094590
v 0.017400 0.062857 0.094236
v 0.015296 0.061149 0.094253
v 0.013859 0.060256 0.094599
v 0.013621 0.059833 0.094270
v 0.011684 0.058439 0.094372
v 0.011641 0.058406 0.094372
v 0.001564 0.051651 0.089232
v 0.006877 0.054765 0.087382
v -0.004347 0.048751 0.083870
v 0.004527 0.053310 0.088022
v -0.000047 0.050797 0.083159
v 0.008472 0.055879 0.092393
v 0.003095 0.052472 0.082556
v 0.008004 0.055541 0.091486
v 0.005289 0.053762 0.082130
v 0.006323 0.054441 0.090800
v 0.006378 0.054459 0.081916
v 0.006668 0.055005 0.094508
v 0.009731 0.057123 0.094590
v 0.003893 0.053219 0.094377
v 0.007842 0.055542 0.093482
v 0.002755 0.052359 0.091869
v -0.001249 0.050219 0.088998
v 0.006728 0.054672 0.086402
v 0.007474 0.055183 0.090183
v 0.001709 0.051909 0.094271
v -0.001681 0.050035 0.093705
v -0.005202 0.048338 0.092267
v 0.006591 0.054592 0.085369
v 0.011041 0.057887 0.094255
v 0.010527 0.057448 0.094105
v 0.010024 0.057051 0.093917
v 0.007141 0.054953 0.088884
v 0.009646 0.056738 0.093646
v 0.006525 0.054540 0.084181
v 0.006264 0.054486 0.092831
v 0.008976 0.056239 0.093069
v 0.006408 0.054470 0.080149
v 0.006426 0.054471 0.079224
v 0.024533 0.067713 0.096380
v 0.025274 0.069131 0.095989
v 0.023768 0.068543 0.095124
v 0.026822 0.069357 0.096568
v 0.025906 0.067968 0.096691
v 0.023577 0.068099 0.095484
v 0.023898 0.067952 0.095903
v 0.022679 0.067520 0.095151
v 0.022606 0.067224 0.095469
v 0.026147 0.067510 0.096786
v 0.023346 0.067168 0.096094
v 0.024457 0.066967 0.096606
v 0.021539 0.066558 0.095042
v 0.020757 0.065672 0.095331
v 0.024053 0.065900 0.096751
v 0.021116 0.065513 0.095843
v 0.021277 0.065082 0.096218
v 0.019616 0.064848 0.095061
v 0.018993 0.064056 0.095422
v 0.021928 0.064977 0.096513
v 0.018940 0.063222 0.096109
v 0.020010 0.064493 0.095876
v 0.017920 0.063267 0.095274
v 0.019260 0.062851 0.096435
v 0.018259 0.063100 0.095767
v 0.017368 0.061766 0.096188
v 0.016110 0.061894 0.095020
v 0.016161 0.061638 0.095469
v 0.016607 0.061578 0.095889
v 0.017399 0.060666 0.096642
v 0.016063 0.060432 0.096323
v 0.015055 0.060253 0.095937
v 0.015805 0.059472 0.096609
v 0.016847 0.059394 0.096785
v 0.013577 0.059081 0.095946
v 0.013649 0.058494 0.096337
v 0.013712 0.057843 0.096604
v 0.014263 0.057758 0.096727
v 0.011794 0.057589 0.096049
v 0.028878 0.070796 0.096706
v 0.025841 0.070457 0.095162
v 0.027971 0.070824 0.096462
v 0.027045 0.070847 0.095976
v 0.026387 0.070592 0.095656
v 0.024892 0.069562 0.095157
v 0.025104 0.069446 0.095572
v 0.021146 0.063854 0.096638
v 0.019737 0.062350 0.096699
v 0.014855 0.060665 0.095364
v 0.013096 0.059459 0.095079
v 0.013519 0.059496 0.095501
v 0.012339 0.058327 0.095775
v 0.012073 0.058547 0.095291
v 0.022009 0.066388 0.095766
v -0.009998 0.043605 0.091786
v -0.008410 0.044372 0.092912
v -0.008310 0.044929 0.092933
v -0.005227 0.047197 0.094052
v -0.011300 0.045283 0.088201
v -0.010678 0.045783 0.087693
v -0.007880 0.045815 0.092978
v -0.008488 0.046795 0.090105
v -0.005627 0.047418 0.093662
v -0.013478 0.043066 0.085426
v -0.013586 0.042305 0.084438
v -0.013607 0.042734 0.084571
v -0.006432 0.046361 0.093701
v -0.012464 0.044428 0.087162
v -0.001957 0.049788 0.093997
v -0.013472 0.042376 0.085495
v -0.009500 0.044310 0.092160
v -0.012876 0.043827 0.087082
v -0.013213 0.043766 0.085678
v -0.007405 0.045703 0.093319
v -0.003305 0.048644 0.094313
v -0.003530 0.048737 0.094046
v -0.010576 0.045443 0.089834
v -0.009007 0.046376 0.090825
v -0.012269 0.044068 0.088513
v -0.011884 0.044665 0.088407
v -0.006761 0.045187 0.093749
v -0.013336 0.042637 0.086328
v -0.004038 0.047826 0.094392
v 0.000123 0.050889 0.094369
v -0.012900 0.043069 0.087734
v -0.012671 0.043718 0.087899
v -0.004890 0.046276 0.094444
v -0.000786 0.049875 0.094892
v -0.004654 0.045540 0.094575
v -0.003240 0.047575 0.094824
v -0.001217 0.048360 0.095341
v -0.007179 0.047318 0.091814
v 0.000252 0.050749 0.094741
v -0.011265 0.044845 0.089564
v -0.011656 0.044296 0.089544
v -0.001582 0.048987 0.095015
v -0.002039 0.046974 0.095300
v 0.003723 0.052920 0.094872
v 0.000715 0.049407 0.095682
v 0.001603 0.051090 0.095317
v 0.003028 0.052236 0.095180
v -0.010170 0.046174 0.084962
v -0.001093 0.047240 0.095497
v -0.000002 0.047898 0.095717
v -0.011289 0.045577 0.085480
v 0.005055 0.053280 0.095546
v 0.007082 0.055114 0.094962
v -0.012403 0.043447 0.088724
v 0.002403 0.049041 0.096102
v 0.003816 0.050936 0.096135
v 0.003688 0.051847 0.095813
v 0.001341 0.050423 0.095559
v 0.005973 0.053391 0.095930
v -0.013523 0.043317 0.084548
v 0.006610 0.054495 0.095424
v 0.008548 0.055156 0.096050
v 0.008482 0.055684 0.095584
v 0.007830 0.053263 0.096508
v 0.006648 0.051657 0.096551
v -0.009211 0.046002 0.091359
v -0.012144 0.042919 0.089312
v 0.009335 0.056650 0.095083
v -0.010696 0.045087 0.090314
v 0.009927 0.056536 0.095790
v -0.011879 0.043682 0.089601
v 0.009912 0.055645 0.096338
v 0.010868 0.057695 0.095214
v 0.005931 0.052850 0.096156
v -0.010517 0.044883 0.090853
v -0.009542 0.045500 0.091587
v 0.008900 0.054594 0.096422
v 0.011057 0.056797 0.096209
v 0.011450 0.056235 0.096573
v 0.010947 0.055049 0.096723
v -0.013231 0.043281 0.086481
v -0.005173 0.048213 0.093035
v -0.011560 0.043161 0.090165
v -0.008270 0.046305 0.092272
v -0.012379 0.044868 0.084704
v -0.010208 0.044671 0.091391
v -0.013058 0.044198 0.084354
v -0.009066 0.046618 0.088148
v -0.007436 0.046992 0.092304
v -0.011234 0.043685 0.090526
v -0.012084 0.044996 0.086123
v -0.013350 0.043705 0.084797
v -0.012818 0.044332 0.085811
v -0.011193 0.044173 0.090417
v -0.013049 0.042480 0.087289
v -0.009441 0.044940 0.092052
v -0.008511 0.045836 0.092439
v -0.012565 0.042590 0.088497
v -0.010380 0.044082 0.091407
v -0.010952 0.043231 0.090884
v -0.006961 0.046741 0.093144
v -0.005794 0.047625 0.093326
v -0.013691 0.042416 0.080898
v -0.010058 0.046230 0.078801
v -0.013687 0.042903 0.080697
v -0.011430 0.045528 0.081355
v -0.013597 0.043334 0.080734
v -0.012370 0.044915 0.078801
v -0.013363 0.043840 0.080926
v -0.012971 0.044374 0.078801
v 0.023944 0.068624 0.094230
v 0.024292 0.067758 0.094218
v 0.023410 0.068165 0.094239
v 0.020253 0.064165 0.094211
v 0.018264 0.062369 0.094236
v 0.015123 0.059842 0.094219
v 0.013737 0.058680 0.094239
v 0.013445 0.059573 0.094213
v 0.030162 0.072761 0.093969
v 0.030599 0.073129 0.093466
v 0.031104 0.073650 0.092546
v 0.032186 0.074719 0.087251
v 0.032039 0.074584 0.088899
v 0.031935 0.074468 0.089697
v 0.031823 0.074354 0.090328
v 0.031638 0.074099 0.091342
v 0.031342 0.073830 0.092120
v 0.030994 0.073446 0.092934
v 0.030425 0.072735 0.093959
v 0.031472 0.074179 0.091291
v 0.029949 0.072185 0.094485
v 0.029689 0.072177 0.094467
v 0.031976 0.074835 0.086995
v 0.031758 0.074632 0.089384
v 0.030169 0.073269 0.092002
v 0.030491 0.073499 0.091446
v 0.030333 0.073502 0.091481
v 0.026554 0.069639 0.094378
v 0.030769 0.073709 0.090805
v 0.030897 0.073845 0.090184
v 0.031012 0.073949 0.089623
v 0.027005 0.070081 0.094339
v 0.031042 0.074159 0.087834
v 0.027669 0.070822 0.094135
v 0.027288 0.070509 0.094179
v 0.031195 0.074207 0.086785
v 0.031336 0.074259 0.085703
v 0.028597 0.071708 0.093811
v 0.029040 0.072106 0.093570
v 0.029598 0.072639 0.093052
v 0.030014 0.073048 0.092454
v 0.030721 0.073863 0.090135
v 0.015647 0.060086 0.094324
v 0.016003 0.060463 0.094254
v 0.016826 0.061165 0.094239
v 0.017260 0.061410 0.094323
v 0.017736 0.061867 0.094269
v 0.014315 0.059114 0.094257
v 0.014965 0.059564 0.094304
v 0.019593 0.063444 0.094271
v 0.020316 0.064025 0.094308
v 0.021345 0.064889 0.094350
v 0.020608 0.064355 0.094256
v 0.021522 0.065198 0.094239
v 0.023415 0.066859 0.094256
v 0.023979 0.067316 0.094287
v 0.022154 0.065742 0.094235
v 0.022570 0.066042 0.094285
v 0.013157 0.058090 0.094390
v 0.013003 0.058102 0.094256
v 0.024756 0.068037 0.094287
v 0.026317 0.069543 0.094258
v 0.012291 0.057527 0.094278
v 0.011298 0.056686 0.094224
v 0.010611 0.056274 0.093805
v 0.029955 0.074078 0.091232
v 0.030230 0.074504 0.090248
v 0.030570 0.074773 0.087416
v 0.030611 0.074840 0.086651
v 0.028679 0.073014 0.093395
v 0.029072 0.073313 0.092956
v 0.028320 0.072513 0.093611
v 0.029445 0.073757 0.092438
v 0.021314 0.066263 0.094240
v 0.011713 0.058318 0.094237
v 0.011641 0.058406 0.094372
v 0.011848 0.058222 0.094200
v 0.008599 0.055835 0.092239
v 0.007668 0.055188 0.090149
v 0.010061 0.056894 0.093749
v 0.006704 0.054586 0.085139
v 0.009418 0.056475 0.093311
v 0.006622 0.054512 0.083314
v 0.008193 0.055522 0.091439
v 0.006600 0.054471 0.081082
v 0.006600 0.054465 0.080116
v 0.006460 0.054479 0.080978
v 0.067150 0.051335 0.095405
v 0.068912 0.051619 0.094272
v 0.069699 0.051681 0.093499
v 0.065959 0.055527 0.093849
v 0.076764 0.042185 0.094061
v 0.077885 0.042940 0.091631
v 0.067540 0.055882 0.090775
v 0.063834 0.059972 0.090287
v 0.069759 0.052371 0.092646
v 0.065619 0.057226 0.092299
v 0.078565 0.037810 0.095035
v 0.064735 0.059404 0.088804
v 0.063676 0.060724 0.086738
v 0.077755 0.036823 0.095692
v 0.074553 0.046785 0.092396
v 0.067658 0.052142 0.094810
v 0.067155 0.047340 0.096323
v 0.077174 0.042546 0.093342
v 0.069616 0.041940 0.096577
v 0.069310 0.049969 0.094942
v 0.079007 0.038563 0.094392
v 0.069975 0.052548 0.091999
v 0.070525 0.050048 0.094047
v 0.068207 0.048465 0.095885
v 0.071865 0.049556 0.093047
v 0.071087 0.048428 0.094652
v 0.077155 0.044529 0.090301
v 0.072305 0.048055 0.093943
v 0.080055 0.039207 0.092703
v 0.072361 0.049721 0.092027
v 0.073656 0.046975 0.093443
v 0.072488 0.046388 0.094809
v 0.071814 0.045847 0.095381
v 0.076013 0.046348 0.088985
v 0.073827 0.045696 0.094262
v 0.074130 0.044096 0.094920
v 0.067615 0.056528 0.087024
v 0.079582 0.039020 0.093517
v 0.080822 0.039919 0.088954
v 0.080463 0.039383 0.091626
v 0.080670 0.039688 0.090374
v 0.069829 0.053618 0.089791
v 0.079055 0.042651 0.086828
v 0.070536 0.053141 0.088119
v 0.073453 0.039935 0.096236
v 0.081018 0.039879 0.087391
v 0.070987 0.052783 0.086358
v 0.075062 0.047831 0.087137
v 0.072902 0.050208 0.088993
v 0.074647 0.041128 0.095710
v 0.072954 0.049748 0.090449
v 0.070216 0.052757 0.091034
v 0.074912 0.047071 0.091082
v 0.075640 0.034404 0.096503
v 0.074092 0.030919 0.088712
v 0.074663 0.030629 0.086962
v 0.070232 0.026908 0.094198
v 0.070415 0.025828 0.094238
v 0.074230 0.031090 0.086664
v 0.071147 0.026742 0.094161
v 0.070821 0.027668 0.094135
v 0.071965 0.027688 0.093927
v 0.071550 0.028293 0.093875
v 0.072500 0.028310 0.093620
v 0.072106 0.028872 0.093548
v 0.072556 0.029337 0.093143
v 0.073092 0.029029 0.093020
v 0.072998 0.029783 0.092573
v 0.073356 0.030164 0.091870
v 0.074012 0.029971 0.091264
v 0.073606 0.030412 0.091206
v 0.054459 0.006626 0.080972
v 0.057542 0.010843 0.094096
v 0.054023 0.007105 0.082731
v 0.054505 0.006624 0.083209
v 0.058068 0.011641 0.094197
v 0.054540 0.006700 0.084346
v 0.057563 0.012237 0.094231
v 0.058222 0.011848 0.094200
v 0.054158 0.007263 0.085560
v 0.054710 0.007072 0.087257
v 0.054360 0.007593 0.087952
v 0.054827 0.007190 0.088120
v 0.054928 0.007335 0.088821
v 0.054591 0.007924 0.089444
v 0.055523 0.008187 0.091437
v 0.055301 0.008989 0.092082
v 0.055836 0.008626 0.092258
v 0.055692 0.009548 0.092868
v 0.056163 0.009097 0.092892
v 0.056441 0.009435 0.093274
v 0.056195 0.010304 0.093571
v 0.056741 0.009982 0.093635
v 0.056565 0.010788 0.093855
v 0.057043 0.010266 0.093841
v 0.076305 0.035125 0.096333
v 0.075193 0.032163 0.096265
v 0.071934 0.027425 0.095225
v 0.074408 0.029665 0.094583
v 0.073468 0.031278 0.096644
v 0.073669 0.029655 0.095749
v 0.073227 0.030416 0.096474
v 0.073214 0.029884 0.096250
v 0.074216 0.033042 0.096711
v 0.071618 0.029271 0.096618
v 0.072769 0.031740 0.096791
v 0.080294 0.035883 0.088061
v 0.081092 0.037809 0.086205
v 0.079739 0.034995 0.090426
v 0.081214 0.038389 0.086637
v 0.081206 0.039491 0.086769
v 0.080911 0.037480 0.088868
v 0.081109 0.038329 0.088742
v 0.080718 0.036800 0.087959
v 0.080198 0.035855 0.090205
v 0.081187 0.039133 0.088123
v 0.080616 0.037017 0.090767
v 0.079988 0.035686 0.091698
v 0.080994 0.039345 0.089526
v 0.080991 0.038745 0.090136
v 0.079235 0.034500 0.092582
v 0.080385 0.036880 0.092023
v 0.080770 0.039045 0.091069
v 0.079979 0.036250 0.092960
v 0.079513 0.035368 0.093390
v 0.080229 0.037148 0.092912
v 0.080507 0.038769 0.092141
v 0.078669 0.033942 0.093426
v 0.078755 0.034624 0.094339
v 0.079646 0.036315 0.093974
v 0.079119 0.035452 0.094414
v 0.080005 0.038504 0.093368
v 0.077798 0.033361 0.094511
v 0.076695 0.031978 0.094307
v 0.078425 0.034955 0.095076
v 0.077766 0.033769 0.095048
v 0.079382 0.037996 0.094370
v 0.077721 0.034200 0.095412
v 0.077054 0.032524 0.094593
v 0.076036 0.031889 0.095392
v 0.076855 0.033265 0.095669
v 0.078507 0.037222 0.095259
v 0.078229 0.036314 0.095528
v 0.075975 0.031519 0.094963
v 0.071860 0.027877 0.095818
v 0.075661 0.031917 0.095808
v 0.077112 0.035984 0.096051
v 0.076665 0.033814 0.096060
v 0.074394 0.029927 0.095136
v 0.074708 0.031185 0.096069
v 0.076602 0.034543 0.096222
v 0.080922 0.037986 0.090120
v 0.080670 0.038075 0.091751
v 0.080300 0.037960 0.092917
v 0.079980 0.037439 0.093647
v 0.079538 0.037217 0.094327
v 0.079203 0.036352 0.094672
v 0.078464 0.035698 0.095293
v 0.079063 0.036895 0.094857
v 0.077561 0.034992 0.095827
v 0.075275 0.033119 0.096499
v 0.051363 0.008588 0.096402
v 0.051301 0.012107 0.096257
v 0.052514 0.013709 0.096561
v 0.050610 0.014049 0.096048
v 0.050343 0.009735 0.095985
v 0.049871 0.006105 0.096090
v 0.048845 0.006679 0.095520
v 0.049325 0.011058 0.095429
v 0.048207 0.002867 0.095662
v 0.047090 0.001042 0.095192
v 0.047600 0.008106 0.094696
v 0.046652 0.002580 0.094723
v 0.045588 -0.000250 0.094377
v 0.046585 0.007018 0.094371
v 0.046123 0.003249 0.094442
v 0.052648 0.009776 0.096634
v 0.045684 -0.002145 0.094566
v 0.052953 0.016375 0.096692
v 0.051826 0.016610 0.096535
v 0.050294 0.016443 0.096209
v 0.045731 0.005732 0.094271
v 0.047980 0.012245 0.094994
v 0.049221 0.022853 0.096674
v 0.048125 0.010492 0.094905
v 0.047245 0.009986 0.094582
v 0.046053 0.009230 0.094329
v 0.047698 0.017209 0.095615
v 0.048527 0.021226 0.096407
v 0.046812 0.024183 0.096392
v 0.046719 0.027700 0.096737
v 0.046302 0.014104 0.094769
v 0.044984 0.017659 0.094782
v 0.045175 0.024447 0.095989
v 0.043920 0.017542 0.094498
v 0.045099 0.012429 0.094386
v 0.045081 0.028216 0.096575
v 0.043273 0.023425 0.095095
v 0.043258 0.020778 0.094660
v 0.043005 0.017206 0.094337
v 0.040618 0.024716 0.094533
v 0.041250 0.033407 0.096621
v 0.041359 0.021827 0.094388
v 0.040418 0.032601 0.096312
v 0.040371 0.030948 0.095881
v 0.043535 0.028031 0.096202
v 0.041136 0.026257 0.094944
v 0.039106 0.028991 0.094891
v 0.046631 0.019655 0.095630
v 0.037215 0.031965 0.095038
v 0.036711 0.035733 0.096084
v 0.036430 0.028760 0.094332
v 0.035853 0.031523 0.094558
v 0.041883 -0.013522 0.083767
v 0.044629 -0.006141 0.094023
v 0.042972 -0.010331 0.091430
v 0.044274 -0.005494 0.094251
v 0.043819 -0.009019 0.092507
v 0.043430 -0.009771 0.091944
v 0.044420 -0.007196 0.093552
v 0.047505 0.000595 0.095602
v 0.046741 -0.001093 0.095307
v 0.054902 0.011749 0.096785
v 0.052971 0.009034 0.096701
v 0.051293 0.006580 0.096537
v 0.049715 0.004375 0.096254
v 0.048486 0.002070 0.095964
v 0.046420 -0.002034 0.095167
v 0.075712 0.031378 0.088826
v 0.074903 0.030592 0.087795
v 0.075404 0.031047 0.091792
v 0.074093 0.029769 0.091880
v 0.077476 0.032995 0.090054
v 0.074844 0.030536 0.088636
v 0.074942 0.030638 0.086904
v 0.074971 0.030666 0.086004
v 0.074421 0.030034 0.093200
v 0.074375 0.030056 0.091073
v 0.072014 0.027536 0.094069
v 0.072625 0.028225 0.093781
v 0.073106 0.028742 0.093396
v 0.073566 0.029218 0.092949
v 0.070658 0.025760 0.094638
v 0.067804 0.022708 0.094597
v 0.064736 0.019516 0.094279
v 0.064537 0.019033 0.094596
v 0.063250 0.017836 0.094250
v 0.061627 0.015903 0.094240
v 0.061341 0.015214 0.094602
v 0.057498 0.010252 0.094603
v 0.058439 0.011684 0.094372
v 0.058406 0.011641 0.094372
v 0.054857 0.006988 0.088222
v 0.053693 0.005163 0.086880
v 0.049355 -0.003035 0.085672
v 0.052560 0.003235 0.087121
v 0.050806 -0.000028 0.083156
v 0.055912 0.008503 0.092580
v 0.052339 0.002860 0.082601
v 0.053520 0.004895 0.082206
v 0.054502 0.006455 0.082975
v 0.054522 0.005961 0.094512
v 0.055523 0.007964 0.091460
v 0.052081 0.002003 0.094290
v 0.054589 0.006356 0.093384
v 0.052287 0.002606 0.092172
v 0.054698 0.006769 0.086668
v 0.049640 -0.002463 0.093554
v 0.048325 -0.005222 0.092275
v 0.051037 0.000383 0.089260
v 0.046786 -0.008716 0.088097
v 0.055207 0.007514 0.090242
v 0.051001 0.000104 0.093983
v 0.054653 0.006693 0.086152
v 0.054535 0.006502 0.084352
v 0.058027 0.011235 0.094275
v 0.057453 0.010538 0.094109
v 0.053599 0.004951 0.090668
v 0.056814 0.009710 0.093817
v 0.056534 0.009384 0.093444
v 0.054460 0.006386 0.081901
v 0.054750 0.006795 0.091375
v 0.054470 0.006408 0.080149
v 0.054471 0.006426 0.079224
v 0.069279 0.024742 0.095372
v 0.068373 0.023563 0.095089
v 0.066836 0.023997 0.096521
v 0.067943 0.025733 0.096659
v 0.067930 0.024454 0.096242
v 0.062918 0.018527 0.096078
v 0.066926 0.025376 0.096773
v 0.062723 0.018849 0.096338
v 0.066559 0.021571 0.095092
v 0.062723 0.020363 0.096737
v 0.067186 0.022525 0.095428
v 0.067854 0.023481 0.095653
v 0.061187 0.017613 0.096534
v 0.064534 0.021385 0.096500
v 0.065116 0.022765 0.096677
v 0.060274 0.017563 0.096745
v 0.061062 0.016668 0.096253
v 0.064633 0.020832 0.096247
v 0.065802 0.021004 0.095446
v 0.059885 0.015509 0.096375
v 0.060254 0.014930 0.095868
v 0.066180 0.022057 0.095964
v 0.065273 0.020602 0.095640
v 0.066043 0.022390 0.096234
v 0.064889 0.019694 0.095113
v 0.064029 0.019052 0.095522
v 0.071087 0.026722 0.095456
v 0.071171 0.028066 0.096360
v 0.062942 0.018029 0.095739
v 0.063187 0.017705 0.095099
v 0.061598 0.016737 0.095962
v 0.062104 0.016362 0.095024
v 0.062413 0.017082 0.095458
v 0.061495 0.015972 0.095459
v 0.070246 0.026213 0.095812
v 0.060634 0.014670 0.095188
v 0.069945 0.026358 0.096126
v 0.069502 0.026650 0.096467
v 0.070486 0.028777 0.096736
v 0.057254 0.010164 0.095053
v 0.057442 0.011130 0.095763
v 0.056858 0.011162 0.096220
v 0.056349 0.012509 0.096748
v 0.069612 0.028493 0.096792
v 0.068232 0.024276 0.095956
v 0.064340 0.019984 0.095971
v 0.047322 -0.006512 0.092982
v 0.042443 -0.013337 0.086231
v 0.044670 -0.012113 0.087659
v 0.044697 -0.008736 0.092667
v 0.044710 -0.009837 0.091760
v 0.043824 -0.010815 0.090993
v 0.043680 -0.012251 0.088896
v 0.043288 -0.012571 0.088428
v 0.043596 -0.011525 0.090156
v 0.046856 -0.007808 0.091992
v 0.046177 -0.008638 0.091948
v 0.045501 -0.009151 0.092028
v 0.042849 -0.012902 0.087759
v 0.042454 -0.013032 0.087317
v 0.045246 -0.009893 0.091363
v 0.046374 -0.009065 0.090631
v 0.046763 -0.007072 0.093026
v 0.044208 -0.010018 0.091728
v 0.046232 -0.007187 0.093273
v 0.044316 -0.011877 0.089062
v 0.046810 -0.008390 0.090531
v 0.044239 -0.008786 0.092665
v 0.046848 -0.006352 0.093525
v 0.046298 -0.007762 0.092791
v 0.043686 -0.010317 0.091507
v 0.045731 -0.009932 0.090544
v 0.047861 -0.005954 0.092654
v 0.044507 -0.011189 0.090155
v 0.043271 -0.011544 0.090172
v 0.048846 -0.003584 0.093838
v 0.045153 -0.011170 0.089065
v 0.045746 -0.009620 0.091128
v 0.045822 -0.008265 0.092661
v 0.043341 -0.010338 0.091474
v 0.044036 -0.011057 0.090647
v 0.042537 -0.012778 0.088013
v 0.045829 -0.009039 0.091865
v 0.047302 -0.005805 0.093615
v 0.044704 -0.008103 0.093067
v 0.044855 -0.009105 0.092365
v 0.044116 -0.011683 0.089658
v 0.043407 -0.012149 0.089223
v 0.042995 -0.012415 0.088806
v 0.043536 -0.012797 0.087722
v 0.043164 -0.013001 0.087385
v 0.044756 -0.011586 0.088990
v 0.042414 -0.013611 0.084253
v 0.043641 -0.013405 0.084531
v 0.043380 -0.013415 0.085327
v 0.042883 -0.013569 0.084891
v 0.044830 -0.010958 0.090188
v 0.045425 -0.008464 0.092682
v 0.045036 -0.010571 0.090594
v 0.043818 -0.011773 0.089698
v 0.045255 -0.008036 0.093033
v 0.045917 -0.006766 0.093632
v 0.047313 -0.004961 0.094141
v 0.045023 -0.009567 0.091896
v 0.045540 -0.010504 0.089689
v 0.042671 -0.012331 0.088944
v 0.046885 -0.005516 0.094022
v 0.042518 -0.012505 0.088581
v 0.042453 -0.013521 0.085214
v 0.044154 -0.009494 0.092172
v 0.042897 -0.013395 0.086035
v 0.042994 -0.012030 0.089483
v 0.045328 -0.010545 0.090149
v 0.044331 -0.010964 0.090631
v 0.045814 -0.007424 0.093272
v 0.048159 -0.004575 0.093809
v 0.048209 -0.003825 0.094298
v 0.044813 -0.011258 0.089631
v 0.045071 -0.007422 0.093420
v 0.043279 -0.010983 0.090846
v 0.044161 -0.008116 0.093067
v 0.042738 -0.011811 0.089772
v 0.044725 -0.010489 0.091008
v 0.046475 -0.007891 0.092490
v 0.050398 -0.000805 0.094195
v 0.049215 -0.002145 0.094596
v 0.045582 -0.006399 0.093872
v 0.049772 -0.001629 0.094390
v 0.045090 -0.006287 0.093961
v 0.043010 -0.011374 0.090378
v 0.045597 -0.011271 0.085200
v 0.044977 -0.012248 0.084064
v 0.044610 -0.012671 0.084469
v 0.045817 -0.010702 0.087221
v 0.044334 -0.012894 0.085229
v 0.045040 -0.012004 0.086330
v 0.044426 -0.010350 0.091340
v 0.046237 -0.004991 0.094403
v 0.045436 -0.011035 0.088429
v 0.045009 -0.011741 0.087718
v 0.048069 -0.003146 0.094708
v 0.047346 -0.002862 0.095009
v 0.049229 -0.001062 0.095128
v 0.050258 0.000031 0.095069
v 0.048856 -0.000592 0.095426
v 0.046750 -0.002374 0.095214
v 0.047400 -0.000755 0.095568
v 0.050686 0.001470 0.095500
v 0.042199 -0.013464 0.085344
v 0.047932 0.000261 0.095765
v 0.051438 0.003284 0.095837
v 0.048314 0.000964 0.095884
v 0.053067 0.005512 0.095915
v 0.049314 0.002818 0.096158
v 0.050223 0.002371 0.095939
v 0.051491 0.005178 0.096317
v 0.050060 0.004165 0.096321
v 0.053616 0.007368 0.096313
v 0.044457 -0.012284 0.087702
v 0.044160 -0.012503 0.087693
v 0.050891 0.005631 0.096468
v 0.054834 0.008502 0.096200
v 0.053905 0.008925 0.096590
v 0.052067 0.007695 0.096629
v 0.056001 0.010895 0.096502
v 0.045102 -0.005194 0.094396
v 0.044006 -0.013010 0.086070
v 0.045801 -0.004173 0.094725
v 0.043390 -0.013285 0.086110
v 0.051192 0.001008 0.094814
v 0.046398 -0.002898 0.095067
v 0.043825 -0.012767 0.087446
v 0.052504 0.003024 0.094806
v 0.052345 0.003375 0.095321
v 0.053903 0.005209 0.094849
v 0.054013 0.005842 0.095359
v 0.055321 0.007422 0.095038
v 0.056523 0.009537 0.095495
v 0.054928 0.007591 0.095692
v 0.055522 0.008831 0.095945
v 0.043933 -0.012358 0.088446
v 0.043098 -0.013637 0.082404
v 0.046250 -0.010002 0.084793
v 0.045505 -0.011464 0.082161
v 0.042449 -0.013685 0.081694
v 0.042740 -0.013703 0.080485
v 0.043338 -0.013595 0.080709
v 0.043769 -0.013394 0.081979
v 0.044538 -0.012812 0.078800
v 0.044209 -0.013080 0.082683
v 0.058763 0.013785 0.094224
v 0.059919 0.015215 0.094217
v 0.061258 0.016918 0.094231
v 0.062859 0.018827 0.094232
v 0.064744 0.019705 0.094213
v 0.064080 0.020168 0.094213
v 0.065936 0.022322 0.094226
v 0.071947 0.028880 0.093681
v 0.074224 0.031218 0.086152
v 0.072403 0.029347 0.093305
v 0.074247 0.031150 0.085661
v 0.072854 0.029813 0.092763
v 0.069585 0.026297 0.094231
v 0.070111 0.026968 0.094273
v 0.073226 0.030200 0.092111
v 0.073631 0.030656 0.091037
v 0.070508 0.027288 0.094179
v 0.073730 0.030622 0.090671
v 0.073779 0.030841 0.090512
v 0.073870 0.030762 0.090052
v 0.073965 0.030894 0.089443
v 0.074042 0.031100 0.088973
v 0.071442 0.028359 0.093964
v 0.074155 0.031029 0.087916
v 0.060669 0.016321 0.094288
v 0.061516 0.017365 0.094308
v 0.062035 0.017929 0.094266
v 0.062308 0.018377 0.094376
v 0.058012 0.012921 0.094272
v 0.062978 0.019113 0.094314
v 0.058730 0.013922 0.094317
v 0.059217 0.014481 0.094271
v 0.063857 0.020138 0.094320
v 0.064237 0.020518 0.094277
v 0.064631 0.021047 0.094340
v 0.064983 0.021350 0.094267
v 0.065511 0.022050 0.094352
v 0.066020 0.022606 0.094349
v 0.066508 0.023045 0.094264
v 0.067884 0.024588 0.094287
v 0.068600 0.025221 0.094223
v 0.069183 0.026012 0.094312
v 0.058090 0.013157 0.094390
v 0.059937 0.015445 0.094316
v 0.054173 0.007500 0.087213
v 0.054173 0.007407 0.086586
v 0.054037 0.007316 0.085750
v 0.053933 0.007213 0.084610
v 0.054003 0.007157 0.083655
v 0.057127 0.011567 0.094134
v 0.054085 0.007198 0.084632
v 0.053882 0.007124 0.082693
v 0.053733 0.007064 0.081987
v 0.056302 0.010643 0.093824
v 0.056012 0.010261 0.093571
v 0.055170 0.009045 0.092163
v 0.055016 0.008806 0.091711
v 0.054854 0.008631 0.091403
v 0.054968 0.008533 0.091167
v 0.054573 0.008281 0.090581
v 0.054004 0.007095 0.081943
v 0.054455 0.007967 0.089475
v 0.054213 0.007652 0.088109
v 0.054709 0.008204 0.090290
v 0.054322 0.007796 0.088800
v 0.073369 0.029085 0.092956
v 0.074213 0.029964 0.091207
v 0.073715 0.029444 0.092426
v 0.073466 0.029404 0.092496
v 0.073857 0.029734 0.091821
v 0.074504 0.030230 0.090247
v 0.074313 0.030238 0.090216
v 0.074520 0.030418 0.089094
v 0.074773 0.030570 0.087419
v 0.074840 0.030611 0.086651
v 0.074750 0.030633 0.086153
v 0.072927 0.028755 0.093272
v 0.071386 0.026854 0.094186
v 0.068536 0.023870 0.094224
v 0.068336 0.023537 0.094278
v 0.066438 0.021481 0.094255
v 0.059644 0.013427 0.094241
v 0.058151 0.011551 0.094221
v 0.058162 0.011766 0.094195
v 0.058406 0.011641 0.094372
v 0.054768 0.006905 0.087388
v 0.054650 0.006925 0.086402
v 0.054579 0.006822 0.085424
v 0.054593 0.006659 0.085186
v 0.056223 0.008961 0.093020
v 0.057131 0.010119 0.093975
v 0.055851 0.008457 0.092310
v 0.055203 0.007728 0.090274
v 0.055067 0.007470 0.089528
v 0.055056 0.007279 0.089615
v 0.054976 0.007210 0.088991
v 0.054485 0.006489 0.081125
v 0.054466 0.006593 0.080120
v -0.004730 0.044914 0.094431
v -0.003978 0.045387 0.094604
v -0.001929 0.045372 0.094386
v -0.005236 0.044454 0.094318
v -0.000994 0.045709 0.094471
v -0.001306 0.045307 0.094337
v 0.000175 0.045547 0.094349
v 0.045532 -0.001426 0.094414
v 0.044367 -0.005232 0.094308
v 0.044915 -0.004643 0.094424
v 0.045466 -0.003794 0.094637
v 0.000980 0.047979 0.095813
v 0.000130 0.047657 0.095695
v -0.001668 0.046682 0.095288
v -0.002485 0.046397 0.095129
v 0.002912 0.048944 0.096087
v 0.003601 0.049705 0.096256
v 0.001365 0.048435 0.095946
v -0.003572 0.045884 0.094832
v -0.003415 0.046296 0.094938
v 0.046014 -0.002768 0.094936
v 0.049183 0.003081 0.096155
v 0.046953 -0.001343 0.095402
v 0.048757 0.001848 0.096021
v 0.047739 0.000511 0.095726
v 0.050376 0.005021 0.096408
v 0.044817 -0.005104 0.094389
vn 0.3016 -0.9534 0.0001
vn 0.3051 -0.9523 -0.0000
vn 0.3027 -0.9531 0.0001
vn -0.9344 0.3563 -0.0039
vn 0.2789 0.0835 -0.9567
vn 0.2596 0.0285 -0.9653
vn 0.2121 0.1114 -0.9709
vn 0.1913 0.0895 -0.9774
vn 0.3028 0.0395 -0.9522
vn 0.1360 0.0395 -0.9899
vn 0.0996 0.0141 -0.9949
vn 0.0365 0.0115 -0.9993
vn 0.2014 -0.0155 -0.9794
vn 0.1251 -0.0669 -0.9899
vn 0.2508 0.1506 -0.9562
vn 0.2295 0.1346 -0.9639
vn 0.2525 0.1630 -0.9538
vn 0.7970 0.1866 -0.5744
vn 0.5472 0.1217 -0.8281
vn 0.5850 0.1672 -0.7936
vn 0.0195 -0.0645 -0.9977
vn 0.0783 -0.1412 -0.9869
vn 0.0403 -0.2223 -0.9741
vn -0.0724 -0.1543 -0.9854
vn -0.0119 -0.3147 -0.9491
vn -0.1907 -0.2631 -0.9457
vn 0.3189 0.1166 -0.9406
vn -0.1539 -0.3957 -0.9054
vn -0.3467 -0.3987 -0.8490
vn -0.2627 -0.4911 -0.8305
vn -0.3225 -0.6191 -0.7161
vn 0.2847 0.2275 -0.9312
vn 0.2589 0.1890 -0.9472
vn 0.2382 0.1975 -0.9509
vn 0.3570 0.3247 -0.8758
vn 0.3115 0.2794 -0.9082
vn 0.3128 0.3025 -0.9003
vn 0.8424 0.4823 -0.2401
vn 0.7268 0.5440 -0.4194
vn 0.7681 0.5861 -0.2579
vn 0.8091 0.4290 -0.4016
vn 0.2197 0.1903 -0.9568
vn 0.2168 0.1942 -0.9567
vn 0.5428 0.4849 -0.6858
vn 0.4685 0.4297 -0.7719
vn 0.5215 0.4932 -0.6963
vn 0.2552 0.2579 -0.9318
vn 0.2272 0.2081 -0.9513
vn 0.2134 0.2235 -0.9511
vn 0.6744 0.6120 -0.4131
vn 0.6236 0.5465 -0.5590
vn 0.6366 0.5802 -0.5081
vn 0.6891 0.5927 -0.4170
vn 0.7849 0.3142 -0.5340
vn 0.6535 0.4997 -0.5686
vn 0.2176 0.1908 -0.9572
vn 0.5896 0.5534 -0.5883
vn 0.5633 0.4296 -0.7058
vn 0.4887 0.3030 -0.8181
vn 0.4966 0.3951 -0.7729
vn 0.6406 0.3600 -0.6783
vn 0.4172 0.3403 -0.8427
vn 0.6298 0.2290 -0.7422
vn 0.4146 0.2456 -0.8762
vn 0.3503 0.2767 -0.8948
vn 0.3335 0.2105 -0.9190
vn 0.2570 0.2272 -0.9393
vn 0.2259 0.1857 -0.9563
vn 0.2339 0.1814 -0.9552
vn 0.3248 0.1574 -0.9326
vn 0.2770 0.1496 -0.9492
vn 0.2460 0.1690 -0.9544
vn 0.2865 0.1230 -0.9502
vn 0.2932 0.2494 -0.9229
vn 0.7600 0.6445 -0.0840
vn 0.7717 0.6135 -0.1677
vn 0.7455 0.6460 -0.1640
vn 0.7761 0.6283 -0.0539
vn 0.0517 0.1477 -0.9877
vn 0.2118 0.1866 -0.9593
vn 0.4725 0.4088 -0.7808
vn 0.2085 0.2068 -0.9559
vn 0.1972 0.2142 -0.9567
vn 0.2107 0.2016 -0.9566
vn 0.2201 0.1935 -0.9561
vn 0.2094 0.2004 -0.9571
vn 0.2133 0.2021 -0.9559
vn 0.6988 0.7132 -0.0549
vn 0.7167 0.6930 -0.0780
vn 0.7050 0.6947 -0.1429
vn 0.5594 0.5166 -0.6482
vn 0.4948 0.4802 -0.7243
vn 0.5443 0.4749 -0.6915
vn 0.7253 0.6851 -0.0674
vn 0.2165 0.2060 -0.9543
vn 0.2156 0.2035 -0.9550
vn 0.2142 0.2063 -0.9548
vn 0.7026 0.6718 -0.2347
vn 0.6832 0.7009 -0.2051
vn 0.6599 0.6786 -0.3224
vn 0.7360 0.6157 -0.2814
vn 0.4058 0.3664 -0.8373
vn 0.6728 0.6453 -0.3617
vn 0.7387 0.6705 -0.0693
vn 0.2170 0.2036 -0.9547
vn 0.6376 0.6428 -0.4246
vn 0.5572 0.4683 -0.6857
vn 0.2249 0.1947 -0.9547
vn 0.6254 0.6076 -0.4896
vn 0.7959 0.6000 -0.0808
vn 0.7296 0.6626 -0.1693
vn 0.2902 0.1279 -0.9484
vn 0.6462 0.5287 -0.5503
vn 0.5865 0.5984 -0.5459
vn 0.5276 0.5277 -0.6657
vn 0.7085 0.6425 -0.2918
vn 0.2516 0.1812 -0.9507
vn 0.2537 0.1691 -0.9524
vn 0.2593 0.1665 -0.9513
vn 0.3236 0.1177 -0.9389
vn 0.3122 0.1186 -0.9426
vn 0.2213 0.1952 -0.9555
vn 0.2261 0.1985 -0.9537
vn 0.2227 0.1728 -0.9594
vn 0.2201 0.1880 -0.9572
vn 0.2151 0.2149 -0.9527
vn 0.2253 0.1903 -0.9555
vn 0.2178 0.1994 -0.9554
vn 0.7178 0.5719 -0.3971
vn 0.2157 0.2068 -0.9543
vn 0.2234 0.1967 -0.9547
vn 0.2395 0.1833 -0.9534
vn 0.2314 0.1873 -0.9547
vn 0.2198 0.2016 -0.9545
vn 0.2310 0.1903 -0.9541
vn 0.2393 0.1796 -0.9542
vn 0.2422 0.1821 -0.9530
vn 0.6657 0.3284 -0.6701
vn 0.6592 0.2976 -0.6905
vn 0.6582 0.3054 -0.6881
vn 0.4603 0.4495 -0.7655
vn 0.2381 0.2012 -0.9502
vn 0.2042 0.2026 -0.9577
vn 0.2059 0.2016 -0.9576
vn 0.4076 0.4094 -0.8162
vn 0.2094 0.1988 -0.9574
vn 0.3599 0.3605 -0.8605
vn 0.7951 0.5886 -0.1464
vn 0.8751 0.4715 -0.1092
vn 0.9061 0.4212 -0.0390
vn 0.2164 0.1927 -0.9571
vn -0.5288 -0.4283 -0.7327
vn -0.5083 -0.4231 -0.7500
vn -0.5266 -0.4104 -0.7445
vn -0.2279 -0.1987 -0.9532
vn -0.2186 -0.1631 -0.9621
vn -0.1705 -0.1231 -0.9776
vn -0.4543 -0.4050 -0.7934
vn -0.2748 -0.2594 -0.9259
vn -0.2941 -0.2649 -0.9183
vn -0.6304 -0.5764 -0.5200
vn -0.6361 -0.5644 -0.5262
vn -0.6372 -0.5588 -0.5308
vn -0.6032 -0.6014 -0.5239
vn -0.5985 -0.5750 -0.5577
vn -0.6022 -0.5982 -0.5287
vn -0.3239 -0.3329 -0.8856
vn -0.2904 -0.2784 -0.9155
vn -0.3290 -0.3402 -0.8809
vn -0.2826 -0.2766 -0.9185
vn -0.1184 -0.0885 -0.9890
vn -0.1385 -0.1100 -0.9842
vn -0.4756 -0.4167 -0.7747
vn -0.4842 -0.4153 -0.7701
vn -0.4087 -0.3700 -0.8343
vn -0.4978 -0.4122 -0.7631
vn -0.4815 -0.3920 -0.7839
vn -0.2219 -0.1635 -0.9613
vn -0.5193 -0.3825 -0.7642
vn -0.3758 -0.2706 -0.8863
vn -0.1394 -0.1097 -0.9841
vn 0.3984 0.0303 -0.9167
vn 0.5269 -0.1100 -0.8428
vn 0.4002 0.0253 -0.9161
vn 0.5623 -0.1412 -0.8148
vn 0.6332 -0.2270 -0.7399
vn 0.8079 -0.5237 -0.2702
vn 0.7901 -0.4918 -0.3660
vn 0.7944 -0.5477 -0.2627
vn 0.5240 -0.0915 -0.8468
vn 0.4281 0.0049 -0.9037
vn 0.8130 -0.5149 -0.2718
vn 0.8013 -0.4695 -0.3707
vn 0.7367 -0.3414 -0.5837
vn 0.7642 -0.3689 -0.5290
vn 0.6510 -0.2243 -0.7252
vn 0.5817 -0.1361 -0.8019
vn 0.8218 -0.5064 -0.2612
vn 0.8166 -0.4706 -0.3342
vn 0.4369 0.0141 -0.8994
vn 0.9725 0.2198 -0.0770
vn 0.9447 0.2482 -0.2144
vn 0.7097 -0.2918 -0.6412
vn 0.8034 -0.4251 -0.4171
vn 0.3853 0.0643 -0.9205
vn 0.8332 -0.4790 -0.2761
vn 0.8264 -0.4277 -0.3662
vn 0.5818 -0.1237 -0.8038
vn 0.7101 -0.2502 -0.6582
vn 0.5934 -0.1226 -0.7955
vn 0.4484 0.0282 -0.8934
vn 0.8531 -0.4591 -0.2481
vn 0.7654 -0.2878 -0.5756
vn 0.6707 -0.1825 -0.7189
vn 0.8439 -0.3934 -0.3649
vn 0.5563 -0.0679 -0.8282
vn 0.6893 -0.1760 -0.7027
vn 0.6015 -0.0899 -0.7938
vn 0.8662 -0.4272 -0.2591
vn 0.8546 -0.3845 -0.3490
vn 0.4001 0.0399 -0.9156
vn 0.5358 -0.0542 -0.8426
vn 0.7236 -0.2074 -0.6583
vn 0.8042 -0.2878 -0.5200
vn 0.9929 0.0452 -0.1097
vn 0.9031 -0.4265 -0.0498
vn 0.9184 -0.3726 -0.1334
vn 0.9488 -0.3112 -0.0544
vn 0.8524 -0.4883 -0.1870
vn 0.8102 -0.5181 -0.2741
vn 0.8755 -0.4092 -0.2570
vn 0.5552 0.1440 -0.8192
vn 0.4502 0.1257 -0.8840
vn 0.7573 -0.6475 -0.0851
vn 0.7289 -0.0614 -0.6819
vn 0.8405 -0.2837 -0.4616
vn 0.7282 -0.2148 -0.6508
vn 0.8032 -0.3460 -0.4850
vn 0.7766 -0.4698 -0.4197
vn 0.7483 -0.3497 -0.5636
vn 0.8105 -0.3197 -0.4908
vn 0.6406 -0.2055 -0.7399
vn 0.6986 -0.3721 -0.6111
vn 0.7513 -0.5166 -0.4107
vn 0.7741 -0.5564 -0.3021
vn 0.5595 -0.1642 -0.8124
vn 0.7563 -0.5791 -0.3043
vn 0.3902 0.0477 -0.9195
vn 0.7460 -0.5690 -0.3459
vn 0.9803 -0.0253 -0.1957
vn 0.9252 0.1344 -0.3550
vn 0.7226 -0.4802 -0.4972
vn 0.3631 0.0473 -0.9305
vn 0.9747 -0.1971 -0.1054
vn 0.9608 -0.1315 -0.2442
vn 0.6182 -0.2960 -0.7282
vn 0.5119 -0.1323 -0.8488
vn 0.6975 -0.4371 -0.5678
vn 0.8954 -0.0548 -0.4419
vn 0.9352 -0.2469 -0.2538
vn 0.6749 -0.3897 -0.6267
vn 0.7428 -0.5548 -0.3747
vn 0.8787 -0.4746 -0.0517
vn 0.7930 -0.6070 -0.0528
vn 0.7842 0.1652 -0.5982
vn 0.7450 -0.6024 -0.2864
vn 0.3409 0.0605 -0.9381
vn 0.4609 -0.0824 -0.8836
vn 0.4796 -0.1044 -0.8713
vn 0.8950 -0.2801 -0.3472
vn 0.7280 -0.5006 -0.4684
vn 0.8151 -0.0619 -0.5760
vn 0.7276 -0.4889 -0.4813
vn 0.7457 -0.5643 -0.3543
vn 0.7526 -0.5971 -0.2774
vn 0.5222 -0.1421 -0.8409
vn 0.6019 -0.2581 -0.7557
vn 0.6341 -0.3049 -0.7106
vn 0.7011 -0.4318 -0.5674
vn 0.3932 0.0089 -0.9194
vn 0.7530 -0.5440 -0.3703
vn 0.8335 -0.4343 -0.3417
vn 0.6081 -0.0309 -0.7933
vn 0.6412 -0.3088 -0.7025
vn 0.7589 -0.5866 -0.2830
vn 0.7170 -0.4439 -0.5375
vn 0.3833 0.0196 -0.9234
vn 0.7582 -0.5399 -0.3656
vn 0.5122 -0.1378 -0.8477
vn 0.4691 0.0240 -0.8828
vn 0.7283 -0.4444 -0.5216
vn 0.7716 -0.5775 -0.2668
vn 0.6608 -0.3260 -0.6760
vn 0.5785 -0.1938 -0.7923
vn 0.5370 -0.1437 -0.8312
vn 0.3868 0.0224 -0.9219
vn 0.7425 -0.4567 -0.4901
vn 0.7703 -0.5448 -0.3313
vn 0.7270 -0.4228 -0.5411
vn 0.4608 -0.0556 -0.8858
vn 0.3858 0.0225 -0.9223
vn 0.6793 -0.3289 -0.6560
vn 0.7730 -0.5132 -0.3728
vn 0.7816 -0.5583 -0.2782
vn 0.5534 -0.1489 -0.8195
vn 0.7511 -0.4464 -0.4865
vn 0.6736 -0.3090 -0.6714
vn 0.7850 -0.5206 -0.3357
vn 0.7502 -0.4188 -0.5116
vn 0.6956 -0.2984 -0.6536
vn 0.7457 -0.3732 -0.5520
vn 0.4675 0.0034 -0.8840
vn 0.7785 -0.3425 -0.5259
vn 0.7901 -0.3489 -0.5039
vn 0.8790 -0.4247 -0.2168
vn 0.8685 -0.3993 -0.2939
vn 0.7836 -0.2903 -0.5493
vn 0.9990 0.0203 -0.0393
vn 0.7662 -0.6395 -0.0633
vn 0.7983 -0.5564 -0.2304
vn 0.7933 -0.5492 -0.2627
vn 0.7632 -0.5945 -0.2532
vn 0.0927 -0.9954 -0.0239
vn -0.1339 -0.9908 -0.0206
vn 0.0864 -0.9958 -0.0315
vn -0.1582 -0.9867 -0.0370
vn -0.2301 -0.9681 -0.0995
vn 0.0592 -0.9977 -0.0333
vn 0.8103 -0.5860 -0.0053
vn 0.8711 -0.4912 0.0025
vn 0.7850 -0.6195 -0.0002
vn 0.3375 -0.9409 -0.0276
vn 0.6304 -0.7760 -0.0182
vn 0.6965 -0.7175 -0.0088
vn 0.5506 -0.8347 -0.0104
vn 0.7351 -0.6779 -0.0128
vn 0.3001 -0.9536 -0.0265
vn 0.4809 -0.8765 -0.0207
vn 0.8690 -0.4948 -0.0041
vn 0.5673 -0.8212 -0.0623
vn 0.7227 -0.6903 -0.0352
vn 0.8151 -0.5761 -0.0611
vn 0.8578 -0.5135 -0.0233
vn 0.3323 -0.9431 -0.0125
vn 0.0463 -0.9989 -0.0098
vn 0.9001 -0.4354 -0.0132
vn 0.9104 -0.4137 -0.0010
vn 0.9091 -0.4166 0.0036
vn 0.1108 -0.9938 0.0022
vn -0.1040 -0.9946 0.0013
vn -0.2287 -0.9731 -0.0268
vn 0.4356 -0.9002 0.0019
vn 0.6446 -0.7645 0.0023
vn -0.3195 -0.9446 -0.0757
vn 0.9084 -0.4180 -0.0022
vn 0.9082 -0.4185 -0.0014
vn 0.8998 -0.4364 0.0014
vn 0.8894 -0.4571 -0.0009
vn 0.8862 -0.4633 0.0022
vn 0.8624 -0.5061 0.0034
vn 0.8412 -0.5406 0.0147
vn 0.8201 -0.5722 0.0069
vn 0.8684 -0.4959 0.0025
vn 0.8597 -0.5102 0.0248
vn 0.8604 -0.5080 0.0407
vn 0.8377 -0.5434 0.0538
vn 0.6995 -0.6613 0.2709
vn 0.6790 -0.6742 0.2906
vn 0.7001 -0.6611 0.2697
vn 0.7123 -0.6540 0.2549
vn -0.0572 -0.1034 0.9930
vn 0.3170 -0.1401 0.9380
vn 0.7766 -0.6127 0.1465
vn 0.7561 -0.6286 0.1819
vn 0.8114 -0.5799 0.0736
vn 0.8130 -0.5804 0.0461
vn 0.8254 -0.5613 0.0606
vn 0.8047 -0.5909 0.0584
vn 0.8703 -0.4925 0.0029
vn 0.8527 -0.5223 0.0110
vn 0.7899 -0.6046 0.1028
vn 0.8515 -0.5241 0.0134
vn 0.8176 -0.5748 0.0335
vn 0.8749 -0.4840 0.0165
vn 0.8291 -0.5581 0.0322
vn 0.8189 -0.5736 0.0224
vn 0.8356 -0.5491 0.0159
vn 0.8349 -0.5503 0.0121
vn 0.8887 -0.4584 0.0074
vn 0.8328 -0.5535 0.0092
vn 0.7175 -0.6505 0.2489
vn 0.7503 -0.6324 0.1925
vn 0.8526 -0.5217 0.0303
vn 0.8334 -0.5527 0.0063
vn 0.7577 -0.6246 0.1891
vn 0.8304 -0.5515 0.0797
vn 0.8024 -0.5850 0.1176
vn 0.8861 -0.4492 -0.1142
vn 0.8399 -0.5427 0.0036
vn 0.5286 -0.0451 -0.8477
vn 0.9077 -0.4188 -0.0259
vn 0.8907 -0.4490 -0.0714
vn 0.8881 -0.4477 -0.1041
vn 0.6692 -0.6838 0.2907
vn 0.6674 -0.6856 0.2906
vn 0.6557 -0.6991 0.2851
vn 0.6585 -0.6938 0.2917
vn 0.6423 -0.7067 0.2967
vn 0.6388 -0.7112 0.2936
vn 0.6347 -0.7147 0.2939
vn 0.6308 -0.7200 0.2893
vn 0.6076 -0.7314 0.3096
vn 0.6371 -0.7277 0.2540
vn 0.6405 -0.7383 0.2114
vn 0.6907 -0.7231 0.0047
vn 0.6865 -0.7267 0.0243
vn 0.6819 -0.7315 0.0036
vn 0.6955 -0.7184 0.0128
vn 0.6768 -0.7347 0.0457
vn 0.6719 -0.7405 0.0159
vn 0.6630 -0.7486 0.0070
vn 0.6693 -0.7407 0.0583
vn 0.6629 -0.7440 0.0843
vn 0.6615 -0.7470 0.0662
vn 0.6756 -0.7340 0.0694
vn 0.6621 -0.7404 0.1160
vn 0.6960 -0.7180 0.0024
vn 0.6955 -0.7185 0.0042
vn 0.6466 -0.7445 0.1663
vn 0.6617 -0.7428 0.1021
vn 0.6992 -0.7149 0.0107
vn 0.6650 -0.7468 0.0019
vn 0.6995 -0.7146 0.0114
vn 0.6731 -0.7313 0.1096
vn 0.6386 -0.7695 0.0070
vn 0.8905 -0.4488 -0.0751
vn 0.8682 -0.4709 -0.1564
vn 0.8666 -0.4612 -0.1903
vn 0.8416 -0.5037 -0.1951
vn 0.8611 -0.4956 -0.1134
vn 0.8062 -0.5726 -0.1491
vn 0.7225 -0.6482 -0.2405
vn 0.7786 -0.5671 -0.2687
vn 0.2373 -0.9685 -0.0750
vn -0.0490 -0.9920 -0.1167
vn 0.1601 -0.9698 -0.1841
vn 0.4387 -0.8910 -0.1167
vn 0.8819 -0.4682 -0.0551
vn 0.7263 -0.6780 -0.1129
vn 0.4301 -0.0515 -0.9013
vn 0.5964 -0.1430 -0.7899
vn 0.7032 -0.2535 -0.6643
vn 0.5680 -0.2085 -0.7962
vn 0.2932 -0.1300 -0.9472
vn 0.3840 -0.0904 -0.9189
vn 0.7950 -0.3477 -0.4971
vn 0.4554 -0.1984 -0.8679
vn 0.7076 -0.3134 -0.6334
vn 0.2955 -0.2170 -0.9304
vn 0.5900 -0.3163 -0.7428
vn 0.8545 -0.4183 -0.3081
vn 0.7980 -0.4123 -0.4395
vn 0.2559 -0.3415 -0.9044
vn 0.4401 -0.3219 -0.8383
vn 0.4613 -0.4161 -0.7836
vn 0.8318 -0.4605 -0.3099
vn 0.2124 -0.4586 -0.8629
vn 0.6184 -0.4824 -0.6204
vn 0.6092 -0.4027 -0.6832
vn 0.7078 -0.4293 -0.5610
vn -0.2358 -0.5606 -0.7938
vn 0.7257 -0.4861 -0.4868
vn 0.1181 -0.5410 -0.8327
vn -0.1331 -0.7269 -0.6737
vn -0.3622 -0.7016 -0.6137
vn -0.2380 -0.8006 -0.5499
vn -0.3917 -0.7824 -0.4842
vn 0.4502 -0.5736 -0.6844
vn 0.4972 -0.5172 -0.6966
vn 0.6789 -0.5520 -0.4841
vn 0.7776 -0.5243 -0.3469
vn 0.6431 -0.6127 -0.4594
vn 0.8270 -0.4882 -0.2789
vn -0.1670 -0.9104 -0.3785
vn -0.2693 -0.9358 -0.2274
vn -0.3536 -0.8852 -0.3023
vn 0.2610 -0.7335 -0.6276
vn 0.4822 -0.6345 -0.6041
vn 0.4593 -0.7394 -0.4922
vn 0.1499 -0.8218 -0.5496
vn 0.6418 -0.6721 -0.3692
vn 0.0134 -0.8924 -0.4510
vn 0.3180 -0.8451 -0.4298
vn 0.5567 -0.7569 -0.3424
vn 0.4398 -0.8445 -0.3055
vn 0.6684 -0.7128 -0.2125
vn -0.0930 -0.9606 -0.2619
vn 0.5747 -0.7997 -0.1738
vn 0.7184 -0.3947 -0.5728
vn -0.0081 -0.6415 -0.7671
vn 0.2461 -0.6512 -0.7179
vn 0.7843 -0.4640 -0.4118
vn 0.1153 -0.9312 -0.3459
vn 0.3681 -0.8980 -0.2412
vn 0.9128 -0.4078 -0.0200
vn 0.9713 -0.2352 -0.0347
vn 0.8781 -0.4779 -0.0212
vn -0.1018 -0.9933 0.0551
vn -0.0498 -0.9987 -0.0068
vn -0.1938 -0.9669 0.1659
vn 0.0127 -0.9967 -0.0798
vn 0.2842 -0.9356 0.2096
vn 0.5660 -0.8229 -0.0490
vn 0.7510 -0.6393 0.1652
vn 0.8267 -0.5616 0.0353
vn 0.7232 -0.6552 0.2181
vn 0.8770 -0.4624 0.1303
vn 0.9026 -0.4176 0.1041
vn 0.8824 -0.4377 0.1724
vn 0.9124 -0.4069 -0.0437
vn 0.8693 -0.4940 0.0140
vn 0.8560 -0.5070 0.1012
vn 0.8548 -0.5073 0.1094
vn -0.0000 -0.0000 1.0000
vn 0.0005 -0.0005 1.0000
vn 0.0004 -0.0003 1.0000
vn 0.0018 -0.0011 1.0000
vn 0.0014 -0.0004 1.0000
vn 0.0011 -0.0008 1.0000
vn 0.0010 -0.0006 1.0000
vn 0.5494 0.5458 0.6326
vn 0.5987 0.6179 0.5096
vn 0.6153 0.5644 0.5503
vn 0.5592 0.5487 0.6215
vn -0.2071 -0.1942 0.9589
vn -0.1965 -0.1863 0.9626
vn -0.1530 -0.1601 0.9752
vn 0.6598 0.6327 0.4054
vn 0.6884 0.5614 0.4593
vn -0.1367 -0.1296 0.9821
vn -0.0885 -0.0810 0.9928
vn 0.6627 0.6763 0.3217
vn -0.1168 -0.0924 0.9888
vn 0.6573 0.6830 0.3184
vn -0.0370 -0.0560 0.9977
vn -0.0475 -0.0512 0.9976
vn 0.6874 0.6853 0.2405
vn 0.6883 0.6856 0.2369
vn 0.0057 -0.0230 0.9997
vn 0.7123 0.6784 0.1800
vn 0.0451 0.0537 0.9975
vn 0.0141 0.0480 0.9987
vn 0.7200 0.6813 0.1320
vn 0.7326 0.6744 0.0920
vn 0.0809 0.1076 0.9909
vn 0.1282 0.1362 0.9823
vn 0.7054 0.7083 0.0256
vn 0.8118 0.5781 0.0825
vn 0.1610 0.1604 0.9738
vn 0.6823 0.7308 0.0215
vn 0.2282 0.2270 0.9468
vn 0.2281 0.2315 0.9457
vn 0.7017 0.7124 0.0055
vn 0.3315 0.3466 0.8775
vn 0.3281 0.3682 0.8699
vn 0.4381 0.4328 0.7879
vn 0.4588 0.4076 0.7895
vn 0.4598 0.5054 0.7302
vn 0.4641 0.5084 0.7253
vn -0.2094 -0.1980 0.9576
vn -0.2095 -0.1982 0.9575
vn -0.2077 -0.2015 0.9572
vn -0.2081 -0.2013 0.9572
vn -0.2138 -0.1989 0.9564
vn -0.2157 -0.1968 0.9564
vn -0.1994 -0.2139 0.9563
vn -0.1990 -0.2137 0.9564
vn -0.2438 -0.2292 0.9424
vn -0.2449 -0.2220 0.9438
vn -0.7696 -0.6384 0.0120
vn -0.7828 -0.6219 0.0224
vn -0.7003 -0.7138 0.0083
vn -0.3963 -0.4144 0.8193
vn -0.3151 -0.2936 0.9025
vn -0.3781 -0.3795 0.8444
vn -0.3130 -0.2797 0.9076
vn -0.7800 -0.6254 0.0209
vn -0.7191 -0.6886 0.0935
vn -0.7256 -0.6850 0.0653
vn -0.7022 -0.6991 0.1348
vn -0.6992 -0.6975 0.1565
vn -0.6846 -0.7033 0.1914
vn -0.6715 -0.7104 0.2108
vn -0.6461 -0.7139 0.2702
vn -0.6411 -0.6846 0.3468
vn -0.6012 -0.6888 0.4051
vn -0.6461 -0.7138 0.2702
vn -0.4983 -0.7110 0.4961
vn -0.6717 -0.5906 0.4473
vn -0.5959 -0.5676 0.5681
vn -0.5699 -0.5983 0.5632
vn -0.5538 -0.5123 0.6564
vn -0.5811 -0.5053 0.6380
vn -0.4857 -0.4822 0.7291
vn -0.4689 -0.4710 0.7471
vn 0.0003 -0.0009 1.0000
vn 0.0032 0.0024 1.0000
vn 0.0008 -0.0003 1.0000
vn 0.0007 0.0002 1.0000
vn 0.0040 0.0009 1.0000
vn 0.0046 0.0007 1.0000
vn 0.0001 0.0001 1.0000
vn 0.0005 0.0003 1.0000
vn 0.0027 0.0035 1.0000
vn 0.0013 0.0020 1.0000
vn -0.0000 0.0001 1.0000
vn 0.0001 -0.0000 1.0000
vn 0.0024 0.0019 1.0000
vn 0.0035 0.0030 1.0000
vn 0.0053 0.0042 1.0000
vn 0.0002 -0.0002 1.0000
vn 0.9337 -0.3479 0.0851
vn 0.8851 -0.4550 0.0978
vn 0.8854 -0.4547 0.0966
vn 0.9282 -0.3629 0.0818
vn 0.9647 -0.2429 0.1022
vn 0.9645 -0.2403 0.1098
vn 0.9815 0.1802 0.0642
vn 0.9806 0.1833 0.0690
vn 0.9820 0.1785 0.0616
vn 0.9827 0.1759 0.0578
vn 0.8009 0.5872 0.1175
vn 0.7943 0.6056 -0.0485
vn 0.8005 0.5854 0.1288
vn 0.7656 0.6185 0.1770
vn 0.7577 0.6525 -0.0101
vn 0.7211 0.6639 0.1979
vn 0.7117 0.6975 0.0834
vn 0.7052 0.7043 0.0820
vn 0.6779 -0.7351 0.0083
vn 0.6936 -0.7151 0.0866
vn 0.7100 -0.6964 0.1047
vn 0.6602 -0.7419 0.1174
vn 0.6583 -0.7418 0.1284
vn 0.7249 -0.6809 0.1047
vn -0.6957 0.3703 0.6155
vn -0.7502 0.3232 0.5768
vn -0.7347 0.3451 0.5840
vn -0.7607 0.2745 0.5882
vn -0.7571 0.2211 0.6148
vn -0.7747 0.1689 0.6093
vn -0.8212 0.1758 0.5429
vn -0.8394 0.1016 0.5340
vn -0.8958 0.1703 0.4106
vn -0.9159 0.0663 0.3959
vn -0.9351 0.0904 0.3428
vn -0.8808 0.1744 0.4402
vn -0.9428 0.0512 0.3295
vn -0.9485 0.0710 0.3087
vn -0.9480 0.0679 0.3110
vn -0.6888 0.3773 0.6190
vn -0.9967 -0.0273 0.0764
vn -0.9915 -0.0587 0.1161
vn -0.9940 -0.0451 0.1001
vn 0.0884 -0.6993 0.7094
vn -0.9981 0.0578 0.0222
vn -0.9983 -0.0036 0.0584
vn -0.9986 0.0057 0.0517
vn -0.4508 -0.5451 0.7068
vn -0.8686 0.1218 0.4804
vn -0.9979 0.0631 0.0133
vn -0.9975 0.0706 -0.0026
vn -0.9977 0.0675 -0.0034
vn -0.6265 0.2293 0.7449
vn -0.4510 0.0646 0.8902
vn -0.5719 0.1746 0.8015
vn -0.5036 0.1130 0.8565
vn -0.6332 0.2868 0.7189
vn -0.5955 0.2355 0.7681
vn -0.6893 0.3727 0.6213
vn -0.6871 0.3496 0.6370
vn -0.6759 0.3353 0.6563
vn -0.6865 0.3466 0.6392
vn -0.5638 0.2012 0.8010
vn -0.6629 0.3537 0.6599
vn 0.6916 -0.7086 0.1399
vn -0.6546 0.2973 0.6951
vn -0.7314 0.4367 0.5238
vn -0.6924 0.3963 0.6030
vn -0.6965 0.3762 0.6110
vn -0.4467 0.0469 0.8935
vn -0.6477 0.3030 0.6991
vn -0.6924 0.2980 0.6571
vn -0.7444 0.4011 0.5338
vn -0.7473 0.4129 0.5206
vn -0.6795 0.3518 0.6438
vn -0.7046 0.3955 0.5892
vn -0.7304 0.4687 0.4968
vn -0.7173 0.4483 0.5334
vn -0.7633 0.4776 0.4351
vn -0.7152 0.3749 0.5899
vn -0.7618 0.5325 0.3690
vn -0.5798 0.5175 0.6293
vn -0.5328 0.5102 0.6751
vn -0.4755 0.5179 0.7111
vn 0.1546 0.9452 0.2877
vn 0.2204 0.9464 0.2361
vn 0.1450 0.9428 0.3003
vn -0.0907 0.9848 0.1478
vn -0.5381 0.5059 0.6742
vn -0.4738 0.5294 0.7037
vn -0.5727 0.5843 0.5750
vn -0.5973 0.4518 0.6627
vn -0.4879 0.3478 0.8006
vn -0.4467 0.7453 0.4949
vn -0.4263 0.7113 0.5589
vn -0.4434 0.7334 0.5153
vn -0.4200 0.7056 0.5708
vn -0.1726 0.6687 0.7232
vn -0.1467 0.6678 0.7297
vn 0.0296 0.6715 0.7405
vn -0.4813 0.7695 0.4198
vn -0.3210 0.8185 0.4765
vn -0.2551 0.7906 0.5567
vn -0.2436 0.8499 0.4672
vn -0.0338 0.8311 0.5551
vn -0.2590 0.7987 0.5432
vn -0.4266 0.8251 0.3706
vn -0.4873 0.8301 0.2711
vn -0.4704 0.4752 0.7436
vn -0.0229 0.8928 0.4498
vn -0.2310 0.9174 0.3240
vn -0.2428 0.8956 0.3728
vn -0.0585 0.9149 0.3994
vn 0.2589 0.8775 0.4038
vn -0.2732 0.9269 0.2575
vn -0.6473 0.2976 0.7017
vn -0.6365 0.3101 0.7062
vn 0.6998 0.5595 0.4441
vn -0.3620 0.9136 0.1849
vn -0.2814 0.9283 0.2429
vn 0.1739 0.9312 0.3204
vn -0.6282 0.2842 0.7243
vn -0.6475 0.3145 0.6941
vn -0.6262 0.3207 0.7106
vn -0.3859 0.9117 0.1412
vn -0.6179 0.3506 0.7037
vn -0.5993 0.3556 0.7172
vn -0.0095 0.9953 0.0960
vn -0.0922 0.9854 0.1430
vn -0.5877 0.3675 0.7208
vn -0.0369 0.9991 0.0206
vn -0.0334 0.9989 0.0330
vn -0.6210 0.5072 0.5976
vn -0.6524 0.5088 0.5617
vn -0.6716 0.4987 0.5480
vn -0.6847 0.4764 0.5516
vn -0.4557 0.5209 0.7218
vn -0.3459 0.4844 0.8036
vn 0.1346 -0.9796 0.1490
vn -0.0088 -0.9923 0.1238
vn -0.0791 -0.9802 0.1817
vn 0.1305 -0.9830 0.1295
vn -0.2026 -0.9749 0.0923
vn -0.2871 -0.9553 0.0702
vn -0.2092 -0.9730 0.0972
vn -0.1933 -0.9759 0.1015
vn 0.1933 -0.9802 0.0433
vn 0.2021 -0.9788 0.0327
vn 0.1989 -0.9800 0.0096
vn 0.3149 -0.7200 0.6184
vn 0.2823 -0.7310 0.6213
vn 0.2300 -0.7523 0.6173
vn 0.1784 -0.9682 0.1754
vn -0.0608 -0.9938 0.0932
vn -0.0169 -0.9945 0.1031
vn 0.2482 -0.8084 0.5337
vn 0.2111 -0.8288 0.5183
vn 0.2638 -0.9638 0.0394
vn 0.2475 -0.8748 0.4165
vn 0.1121 -0.8624 0.4937
vn -0.1773 -0.9821 0.0644
vn -0.1488 -0.8162 0.5583
vn -0.1932 -0.8163 0.5444
vn 0.2900 -0.9563 0.0374
vn 0.1492 -0.9270 0.3442
vn 0.1404 -0.9078 0.3952
vn -0.3302 -0.8010 0.4994
vn 0.1511 -0.9428 0.2971
vn 0.1463 -0.9558 0.2550
vn 0.1381 -0.9606 0.2413
vn 0.1422 -0.9617 0.2345
vn 0.2873 -0.6282 0.7230
vn 0.1773 -0.6034 0.7775
vn 0.2777 -0.6286 0.7264
vn 0.0725 -0.5262 0.8473
vn 0.4127 -0.5883 0.6954
vn 0.3103 -0.5704 0.7605
vn 0.2685 -0.5388 0.7985
vn 0.3119 -0.5723 0.7584
vn 0.3460 -0.5960 0.7246
vn 0.3482 -0.5968 0.7229
vn 0.2458 -0.5554 0.7944
vn 0.2470 -0.5535 0.7954
vn 0.2771 -0.5677 0.7752
vn 0.2760 -0.5683 0.7751
vn 0.9920 0.0625 0.1098
vn 0.9992 -0.0280 0.0282
vn 0.9986 -0.0380 0.0381
vn 0.9916 0.0778 0.1029
vn 0.9995 -0.0243 -0.0208
vn 0.6628 -0.3425 0.6659
vn 0.7147 -0.3153 0.6244
vn 0.6821 -0.3651 0.6336
vn 0.4119 -0.5618 0.7174
vn 0.3914 -0.5075 0.7676
vn 0.4807 -0.5559 0.6781
vn 0.3390 -0.4142 0.8447
vn 0.4674 -0.4336 0.7704
vn 0.6543 -0.4946 0.5721
vn 0.5687 -0.4992 0.6538
vn 0.6015 -0.4028 0.6899
vn 0.5188 -0.3957 0.7578
vn 0.7302 -0.3040 0.6119
vn 0.7341 -0.2657 0.6249
vn 0.7436 -0.2138 0.6335
vn 0.8048 -0.1516 0.5739
vn 0.4771 -0.4177 0.7732
vn 0.7690 -0.1610 0.6187
vn 0.8529 -0.1487 0.5005
vn 0.8818 -0.1411 0.4500
vn 0.6205 -0.3723 0.6902
vn 0.9028 -0.1339 0.4087
vn 0.7568 0.1036 0.6454
vn 0.7889 0.1481 0.5964
vn 0.7885 0.1474 0.5971
vn 0.6369 -0.3116 0.7051
vn 0.8954 -0.1630 0.4144
vn 0.9215 -0.0657 0.3828
vn 0.9076 -0.1275 0.4000
vn 0.8163 0.1910 0.5451
vn 0.7514 -0.6487 -0.1207
vn 0.9454 -0.0730 0.3176
vn 0.9669 -0.1188 0.2257
vn 0.9469 -0.0813 0.3110
vn 0.9674 -0.1324 0.2160
vn 0.9707 0.0293 0.2386
vn 0.9653 0.1653 0.2020
vn 0.9854 -0.0657 0.1572
vn 0.9825 0.0564 0.1777
vn 0.9910 0.0267 0.1311
vn -0.7567 -0.6508 -0.0616
vn -0.7399 -0.6703 -0.0570
vn -0.7608 -0.6463 -0.0588
vn -0.7226 -0.6895 -0.0499
vn -0.7267 -0.6852 -0.0491
vn -0.7357 -0.6751 -0.0544
vn -0.7059 -0.7053 -0.0648
vn -0.7253 -0.6860 -0.0569
vn -0.6966 -0.7132 -0.0782
vn -0.9741 0.2105 -0.0823
vn -0.8957 0.4412 -0.0553
vn -0.8812 0.4686 -0.0618
vn -0.8256 0.5628 -0.0411
vn -0.9659 0.2475 -0.0765
vn -0.9963 0.0345 -0.0787
vn -0.9807 -0.1883 -0.0519
vn -0.9817 -0.1804 -0.0618
vn -0.8914 -0.4355 0.1254
vn -0.8928 -0.4464 -0.0606
vn -0.8093 -0.5839 -0.0637
vn -0.7885 -0.6109 -0.0715
vn -0.7712 -0.6335 -0.0632
vn -0.7734 -0.6313 -0.0576
vn -0.7421 0.6700 -0.0224
vn -0.7642 0.6441 -0.0339
vn -0.6986 0.7153 -0.0173
vn -0.6615 0.7489 0.0398
vn -0.5656 0.8240 0.0336
vn -0.5172 0.8532 0.0668
vn 0.7127 0.6398 0.2877
vn 0.7139 0.6355 0.2941
vn 0.5645 0.7751 0.2839
vn 0.5548 0.7818 0.2848
vn 0.3724 0.8897 0.2640
vn 0.3149 0.9091 0.2727
vn 0.1198 0.9662 0.2284
vn 0.0443 0.9717 0.2320
vn -0.2193 0.9646 0.1468
vn -0.2532 0.9557 0.1501
vn 0.6513 0.7007 0.2912
vn 0.6369 0.7142 0.2904
vn 0.5880 0.7573 0.2844
vn 0.6100 0.7390 0.2861
vn 0.6109 0.7384 0.2857
vn 0.6218 0.7316 0.2794
vn 0.6262 0.7278 0.2795
vn 0.6327 0.7214 0.2814
vn 0.6421 0.7104 0.2881
vn 0.6564 0.6985 0.2852
vn 0.6564 0.6977 0.2871
vn 0.6701 0.6880 0.2786
vn 0.6647 0.6934 0.2782
vn 0.6999 0.6528 0.2897
vn 0.6950 0.6574 0.2911
vn 0.7095 0.6408 0.2934
vn 0.7139 0.6361 0.2929
vn 0.7094 0.6408 0.2934
vn 0.7132 0.6329 0.3013
vn 0.7336 0.6154 0.2883
vn 0.7307 0.6206 0.2844
vn 0.7490 0.6008 0.2795
vn 0.7596 0.5906 0.2724
vn 0.7610 0.5843 0.2820
vn -0.7335 -0.2385 -0.6365
vn -0.6786 -0.2806 -0.6787
vn -0.6292 -0.3230 -0.7069
vn -0.4227 -0.2745 -0.8637
vn -0.2794 -0.0735 -0.9574
vn -0.2930 -0.1191 -0.9487
vn -0.4308 0.1703 -0.8862
vn -0.4322 -0.0163 -0.9016
vn -0.3005 -0.0286 -0.9533
vn -0.4785 0.0603 -0.8760
vn -0.5041 -0.0410 -0.8627
vn -0.9480 -0.0748 0.3093
vn -0.4023 0.2701 -0.8748
vn -0.8532 0.1277 -0.5057
vn -0.4569 0.4323 -0.7774
vn -0.4607 0.3319 -0.8232
vn -0.4712 0.4129 -0.7794
vn -0.4981 0.5616 -0.6607
vn -0.3311 0.5819 -0.7428
vn -0.3071 0.5994 -0.7392
vn -0.1773 0.5477 -0.8177
vn 0.5171 0.4739 -0.7128
vn 0.5055 0.4834 -0.7147
vn 0.4831 0.4366 -0.7589
vn 0.6826 0.5891 -0.4323
vn 0.7097 0.5735 -0.4091
vn 0.6398 0.6019 -0.4778
vn 0.6564 0.5895 -0.4708
vn 0.6889 0.6046 -0.3999
vn 0.6187 0.6094 -0.4958
vn 0.6600 0.6525 -0.3724
vn 0.6674 0.6613 -0.3425
vn 0.6416 0.6009 -0.4767
vn 0.6070 0.5889 -0.5335
vn 0.6926 0.6290 -0.3530
vn 0.6956 0.6303 -0.3449
vn 0.6957 0.6303 -0.3446
vn 0.7156 0.6249 -0.3121
vn 0.6992 0.5901 -0.4036
vn 0.6996 0.5871 -0.4074
vn 0.5182 0.4752 -0.7111
vn -0.3237 0.6301 -0.7058
vn -0.4182 0.6577 -0.6265
vn -0.4560 0.6896 -0.5625
vn -0.2752 0.6148 -0.7391
vn -0.3778 0.6587 -0.6507
vn -0.3237 0.6485 -0.6889
vn -0.5293 0.7243 -0.4419
vn -0.5467 0.7323 -0.4060
vn -0.2748 0.6194 -0.7354
vn -0.1701 0.8049 -0.5686
vn -0.0416 0.8495 -0.5260
vn -0.0368 0.8536 -0.5196
vn -0.0191 0.6264 -0.7793
vn 0.0599 0.6135 -0.7874
vn -0.1900 0.6398 -0.7447
vn -0.6505 0.7555 0.0779
vn 0.2180 0.8218 -0.5264
vn 0.1137 0.8809 -0.4595
vn 0.2792 0.7816 -0.5578
vn -0.1558 0.9168 0.3678
vn 0.5958 0.6488 -0.4733
vn 0.5058 0.8352 -0.2157
vn 0.3183 0.5831 -0.7474
vn 0.5958 0.6506 -0.4708
vn -0.7015 -0.5974 0.3887
vn -0.7072 -0.5957 0.3808
vn -0.6449 -0.5670 0.5124
vn -0.5957 -0.5140 0.6172
vn -0.6225 -0.5927 0.5110
vn -0.5946 -0.6002 0.5349
vn -0.6145 -0.6256 0.4806
vn -0.5822 -0.5293 0.6171
vn -0.4590 -0.4354 0.7745
vn -0.5742 -0.5580 0.5991
vn -0.6880 -0.6037 0.4026
vn -0.6475 -0.5901 0.4822
vn -0.5616 -0.5328 0.6331
vn -0.5533 -0.5666 0.6106
vn -0.5048 -0.5291 0.6821
vn -0.7852 -0.5022 0.3624
vn -0.7596 -0.5808 0.2929
vn 0.3309 0.2416 0.9122
vn 0.4872 0.3803 0.7862
vn 0.4601 0.3923 0.7965
vn 0.4795 0.4050 0.7785
vn 0.5548 0.4147 0.7213
vn 0.5513 0.4089 0.7272
vn 0.6140 0.4919 0.6173
vn 0.5332 0.3928 0.7493
vn 0.5390 0.3914 0.7458
vn 0.5359 0.3911 0.7482
vn 0.4694 0.4065 0.7838
vn 0.3207 0.2427 0.9156
vn 0.3198 0.2423 0.9160
vn -0.6796 -0.7314 -0.0571
vn -0.6910 -0.7203 -0.0608
vn -0.6695 -0.7408 -0.0538
vn -0.6607 -0.7492 -0.0465
vn -0.6863 -0.7243 -0.0664
vn 0.4946 -0.8669 -0.0621
vn 0.4768 -0.8768 -0.0629
vn 0.5816 -0.8118 -0.0519
vn 0.2567 -0.9655 -0.0435
vn 0.3125 -0.9468 -0.0768
vn 0.0392 -0.9963 -0.0759
vn 0.0733 -0.9960 -0.0509
vn -0.2039 -0.9767 -0.0672
vn -0.2192 -0.9740 -0.0569
vn -0.4295 -0.9009 -0.0618
vn -0.4388 -0.8962 -0.0659
vn -0.5491 -0.8330 -0.0680
vn -0.5846 -0.8080 -0.0730
vn -0.6331 -0.7684 -0.0930
vn -0.6404 -0.7649 -0.0686
vn -0.6323 -0.7730 -0.0521
vn -0.6465 -0.7615 -0.0463
vn -0.6502 -0.7584 -0.0462
vn 0.6180 0.7845 0.0517
vn 0.5943 0.7901 0.1500
vn 0.5938 0.7898 0.1537
vn 0.6398 0.7646 0.0769
vn 0.6614 0.7444 0.0918
vn 0.6777 0.7268 0.1119
vn -0.1782 -0.2473 -0.9524
vn -0.1909 -0.2565 -0.9475
vn -0.2673 -0.3456 -0.8995
vn -0.3787 -0.4959 -0.7815
vn -0.5479 -0.6375 -0.5417
vn -0.5152 -0.6594 -0.5475
vn -0.5301 -0.6360 -0.5608
vn -0.5144 -0.6198 -0.5926
vn -0.5145 -0.6657 -0.5405
vn -0.1659 -0.2426 -0.9558
vn -0.0623 -0.2496 -0.9663
vn -0.2357 -0.2430 -0.9410
vn -0.5383 -0.5278 -0.6570
vn -0.5383 -0.5277 -0.6570
vn -0.5314 -0.5248 -0.6649
vn -0.3321 -0.3586 -0.8724
vn -0.2034 -0.2224 -0.9535
vn -0.4628 -0.5209 -0.7172
vn -0.3008 -0.3164 -0.8997
vn -0.5852 -0.6325 -0.5074
vn -0.3986 -0.4300 -0.8101
vn -0.3077 -0.3556 -0.8825
vn -0.2818 -0.3199 -0.9046
vn -0.2809 -0.3502 -0.8936
vn -0.2729 -0.3165 -0.9085
vn -0.5838 -0.6564 -0.4778
vn -0.5694 -0.6580 -0.4928
vn -0.2357 -0.2795 -0.9308
vn -0.5518 -0.6281 -0.5486
vn -0.3835 -0.5120 -0.7686
vn 0.5787 0.7878 -0.2107
vn 0.4483 0.8653 -0.2241
vn 0.5952 0.7952 -0.1157
vn 0.2416 0.3277 -0.9134
vn 0.3006 0.3722 -0.8781
vn 0.2360 0.2927 -0.9266
vn 0.1937 0.2465 -0.9496
vn 0.2402 0.2715 -0.9320
vn 0.5746 0.7568 -0.3117
vn 0.4607 0.7925 -0.3996
vn 0.5358 0.7207 -0.4399
vn 0.4239 0.4810 -0.7674
vn 0.4948 0.5363 -0.6838
vn 0.4458 0.4685 -0.7628
vn 0.4200 0.7130 -0.5614
vn 0.4954 0.6594 -0.5654
vn 0.1810 0.2541 -0.9501
vn 0.4341 0.5743 -0.6940
vn 0.3199 0.6875 -0.6520
vn 0.3397 0.5508 -0.7624
vn 0.3813 0.4098 -0.8287
vn 0.3658 0.4790 -0.7980
vn 0.2614 0.4999 -0.8257
vn 0.2009 0.2855 -0.9371
vn 0.2996 0.3971 -0.8675
vn 0.1618 0.5285 -0.8334
vn 0.1985 0.3788 -0.9039
vn 0.2824 0.3255 -0.9024
vn 0.3391 0.3820 -0.8597
vn 0.3007 0.3212 -0.8980
vn 0.6168 0.7465 -0.2496
vn 0.6457 0.7518 -0.1335
vn 0.6419 0.7327 -0.2263
vn 0.1831 0.2295 -0.9559
vn 0.2017 0.2399 -0.9496
vn 0.1544 0.3319 -0.9306
vn 0.1472 0.2813 -0.9483
vn 0.1753 0.2394 -0.9549
vn 0.1335 0.2762 -0.9518
vn 0.6815 0.7289 -0.0653
vn 0.1655 0.2498 -0.9541
vn 0.6096 0.7890 -0.0759
vn 0.6090 0.7722 -0.1811
vn 0.4946 0.5770 -0.6500
vn 0.5668 0.6309 -0.5298
vn 0.5610 0.5966 -0.5739
vn 0.1938 0.2136 -0.9575
vn 0.1952 0.2114 -0.9577
vn 0.6759 0.7242 -0.1369
vn 0.1918 0.2170 -0.9571
vn 0.1888 0.2213 -0.9568
vn 0.6324 0.7068 -0.3171
vn 0.1882 0.2235 -0.9564
vn 0.1890 0.2265 -0.9555
vn 0.2127 0.2015 -0.9561
vn 0.5855 0.7095 -0.3921
vn 0.5964 0.6856 -0.4174
vn 0.2064 0.2063 -0.9565
vn 0.2005 0.2127 -0.9563
vn 0.2097 0.2043 -0.9562
vn 0.6314 0.7715 -0.0788
vn 0.6501 0.7570 -0.0652
vn 0.6659 0.7428 -0.0688
vn 0.6224 0.6636 -0.4150
vn 0.5431 0.6563 -0.5237
vn 0.6559 0.7179 -0.2331
vn 0.1296 0.2879 -0.9488
vn 0.3725 0.4462 -0.8137
vn 0.1688 0.2549 -0.9521
vn 0.1333 0.3060 -0.9427
vn 0.1272 0.2997 -0.9455
vn 0.1826 0.2486 -0.9512
vn 0.1731 0.2542 -0.9515
vn 0.1450 0.2466 -0.9582
vn 0.1033 0.2956 -0.9497
vn 0.4274 0.5291 -0.7331
vn 0.5743 0.7253 -0.3796
vn 0.1980 0.2092 -0.9576
vn 0.4956 0.6233 -0.6050
vn 0.4930 0.5792 -0.6492
vn 0.4425 0.5001 -0.7444
vn 0.5330 0.5525 -0.6408
vn 0.1844 0.2229 -0.9572
vn 0.1956 0.2219 -0.9552
vn 0.1995 0.2195 -0.9550
vn 0.1998 0.2178 -0.9553
vn 0.1936 0.2276 -0.9543
vn -0.3888 -0.4446 -0.8070
vn 0.2059 0.2219 -0.9531
vn 0.1353 0.2357 -0.9624
vn 0.1894 0.2286 -0.9549
vn 0.2033 0.2458 -0.9478
vn 0.1928 0.2140 -0.9576
vn 0.1909 0.2247 -0.9555
vn 0.1944 0.2260 -0.9545
vn 0.2013 0.2266 -0.9530
vn 0.1793 0.2289 -0.9568
vn 0.2048 0.2239 -0.9529
vn 0.2065 0.2247 -0.9523
vn 0.0138 0.1362 0.9906
vn 0.1895 0.2240 -0.9560
vn 0.3723 0.6261 -0.6851
vn 0.3643 0.6446 -0.6722
vn 0.2458 0.3437 -0.9063
vn 0.1946 0.2345 -0.9524
vn 0.1807 0.2456 -0.9524
vn 0.1774 0.2628 -0.9484
vn 0.1800 0.2529 -0.9506
vn 0.1808 0.2508 -0.9510
vn 0.2831 0.7256 -0.6272
vn 0.2561 0.6015 -0.7567
vn 0.2638 0.6718 -0.6922
vn 0.5378 0.6906 -0.4835
vn 0.5250 0.8467 -0.0860
vn 0.2768 0.9605 -0.0275
vn 0.5447 0.5803 -0.6055
vn 0.5647 0.6113 -0.5545
vn 0.5963 0.6351 -0.4910
vn 0.5453 0.6134 -0.5714
vn 0.5713 0.6565 -0.4925
vn 0.5595 0.7109 -0.4260
vn 0.5890 0.5319 -0.6084
vn 0.5616 0.7130 -0.4198
vn 0.5672 0.5894 -0.5752
vn 0.5548 0.5817 -0.5948
vn 0.6272 0.6966 -0.3484
vn 0.5328 0.5999 -0.5969
vn 0.5347 0.6383 -0.5538
vn 0.4600 0.5244 -0.7165
vn -0.4156 -0.5198 0.7464
vn -0.4822 -0.5508 0.6812
vn -0.4238 -0.5236 0.7391
vn -0.5813 -0.7345 0.3502
vn -0.6085 -0.7196 0.3346
vn -0.6028 -0.7240 0.3352
vn -0.4774 -0.5425 0.6912
vn -0.4629 -0.5044 0.7289
vn -0.6149 -0.7039 0.3557
vn -0.4639 -0.5155 0.7204
vn 0.2019 -0.6561 0.7272
vn 0.0813 -0.6415 0.7628
vn 0.0869 -0.5215 0.8488
vn 0.1827 -0.7910 0.5838
vn 0.4874 -0.7417 0.4608
vn 0.3807 -0.8546 0.3532
vn -0.0361 -0.7586 0.6506
vn -0.1803 -0.5262 0.8311
vn 0.2513 -0.8961 0.3660
vn -0.6025 -0.6888 0.4031
vn -0.6138 -0.6770 0.4062
vn -0.6037 -0.6757 0.4230
vn -0.0384 -0.8698 0.4919
vn 0.2166 -0.9759 -0.0282
vn -0.2129 -0.4916 0.8444
vn -0.4421 -0.4863 0.7537
vn -0.4278 -0.4372 0.7911
vn -0.4320 -0.4403 0.7871
vn -0.2298 -0.9005 0.3691
vn -0.6113 -0.6141 0.4991
vn -0.6170 -0.6632 0.4236
vn -0.6134 -0.6794 0.4028
vn -0.3773 -0.8650 0.3307
vn -0.6567 -0.6721 0.3420
vn -0.4158 -0.8806 0.2273
vn -0.4944 -0.7611 0.4198
vn -0.4256 -0.8150 0.3933
vn 0.6435 -0.7641 -0.0454
vn 0.6765 -0.7356 -0.0351
vn 0.7155 -0.6983 -0.0198
vn 0.8243 -0.5653 0.0310
vn 0.7487 -0.6617 0.0403
vn 0.8544 -0.5159 0.0617
vn 0.9643 -0.2272 0.1362
vn 0.9474 -0.2918 0.1314
vn 0.9745 0.0093 0.2240
vn 0.9673 0.1138 0.2265
vn 0.8989 0.3350 0.2825
vn 0.8807 0.3855 0.2752
vn 0.7748 0.5580 0.2973
vn 0.7612 0.5803 0.2896
vn -0.6994 -0.7092 0.0887
vn -0.6728 -0.7396 0.0200
vn -0.6935 -0.7166 0.0747
vn -0.6610 -0.7504 0.0059
vn -0.6631 -0.7485 -0.0012
vn -0.7203 -0.6936 -0.0050
vn -0.1867 -0.2243 0.9565
vn -0.2180 -0.2413 0.9456
vn -0.2414 -0.2721 0.9315
vn -0.3000 -0.3116 0.9016
vn -0.3719 -0.3582 0.8564
vn -0.4085 -0.3659 0.8362
vn -0.4552 -0.4296 0.7799
vn -0.4853 -0.4450 0.7526
vn -0.5251 -0.5002 0.6886
vn -0.5373 -0.5221 0.6623
vn -0.5505 -0.5774 0.6030
vn -0.5502 -0.6043 0.5763
vn -0.5821 -0.6174 0.5291
vn -0.5859 -0.6320 0.5072
vn -0.5908 -0.6539 0.4726
vn -0.5847 -0.6768 0.4472
vn -0.6448 -0.7376 0.2004
vn -0.6638 -0.7267 0.1766
vn -0.6840 -0.7151 0.1442
vn -0.7027 -0.6997 0.1290
vn -0.6817 -0.7238 0.1070
vn -0.2016 -0.2048 0.9578
vn -0.2098 -0.1953 0.9580
vn -0.2111 -0.1943 0.9580
vn -0.1796 -0.2043 0.9623
vn -0.2099 -0.1974 0.9576
vn -0.2095 -0.1992 0.9573
vn -0.2101 -0.1972 0.9576
vn -0.2011 -0.2078 0.9573
vn -0.1975 -0.2090 0.9578
vn -0.2051 -0.2071 0.9566
vn -0.2037 -0.2069 0.9569
vn 0.1316 0.1597 0.9784
vn 0.0863 0.0924 0.9920
vn 0.0800 0.0755 0.9939
vn 0.1319 0.1678 0.9770
vn 0.0255 0.0297 0.9992
vn 0.0292 0.0323 0.9991
vn 0.7253 0.6880 0.0247
vn 0.6699 0.7424 0.0120
vn 0.7028 0.7113 0.0116
vn -0.0309 -0.0240 0.9992
vn -0.0291 -0.0237 0.9993
vn 0.6803 0.7260 0.1006
vn 0.6557 0.7547 0.0243
vn 0.6847 0.7188 0.1209
vn -0.0854 -0.1044 0.9909
vn -0.0757 -0.0846 0.9935
vn 0.6722 0.7186 0.1780
vn 0.6711 0.7009 0.2417
vn 0.6793 0.6888 0.2532
vn -0.1307 -0.1464 0.9805
vn -0.1417 -0.1632 0.9764
vn 0.6501 0.6811 0.3367
vn 0.6457 0.6914 0.3243
vn 0.6292 0.6602 0.4102
vn 0.5764 0.6736 0.4626
vn 0.5675 0.6122 0.5506
vn 0.6182 0.5985 0.5095
vn 0.5326 0.5533 0.6405
vn 0.5375 0.5493 0.6399
vn 0.4760 0.4817 0.7357
vn 0.4774 0.4921 0.7280
vn 0.3851 0.4001 0.8316
vn 0.4213 0.4554 0.7843
vn 0.3377 0.3474 0.8748
vn 0.2878 0.3290 0.8994
vn 0.2568 0.2965 0.9199
vn 0.1925 0.2299 0.9540
vn 0.1739 0.2047 0.9633
vn 0.1678 0.2586 -0.9513
vn 0.0119 0.2393 -0.9709
vn 0.0840 0.2244 -0.9709
vn 0.0779 0.1759 -0.9813
vn 0.0414 0.1286 -0.9908
vn -0.0225 0.2165 -0.9760
vn 0.0158 0.1018 -0.9947
vn -0.6252 -0.3159 -0.7137
vn -0.5314 -0.2493 -0.8096
vn -0.4309 -0.3478 -0.8327
vn -0.0762 0.1621 -0.9838
vn -0.0794 -0.0048 -0.9968
vn 0.1501 0.2336 -0.9607
vn 0.1226 0.2383 -0.9634
vn -0.1495 0.0899 -0.9847
vn 0.1079 0.2231 -0.9688
vn -0.2035 0.0210 -0.9788
vn -0.2381 -0.1576 -0.9584
vn -0.3315 -0.0681 -0.9410
vn 0.0928 0.1897 -0.9774
vn -0.4073 -0.1906 -0.8932
vn 0.0497 0.3626 -0.9306
vn -0.0532 0.4544 -0.8892
vn 0.0351 0.3705 -0.9282
vn -0.5189 0.7635 -0.3845
vn -0.5551 0.7838 -0.2784
vn -0.5730 0.7686 -0.2844
vn -0.2005 0.5865 -0.7848
vn -0.1447 0.5371 -0.8310
vn -0.3030 0.6538 -0.6934
vn -0.3422 0.6952 -0.6321
vn -0.5209 0.7764 -0.3547
vn -0.0342 0.4451 -0.8948
vn -0.1390 0.5389 -0.8308
vn 0.0383 0.3842 -0.9225
vn -0.5428 0.7999 -0.2561
vn -0.5034 0.7753 -0.3814
vn 0.3286 0.9363 -0.1240
vn -0.3762 0.7302 -0.5703
vn -0.4288 0.7462 -0.5091
vn 0.2123 0.9258 -0.3129
vn 0.2027 0.8694 -0.4506
vn -0.2367 0.6416 -0.7296
vn -0.0658 0.4735 -0.8783
vn -0.5134 0.7916 -0.3314
vn 0.0265 0.4091 -0.9121
vn -0.5279 0.8055 -0.2693
vn -0.3397 0.7249 -0.5993
vn -0.1480 0.5680 -0.8096
vn -0.4845 0.7910 -0.3735
vn -0.0872 0.5133 -0.8538
vn -0.5140 0.8111 -0.2793
vn -0.2433 0.6650 -0.7061
vn -0.1230 0.5684 -0.8135
vn -0.4641 0.8011 -0.3780
vn -0.3693 0.7571 -0.5389
vn 0.0385 0.4107 -0.9110
vn -0.0472 0.4892 -0.8709
vn -0.4140 0.9043 -0.1043
vn -0.4482 0.8929 -0.0434
vn -0.3229 0.9445 -0.0601
vn -0.5001 0.8219 -0.2728
vn -0.1281 0.5502 -0.8251
vn -0.2472 0.6834 -0.6869
vn -0.4634 0.8124 -0.3538
vn 0.1521 0.6673 -0.7291
vn -0.4855 0.8327 -0.2663
vn -0.4490 0.8210 -0.3527
vn -0.2179 0.6779 -0.7021
vn -0.3347 0.7870 -0.5183
vn -0.3505 0.7760 -0.5244
vn -0.0630 0.5480 -0.8341
vn -0.4265 0.8279 -0.3643
vn -0.2233 0.6956 -0.6828
vn 0.0493 0.4016 -0.9145
vn 0.0485 0.4166 -0.9078
vn -0.4168 0.8309 -0.3686
vn -0.2945 0.7696 -0.5666
vn -0.1698 0.6638 -0.7284
vn -0.4521 0.8523 -0.2631
vn -0.4081 0.8726 -0.2682
vn -0.3565 0.8446 -0.3994
vn -0.4456 0.8869 -0.1217
vn -0.2141 0.7096 -0.6713
vn -0.3964 0.8445 -0.3602
vn 0.1108 0.9763 -0.1861
vn 0.0572 0.9959 -0.0698
vn -0.3108 0.7956 -0.5201
vn -0.0861 0.5861 -0.8056
vn -0.0101 0.5026 -0.8645
vn -0.1310 0.9890 -0.0690
vn 0.0338 0.4156 -0.9089
vn -0.1685 0.9766 -0.1333
vn -0.2532 0.7696 -0.5861
vn -0.3160 0.8126 -0.4897
vn -0.3874 0.8494 -0.3584
vn -0.4693 0.8774 -0.0998
vn -0.0780 0.9585 -0.2742
vn -0.1213 0.6465 -0.7532
vn -0.2686 0.9324 -0.2418
vn -0.2803 0.9469 -0.1575
vn -0.6204 0.7838 -0.0287
vn -0.6232 0.7820 -0.0136
vn -0.0863 0.5588 -0.8248
vn -0.1133 0.9168 -0.3830
vn 0.1092 0.8181 -0.5647
vn -0.3833 0.8741 -0.2985
vn -0.2585 0.8734 -0.4128
vn -0.3357 0.8148 -0.4727
vn -0.4920 0.8089 -0.3218
vn -0.4346 0.7737 -0.4609
vn -0.0859 0.8599 -0.5032
vn -0.2503 0.7359 -0.6291
vn -0.3623 0.7303 -0.5791
vn 0.0504 0.4187 -0.9067
vn 0.0642 0.5061 -0.8601
vn -0.4424 0.7207 -0.5338
vn -0.5320 0.7691 -0.3542
vn -0.2631 0.6571 -0.7064
vn -0.5739 0.7625 -0.2987
vn -0.5735 0.7771 -0.2591
vn -0.0929 0.7877 -0.6090
vn -0.5628 0.7449 -0.3583
vn 0.0576 0.3558 -0.9328
vn -0.2582 0.6148 -0.7453
vn -0.4047 0.6869 -0.6037
vn -0.6040 0.7457 -0.2813
vn -0.1193 0.4949 -0.8607
vn -0.0807 0.4806 -0.8732
vn -0.0794 0.6983 -0.7114
vn -0.2668 0.6047 -0.7505
vn 0.0757 0.3198 -0.9445
vn -0.5049 0.7261 -0.4669
vn -0.4328 0.8846 -0.1738
vn -0.4948 0.8331 -0.2471
vn -0.5723 0.7462 -0.3401
vn -0.3316 0.6388 -0.6943
vn -0.1479 0.5206 -0.8409
vn -0.4175 0.6895 -0.5919
vn -0.5109 0.7325 -0.4499
vn -0.4702 0.7173 -0.5142
vn -0.0851 0.5837 -0.8075
vn -0.2536 0.6045 -0.7552
vn -0.4176 0.7072 -0.5705
vn -0.0930 0.5192 -0.8496
vn -0.2142 0.5758 -0.7890
vn -0.0705 0.4623 -0.8839
vn -0.3235 0.6529 -0.6849
vn -0.4090 0.7081 -0.5755
vn 0.0510 0.3558 -0.9332
vn -0.2301 0.6000 -0.7662
vn -0.0737 0.4682 -0.8806
vn -0.5361 0.7552 -0.3772
vn -0.4218 0.7257 -0.5435
vn -0.4442 0.7457 -0.4967
vn -0.2847 0.6626 -0.6927
vn -0.4375 0.7676 -0.4684
vn -0.3548 0.7668 -0.5350
vn -0.5569 0.7426 -0.3720
vn -0.5412 0.7558 -0.3686
vn -0.4912 0.7424 -0.4555
vn -0.4809 0.8721 -0.0900
vn -0.4911 0.8636 -0.1143
vn -0.5067 0.8465 -0.1634
vn -0.5248 0.8305 -0.1865
vn -0.5453 0.8078 -0.2238
vn -0.5483 0.8003 -0.2428
vn -0.5602 0.7850 -0.2646
vn -0.7454 0.6543 0.1274
vn -0.7401 0.6450 0.1902
vn -0.7359 0.6557 0.1689
vn -0.6053 0.7467 -0.2757
vn -0.0266 0.4033 -0.9147
vn -0.5923 0.7571 -0.2758
vn -0.7490 0.6622 0.0227
vn -0.7402 0.6721 0.0168
vn -0.7497 0.6616 0.0165
vn -0.7656 0.6432 0.0128
vn -0.7248 0.6889 0.0083
vn -0.7337 0.6794 0.0051
vn -0.7255 0.6881 0.0109
vn -0.7411 0.6586 0.1301
vn -0.7339 0.6737 0.0866
vn -0.7354 0.6761 0.0454
vn -0.7427 0.6650 0.0785
vn -0.7446 0.6644 0.0645
vn -0.7451 0.6647 0.0536
vn -0.7305 0.6828 0.0160
vn -0.7238 0.6900 0.0021
vn -0.7304 0.6371 0.2463
vn -0.7376 0.6384 0.2200
vn -0.7228 0.6250 0.2950
vn -0.7416 0.6641 0.0948
vn -0.7374 0.6604 0.1421
vn -0.7214 0.6922 0.0187
vn -0.7712 0.6366 0.0009
vn -0.6161 0.7876 -0.0082
vn -0.7447 0.6662 0.0407
vn -0.7464 0.6647 0.0323
vn -0.7250 0.6878 0.0369
vn -0.8402 0.5411 0.0363
vn -0.6829 0.6692 0.2930
vn -0.6743 0.6786 0.2911
vn -0.6858 0.6662 0.2928
vn -0.6558 0.7061 0.2672
vn -0.6983 0.6555 0.2878
vn -0.6945 0.6588 0.2892
vn -0.7066 0.6394 0.3031
vn -0.7160 0.6350 0.2899
vn -0.7126 0.6381 0.2915
vn -0.5317 0.8458 0.0441
vn -0.5021 0.8643 0.0305
vn -0.5167 0.8560 0.0164
vn -0.5698 0.8218 0.0073
vn -0.5407 0.8411 0.0146
vn -0.5356 0.8445 0.0020
vn -0.6601 0.7011 0.2697
vn -0.5218 0.4163 0.7446
vn -0.4967 0.5047 0.7061
vn -0.4037 0.3604 0.8409
vn -0.6441 0.7151 0.2715
vn -0.4733 0.8808 0.0112
vn -0.4952 0.8688 0.0060
vn -0.6460 0.7296 0.2245
vn -0.5963 0.7998 0.0687
vn -0.6047 0.7873 0.1204
vn -0.5946 0.8011 0.0677
vn -0.5856 0.8083 0.0611
vn -0.5148 0.8573 0.0064
vn -0.5354 0.8446 0.0051
vn -0.6162 0.7770 0.1286
vn -0.6179 0.7754 0.1303
vn -0.5648 0.8242 0.0401
vn -0.5802 0.8124 0.0582
vn -0.5739 0.8186 0.0224
vn -0.5652 0.8248 0.0135
vn -0.5645 0.8253 0.0120
vn -0.5460 0.8377 0.0148
vn -0.5655 0.8206 0.0824
vn -0.5543 0.8322 0.0153
vn -0.4755 0.8797 0.0007
vn -0.5536 0.8327 0.0111
vn -0.6513 0.7228 0.2309
vn -0.6296 0.7523 0.1941
vn -0.5165 0.8554 0.0395
vn -0.5538 0.8326 0.0070
vn -0.4413 0.8974 0.0020
vn -0.4479 0.8897 -0.0888
vn -0.4166 0.9091 -0.0027
vn -0.6222 0.7624 0.1778
vn -0.5880 0.7999 0.1202
vn -0.5465 0.8340 0.0754
vn -0.4344 0.8998 -0.0408
vn -0.4064 0.9133 -0.0251
vn -0.5395 0.8420 0.0033
vn -0.4279 0.9032 -0.0332
vn -0.4422 0.8969 0.0016
vn -0.4107 0.9118 0.0008
vn -0.4166 0.9091 -0.0006
vn -0.2007 0.9795 -0.0189
vn -0.4075 0.9130 -0.0191
vn -0.5291 0.7955 -0.2955
vn -0.5781 0.7859 -0.2196
vn -0.5022 0.8450 -0.1841
vn -0.4812 0.8707 -0.1021
vn -0.4638 0.8753 -0.1368
vn -0.7073 0.6719 -0.2198
vn -0.6633 0.6590 -0.3545
vn -0.5621 0.8170 -0.1285
vn -0.6458 0.7493 -0.1467
vn -0.9954 -0.0121 -0.0952
vn -0.9872 -0.0674 -0.1446
vn -0.9915 -0.1202 -0.0498
vn -0.9637 -0.2605 -0.0587
vn -0.9714 0.2299 -0.0591
vn -0.9607 0.2192 -0.1704
vn -0.8508 0.5016 -0.1566
vn -0.5387 0.8396 -0.0701
vn -0.8644 0.4987 -0.0643
vn -0.7522 0.6577 -0.0395
vn -0.7356 0.6675 -0.1156
vn -0.3714 0.8534 -0.3658
vn -0.0087 0.3664 -0.9304
vn -0.1832 0.6069 -0.7734
vn -0.2410 0.7326 -0.6365
vn -0.1457 0.4991 -0.8542
vn -0.3740 0.8211 -0.4311
vn -0.3026 0.7086 -0.6374
vn -0.1541 0.4087 -0.8995
vn -0.1949 0.2940 -0.9357
vn -0.2741 0.5992 -0.7523
vn -0.3976 0.7917 -0.4638
vn -0.2907 0.4745 -0.8309
vn -0.3706 0.6259 -0.6862
vn -0.3047 0.2119 -0.9286
vn -0.4523 0.8489 -0.2736
vn -0.3835 0.4018 -0.8316
vn -0.4070 0.5604 -0.7214
vn -0.5159 0.5679 -0.6414
vn -0.4678 0.6952 -0.5458
vn -0.4883 0.3274 -0.8089
vn -0.5885 0.4126 -0.6953
vn -0.5420 0.0937 -0.8351
vn -0.5337 0.7126 -0.4554
vn -0.6529 0.3457 -0.6740
vn -0.7342 -0.1581 -0.6602
vn -0.6415 -0.0583 -0.7649
vn -0.6229 0.5942 -0.5088
vn -0.7379 0.1214 -0.6639
vn -0.7357 0.4246 -0.5277
vn -0.5795 0.7241 -0.3739
vn -0.7384 -0.3187 -0.5943
vn -0.8467 -0.1268 -0.5167
vn -0.8288 0.1396 -0.5418
vn -0.8011 0.4117 -0.4344
vn -0.8870 0.1741 -0.4276
vn -0.8505 0.4496 -0.2729
vn -0.9213 -0.0712 -0.3822
vn -0.9352 0.2010 -0.2917
vn -0.7583 0.5640 -0.3270
vn -0.9711 0.0368 -0.2360
vn -0.3766 0.7034 -0.6029
vn -0.6287 0.7762 -0.0480
vn -0.4933 0.8695 -0.0266
vn -0.4171 0.1444 -0.8973
vn -0.4448 0.7664 -0.4634
vn -0.4838 0.7866 -0.3838
vn -0.7227 -0.4277 -0.5430
vn -0.8560 -0.2348 -0.4606
vn -0.4823 0.8383 -0.2542
vn -0.9171 -0.2249 -0.3293
vn -0.9822 -0.1855 -0.0307
vn -0.9958 -0.0898 -0.0190
vn -0.9872 0.1573 -0.0249
vn -0.9968 -0.0716 -0.0346
vn -0.9235 0.3830 -0.0211
vn -0.8298 0.5579 -0.0173
vn -0.7081 0.7060 -0.0115
vn -0.9875 0.1568 -0.0140
vn -0.9190 0.3941 -0.0109
vn -0.5993 0.8005 -0.0105
vn -0.9956 0.0934 -0.0020
vn -0.9943 -0.1069 0.0018
vn -0.8015 0.5979 -0.0071
vn -0.5101 0.8601 -0.0070
vn -0.4350 0.9004 -0.0036
vn -0.4637 0.8860 0.0014
vn -0.5640 0.8257 -0.0040
vn -0.9216 0.3881 -0.0079
vn -0.8103 0.5860 -0.0047
vn -0.6800 0.7332 -0.0043
vn -0.9981 0.0218 0.0580
vn -0.9961 0.0079 0.0874
vn -0.9945 -0.0004 0.1050
vn -0.9987 0.0291 0.0422
vn -0.8102 0.5785 0.0939
vn -0.8130 0.5718 0.1095
vn -0.8146 0.5678 0.1184
vn -0.8080 0.5832 0.0840
vn -0.5427 0.8377 0.0616
vn -0.4794 0.8707 0.1095
vn -0.5462 0.8363 0.0479
vn -0.4526 0.8854 0.1061
vn -0.4134 0.9028 0.1182
vn -0.4501 0.8919 0.0429
vn -0.4833 0.8684 0.1107
vn -0.5113 0.8545 0.0911
vn -0.5292 0.8440 0.0871
vn -0.5294 0.8440 0.0857
vn -0.0010 0.0017 1.0000
vn -0.0003 0.0006 1.0000
vn -0.0012 0.0019 1.0000
vn -0.0011 0.0019 1.0000
vn -0.0002 0.0008 1.0000
vn -0.0003 0.0009 1.0000
vn -0.0007 0.0007 1.0000
vn -0.0008 0.0013 1.0000
vn -0.0001 -0.0000 1.0000
vn -0.0008 0.0015 1.0000
vn 0.0006 -0.0006 1.0000
vn 0.0002 -0.0005 1.0000
vn -0.4447 0.8909 0.0925
vn -0.3827 0.9156 0.1238
vn -0.4533 0.8887 0.0688
vn -0.2881 0.9576 0.0073
vn -0.2455 0.9680 -0.0510
vn -0.0812 0.9647 0.2504
vn 0.1962 0.9791 -0.0533
vn -0.7164 0.6924 0.0861
vn -0.7354 0.6776 0.0096
vn -0.7094 0.6969 0.1052
vn -0.7420 0.6611 0.1115
vn -0.7420 0.6592 0.1224
vn -0.7074 0.6989 0.1051
vn 0.6909 -0.7229 -0.0081
vn 0.6921 -0.7218 -0.0060
vn 0.6917 -0.7222 -0.0086
vn 0.6936 -0.7204 -0.0055
vn 0.6886 -0.7251 -0.0062
vn 0.6938 -0.7201 0.0055
vn 0.6684 -0.7435 -0.0217
vn 0.6629 -0.7479 -0.0358
vn 0.6642 -0.7474 -0.0175
vn 0.6673 -0.7446 -0.0184
vn 0.6694 -0.7428 -0.0102
vn 0.6701 -0.7422 -0.0102
vn 0.6693 -0.7430 -0.0080
vn 0.6676 -0.7445 -0.0048
vn 0.6688 -0.7435 -0.0031
vn 0.6702 -0.7422 -0.0016
vn 0.6703 -0.7421 -0.0055
vn 0.6684 -0.7438 -0.0072
vn 0.6720 -0.7406 -0.0037
vn 0.6932 -0.7204 0.0212
vn 0.6789 -0.7342 0.0003
vn 0.6788 -0.7343 0.0031
vn 0.6813 -0.7320 0.0004
vn 0.6808 -0.7324 0.0057
vn 0.6759 -0.7370 -0.0048
vn 0.6785 -0.7345 0.0071
vn 0.6837 -0.7297 0.0097
vn 0.6824 -0.7309 0.0083
vn 0.6810 -0.7322 0.0107
vn 0.5409 -0.6455 -0.5392
vn 0.6599 -0.7504 -0.0379
vn 0.6740 -0.7325 -0.0955
vn 0.6801 -0.7329 0.0135
vn 0.6715 -0.7349 -0.0950
vn 0.6829 -0.7303 0.0154
vn 0.6799 -0.7331 0.0186
vn 0.6786 -0.7341 0.0242
vn 0.6721 -0.7283 -0.1337
vn 0.6746 -0.7378 0.0218
vn 0.6838 -0.7296 0.0115
vn 0.6715 -0.7284 -0.1358
vn 0.6808 -0.7324 0.0132
vn 0.6862 -0.7268 0.0301
vn 0.6826 -0.7305 0.0208
vn 0.6804 -0.7323 0.0295
vn 0.6859 -0.7274 0.0187
vn 0.6726 -0.6571 0.3403
vn 0.6374 -0.7115 -0.2958
vn 0.6873 -0.7263 0.0007
vn 0.6841 -0.7285 -0.0355
vn 0.6913 -0.7225 -0.0091
vn 0.6911 -0.7227 -0.0098
vn 0.6918 -0.7220 -0.0111
vn -0.5061 -0.7386 0.4453
vn -0.4525 -0.8207 0.3488
vn -0.5506 -0.7807 0.2955
vn -0.5044 -0.5742 0.6449
vn -0.5160 -0.6094 0.6020
vn -0.4749 -0.6873 0.5496
vn -0.4357 -0.4820 0.7602
vn -0.4878 -0.5160 0.7041
vn -0.5055 -0.5537 0.6617
vn -0.4479 -0.4973 0.7430
vn -0.3203 -0.5467 0.7736
vn -0.3728 -0.4765 0.7962
vn -0.5739 -0.8082 0.1325
vn -0.3677 -0.9288 0.0453
vn -0.4643 -0.8853 0.0274
vn -0.4995 -0.8474 0.1800
vn -0.4847 -0.8718 0.0709
vn -0.4009 -0.8944 0.1984
vn -0.5579 -0.7631 0.3261
vn -0.4851 -0.7837 0.3880
vn -0.4767 -0.7368 0.4795
vn -0.4849 -0.6917 0.5351
vn -0.5082 -0.8610 0.0194
vn -0.5366 -0.8074 0.2453
vn -0.2591 -0.6110 0.7480
vn 0.3365 -0.7229 0.6035
vn 0.2777 -0.7418 0.6104
vn 0.3396 -0.6814 0.6484
vn 0.2757 -0.7475 0.6043
vn 0.1697 -0.7767 0.6065
vn 0.2764 -0.7583 0.5904
vn 0.0345 -0.8121 0.5825
vn -0.0027 -0.8251 0.5650
vn -0.1830 -0.8037 0.5662
vn -0.0916 -0.8905 0.4457
vn 0.1369 -0.9147 0.3802
vn 0.0162 -0.9130 0.4077
vn 0.1700 -0.9074 0.3843
vn -0.0114 -0.9405 0.3397
vn -0.0025 -0.9522 0.3055
vn -0.0424 -0.9943 0.0976
vn 0.1211 -0.9883 0.0927
vn 0.1742 -0.9816 0.0787
vn -0.1377 -0.9789 0.1512
vn -0.0532 -0.9953 0.0813
vn -0.0112 -0.9985 0.0536
vn -0.0253 -0.9978 0.0605
vn 0.0579 -0.9981 0.0201
vn 0.2055 -0.8811 0.4259
vn 0.3096 -0.8584 0.4089
vn 0.1397 -0.7993 0.5845
vn 0.3313 -0.8524 0.4045
vn -0.2157 -0.7967 0.5645
vn 0.0628 -0.9979 0.0144
vn 0.0179 -0.9997 0.0164
vn -0.0000 -1.0000 0.0037
vn 0.3449 -0.6629 0.6645
vn 0.3454 -0.6477 0.6791
vn 0.1966 -0.5983 0.7768
vn 0.2232 -0.6206 0.7517
vn 0.1544 -0.5614 0.8130
vn 0.3293 -0.6667 0.6687
vn 0.2578 -0.6179 0.7428
vn 0.2774 -0.6467 0.7105
vn 0.2545 -0.6266 0.7366
vn 0.2675 -0.6293 0.7297
vn 0.2469 -0.6219 0.7432
vn 0.1522 -0.5594 0.8148
vn 0.2608 -0.6182 0.7415
vn 0.2358 -0.5992 0.7651
vn 0.1806 -0.5464 0.8178
vn 0.2354 -0.5989 0.7655
vn 0.1625 -0.5359 0.8285
vn 0.9439 -0.0907 0.3175
vn 0.9124 -0.3415 0.2257
vn 0.9060 -0.3149 0.2829
vn 0.9079 -0.3575 0.2191
vn 0.8825 0.1699 0.4385
vn 0.8860 0.2426 0.3952
vn 0.9217 0.1920 0.3370
vn 0.9285 0.2065 0.3087
vn 0.9604 0.1319 0.2456
vn 0.9677 0.1297 0.2163
vn 0.5390 -0.5161 0.6657
vn 0.5748 -0.5914 0.5655
vn 0.5761 -0.5986 0.5566
vn 0.9838 0.0595 0.1690
vn 0.5487 -0.3011 0.7799
vn 0.4799 -0.3183 0.8175
vn 0.5125 -0.2968 0.8058
vn 0.7355 -0.3508 0.5796
vn 0.6991 -0.3626 0.6163
vn 0.5575 -0.0647 0.8277
vn 0.7140 -0.4651 0.5233
vn 0.7412 -0.4840 0.4652
vn 0.7446 -0.2298 0.6267
vn 0.7111 -0.6024 0.3627
vn 0.6986 0.1255 0.7044
vn 0.7990 -0.3995 0.4494
vn 0.8388 -0.0862 0.5376
vn 0.8177 -0.1573 0.5537
vn 0.8273 -0.1328 0.5459
vn 0.6801 -0.7207 0.1346
vn 0.8162 -0.5257 0.2399
vn 0.7359 -0.6541 0.1748
vn 0.5793 -0.7186 0.3848
vn 0.5686 -0.3047 0.7641
vn 0.8196 -0.5279 0.2228
vn 0.5469 -0.0511 0.8357
vn 0.8909 -0.0126 0.4541
vn 0.8760 -0.0997 0.4720
vn 0.8816 0.1403 0.4506
vn 0.3261 -0.6780 0.6588
vn 0.9106 -0.3734 0.1774
vn 0.9007 -0.4100 0.1441
vn 0.3603 -0.5998 0.7145
vn 0.3629 -0.6436 0.6739
vn 0.3589 -0.6574 0.6626
vn 0.8977 -0.4195 0.1348
vn 0.9862 0.0438 0.1595
vn 0.3825 -0.5922 0.7092
vn 0.3853 -0.5349 0.7520
vn 0.3505 -0.6642 0.6603
vn 0.3588 -0.6578 0.6623
vn 0.3773 -0.5583 0.7389
vn 0.4141 -0.5312 0.7392
vn 0.4929 -0.5091 0.7056
vn 0.4187 -0.3064 0.8549
vn 0.3940 -0.3005 0.8686
vn 0.4146 -0.5102 0.7535
vn 0.4136 -0.5066 0.7565
vn 0.4722 -0.5081 0.7203
vn -0.9841 0.0753 0.1609
vn -0.9754 0.1963 0.1001
vn -0.9543 0.2742 0.1186
vn -0.9785 0.0448 0.2014
vn -0.9458 -0.2568 0.1989
vn -0.9264 -0.3521 0.1333
vn -0.9416 -0.2821 0.1838
vn -0.9745 0.2091 0.0818
vn -0.9976 -0.0105 0.0689
vn -0.9835 0.1742 0.0494
vn -0.9976 0.0375 0.0587
vn -0.9992 -0.0316 0.0259
vn -0.9989 -0.0457 0.0089
vn -0.9193 -0.3842 0.0855
vn -0.6243 0.2269 0.7475
vn -0.7531 0.2978 0.5867
vn -0.7267 0.3243 0.6056
vn -0.8293 0.3106 0.4645
vn -0.8131 0.3427 0.4707
vn -0.8605 0.2110 0.4637
vn -0.8456 0.1979 0.4958
vn -0.8852 0.1843 0.4272
vn -0.8833 0.0077 0.4687
vn -0.8788 0.4064 0.2501
vn -0.9048 0.3578 0.2310
vn -0.8947 -0.0375 0.4451
vn -0.9164 0.3323 0.2231
vn -0.8796 -0.1632 0.4469
vn -0.8764 -0.1799 0.4466
vn -0.9576 0.1046 0.2685
vn -0.9692 0.0596 0.2388
vn -0.9629 0.0849 0.2560
vn -0.6137 0.3119 0.7253
vn -0.5411 0.2718 0.7958
vn -0.5707 0.3108 0.7600
vn -0.5947 0.4289 0.6800
vn -0.5723 0.3114 0.7586
vn -0.5957 0.3460 0.7248
vn -0.5966 0.3481 0.7231
vn -0.5671 0.2695 0.7783
vn -0.6185 0.3615 0.6977
vn -0.6232 0.3634 0.6925
vn -0.5659 0.2702 0.7789
vn -0.4678 0.5167 0.7171
vn -0.4144 0.6292 0.6575
vn -0.4010 0.5863 0.7039
vn -0.4072 0.6611 0.6302
vn -0.5614 0.4196 0.7133
vn -0.4266 0.3687 0.8259
vn -0.5514 0.4607 0.6955
vn -0.3955 0.5182 0.7583
vn -0.4658 0.6062 0.6447
vn -0.3832 0.6770 0.6284
vn -0.3647 0.6869 0.6286
vn -0.3253 0.7334 0.5969
vn -0.2901 0.7614 0.5798
vn -0.2664 0.7714 0.5779
vn -0.3441 0.7207 0.6019
vn -0.1925 0.7955 0.5745
vn -0.1890 0.8793 0.4371
vn -0.1811 0.8466 0.5005
vn -0.2835 0.9175 0.2789
vn 0.1486 0.7294 0.6677
vn -0.2912 0.9187 0.2669
vn -0.0722 0.9129 0.4018
vn -0.0512 0.9201 0.3883
vn -0.0818 0.9118 0.4025
vn -0.1632 0.8040 0.5718
vn -0.0473 0.9264 0.3735
vn -0.0764 0.9433 0.3229
vn -0.0810 0.9465 0.3123
vn -0.0486 0.9683 0.2449
vn -0.0454 0.9629 0.2659
vn -0.0308 0.9876 0.1537
vn -0.0037 0.9905 0.1378
vn 0.0022 0.9769 0.2136
vn 0.0340 0.9801 0.1954
vn 0.0305 0.9937 0.1074
vn 0.0425 0.9928 0.1122
vn -0.0775 0.9960 0.0438
vn -0.0859 0.9957 0.0336
vn -0.0893 0.9959 -0.0136
vn -0.3019 -0.7022 -0.6448
vn -0.3337 -0.6153 -0.7141
vn -0.3035 -0.6851 -0.6622
vn -0.0125 -0.2466 -0.9690
vn -0.1274 -0.2534 -0.9589
vn -0.3214 -0.8829 0.3424
vn -0.3857 -0.5950 -0.7051
vn 0.0177 -0.7175 -0.6963
vn -0.0560 -0.5674 -0.8215
vn -0.0726 -0.5297 -0.8451
vn 0.0434 -0.7627 -0.6453
vn 0.0358 -0.4585 -0.8880
vn 0.2025 -0.5471 -0.8122
vn 0.1177 -0.4979 -0.8592
vn 0.3447 -0.4671 -0.8143
vn 0.3847 -0.4376 -0.8127
vn 0.5013 -0.3699 -0.7822
vn 0.5403 -0.2774 -0.7944
vn 0.3084 -0.8447 0.4375
vn 0.5761 -0.2415 -0.7808
vn 0.6783 -0.4833 -0.5534
vn 0.6621 -0.3961 -0.6362
vn 0.7113 -0.5151 -0.4784
vn 0.6755 -0.3811 -0.6313
vn 0.6189 -0.3075 -0.7228
vn 0.5475 -0.1880 -0.8154
vn 0.4970 -0.1375 -0.8568
vn 0.7246 -0.5383 -0.4303
vn 0.6904 -0.4387 -0.5752
vn 0.7222 -0.5324 -0.4415
vn 0.6098 -0.2656 -0.7467
vn 0.7984 -0.1470 -0.5839
vn 0.8568 -0.0224 -0.5152
vn 0.7901 -0.1340 -0.5981
vn 0.8578 -0.1582 -0.4890
vn 0.5263 -0.1608 -0.8350
vn 0.7550 -0.6507 0.0805
vn 0.7358 0.3159 -0.5990
vn 0.8105 0.4388 -0.3880
vn 0.7562 0.3444 -0.5564
vn 0.9111 0.0841 -0.4035
vn 0.9233 0.0893 -0.3736
vn 0.8206 0.4641 -0.3335
vn 0.5907 0.4812 -0.6477
vn 0.4224 0.2620 0.8677
vn 0.1124 -0.4933 0.8626
vn 0.6327 -0.6709 0.3867
vn 0.6875 -0.6025 0.4054
vn 0.7259 -0.4477 0.5222
vn 0.7816 -0.2874 0.5536
vn 0.7770 -0.1931 0.5992
vn 0.6859 -0.1502 0.7120
vn 0.6613 -0.1662 0.7315
vn 0.5104 0.1249 0.8508
vn 0.0157 0.0226 -0.9996
vn 0.0128 0.0367 -0.9992
vn 0.0058 0.0376 -0.9993
vn -0.0023 0.0219 -0.9998
vn -0.0067 0.0208 -0.9998
vn 0.0015 0.0157 -0.9999
vn 0.0032 0.0162 -0.9999
vn 0.0068 0.0204 -0.9998
vn 0.0079 0.0192 -0.9998
vn 0.0082 0.0260 -0.9996
vn 0.0085 0.0277 -0.9996
vn 0.0100 0.0293 -0.9995
vn 0.0105 0.0300 -0.9995
vn 0.0102 0.0308 -0.9995
vn 0.0093 0.0254 -0.9996
vn 0.0082 0.0196 -0.9998
vn 0.0066 0.0185 -0.9998
vn 0.0106 0.0202 -0.9997
vn 0.0121 0.0212 -0.9997
vn 0.0115 0.0216 -0.9997
vn 0.0116 0.0229 -0.9997
vn 0.0121 0.0096 -0.9999
vn 0.0181 0.0248 -0.9995
vn 0.0210 0.0216 -0.9995
vn 0.0253 0.0340 -0.9991
vn 0.0083 0.0170 -0.9998
vn 0.0276 0.0184 -0.9994
vn 0.0263 0.0322 -0.9991
vn 0.0169 0.0206 -0.9996
vn 0.0068 0.0187 -0.9998
vn 0.0200 0.0188 -0.9996
vn 0.0142 0.0143 -0.9998
vn 0.0133 0.0174 -0.9998
vn 0.0092 -0.0120 -0.9999
vn 0.0477 0.0534 -0.9974
vn 0.0195 0.0179 -0.9997
vn 0.0294 0.0138 -0.9995
vn 0.0217 0.0107 -0.9997
vn 0.0363 0.0185 -0.9992
vn 0.0440 0.0370 -0.9983
vn 0.0253 0.0156 -0.9996
vn 0.0273 0.0155 -0.9995
vn 0.0368 0.0163 -0.9992
vn 0.0206 0.0060 -0.9998
vn 0.0339 0.0153 -0.9993
vn 0.0378 0.0151 -0.9992
vn 0.0381 0.0142 -0.9992
vn 0.0390 0.0160 -0.9991
vn 0.0277 0.0141 -0.9995
vn 0.0257 0.0139 -0.9996
vn 0.0209 0.0066 -0.9998
vn 0.0187 0.0057 -0.9998
vn 0.0180 0.0048 -0.9998
vn 0.0209 0.0009 -0.9998
vn 0.0320 0.0027 -0.9995
vn 0.0502 -0.0021 -0.9987
vn 0.0208 -0.0050 -0.9998
vn 0.0397 0.0011 -0.9992
vn 0.0249 0.0106 -0.9996
vn 0.7065 0.3009 -0.6405
vn 0.6573 0.2925 -0.6945
vn 0.7306 0.3287 -0.5985
vn 0.6417 0.2859 -0.7116
vn 0.5929 0.2847 -0.7533
vn 0.5854 0.3005 -0.7530
vn 0.5705 0.2934 -0.7671
vn 0.6158 0.3357 -0.7128
vn 0.6268 0.3553 -0.6935
vn 0.6830 0.3976 -0.6127
vn 0.5142 0.3123 -0.7988
vn 0.5038 0.3059 -0.8078
vn 0.6079 0.4024 -0.6846
vn 0.6122 0.3989 -0.6828
vn 0.1369 0.8788 -0.4572
vn 0.1592 0.9447 -0.2867
vn 0.1741 0.8903 -0.4208
vn 0.6024 0.4123 -0.6835
vn 0.5960 0.4172 -0.6861
vn 0.1332 0.9840 -0.1184
vn 0.1042 0.9665 -0.2347
vn 0.0973 0.9610 -0.2588
vn 0.4922 0.3729 -0.7866
vn 0.4914 0.3697 -0.7886
vn 0.7641 0.0507 -0.6431
vn 0.8705 0.0843 -0.4849
vn 0.8930 0.0831 -0.4423
vn 0.7369 0.0465 -0.6744
vn 0.4897 0.3738 -0.7877
vn 0.4936 0.3780 -0.7832
vn 0.5769 0.4751 -0.6644
vn 0.0498 0.6915 -0.7207
vn -0.0000 0.5240 -0.8517
vn 0.0032 0.5392 -0.8422
vn 0.9503 0.1042 -0.2935
vn 0.9594 0.1141 -0.2579
vn 0.6917 0.0342 -0.7214
vn 0.4758 0.4302 -0.7672
vn 0.6730 0.0807 -0.7352
vn 0.6744 0.0786 -0.7342
vn 0.6729 0.0805 -0.7354
vn 0.4462 0.3870 -0.8069
vn 0.5333 0.5639 -0.6305
vn 0.4784 0.5273 -0.7022
vn 0.5410 0.5624 -0.6253
vn 0.7571 0.1103 -0.6439
vn 0.7109 0.0753 -0.6993
vn 0.4642 0.5150 -0.7206
vn 0.4651 0.5419 -0.7000
vn 0.5082 0.6187 -0.5992
vn 0.6519 0.1168 -0.7493
vn 0.6152 0.0936 -0.7828
vn 0.7041 0.1252 -0.6990
vn 0.5010 0.6203 -0.6035
vn 0.4617 0.6087 -0.6452
vn 0.4689 0.6039 -0.6445
vn 0.4226 0.5940 -0.6845
vn 0.6224 0.1381 -0.7704
vn 0.6318 0.1344 -0.7634
vn 0.4176 0.5983 -0.6839
vn 0.3728 0.5541 -0.7443
vn 0.3562 0.5521 -0.7539
vn 0.3340 0.5417 -0.7714
vn 0.3330 0.5425 -0.7713
vn 0.5776 0.1580 -0.8009
vn 0.7138 0.1737 -0.6784
vn 0.5417 0.1634 -0.8245
vn 0.3255 0.5621 -0.7603
vn 0.3246 0.5637 -0.7596
vn 0.6996 0.2135 -0.6819
vn 0.7837 0.2194 -0.5811
vn 0.7944 0.2519 -0.5527
vn 0.3114 0.5744 -0.7570
vn 0.3089 0.5749 -0.7577
vn 0.7002 0.2297 -0.6760
vn 0.7860 0.2749 -0.5537
vn 0.2904 0.5607 -0.7754
vn 0.2616 0.5437 -0.7975
vn 0.6970 0.2542 -0.6705
vn 0.7445 0.2919 -0.6004
vn 0.2468 0.5696 -0.7840
vn 0.7156 0.2666 -0.6456
vn 0.7348 0.3004 -0.6081
vn 0.2424 0.5961 -0.7655
vn 0.2470 0.5784 -0.7774
vn 0.2394 0.6024 -0.7614
vn 0.2464 0.6746 -0.6958
vn 0.2449 0.6699 -0.7009
vn 0.5627 0.5236 -0.6397
vn 0.5156 0.5132 -0.6861
vn 0.2327 0.6679 -0.7070
vn 0.2138 0.6537 -0.7259
vn 0.2381 0.6668 -0.7062
vn 0.2075 0.6662 -0.7163
vn 0.1934 0.6581 -0.7276
vn 0.1880 0.6689 -0.7191
vn 0.1855 0.6750 -0.7142
vn 0.1138 0.6070 -0.7865
vn 0.1661 0.6881 -0.7064
vn 0.1069 0.5686 -0.8156
vn 0.0780 0.5484 -0.8326
vn 0.0828 0.5493 -0.8315
vn 0.0673 0.6560 -0.7517
vn 0.0790 0.6775 -0.7313
vn 0.0781 0.6641 -0.7436
vn 0.2278 0.9698 -0.0871
vn 0.1317 0.6423 -0.7550
vn 0.1140 0.5638 -0.8180
vn 0.0714 0.9011 -0.4276
vn 0.0646 0.6637 -0.7452
vn 0.0646 0.6727 -0.7371
vn 0.9818 0.1424 -0.1256
vn 0.5804 0.2015 -0.7890
vn 0.3010 0.4082 -0.8618
vn 0.2511 0.5375 -0.8050
vn 0.1368 0.8799 -0.4551
vn 0.3918 0.9165 -0.0809
vn 0.3487 0.8696 -0.3495
vn 0.3531 0.9323 -0.0782
vn 0.6422 0.7644 -0.0574
vn 0.6514 0.7569 -0.0535
vn 0.6615 0.7480 -0.0539
vn 0.6205 0.7824 -0.0535
vn 0.9646 0.2487 -0.0881
vn 0.9667 0.2372 -0.0964
vn 0.9763 0.1964 -0.0906
vn 0.9602 0.2694 -0.0741
vn 0.1412 0.9842 -0.1070
vn 0.9770 0.1954 -0.0852
vn 0.6674 0.7430 -0.0499
vn 0.6852 0.7268 -0.0473
vn 0.6872 0.7249 -0.0474
vn 0.7163 0.6956 -0.0551
vn 0.9830 0.1648 -0.0816
vn 0.1818 0.9801 -0.0793
vn 0.9826 0.1496 -0.1097
vn 0.6942 0.7179 -0.0530
vn 0.2048 0.9741 -0.0960
vn 0.2316 0.9695 -0.0798
vn 0.7209 0.6910 -0.0536
vn 0.2547 0.9630 -0.0886
vn 0.2565 0.9627 -0.0865
vn 0.7486 0.6603 -0.0595
vn 0.7594 0.6478 -0.0610
vn 0.2905 0.9540 -0.0738
vn 0.2915 0.9539 -0.0716
vn 0.7673 0.6389 -0.0546
vn 0.3099 0.9482 -0.0696
vn 0.7753 0.6292 -0.0550
vn 0.3069 0.9491 -0.0707
vn 0.7830 0.6194 -0.0569
vn 0.3270 0.9426 -0.0671
vn 0.7911 0.6093 -0.0543
vn 0.8009 0.5961 -0.0565
vn 0.8077 0.5872 -0.0531
vn 0.8205 0.5692 -0.0533
vn 0.3554 0.9318 -0.0736
vn 0.8211 0.5683 -0.0536
vn 0.8379 0.5424 -0.0609
vn 0.3871 0.9188 -0.0768
vn 0.8367 0.5439 -0.0649
vn 0.8533 0.5166 -0.0703
vn 0.5165 0.8478 -0.1201
vn 0.4204 0.9041 -0.0765
vn 0.8551 0.5138 -0.0685
vn 0.8758 0.4786 -0.0626
vn 0.5038 0.8581 -0.0991
vn 0.4407 0.8953 -0.0650
vn 0.8727 0.4846 -0.0599
vn 0.8880 0.4563 -0.0566
vn 0.8926 0.4466 -0.0618
vn 0.4598 0.8858 -0.0620
vn 0.4717 0.8794 -0.0647
vn 0.8917 0.4487 -0.0595
vn 0.4902 0.8695 -0.0603
vn 0.5020 0.8627 -0.0611
vn 0.9089 0.4117 -0.0668
vn 0.9064 0.4176 -0.0633
vn 0.5041 0.8615 -0.0612
vn 0.5210 0.8510 -0.0662
vn 0.9207 0.3862 -0.0566
vn 0.9180 0.3932 -0.0515
vn 0.5319 0.8444 -0.0642
vn 0.5482 0.8340 -0.0636
vn 0.9277 0.3698 -0.0512
vn 0.9320 0.3584 -0.0549
vn 0.5630 0.8246 -0.0557
vn 0.5718 0.8187 -0.0521
vn 0.9333 0.3546 -0.0568
vn 0.9399 0.3352 -0.0659
vn 0.5746 0.8169 -0.0503
vn 0.6038 0.7953 -0.0548
vn 0.9416 0.3302 -0.0664
vn 0.9520 0.2984 -0.0677
vn 0.5877 0.8075 -0.0505
vn 0.9545 0.2913 -0.0639
vn 0.9594 0.2730 -0.0703
vn 0.0526 0.7641 -0.6429
vn 0.0496 0.6861 -0.7258
vn 0.0714 0.8026 -0.5922
vn 0.0894 0.8811 -0.4645
vn 0.1546 0.6798 -0.7169
vn 0.1148 0.6479 -0.7530
vn 0.1269 0.6574 -0.7428
vn 0.1857 0.7181 -0.6707
vn 0.2299 0.6662 -0.7095
vn 0.2127 0.7217 -0.6587
vn 0.1843 0.7189 -0.6702
vn 0.3066 0.6331 -0.7108
vn 0.3064 0.6311 -0.7126
vn 0.2943 0.7123 -0.6371
vn 0.2676 0.7462 -0.6096
vn 0.0566 -0.4209 -0.9053
vn 0.2424 0.6916 -0.6804
vn 0.2335 0.6614 -0.7127
vn 0.5746 0.5893 -0.5680
vn 0.5120 0.5286 -0.6771
vn 0.5013 0.5592 -0.6604
vn 0.5722 0.6131 -0.5447
vn 0.5008 0.5372 -0.6786
vn 0.5041 0.5887 -0.6319
vn 0.5061 0.5885 -0.6305
vn 0.4926 0.5986 -0.6317
vn 0.5257 0.6872 -0.5014
vn 0.5137 0.6840 -0.5179
vn 0.5238 0.6408 -0.5612
vn 0.5129 0.7047 -0.4902
vn 0.4940 0.6948 -0.5227
vn 0.4912 0.7264 -0.4807
vn 0.4909 0.7308 -0.4744
vn 0.4429 0.6850 -0.5785
vn 0.3911 0.6021 -0.6961
vn 0.4329 0.6846 -0.5865
vn 0.3791 0.5938 -0.7097
vn 0.5232 0.6349 -0.5684
vn 0.3842 0.7128 -0.5868
vn 0.3075 0.6958 -0.6490
vn 0.2582 0.6767 -0.6895
vn 0.4581 0.6798 -0.5727
vn 0.3824 0.6279 -0.6779
vn 0.6588 0.4896 -0.5712
vn 0.6547 0.4572 -0.6020
vn 0.6541 0.4471 -0.6101
vn 0.6290 0.4751 -0.6153
vn 0.5698 0.4574 -0.6827
vn 0.5745 0.4799 -0.6631
vn 0.5445 0.4951 -0.6770
vn 0.5567 0.5151 -0.6517
vn 0.7190 0.2518 -0.6478
vn 0.7271 0.2391 -0.6436
vn 0.7366 0.2259 -0.6375
vn 0.6476 0.2479 -0.7205
vn 0.6430 0.2451 -0.7255
vn 0.6869 0.2715 -0.6741
vn 0.7705 0.3253 -0.5482
vn 0.6645 0.3222 -0.6742
vn 0.6893 0.2794 -0.6684
vn 0.7521 0.3824 -0.5368
vn 0.6459 0.3875 -0.6578
vn 0.6750 0.3809 -0.6319
vn 0.6454 0.3990 -0.6514
vn 0.6458 0.4057 -0.6468
vn 0.5653 0.4600 -0.6847
vn 0.7559 0.3845 -0.5298
vn 0.6732 0.3662 -0.6424
vn 0.6718 0.3597 -0.6476
vn 0.8025 0.1811 -0.5686
vn 0.5503 0.1379 -0.8235
vn 0.5386 0.0972 -0.8370
vn 0.0004 -0.0003 -1.0000
vn -0.0000 -0.0000 -1.0000
vn 0.0001 -0.0007 -1.0000
vn 0.0002 -0.0001 -1.0000
vn 0.0026 -0.0010 -1.0000
vn 0.0033 -0.0013 -1.0000
vn 0.0003 -0.0006 -1.0000
vn -0.0013 -0.0013 -1.0000
vn -0.0002 -0.0005 -1.0000
vn -0.0019 -0.0019 -1.0000
vn -0.0001 -0.0003 -1.0000
vn 0.0021 0.0006 -1.0000
vn 0.0052 0.0020 -1.0000
vn 0.0059 0.0016 -1.0000
vn 0.0026 -0.0006 -1.0000
vn 0.0016 -0.0009 -1.0000
vn 0.0042 -0.0025 -1.0000
vn 0.0036 -0.0020 -1.0000
vn 0.0037 -0.0017 -1.0000
vn 0.0009 0.0004 -1.0000
vn 0.0012 0.0001 -1.0000
vn 0.0006 0.0004 -1.0000
vn 0.0003 0.0002 -1.0000
vn 0.0002 0.0002 -1.0000
vn 0.0006 0.0009 -1.0000
vn 0.0012 0.0015 -1.0000
vn 0.0001 -0.0000 -1.0000
vn 0.0001 -0.0001 -1.0000
vn -0.0002 0.0006 -1.0000
vn -0.0010 0.0023 -1.0000
vn -0.0011 0.0028 -1.0000
vn -0.0000 0.0002 -1.0000
vn -0.0010 0.0024 -1.0000
vn -0.0003 0.0016 -1.0000
vn -0.0002 0.0004 -1.0000
vn -0.0019 0.0020 -1.0000
vn -0.0028 0.0026 -1.0000
vn 0.0002 -0.0002 -1.0000
vn -0.0017 0.0028 -1.0000
vn 0.0012 -0.0011 -1.0000
vn -0.0020 0.0031 -1.0000
vn -0.0019 0.0026 -1.0000
vn -0.0012 0.0010 -1.0000
vn -0.0009 0.0006 -1.0000
vn -0.0001 -0.0002 -1.0000
vn -0.0009 0.0021 -1.0000
vn 0.0486 -0.0585 -0.9971
vn 0.6553 0.7332 0.1814
vn 0.6807 0.7090 0.1842
vn 0.6878 0.7193 0.0974
vn 0.4491 0.6560 0.6066
vn 0.3262 0.5578 0.7632
vn 0.4222 0.5494 0.7211
vn 0.6202 0.7818 0.0648
vn 0.6373 0.7672 0.0726
vn 0.6445 0.7643 0.0194
vn 0.6017 0.7981 0.0314
vn 0.4947 0.6478 0.5793
vn 0.6621 0.7432 0.0968
vn 0.5937 0.7998 0.0881
vn 0.5996 0.7812 0.1736
vn 0.4270 0.7754 0.4653
vn 0.5453 0.7121 0.4423
vn 0.6845 0.7287 0.0213
vn 0.7102 0.7026 0.0445
vn 0.7258 0.6875 0.0226
vn 0.4362 0.8238 0.3619
vn 0.1859 0.2448 0.9516
vn 0.1363 0.1678 0.9764
vn 0.2236 0.2548 0.9408
vn 0.5811 0.7549 0.3039
vn 0.4445 0.8565 0.2624
vn -0.0684 0.1070 0.9919
vn -0.0515 0.0521 0.9973
vn 0.0256 0.0313 0.9992
vn 0.4379 0.5367 0.7212
vn 0.3461 0.4063 0.8456
vn 0.4658 0.5399 0.7011
vn 0.2632 0.3363 0.9042
vn 0.5086 0.8435 0.1727
vn -0.0239 0.1212 0.9923
vn 0.5202 0.8489 0.0941
vn 0.5441 0.6596 0.5185
vn 0.5469 0.6116 0.5717
vn 0.6662 0.7453 0.0240
vn 0.6942 0.7189 0.0358
vn 0.4837 0.8747 0.0318
vn 0.4275 0.9040 0.0059
vn 0.1477 0.1550 0.9768
vn 0.0781 0.0874 0.9931
vn 0.1221 0.1161 0.9857
vn 0.0367 0.1408 0.9894
vn 0.5984 0.6697 0.4398
vn 0.0545 0.0493 0.9973
vn 0.5995 0.7270 0.3347
vn 0.6253 0.7188 0.3036
vn 0.4031 0.4098 0.8183
vn 0.2868 0.2956 0.9112
vn 0.3701 0.3506 0.8603
vn 0.2299 0.2215 0.9477
vn 0.4991 0.4863 0.7172
vn 0.3321 0.4368 0.8360
vn 0.4955 0.5139 0.7003
vn 0.6443 0.6993 0.3098
vn 0.6063 0.6044 0.5168
vn 0.6263 0.7559 0.1910
vn 0.5663 0.5915 0.5739
vn 0.4013 0.4188 0.8146
vn 0.3613 0.3972 0.8436
vn 0.6221 0.6480 0.4395
vn 0.6604 0.6855 0.3066
vn 0.6726 0.6702 0.3138
vn 0.7012 0.6797 0.2150
vn 0.4826 0.5251 0.7010
vn 0.7178 0.6853 0.1232
vn 0.0802 0.1376 0.9872
vn 0.0413 0.2461 0.9684
vn 0.0956 0.3095 0.9461
vn 0.4038 0.4513 0.7958
vn 0.1770 0.3772 0.9090
vn 0.2147 0.5131 0.8310
vn -0.3155 -0.3069 -0.8979
vn -0.2131 -0.2170 -0.9526
vn -0.1819 -0.2166 -0.9592
vn -0.3354 -0.3184 -0.8866
vn -0.7408 -0.6701 -0.0469
vn -0.8266 -0.5622 -0.0254
vn -0.7108 -0.7032 -0.0177
vn -0.7046 -0.7058 -0.0741
vn -0.7078 -0.7039 -0.0598
vn -0.6768 -0.7276 -0.1124
vn -0.6875 -0.7023 -0.1848
vn -0.6976 -0.6871 -0.2032
vn -0.6902 -0.6663 -0.2823
vn -0.0953 -0.1425 -0.9852
vn -0.0581 -0.1018 -0.9931
vn -0.6723 -0.6546 -0.3456
vn -0.0460 -0.0671 -0.9967
vn -0.6489 -0.6381 -0.4144
vn -0.0323 -0.0378 -0.9988
vn -0.0229 -0.0108 -0.9997
vn -0.6431 -0.6173 -0.4531
vn -0.0093 0.0101 -0.9999
vn -0.5725 -0.5929 -0.5662
vn -0.5919 -0.5990 -0.5393
vn -0.5045 -0.5285 -0.6828
vn -0.5006 -0.5197 -0.6923
vn -0.4216 -0.4252 -0.8009
vn -0.4187 -0.4217 -0.8043
vn 0.6246 0.7809 -0.0093
vn 0.6851 0.7284 0.0087
vn -0.0490 0.0900 -0.9947
vn 0.1691 -0.0506 -0.9843
vn 0.0963 0.0530 -0.9939
vn 0.1796 0.1641 -0.9699
vn 0.1768 0.1654 -0.9702
vn 0.2412 0.2585 -0.9354
vn 0.2397 0.2871 -0.9274
vn -0.5175 0.0158 0.8556
vn -0.4884 -0.0621 0.8704
vn -0.4386 -0.0218 0.8984
vn -0.3963 -0.0542 0.9165
vn -0.5543 -0.0486 0.8309
vn -0.6019 -0.0744 0.7951
vn -0.3447 -0.0102 0.9387
vn -0.1878 -0.0380 0.9815
vn 0.0207 -0.1228 0.9922
vn -0.1307 -0.0700 0.9889
vn 0.0231 -0.1895 0.9816
vn 0.0048 -0.0173 0.9998
vn 0.0298 -0.1365 0.9902
vn -0.0001 -0.0048 1.0000
vn 0.0169 -0.1274 0.9917
vn -0.0278 -0.0739 0.9969
vn -0.0009 -0.0048 1.0000
vn -0.0029 -0.0060 1.0000
vn -0.0358 -0.0805 0.9961
vn -0.0031 -0.0073 1.0000
vn -0.0404 -0.0668 0.9969
vn -0.0027 -0.0050 1.0000
vn -0.0023 -0.0038 1.0000
vn -0.0460 -0.0459 0.9979
vn -0.0014 -0.0014 1.0000
vn -0.0023 -0.0017 1.0000
vn -0.0037 -0.0024 1.0000
vn -0.0483 -0.0253 0.9985
vn -0.0039 -0.0017 1.0000
vn -0.0042 -0.0015 1.0000
vn -0.0446 -0.0148 0.9989
vn 0.0040 -0.0016 1.0000
vn -0.1304 0.0227 0.9912
vn -0.0347 -0.1673 0.9853
vn -0.0874 -0.0983 0.9913
vn -0.0187 -0.0114 0.9998
vn 0.0078 0.0041 1.0000
vn -0.0066 0.0002 1.0000
vn -0.0803 0.0156 0.9967
vn -0.1374 0.0126 0.9904
vn -0.2373 -0.2780 0.9308
vn -0.1802 -0.1868 0.9657
vn -0.1550 -0.1970 0.9681
vn 0.0123 -0.2864 0.9580
vn -0.0168 -0.1299 0.9914
vn -0.0706 -0.2142 0.9742
vn -0.1068 -0.1968 0.9746
vn -0.1275 -0.1933 0.9728
vn 0.0097 0.0062 0.9999
vn -0.1466 -0.1641 0.9755
vn -0.2140 -0.2737 0.9377
vn -0.0993 -0.1292 0.9866
vn -0.1777 -0.2874 0.9412
vn -0.0850 -0.2074 0.9746
vn -0.0382 -0.0574 0.9976
vn -0.0187 -0.0395 0.9990
vn -0.0615 -0.1321 0.9893
vn -0.1037 -0.1736 0.9793
vn -0.1017 -0.1104 0.9887
vn -0.0948 -0.2281 0.9690
vn -0.1321 -0.2423 0.9612
vn -0.1388 -0.2793 0.9501
vn -0.1908 -0.1665 0.9674
vn -0.2574 -0.2663 0.9289
vn -0.1417 -0.2911 0.9461
vn -0.1634 -0.3081 0.9372
vn -0.0302 -0.0333 0.9990
vn -0.0832 -0.1146 0.9899
vn -0.1064 -0.2736 0.9560
vn -0.0410 -0.0404 0.9983
vn -0.2826 -0.2723 0.9198
vn -0.0363 -0.0488 0.9981
vn -0.1802 -0.2848 0.9415
vn -0.1978 -0.2747 0.9410
vn -0.0265 -0.1363 0.9903
vn -0.0250 -0.2584 0.9657
vn -0.0749 -0.3132 0.9467
vn 0.0221 -0.4036 0.9147
vn -0.0421 -0.3358 0.9410
vn 0.0452 -0.4224 0.9053
vn 0.0495 -0.3563 0.9331
vn 0.0322 -0.2823 0.9588
vn 0.0736 -0.4828 0.8726
vn 0.0196 -0.1359 0.9905
vn -0.0047 -0.0332 0.9994
vn 0.0436 -0.3366 0.9406
vn 0.0065 -0.2122 0.9772
vn 0.0714 -0.3144 0.9466
vn 0.1072 -0.4572 0.8829
vn 0.0973 -0.4971 0.8622
vn 0.0937 -0.5155 0.8517
vn 0.0644 -0.5643 0.8231
vn 0.0504 -0.2942 0.9544
vn 0.0898 -0.4808 0.8722
vn -0.0691 0.0729 0.9949
vn 0.0468 -0.0369 0.9982
vn -0.0346 -0.0231 0.9991
vn -0.0544 -0.0337 0.9979
vn -0.0739 0.0892 0.9933
vn -0.0401 0.0492 0.9980
vn 0.0723 -0.0612 0.9955
vn -0.0662 0.0787 0.9947
vn 0.0160 0.0127 0.9998
vn -0.0263 -0.0210 0.9994
vn 0.0458 -0.0428 0.9980
vn 0.0735 -0.0472 0.9962
vn -0.0317 -0.0073 0.9995
vn 0.0067 -0.0373 0.9993
vn -0.0626 0.0687 0.9957
vn -0.0904 0.4595 0.8836
vn 0.0410 0.5119 0.8581
vn -0.1538 0.3722 0.9153
vn -0.1750 0.2826 0.9431
vn -0.3381 0.4411 0.8313
vn -0.3857 0.9222 0.0266
vn -0.4150 0.9098 0.0035
vn -0.4421 0.8963 0.0351
vn -0.0184 0.2020 0.9792
vn -0.5753 0.6055 0.5499
vn -0.5570 0.5759 0.5984
vn -0.4862 0.5123 0.7079
vn -0.4745 0.8552 0.2084
vn -0.4421 0.8924 0.0901
vn -0.6213 0.7755 0.1125
vn -0.2285 0.2715 0.9349
vn -0.6117 0.7062 0.3566
vn -0.5544 0.7773 0.2975
vn -0.6749 0.7252 0.1360
vn -0.0329 0.9990 0.0313
vn -0.1385 0.9904 0.0028
vn -0.2038 0.9784 0.0348
vn -0.5339 0.7294 0.4278
vn 0.1115 0.9938 0.0009
vn -0.2730 0.9607 0.0508
vn -0.3172 0.9484 0.0042
vn -0.6233 0.6705 0.4024
vn -0.6541 0.6842 0.3225
vn 0.2184 0.9752 0.0360
vn 0.3350 0.9388 0.0806
vn -0.3528 0.9322 0.0810
vn -0.2008 0.9738 0.1063
vn -0.0785 0.9920 0.0994
vn 0.0992 0.9907 0.0928
vn -0.3729 0.9162 0.1469
vn 0.3035 0.9403 0.1541
vn -0.2201 0.9552 0.1980
vn -0.0818 0.9800 0.1814
vn 0.1468 0.9678 0.2044
vn -0.0412 0.9587 0.2816
vn -0.3898 0.8805 0.2698
vn -0.2577 0.9230 0.2857
vn -0.0606 0.9338 0.3526
vn -0.3093 0.8408 0.4443
vn -0.4300 0.8064 0.4061
vn -0.3925 0.7219 0.5699
vn -0.2112 0.7464 0.6311
vn -0.0642 0.8102 0.5826
vn -0.1673 0.8766 0.4512
vn -0.4369 0.6472 0.6247
vn 0.3106 0.6612 0.6829
vn 0.3016 0.7731 0.5581
vn -0.2473 0.6210 0.7438
vn -0.2882 0.5293 0.7980
vn -0.4297 0.5664 0.7032
vn -0.5562 0.6537 0.5131
vn -0.5157 0.5713 0.6385
vn -0.3514 0.3718 0.8592
vn -0.6258 0.6516 0.4288
vn -0.6277 0.6616 0.4103
vn -0.4474 0.4531 0.7711
vn 0.1653 0.9396 0.2998
vn 0.1941 0.8933 0.4054
vn 0.0560 0.8710 0.4880
vn 0.0931 0.7538 0.6505
vn 0.0111 0.6743 0.7383
vn -0.0989 0.6137 0.7833
vn 0.0597 -0.3445 0.9369
vn -0.0483 -0.0066 0.9988
vn 0.0121 -0.1386 0.9903
vn -0.0440 -0.0927 0.9947
vn 0.0800 -0.4187 0.9046
vn -0.2740 0.1293 0.9530
vn 0.0623 -0.4991 0.8643
vn -0.7020 0.7119 0.0213
vn -0.7260 0.6860 -0.0487
vn -0.7228 0.6901 -0.0368
vn -0.7240 0.6896 -0.0141
vn -0.7349 0.6763 -0.0504
vn -0.7267 0.6868 -0.0155
vn -0.7196 0.6943 -0.0042
vn -0.7420 0.6703 -0.0099
vn -0.7353 0.6777 -0.0087
vn -0.7216 0.6923 -0.0035
vn -0.7229 0.6909 -0.0045
vn -0.7269 0.6867 -0.0133
vn -0.7155 0.6780 -0.1682
vn -0.7553 0.6550 -0.0231
vn -0.6987 0.6673 -0.2578
vn -0.6733 0.6692 -0.3146
vn -0.6369 0.6489 -0.4163
vn -0.7006 0.6831 -0.2061
vn -0.7157 0.6882 -0.1187
vn -0.7503 0.6610 -0.0054
vn -0.7458 0.6660 -0.0160
vn -0.7394 0.6723 -0.0378
vn -0.7457 0.6662 -0.0011
vn -0.5831 0.6095 -0.5371
vn -0.5902 0.6339 -0.4998
vn -0.5757 0.6323 -0.5185
vn -0.5663 0.6373 -0.5226
vn -0.5743 0.6357 -0.5157
vn -0.5629 0.6404 -0.5226
vn -0.5607 0.6544 -0.5073
vn -0.5271 0.6414 -0.5575
vn -0.4898 0.5964 -0.6360
vn -0.5373 0.6829 -0.4949
vn -0.5248 0.6854 -0.5048
vn -0.5288 0.7689 -0.3593
vn -0.4910 0.6432 -0.5875
vn -0.5019 0.6623 -0.5563
vn -0.5455 0.8381 -0.0089
vn -0.5206 0.8538 -0.0034
vn -0.5276 0.8493 -0.0207
vn -0.4197 0.9077 0.0006
vn -0.4563 0.8860 0.0826
vn -0.4500 0.8930 -0.0008
vn -0.4894 0.8720 -0.0005
vn -0.5100 0.8602 -0.0076
vn -0.5226 0.8526 -0.0006
vn -0.5365 0.7686 -0.3486
vn -0.5295 0.8293 -0.1787
vn -0.5356 0.8366 -0.1151
vn -0.5127 0.8539 -0.0895
vn -0.5233 0.8496 -0.0660
vn -0.4890 0.8707 -0.0517
vn -0.4933 0.8692 -0.0348
vn -0.4728 0.8811 -0.0098
vn -0.4750 0.8709 0.1260
vn -0.5021 0.8648 -0.0008
vn -0.4411 0.8974 -0.0030
vn -0.5386 0.8420 -0.0304
vn -0.5451 0.8383 -0.0087
vn -0.4414 0.8967 0.0323
vn -0.4013 0.9159 0.0018
vn -0.5276 0.7186 -0.4530
vn -0.5279 0.8493 -0.0038
vn -0.5391 0.8185 -0.1986
vn -0.5248 0.8512 -0.0063
vn -0.5387 0.8425 -0.0000
vn -0.5419 0.8370 -0.0753
vn 0.5961 -0.7978 0.0906
vn -0.5376 0.8420 -0.0452
vn -0.4254 0.9050 0.0014
vn -0.4665 0.8845 0.0033
vn -0.5320 0.8467 -0.0027
vn -0.5129 0.8558 -0.0669
vn -0.5106 0.8598 -0.0087
vn -0.4965 0.8582 -0.1306
vn -0.6234 0.6737 0.3967
vn -0.6244 0.6650 0.4098
vn -0.6428 0.6945 0.3232
vn -0.2535 0.2603 0.9317
vn -0.1691 0.1806 0.9689
vn -0.1756 0.1783 0.9682
vn -0.6145 0.6746 0.4091
vn -0.5666 0.6150 0.5484
vn -0.6289 0.7072 0.3230
vn -0.2365 0.2544 0.9377
vn -0.6143 0.6904 0.3822
vn -0.5674 0.6254 0.5357
vn -0.5803 0.6451 0.4971
vn -0.6206 0.6904 0.3718
vn -0.6052 0.7485 0.2711
vn -0.5442 0.6398 0.5428
vn -0.4095 0.4736 0.7798
vn -0.4843 0.5579 0.6739
vn -0.4929 0.5847 0.6444
vn -0.5705 0.6807 0.4596
vn -0.6209 0.7201 0.3097
vn -0.3899 0.4647 0.7950
vn -0.4623 0.5487 0.6966
vn -0.3336 0.4127 0.8476
vn -0.2985 0.3484 0.8886
vn -0.2078 0.2467 0.9465
vn -0.2118 0.2703 0.9392
vn -0.3178 0.4152 0.8524
vn -0.4248 0.5518 0.7177
vn -0.2194 0.2868 0.9325
vn -0.1361 0.1711 0.9758
vn -0.5062 0.5260 0.6834
vn -0.6259 0.6583 0.4183
vn -0.4849 0.5036 0.7150
vn -0.3443 0.3691 0.8632
vn -0.3075 0.3192 0.8964
vn -0.4358 0.4762 0.7637
vn -0.5684 0.5996 0.5633
vn -0.3869 0.4360 0.8125
vn -0.2927 0.3227 0.9001
vn -0.1408 0.1549 0.9778
vn -0.5100 0.5485 0.6626
vn -0.5193 0.5796 0.6280
vn -0.1967 0.2216 0.9551
vn -0.5958 0.7990 0.0812
vn -0.5343 0.6468 0.5442
vn -0.5826 0.7059 0.4028
vn -0.5734 0.7415 0.3485
vn -0.5431 0.6724 0.5030
vn -0.4407 0.5561 0.7046
vn -0.5549 0.7269 0.4045
vn -0.5094 0.6522 0.5613
vn -0.4716 0.6186 0.6285
vn -0.5543 0.7728 0.3092
vn -0.5672 0.5904 0.5742
vn -0.3950 0.5351 0.7467
vn -0.5310 0.6940 0.4862
vn -0.4984 0.5554 0.6657
vn -0.1779 0.2083 0.9618
vn -0.5039 0.5170 0.6920
vn -0.5503 0.5170 0.6556
vn -0.4447 0.3531 0.8231
vn -0.6426 -0.0156 0.7661
vn -0.6996 -0.0953 0.7081
vn -0.7275 -0.0262 0.6856
vn -0.5408 0.1432 0.8288
vn -0.6479 0.2918 0.7036
vn -0.6184 0.0948 0.7801
vn -0.5620 0.3317 0.7577
vn -0.4734 0.2829 0.8341
vn -0.9840 -0.1644 0.0690
vn -0.9669 -0.2503 0.0490
vn -0.9596 -0.2151 0.1813
vn -0.9810 -0.1150 0.1565
vn -0.9966 0.0335 0.0747
vn -0.5294 0.6745 0.5146
vn -0.4934 0.6915 0.5277
vn -0.5018 0.8118 0.2985
vn -0.9758 0.1609 0.1482
vn -0.4965 0.2081 0.8427
vn -0.4477 0.5488 0.7060
vn -0.6208 0.7665 0.1650
vn -0.5628 0.7991 0.2115
vn -0.5204 0.8495 0.0871
vn -0.7325 0.6315 0.2542
vn -0.7561 0.6251 0.1936
vn -0.4310 0.0748 0.8992
vn -0.8265 0.4452 0.3445
vn -0.9717 -0.0467 0.2317
vn -0.6391 0.7252 0.2563
vn -0.4283 0.3860 0.8171
vn -0.3712 0.1416 0.9177
vn -0.4587 0.6984 0.5494
vn -0.4872 0.7946 0.3623
vn -0.4856 0.7836 0.3876
vn -0.9273 -0.1927 0.3208
vn -0.4861 0.8693 0.0898
vn -0.4198 0.5525 0.7201
vn -0.4998 0.7839 0.3684
vn -0.2585 -0.0622 0.9640
vn -0.7295 0.5983 0.3313
vn -0.2527 -0.0205 0.9673
vn -0.5075 0.8426 0.1802
vn -0.2908 0.1996 0.9357
vn -0.3698 0.3790 0.8483
vn -0.3461 0.2210 0.9118
vn -0.7969 0.4399 0.4140
vn -0.2199 -0.0218 0.9753
vn -0.4904 0.7590 0.4284
vn -0.2651 0.2150 0.9399
vn -0.3994 0.5332 0.7458
vn -0.5171 0.7999 0.3046
vn -0.4290 0.9032 0.0115
vn -0.4519 0.6679 0.5913
vn -0.1741 -0.0050 0.9847
vn -0.4293 0.5929 0.6813
vn -0.3222 0.3946 0.8605
vn -0.5334 0.7921 0.2966
vn -0.9325 0.1059 0.3452
vn -0.8842 0.1890 0.4271
vn -0.8818 0.3502 0.3158
vn -0.5235 0.7577 0.3897
vn -0.2097 0.1338 0.9686
vn -0.2238 0.2044 0.9529
vn -0.9611 0.2692 0.0613
vn -0.1472 -0.1112 0.9828
vn -0.3234 0.3620 0.8743
vn -0.3460 0.4491 0.8238
vn -0.3713 0.4806 0.7945
vn -0.4625 0.6728 0.5774
vn -0.7095 0.5888 0.3872
vn -0.5268 0.7413 0.4158
vn -0.4707 0.6439 0.6032
vn -0.2132 0.1207 0.9695
vn -0.1801 0.1825 0.9666
vn -0.2508 0.2968 0.9214
vn -0.2683 0.3149 0.9104
vn -0.8548 -0.0234 0.5185
vn -0.6267 0.6879 0.3661
vn -0.4538 0.6147 0.6452
vn -0.1133 -0.0237 0.9933
vn -0.5393 0.7261 0.4265
vn -0.7271 0.4645 0.5054
vn -0.6724 0.5205 0.5263
vn -0.3438 0.4534 0.8223
vn -0.2977 0.3752 0.8779
vn -0.2215 0.2808 0.9338
vn -0.1197 0.1242 0.9850
vn -0.1154 0.0565 0.9917
vn -0.8885 0.4372 0.1394
vn -0.8902 0.4477 0.0841
vn -0.9465 0.2287 0.2276
vn -0.8398 0.2188 0.4969
vn -0.7982 -0.0022 0.6025
vn -0.6038 0.6170 0.5047
vn -0.5582 0.7409 0.3735
vn -0.5140 0.8571 0.0355
vn -0.6278 0.7726 0.0946
vn -0.6378 0.7695 0.0318
vn -0.7670 0.6309 0.1166
vn -0.7833 0.6207 0.0347
vn -0.7740 0.1264 0.6204
vn -0.7772 0.3119 0.5465
vn -0.8718 0.4300 0.2345
vn -0.7070 0.3176 0.6319
vn -0.9431 -0.1026 0.3162
vn -0.9018 -0.0838 0.4240
vn -0.8660 -0.1567 0.4749
vn -0.7074 0.1359 0.6937
vn -0.6197 0.4340 0.6539
vn -0.7884 -0.1169 0.6040
vn -0.4232 0.9060 0.0012
vn -0.9927 -0.1193 0.0175
vn -0.9784 -0.2066 0.0042
vn -0.9933 0.1151 0.0056
vn -0.9522 0.3052 0.0077
vn -0.9999 -0.0065 -0.0094
vn -0.8570 0.5152 0.0118
vn -0.7424 0.6700 0.0025
vn -0.9127 0.4084 -0.0106
vn -0.6109 0.7917 0.0034
vn -0.5074 0.8617 0.0031
vn -0.5003 0.8659 0.0012
vn -0.1018 0.1065 -0.9891
vn -0.0147 0.0098 -0.9998
vn -0.0200 0.0110 -0.9997
vn -0.0033 0.0084 -1.0000
vn -0.0037 0.0109 -0.9999
vn -0.0220 0.0210 -0.9995
vn -0.0229 0.0184 -0.9996
vn -0.0030 0.0025 -1.0000
vn 0.0021 -0.0004 -1.0000
vn 0.0142 -0.0065 -0.9999
vn 0.0051 -0.0027 -1.0000
vn 0.0181 -0.0205 -0.9996
vn -0.1455 0.1903 -0.9709
vn -0.2095 -0.4917 -0.8452
vn -0.3034 -0.2805 -0.9106
vn -0.2771 -0.3431 -0.8975
vn -0.4525 -0.4727 -0.7562
vn -0.3301 -0.4691 -0.8191
vn -0.4368 -0.5996 -0.6706
vn -0.4489 -0.6868 -0.5717
vn -0.4846 -0.7557 -0.4405
vn -0.4825 -0.7086 -0.5149
vn -0.4498 -0.6863 -0.5715
vn -0.3238 -0.8687 -0.3748
vn -0.4408 -0.8468 -0.2978
vn -0.4413 -0.8581 -0.2627
vn -0.0815 -0.6875 -0.7216
vn 0.0553 -0.6509 -0.7571
vn 0.0739 -0.6063 -0.7918
vn -0.0990 -0.7189 -0.6880
vn -0.3456 -0.8660 -0.3613
vn 0.0745 -0.5698 -0.8184
vn -0.4350 -0.8990 -0.0515
vn -0.4249 -0.9022 -0.0743
vn -0.4750 -0.8730 -0.1109
vn -0.4393 -0.8858 -0.1496
vn -0.4382 -0.8889 -0.1333
vn -0.4569 -0.8695 -0.1879
vn -0.4206 -0.7628 -0.4912
vn -0.4510 -0.8673 -0.2105
vn -0.4511 -0.8603 -0.2373
vn -0.4112 -0.6808 -0.6062
vn -0.4436 -0.8952 -0.0427
vn -0.1012 -0.7588 -0.6434
vn 0.1580 -0.9034 -0.3986
vn 0.2725 -0.9322 -0.2383
vn 0.3308 -0.8862 -0.3243
vn 0.1681 -0.9131 -0.3716
vn 0.0871 -0.9559 -0.2805
vn -0.0991 -0.9149 -0.3914
vn -0.1080 -0.8949 -0.4330
vn 0.0551 -0.9698 -0.2377
vn 0.4467 -0.5424 -0.7115
vn 0.5363 -0.5591 -0.6323
vn 0.5439 -0.5660 -0.6195
vn -0.0503 -0.9881 -0.1455
vn 0.0120 -0.9847 -0.1741
vn -0.0279 -0.9777 -0.2082
vn 0.0092 -0.9953 -0.0964
vn -0.0366 -0.9922 -0.1188
vn -0.0006 -0.9966 -0.0822
vn 0.1182 -0.9925 -0.0306
vn -0.0497 -0.9982 -0.0327
vn -0.0600 -0.9971 -0.0474
vn 0.5041 -0.6634 -0.5530
vn 0.4418 -0.6945 -0.5679
vn 0.4359 -0.7070 -0.5568
vn 0.5093 -0.6815 -0.5256
vn 0.1125 -0.6352 -0.7641
vn 0.0922 -0.6844 -0.7233
vn 0.3535 -0.7014 -0.6189
vn -0.0251 -0.6960 -0.7176
vn 0.0242 -0.7864 -0.6173
vn -0.1233 -0.7856 -0.6063
vn 0.8635 -0.4998 0.0677
vn 0.0315 -0.9648 -0.2612
vn -0.0318 -0.9988 -0.0382
vn -0.0145 -0.9996 -0.0242
vn -0.0404 -0.9773 -0.2078
vn 0.3138 -0.3601 -0.8786
vn 0.3135 -0.3596 -0.8789
vn 0.3138 -0.3559 -0.8803
vn 0.4504 -0.5419 -0.7095
vn 0.5016 -0.5951 -0.6279
vn 0.4139 -0.7858 -0.4596
vn 0.3999 -0.7996 -0.4480
vn -0.2487 -0.9652 -0.0805
vn -0.2381 -0.9687 -0.0697
vn 0.3723 -0.8400 -0.3947
vn 0.3676 -0.8470 -0.3839
vn 0.5016 -0.6357 -0.5867
vn 0.3933 -0.4739 -0.7879
vn 0.5249 -0.6254 -0.5774
vn 0.4505 -0.5316 -0.7173
vn 0.5244 -0.6353 -0.5669
vn 0.4330 -0.5298 -0.7293
vn 0.2722 -0.3701 -0.8882
vn 0.2724 -0.3705 -0.8880
vn 0.3743 -0.4605 -0.8049
vn 0.4129 -0.5269 -0.7429
vn 0.3444 -0.4252 -0.8370
vn 0.4661 -0.5833 -0.6652
vn 0.2830 -0.3509 -0.8926
vn 0.3674 -0.4410 -0.8188
vn 0.4504 -0.5316 -0.7173
vn 0.3494 -0.4170 -0.8391
vn 0.4872 -0.5639 -0.6669
vn 0.3201 -0.3659 -0.8739
vn 0.3163 -0.3624 -0.8767
vn 0.3891 -0.4431 -0.8076
vn 0.4449 -0.5057 -0.7391
vn 0.5612 -0.6334 -0.5328
vn 0.4869 -0.5656 -0.6656
vn 0.4917 -0.5659 -0.6618
vn 0.3577 -0.3852 -0.8507
vn 0.4513 -0.4962 -0.7417
vn 0.5186 -0.5716 -0.6359
vn 0.4927 -0.5379 -0.6840
vn 0.4272 -0.4559 -0.7808
vn 0.4159 -0.4277 -0.8026
vn 0.6058 -0.7898 -0.0958
vn 0.5464 -0.6092 -0.5747
vn 0.4980 -0.6494 -0.5747
vn 0.5438 -0.5676 -0.6181
vn 0.2766 -0.3335 -0.9013
vn 0.5795 -0.6973 -0.4219
vn 0.5552 -0.6457 -0.5243
vn 0.5316 -0.6393 -0.5556
vn 0.5387 -0.6381 -0.5502
vn 0.4855 -0.6259 -0.6104
vn 0.5655 -0.6335 -0.5280
vn 0.5023 -0.5501 -0.6672
vn 0.4942 -0.5394 -0.6817
vn 0.5730 -0.6436 -0.5075
vn 0.5066 -0.2057 -0.8373
vn 0.6500 -0.5363 -0.5385
vn -0.9493 0.1727 -0.2626
vn -0.9781 0.0225 -0.2070
vn -0.9766 -0.0026 -0.2152
vn -0.9563 0.2091 -0.2043
vn -0.8418 -0.4714 -0.2629
vn -0.9780 0.1536 -0.1410
vn -0.9593 0.2769 -0.0555
vn -0.9899 -0.0956 -0.1044
vn -0.9889 -0.1090 -0.1011
vn -0.9776 -0.1992 -0.0681
vn -0.9587 0.2809 -0.0439
vn -0.9611 0.2735 -0.0397
vn -0.9959 0.0863 -0.0270
vn -0.9880 0.1543 0.0006
vn -0.9947 0.0977 -0.0334
vn -0.4450 0.3016 -0.8432
vn -0.5703 0.3266 -0.7538
vn -0.2864 0.2284 -0.9305
vn -0.5438 0.4032 -0.7360
vn -0.7796 0.0101 -0.6262
vn -0.8054 -0.0305 -0.5920
vn -0.7361 0.0341 -0.6761
vn -0.9866 0.1609 0.0265
vn -0.9164 0.1983 -0.3478
vn -0.8938 0.0815 -0.4411
vn -0.6859 0.3229 -0.6521
vn -0.7034 0.3000 -0.6444
vn -0.9516 0.3064 -0.0246
vn -0.7113 0.1590 -0.6847
vn -0.8038 0.3576 -0.4755
vn -0.8517 0.3394 -0.3992
vn -0.8339 0.3468 -0.4293
vn -0.8769 0.3272 -0.3521
vn -0.9274 0.2164 -0.3052
vn -0.2507 0.2131 -0.9443
vn -0.4473 0.6206 -0.6440
vn -0.1352 0.2305 -0.9636
vn -0.3239 0.4043 -0.8554
vn -0.4888 0.6080 -0.6256
vn -0.4472 0.6207 -0.6440
vn -0.1162 0.2015 -0.9726
vn -0.1353 0.2306 -0.9636
vn -0.2235 0.3716 -0.9011
vn -0.1606 0.5902 -0.7911
vn -0.1561 0.7152 -0.6813
vn -0.2217 0.6882 -0.6908
vn 0.0146 0.9976 -0.0671
vn -0.0162 0.9986 -0.0494
vn 0.1147 0.9892 -0.0911
vn 0.0502 0.9971 -0.0571
vn -0.1519 0.8291 -0.5381
vn -0.1682 0.8169 -0.5517
vn 0.1287 0.9897 -0.0620
vn 0.0898 0.9954 -0.0339
vn -0.1520 0.8960 -0.4172
vn -0.1070 0.9280 -0.3570
vn -0.1729 0.8816 -0.4392
vn -0.0867 0.9348 -0.3445
vn -0.0177 0.9993 -0.0320
vn -0.2154 0.9765 0.0006
vn 0.0138 0.9481 -0.3176
vn -0.2170 0.4701 -0.8555
vn -0.1352 0.2306 -0.9636
vn 0.0129 0.9447 -0.3278
vn -0.1658 0.5242 -0.8353
vn 0.0471 0.9597 -0.2770
vn -0.0313 0.9787 -0.2029
vn -0.0545 0.9799 -0.1917
vn 0.0685 0.9786 -0.1941
vn 0.0881 0.9824 -0.1646
vn -0.0758 0.9971 -0.0073
vn 0.0674 0.9976 -0.0173
vn 0.0897 0.9816 -0.1687
vn 0.0778 0.9874 -0.1380
vn 0.1802 0.9732 -0.1429
vn 0.1963 0.9715 -0.1326
vn 0.1288 0.9876 -0.0895
vn -0.0367 0.9992 0.0140
vn 0.0203 0.9998 -0.0031
vn 0.0213 0.9998 -0.0012
vn -0.0416 0.9990 0.0150
vn 0.0213 0.9998 -0.0013
vn 0.5286 0.4608 0.7129
vn 0.6211 0.5392 0.5687
vn 0.5794 0.5301 0.6191
vn 0.4507 0.3872 0.8043
vn 0.3610 0.3135 0.8783
vn 0.4709 0.3878 0.7924
vn 0.5733 0.4829 0.6619
vn 0.7161 0.5641 0.4111
vn 0.7546 0.5612 0.3401
vn 0.7531 0.5982 0.2736
vn 0.7160 0.6543 0.2433
vn 0.3661 0.1738 0.9142
vn 0.5136 0.1807 0.8388
vn 0.3209 0.2423 0.9156
vn 0.6704 0.5882 0.4522
vn 0.4958 0.2964 0.8163
vn 0.4978 0.4081 0.7653
vn 0.6632 0.5528 0.5045
vn 0.7795 0.5913 0.2068
vn 0.5910 0.4834 0.6457
vn 0.7048 0.6141 0.3552
vn 0.6676 0.6269 0.4016
vn 0.7180 0.5955 0.3603
vn 0.6826 0.5124 0.5210
vn 0.7767 0.4507 0.4400
vn 0.6519 0.5160 0.5556
vn 0.4882 0.3628 0.7938
vn 0.2655 0.2231 0.9379
vn 0.3809 0.3009 0.8743
vn 0.5553 0.4405 0.7054
vn 0.4670 0.3602 0.8075
vn 0.7291 0.6311 0.2648
vn 0.5898 0.4416 0.6762
vn 0.6794 0.4461 0.5826
vn 0.5818 0.3921 0.7126
vn 0.7385 0.6719 0.0559
vn 0.7387 0.6526 0.1687
vn 0.8581 0.4976 0.1268
vn 0.7814 0.6104 0.1295
vn 0.8337 0.4524 0.3166
vn 0.8497 0.4814 0.2153
vn 0.8014 0.5961 0.0495
vn 0.7795 0.6237 0.0580
vn 0.7506 0.6540 0.0944
vn 0.7893 0.6136 0.0227
vn 0.9058 0.4236 0.0073
vn 0.1029 0.0795 0.9915
vn 0.1914 0.1448 0.9708
vn 0.1658 0.1391 0.9763
vn 0.8855 0.4591 0.0715
vn 0.1268 -0.0333 0.9914
vn 0.7650 0.6436 0.0245
vn 0.7545 0.6556 0.0309
vn 0.7630 0.6340 0.1257
vn 0.7514 0.6197 0.2267
vn 0.1958 0.0032 0.9806
vn 0.2406 0.0490 0.9694
vn 0.3198 0.0800 0.9441
vn -0.6925 -0.7057 -0.1497
vn -0.7301 -0.6723 -0.1225
vn -0.7094 -0.6829 -0.1745
vn -0.7385 -0.6643 -0.1156
vn -0.0008 -0.0167 -0.9999
vn -0.0367 -0.0344 -0.9987
vn -0.0075 -0.0306 -0.9995
vn 0.0686 -0.1755 -0.9821
vn -0.7094 -0.7027 -0.0543
vn -0.7220 -0.6917 -0.0124
vn -0.6955 -0.7156 -0.0642
vn -0.6781 -0.7333 -0.0494
vn -0.5373 -0.8428 -0.0313
vn -0.0591 -0.0364 -0.9976
vn -0.1405 -0.1031 -0.9847
vn -0.2048 -0.1925 -0.9597
vn -0.2128 -0.2374 -0.9478
vn -0.2871 -0.3066 -0.9075
vn -0.3009 -0.3411 -0.8906
vn -0.3789 -0.4079 -0.8307
vn -0.4077 -0.4520 -0.7934
vn -0.4605 -0.4746 -0.7501
vn -0.5204 -0.5293 -0.6702
vn -0.5391 -0.5333 -0.6519
vn -0.5860 -0.6200 -0.5217
vn -0.5843 -0.6117 -0.5334
vn -0.6372 -0.6505 -0.4134
vn -0.6516 -0.6344 -0.4158
vn -0.6924 -0.6557 -0.3009
vn -0.6943 -0.6189 -0.3673
vn -0.6898 -0.6697 -0.2750
vn -0.7049 -0.6775 -0.2099
vn 0.7971 0.6037 -0.0156
vn 0.7761 0.6306 -0.0072
vn 0.7138 0.7003 -0.0080
vn 0.6937 0.7199 -0.0225
vn 0.2580 0.2525 -0.9325
vn 0.1196 0.1261 -0.9848
vn 0.1679 0.1504 -0.9743
vn 0.7122 0.7018 -0.0184
vn 0.7099 0.7034 -0.0354
vn 0.1053 -0.0068 -0.9944
vn 0.7063 0.7054 -0.0596
vn 0.7033 0.7052 -0.0895
vn 0.0053 0.0585 -0.9983
vn 0.0657 -0.0386 -0.9971
vn 0.7048 0.7024 -0.0989
vn 0.7006 0.7046 -0.1132
vn 0.6971 0.7080 -0.1134
vn 0.6806 0.7195 -0.1381
vn 0.6770 0.7201 -0.1519
vn 0.6756 0.7137 -0.1847
vn 0.6832 0.6981 -0.2141
vn 0.6808 0.6989 -0.2193
vn 0.6919 0.6752 -0.2558
vn 0.6808 0.6695 -0.2970
vn 0.6848 0.6604 -0.3081
vn 0.6439 0.6659 -0.3768
vn 0.6359 0.6726 -0.3785
vn 0.6202 0.6323 -0.4642
vn 0.6135 0.6183 -0.4913
vn 0.5851 0.5625 -0.5842
vn 0.5691 0.5541 -0.6075
vn 0.5132 0.4719 -0.7169
vn 0.5073 0.4921 -0.7074
vn 0.4443 0.4161 -0.7934
vn 0.3528 0.3584 -0.8644
vn 0.3980 0.2430 -0.8846
vn 0.2917 0.2601 -0.9205
vn 0.6633 -0.6277 0.4074
vn 0.6495 -0.6205 0.4395
vn 0.6836 -0.6525 0.3271
vn 0.4340 -0.3283 0.8390
vn 0.3009 -0.1610 0.9400
vn 0.2360 -0.1901 0.9530
vn 0.8887 -0.4579 0.0203
vn 0.9009 -0.4340 0.0071
vn 0.9305 -0.3650 0.0294
vn 0.9849 -0.1729 0.0063
vn 0.9983 0.0571 0.0070
vn 0.9905 -0.1338 0.0324
vn 0.7880 -0.6156 0.0044
vn 0.7935 -0.6080 0.0281
vn 0.9640 -0.2651 0.0192
vn 0.9462 -0.3236 0.0050
vn 0.9586 -0.2783 0.0594
vn 0.9894 -0.1264 0.0713
vn 0.9072 -0.4164 0.0594
vn 0.9714 0.2344 0.0370
vn 0.9901 0.1194 0.0733
vn 0.9506 -0.2886 0.1145
vn 0.9019 -0.4139 0.1234
vn 0.9499 0.2776 0.1437
vn 0.9877 0.0346 0.1522
vn 0.8632 -0.4705 0.1831
vn 0.9439 0.2294 0.2373
vn 0.9475 -0.2638 0.1807
vn 0.9174 -0.3127 0.2460
vn 0.9396 -0.1677 0.2985
vn 0.8730 -0.4064 0.2697
vn 0.8002 -0.5268 0.2865
vn 0.8741 -0.2224 0.4319
vn 0.8113 -0.3203 0.4892
vn 0.7919 -0.4555 0.4067
vn 0.9138 0.2181 0.3426
vn 0.7335 -0.5747 0.3629
vn 0.8098 0.2730 0.5194
vn 0.9288 0.0301 0.3695
vn 0.7082 -0.6345 0.3097
vn 0.7117 -0.3175 0.6267
vn 0.7056 -0.4813 0.5201
vn 0.6468 -0.3535 0.6758
vn 0.5180 -0.1498 0.8422
vn 0.6613 -0.1585 0.7332
vn 0.6556 -0.5559 0.5111
vn 0.6040 -0.4267 0.6731
vn 0.5811 -0.5559 0.5944
vn 0.5548 -0.5349 0.6372
vn 0.6854 -0.6258 0.3723
vn 0.1347 -0.1307 0.9822
vn 0.5265 0.0146 0.8501
vn 0.4805 -0.2603 0.8375
vn 0.3654 -0.0922 0.9263
vn 0.3402 -0.3162 0.8856
vn 0.5041 -0.4500 0.7371
vn 0.4394 -0.4311 0.7881
vn 0.9787 -0.1655 0.1213
vn 0.7138 -0.6056 0.3518
vn 0.9717 -0.0600 0.2287
vn 0.5739 -0.4703 0.6704
vn 0.4534 -0.4366 0.7770
vn 0.2519 -0.2467 0.9358
vn 0.8811 -0.0135 0.4728
vn 0.7956 0.0188 0.6055
vn 0.7654 -0.1390 0.6284
vn 0.6908 0.2475 0.6794
vn 0.6804 0.0345 0.7320
vn -0.2722 0.0607 0.9603
vn -0.1586 0.0326 0.9868
vn -0.3081 0.0087 0.9513
vn -0.3805 0.0557 0.9231
vn -0.3997 0.1005 0.9111
vn -0.2829 -0.0057 0.9591
vn -0.2940 -0.0605 0.9539
vn -0.4641 0.0883 0.8814
vn -0.4060 0.0156 0.9137
vn -0.5433 0.1373 0.8282
vn -0.5202 0.1351 0.8433
vn -0.4706 0.0823 0.8785
vn -0.3239 0.0385 0.9453
vn -0.3790 0.0626 0.9233
vn -0.4002 0.0403 0.9155
vn -0.2417 0.0255 0.9700
vn -0.3355 0.0436 0.9410
vn -0.5178 0.0635 0.8532
vn -0.5524 0.1001 0.8275
vn -0.1099 -0.0325 0.9934
vn -0.1224 -0.0723 0.9898
vn -0.1768 -0.0692 0.9818
vn -0.2295 -0.1118 0.9669
vn -0.2834 -0.0969 0.9541
vn -0.3549 -0.0318 0.9344
vn -0.1999 -0.1153 0.9730
vn -0.2561 -0.0451 0.9656
vn -0.1151 -0.0318 0.9928
vn -0.2812 -0.1333 0.9503
vn -0.2199 -0.1356 0.9660
vn -0.0906 -0.0616 0.9940
vn -0.2456 -0.1023 0.9640
vn -0.1710 -0.1229 0.9776
vn -0.1382 -0.0546 0.9889
vn -0.2815 -0.1156 0.9526
vn -0.3156 -0.1461 0.9376
vn -0.2954 -0.1781 0.9386
vn -0.2662 -0.1883 0.9453
vn -0.3081 -0.1715 0.9358
vn -0.1001 -0.0399 0.9942
vn -0.2548 -0.1209 0.9594
vn -0.1987 -0.0786 0.9769
vn -0.1509 -0.1288 0.9801
vn -0.2941 -0.1923 0.9362
vn -0.2039 -0.1237 0.9711
vn -0.1400 -0.0732 0.9874
vn -0.2316 -0.2025 0.9515
vn -0.3126 -0.2439 0.9180
vn -0.2824 -0.2040 0.9374
vn -0.2964 -0.2552 0.9203
vn -0.0886 -0.0657 0.9939
vn -0.0583 -0.3899 0.9190
vn -0.0157 -0.4343 0.9006
vn -0.0247 -0.3782 0.9254
vn -0.0617 -0.5574 0.8279
vn -0.0465 -0.6109 0.7903
vn -0.0330 -0.5518 0.8333
vn -0.0194 -0.3109 0.9503
vn -0.0534 -0.2959 0.9537
vn -0.0462 -0.6578 0.7518
vn -0.1042 -0.7216 0.6845
vn -0.0817 -0.6790 0.7296
vn -0.0549 -0.4746 0.8785
vn -0.0205 -0.4901 0.8714
vn -0.5306 0.1080 0.8407
vn -0.0107 -0.0403 0.9991
vn -0.0530 -0.0368 0.9979
vn -0.1491 0.0104 0.9888
vn -0.1276 -0.0201 0.9916
vn -0.3377 0.0672 0.9388
vn -0.3791 0.0589 0.9235
vn -0.6366 0.1156 0.7625
vn -0.4631 -0.0045 0.8863
vn 0.6857 -0.7279 -0.0035
vn 0.6850 -0.7280 -0.0289
vn 0.6965 -0.7175 -0.0033
vn 0.6693 -0.7425 -0.0265
vn 0.6715 -0.7409 -0.0115
vn 0.6996 -0.7145 -0.0046
vn 0.6945 -0.7195 -0.0012
vn 0.6286 -0.7679 -0.1235
vn 0.6973 -0.7165 -0.0207
vn 0.6739 -0.7372 -0.0487
vn 0.6768 -0.7262 -0.1206
vn 0.6867 -0.7222 -0.0832
vn 0.7301 -0.6831 -0.0195
vn 0.6816 -0.7317 -0.0007
vn 0.6972 -0.7168 -0.0089
vn 0.6773 -0.7027 -0.2178
vn 0.6715 -0.6922 -0.2645
vn 0.6462 -0.6350 -0.4233
vn 0.6672 -0.6734 -0.3183
vn 0.5304 -0.7888 -0.3107
vn 0.6363 -0.5997 -0.4853
vn 0.6335 -0.6017 -0.4864
vn 0.6464 -0.5971 -0.4750
vn 0.6518 -0.5958 -0.4692
vn 0.6351 -0.5584 -0.5337
vn 0.6581 -0.5825 -0.4771
vn 0.6633 -0.5792 -0.4739
vn 0.5700 -0.4760 -0.6697
vn 0.6554 -0.5449 -0.5229
vn 0.6714 -0.5409 -0.5067
vn 0.6556 -0.5080 -0.5587
vn 0.7563 -0.5270 -0.3876
vn 0.7293 -0.5367 -0.4243
vn 0.7170 -0.5414 -0.4390
vn 0.8372 -0.5464 -0.0240
vn 0.8604 -0.5011 -0.0929
vn 0.8449 -0.5342 -0.0278
vn 0.8714 -0.4906 -0.0062
vn 0.8532 -0.5216 -0.0042
vn 0.8585 -0.5123 -0.0242
vn 0.8738 -0.4863 -0.0006
vn 0.8558 -0.5174 -0.0005
vn 0.9601 -0.2796 -0.0066
vn 0.8397 -0.5237 -0.1437
vn 0.8126 -0.5606 -0.1593
vn 0.8059 -0.5413 -0.2397
vn 0.8457 -0.5260 -0.0902
vn 0.8435 -0.5126 0.1606
vn 0.8740 -0.4859 -0.0069
vn 0.8302 -0.5574 -0.0060
vn 0.9053 -0.4247 -0.0003
vn 0.8924 -0.4513 -0.0011
vn 0.8885 -0.4588 -0.0090
vn 0.8704 -0.4910 -0.0361
vn 0.8654 -0.4922 0.0940
vn 0.8630 -0.4772 0.1658
vn 0.8401 -0.5424 -0.0053
vn 0.8454 -0.5341 -0.0024
vn 0.8871 -0.4556 0.0738
vn 0.9005 -0.4339 0.0282
vn 0.8792 -0.4764 -0.0071
vn 0.8384 -0.5451 -0.0043
vn 0.8331 -0.5364 -0.1348
vn 0.8991 -0.4378 -0.0072
vn 0.7050 -0.5343 -0.4664
vn 0.7657 -0.5305 -0.3638
vn 0.5572 0.3459 -0.7549
vn 0.9013 -0.4331 0.0013
vn 0.9063 -0.4227 0.0016
vn 0.8847 -0.4662 0.0037
vn 0.8558 -0.5130 -0.0669
vn 0.8477 -0.5305 -0.0032
vn 0.8597 -0.5107 -0.0087
vn 0.8582 -0.4965 -0.1306
vn 0.3342 -0.3269 0.8840
vn 0.3089 -0.2864 0.9070
vn 0.4181 -0.3939 0.8185
vn 0.2111 -0.2007 0.9566
vn 0.4079 -0.3516 0.8426
vn 0.3141 -0.2785 0.9076
vn 0.3230 -0.2682 0.9076
vn 0.6329 -0.5980 0.4918
vn 0.5248 -0.4836 0.7005
vn 0.5991 -0.5467 0.5850
vn 0.6982 -0.6184 0.3607
vn 0.7048 -0.6396 0.3068
vn 0.6840 -0.6123 0.3966
vn 0.6200 -0.5696 0.5395
vn 0.2001 -0.1826 0.9626
vn 0.5288 -0.4757 0.7029
vn 0.1585 -0.1259 0.9793
vn 0.6336 -0.5533 0.5408
vn 0.6871 -0.6001 0.4095
vn 0.6007 -0.5334 0.5955
vn 0.1787 -0.1536 0.9718
vn 0.7204 -0.6208 0.3092
vn 0.4258 -0.3855 0.8186
vn 0.4269 -0.3741 0.8233
vn 0.1660 -0.1345 0.9769
vn 0.5984 -0.5037 0.6230
vn 0.6279 -0.5382 0.5622
vn 0.5207 -0.4593 0.7197
vn 0.6914 -0.5788 0.4324
vn 0.4898 -0.4189 0.7646
vn 0.5495 -0.5269 0.6484
vn 0.6229 -0.6051 0.4958
vn 0.6689 -0.6336 0.3888
vn 0.7066 -0.5868 0.3954
vn 0.7316 -0.5962 0.3306
vn 0.6969 -0.5496 0.4608
vn 0.6515 -0.5272 0.5456
vn 0.5724 -0.4539 0.6829
vn 0.5323 -0.4289 0.7299
vn 0.6435 -0.5409 0.5417
vn 0.3617 -0.3565 0.8614
vn 0.7421 -0.5357 0.4028
vn 0.7628 -0.5714 0.3029
vn 0.6176 -0.4682 0.6319
vn 0.4654 -0.3537 0.8114
vn 0.4019 -0.3253 0.8560
vn 0.3034 -0.2451 0.9208
vn 0.1348 -0.1243 0.9830
vn 0.4477 -0.3425 0.8260
vn -0.0636 -0.7695 0.6355
vn -0.0197 -0.7338 0.6791
vn 0.6253 -0.5957 0.5042
vn 0.5379 -0.5582 0.6317
vn 0.4836 -0.5818 0.6540
vn 0.4855 -0.7976 0.3579
vn 0.4042 -0.8456 0.3486
vn 0.5211 -0.8142 0.2559
vn -0.1103 -0.9683 0.2240
vn -0.1090 -0.9463 0.3044
vn -0.1906 -0.9463 0.2611
vn 0.1179 -0.5630 0.8180
vn 0.0159 -0.5440 0.8389
vn 0.0555 -0.6113 0.7894
vn 0.6681 -0.6415 0.3770
vn 0.6544 -0.6140 0.4414
vn 0.5669 -0.6423 0.5158
vn 0.1431 -0.8030 0.5786
vn -0.0054 -0.8428 0.5382
vn 0.1493 -0.8607 0.4867
vn 0.4365 -0.6443 0.6279
vn 0.1127 -0.7375 0.6659
vn 0.0263 -0.6747 0.7376
vn 0.5444 -0.7172 0.4351
vn 0.4948 -0.6923 0.5252
vn 0.4019 -0.7295 0.5535
vn -0.2038 -0.9677 0.1486
vn -0.0743 -0.9874 0.1400
vn 0.2865 -0.9031 0.3199
vn 0.2841 -0.8612 0.4214
vn 0.8220 -0.5070 0.2593
vn 0.8035 -0.5605 0.2008
vn 0.8636 -0.4916 0.1115
vn 0.5867 -0.7318 0.3467
vn 0.5410 -0.7315 0.4149
vn 0.4383 -0.7718 0.4606
vn 0.0223 -0.8004 0.5991
vn -0.2580 -0.9554 0.1439
vn 0.2525 -0.7155 0.6514
vn 0.2572 -0.6779 0.6887
vn 0.1256 -0.6676 0.7338
vn 0.6649 -0.6753 0.3193
vn 0.7279 -0.6240 0.2843
vn -0.1925 -0.9063 0.3762
vn 0.4001 -0.5961 0.6961
vn -0.0651 -0.6625 0.7463
vn 0.2177 -0.7765 0.5913
vn 0.2470 -0.8278 0.5038
vn 0.7079 -0.6641 0.2404
vn 0.6740 -0.7144 0.1880
vn 0.7426 -0.6489 0.1657
vn 0.0255 -0.9340 0.3563
vn -0.1025 -0.9092 0.4035
vn 0.2073 -0.6140 0.7616
vn 0.3781 -0.8052 0.4568
vn 0.1627 -0.9008 0.4025
vn 0.6853 -0.5427 0.4857
vn 0.0273 -0.8908 0.4536
vn 0.7929 -0.5895 0.1542
vn 0.7529 -0.6188 0.2242
vn 0.3391 -0.6664 0.6640
vn 0.6206 -0.7306 0.2848
vn 0.6050 -0.7637 0.2252
vn 0.3001 -0.9453 0.1277
vn 0.1012 -0.9905 0.0927
vn 0.4100 -0.9105 0.0546
vn 0.2832 -0.5913 0.7551
vn 0.1848 -0.5323 0.8261
vn 0.0606 -0.5047 0.8612
vn 0.2486 -0.5209 0.8166
vn 0.3613 -0.5263 0.7697
vn 0.2128 -0.4666 0.8585
vn 0.7664 -0.5607 0.3134
vn 0.4248 -0.5131 0.7458
vn 0.5228 -0.5053 0.6865
vn 0.3590 -0.4323 0.8272
vn -0.1043 -0.8920 0.4398
vn -0.0901 -0.8677 0.4888
vn -0.1717 -0.8639 0.4735
vn -0.2025 -0.9786 0.0359
vn -0.0911 -0.9943 0.0546
vn -0.2263 -0.9708 0.0792
vn 0.2974 -0.4429 0.8458
vn 0.7449 -0.4924 0.4503
vn 0.6363 -0.5010 0.5866
vn 0.3346 -0.7643 0.5512
vn 0.4903 -0.4466 0.7484
vn -0.1361 -0.8249 0.5487
vn 0.0902 -0.4691 0.8785
vn -0.0919 -0.8095 0.5798
vn 0.7997 -0.4862 0.3523
vn 0.7084 -0.4688 0.5277
vn 0.5529 -0.4414 0.7068
vn 0.1180 -0.4188 0.9004
vn 0.1531 -0.9452 0.2884
vn 0.0380 -0.3986 0.9163
vn 0.6728 -0.4870 0.5569
vn 0.7240 -0.6890 0.0321
vn 0.6393 -0.7647 0.0814
vn 0.6269 -0.7789 0.0145
vn 0.4769 -0.8789 0.0111
vn 0.8596 -0.5061 0.0705
vn 0.7699 -0.6310 0.0954
vn 0.8606 -0.5084 0.0285
vn -0.1219 -0.7737 0.6217
vn 0.1387 -0.3689 0.9191
vn 0.2964 -0.9349 0.1953
vn 0.0668 -0.9781 0.1973
vn 0.3283 -0.3800 0.8648
vn 0.1645 -0.3190 0.9334
vn 0.3789 -0.3641 0.8508
vn 0.5466 -0.4135 0.7282
vn 0.2202 -0.2867 0.9324
vn -0.0647 -0.2066 0.9763
vn -0.1211 -0.1413 0.9825
vn 0.4098 -0.3411 0.8460
vn 0.1295 -0.2419 0.9616
vn 0.1397 -0.2312 0.9628
vn 0.3365 -0.2915 0.8954
vn 0.2151 -0.2479 0.9446
vn -0.0513 -0.1247 0.9909
vn 0.6179 -0.4335 0.6560
vn 0.4466 -0.3448 0.8256
vn -0.0001 -0.1314 0.9913
vn 0.1806 -0.1999 0.9630
vn -0.0222 -0.1047 0.9943
vn 0.2892 -0.2534 0.9231
vn 0.0334 -0.1119 0.9932
vn 0.4076 -0.3193 0.8555
vn 0.1710 -0.1661 0.9712
vn 0.8656 -0.5006 0.0034
vn 0.8001 -0.5996 0.0171
vn 0.9067 -0.4218 0.0077
vn 0.5266 -0.8348 0.1606
vn 0.7124 -0.4679 0.5230
vn -0.1071 -0.2089 0.9721
vn 0.0699 -0.2971 0.9523
vn 0.4181 -0.8732 0.2505
vn 0.7477 -0.4898 0.4483
vn 0.7727 -0.5042 0.3857
vn 0.7967 -0.5329 0.2851
vn 0.6200 -0.4482 0.6440
vn 0.6995 -0.4806 0.5289
vn 0.7370 -0.5182 0.4339
vn 0.5395 -0.3988 0.7415
vn 0.1956 -0.9804 0.0243
vn 0.0864 -0.9963 -0.0012
vn -0.0931 -0.9955 0.0201
vn -0.9545 -0.2982 0.0099
vn -0.1971 -0.9804 0.0065
vn -0.0033 -1.0000 -0.0052
vn 0.2838 -0.9589 0.0021
vn 0.4216 -0.9067 -0.0068
vn 0.7097 -0.7045 0.0003
vn 0.8473 -0.5311 -0.0002
vn 0.0113 -0.0007 -0.9999
vn 0.0202 -0.0089 -0.9998
vn 0.0181 -0.0142 -0.9997
vn 0.0105 -0.0055 -0.9999
vn 0.0117 -0.0057 -0.9999
vn -0.0081 -0.0005 -1.0000
vn -0.0026 -0.0004 -1.0000
vn -0.0020 -0.0029 -1.0000
vn -0.0040 0.0062 -1.0000
vn 0.0018 -0.0005 -1.0000
vn 0.0085 -0.0018 -1.0000
vn -0.7386 0.4380 -0.5125
vn -0.7873 0.4518 -0.4196
vn -0.7517 0.4420 -0.4894
vn -0.9890 -0.1459 -0.0258
vn -0.9907 -0.1331 -0.0276
vn -0.9994 -0.0130 -0.0330
vn -0.7959 0.4537 -0.4009
vn -0.3871 0.3103 -0.8683
vn -0.3962 0.2940 -0.8698
vn -0.3685 0.3428 -0.8641
vn -0.5034 0.4914 -0.7107
vn -0.5942 0.5153 -0.6176
vn -0.6114 0.5387 -0.5797
vn -0.8888 0.3426 -0.3043
vn -0.9830 0.1170 -0.1414
vn -0.9879 0.0930 -0.1239
vn -0.9785 0.0856 -0.1876
vn -0.5128 0.2576 -0.8189
vn -0.5414 0.2065 -0.8150
vn -0.5600 0.1794 -0.8088
vn -0.6668 0.5041 -0.5489
vn -0.6912 0.4884 -0.5327
vn -0.6892 0.4932 -0.5308
vn -0.6278 0.1307 -0.7673
vn -0.6445 0.0536 -0.7627
vn -0.9998 0.0153 -0.0157
vn -0.7173 0.0519 -0.6948
vn -0.7956 -0.0329 -0.6050
vn -0.7319 -0.0420 -0.6801
vn -0.7956 -0.0329 -0.6049
vn -0.8069 -0.1406 -0.5738
vn -0.8764 -0.0497 -0.4790
vn -0.8820 -0.0366 -0.4698
vn -0.9639 -0.0794 -0.2543
vn -0.9647 -0.0622 -0.2561
vn -0.9680 0.0197 -0.2500
vn -0.9744 0.0612 -0.2165
vn -0.9863 -0.0092 -0.1649
vn -0.9848 -0.0254 -0.1718
vn -0.4152 0.2586 -0.8722
vn -0.5893 0.5104 -0.6263
vn -0.6827 0.5537 -0.4769
vn -0.6868 0.5648 -0.4575
vn -0.6998 0.5549 -0.4498
vn -0.6709 0.5695 -0.4749
vn -0.6708 0.5695 -0.4751
vn -0.6121 0.5083 -0.6058
vn -0.5399 0.4488 -0.7121
vn -0.4551 0.3493 -0.8191
vn -0.5542 0.4985 -0.6666
vn -0.5946 0.4981 -0.6312
vn -0.5348 0.4390 -0.7220
vn -0.5664 0.4895 -0.6630
vn -0.5286 0.3815 -0.7583
vn -0.4099 0.3266 -0.8517
vn -0.4620 0.3777 -0.8024
vn -0.4880 0.4235 -0.7632
vn -0.4349 0.3559 -0.8271
vn -0.6714 0.5922 -0.4455
vn -0.4335 0.3482 -0.8312
vn -0.4934 0.4138 -0.7651
vn -0.5803 0.5269 -0.6210
vn -0.4828 0.4384 -0.7581
vn -0.5399 0.4806 -0.6910
vn -0.4727 0.4186 -0.7755
vn -0.5101 0.4593 -0.7272
vn -0.5187 0.4794 -0.7079
vn -0.4996 0.4590 -0.7347
vn -0.5111 0.4929 -0.7042
vn -0.5536 0.5192 -0.6511
vn -0.7518 0.5634 0.3426
vn -0.4777 0.3786 -0.7928
vn -0.6836 0.5427 -0.4880
vn -0.7149 0.5605 -0.4180
vn -0.7179 0.5613 -0.4117
vn -0.6927 0.5939 -0.4093
vn -0.5174 0.4756 -0.7115
vn -0.6850 0.5835 -0.4362
vn -0.6928 0.5939 -0.4090
vn -0.7520 0.6405 -0.1559
vn -0.6850 0.5835 -0.4363
vn -0.7341 0.6460 -0.2093
vn -0.6521 0.4987 -0.5711
vn -0.5400 0.3802 -0.7509
vn -0.5274 0.3873 -0.7562
vn -0.6808 0.5420 -0.4928
vn 0.1848 0.9649 -0.1867
vn -0.1365 0.9818 -0.1319
vn -0.0885 0.9866 -0.1371
vn -0.2613 0.9619 -0.0804
vn -0.2037 0.9752 -0.0870
vn 0.2061 0.9686 -0.1390
vn 0.2655 0.9591 -0.0984
vn 0.2155 0.9680 -0.1287
vn -0.1007 0.9928 -0.0646
vn -0.3142 0.9475 -0.0587
vn 0.1197 0.9897 -0.0784
vn -0.3531 0.3547 -0.8657
vn -0.3742 0.3971 -0.8380
vn -0.4234 0.5517 -0.7186
vn -0.1750 0.9835 -0.0466
vn -0.2256 0.9718 -0.0683
vn -0.2658 0.5889 -0.7632
vn -0.2433 0.6192 -0.7466
vn -0.1641 0.6547 -0.7379
vn -0.3588 0.7365 -0.5734
vn -0.5387 0.6359 -0.5526
vn -0.5489 0.6508 -0.5246
vn -0.5706 0.7009 -0.4279
vn -0.0957 0.9951 -0.0238
vn 0.1425 0.9884 -0.0520
vn 0.1387 0.9896 -0.0371
vn -0.4473 0.8501 -0.2780
vn -0.5029 0.8409 -0.2002
vn -0.4808 0.8197 -0.3113
vn 0.0308 0.8539 -0.5195
vn 0.0008 0.8922 -0.4517
vn 0.0220 0.8405 -0.5414
vn -0.4051 0.7300 -0.5504
vn -0.3383 0.7333 -0.5898
vn -0.5124 0.8391 -0.1828
vn -0.5093 0.8370 -0.2001
vn -0.0397 0.9178 -0.3950
vn -0.1202 0.9411 -0.3160
vn -0.1033 0.8993 -0.4249
vn -0.1239 0.9490 -0.2899
vn -0.1778 0.9555 -0.2354
vn -0.3954 0.9060 -0.1511
vn -0.3124 0.9265 -0.2096
vn -0.3828 0.9139 -0.1349
vn -0.3623 0.9219 -0.1373
vn -0.3749 0.9174 -0.1332
vn 0.1670 0.9630 -0.2113
vn -0.2797 0.9537 -0.1106
vn -0.4938 0.7941 -0.3544
vn -0.4874 0.8124 -0.3202
vn 0.0131 0.8091 -0.5875
vn 0.0147 0.8086 -0.5882
vn -0.2645 0.9644 -0.0071
vn -0.1313 0.9909 -0.0301
vn -0.1012 0.9945 -0.0257
vn 0.2162 0.9177 -0.3333
vn 0.2143 0.9291 -0.3013
vn 0.2240 0.9244 -0.3086
vn 0.1020 0.9672 -0.2325
vn -0.1516 -0.8936 -0.4225
vn -0.1386 -0.9170 -0.3741
vn -0.1156 -0.9413 -0.3173
vn -0.3329 -0.9109 -0.2437
vn 0.2254 -0.9285 -0.2952
vn 0.1987 -0.9233 -0.3288
vn 0.3431 -0.9189 -0.1949
vn 0.4047 -0.9055 -0.1278
vn 0.3950 -0.9078 -0.1412
vn -0.0117 -0.9763 -0.2162
vn 0.0027 -0.9774 -0.2112
vn 0.1490 -0.9787 -0.1413
vn 0.2670 -0.9619 -0.0589
vn 0.2775 -0.9600 -0.0375
vn 0.3028 -0.4467 -0.8419
vn 0.3267 -0.5824 -0.7444
vn 0.4007 -0.5600 -0.7252
vn 0.2858 -0.9573 -0.0428
vn -0.0969 -0.9898 -0.1045
vn -0.2009 -0.9773 -0.0678
vn -0.1106 -0.9887 -0.1010
vn 0.1004 -0.9945 -0.0309
vn 0.1606 -0.9870 0.0087
vn 0.0857 -0.9960 -0.0270
vn 0.1698 -0.9847 0.0380
vn 0.3416 -0.6938 -0.6340
vn 0.2082 -0.9035 -0.3747
vn -0.0098 -0.8421 -0.5392
vn 0.3061 -0.9517 -0.0243
vn 0.3083 -0.7909 -0.5286
vn 0.5096 -0.8072 -0.2980
vn -0.0383 -0.6644 -0.7464
vn -0.0201 -0.7082 -0.7057
vn 0.0158 -0.7995 -0.6005
vn 0.3605 -0.6797 -0.6388
vn 0.3986 -0.3750 -0.8370
vn 0.4025 -0.3644 -0.8397
vn 0.3607 -0.3187 -0.8765
vn 0.6795 -0.5098 -0.5276
vn 0.2037 -0.0744 -0.9762
vn 0.4322 -0.3912 -0.8125
vn 0.3957 -0.3736 -0.8390
vn 0.3701 -0.3169 -0.8733
vn 0.4193 -0.3123 -0.8525
vn 0.3957 -0.3054 -0.8661
vn 0.5383 -0.3338 -0.7739
vn 0.2329 -0.1270 -0.9642
vn 0.6818 -0.5140 -0.5206
vn 0.6796 -0.5098 -0.5275
vn 1.0000 -0.0000 -0.0000
vn 1.0000 -0.0000 0.0001
vn 0.9868 0.0784 -0.1415
vn 0.9778 0.1620 -0.1330
vn 0.9865 0.0920 -0.1354
vn 0.9840 0.1469 -0.1005
vn 0.9937 0.0858 -0.0722
vn 0.9968 0.0533 -0.0603
vn 0.9876 0.1244 -0.0956
vn 0.9987 -0.0195 -0.0469
vn 0.9986 -0.0280 -0.0459
vn 0.9997 0.0122 -0.0219
vn 0.4946 0.1036 -0.8629
vn 0.6952 -0.2024 -0.6897
vn 0.7007 -0.2027 -0.6840
vn 0.7491 -0.1401 -0.6475
vn 0.8511 -0.1272 -0.5093
vn 0.8517 -0.1222 -0.5097
vn 0.8500 -0.1318 -0.5100
vn 0.4986 -0.1923 -0.8452
vn 0.8709 -0.0736 -0.4859
vn 0.8760 -0.0598 -0.4787
vn 0.6093 -0.2164 -0.7629
vn 0.9219 -0.0348 -0.3858
vn 0.9166 -0.0375 -0.3981
vn 0.9135 -0.3824 -0.1390
vn 0.8681 -0.4837 -0.1117
vn 0.9588 -0.0259 -0.2828
vn 0.9523 -0.0251 -0.3042
vn 0.9743 0.0288 -0.2232
vn 0.9656 0.0539 -0.2544
vn 0.9875 -0.0262 -0.1551
vn 0.9803 -0.1267 -0.1514
vn 0.9837 -0.0929 -0.1540
vn 0.9762 0.1077 -0.1884
vn 0.9890 0.1462 -0.0236
vn 0.9996 -0.0256 -0.0104
vn 0.9675 0.2111 -0.1393
vn 0.9740 0.2093 -0.0871
vn 0.9999 0.0151 0.0051
vn 0.9996 0.0263 0.0029
vn 0.9991 -0.0413 0.0128
vn 0.9989 -0.0457 0.0141
vn 0.9769 -0.2135 0.0025
vn 0.0689 -0.3595 0.9306
vn 0.0036 -0.2706 0.9627
vn -0.2921 0.0186 0.9562
vn -0.4216 0.0158 0.9066
vn -0.1426 -0.1413 0.9796
vn 0.0115 -0.3556 0.9346
vn -0.0034 -0.2721 0.9623
vn -0.0257 -0.2893 0.9569
vn -0.0493 -0.3671 0.9289
vn -0.0902 -0.3203 0.9430
vn -0.0134 -0.2414 0.9703
vn -0.0151 -0.4631 0.8862
vn -0.1017 -0.2941 0.9504
vn -0.3510 0.0119 0.9363
vn -0.2413 -0.0326 0.9699
vn -0.2939 -0.0632 0.9538
vn -0.2516 0.0136 0.9677
vn -0.3500 -0.0922 0.9322
vn -0.3327 -0.0951 0.9382
vn -0.2525 -0.0438 0.9666
s 1
usemtl Part__Mirroring004_004_002.001
f 2585//4737 2583//4738 2580//4739
f 2586//4737 2585//4737 2580//4739
f 2632//4740 2633//4740 2621//4740
f 2664//4741 2667//4742 2672//4743
f 4152//4744 2667//4742 2666//4745
f 4122//4746 2636//4747 2645//4748
f 2666//4745 2668//4749 4122//4746
f 2667//4742 2668//4749 2666//4745
f 4122//4746 2668//4749 2636//4747
f 2668//4749 2670//4750 2636//4747
f 2669//4751 2671//4752 4242//4753
f 4242//4754 2671//4755 4151//4756
f 2636//4747 2670//4750 2647//4757
f 2670//4750 2673//4758 2647//4757
f 2647//4757 2675//4759 2649//4760
f 2673//4758 2675//4759 2647//4757
f 2669//4751 2664//4741 2671//4752
f 2675//4759 2676//4761 2649//4760
f 2649//4760 2676//4761 2651//4762
f 2674//4763 2664//4741 2669//4751
f 2676//4761 2677//4764 2651//4762
f 2651//4762 2677//4764 2653//4765
f 2664//4741 2672//4743 2671//4752
f 2677//4764 2678//4766 2653//4765
f 2653//4765 2678//4766 2655//4767
f 2672//4743 2667//4742 4152//4744
f 2683//4768 2702//4769 2687//4770
f 2690//4771 2692//4772 2755//4773
f 2686//4774 2693//4775 2685//4776
f 2870//4777 2693//4775 2686//4774
f 2769//4778 2687//4770 2697//4779
f 2688//4780 2680//4781 2752//4782
f 3440//4783 2699//4784 2691//4785
f 2749//4786 2700//4787 2756//4788
f 2694//4789 2700//4787 2749//4786
f 2701//4790 2693//4775 2870//4777
f 2701//4790 2689//4791 2693//4775
f 2697//4779 2687//4770 2703//4792
f 2756//4788 2700//4787 2741//4793
f 2681//4794 2709//4795 2766//4796
f 2704//4797 2681//4794 2701//4790
f 2701//4790 2681//4794 2689//4791
f 2766//4796 2709//4795 2679//4798
f 2706//4799 2681//4794 2704//4797
f 2709//4795 2707//4800 2679//4798
f 2684//4801 2708//4802 2683//4768
f 2706//4799 2709//4795 2681//4794
f 2679//4798 2707//4800 2684//4801
f 2696//4803 2699//4784 3440//4783
f 2707//4800 2708//4802 2684//4801
f 2687//4770 2710//4804 2703//4792
f 2708//4802 2702//4769 2683//4768
f 2700//4787 2688//4780 2741//4793
f 2687//4770 2711//4805 2710//4804
f 2702//4769 2711//4805 2687//4770
f 2864//4806 2702//4769 2708//4802
f 2864//4806 2871//4807 2702//4769
f 2702//4769 2712//4808 2711//4805
f 2910//4809 2712//4808 2871//4807
f 2871//4807 2712//4808 2702//4769
f 2692//4772 2736//4810 3440//4783
f 2695//4811 2713//4812 2698//4813
f 2705//4814 2713//4812 2695//4811
f 2703//4792 2710//4804 3353//4815
f 3353//4815 2710//4804 3351//4816
f 2688//4780 2714//4817 2680//4781
f 3363//4818 3365//4819 2715//4820
f 3351//4816 2710//4804 2716//4821
f 3355//4822 2720//4823 3365//4819
f 2718//4824 2721//4825 2719//4826
f 4210//4827 2715//4828 2720//4829
f 2717//4830 2721//4825 2718//4824
f 2722//4831 2723//4832 2726//4833
f 2719//4826 2727//4834 2724//4835
f 2736//4810 2696//4803 3440//4783
f 2724//4835 2727//4834 2725//4836
f 2713//4812 2682//4837 2698//4813
f 2714//4817 2768//4838 2680//4781
f 2727//4834 2731//4839 2725//4836
f 2717//4830 2732//4840 2721//4825
f 2726//4833 2723//4832 2733//4841
f 2725//4836 2731//4839 2728//4842
f 2700//4787 2735//4843 2688//4780
f 2723//4832 3370//4844 2733//4841
f 2732//4840 2719//4826 2721//4825
f 2731//4839 2729//4845 2728//4842
f 2737//4846 2705//4814 2695//4811
f 2732//4840 2738//4847 2719//4826
f 2923//4848 2712//4808 2910//4809
f 2694//4789 2740//4849 2700//4787
f 2729//4845 2741//4793 2730//4850
f 2719//4826 2738//4847 2727//4834
f 2730//4850 2741//4793 2734//4851
f 2735//4843 2714//4817 2688//4780
f 2738//4847 2743//4852 2727//4834
f 4199//4853 2744//4854 2665//4855
f 2829//4856 2669//4751 2764//4857
f 2764//4857 2669//4751 2744//4854
f 2727//4834 2743//4852 2731//4839
f 2674//4763 2669//4751 2829//4856
f 3365//4819 2720//4823 2715//4820
f 3355//4822 2747//4858 2720//4823
f 2720//4823 2747//4858 2723//4832
f 2723//4832 2747//4858 3360//4859
f 2740//4849 2735//4843 2700//4787
f 2716//4821 2710//4804 2748//4860
f 2714//4817 2679//4798 2768//4838
f 2722//4831 2720//4823 2723//4832
f 2696//4803 2687//4770 2699//4784
f 2743//4852 2749//4786 2731//4839
f 2748//4860 2710//4804 2750//4861
f 2750//4861 2710//4804 3367//4862
f 2754//4863 2723//4832 2751//4864
f 2751//4864 2723//4832 3360//4859
f 3367//4862 2710//4804 3370//4844
f 2682//4837 2753//4865 2694//4789
f 2741//4793 2752//4782 2734//4851
f 2749//4786 2729//4845 2731//4839
f 2695//4811 2732//4840 2717//4830
f 3372//4866 2723//4832 2754//4863
f 3372//4866 3370//4844 2723//4832
f 2713//4812 2685//4776 2682//4837
f 2733//4841 3370//4844 2757//4867
f 2757//4867 3370//4844 2758//4868
f 2758//4868 3370//4844 2759//4869
f 2710//4804 2711//4805 3370//4844
f 2679//4798 2684//4801 2768//4838
f 2768//4838 2684//4801 2690//4771
f 2711//4805 2760//4870 3370//4844
f 3370//4844 2760//4870 2759//4869
f 2761//4871 2711//4805 2762//4872
f 2760//4870 2711//4805 2761//4871
f 2712//4808 2745//4873 2711//4805
f 2923//4848 2744//4854 2712//4808
f 2753//4865 2740//4849 2694//4789
f 2756//4788 2741//4793 2729//4845
f 2762//4874 2745//4875 2763//4876
f 2711//4805 2745//4873 2762//4872
f 2764//4857 2744//4854 2923//4848
f 2752//4782 2739//4877 2734//4851
f 2744//4854 2765//4878 2745//4873
f 4199//4853 2765//4878 2744//4854
f 2669//4751 4242//4753 2744//4854
f 2744//4854 4242//4753 2665//4855
f 2749//4786 2756//4788 2729//4845
f 2712//4808 2744//4854 2745//4873
f 2735//4843 2766//4796 2714//4817
f 2690//4771 2684//4801 2692//4772
f 2767//4879 2691//4785 2775//4880
f 2736//4810 2683//4768 2696//4803
f 2684//4801 2736//4810 2692//4772
f 2766//4796 2679//4798 2714//4817
f 2739//4877 2768//4838 2742//4881
f 2737//4846 2713//4812 2705//4814
f 2685//4776 2753//4865 2682//4837
f 2687//4770 2769//4778 2699//4784
f 2775//4880 2699//4784 2770//4882
f 2691//4785 2699//4784 2775//4880
f 2690//4771 2755//4773 2746//4883
f 2695//4811 2698//4813 2732//4840
f 2732//4840 2698//4813 2738//4847
f 2683//4768 2687//4770 2696//4803
f 2742//4881 2768//4838 2746//4883
f 2753//4865 2693//4775 2740//4849
f 2740//4849 2681//4794 2735//4843
f 2752//4782 2680//4781 2739//4877
f 2693//4775 2689//4791 2740//4849
f 2684//4801 2683//4768 2736//4810
f 2737//4846 2771//4884 2713//4812
f 2681//4794 2766//4796 2735//4843
f 2772//4885 2737//4846 2773//4886
f 2699//4784 2774//4887 2770//4882
f 2768//4838 2690//4771 2746//4883
f 2689//4791 2681//4794 2740//4849
f 2771//4884 2685//4776 2713//4812
f 2738//4847 2682//4837 2743//4852
f 2698//4813 2682//4837 2738//4847
f 2680//4781 2768//4838 2739//4877
f 2699//4784 2769//4778 2774//4887
f 2772//4885 2771//4884 2737//4846
f 2692//4772 3440//4783 2755//4773
f 2685//4776 2693//4775 2753//4865
f 2686//4774 2771//4884 2772//4885
f 2741//4793 2688//4780 2752//4782
f 2682//4837 2694//4789 2743//4852
f 2743//4852 2694//4789 2749//4786
f 2686//4774 2685//4776 2771//4884
f 2791//4888 2790//4889 2776//4890
f 2790//4891 2769//4892 2776//4893
f 2779//4894 2778//4895 2780//4896
f 2777//4897 2778//4898 2779//4899
f 2782//4900 2783//4901 2781//4902
f 2767//4903 2783//4904 2782//4905
f 2767//4903 2775//4906 2783//4904
f 2769//4892 2789//4907 2774//4908
f 2783//4901 2777//4897 2781//4902
f 2786//4909 2787//4910 2785//4911
f 2778//4898 2777//4897 2783//4901
f 2790//4889 2788//4912 2789//4913
f 2790//4889 2791//4888 2788//4912
f 2783//4904 2775//4906 2778//4895
f 2778//4895 2775//4906 2770//4914
f 2776//4890 2792//4915 2791//4888
f 2778//4895 2770//4914 2780//4896
f 2792//4915 2776//4890 2784//4916
f 2785//4911 2787//4910 2779//4894
f 2780//4896 2770//4914 2774//4908
f 2780//4896 2786//4909 2779//4894
f 2779//4894 2786//4909 2785//4911
f 2787//4910 2788//4912 2791//4888
f 2780//4896 2774//4908 2786//4917
f 2789//4907 2769//4892 2790//4891
f 2788//4912 2787//4910 2789//4913
f 2787//4910 2786//4909 2789//4913
f 2789//4907 2786//4917 2774//4908
f 2784//4916 2776//4893 2769//4892
f 2796//4918 2797//4919 2799//4920
f 2797//4919 2804//4921 2799//4920
f 2800//4922 2804//4921 2797//4919
f 2802//4923 2801//4924 2969//4925
f 2804//4921 2803//4926 2799//4920
f 2803//4926 2806//4927 2799//4920
f 2807//4928 2801//4924 2802//4923
f 2807//4928 2808//4929 2801//4924
f 2809//4930 2815//4931 2814//4932
f 2806//4927 2803//4926 2810//4933
f 2812//4934 2813//4935 2807//4928
f 2807//4928 2813//4935 2808//4929
f 2814//4932 2810//4933 2803//4926
f 2821//4936 2806//4927 2810//4933
f 2811//4937 2847//4938 2772//4885
f 2818//4939 2815//4931 2823//4940
f 2772//4885 2847//4938 2686//4774
f 2827//4941 2764//4857 2821//4936
f 2822//4942 2813//4935 2812//4934
f 2822//4942 2823//4940 2813//4935
f 2822//4942 2832//4943 2823//4940
f 2816//4944 2828//4945 2824//4946
f 2829//4856 2827//4941 2830//4947
f 2833//4948 2832//4943 2822//4942
f 2824//4946 2834//4949 2836//4950
f 2833//4948 2837//4951 2832//4943
f 2830//4947 2674//4763 2829//4856
f 2835//4952 2839//4953 2841//4954
f 2840//4955 2837//4951 2833//4948
f 2840//4955 2842//4956 2837//4951
f 2835//4952 2841//4954 2830//4947
f 2830//4947 2844//4957 2674//4763
f 2844//4957 2830//4947 3034//4958
f 2839//4953 2845//4959 2841//4954
f 2839//4953 2843//4960 2845//4959
f 2847//4938 2811//4937 2846//4961
f 2817//4962 2890//4963 2819//4964
f 2852//4965 2854//4966 2896//4967
f 2707//4800 2851//4968 2857//4969
f 2854//4966 2852//4965 2853//4970
f 2903//4971 2850//4972 2858//4973
f 2858//4973 2850//4972 2859//4974
f 2860//4975 2861//4976 2859//4974
f 2864//4806 2708//4802 2857//4969
f 2842//4956 3037//4977 2843//4960
f 2858//4973 2861//4976 2863//4978
f 2869//4979 2861//4976 2860//4975
f 2861//4976 2869//4979 2863//4978
f 2875//4980 2869//4979 2860//4975
f 2875//4980 2860//4975 2866//4981
f 2863//4978 2869//4979 2873//4982
f 2872//4983 2875//4980 2866//4981
f 2864//4806 2924//4984 2871//4807
f 2875//4980 2872//4983 2877//4985
f 2874//4986 2878//4987 2847//4938
f 2875//4980 2876//4988 2869//4979
f 2886//4989 2871//4807 2924//4984
f 2848//4990 2879//4991 2874//4986
f 2879//4991 2878//4987 2874//4986
f 2875//4980 2877//4985 2876//4988
f 2873//4982 2869//4979 2880//4992
f 2883//4993 2873//4982 2880//4992
f 2880//4992 2869//4979 2887//4994
f 2924//4984 2883//4993 2886//4989
f 2884//4995 2878//4987 2879//4991
f 2878//4987 2884//4995 2701//4790
f 2879//4991 2881//4996 2884//4995
f 2883//4993 2880//4992 2892//4997
f 2892//4997 2880//4992 2887//4994
f 2877//4985 2888//4998 2876//4988
f 2820//4999 2935//5000 2817//4962
f 2888//4998 2887//4994 2876//4988
f 2884//4995 2889//5001 2701//4790
f 2882//5002 2888//4998 2877//4985
f 2871//4807 2885//5003 2910//4809
f 2885//5003 2929//5004 2898//5005
f 2893//5006 2884//4995 2881//4996
f 2887//4994 2895//5007 2892//4997
f 2889//5001 2706//4799 2704//4797
f 2884//4995 2894//5008 2889//5001
f 2892//4997 2895//5007 2897//5009
f 2902//5010 2895//5007 2888//4998
f 2895//5007 2902//5010 2897//5009
f 2889//5001 2894//5008 2706//4799
f 2890//4963 2852//4965 2896//4967
f 2893//5006 2894//5008 2884//4995
f 2850//4972 2894//5008 2893//5006
f 2900//5011 2902//5010 2888//4998
f 2899//5012 2885//5003 2898//5005
f 2891//5013 2904//5014 2898//5005
f 2901//5015 2904//5014 2891//5013
f 2894//5008 2903//4971 2706//4799
f 2706//4799 2851//4968 2709//4795
f 2885//5003 2899//5012 2905//5016
f 2706//4799 2903//4971 2851//4968
f 2894//5008 2850//4972 2903//4971
f 2709//4795 2851//4968 2707//4800
f 2909//5017 2901//5015 2897//5009
f 2896//4967 2854//4966 2855//5018
f 2903//4971 2906//5019 2851//4968
f 2904//5014 2912//5020 2899//5012
f 2908//5021 2909//5017 2902//5010
f 2903//4971 2858//4973 2906//5019
f 2901//5015 2909//5017 2907//5022
f 2910//4809 2905//5016 2911//5023
f 2909//5017 2913//5024 2907//5022
f 2912//5020 2917//5025 2899//5012
f 2914//5026 2857//4969 2906//5019
f 2915//5027 2907//5022 2913//5024
f 2907//5022 2915//5027 2912//5020
f 2916//5028 2913//5024 2909//5017
f 2918//5029 2912//5020 2915//5027
f 2917//5025 2918//5029 2920//5030
f 2920//5030 2925//5031 2911//5023
f 2910//4809 2911//5023 2919//5032
f 2921//5033 2918//5029 2915//5027
f 2863//4978 2873//4982 2914//5026
f 2919//5032 2923//4848 2910//4809
f 2913//5024 2921//5033 2915//5027
f 2922//5034 2921//5033 2913//5024
f 2914//5026 2873//4982 2924//4984
f 2916//5028 2922//5034 2913//5024
f 2926//5035 2918//5029 2921//5033
f 2925//5031 2927//5036 2919//5032
f 2928//5037 2923//4848 2919//5032
f 2919//5032 2927//5036 2928//5037
f 2918//5029 2931//5038 2925//5031
f 2921//5033 2930//5039 2926//5035
f 2922//5034 2930//5039 2921//5033
f 2932//5040 2930//5039 2922//5034
f 2925//5031 2931//5038 2793//5041
f 2930//5039 2933//5042 2926//5035
f 2926//5035 2933//5042 2931//5038
f 2931//5038 2933//5042 2794//5043
f 2969//4925 2795//5044 2930//5039
f 2793//5041 2794//5043 2797//4919
f 2933//5042 2934//5045 2794//5043
f 2795//5044 2801//4924 2933//5042
f 2933//5042 2801//4924 2934//5045
f 2794//5043 2934//5045 2798//5046
f 2794//5043 2798//5046 2797//4919
f 2798//5046 2800//4922 2797//4919
f 2969//4925 2801//4924 2795//5044
f 2923//4848 2796//4918 2799//4920
f 2934//5045 2805//5047 2798//5046
f 2801//4924 2805//5047 2934//5045
f 2764//4857 2923//4848 2799//4920
f 2804//4921 2800//4922 2809//4930
f 2809//4930 2800//4922 2805//5047
f 2798//5046 2805//5047 2800//4922
f 2803//4926 2804//4921 2814//4932
f 2808//4929 2809//4930 2805//5047
f 2764//4857 2799//4920 2806//4927
f 2821//4936 2764//4857 2806//4927
f 2818//4939 2814//4932 2815//4931
f 2808//4929 2815//4931 2809//4930
f 2813//4935 2815//4931 2808//4929
f 2827//4941 2829//4856 2764//4857
f 2816//4944 2821//4936 2810//4933
f 2814//4932 2818//4939 2810//4933
f 2815//4931 2813//4935 2823//4940
f 2810//4933 2818//4939 2828//4945
f 2824//4946 2835//4952 2825//5048
f 2836//4950 2835//4952 2824//4946
f 2828//4945 2823//4940 2826//5049
f 2818//4939 2823//4940 2828//4945
f 2825//5048 2835//4952 2830//4947
f 2825//5048 2821//4936 2824//4946
f 2824//4946 2821//4936 2816//4944
f 2827//4941 2821//4936 2825//5048
f 2810//4933 2828//4945 2816//4944
f 2832//4943 2826//5049 2823//4940
f 2828//4945 2826//5049 2831//5050
f 2830//4947 2827//4941 2825//5048
f 2832//4943 2831//5050 2826//5049
f 2828//4945 2834//4949 2824//4946
f 2831//5050 2834//4949 2828//4945
f 2831//5050 2832//4943 2834//4949
f 2865//5051 2842//4956 2840//4955
f 2832//4943 2837//4951 2834//4949
f 3037//4977 2842//4956 3036//5052
f 3036//5052 2842//4956 2865//5051
f 2834//4949 2837//4951 2838//5053
f 2867//5054 2846//4961 2811//4937
f 2834//4949 2838//5053 2836//4950
f 2839//4953 2835//4952 2836//4950
f 2839//4953 2836//4950 2838//5053
f 2867//5054 2848//4990 2846//4961
f 2842//4956 2838//5053 2837//4951
f 2838//5053 2842//4956 2843//4960
f 2846//4961 2874//4986 2847//4938
f 2838//5053 2843//4960 2839//4953
f 2686//4774 2847//4938 2870//4777
f 2846//4961 2848//4990 2874//4986
f 2830//4947 2841//4954 3034//4958
f 2847//4938 2878//4987 2870//4777
f 2854//4966 2860//4975 2855//5018
f 2866//4981 2860//4975 2854//4966
f 2848//4990 2819//4964 2890//4963
f 2887//4994 2869//4979 2876//4988
f 2879//4991 2848//4990 2881//4996
f 2878//4987 2701//4790 2870//4777
f 2871//4807 2886//4989 2885//5003
f 2848//4990 2890//4963 2881//4996
f 2886//4989 2929//5004 2885//5003
f 2892//4997 2891//5013 2883//4993
f 2883//4993 2891//5013 2929//5004
f 2701//4790 2889//5001 2704//4797
f 2887//4994 2888//4998 2895//5007
f 2817//4962 2935//5000 2890//4963
f 2896//4967 2881//4996 2890//4963
f 2896//4967 2893//5006 2881//4996
f 2892//4997 2901//5015 2891//5013
f 2935//5000 2852//4965 2890//4963
f 2896//4967 2850//4972 2893//5006
f 2849//5055 2852//4965 2935//5000
f 2909//5017 2897//5009 2902//5010
f 2910//4809 2885//5003 2905//5016
f 2850//4972 2896//4967 2855//5018
f 2904//5014 2907//5022 2912//5020
f 2853//4970 2852//4965 2849//5055
f 2855//5018 2859//4974 2850//4972
f 2917//5025 2905//5016 2899//5012
f 2905//5016 2917//5025 2911//5023
f 2856//5056 2854//4966 2853//4970
f 2857//4969 2708//4802 2707//4800
f 2918//5029 2917//5025 2912//5020
f 2860//4975 2859//4974 2855//5018
f 2925//5031 2919//5032 2911//5023
f 2857//4969 2851//4968 2906//5019
f 2859//4974 2861//4976 2858//4973
f 2856//5056 2866//4981 2854//4966
f 2862//5057 2866//4981 2856//5056
f 2925//5031 2920//5030 2918//5029
f 2918//5029 2926//5035 2931//5038
f 2863//4978 2906//5019 2858//4973
f 2795//5044 2933//5042 2930//5039
f 2914//5026 2864//4806 2857//4969
f 2797//4919 2796//4918 2793//5041
f 2868//5058 2866//4981 2862//5057
f 2906//5019 2863//4978 2914//5026
f 2805//5047 2801//4924 2808//4929
f 2814//4932 2804//4921 2809//4930
f 2914//5026 2924//4984 2864//4806
f 2892//4997 2897//5009 2901//5015
f 2868//5058 2872//4983 2866//4981
f 2924//4984 2873//4982 2883//4993
f 2882//5002 2877//4985 2872//4983
f 2886//4989 2883//4993 2929//5004
f 2929//5004 2891//5013 2898//5005
f 2900//5011 2888//4998 2882//5002
f 2898//5005 2904//5014 2899//5012
f 2908//5021 2902//5010 2900//5011
f 2901//5015 2907//5022 2904//5014
f 2916//5028 2909//5017 2908//5021
f 2917//5025 2920//5030 2911//5023
f 2932//5040 2922//5034 2916//5028
f 2927//5036 2925//5031 2793//5041
f 2796//4918 2928//5037 2793//5041
f 2928//5037 2927//5036 2793//5041
f 2794//5043 2793//5041 2931//5038
f 2969//4925 2930//5039 2932//5040
f 2928//5037 2796//4918 2923//4848
f 2953//5059 2954//5060 2946//5061
f 2941//5062 3023//5063 2936//5064
f 2940//5065 2938//5066 2937//5067
f 2946//5061 2941//5062 2936//5064
f 2946//5061 2936//5064 3029//5068
f 2948//5069 2958//5070 2942//5071
f 2948//5069 2949//5072 2958//5070
f 2943//5073 2946//5061 3029//5068
f 2944//5074 2943//5073 3029//5068
f 2940//5065 2945//5075 2938//5066
f 2944//5074 3029//5068 3027//5076
f 2948//5069 3027//5076 2947//5077
f 2948//5069 2944//5074 3027//5076
f 2949//5072 2948//5069 2947//5077
f 2940//5065 2947//5077 3030//5078
f 2940//5065 3030//5078 3032//5079
f 2940//5065 2949//5072 2947//5077
f 2953//5059 2952//5080 2950//5081
f 2945//5075 2940//5065 3032//5079
f 2945//5075 3032//5079 3033//5082
f 2956//5083 2945//5075 3033//5082
f 3033//5082 2939//5084 2956//5083
f 2950//5081 2951//5085 2614//5086
f 2954//5060 2614//5086 2608//5087
f 2943//5073 2952//5080 2953//5059
f 2941//5062 2954//5060 2608//5087
f 2946//5061 2943//5073 2953//5059
f 2944//5074 2952//5080 2943//5073
f 2950//5081 2614//5086 2954//5060
f 2956//5083 2939//5084 2938//5066
f 2956//5083 2938//5066 2945//5075
f 2944//5074 2948//5069 2942//5071
f 2952//5080 2951//5085 2950//5081
f 2952//5080 2955//5088 2951//5085
f 2942//5071 2955//5088 2952//5080
f 2957//5089 2955//5088 2942//5071
f 2952//5080 2944//5074 2942//5071
f 2940//5065 2958//5070 2949//5072
f 2940//5065 2937//5067 2958//5070
f 2958//5070 2957//5089 2942//5071
f 2946//5061 2954//5060 2941//5062
f 2937//5067 2957//5089 2958//5070
f 2954//5060 2953//5059 2950//5081
f 2941//5062 2608//5087 2606//5090
f 2941//5062 2606//5090 3023//5063
f 3033//5082 2961//5091 2939//5084
f 2961//5091 2959//5092 2939//5084
f 2959//5092 2961//5091 2962//5093
f 2960//5094 2962//5093 2986//5095
f 2962//5093 2960//5094 2959//5092
f 2986//5095 2980//5096 2960//5094
f 2988//5097 2996//5098 2965//5099
f 2963//5100 2840//5101 2987//5102
f 2969//5103 2967//5104 2966//5105
f 2969//5103 2966//5105 2968//5106
f 2968//5107 3300//5107 2970//5107
f 2972//5108 2970//5108 3304//5108
f 2977//5109 2968//5106 2970//5110
f 2976//5111 2974//5112 2975//5113
f 2976//5111 2973//5114 2974//5112
f 2971//5115 2963//5100 2993//5116
f 2977//5109 2970//5110 2972//5117
f 2976//5111 2972//5117 2973//5114
f 2988//5097 2965//5099 2979//5118
f 2978//5119 2976//5111 2975//5113
f 2980//5096 2993//5116 2988//5097
f 2976//5111 2977//5109 2972//5117
f 2964//5120 2963//5100 2971//5115
f 2980//5096 2988//5097 2979//5118
f 2981//5121 2978//5119 2982//5122
f 2980//5096 2971//5115 2993//5116
f 2981//5121 2976//5111 2978//5119
f 2981//5121 2982//5122 2983//5123
f 2984//5124 2981//5121 2983//5123
f 2985//5125 2964//5120 2986//5095
f 2986//5095 2964//5120 2971//5115
f 2988//5097 2981//5121 2984//5124
f 2987//5102 2976//5111 2981//5121
f 2988//5097 2984//5124 2989//5126
f 2968//5106 2802//5127 2969//5103
f 2968//5106 2807//5128 2802//5127
f 2980//5096 2979//5118 3104//5129
f 2987//5102 2981//5121 2988//5097
f 2988//5097 2989//5126 2990//5130
f 2971//5115 2980//5096 2986//5095
f 2962//5093 2985//5125 2986//5095
f 2977//5109 2807//5128 2968//5106
f 2812//5131 2807//5128 2977//5109
f 2833//5132 2822//5133 2976//5111
f 2964//5120 2994//5134 2963//5100
f 2988//5097 2990//5130 2995//5135
f 2977//5109 2822//5133 2812//5131
f 2976//5111 2822//5133 2977//5109
f 2987//5102 2833//5132 2976//5111
f 2994//5134 2840//5101 2963//5100
f 2865//5136 2840//5136 2994//5136
f 2994//5134 2964//5120 2985//5125
f 2963//5100 2987//5102 2988//5097
f 2963//5100 2988//5097 2993//5116
f 2988//5097 2995//5135 2996//5098
f 2961//5091 2997//5137 2992//5138
f 2961//5091 3033//5082 2997//5137
f 2840//5101 2833//5132 2987//5102
f 2985//5125 2962//5093 2991//5139
f 2962//5093 2961//5091 2991//5139
f 2991//5139 2994//5134 2985//5125
f 2992//5138 2991//5139 2961//5091
f 2967//5104 2932//5140 2998//5141
f 2969//5103 2932//5140 2967//5104
f 2932//5140 2916//5142 2998//5141
f 2916//5142 2999//5143 2998//5141
f 2916//5142 3000//5144 2999//5143
f 2916//5142 2908//5145 3000//5144
f 3000//5144 2908//5145 3296//5146
f 3296//5146 2908//5145 2900//5147
f 3296//5146 2900//5147 3002//5148
f 3001//5149 2900//5147 2882//5150
f 3002//5148 2900//5147 3001//5149
f 3009//5151 3006//5152 3005//5153
f 3288//5154 3010//5155 3006//5152
f 3004//5156 2935//5000 2820//5157
f 3008//5158 2862//5159 2856//5160
f 3010//5155 3007//5161 3003//5162
f 3291//5163 3009//5151 3005//5153
f 3005//5153 3169//5164 3291//5163
f 3008//5158 2856//5160 2853//4970
f 3003//5162 2872//5165 2868//5166
f 3011//5167 3288//5154 3006//5152
f 3004//5156 3012//5168 3005//5153
f 3004//5156 2820//5157 3012//5168
f 2872//5165 3003//5162 3001//5149
f 3001//5149 2882//5150 2872//5165
f 3006//5152 3003//5162 3008//5158
f 3006//5152 3010//5155 3003//5162
f 3005//5153 3006//5152 3004//5156
f 3008//5158 2853//4970 2849//5055
f 3014//5169 3011//5167 3006//5152
f 3004//5156 3008//5158 2849//5055
f 3003//5162 3013//5170 3001//5149
f 3292//5171 3014//5169 3006//5152
f 3004//5156 2849//5055 2935//5000
f 3004//5156 3006//5152 3008//5158
f 3003//5162 3007//5161 3013//5170
f 3009//5151 3292//5171 3006//5152
f 3008//5158 2868//5166 2862//5159
f 3008//5158 3003//5162 2868//5166
f 3015//5172 3018//5173 3089//5174
f 3016//5175 3018//5173 3019//5176
f 3020//5177 3022//5178 3017//5179
f 3020//5177 3017//5179 3016//5175
f 3015//5172 2992//5138 2997//5137
f 3020//5177 3016//5175 3019//5176
f 3015//5172 3019//5176 3018//5173
f 3028//5180 3024//5181 3082//5182
f 3028//5180 3026//5183 3029//5068
f 3028//5180 2936//5064 3024//5181
f 3030//5078 3020//5177 3019//5176
f 3031//5184 3019//5176 3015//5172
f 3029//5068 2936//5064 3028//5180
f 2997//5137 3031//5184 3015//5172
f 3027//5076 3029//5068 3026//5183
f 2947//5077 3027//5076 3084//5185
f 3032//5079 3030//5078 3031//5184
f 3031//5184 2997//5137 3033//5082
f 3033//5082 3032//5079 3031//5184
f 2667//4742 2664//4741 3035//5186
f 3038//5187 3035//5186 3034//4958
f 2845//4959 2843//4960 3037//4977
f 3040//5188 2845//4959 3037//4977
f 3040//5188 3038//5187 2845//4959
f 3036//5052 2865//5051 2994//5134
f 3035//5186 3038//5187 3041//5189
f 3042//5190 2668//4749 3039//5191
f 3037//4977 3044//5192 3040//5188
f 3041//5189 3039//5191 3035//5186
f 3041//5189 3043//5193 3039//5191
f 3042//5190 2670//4750 2668//4749
f 3040//5188 3044//5192 3083//5194
f 3046//5195 2670//4750 3042//5190
f 3046//5195 2673//4758 2670//4750
f 3045//5196 3043//5193 3041//5189
f 3047//5197 3036//5052 2994//5134
f 3049//5198 3044//5192 3047//5197
f 3046//5195 2675//4759 2673//4758
f 3047//5197 2994//5134 2991//5139
f 3051//5199 3046//5195 3048//5200
f 3051//5199 2675//4759 3046//5195
f 3051//5199 3048//5200 3052//5201
f 2676//4761 2675//4759 3051//5199
f 3049//5198 3047//5197 3060//5202
f 3053//5203 2676//4761 3051//5199
f 3055//5204 3050//5205 3087//5206
f 3054//5207 2655//4767 2678//4766
f 3089//5174 3047//5197 2991//5139
f 3089//5174 2991//5139 2992//5138
f 3055//5204 3087//5206 3057//5208
f 3059//5209 2678//4766 2677//4764
f 3059//5209 2677//4764 3053//5203
f 2655//4767 3058//5210 2657//5211
f 3061//5212 2594//5213 2657//5211
f 3062//5214 3056//5215 3055//5204
f 3066//5216 3057//5208 3067//5217
f 3066//5216 3055//5204 3057//5208
f 3066//5216 3063//5218 3062//5214
f 3066//5216 3062//5214 3055//5204
f 3069//5219 3060//5202 3089//5174
f 3068//5220 3081//5221 2605//5222
f 3070//5223 3064//5224 3071//5225
f 3063//5218 3071//5225 3064//5224
f 3063//5218 3066//5216 3067//5217
f 3072//5226 3061//5212 3058//5210
f 3073//5227 3071//5225 3063//5218
f 3063//5218 3067//5217 3017//5179
f 3073//5227 3063//5218 3017//5179
f 3075//5228 3072//5226 3074//5229
f 3074//5229 3071//5225 3076//5230
f 2936//5064 3023//5063 3024//5181
f 3073//5227 3076//5230 3071//5225
f 3022//5178 3076//5230 3073//5227
f 3022//5178 3073//5227 3017//5179
f 3076//5230 3077//5231 3074//5229
f 2664//4741 2674//4763 2844//4957
f 3038//5187 3034//4958 2841//4954
f 3035//5186 2664//4741 2844//4957
f 3034//4958 3035//5186 2844//4957
f 3080//5232 3077//5231 3076//5230
f 3080//5232 3076//5230 3022//5178
f 2845//4959 3038//5187 2841//4954
f 3081//5221 3023//5063 2606//5090
f 3082//5182 3024//5181 3021//5233
f 3038//5187 3040//5188 3083//5194
f 3080//5232 3084//5185 3025//5234
f 3041//5189 3038//5187 3083//5194
f 3084//5185 3022//5178 3020//5177
f 3084//5185 3080//5232 3022//5178
f 3030//5078 3084//5185 3020//5177
f 3084//5185 3027//5076 3025//5234
f 3031//5184 3030//5078 3019//5176
f 3045//5196 3041//5189 3083//5194
f 2947//5077 3084//5185 3030//5078
f 3083//5194 3044//5192 3049//5198
f 3039//5191 2667//4742 3035//5186
f 3039//5191 2668//4749 2667//4742
f 3037//4977 3047//5197 3044//5192
f 3037//4977 3036//5052 3047//5197
f 3042//5190 3039//5191 3043//5193
f 3046//5195 3042//5190 3043//5193
f 3046//5195 3043//5193 3048//5200
f 3045//5196 3048//5200 3043//5193
f 3045//5196 3083//5194 3085//5235
f 3051//5199 3052//5201 3053//5203
f 3053//5203 2677//4764 2676//4761
f 3062//5214 3053//5203 3056//5215
f 3059//5209 3053//5203 3062//5214
f 3065//5236 2678//4766 3059//5209
f 3054//5207 2678//4766 3065//5236
f 3085//5235 3083//5194 3049//5198
f 3086//5237 3065//5236 3059//5209
f 3062//5214 3086//5237 3059//5209
f 3085//5235 3050//5205 3045//5196
f 3050//5205 3048//5200 3045//5196
f 3086//5237 3062//5214 3064//5224
f 3058//5210 2655//4767 3054//5207
f 3058//5210 3054//5207 3065//5236
f 3086//5237 3070//5223 3065//5236
f 3087//5206 3050//5205 3085//5235
f 3070//5223 3086//5237 3064//5224
f 3070//5223 3058//5210 3065//5236
f 3050//5205 3052//5201 3048//5200
f 3061//5212 2657//5211 3058//5210
f 3088//5238 3085//5235 3049//5198
f 3072//5226 3070//5223 3071//5225
f 3072//5226 3058//5210 3070//5223
f 3089//5174 3060//5202 3047//5197
f 3088//5238 3087//5206 3085//5235
f 3072//5226 3071//5225 3074//5229
f 3056//5215 3053//5203 3052//5201
f 3072//5226 3075//5228 3061//5212
f 3088//5238 3049//5198 3060//5202
f 3068//5220 2594//5213 3061//5212
f 3055//5204 3056//5215 3052//5201
f 3055//5204 3052//5201 3050//5205
f 3057//5208 3087//5206 3088//5238
f 3075//5228 3074//5229 3078//5239
f 3074//5229 3077//5231 3078//5239
f 3075//5228 3078//5239 3068//5220
f 3021//5233 3081//5221 3068//5220
f 3078//5239 3021//5233 3068//5220
f 3082//5182 3021//5233 3078//5239
f 3077//5231 3080//5232 3025//5234
f 3077//5231 3025//5234 3079//5240
f 3088//5238 3060//5202 3069//5219
f 3023//5063 3021//5233 3024//5181
f 3023//5063 3081//5221 3021//5233
f 3025//5234 3026//5183 3079//5240
f 3025//5234 3027//5076 3026//5183
f 3026//5183 3028//5180 3082//5182
f 3026//5183 3082//5182 3079//5240
f 3067//5217 3057//5208 3088//5238
f 3063//5218 3064//5224 3062//5214
f 3075//5228 3068//5220 3061//5212
f 3078//5239 3079//5240 3082//5182
f 3078//5239 3077//5231 3079//5240
f 3069//5219 3067//5217 3088//5238
f 3018//5173 3069//5219 3089//5174
f 3067//5217 3069//5219 3016//5175
f 3015//5172 3089//5174 2992//5138
f 3017//5179 3067//5217 3016//5175
f 3016//5175 3069//5219 3018//5173
f 3091//5241 2819//4964 3090//5242
f 3091//5241 2817//4962 2819//4964
f 2817//4962 3091//5241 3012//5243
f 2848//4990 3090//5242 2819//4964
f 2867//5054 3090//5242 2848//4990
f 3012//5243 2820//4999 2817//4962
f 2772//4885 2773//4886 2811//4937
f 2867//5054 2811//4937 2773//4886
f 2607//5244 3092//5245 2604//5246
f 3093//5247 3092//5245 2607//5244
f 3093//5248 3094//5248 3092//5248
f 3095//5249 3094//5249 3093//5249
f 3095//5250 3096//5251 3094//5252
f 3097//5253 3096//5251 3095//5250
f 3097//5253 3098//5254 3096//5251
f 3099//5255 3098//5254 3097//5253
f 3100//5256 3099//5255 3097//5253
f 3101//5257 3099//5255 3100//5256
f 3102//5258 3099//5255 3101//5257
f 3103//5259 3102//5258 3101//5257
f 2951//5260 2955//5260 3093//5260
f 2938//5261 2939//5260 3097//5262
f 2951//5260 3093//5260 2607//5260
f 2937//5263 3097//5262 3095//5264
f 2937//5263 2938//5261 3097//5262
f 2957//5265 2937//5263 3095//5264
f 2980//5266 3104//5260 3103//5260
f 3101//5260 2980//5266 3103//5260
f 2960//5260 2980//5266 3101//5260
f 2955//5260 3095//5264 3093//5260
f 2955//5260 2957//5265 3095//5264
f 3100//5260 2959//5260 2960//5260
f 3100//5260 2960//5260 3101//5260
f 2939//5260 2959//5260 3100//5260
f 3097//5262 2939//5260 3100//5260
f 3307//5267 3108//5268 3109//5269
f 3105//5270 3108//5268 3307//5267
f 3106//5271 3107//5272 3299//5273
f 3109//5269 3110//5274 3308//5275
f 3108//5268 3110//5274 3109//5269
f 3299//5273 3283//5276 3111//5277
f 3107//5272 3283//5276 3299//5273
f 3308//5275 3110//5274 3312//5278
f 3283//5276 3285//5279 3111//5277
f 3110//5274 3258//5280 3312//5278
f 3111//5277 3259//5281 3112//5282
f 3285//5279 3259//5281 3111//5277
f 3312//5278 3113//5283 3114//5284
f 3112//5282 3259//5281 3303//5285
f 3258//5280 3113//5283 3312//5278
f 3114//5284 3113//5283 3115//5286
f 3303//5285 3268//5287 3305//5288
f 3259//5281 3268//5287 3303//5285
f 3115//5286 3116//5289 3298//5290
f 3113//5283 3116//5289 3115//5286
f 3305//5288 3268//5287 3117//5291
f 3268//5287 3260//5292 3117//5291
f 3298//5290 3103//5293 3104//5294
f 3117//5291 3260//5292 3301//5295
f 3116//5289 3118//5296 3298//5290
f 3298//5290 3118//5296 3103//5293
f 3260//5292 3119//5297 3301//5295
f 3301//5295 3119//5297 3120//5298
f 3103//5293 3118//5296 3102//5299
f 3120//5298 3119//5297 3302//5300
f 3119//5297 3269//5301 3302//5300
f 3269//5301 3121//5302 3302//5300
f 3302//5300 3121//5302 3122//5303
f 3122//5303 3121//5302 3311//5304
f 3121//5302 3272//5305 3311//5304
f 3272//5305 3307//5267 3311//5304
f 3272//5305 3105//5270 3307//5267
f 3106//5271 3123//5306 3107//5272
f 3106//5271 3124//5307 3123//5306
f 3124//5307 3250//5308 3123//5306
f 3124//5307 3297//5309 3250//5308
f 3297//5309 3125//5310 3250//5308
f 3297//5309 3126//5311 3125//5310
f 3125//5310 3127//5312 3128//5313
f 3126//5311 3127//5312 3125//5310
f 3128//5313 3295//5314 3129//5315
f 3127//5312 3295//5314 3128//5313
f 3132//5316 3133//5317 3134//5318
f 3130//5319 3231//5320 3131//5321
f 3131//5321 3231//5320 3135//5322
f 3132//5316 3241//5323 3133//5317
f 3241//5323 3136//5324 3133//5317
f 3241//5323 3137//5325 3136//5324
f 3137//5325 3239//5326 3136//5324
f 3231//5320 3129//5315 3135//5322
f 3135//5322 3129//5315 3295//5314
f 3239//5326 3138//5327 3136//5324
f 3239//5326 3139//5328 3138//5327
f 3239//5326 3140//5329 3139//5328
f 3140//5329 3290//5330 3139//5328
f 3140//5329 3236//5331 3290//5330
f 3236//5331 3141//5332 3290//5333
f 3236//5331 3142//5334 3141//5332
f 3236//5331 3237//5335 3142//5334
f 3142//5334 3144//5336 3143//5337
f 3237//5335 3144//5336 3142//5334
f 3143//5337 3144//5336 3145//5338
f 3144//5336 3235//5339 3145//5338
f 3235//5339 3146//5340 3145//5338
f 3145//5338 3146//5340 3147//5341
f 3146//5340 3130//5319 3147//5341
f 3147//5341 3130//5319 3131//5321
f 3091//5260 3171//5260 3012//5260
f 3091//5260 3148//5260 3171//5260
f 3152//5260 3783//5260 3151//5260
f 3152//5260 3151//5260 3150//5260
f 2773//5342 2737//5343 3149//5344
f 3153//5260 3783//5260 3152//5260
f 3154//5260 3153//5260 3152//5260
f 3155//5260 3153//5260 3154//5260
f 3156//5260 3155//5260 3154//5260
f 3157//5260 3155//5260 3156//5260
f 3090//5345 3148//5260 3091//5260
f 3090//5345 3158//5346 3148//5260
f 3159//5260 3157//5260 3156//5260
f 2867//5347 2773//5342 3149//5344
f 2867//5347 3149//5344 3158//5346
f 2867//5347 3158//5346 3090//5345
f 3160//5348 3157//5260 3159//5260
f 3161//5349 3160//5348 3159//5260
f 3458//5350 3160//5348 3161//5349
f 3458//5350 3161//5349 3162//5351
f 3163//5352 3458//5350 3162//5351
f 3164//5260 3163//5352 3162//5351
f 3165//5260 3163//5352 3164//5260
f 3165//5260 3164//5260 3166//5260
f 2717//5353 3165//5260 3166//5260
f 3167//5354 2717//5353 3166//5260
f 2695//5355 2717//5353 3167//5354
f 2695//5355 3167//5354 3168//5356
f 3170//5260 3133//5357 3169//5260
f 3005//5260 3170//5260 3169//5260
f 2737//5343 2695//5355 3168//5356
f 3149//5344 2737//5343 3168//5356
f 3012//5260 3170//5260 3005//5260
f 3012//5260 3171//5260 3170//5260
f 3172//5358 3173//5359 3171//5360
f 3148//5361 3172//5358 3171//5360
f 3158//5362 3174//5363 3172//5358
f 3158//5362 3172//5358 3148//5361
f 3149//5364 3175//5365 3174//5366
f 3149//5364 3174//5366 3158//5367
f 3149//5368 3176//5369 3175//5370
f 3168//5371 3176//5369 3149//5368
f 3168//5371 3177//5372 3176//5369
f 3167//5373 3177//5372 3168//5371
f 3167//5373 3178//5374 3177//5372
f 3166//5375 3178//5374 3167//5373
f 3170//5376 3134//5377 3179//5378
f 3170//5376 3173//5379 3134//5377
f 3171//5380 3173//5379 3170//5376
f 3179//5378 3134//5377 3133//5381
f 3129//5382 3231//5383 3224//5384
f 3224//5384 3231//5383 3232//5385
f 3224//5384 3232//5385 3233//5386
f 3130//5387 3232//5385 3231//5383
f 3233//5386 3232//5385 3130//5387
f 3233//5386 3130//5387 3222//5388
f 3130//5387 3146//5389 3222//5388
f 3216//5390 3144//5391 3214//5392
f 3235//5393 3144//5391 3216//5390
f 3237//5394 3236//5395 3212//5396
f 3144//5391 3237//5394 3214//5392
f 3214//5392 3237//5394 3212//5396
f 3224//5384 3238//5397 3129//5382
f 3240//5398 3209//5399 3239//5400
f 3224//5401 3233//5401 3222//5401
f 3206//5402 3208//5403 3137//5404
f 3137//5404 3208//5403 3239//5400
f 3222//5405 3234//5405 3216//5405
f 3216//5390 3234//5406 3235//5393
f 3222//5388 3146//5389 3234//5406
f 3146//5389 3235//5393 3234//5406
f 3240//5398 3239//5400 3208//5403
f 3241//5407 3206//5402 3137//5404
f 3241//5407 3205//5408 3206//5402
f 3132//5409 3205//5408 3241//5407
f 3245//5410 3255//5411 3107//5412
f 3128//5413 3248//5414 3247//5415
f 3250//5416 3249//5417 3123//5418
f 3123//5418 3249//5417 3185//5419
f 3243//5420 3251//5421 3248//5414
f 3224//5422 3251//5422 3238//5422
f 3253//5423 3252//5424 3182//5425
f 3125//5426 3253//5423 3250//5416
f 3238//5397 3251//5421 3129//5382
f 3251//5421 3243//5420 3129//5382
f 3129//5427 3243//5420 3128//5413
f 3125//5426 3254//5428 3253//5423
f 3193//5429 3255//5430 3245//5431
f 3247//5415 3242//5432 3125//5426
f 3256//5433 3244//5434 3228//5435
f 3123//5418 3245//5410 3107//5412
f 3250//5416 3182//5425 3249//5417
f 3245//5436 3246//5437 3185//5419
f 3242//5432 3247//5415 3244//5434
f 3256//5433 3254//5428 3125//5426
f 3243//5420 3248//5414 3128//5413
f 3244//5434 3248//5414 3228//5435
f 3247//5415 3248//5414 3244//5434
f 3248//5414 3251//5421 3228//5435
f 3185//5419 3249//5417 3182//5425
f 3123//5418 3246//5437 3245//5410
f 3246//5437 3123//5418 3185//5419
f 3182//5438 3252//5424 3256//5433
f 3182//5425 3250//5416 3253//5423
f 3128//5413 3247//5415 3125//5426
f 3253//5423 3254//5428 3252//5424
f 3254//5428 3256//5433 3252//5424
f 3125//5426 3242//5432 3256//5433
f 3256//5433 3242//5432 3244//5434
f 3268//5439 3257//5440 3260//5441
f 3261//5442 3113//5443 3258//5444
f 3262//5445 3113//5443 3261//5442
f 3266//5446 3265//5447 3264//5448
f 3263//5449 3268//5439 3259//5450
f 3270//5451 3269//5452 3217//5453
f 3217//5453 3269//5452 3215//5454
f 3269//5455 3270//5456 3121//5457
f 3217//5453 3220//5458 3270//5451
f 3220//5458 3273//5459 3271//5460
f 3274//5461 3105//5462 3272//5463
f 3274//5461 3273//5459 3221//5464
f 3221//5464 3218//5465 3274//5461
f 3265//5447 3266//5446 3119//5466
f 3274//5461 3108//5467 3105//5462
f 3218//5465 3275//5468 3276//5469
f 3275//5468 3278//5470 3276//5469
f 3108//5467 3278//5470 3110//5471
f 3278//5470 3275//5468 3279//5472
f 3107//5473 3193//5429 3280//5474
f 3277//5475 3275//5475 3218//5475
f 3261//5476 3279//5472 3277//5477
f 3279//5478 3261//5442 3258//5444
f 3281//5479 3282//5480 3283//5481
f 3211//5482 3261//5476 3277//5477
f 3283//5481 3284//5483 3285//5484
f 3262//5445 3116//5485 3113//5443
f 3262//5445 3207//5486 3116//5485
f 3211//5482 3207//5486 3262//5445
f 3211//5482 3262//5445 3261//5476
f 3284//5483 3199//5487 3285//5484
f 3282//5480 3281//5479 3280//5474
f 3116//5485 3286//5488 3118//5489
f 3207//5486 3286//5488 3116//5485
f 3283//5481 3282//5480 3284//5483
f 3285//5484 3199//5487 3259//5450
f 3259//5450 3199//5487 3263//5449
f 3202//5490 3267//5491 3200//5492
f 3255//5430 3193//5429 3107//5473
f 3199//5493 3200//5492 3263//5449
f 3268//5439 3267//5491 3202//5490
f 3257//5440 3264//5494 3260//5441
f 3107//5473 3280//5474 3281//5479
f 3265//5447 3119//5466 3260//5495
f 3107//5473 3281//5479 3283//5481
f 3267//5491 3268//5439 3263//5449
f 3263//5449 3200//5492 3267//5491
f 3220//5458 3271//5460 3270//5451
f 3271//5460 3121//5457 3270//5456
f 3272//5463 3121//5457 3271//5460
f 3272//5463 3271//5460 3273//5459
f 3273//5459 3274//5461 3272//5463
f 3108//5467 3274//5461 3276//5469
f 3276//5469 3274//5461 3218//5465
f 3108//5467 3276//5469 3278//5470
f 3279//5478 3110//5471 3278//5470
f 3275//5468 3277//5477 3279//5472
f 3202//5490 3257//5440 3268//5439
f 3258//5444 3110//5471 3279//5478
f 3290//5496 3292//5497 3139//5498
f 3014//5499 3292//5497 3290//5496
f 3136//5500 3289//5501 3133//5502
f 3133//5502 3289//5501 3169//5503
f 3289//5504 3291//5505 3169//5506
f 3135//5507 3001//5508 3131//5509
f 3290//5496 3011//5510 3014//5499
f 3292//5497 3138//5511 3139//5498
f 3292//5497 3293//5512 3138//5511
f 3001//5508 3013//5513 3131//5509
f 3131//5509 3013//5513 3147//5514
f 3009//5515 3293//5512 3292//5497
f 3138//5511 3293//5512 3136//5500
f 3007//5516 3287//5517 3147//5514
f 3293//5512 3294//5518 3136//5500
f 3145//5519 3287//5517 3143//5520
f 3291//5505 3294//5521 3009//5515
f 3287//5517 3007//5516 3010//5522
f 3287//5517 3010//5522 3143//5523
f 3287//5517 3145//5519 3147//5514
f 3293//5512 3009//5515 3294//5521
f 3143//5337 3288//5524 3142//5334
f 3010//5522 3288//5525 3143//5523
f 3136//5500 3294//5518 3289//5501
f 3289//5504 3294//5521 3291//5505
f 3142//5526 3288//5527 3141//5528
f 3288//5527 3011//5510 3141//5528
f 3007//5516 3147//5514 3013//5513
f 3141//5528 3011//5510 3290//5496
f 3002//5529 3001//5530 3295//5531
f 3295//5531 3001//5530 3135//5532
f 2967//5533 2998//5534 3106//5535
f 3106//5535 2998//5534 3124//5536
f 3124//5536 2999//5537 3297//5538
f 2998//5534 2999//5537 3124//5536
f 3296//5539 3127//5540 3126//5541
f 3002//5529 3295//5531 3127//5540
f 3126//5541 3297//5538 2999//5537
f 2999//5537 3000//5542 3126//5541
f 3000//5542 3296//5539 3126//5541
f 3296//5539 3002//5529 3127//5540
f 2965//5543 3298//5544 2979//5545
f 3115//5546 3298//5544 2965//5543
f 2979//5545 3298//5544 3104//5547
f 3306//5548 2973//5549 2972//5550
f 3106//5535 3299//5551 2967//5533
f 3299//5551 2968//5552 2966//5553
f 3299//5551 3111//5554 2968//5552
f 2968//5552 3111//5554 3300//5555
f 2970//5556 3303//5557 3304//5558
f 3303//5557 3305//5559 3304//5558
f 2973//5549 3120//5560 2974//5561
f 2967//5533 3299//5551 2966//5553
f 3120//5560 3310//5562 2974//5561
f 2974//5112 2978//5119 2975//5113
f 3310//5562 2978//5563 2974//5561
f 3112//5564 3300//5555 3111//5554
f 3310//5562 3302//5565 2978//5563
f 3300//5555 3112//5564 3303//5557
f 3303//5557 2970//5556 3300//5555
f 3302//5565 3122//5566 2978//5563
f 2978//5563 3122//5566 2982//5567
f 3305//5559 3117//5568 3304//5558
f 3304//5558 3117//5568 2972//5550
f 3122//5566 2983//5569 2982//5567
f 3122//5570 3311//5571 2983//5572
f 2972//5550 3117//5568 3306//5548
f 3301//5573 3306//5548 3117//5568
f 3306//5548 3301//5573 2973//5549
f 3301//5573 3120//5560 2973//5549
f 2983//5574 3307//5575 2984//5576
f 3311//5571 3307//5577 2983//5572
f 3302//5578 3310//5578 3120//5578
f 3307//5575 3109//5579 2984//5576
f 3109//5579 3308//5580 2989//5581
f 2989//5581 3308//5580 2990//5582
f 2984//5576 3109//5579 2989//5581
f 3308//5580 2995//5583 2990//5582
f 3308//5580 3312//5584 2995//5583
f 2996//5585 2995//5583 3309//5586
f 3312//5584 3309//5586 2995//5583
f 3309//5586 3114//5587 2996//5585
f 3114//5587 3309//5586 3312//5584
f 2996//5585 3114//5587 2965//5543
f 3115//5546 2965//5543 3114//5587
f 3374//5588 2779//5589 2787//5590
f 3313//5591 2777//5592 3377//5593
f 3377//5593 2777//5592 2779//5589
f 3383//5594 2781//5595 3313//5591
f 3313//5591 2781//5595 2777//5592
f 3383//5594 2782//5596 2781//5595
f 3315//5597 3316//5598 3381//5599
f 3381//5599 3316//5598 3314//5600
f 3315//5597 3317//5601 3316//5598
f 3315//5597 3318//5602 3317//5601
f 3319//5603 3318//5602 3315//5597
f 3319//5603 3352//5604 3318//5602
f 3320//5605 3321//5606 3319//5603
f 3319//5603 3321//5606 3352//5604
f 3384//5607 3321//5606 3320//5605
f 3384//5607 2792//5608 3321//5606
f 3384//5607 2791//5609 2792//5608
f 3322//5610 2791//5609 3384//5607
f 3374//5588 2787//5590 3322//5610
f 3322//5610 2787//5590 2791//5609
f 3377//5593 2779//5589 3374//5588
f 3314//5600 3354//5611 3323//5612
f 3314//5600 3323//5612 3381//5599
f 3324//5613 3327//5614 3326//5615
f 3323//5612 3324//5613 3326//5615
f 3354//5611 3324//5613 3323//5612
f 3327//5614 3325//5616 3326//5615
f 3358//5617 3388//5618 3387//5619
f 3373//5620 3358//5617 3387//5619
f 3373//5620 3387//5619 3328//5621
f 3329//5622 3373//5620 3328//5621
f 3329//5622 3328//5621 3386//5623
f 3330//5624 3329//5622 3386//5623
f 3330//5624 3386//5623 3385//5625
f 3331//5626 3330//5624 3385//5625
f 3325//5616 3331//5626 3385//5625
f 3325//5616 3385//5625 3326//5615
f 4086//5627 3332//5628 3333//5629
f 3334//5630 3333//5629 3335//5631
f 3334//5630 4086//5627 3333//5629
f 3336//5632 3335//5631 3337//5633
f 3336//5632 3334//5630 3335//5631
f 3338//5634 3336//5632 3337//5633
f 3338//5634 3337//5633 3339//5635
f 3340//5636 3339//5635 3341//5637
f 3340//5636 3338//5634 3339//5635
f 3519//5638 3340//5636 3341//5637
f 3518//5639 3519//5638 3341//5637
f 3343//5640 3362//5641 3395//5642
f 3344//5643 3343//5640 3395//5644
f 3344//5643 3395//5644 3391//5645
f 3344//5643 3391//5645 3345//5646
f 3346//5647 3344//5643 3345//5646
f 3359//5648 3346//5647 3345//5646
f 3359//5648 3347//5649 3390//5650
f 3359//5648 3345//5646 3347//5649
f 3358//5617 3359//5648 3390//5650
f 3358//5617 3390//5650 3388//5618
f 3348//5651 3321//5652 3349//5653
f 3350//5654 3349//5653 3321//5652
f 3349//5655 3350//5654 2697//5656
f 2769//4892 2697//5656 2784//4916
f 2697//5656 3350//5654 2784//4916
f 2784//4916 3350//5654 2792//4915
f 2792//4915 3350//5654 3321//5652
f 3353//5657 3348//5658 2703//5659
f 3352//5660 3321//5661 3348//5658
f 3348//5658 3349//5655 2703//5659
f 2703//5659 3349//5655 2697//5656
f 3352//5662 3317//5662 3318//5662
f 3353//5657 3351//5663 3352//5660
f 3352//5664 3351//5664 3317//5664
f 3348//5658 3353//5657 3352//5660
f 3316//5665 3317//5666 3351//5667
f 3316//5665 3351//5667 3314//5668
f 3351//5667 2716//5669 3314//5668
f 3354//5670 3314//5668 2716//5669
f 2716//5669 2748//5671 3354//5670
f 3357//5672 3355//5673 3356//5674
f 3360//5675 3361//5676 2751//5677
f 2751//5677 3361//5676 3358//5678
f 3361//5676 3359//5679 3358//5678
f 3362//5680 3363//5681 3342//5682
f 3364//5683 3365//5684 3362//5680
f 3365//5684 3364//5683 3355//5673
f 3356//5685 3364//5683 3343//5686
f 3355//5673 3364//5683 3356//5674
f 3362//5680 3343//5686 3364//5683
f 3344//5687 3357//5688 3356//5685
f 3346//5689 3357//5688 3344//5687
f 2747//5690 3357//5688 3346//5689
f 3356//5685 3343//5686 3344//5687
f 3346//5689 3360//5675 2747//5690
f 3359//5679 3360//5675 3346//5689
f 3355//5673 3357//5672 2747//5691
f 3360//5675 3359//5679 3361//5676
f 3362//5680 3365//5684 3363//5681
f 2748//5671 3366//5692 3354//5670
f 3366//5692 3324//5693 3354//5694
f 3367//5695 3369//5696 2750//5697
f 3324//5693 3369//5696 3327//5698
f 3327//5698 3369//5696 3368//5699
f 3324//5693 3366//5692 2750//5697
f 3369//5696 3367//5695 3368//5700
f 2750//5697 3366//5692 2748//5671
f 3369//5696 3324//5693 2750//5697
f 3325//5701 3371//5702 3331//5703
f 3370//5704 3371//5705 3325//5706
f 3367//5695 3325//5706 3368//5700
f 3368//5707 3325//5616 3327//5614
f 3367//5695 3370//5704 3325//5706
f 3371//5702 3372//5708 3331//5703
f 3330//5709 3372//5708 3329//5710
f 3370//5711 3372//5711 3371//5711
f 3331//5703 3372//5708 3330//5709
f 3373//5712 2751//5677 3358//5678
f 3372//5713 3373//5713 3329//5713
f 2754//5714 3373//5714 3372//5714
f 3373//5712 2754//5715 2751//5677
f 3322//5716 3376//5717 3378//5718
f 3378//5718 3376//5717 2662//5719
f 3313//5720 3380//5721 3383//5722
f 3378//5718 2662//5719 3382//5723
f 3382//5723 2662//5719 2661//5724
f 2660//5725 3383//5722 3380//5721
f 3378//5718 3382//5723 3374//5726
f 3377//5727 3382//5723 3379//5728
f 3374//5726 3382//5723 3377//5727
f 3382//5723 2661//5724 3379//5728
f 3379//5728 3313//5720 3377//5727
f 2660//5725 3313//5720 3379//5728
f 3380//5721 3313//5720 2660//5725
f 2660//5725 3379//5728 2661//5724
f 2660//5725 3530//5729 3383//5722
f 3527//5730 3530//5729 2660//5725
f 3319//5603 3375//5731 3320//5605
f 3376//5717 3322//5716 3384//5732
f 3320//5605 3375//5731 3384//5732
f 3375//5731 3376//5717 3384//5732
f 3378//5718 3374//5726 3322//5716
f 3396//5733 3389//5734 3392//5735
f 3389//5734 3391//5736 3392//5735
f 3347//5737 3389//5734 3393//5738
f 3345//5739 3389//5734 3347//5737
f 3389//5734 3345//5739 3391//5736
f 3388//5740 3390//5741 3397//5742
f 3392//5735 3391//5736 3395//5743
f 3397//5742 3390//5741 3393//5738
f 3393//5738 3390//5741 3347//5737
f 3389//5734 3394//5744 3393//5745
f 3396//5733 3394//5744 3389//5734
f 3420//5746 3526//5747 3541//5748
f 3420//5746 3541//5748 3398//5749
f 3399//5750 3383//5594 3526//5747
f 3399//5750 3526//5747 3420//5746
f 2782//5596 3383//5594 3399//5750
f 3400//5751 3536//5752 4079//5753
f 3400//5751 3540//5754 3536//5752
f 4076//5755 3540//5754 3400//5751
f 4078//5756 3542//5757 3540//5754
f 4078//5756 3540//5754 4076//5755
f 4075//5758 3545//5759 3542//5757
f 4075//5758 3542//5757 4078//5756
f 4072//5760 3401//5761 3545//5759
f 4072//5760 3545//5759 4075//5758
f 3402//5762 3403//5763 3401//5761
f 3402//5762 3401//5761 4072//5760
f 3404//5764 3403//5763 3402//5762
f 3405//5765 3403//5763 3404//5764
f 3405//5765 3406//5766 3403//5763
f 3407//5767 3408//5768 3406//5766
f 3407//5767 3406//5766 3405//5765
f 3398//5749 3541//5748 3408//5768
f 3398//5749 3408//5768 3407//5767
f 3409//5769 3161//5770 3933//5771
f 3409//5769 3162//5772 3161//5770
f 3410//5773 3164//5774 3409//5769
f 3409//5769 3164//5774 3162//5772
f 3178//5374 3164//5774 3410//5773
f 3178//5374 3166//5375 3164//5774
f 3412//5775 3414//5776 3415//5777
f 3415//5777 3414//5776 3404//5778
f 3407//5779 3405//5780 3426//5781
f 3414//5782 3405//5780 3404//5783
f 3412//5775 3415//5777 3411//5784
f 3412//5775 3411//5784 3416//5785
f 2767//4903 2782//4905 3418//5786
f 3418//5787 2782//5788 3399//5789
f 3418//5787 3399//5789 3419//5790
f 2767//4903 3418//5786 3417//5791
f 3399//5789 3420//5792 3419//5790
f 3419//5790 3421//5793 3417//5791
f 3422//5794 3413//5795 3420//5792
f 3418//5786 3419//5790 3417//5791
f 3413//5795 3422//5796 3421//5793
f 3413//5795 3419//5790 3420//5792
f 3421//5793 3419//5790 3413//5795
f 3422//5796 3424//5797 3421//5793
f 3424//5797 3425//5798 3423//5799
f 3420//5792 3398//5800 3422//5794
f 3424//5797 3423//5799 3421//5793
f 3422//5794 3398//5800 3424//5801
f 3405//5780 3414//5782 3426//5781
f 3426//5802 3414//5776 3412//5775
f 3398//5800 3407//5779 3424//5801
f 3424//5801 3407//5779 3425//5803
f 3423//5799 3426//5802 3412//5775
f 3425//5798 3426//5802 3423//5799
f 3425//5803 3407//5779 3426//5781
f 3415//5777 3404//5778 3411//5804
f 3494//5805 3437//5806 3459//5807
f 3441//5808 3433//5809 3439//5810
f 3438//5811 3439//5810 3436//5812
f 3492//5813 3443//5814 3437//5806
f 3492//5813 3437//5806 3494//5805
f 3497//5815 3443//5814 3492//5813
f 3445//5816 3481//5817 3430//5818
f 3497//5815 3446//5819 3443//5814
f 3498//5820 3446//5819 3497//5815
f 3447//5821 3439//5810 3438//5811
f 3499//5822 3448//5823 3446//5819
f 3499//5822 3446//5819 3498//5820
f 3499//5822 3449//5824 3448//5823
f 3429//5825 3445//5816 3430//5818
f 3452//5826 3451//5827 3449//5824
f 3447//5821 3450//5828 3439//5810
f 3434//5829 3715//5830 3451//5827
f 3434//5829 3451//5827 3452//5826
f 3434//5829 3453//5831 3715//5830
f 3454//5832 3444//5833 3432//5834
f 3441//5808 3453//5831 3434//5829
f 3455//5835 3428//5836 3427//5837
f 3477//5838 3438//5811 3469//5839
f 3441//5808 3456//5840 3453//5831
f 3450//5828 3456//5840 3441//5808
f 3450//5828 3457//5841 3456//5840
f 3472//5842 3447//5821 3438//5811
f 3472//5842 3438//5811 3477//5838
f 3447//5821 3457//5841 3450//5828
f 3447//5821 3753//5843 3457//5841
f 2718//4824 3165//5844 2717//4830
f 3482//5845 3753//5843 3447//5821
f 3459//5807 3458//5846 3491//5847
f 3460//5848 3431//5849 3476//5850
f 2691//4785 3421//5851 3423//5852
f 3461//5853 2718//4824 2719//4826
f 3412//5854 2691//4785 3423//5852
f 2724//4835 3461//5853 2719//4826
f 3469//5839 3412//5854 3416//5855
f 3436//5812 3454//5832 3432//5834
f 3460//5848 3476//5850 3481//5817
f 3455//5835 3427//5837 3489//5856
f 2730//4850 2728//4842 2729//4845
f 3477//5838 4077//5857 3462//5858
f 3463//5859 3363//4818 2715//4820
f 3465//5860 3489//5856 3435//5861
f 3465//5860 3455//5835 3489//5856
f 3463//5859 3467//5862 3468//5863
f 3469//5839 3440//4783 2691//4785
f 3463//5859 3468//5863 4240//5864
f 3442//5865 3458//5846 3163//5866
f 3471//5867 3165//5844 2718//4824
f 3445//5816 3460//5848 3481//5817
f 3473//5868 2725//4836 2728//4842
f 3461//5853 3471//5867 2718//4824
f 3491//5847 3442//5865 3428//5836
f 3475//5869 3435//5861 3431//5849
f 3475//5869 3465//5860 3435//5861
f 3478//5870 3461//5853 2724//4835
f 2730//4850 3473//5868 2728//4842
f 3476//5850 2730//4850 2734//4851
f 3482//5845 3479//5871 3753//5843
f 3491//5847 3428//5836 3455//5835
f 3480//5872 3445//5816 3429//5825
f 3480//5872 3429//5825 3444//5833
f 3481//5817 3476//5850 2734//4851
f 3460//5848 3475//5869 3431//5849
f 2725//4836 3478//5870 2724//4835
f 3431//5849 3473//5868 2730//4850
f 3469//5839 3436//5812 3440//4783
f 3471//5867 3163//5866 3165//5844
f 3430//5818 2734//4851 2739//4877
f 3430//5818 3481//5817 2734//4851
f 3439//5810 3454//5832 3436//5812
f 3476//5850 3431//5849 2730//4850
f 3485//5873 3681//5874 3659//5875
f 3485//5873 3486//5876 3487//5877
f 3433//5809 3444//5833 3454//5832
f 3485//5873 3487//5877 3488//5878
f 3489//5856 3478//5870 2725//4836
f 3488//5878 3490//5879 3681//5874
f 3488//5878 3681//5874 3485//5873
f 3491//5847 3458//5846 3442//5865
f 3492//5813 3494//5805 3491//5847
f 3495//5880 3460//5848 3445//5816
f 3493//5881 3497//5815 3492//5813
f 3417//5882 3421//5851 2691//4785
f 3417//5882 2691//4785 2767//4879
f 3429//5825 2742//4881 2746//4883
f 3496//5883 3499//5822 3498//5820
f 3473//5868 3489//5856 2725//4836
f 3441//5808 3434//5829 3433//5809
f 3469//5839 4077//5857 3477//5838
f 3469//5839 3416//5855 4077//5857
f 3463//5859 2715//4820 3467//5862
f 3470//5884 3466//5885 3464//5886
f 3472//5842 3482//5845 3447//5821
f 2742//4881 3430//5818 2739//4877
f 3477//5838 3462//5858 3500//5887
f 3428//5836 3471//5867 3461//5853
f 3432//5834 2746//4883 2755//4773
f 3477//5838 3500//5887 4083//5888
f 3470//5889 4198//5890 3501//5891
f 3470//5889 4240//5864 4198//5890
f 3470//5892 3464//5892 3463//5892
f 3470//5889 3463//5859 4240//5864
f 3477//5838 4083//5888 3502//5893
f 3477//5838 3502//5893 3503//5894
f 3480//5872 3495//5880 3445//5816
f 3474//5895 3516//5896 3470//5889
f 3474//5895 3517//5897 3516//5896
f 3477//5838 3503//5894 3504//5898
f 3412//5854 3469//5839 2691//4785
f 3429//5825 3430//5818 2742//4881
f 3427//5837 3461//5853 3478//5870
f 3474//5895 3505//5899 3517//5897
f 3427//5837 3428//5836 3461//5853
f 3492//5813 3491//5847 3455//5835
f 3433//5809 3480//5872 3444//5833
f 3474//5895 3504//5898 3505//5899
f 3496//5883 3475//5869 3460//5848
f 3474//5895 3477//5838 3504//5898
f 3474//5895 4225//5900 3506//5901
f 3474//5895 3507//5902 4225//5900
f 3474//5895 3508//5903 3507//5902
f 3474//5895 3501//5891 3508//5903
f 3474//5895 3470//5889 3501//5891
f 3474//5895 3472//5842 3477//5838
f 3483//5904 3506//5904 3509//5904
f 3483//5905 3474//5895 3506//5901
f 3493//5881 3455//5835 3465//5860
f 3483//5906 3510//5907 3511//5908
f 3493//5881 3492//5813 3455//5835
f 3474//5895 3511//5908 4218//5909
f 3474//5895 3483//5905 3511//5908
f 3484//5910 3472//5842 3474//5895
f 3485//5873 3472//5842 3484//5910
f 3485//5873 3482//5845 3472//5842
f 3482//5845 3659//5875 3479//5871
f 3474//5895 4216//5911 4234//5912
f 3474//5895 4218//5909 4216//5911
f 3442//5865 3163//5866 3471//5867
f 3474//5895 4234//5912 4236//5913
f 3484//5910 3474//5895 4236//5913
f 3484//5910 3486//5876 3485//5873
f 3484//5914 4209//5915 3486//5916
f 3435//5861 3489//5856 3473//5868
f 3431//5849 3435//5861 3473//5868
f 3497//5815 3493//5881 3512//5917
f 3512//5917 3465//5860 3475//5869
f 3499//5822 3496//5883 3495//5880
f 3512//5917 3493//5881 3465//5860
f 3440//4783 3432//5834 2755//4773
f 3512//5917 3498//5820 3497//5815
f 3489//5856 3427//5837 3478//5870
f 3485//5873 3659//5875 3482//5845
f 3491//5847 3494//5805 3459//5807
f 3512//5917 3496//5883 3498//5820
f 3496//5883 3512//5917 3475//5869
f 3444//5833 3429//5825 2746//4883
f 3452//5826 3495//5880 3480//5872
f 3452//5826 3499//5822 3495//5880
f 3441//5808 3439//5810 3450//5828
f 3439//5810 3433//5809 3454//5832
f 3438//5811 3436//5812 3469//5839
f 3434//5829 3480//5872 3433//5809
f 3434//5829 3452//5826 3480//5872
f 3458//5846 3513//5918 3160//5919
f 3428//5836 3442//5865 3471//5867
f 3432//5834 3444//5833 2746//4883
f 3499//5822 3452//5826 3449//5824
f 3495//5880 3496//5883 3460//5848
f 3436//5812 3432//5834 3440//4783
f 3459//5807 3513//5918 3458//5846
f 3459//5807 3437//5806 3513//5918
f 3519//5920 3464//5886 3514//5921
f 3514//5921 3466//5885 3338//5922
f 3470//5884 3515//5923 3466//5885
f 4086//5924 3516//5925 3517//5926
f 3334//5927 3516//5925 4086//5924
f 3363//5681 3518//5928 3342//5682
f 3463//5929 3518//5928 3363//5681
f 3518//5928 3463//5929 3519//5920
f 3466//5885 3514//5921 3464//5886
f 3519//5920 3514//5921 3340//5930
f 3515//5923 3338//5922 3466//5885
f 3338//5922 3515//5923 3336//5931
f 3336//5931 3515//5923 3470//5884
f 3520//5932 3336//5931 3470//5884
f 3340//5930 3514//5921 3338//5922
f 3336//5931 3520//5932 3334//5927
f 3520//5932 3516//5925 3334//5927
f 3516//5933 3520//5932 3470//5884
f 3463//5929 3464//5886 3519//5920
f 3546//5934 3532//5935 3523//5936
f 3403//5937 3406//5938 3532//5939
f 3532//5935 3533//5940 3523//5936
f 3533//5940 3524//5941 3523//5936
f 3532//5939 3406//5938 3533//5942
f 3533//5940 3537//5943 3524//5941
f 3534//5944 3529//5945 3521//5946
f 3534//5944 3531//5947 3529//5945
f 3535//5948 3531//5947 3534//5944
f 3535//5948 3536//5949 3531//5947
f 3529//5945 3538//5950 3522//5951
f 3529//5945 3531//5947 3538//5950
f 3536//5949 3540//5952 3531//5947
f 3408//5953 3541//5954 3537//5955
f 3531//5947 3542//5956 3538//5950
f 3531//5957 3540//5754 3542//5757
f 3538//5950 3544//5958 3522//5951
f 3539//5959 3525//5960 3524//5941
f 3525//5960 3539//5959 3543//5961
f 3542//5956 3545//5962 3538//5950
f 3528//5963 3530//5729 3527//5730
f 3543//5964 3539//5965 3541//5954
f 3538//5950 3545//5962 3544//5966
f 3383//5722 3528//5963 3526//5967
f 3528//5963 3383//5722 3530//5729
f 3522//5968 3544//5966 3546//5969
f 3545//5962 3401//5970 3544//5966
f 3544//5966 3401//5970 3546//5969
f 3408//5953 3533//5942 3406//5938
f 3408//5953 3537//5955 3533//5942
f 3401//5970 3403//5937 3546//5969
f 3524//5941 3537//5943 3539//5959
f 3541//5954 3539//5965 3537//5955
f 3525//5960 3543//5961 3527//5730
f 3546//5969 3403//5937 3532//5939
f 3527//5730 3543//5961 3528//5963
f 3526//5967 3543//5964 3541//5954
f 3526//5967 3528//5963 3543//5964
f 4079//5753 3536//5752 3535//5971
f 4080//5972 4079//5753 3535//5971
f 3547//5973 3548//5974 3549//5975
f 3535//5971 3547//5973 4080//5972
f 3535//5971 3548//5974 3547//5973
f 4087//5976 3549//5975 3548//5974
f 4087//5976 3548//5974 3550//5977
f 3551//5978 4087//5976 3550//5977
f 3552//5979 3551//5978 3550//5977
f 3552//5979 3550//5977 3553//5980
f 4088//5981 3553//5980 3554//5982
f 4088//5981 3552//5979 3553//5980
f 4089//5983 3554//5982 3555//5984
f 4089//5983 4088//5981 3554//5982
f 4086//5627 3555//5984 3332//5628
f 4086//5627 4089//5983 3555//5984
f 3557//5985 4016//5986 3556//5987
f 3556//5987 4016//5986 3150//5988
f 3150//5988 4017//5989 3560//5990
f 4016//5986 4017//5989 3150//5988
f 3559//5991 4018//5992 3558//5993
f 3558//5993 3561//5994 4055//5995
f 4018//5992 3561//5994 3558//5993
f 4055//5995 3562//5996 4057//5997
f 3561//5994 3562//5996 4055//5995
f 4057//5997 3563//5998 3564//5999
f 3562//5996 3563//5998 4057//5997
f 3564//5999 3565//6000 3566//6001
f 3563//5998 3565//6000 3564//5999
f 3565//6000 3567//6002 3566//6001
f 3566//6001 3568//6003 3569//6004
f 3567//6002 3568//6003 3566//6001
f 3569//6004 3570//6005 4058//6006
f 3568//6003 3570//6005 3569//6004
f 3571//6007 4014//6008 3572//6009
f 4014//6008 3573//6010 3572//6009
f 3573//6010 3574//6011 3572//6009
f 3572//6009 3557//5985 3556//5987
f 3574//6011 3557//5985 3572//6009
f 3575//6012 4024//6013 3576//6014
f 4047//6015 4024//6013 3575//6012
f 3576//6014 3577//6016 4060//6017
f 4024//6013 3577//6018 3576//6014
f 4060//6017 3578//6019 3579//6020
f 3577//6016 3578//6019 4060//6017
f 3578//6019 3580//6021 3579//6020
f 3578//6019 4028//6022 3580//6021
f 4028//6022 3558//5993 3580//6021
f 4028//6022 3559//5991 3558//5993
f 3581//6023 4032//6024 3582//6025
f 4036//6026 4032//6024 3581//6023
f 3582//6025 3583//6027 3584//6028
f 4032//6024 3583//6027 3582//6025
f 3585//6029 3586//6030 3587//6031
f 3584//6028 3589//6032 3590//6033
f 3583//6027 3589//6032 3584//6028
f 3586//6030 4048//6034 3588//6035
f 3585//6029 4048//6034 3586//6030
f 3588//6035 4048//6034 3591//6036
f 3590//6033 3592//6037 3593//6038
f 3589//6032 3592//6037 3590//6033
f 3591//6036 4048//6034 3594//6039
f 3594//6039 3595//6040 3596//6041
f 4048//6034 3595//6040 3594//6039
f 3593//6038 3597//6042 3598//6043
f 3592//6037 3597//6042 3593//6038
f 3596//6041 3595//6040 4069//6044
f 3597//6042 4047//6015 3598//6043
f 3595//6040 3599//6045 4069//6044
f 3599//6045 3600//6046 4069//6044
f 3598//6043 4047//6015 3575//6012
f 3600//6046 4067//6047 4069//6044
f 3600//6046 3601//6048 4067//6047
f 3600//6046 3602//6049 3601//6048
f 3602//6049 3603//6050 3601//6048
f 3602//6049 3604//6051 3603//6050
f 3603//6050 3605//6052 3606//6053
f 3604//6051 3605//6052 3603//6050
f 3606//6053 3607//6054 3608//6055
f 3605//6052 3607//6054 3606//6053
f 3607//6054 3609//6056 3608//6055
f 3607//6054 3610//6057 3609//6056
f 3610//6057 3611//6058 3609//6056
f 3610//6057 3612//6059 3611//6058
f 3612//6059 3613//6060 3611//6058
f 3613//6060 3612//6059 3581//6023
f 3612//6059 4036//6026 3581//6023
f 3488//5878 3487//5877 4233//6061
f 3616//6062 3625//6063 3614//6064
f 3616//6062 3614//6064 3615//6065
f 3617//6066 3616//6062 3615//6065
f 3617//6066 3615//6065 2603//6067
f 2590//6068 3628//6069 2591//6070
f 3618//6071 3617//6066 2603//6067
f 3618//6071 2603//6067 2599//6072
f 3488//5878 4233//6061 3619//6073
f 3488//5878 3619//6073 3620//6074
f 3621//6075 3618//6071 2599//6072
f 3622//6076 3488//5878 3620//6074
f 3624//6077 3621//6075 2599//6072
f 3625//6063 3488//5878 3622//6076
f 3624//6077 2599//6072 2596//6078
f 3626//6079 3624//6077 2596//6078
f 3623//6080 3625//6063 3622//6076
f 3627//6081 2596//6078 2591//6070
f 3625//6063 3490//5879 3488//5878
f 3627//6081 3626//6079 2596//6078
f 3628//6069 3627//6081 2591//6070
f 3625//6063 3623//6080 3614//6064
f 3631//6082 3632//6083 3630//6084
f 3770//6085 3633//6086 3797//6087
f 3634//6088 3629//6089 3632//6083
f 3772//6090 3634//6088 3636//6091
f 3635//6092 3633//6086 3770//6085
f 3638//6093 3632//6083 3631//6082
f 3632//6083 3638//6093 3640//6094
f 3639//6095 3638//6093 3631//6082
f 3635//6092 3794//6096 3633//6086
f 3640//6094 3638//6093 3639//6095
f 3644//6097 3794//6096 3635//6092
f 3642//6098 3513//5918 3437//5806
f 3649//6099 3643//6100 3636//6091
f 3644//6097 3643//6100 3649//6099
f 3702//6101 3437//5806 3443//5814
f 3710//6102 3702//6101 3443//5814
f 3646//6103 3640//6094 3645//6104
f 3710//6102 3443//5814 3446//5819
f 3647//6105 3794//6096 3644//6097
f 3648//6106 3639//6095 3479//5871
f 3647//6105 3651//6107 3794//6096
f 3653//6108 3646//6103 3652//6109
f 3654//6110 3651//6107 3647//6105
f 3655//6111 3652//6109 3648//6106
f 3654//6110 3657//6112 3651//6107
f 3658//6113 3652//6109 3655//6111
f 3655//6111 3661//6114 3658//6113
f 3648//6106 3661//6114 3655//6111
f 3663//6115 3657//6112 3654//6110
f 3663//6115 3653//6108 3664//6116
f 3648//6106 3659//5875 3666//6117
f 3661//6114 3648//6106 3673//6118
f 3708//6119 3662//6120 3660//6121
f 3663//6115 3667//6122 3657//6112
f 3446//5819 3448//5823 3710//6102
f 3673//6118 3648//6106 3666//6117
f 3661//6114 3669//6123 3668//6124
f 3673//6118 3669//6123 3661//6114
f 3670//6125 3667//6122 3663//6115
f 3449//5824 3714//6126 3448//5823
f 3658//6113 3661//6114 3668//6124
f 3451//5827 3714//6126 3449//5824
f 3670//6125 3672//6127 3667//6122
f 3675//6128 3672//6127 3670//6125
f 3669//6123 3677//6129 3668//6124
f 3677//6129 3669//6123 3673//6118
f 3677//6129 3678//6130 3676//6131
f 3673//6118 3683//6132 3677//6129
f 3682//6133 3675//6128 3676//6131
f 3680//6134 3678//6130 3677//6129
f 3682//6133 3672//6127 3675//6128
f 3674//6135 3683//6132 3666//6117
f 3681//5874 3679//6136 3674//6135
f 3678//6130 3685//6137 3682//6133
f 3686//6138 3680//6134 3684//6139
f 3686//6138 3678//6130 3680//6134
f 3685//6137 3687//6140 3672//6127
f 3685//6137 3672//6127 3682//6133
f 3679//6136 3683//6132 3674//6135
f 3692//6141 3690//6142 3691//6143
f 3686//6138 3684//6139 3696//6144
f 3695//6145 3685//6137 3686//6138
f 3642//6098 3700//6146 3656//6147
f 3693//6148 3686//6138 3696//6144
f 3695//6145 3687//6140 3685//6137
f 3699//6149 3696//6144 3684//6139
f 3679//6136 3698//6150 3699//6149
f 3694//6151 3656//6147 3700//6146
f 3679//6136 3681//5874 3688//6152
f 3700//6146 3437//5806 3702//6101
f 3660//6121 3694//6151 3697//6153
f 3698//6150 3679//6136 3688//6152
f 3696//6144 3699//6149 3689//6154
f 3703//6155 3693//6148 3696//6144
f 3703//6155 3696//6144 3689//6154
f 3701//6156 3705//6157 3687//6140
f 3701//6156 3687//6140 3695//6145
f 3697//6153 3700//6146 3707//6158
f 3689//6154 3699//6149 3706//6159
f 3701//6156 3703//6155 3692//6141
f 3707//6158 3709//6160 3704//6161
f 3707//6158 3704//6161 3697//6153
f 3704//6161 3660//6121 3697//6153
f 3705//6157 3701//6156 3692//6141
f 3662//6120 3711//6162 3665//6163
f 3706//6159 3698//6150 3854//6164
f 3710//6102 3712//6165 3707//6158
f 3710//6102 3707//6158 3702//6101
f 3700//6146 3697//6153 3694//6151
f 3713//6166 3448//5823 3714//6126
f 3729//6167 3730//6168 3716//6169
f 3717//6170 3729//6167 3716//6169
f 3721//6171 3717//6170 3716//6169
f 3707//6158 3712//6165 3709//6160
f 3713//6166 3720//6172 3712//6165
f 3713//6166 3712//6165 3710//6102
f 3745//6173 3721//6171 3716//6169
f 3745//6173 3722//6174 3721//6171
f 3727//6175 3723//6176 3456//5840
f 3721//6171 3731//6177 3719//6178
f 3722//6174 3731//6177 3721//6171
f 3722//6174 3757//6179 3731//6177
f 3728//6180 3726//6181 3719//6178
f 3713//6166 3732//6182 3720//6172
f 3730//6168 3709//6160 3712//6165
f 3720//6172 3730//6168 3712//6165
f 3730//6168 3729//6167 3709//6160
f 3734//6183 3728//6180 3719//6178
f 3456//5840 3457//5841 3735//6184
f 3731//6177 3734//6183 3719//6178
f 3732//6182 3713//6166 3714//6126
f 3736//6185 3738//6186 3731//6177
f 3734//6183 3739//6187 3728//6180
f 3732//6182 3730//6168 3720//6172
f 3735//6184 3743//6188 3737//6189
f 3714//6126 3749//6190 3732//6182
f 3738//6186 3736//6185 3744//6191
f 3735//6184 3457//5841 3741//6192
f 3740//6193 3731//6177 3738//6186
f 3725//6194 3729//6167 3718//6195
f 3740//6193 3742//6196 3734//6183
f 3715//5830 3749//6190 3714//6126
f 3749//6190 3745//6173 3732//6182
f 3716//6169 3730//6168 3732//6182
f 3716//6169 3732//6182 3745//6173
f 3717//6170 3718//6195 3729//6167
f 3748//6197 3743//6188 3747//6198
f 3746//6199 3744//6191 3748//6197
f 3750//6200 3746//6199 3751//6201
f 3749//6190 3752//6202 3745//6173
f 3719//6178 3717//6170 3721//6171
f 3752//6202 3749//6190 3723//6176
f 3758//6203 3759//6204 3747//6198
f 3751//6201 3748//6197 3759//6204
f 3760//6205 3757//6179 3752//6202
f 3762//6206 3758//6203 3761//6207
f 3763//6208 3759//6204 3758//6203
f 3737//6189 3736//6185 3760//6205
f 3763//6208 3766//6209 3759//6204
f 3753//5843 3630//6084 3756//6210
f 3768//6211 3762//6206 3769//6212
f 3768//6211 3763//6208 3762//6206
f 3743//6188 3744//6191 3737//6189
f 3766//6209 3768//6211 3772//6090
f 3770//6085 3767//6213 3766//6209
f 3771//6214 3766//6209 3772//6090
f 3629//6089 3772//6090 3768//6211
f 3631//6082 3630//6084 3479//5871
f 3634//6088 3772//6090 3629//6089
f 3636//6091 3637//6215 3771//6214
f 3636//6091 3771//6214 3772//6090
f 3635//6092 3770//6085 3771//6214
f 3635//6092 3771//6214 3637//6215
f 3479//5871 3639//6095 3631//6082
f 3640//6094 3634//6088 3632//6083
f 3643//6100 3637//6215 3636//6091
f 3641//6216 3636//6091 3634//6088
f 3641//6216 3634//6088 3640//6094
f 3644//6097 3637//6215 3643//6100
f 3644//6097 3635//6092 3637//6215
f 3639//6095 3645//6104 3640//6094
f 3649//6099 3636//6091 3641//6216
f 3641//6216 3640//6094 3646//6103
f 3650//6217 3647//6105 3644//6097
f 3650//6217 3644//6097 3649//6099
f 3639//6095 3652//6109 3645//6104
f 3649//6099 3641//6216 3646//6103
f 3646//6103 3645//6104 3652//6109
f 3650//6217 3654//6110 3647//6105
f 3653//6108 3649//6099 3646//6103
f 3653//6108 3650//6217 3649//6099
f 3648//6106 3479//5871 3659//5875
f 3653//6108 3654//6110 3650//6217
f 3652//6109 3639//6095 3648//6106
f 3654//6110 3653//6108 3663//6115
f 3652//6109 3658//6113 3653//6108
f 3664//6116 3653//6108 3658//6113
f 3664//6116 3670//6125 3663//6115
f 3664//6116 3671//6218 3670//6125
f 3664//6116 3658//6113 3668//6124
f 3671//6218 3664//6116 3668//6124
f 3671//6218 3675//6128 3670//6125
f 3681//5874 3674//6135 3659//5875
f 3671//6218 3668//6124 3677//6129
f 3676//6131 3671//6218 3677//6129
f 3675//6128 3671//6218 3676//6131
f 3673//6118 3666//6117 3683//6132
f 3674//6135 3666//6117 3659//5875
f 3678//6130 3682//6133 3676//6131
f 3685//6137 3678//6130 3686//6138
f 3683//6132 3679//6136 3699//6149
f 3683//6132 3699//6149 3684//6139
f 3695//6145 3686//6138 3693//6148
f 3693//6148 3701//6156 3695//6145
f 3681//5874 3490//5879 3688//6152
f 3703//6155 3701//6156 3693//6148
f 3680//6134 3677//6129 3683//6132
f 3703//6155 3690//6142 3692//6141
f 3689//6154 3690//6142 3703//6155
f 3684//6139 3680//6134 3683//6132
f 3746//6199 3750//6200 3740//6193
f 3748//6197 3751//6201 3746//6199
f 3750//6200 3751//6201 3754//6219
f 3753//5843 3756//6210 3741//6192
f 3698//6150 3706//6159 3699//6149
f 3767//6213 3764//6220 3765//6221
f 3700//6146 3642//6098 3437//5806
f 3753//5843 3741//6192 3457//5841
f 3707//6158 3700//6146 3702//6101
f 3754//6219 3759//6204 3764//6220
f 3754//6219 3751//6201 3759//6204
f 3708//6119 3660//6121 3704//6161
f 3765//6221 3766//6209 3767//6213
f 3448//5823 3713//6166 3710//6102
f 3662//6120 3708//6119 3711//6162
f 3725//6194 3708//6119 3704//6161
f 3725//6194 3704//6161 3709//6160
f 3708//6119 3774//6222 3711//6162
f 3729//6167 3725//6194 3709//6160
f 3708//6119 3775//6223 3774//6222
f 3725//6194 3775//6223 3708//6119
f 3725//6194 3776//6224 3775//6223
f 3714//6126 3451//5827 3715//5830
f 3718//6195 3777//6225 3776//6224
f 3718//6195 3776//6224 3725//6194
f 3718//6195 3778//6226 3777//6225
f 3453//5831 3723//6176 3715//5830
f 3723//6176 3749//6190 3715//5830
f 3717//6170 3779//6227 3778//6226
f 3717//6170 3778//6226 3718//6195
f 3717//6170 3724//6228 3779//6227
f 3719//6178 3724//6228 3717//6170
f 3453//5831 3456//5840 3723//6176
f 3757//6179 3722//6174 3745//6173
f 3757//6179 3745//6173 3752//6202
f 3719//6178 3726//6181 3724//6228
f 3752//6202 3727//6175 3760//6205
f 3727//6175 3752//6202 3723//6176
f 3727//6175 3737//6189 3760//6205
f 3727//6175 3735//6184 3737//6189
f 3735//6184 3727//6175 3456//5840
f 3736//6185 3757//6179 3760//6205
f 3731//6177 3757//6179 3736//6185
f 3728//6229 3739//6230 3733//6231
f 3736//6185 3737//6189 3744//6191
f 3731//6177 3740//6193 3734//6183
f 3734//6183 3788//6232 3739//6187
f 3746//6199 3738//6186 3744//6191
f 3742//6196 3788//6232 3734//6183
f 3773//6233 3735//6184 3741//6192
f 3773//6233 3743//6188 3735//6184
f 3743//6188 3773//6233 3747//6198
f 3740//6193 3738//6186 3746//6199
f 3742//6196 3740//6193 3750//6200
f 3744//6191 3743//6188 3748//6197
f 3742//6196 3755//6234 3788//6232
f 3747//6198 3773//6233 3741//6192
f 3754//6219 3742//6196 3750//6200
f 3754//6219 3755//6234 3742//6196
f 3761//6207 3747//6198 3741//6192
f 3756//6210 3761//6207 3741//6192
f 3748//6197 3747//6198 3759//6204
f 3758//6203 3747//6198 3761//6207
f 3764//6220 3755//6234 3754//6219
f 3765//6221 3764//6220 3759//6204
f 3764//6220 3797//6087 3755//6234
f 3763//6208 3758//6203 3762//6206
f 3765//6221 3759//6204 3766//6209
f 3756//6210 3769//6212 3761//6207
f 3762//6206 3761//6207 3769//6212
f 3767//6213 3797//6087 3764//6220
f 3769//6212 3756//6210 3630//6084
f 3768//6211 3766//6209 3763//6208
f 3630//6084 3753//5843 3479//5871
f 3630//6084 3629//6089 3769//6212
f 3770//6085 3766//6209 3771//6214
f 3768//6211 3769//6212 3629//6089
f 3770//6085 3797//6087 3767//6213
f 3632//6083 3629//6089 3630//6084
f 3775//6235 3784//6236 3774//6237
f 3792//6238 3781//6239 3783//6240
f 3784//6236 3665//6163 3711//6162
f 3774//6237 3784//6236 3711//6162
f 3781//6239 3787//6241 3783//6240
f 3791//6242 3782//6243 3786//6244
f 3724//6245 3786//6244 3779//6246
f 3779//6246 3786//6244 3778//6247
f 3787//6241 4053//6248 3783//6240
f 3151//6249 3783//6240 4053//6248
f 3789//6250 3788//6251 3800//6252
f 3728//6229 3791//6242 3726//6253
f 3733//6231 3791//6242 3728//6229
f 3782//6243 3791//6242 3793//6254
f 3785//6255 4051//6256 3786//6244
f 3153//6257 3784//6236 3783//6240
f 3665//6163 3784//6236 3153//6257
f 3791//6242 3739//6230 3789//6250
f 3733//6231 3739//6230 3791//6242
f 3778//6247 3786//6244 3777//6258
f 3788//6251 3789//6250 3739//6230
f 3786//6244 3783//6240 3784//6236
f 4051//6256 3792//6238 3786//6244
f 3777//6258 3786//6244 3776//6259
f 3786//6244 3784//6236 3776//6259
f 3786//6244 3792//6238 3783//6240
f 3789//6250 3793//6254 3791//6242
f 3790//6260 3786//6244 3782//6243
f 3785//6255 3786//6244 3790//6260
f 3776//6259 3784//6236 3775//6235
f 3780//6261 3781//6239 3792//6238
f 3726//6253 3786//6244 3724//6245
f 3791//6242 3786//6244 3726//6253
f 3633//6262 3795//6263 3796//6264
f 3633//6262 3794//6265 3795//6263
f 3797//6266 3633//6262 3796//6264
f 3798//6267 3797//6266 3796//6264
f 3799//6268 3797//6266 3798//6267
f 3755//6269 3797//6266 3799//6268
f 3755//6269 3799//6268 3801//6270
f 3755//6269 3801//6270 3800//6252
f 3755//6269 3800//6252 3788//6251
f 3804//6271 3806//6272 3805//6273
f 3803//6274 3822//6275 4070//6276
f 3795//6263 3794//6265 3807//6277
f 3808//6278 3809//6279 4068//6280
f 3807//6277 3794//6265 3808//6281
f 3805//6273 3811//6282 3812//6283
f 3806//6272 3811//6282 3805//6273
f 3794//6265 3809//6284 3808//6281
f 4062//6285 3813//6286 4063//6287
f 4063//6287 3813//6286 3814//6288
f 3822//6275 3815//6289 4070//6276
f 4070//6276 3815//6289 3816//6290
f 4061//6291 3813//6286 4062//6285
f 3810//6292 3813//6286 4061//6291
f 3809//6284 3813//6286 3810//6292
f 3814//6288 3818//6293 3817//6294
f 3817//6294 3818//6293 3819//6295
f 3819//6295 3818//6293 4064//6296
f 3813//6286 3818//6293 3814//6288
f 3805//6273 3815//6289 3822//6275
f 3806//6272 3691//6143 3811//6282
f 4064//6296 3818//6293 4071//6297
f 3805//6273 3812//6283 3815//6289
f 3818//6293 3821//6298 4071//6297
f 3813//6286 3820//6299 3818//6293
f 3818//6293 4065//6300 3821//6298
f 3811//6282 3824//6301 3812//6283
f 3818//6293 3822//6275 4065//6300
f 4065//6300 3822//6275 3823//6302
f 3651//6303 3809//6284 3794//6265
f 3657//6304 3809//6284 3651//6303
f 3816//6290 3815//6289 3588//6305
f 3818//6293 3804//6271 3822//6275
f 3823//6302 3822//6275 4066//6306
f 3824//6301 3811//6282 3825//6307
f 3802//6308 3826//6309 3825//6307
f 3820//6299 3804//6271 3818//6293
f 3657//6304 3813//6286 3809//6284
f 3657//6304 3667//6310 3813//6286
f 3672//6311 3687//6312 3820//6299
f 3851//6313 3828//6314 3826//6309
f 3672//6311 3813//6286 3667//6310
f 3672//6311 3820//6299 3813//6286
f 4066//6306 3822//6275 3829//6315
f 3691//6143 3705//6157 3692//6141
f 3804//6271 3705//6157 3806//6272
f 3804//6271 3805//6273 3822//6275
f 3802//6308 3827//6316 3826//6309
f 3705//6157 3691//6143 3806//6272
f 3829//6315 3822//6275 3803//6274
f 3827//6316 3851//6313 3826//6309
f 3687//6312 3804//6271 3820//6299
f 3804//6271 3687//6312 3705//6157
f 3811//6282 3691//6143 3802//6308
f 3802//6308 3825//6307 3811//6282
f 3824//6301 3825//6307 3831//6317
f 3815//6289 3812//6283 3824//6301
f 3832//6318 3826//6309 3828//6314
f 3825//6307 3826//6309 3830//6319
f 3826//6309 3832//6318 3830//6319
f 3830//6319 3831//6317 3825//6307
f 3694//6151 3157//6320 3160//5919
f 3694//6151 3160//5919 3656//6147
f 3157//6320 3694//6151 3660//6121
f 3660//6121 3155//6321 3157//6320
f 3662//6120 3155//6321 3660//6121
f 3155//6321 3662//6120 3153//6257
f 3665//6163 3153//6257 3662//6120
f 3642//6098 3160//5919 3513//5918
f 3656//6147 3160//5919 3642//6098
f 3902//6322 3833//6323 3834//6324
f 3834//6324 3838//6325 3879//6326
f 3836//6327 3833//6323 3890//6328
f 3834//6324 3833//6323 3837//6329
f 3836//6327 3840//6330 3833//6323
f 3840//6330 3837//6329 3833//6323
f 3843//6331 3839//6332 3841//6333
f 3841//6333 3839//6332 2581//6334
f 3843//6331 3844//6335 3845//6336
f 3837//6329 3838//6325 3834//6324
f 3846//6337 3845//6336 3844//6335
f 3879//6326 3851//6313 3827//6316
f 3851//6313 3879//6326 3838//6325
f 3841//6333 3844//6335 3843//6331
f 3837//6329 3847//6338 3838//6325
f 3849//6339 3850//6340 3842//6341
f 3689//6154 3865//6342 3690//6142
f 3698//6150 3688//6152 3854//6164
f 3625//6063 3853//6343 3490//5879
f 3690//6142 3865//6342 3691//6143
f 3625//6063 3616//6062 3853//6343
f 3855//6344 3856//6345 3854//6164
f 3688//6152 3853//6343 3854//6164
f 3855//6344 3854//6164 3857//6346
f 3857//6346 3854//6164 3853//6343
f 3689//6154 3856//6345 3865//6342
f 3865//6342 3856//6345 3862//6347
f 3855//6344 3858//6348 3856//6345
f 3617//6066 3618//6071 3860//6349
f 3860//6349 3618//6071 3861//6350
f 3855//6344 3857//6346 3859//6351
f 3860//6349 3859//6351 3857//6346
f 3858//6348 3862//6347 3856//6345
f 3863//6352 3862//6347 3858//6348
f 3867//6353 3859//6351 3860//6349
f 3867//6353 3864//6354 3859//6351
f 3624//6077 3866//6355 3861//6350
f 3865//6342 3876//6356 3691//6143
f 3866//6355 3867//6353 3861//6350
f 3869//6357 3867//6353 3866//6355
f 3862//6347 3863//6352 3876//6356
f 3869//6357 3868//6358 3867//6353
f 3691//6143 3876//6356 3802//6308
f 3868//6358 3869//6357 3871//6359
f 3868//6358 3870//6360 3864//6354
f 3869//6357 3873//6361 3871//6359
f 3871//6359 3870//6360 3868//6358
f 3873//6361 3875//6362 3871//6359
f 3628//6069 3874//6363 3627//6081
f 3871//6359 3877//6364 3870//6360
f 3871//6359 3875//6362 3880//6365
f 2590//6068 3881//6366 3878//6367
f 3882//6368 3877//6364 3871//6359
f 3881//6366 3887//6369 3878//6367
f 3883//6370 3882//6368 3880//6365
f 3882//6368 3884//6371 3877//6364
f 3885//6372 3886//6373 3881//6366
f 3887//6369 3888//6374 3883//6370
f 3890//6328 3882//6368 3883//6370
f 3883//6370 3888//6374 3889//6375
f 3844//6335 3849//6339 3846//6337
f 3882//6368 3890//6328 3884//6371
f 3888//6374 3892//6376 3889//6375
f 3853//6343 3688//6152 3490//5879
f 3854//6164 3856//6345 3706//6159
f 3706//6159 3856//6345 3689//6154
f 3889//6375 3892//6376 3893//6377
f 3897//6378 3896//6379 3892//6376
f 3892//6376 3896//6379 3893//6377
f 3889//6375 3893//6377 3894//6380
f 3860//6349 3857//6346 3853//6343
f 3839//6332 3845//6336 3835//6381
f 3842//6341 3836//6327 3846//6337
f 3845//6336 3839//6332 3843//6331
f 3855//6344 3859//6351 3858//6348
f 3858//6348 3859//6351 3898//6382
f 3842//6341 3840//6330 3836//6327
f 3861//6350 3867//6353 3860//6349
f 3848//6383 3840//6330 3842//6341
f 3848//6383 3837//6329 3840//6330
f 3848//6383 3847//6338 3837//6329
f 3838//6325 3847//6338 3852//6384
f 3858//6348 3898//6382 3863//6352
f 3852//6384 3851//6313 3838//6325
f 3864//6354 3898//6382 3859//6351
f 3828//6314 3851//6313 3852//6384
f 3848//6383 3852//6384 3847//6338
f 3617//6066 3860//6349 3616//6062
f 3616//6062 3860//6349 3853//6343
f 3862//6347 3876//6356 3865//6342
f 3618//6071 3621//6075 3861//6350
f 3861//6350 3621//6075 3624//6077
f 3864//6354 3867//6353 3868//6358
f 3626//6079 3866//6355 3624//6077
f 3626//6079 3872//6385 3866//6355
f 3898//6382 3899//6386 3863//6352
f 3872//6385 3873//6361 3866//6355
f 3866//6355 3873//6361 3869//6357
f 3627//6081 3874//6363 3626//6079
f 3626//6079 3874//6363 3872//6385
f 3874//6363 3873//6361 3872//6385
f 3874//6363 3628//6069 3878//6367
f 3873//6361 3874//6363 3875//6362
f 3878//6367 3880//6365 3874//6363
f 3880//6365 3875//6362 3874//6363
f 3864//6354 3870//6360 3898//6382
f 2590//6068 3878//6367 3628//6069
f 3887//6369 3880//6365 3878//6367
f 3898//6382 3870//6360 3899//6386
f 2590//6068 3885//6372 3881//6366
f 3899//6386 3870//6360 3900//6387
f 3863//6352 3899//6386 3876//6356
f 3880//6365 3887//6369 3883//6370
f 2589//6388 3885//6372 2590//6068
f 3899//6386 3900//6387 3876//6356
f 3887//6369 3881//6366 3888//6374
f 3886//6373 3888//6374 3881//6366
f 2589//6388 3891//6389 3885//6372
f 3891//6389 3886//6373 3885//6372
f 3889//6375 3890//6328 3883//6370
f 3894//6380 3890//6328 3889//6375
f 3886//6373 3897//6378 3888//6374
f 3888//6374 3897//6378 3892//6376
f 3891//6389 3897//6378 3886//6373
f 3876//6356 3900//6387 3901//6390
f 3876//6356 3879//6326 3802//6308
f 3895//6391 3897//6378 3891//6389
f 3877//6364 3900//6387 3870//6360
f 3897//6378 3895//6391 3835//6381
f 3890//6328 3894//6380 3836//6327
f 3835//6381 3896//6379 3897//6378
f 3836//6327 3894//6380 3893//6377
f 3880//6365 3882//6368 3871//6359
f 3845//6336 3896//6379 3835//6381
f 3896//6379 3845//6336 3893//6377
f 3845//6336 3846//6337 3893//6377
f 3901//6390 3879//6326 3876//6356
f 3842//6341 3846//6337 3849//6339
f 3842//6341 3850//6340 3848//6383
f 3836//6327 3893//6377 3846//6337
f 3877//6364 3902//6322 3900//6387
f 3884//6371 3902//6322 3877//6364
f 3902//6322 3901//6390 3900//6387
f 3902//6322 3834//6324 3901//6390
f 3802//6308 3879//6326 3827//6316
f 3890//6328 3833//6323 3884//6371
f 3833//6323 3902//6322 3884//6371
f 3834//6324 3879//6326 3901//6390
f 2581//6334 2579//6392 3841//6333
f 3919//6393 3903//6394 3906//6395
f 2579//6392 3906//6395 3841//6333
f 3841//6333 3903//6394 3844//6335
f 3906//6395 3903//6394 3841//6333
f 3844//6335 3912//6396 3849//6339
f 3903//6394 3912//6396 3844//6335
f 3912//6396 3914//6397 3849//6339
f 3849//6339 3914//6397 3850//6340
f 3914//6397 3907//6398 3850//6340
f 3850//6340 3907//6398 3848//6383
f 3913//6399 3910//6400 3903//6394
f 3907//6398 3908//6401 3848//6383
f 3909//6402 3919//6393 2578//6403
f 3848//6383 3908//6401 3852//6384
f 3911//6404 3914//6397 3910//6400
f 3908//6401 3916//6405 3852//6384
f 3916//6405 3917//6406 3852//6384
f 3852//6384 3917//6406 3828//6314
f 2578//6403 3919//6393 2579//6392
f 3909//6402 3913//6399 3919//6393
f 3905//6407 3916//6405 3904//6408
f 3904//6408 3916//6405 3908//6401
f 3916//6405 3905//6407 3917//6406
f 3832//6318 3917//6406 3905//6407
f 3917//6406 3832//6318 3828//6314
f 3915//6409 3910//6400 3909//6402
f 3909//6402 3910//6400 3913//6399
f 3914//6397 3912//6396 3910//6400
f 3910//6400 3912//6396 3903//6394
f 3918//6410 3911//6404 3915//6409
f 3915//6409 3911//6404 3910//6400
f 3918//6410 3920//6411 3911//6404
f 3904//6408 3907//6398 3920//6411
f 3908//6401 3907//6398 3904//6408
f 3907//6398 3911//6404 3920//6411
f 3911//6404 3907//6398 3914//6397
f 3919//6393 3913//6399 3903//6394
f 3919//6393 3906//6395 2579//6392
f 3921//6412 2577//6413 2584//6414
f 3921//6412 3922//6415 2577//6413
f 3923//6416 3922//6417 3921//6418
f 3923//6416 3924//6419 3922//6417
f 3923//6420 3925//6421 3924//6422
f 3923//6420 3926//6423 3925//6421
f 3926//6423 3927//6424 3925//6421
f 3927//6424 3928//6425 3925//6421
f 3929//6426 3928//6425 3927//6424
f 3929//6426 3930//6427 3928//6425
f 3587//6428 3586//6429 3929//6426
f 3929//6426 3586//6429 3930//6427
f 3925//6430 3928//5260 3832//6431
f 3905//6432 3925//6430 3832//6431
f 2578//5260 2577//5260 3909//5260
f 3904//6433 3925//6430 3905//6432
f 3924//6434 3904//6433 3920//6435
f 3924//6434 3925//6430 3904//6433
f 3930//6436 3588//6437 3815//6438
f 3930//6436 3586//6437 3588//6437
f 3924//6434 3920//6435 3918//5260
f 3930//6436 3815//6438 3824//6439
f 3922//5260 3918//5260 3915//5260
f 3922//5260 3924//6434 3918//5260
f 3928//5260 3930//6436 3824//6439
f 3928//5260 3824//6439 3831//6440
f 3909//5260 3922//5260 3915//5260
f 3830//6441 3928//5260 3831//6440
f 2577//5260 3922//5260 3909//5260
f 3832//6431 3928//5260 3830//6441
f 3931//6442 3156//6443 3154//6444
f 3931//6442 3932//6445 3156//6443
f 3932//6445 3159//6446 3156//6443
f 3933//6447 3159//6447 3932//6447
f 3933//6448 3161//6448 3159//6448
f 3560//6449 3152//6450 3934//6451
f 3931//6452 3152//6450 3560//6449
f 3931//6452 3154//6453 3152//6450
f 3150//6454 3560//6449 3934//6451
f 3935//6455 3936//6456 3937//6457
f 3936//6456 3939//6458 3937//6457
f 3940//6459 3939//6458 3936//6456
f 3940//6459 3941//6460 3939//6458
f 3940//6459 3943//6461 3941//6460
f 4774//6462 3943//6461 3940//6459
f 4775//6463 3943//6461 4774//6462
f 4775//6463 3947//6464 3943//6461
f 4776//6465 3947//6464 4775//6463
f 4776//6465 4769//6466 3947//6464
f 3949//6467 4769//6466 4776//6465
f 3949//6467 3952//6468 4769//6466
f 3949//6467 3953//6469 3952//6468
f 3953//6469 3955//6470 3952//6468
f 3953//6469 3956//6471 3955//6470
f 3956//6471 4768//6472 3955//6470
f 3956//6471 3958//6473 4768//6472
f 4782//6474 3961//6475 3958//6473
f 3958//6473 3961//6475 4768//6472
f 3960//6476 3961//6475 4782//6474
f 3962//6477 3961//6475 3960//6476
f 3962//6477 3964//6478 3961//6475
f 3965//6479 3964//6478 3962//6477
f 4015//6480 3964//6478 3965//6479
f 3967//6481 3964//6478 4015//6480
f 3967//6481 3970//6482 3964//6478
f 4012//6483 3970//6482 3967//6481
f 3966//6484 3971//6485 3968//6486
f 4012//6483 3974//6487 3970//6482
f 3971//6485 3975//6488 3968//6486
f 3980//6489 3981//6490 3979//6491
f 3975//6488 3982//6492 3968//6486
f 3979//6491 3981//6490 3974//6493
f 3980//6489 3984//6494 3981//6490
f 3982//6492 4773//6495 3968//6486
f 4010//6496 3984//6494 3980//6489
f 3983//6497 3986//6498 4009//6499
f 3985//6500 3986//6498 3983//6497
f 4009//6499 3986//6498 4010//6496
f 4010//6496 3986//6498 3984//6494
f 4773//6501 4777//6501 3968//6501
f 4777//6502 3987//6503 3968//6504
f 3987//6503 3989//6505 3968//6504
f 3990//6506 3989//6505 3987//6503
f 3990//6506 3991//6507 3989//6505
f 3989//6505 3991//6507 3937//6457
f 3991//6507 3935//6455 3937//6457
f 3974//6508 3992//6509 3970//6510
f 3984//6511 3993//6512 3981//6513
f 3986//6514 3994//6515 3984//6511
f 3984//6511 3998//6516 3993//6512
f 3984//6511 3994//6515 3998//6516
f 3986//6514 3997//6517 3994//6515
f 3995//6518 3997//6517 3986//6514
f 3985//6519 3995//6518 3986//6514
f 3964//6520 4005//6521 3961//6522
f 3964//6520 4003//6523 4004//6524
f 3970//6510 4002//6525 3964//6520
f 3970//6510 3992//6509 4006//6526
f 4006//6526 3992//6509 4001//6527
f 3992//6509 3974//6508 4001//6527
f 3974//6508 4000//6528 4001//6527
f 3981//6513 4000//6528 3974//6508
f 3999//6529 3981//6513 3993//6512
f 3999//6529 3993//6512 3998//6516
f 3981//6513 3999//6529 4000//6528
f 3961//6522 4005//6521 3996//6530
f 3964//6520 4004//6524 4005//6521
f 3998//6516 3994//6515 3997//6517
f 3964//6520 4002//6525 4003//6523
f 3970//6510 4006//6526 4007//6531
f 3997//6517 3995//6518 2663//6532
f 3970//6510 4007//6531 4002//6525
f 3978//6533 3561//6534 4018//6535
f 3978//6533 4008//6536 3561//6534
f 4008//6536 3562//6537 3561//6534
f 3983//6538 3563//6539 3562//6537
f 4011//6540 3565//6541 3563//6539
f 3568//6542 3567//6543 4013//6544
f 4013//6544 3980//6545 3979//6546
f 4013//6544 3979//6546 3568//6542
f 3979//6546 3570//6547 3568//6542
f 4015//6548 4014//6549 3967//6550
f 3573//6551 4015//6548 3574//6552
f 4008//6536 3978//6533 3983//6538
f 3557//6553 3965//6554 3962//6555
f 3574//6552 3965//6554 3557//6553
f 4011//6556 4010//6557 3980//6545
f 4008//6536 3983//6538 3562//6537
f 3983//6538 4009//6558 3563//6539
f 4009//6558 4011//6540 3563//6539
f 4010//6557 4011//6556 4009//6559
f 4011//6540 3567//6560 3565//6541
f 3980//6545 3567//6543 4011//6556
f 4013//6544 3567//6543 3980//6545
f 4014//6549 4015//6548 3573//6551
f 4015//6548 3965//6554 3574//6552
f 3557//6553 3962//6555 4016//6561
f 3962//6555 3960//6562 4016//6561
f 4016//6561 3960//6562 4017//6563
f 3977//6564 4018//6535 3559//6565
f 3978//6533 4018//6535 3977//6564
f 4047//6566 4021//6567 4020//6568
f 4022//6569 4023//6570 3578//6571
f 4027//6572 4019//6573 3577//6574
f 3577//6574 4019//6573 3578//6571
f 4047//6566 4020//6568 4024//6575
f 3578//6571 4025//6576 4026//6577
f 3977//6564 3559//6565 4029//6578
f 4023//6570 4025//6576 3578//6571
f 3578//6571 4026//6577 4028//6579
f 4028//6580 4029//6578 3559//6565
f 4022//6569 4019//6573 4027//6572
f 4022//6569 3578//6571 4019//6573
f 4046//6581 4031//6582 4045//6583
f 4045//6583 4031//6582 3972//6584
f 4046//6585 3600//6586 4031//6587
f 4031//6587 3600//6586 3599//6588
f 4031//6587 3599//6588 4033//6589
f 3599//6588 3595//6590 4033//6589
f 4030//6591 4034//6592 3938//6593
f 3595//6590 4035//6594 4033//6589
f 4037//6595 4034//6596 3612//6597
f 3607//6598 4038//6599 3610//6600
f 3988//6601 4038//6599 3607//6598
f 3988//6601 3607//6598 4039//6602
f 3607//6598 4040//6603 4039//6602
f 3988//6601 4039//6602 3976//6604
f 3605//6605 4040//6603 3607//6598
f 4039//6602 4040//6603 4041//6606
f 3604//6607 4042//6608 3605//6605
f 4042//6608 3604//6607 4043//6609
f 4043//6610 4044//6611 3976//6612
f 4037//6613 3610//6613 3938//6613
f 3612//6597 3610//6614 4037//6595
f 4044//6611 3973//6615 3976//6612
f 3610//6600 4038//6599 3938//6616
f 3604//6607 3602//6617 4044//6618
f 4045//6583 3972//6584 3973//6615
f 3602//6617 4046//6581 4045//6583
f 3600//6586 4046//6585 3602//6619
f 4047//6620 3951//6620 3954//6620
f 3972//6584 4031//6582 4033//6621
f 3972//6584 4033//6621 3969//6622
f 3592//6623 3946//6624 3597//6625
f 3969//6622 4033//6621 4035//6626
f 3595//6590 4048//6627 4035//6594
f 3592//6623 3945//6628 3946//6624
f 3589//6629 3945//6628 3592//6623
f 3951//6630 3597//6625 3948//6631
f 3946//6624 3948//6631 3597//6625
f 3944//6632 3945//6628 3589//6629
f 3589//6629 4049//6633 3944//6632
f 4032//6634 4034//6592 4030//6591
f 4036//6635 4034//6596 4032//6636
f 4036//6635 3612//6597 4034//6596
f 4049//6633 3589//6629 3583//6637
f 3583//6637 4050//6638 4049//6633
f 4040//6603 3605//6605 4042//6608
f 4041//6606 4040//6603 4042//6608
f 4042//6608 4043//6609 4041//6606
f 3604//6607 4044//6618 4043//6609
f 3602//6617 4045//6583 4044//6618
f 4044//6611 4045//6583 3973//6615
f 4032//6634 4030//6591 4050//6639
f 4051//6256 3780//6261 3792//6238
f 4051//6640 4052//6641 3780//6642
f 3571//6643 4052//6641 4051//6640
f 3571//6644 3572//6645 4052//6646
f 3781//6647 4054//6648 3787//6649
f 3572//6645 4054//6648 4052//6646
f 4053//6650 3556//6651 3151//6652
f 3151//6653 3556//6653 3150//6653
f 3558//6654 4055//6655 3789//6656
f 4055//6655 4057//6657 3793//6658
f 3781//6647 4052//6641 4054//6648
f 4057//6657 3782//6659 3793//6658
f 4057//6657 3564//6660 3782//6659
f 4053//6650 3787//6649 4054//6648
f 3556//6651 4053//6650 4054//6648
f 3564//6660 4059//6661 3782//6659
f 3564//6660 3566//6662 4059//6661
f 3782//6659 4059//6661 3790//6663
f 3780//6642 4052//6641 3781//6647
f 4059//6661 4056//6664 3790//6663
f 3566//6662 4056//6665 4059//6661
f 3572//6645 3556//6651 4054//6648
f 4056//6664 3785//6666 3790//6663
f 4056//6665 3569//6667 3785//6668
f 3789//6656 4055//6655 3793//6658
f 3569//6669 4058//6670 3785//6671
f 3569//6667 4056//6665 3566//6662
f 4058//6670 3571//6643 3785//6671
f 3785//6671 3571//6643 4051//6640
f 3800//6672 3558//6654 3789//6656
f 3575//6673 3796//6674 3795//6675
f 3796//6674 3575//6673 3576//6676
f 3576//6676 3798//6677 3796//6674
f 3798//6677 3576//6676 4060//6678
f 3799//6679 3580//6680 3801//6681
f 3801//6681 3558//6654 3800//6672
f 3580//6680 3558//6654 3801//6681
f 3798//6677 4060//6678 3579//6682
f 3579//6682 3799//6679 3798//6677
f 3580//6680 3799//6679 3579//6682
f 4068//6280 3809//6279 3590//6683
f 3582//6684 4061//6685 4062//6686
f 3795//6675 3598//6687 3575//6673
f 3598//6687 3808//6278 3593//6688
f 3807//6689 3808//6278 3598//6687
f 3808//6278 4068//6280 3593//6688
f 3590//6683 4061//6685 3584//6690
f 3810//6691 4061//6685 3590//6683
f 4062//6686 4063//6692 3582//6684
f 3582//6684 4063//6692 3581//6693
f 3807//6689 3598//6687 3795//6675
f 3593//6688 4068//6280 3590//6683
f 3613//6694 3817//6695 3611//6696
f 3814//6697 3817//6695 3613//6694
f 3817//6695 3819//6698 3611//6696
f 3810//6691 3590//6683 3809//6279
f 3819//6698 4064//6699 3608//6700
f 4061//6685 3582//6684 3584//6690
f 4064//6699 4071//6701 3608//6700
f 3814//6697 3581//6693 4063//6692
f 3608//6702 3821//6702 3606//6702
f 4071//6701 3821//6703 3608//6700
f 3814//6697 3613//6694 3581//6693
f 3821//6704 3603//6705 3606//6706
f 3819//6698 3609//6707 3611//6696
f 3608//6700 3609//6707 3819//6698
f 4065//6708 3601//6709 3603//6705
f 4065//6708 3603//6705 3821//6704
f 3823//6710 3601//6709 4065//6708
f 3823//6710 4066//6711 3601//6709
f 3601//6709 4066//6711 4067//6712
f 3803//6713 3596//6714 3829//6715
f 4066//6711 3829//6715 4067//6712
f 4067//6712 3829//6715 4069//6716
f 4070//6717 3596//6714 3803//6713
f 4070//6717 3594//6718 3596//6714
f 3829//6715 3596//6714 4069//6716
f 4070//6717 3591//6719 3594//6718
f 4070//6717 3816//6720 3591//6719
f 3591//6719 3816//6720 3588//6721
f 4073//6722 4074//6723 4072//6724
f 4073//6725 3416//5785 4074//6726
f 4077//6727 3416//6727 4073//6727
f 3404//5778 3402//6728 3411//5804
f 3402//6728 4074//6723 3411//5804
f 4074//6723 3402//6728 4072//6724
f 4074//6726 3416//5785 3411//5784
f 4075//6729 4073//6730 4072//6731
f 4075//6729 4078//6732 4073//6730
f 4073//6733 4078//6734 4077//6735
f 4078//6734 4076//6736 4077//6735
f 4077//6735 4076//6736 3462//6737
f 3462//6737 4079//6738 3500//6739
f 4076//6736 4079//6738 3462//6737
f 4076//6740 3400//6740 4079//6740
f 4080//6741 3500//6739 4079//6738
f 3547//6742 4084//6743 4080//6744
f 4080//6741 4084//6743 3500//6739
f 4084//6743 4083//6745 3500//6739
f 4083//6745 4084//6743 3547//6742
f 3502//6746 4082//6747 3503//6748
f 3549//6749 4085//6750 3547//6742
f 4081//6751 4085//6750 3549//6749
f 3502//6746 4081//6752 4082//6747
f 3502//6746 4085//6750 4081//6752
f 3547//6742 4085//6750 4083//6745
f 4085//6750 3502//6746 4083//6745
f 4087//6753 3504//6754 3503//6755
f 4087//6753 3551//6756 3504//6754
f 4082//6747 4087//6757 3503//6748
f 4081//6752 4087//6757 4082//6747
f 4081//6758 3549//5975 4087//5976
f 3552//6759 4088//6760 3505//6761
f 3551//6756 3552//6762 3504//6754
f 3504//6754 3552//6762 3505//6763
f 3505//6761 4088//6760 3517//6764
f 4088//6765 4086//5924 3517//5926
f 4089//6766 4086//6766 4088//6766
f 3521//5946 4090//6767 3534//5944
f 3534//5944 4090//6768 3535//5948
f 4090//6768 3548//6769 3535//5948
f 4090//6768 4092//6770 3548//6769
f 3548//6769 4092//6770 3550//6771
f 4092//6770 4093//6772 3550//6771
f 4093//6772 3553//6773 3550//6771
f 4093//6772 4091//6774 3553//6773
f 4091//6775 3554//6775 3553//6775
f 3615//6065 4094//6776 2610//6777
f 4094//6776 4095//6778 2610//6777
f 4095//6778 2612//6779 2610//6777
f 4095//6778 4195//6780 2612//6779
f 4195//6780 4096//6781 2612//6779
f 4096//6781 4097//6782 2612//6779
f 4097//6782 2613//6783 2612//6779
f 4097//6782 4098//6784 2613//6783
f 4098//6784 4131//6785 2613//6783
f 4131//6785 4192//6786 2613//6783
f 4192//6786 2617//6787 2613//6783
f 4192//6786 4191//6788 2617//6787
f 4191//6788 4099//6789 2617//6787
f 4099//6789 4186//6790 2617//6787
f 4186//6790 2619//6791 2617//6787
f 4186//6790 4100//6792 2619//6791
f 4100//6792 4180//6793 2619//6791
f 4180//6793 2622//6794 2619//6791
f 4180//6793 4176//6795 2622//6794
f 4176//6795 4101//6796 2622//6794
f 4101//6796 4102//6797 2622//6794
f 4102//6797 4103//6798 2622//6794
f 4103//6798 2625//6799 2622//6794
f 4103//6798 4104//6800 2625//6799
f 4104//6800 4105//6801 2625//6799
f 4105//6801 4106//6802 2625//6799
f 4106//6802 4107//6803 2625//6799
f 4107//6803 2627//6804 2625//6799
f 4107//6803 4108//6805 2627//6804
f 4108//6805 4109//6806 2627//6804
f 4109//6806 2629//6807 2627//6804
f 4109//6806 4190//6808 2629//6807
f 4190//6808 4110//6809 2629//6807
f 4110//6809 4155//6810 2629//6807
f 4155//6810 4150//6811 2629//6807
f 2629//6807 4150//6811 2631//6812
f 4150//6811 4111//6813 2631//6812
f 4111//6813 4144//6814 2631//6812
f 4144//6814 4141//6815 2631//6812
f 4141//6815 4112//6816 2631//6812
f 2631//6812 4112//6816 2635//6817
f 4112//6816 4113//6818 2635//6817
f 4113//6818 4114//6819 2635//6817
f 4114//6819 4128//6820 2635//6817
f 2635//6817 4128//6820 2641//6821
f 4128//6820 4125//6822 2641//6821
f 2641//6821 4184//6823 2638//6824
f 4125//6822 4184//6823 2641//6821
f 4184//6823 4115//6825 2638//6824
f 2638//6824 4116//6826 2637//6827
f 4115//6825 4116//6826 2638//6824
f 4116//6826 4117//6828 2637//6827
f 4117//6828 4162//6829 2637//6827
f 2637//6827 4162//6829 2643//6830
f 4162//6829 4118//6831 2643//6830
f 4118//6831 4119//6832 2643//6830
f 4119//6832 4120//6833 2643//6830
f 2643//6830 4120//6833 2645//4748
f 4120//6833 4121//6834 2645//4748
f 4121//6834 4122//4746 2645//4748
f 3615//6065 2610//6777 2603//6067
f 4125//6835 4127//6836 4126//6837
f 4128//6838 4127//6836 4125//6835
f 4128//6838 4130//6839 4127//6836
f 4127//6836 4130//6839 4132//6840
f 4114//6841 4132//6840 4130//6839
f 4133//6842 4113//6843 4136//6844
f 4113//6843 4138//6845 4136//6844
f 4112//6846 4138//6845 4113//6843
f 4141//6847 4139//6848 4138//6845
f 4194//6849 4140//6850 4193//6851
f 4145//6852 4141//6847 4144//6853
f 4139//6848 4141//6847 4145//6852
f 4142//6854 4143//6855 4232//6856
f 4145//6852 4144//6853 4147//6857
f 4147//6857 4144//6853 4111//6858
f 2672//6859 4120//6860 4148//6861
f 4121//6862 4120//6860 2672//6859
f 4150//6863 4147//6857 4111//6858
f 4149//6864 4147//6857 4150//6863
f 4149//6864 4150//6863 4155//6865
f 4094//6866 3615//6867 3614//6868
f 4148//6861 4153//6869 4151//6870
f 4152//6871 4121//6862 2672//6859
f 4120//6860 4153//6869 4148//6861
f 4155//6865 4154//6872 4149//6864
f 4120//6873 4119//6874 4153//6875
f 4155//6865 4110//6876 4154//6872
f 4109//6877 4156//6878 4157//6879
f 4119//6874 4118//6880 4158//6881
f 4108//6882 4156//6878 4109//6877
f 4160//6883 4159//6884 4156//6878
f 4161//6885 4162//6886 4165//6887
f 4108//6882 4107//6888 4160//6883
f 4160//6883 4107//6888 4159//6884
f 4107//6888 4164//6889 4159//6884
f 4107//6888 4106//6890 4164//6889
f 4106//6890 4166//6891 4164//6889
f 4165//6887 4117//6892 4163//6893
f 4104//6894 4103//6895 4166//6891
f 4166//6891 4103//6895 4168//6896
f 4169//6897 4168//6896 4102//6898
f 4102//6898 4168//6896 4103//6895
f 4163//6893 4171//6899 4167//6900
f 4117//6892 4171//6899 4163//6893
f 4116//6901 4171//6899 4117//6892
f 4169//6897 4101//6902 4172//6903
f 4102//6898 4101//6902 4169//6897
f 4174//6904 4170//6905 4171//6899
f 4174//6904 4173//6906 4170//6905
f 4101//6902 4176//6907 4172//6903
f 4172//6903 4176//6907 4175//6908
f 4178//6909 4173//6906 4174//6904
f 4178//6909 4177//6910 4173//6906
f 4176//6907 4180//6911 4175//6908
f 4175//6908 4180//6911 4179//6912
f 4182//6913 4177//6910 4178//6909
f 4182//6913 4181//6914 4177//6910
f 4100//6915 4179//6912 4180//6911
f 4184//6916 4181//6914 4182//6913
f 4181//6914 4123//6917 4126//6837
f 4100//6915 4186//6918 4185//6919
f 4185//6919 4186//6918 4187//6920
f 4125//6835 4126//6837 4123//6917
f 4188//6921 4187//6920 4099//6922
f 4186//6918 4099//6922 4187//6920
f 4154//6872 4190//6923 4189//6924
f 4110//6876 4190//6923 4154//6872
f 4191//6925 4124//6926 4196//6927
f 4190//6923 4109//6877 4189//6924
f 4192//6928 4129//6929 4124//6926
f 4189//6924 4109//6877 4157//6879
f 4131//6930 4134//6931 4129//6929
f 4132//6840 4133//6842 4136//6844
f 4114//6841 4133//6842 4132//6840
f 4098//6932 4135//6933 4131//6930
f 4133//6842 4114//6841 4113//6843
f 4097//6934 4096//6935 4194//6936
f 4143//6937 4142//6938 4195//6939
f 4138//6845 4112//6846 4141//6847
f 4137//6940 4193//6851 4140//6850
f 4137//6941 4097//6934 4193//6942
f 4098//6932 4097//6934 4137//6941
f 4193//6942 4097//6934 4194//6936
f 4096//6935 4195//6939 4194//6936
f 4194//6936 4195//6939 4142//6938
f 4143//6855 4146//6943 4232//6856
f 4195//6939 4095//6944 4143//6937
f 4143//6937 4095//6944 4146//6945
f 2666//4745 4121//6862 4152//6871
f 4122//4746 4121//6862 2666//4745
f 4151//6870 4153//6869 4158//6946
f 4156//6878 4108//6882 4160//6883
f 4174//6904 4171//6899 4116//6901
f 4178//6909 4174//6904 4115//6947
f 4174//6904 4116//6901 4115//6947
f 4182//6913 4178//6909 4115//6947
f 4106//6890 4104//6894 4166//6891
f 4106//6890 4105//6948 4104//6894
f 4182//6913 4115//6947 4184//6916
f 4123//6917 4184//6916 4125//6835
f 4114//6841 4130//6839 4128//6838
f 4179//6912 4100//6915 4183//6949
f 4183//6949 4100//6915 4185//6919
f 4196//6927 4099//6922 4191//6925
f 4188//6921 4099//6922 4196//6927
f 4124//6926 4191//6925 4192//6928
f 4129//6929 4192//6928 4131//6930
f 4134//6931 4131//6930 4135//6933
f 4134//6931 4135//6933 4137//6941
f 4135//6933 4098//6932 4137//6941
f 4140//6850 4194//6849 4142//6950
f 4119//6874 4158//6881 4153//6875
f 4118//6880 4161//6885 4158//6881
f 4161//6885 4118//6880 4162//6886
f 4161//6885 4165//6887 4163//6893
f 4165//6887 4162//6886 4117//6892
f 4170//6905 4167//6900 4171//6899
f 4185//6951 4187//6952 4188//6953
f 4181//6914 4184//6916 4123//6917
f 4159//6954 4197//6955 4156//6956
f 4198//6957 4197//6955 4159//6954
f 4167//6958 4199//6959 4163//6960
f 4200//6961 4199//6959 4167//6958
f 4201//6962 4142//6854 4232//6856
f 4199//6959 4202//6963 4163//6960
f 4156//6956 4203//6964 4157//6965
f 4197//6955 4203//6964 4156//6956
f 4201//6962 4140//6850 4142//6854
f 4157//6965 4239//6966 4189//6967
f 4202//6963 4161//6968 4163//6960
f 4203//6964 4239//6966 4157//6965
f 4201//6962 4204//6969 4140//6850
f 4202//6963 4205//6970 4161//6968
f 4205//6970 4158//6946 4161//6968
f 4239//6966 4206//6971 4189//6967
f 4204//6969 4238//6972 4140//6850
f 4238//6972 4137//6940 4140//6850
f 4205//6970 4151//6870 4158//6946
f 4238//6972 4208//6973 4137//6940
f 4206//6971 4207//6974 4189//6967
f 4208//6973 4134//6975 4137//6940
f 4208//6973 4209//6976 4134//6975
f 4189//6967 4210//6977 4154//6978
f 4207//6974 4210//6977 4189//6967
f 4209//6976 4129//6979 4134//6975
f 4209//6976 4211//6980 4129//6979
f 4210//6977 4212//6981 4154//6978
f 4211//6980 4124//6982 4129//6979
f 4212//6981 4213//6983 4154//6978
f 4211//6980 4235//6984 4124//6982
f 4154//6978 4213//6983 4149//6985
f 4124//6982 4235//6984 4196//6986
f 4213//6983 4214//6987 4149//6985
f 4149//6985 4214//6987 4147//6988
f 4214//6987 4215//6989 4147//6988
f 4147//6988 4215//6989 4145//6990
f 4196//6986 4216//6991 4188//6953
f 4235//6984 4216//6991 4196//6986
f 4215//6989 4217//6992 4145//6990
f 4145//6990 4217//6992 4139//6993
f 4188//6953 4218//6994 4185//6951
f 4216//6991 4218//6994 4188//6953
f 4217//6992 2733//6995 4139//6993
f 4139//6993 2733//6995 4138//6996
f 4185//6951 3510//6997 4183//6998
f 4218//6994 3510//6997 4185//6951
f 2733//6995 2757//6999 4138//6996
f 4138//6996 2757//6999 4136//7000
f 4183//6998 4219//7001 4179//7002
f 3510//6997 4219//7001 4183//6998
f 2757//6999 2758//7003 4136//7000
f 4136//7000 4220//7004 4132//7005
f 2758//7003 4220//7004 4136//7000
f 4179//7002 4221//7006 4175//7007
f 4219//7001 4221//7006 4179//7002
f 4220//7004 4222//7008 4132//7005
f 4175//7007 4241//7009 4172//7010
f 4221//7006 4241//7009 4175//7007
f 4132//7005 2761//7011 4127//7012
f 4172//7010 4223//7013 4169//7014
f 4222//7008 2761//7011 4132//7005
f 4241//7009 4223//7013 4172//7010
f 4127//7012 4224//7015 4126//7016
f 4169//7014 4225//7017 4168//7018
f 2761//7011 4224//7015 4127//7012
f 4223//7013 4225//7017 4169//7014
f 4126//7016 4226//7019 4181//7020
f 4224//7015 4226//7019 4126//7016
f 4168//7018 4227//7021 4166//7022
f 4225//7017 4227//7021 4168//7018
f 4181//7020 4228//7023 4177//7024
f 4226//7019 4228//7023 4181//7020
f 4166//7022 4229//7025 4164//7026
f 4227//7021 4229//7025 4166//7022
f 4177//7024 2763//7027 4173//7028
f 4228//7023 2763//7027 4177//7024
f 4229//7025 4230//7029 4164//7026
f 4173//7028 4231//7030 4170//7031
f 2763//7027 4231//7030 4173//7028
f 4164//7026 4198//6957 4159//6954
f 4230//7029 4198//6957 4164//7026
f 4170//7031 4200//6961 4167//6958
f 4231//7030 4200//6961 4170//7031
f 3622//7032 4094//6866 3623//7033
f 3622//7032 4095//7034 4094//6866
f 3620//7035 4146//6943 4095//7034
f 3620//7035 4095//7034 3622//7032
f 4232//7036 3620//7037 3619//7038
f 4232//6856 4146//6943 3620//7035
f 3623//7033 4094//6866 3614//6868
f 4233//7039 3487//7040 4204//7041
f 4233//7039 4204//7041 4201//7042
f 4233//7039 4232//7036 3619//7038
f 4233//7039 4201//7042 4232//7036
f 4234//7043 4216//7044 4235//7045
f 3484//5914 4235//7045 4211//7046
f 4211//7046 4209//5915 3484//5914
f 4218//5909 3511//5908 3510//5907
f 4237//7047 4209//7047 4208//7047
f 3487//7040 3486//5916 4208//7048
f 3487//7040 4208//7048 4238//7049
f 3467//7050 2715//4828 4206//7051
f 4203//7052 3467//7050 4239//7053
f 4203//7052 3468//7054 3467//7050
f 4240//7055 3468//7054 4203//7052
f 4240//7055 4203//7052 4197//7056
f 4197//7056 4198//7057 4240//7055
f 4230//7058 3508//7059 3501//7060
f 4229//7061 3507//7062 3508//7059
f 4227//7063 4225//7064 3507//7062
f 4223//7065 4241//7066 3506//7067
f 4241//7066 3509//7068 3506//7067
f 3501//7060 4198//7069 4230//7058
f 3483//5906 4219//7070 3510//5907
f 3508//7059 4230//7058 4229//7061
f 4235//7045 4236//7071 4234//7043
f 4235//7045 3484//5914 4236//7071
f 3507//7062 4229//7061 4227//7063
f 4209//5915 4237//7072 3486//5916
f 3486//5916 4237//7072 4208//7048
f 3467//7050 4206//7051 4239//7053
f 4225//7073 4223//7065 3506//7067
f 4221//7074 3483//5906 3509//7068
f 4221//7074 3509//7068 4241//7066
f 4221//7074 4219//7070 3483//5906
f 3487//7040 4238//7049 4204//7041
f 4217//7075 2726//7076 2733//7077
f 2726//7076 4215//7078 2722//7079
f 2720//4829 2722//7079 4213//7080
f 4210//4827 2720//4829 4212//7081
f 4207//7082 2715//4828 4210//4827
f 4199//7083 2665//7084 4202//7085
f 2765//7086 4199//7087 4200//7088
f 4200//7088 2745//4875 2765//7086
f 2762//4874 4228//7089 4226//7090
f 4200//7088 4231//7091 2745//4875
f 2762//4874 4226//7090 4224//7092
f 2759//7093 4222//7094 4220//7095
f 2758//7096 2759//7093 4220//7095
f 2745//4875 4231//7091 2763//4876
f 2763//4876 4228//7089 2762//4874
f 2726//7076 4217//7075 4215//7078
f 2722//7079 4215//7078 4214//7097
f 2722//7079 4214//7097 4213//7080
f 2720//4829 4213//7080 4212//7081
f 2715//4828 4207//7082 4206//7051
f 2761//7098 2762//4874 4224//7092
f 4222//7094 2760//7099 2761//7100
f 2759//7093 2760//7099 4222//7094
f 4242//4754 4151//4756 4205//7101
f 4242//4754 4205//7101 4202//7085
f 4242//4754 4202//7085 2665//7084
f 4148//7102 4151//4756 2671//4755
f 2672//7103 4148//7102 2671//4755
f 4244//7104 5305//7105 3096//7105
f 5305//7105 3094//7106 3096//7105
f 4246//7107 3102//7108 4245//7109
f 4246//7107 3099//7105 3102//7108
f 4246//7107 4247//7105 3099//7105
f 5305//7105 4248//7110 3094//7106
f 4247//7105 4249//7105 3099//7105
f 4249//7105 4250//7105 3099//7105
f 4250//7105 3098//7105 3099//7105
f 2604//7111 4243//7112 2624//7113
f 3092//7104 4243//7114 2604//7111
f 3094//7106 4248//7110 3092//7104
f 4250//7105 3096//7105 3098//7105
f 4250//7105 4244//7104 3096//7105
f 4248//7110 4243//7114 3092//7104
f 4251//7115 3174//7116 4252//7117
f 4252//7117 3175//7118 4253//7119
f 3174//7116 3175//7118 4252//7117
f 4254//7120 3172//7121 4251//7115
f 4251//7115 3172//7121 3174//7116
f 4255//7122 3172//7121 4254//7120
f 4256//7123 3173//7124 4255//7122
f 4255//7122 3173//7124 3172//7121
f 3175//7118 3176//7125 4253//7119
f 3176//7125 4257//7126 4253//7119
f 4256//7123 4258//7105 3173//7124
f 4258//7105 3134//7105 3173//7124
f 3176//7125 4259//7105 4257//7126
f 3176//7125 3177//7127 4259//7105
f 3177//7127 4260//7105 4259//7105
f 3177//7127 3178//7105 4260//7105
f 3178//7105 4261//7105 4260//7105
f 3178//7105 3410//7105 4261//7105
f 4261//7105 3410//7105 4262//7105
f 3410//7105 3409//7128 4262//7105
f 4262//7105 3409//7128 4263//7129
f 3409//7128 3933//7130 4263//7129
f 4263//7129 3933//7130 4264//7131
f 3933//7130 4265//7105 4264//7131
f 3933//7130 4266//7132 4265//7105
f 3933//7130 3932//7133 4266//7132
f 3932//7133 4267//7134 4266//7132
f 3932//7133 4268//7135 4267//7134
f 3932//7133 3931//7105 4268//7135
f 3931//7105 4269//7105 4268//7135
f 3560//7105 4269//7105 3931//7105
f 3560//7105 4270//7105 4269//7105
f 4739//7136 3926//7137 4272//7138
f 4272//7138 3923//7139 4743//7140
f 3926//7137 3923//7139 4272//7138
f 2584//7141 2580//7141 4271//7105
f 4273//7142 3929//7105 4274//7143
f 3587//7144 3929//7105 4273//7142
f 4743//7140 3923//7139 4745//7145
f 4745//7145 3923//7139 4275//7146
f 4274//7143 3929//7105 4276//7105
f 3923//7139 3921//7147 4275//7146
f 3929//7105 3927//7105 4276//7105
f 3927//7105 4277//7148 4276//7105
f 3921//7147 4271//7105 4275//7146
f 3921//7147 2584//7141 4271//7105
f 3927//7105 4278//7149 4277//7148
f 3927//7105 3926//7137 4278//7149
f 3926//7137 4739//7136 4278//7149
f 3989//7150 4279//7150 3968//7150
f 4315//7151 4313//7152 4308//7153
f 4286//7154 4448//7155 4331//7156
f 4280//7157 4281//7158 4262//7159
f 4280//7157 4262//7159 4263//7160
f 4286//7154 4331//7156 4333//7161
f 4309//7162 4315//7151 4308//7153
f 4289//7163 4283//7164 4280//7157
f 4290//7165 4286//7154 4333//7161
f 4290//7165 4333//7161 4285//7166
f 4261//7167 4845//7168 4260//7169
f 4291//7170 4290//7165 4285//7166
f 4288//7171 4284//7172 4319//7173
f 4291//7170 4285//7166 4287//7174
f 4294//7175 4291//7170 4287//7174
f 4295//7176 4296//7177 4302//7178
f 4292//7179 4282//7180 4342//7181
f 4263//7160 4289//7163 4280//7157
f 4294//7175 4287//7174 4283//7164
f 4297//7182 4288//7171 4319//7173
f 4298//7183 4294//7175 4283//7164
f 4298//7183 4283//7164 4289//7163
f 4297//7182 4319//7173 4282//7180
f 4312//7184 4295//7176 4302//7178
f 4299//7185 4298//7183 4289//7163
f 4300//7186 4292//7179 4342//7181
f 4300//7186 4342//7181 4341//7187
f 4307//7188 4308//7153 4293//7189
f 4307//7188 4309//7162 4308//7153
f 4301//7190 4289//7163 4263//7160
f 4301//7190 4299//7185 4289//7163
f 4301//7190 4263//7160 4264//7191
f 4310//7192 4305//7193 4306//7194
f 4322//7195 4312//7184 4302//7178
f 4300//7186 4341//7187 4335//7196
f 4307//7188 4293//7189 4261//7167
f 4305//7193 4302//7178 4304//7197
f 4318//7198 4335//7196 4323//7199
f 4318//7198 4300//7186 4335//7196
f 4317//7200 4314//7201 4316//7202
f 4319//7173 4310//7192 4311//7203
f 4317//7200 4316//7202 4324//7204
f 4325//7205 4297//7182 4282//7180
f 4326//7206 4317//7200 4324//7204
f 4314//7201 4319//7173 4311//7203
f 4323//7199 4321//7207 4315//7151
f 4326//7206 4324//7204 4327//7208
f 4329//7209 4318//7198 4323//7199
f 4338//7210 4326//7206 4327//7208
f 4330//7211 4328//7212 4314//7201
f 4330//7211 4314//7201 4317//7200
f 4331//7156 4325//7205 4282//7180
f 4331//7156 4282//7180 4292//7179
f 4307//7188 4261//7167 4262//7159
f 4329//7209 4323//7199 4315//7151
f 4334//7213 4338//7210 4327//7208
f 4320//7214 4327//7208 4332//7215
f 4320//7214 4334//7213 4327//7208
f 4333//7161 4331//7156 4292//7179
f 4333//7161 4292//7179 4300//7186
f 4281//7158 4329//7209 4315//7151
f 4320//7214 4332//7215 4840//7216
f 4281//7158 4315//7151 4309//7162
f 4285//7166 4333//7161 4300//7186
f 4336//7217 4328//7212 4330//7211
f 4335//7196 4321//7207 4323//7199
f 4336//7217 4330//7211 4326//7206
f 4284//7172 4305//7193 4310//7192
f 4313//7152 4320//7214 4840//7216
f 4313//7152 4840//7216 4844//7218
f 4287//7174 4285//7166 4300//7186
f 4287//7174 4300//7186 4318//7198
f 4341//7187 4336//7217 4326//7206
f 4341//7187 4326//7206 4338//7210
f 4337//7219 4322//7195 4284//7172
f 4284//7172 4310//7192 4319//7173
f 4281//7158 4309//7162 4307//7188
f 4281//7158 4307//7188 4262//7159
f 4308//7153 4313//7152 4844//7218
f 4335//7196 4338//7210 4334//7213
f 4335//7196 4341//7187 4338//7210
f 4340//7220 4337//7219 4284//7172
f 4287//7174 4318//7198 4329//7209
f 4459//7221 4340//7220 4284//7172
f 4459//7221 4284//7172 4288//7171
f 4283//7164 4287//7174 4329//7209
f 4308//7153 4844//7218 4845//7168
f 4326//7206 4330//7211 4317//7200
f 4321//7207 4335//7196 4334//7213
f 4321//7207 4334//7213 4320//7214
f 4282//7180 4319//7173 4314//7201
f 4282//7180 4314//7201 4328//7212
f 4322//7195 4302//7178 4305//7193
f 4336//7217 4339//7222 4328//7212
f 4455//7223 4459//7221 4288//7171
f 4455//7223 4288//7171 4297//7182
f 4282//7180 4328//7212 4339//7222
f 4293//7189 4308//7153 4845//7168
f 4342//7181 4339//7222 4336//7217
f 4342//7181 4336//7217 4341//7187
f 4280//7157 4283//7164 4329//7209
f 4280//7157 4329//7209 4281//7158
f 4342//7181 4282//7180 4339//7222
f 4451//7224 4455//7223 4297//7182
f 4451//7224 4297//7182 4325//7205
f 4293//7189 4845//7168 4261//7167
f 4315//7151 4320//7214 4313//7152
f 4315//7151 4321//7207 4320//7214
f 4448//7155 4451//7224 4325//7205
f 4284//7172 4322//7195 4305//7193
f 4448//7155 4325//7205 4331//7156
f 4817//7225 4348//7226 4343//7227
f 4344//7228 4348//7226 4817//7225
f 3560//5990 4345//7229 4270//7230
f 4017//5989 4346//7231 3560//5990
f 3560//5990 4346//7231 4345//7229
f 4346//7231 4347//7232 4345//7229
f 4346//7231 4349//7233 4347//7232
f 4349//7233 4778//7234 4347//7232
f 4778//7234 4350//7235 4347//7232
f 4778//7234 4351//7236 4350//7235
f 4351//7236 4352//7237 4350//7235
f 4343//7227 4779//7238 4353//7239
f 4348//7226 4779//7238 4343//7227
f 4351//7236 4354//7240 4352//7237
f 4779//7238 4780//7241 4353//7239
f 4352//7237 4354//7240 4811//7242
f 4353//7239 4355//7243 4538//7244
f 4780//7241 4355//7243 4353//7239
f 4354//7240 4772//7245 4811//7242
f 4355//7243 4356//7246 4538//7244
f 4811//7242 4770//7247 4357//7248
f 4772//7245 4770//7247 4811//7242
f 4357//7248 4358//7249 4359//7250
f 4770//7247 4358//7249 4357//7248
f 4359//7250 4360//7251 4361//7252
f 4358//7249 4360//7251 4359//7250
f 4361//7252 4344//7228 4817//7225
f 4360//7251 4344//7228 4361//7252
f 3587//6031 4273//7253 4831//7254
f 3585//6029 3587//6031 4831//7254
f 4365//7255 4366//7256 4367//7257
f 4367//7257 4366//7256 4369//7258
f 4366//7256 4370//7259 4369//7258
f 4369//7258 4370//7259 4825//7260
f 4370//7259 4371//7261 4825//7260
f 4637//7262 2598//7263 4377//7264
f 2598//7263 2600//7265 4377//7264
f 2598//7263 4378//7266 2597//7267
f 2600//7265 4379//7268 4377//7264
f 2598//7263 4637//7262 4378//7266
f 2600//7265 2602//7269 4379//7268
f 4380//7270 5408//7271 2602//7269
f 5410//7272 4380//7270 2602//7269
f 2609//7273 5410//7272 2602//7269
f 4381//7274 5410//7272 2609//7273
f 2611//7275 4381//7274 2609//7273
f 4403//7276 4381//7274 2611//7275
f 4382//7277 4403//7276 2611//7275
f 2615//7278 4382//7277 2611//7275
f 2618//7279 4382//7277 2615//7278
f 4397//7280 4382//7277 2618//7279
f 4397//7280 2618//7279 2620//7281
f 4383//7282 4397//7280 2620//7281
f 4383//7282 2620//7281 2623//7283
f 4383//7282 2623//7283 2626//7284
f 4384//7285 2626//7284 2628//7286
f 4384//7285 4383//7282 2626//7284
f 4384//7285 2628//7286 2630//7287
f 4384//7285 2630//7287 2634//7288
f 4385//7289 4384//7285 2634//7288
f 4385//7289 2634//7288 2639//7290
f 4385//7289 2639//7290 2642//7291
f 4386//7292 4385//7289 2642//7291
f 4386//7292 2642//7291 2640//7293
f 4387//7294 2648//7295 5413//7296
f 4388//7297 4386//7292 2640//7293
f 4388//7297 2640//7293 2644//7298
f 4387//7294 2646//7299 2648//7295
f 5014//7300 4388//7297 2644//7298
f 4389//7301 2644//7298 2646//7299
f 4389//7301 2646//7299 4387//7294
f 4389//7301 5014//7300 2644//7298
f 4394//7302 4396//7303 4407//7304
f 4390//7305 4399//7306 4391//7307
f 4399//7306 4390//7305 4403//7276
f 4383//7282 4398//7308 4397//7280
f 4383//7282 4400//7309 4398//7308
f 4404//7310 4399//7306 4403//7276
f 4400//7309 4419//7311 4392//7312
f 4400//7309 4405//7313 4419//7311
f 4392//7312 4393//7314 4400//7309
f 4397//7280 4408//7315 4382//7277
f 4395//7316 4409//7317 4413//7318
f 4398//7308 4408//7315 4397//7280
f 4401//7319 4395//7316 4413//7318
f 4414//7320 4407//7304 4396//7303
f 4401//7319 4413//7318 4415//7321
f 4417//7322 4401//7319 4415//7321
f 4420//7323 4417//7322 4415//7321
f 4419//7311 5045//7324 4418//7325
f 4425//7326 4421//7327 4420//7323
f 4404//7310 4403//7276 4382//7277
f 4412//7328 4406//7329 4414//7320
f 4382//7277 4399//7306 4404//7310
f 4407//7304 4414//7320 4406//7329
f 4382//7277 4391//7307 4399//7306
f 4425//7326 4420//7323 4402//7330
f 4408//7315 4402//7330 4391//7307
f 4408//7315 4425//7326 4402//7330
f 4382//7277 4408//7315 4391//7307
f 4400//7309 4393//7314 4398//7308
f 4414//7320 4426//7331 4412//7328
f 4383//7282 4405//7313 4400//7309
f 4406//7329 4395//7316 4401//7319
f 5043//7332 4396//7303 4394//7302
f 4422//7333 4395//7316 4406//7329
f 4421//7327 4417//7322 4420//7323
f 4421//7327 4423//7334 4417//7322
f 4418//7325 5043//7332 4394//7302
f 4418//7325 4394//7302 4392//7312
f 4401//7319 4423//7334 4424//7335
f 4401//7319 4417//7322 4423//7334
f 4419//7311 4418//7325 4392//7312
f 4407//7304 4406//7329 4401//7319
f 4406//7329 4412//7328 4422//7333
f 4424//7335 4407//7304 4401//7319
f 4384//7285 4419//7311 4405//7313
f 4384//7285 4405//7313 4383//7282
f 4413//7318 4409//7317 4432//7336
f 4415//7321 4413//7318 4432//7336
f 4415//7321 4432//7336 4411//7337
f 4427//7338 4415//7321 4411//7337
f 4421//7327 4425//7326 4393//7314
f 4393//7314 4423//7334 4421//7327
f 4425//7326 4398//7308 4393//7314
f 4427//7338 4411//7337 4437//7339
f 4427//7338 4402//7330 4415//7321
f 4398//7308 4425//7326 4408//7315
f 4424//7335 4423//7334 4393//7314
f 4424//7335 4393//7314 4392//7312
f 4428//7340 4427//7338 4437//7339
f 4428//7340 4437//7339 4416//7341
f 4428//7340 4402//7330 4427//7338
f 4394//7302 4424//7335 4392//7312
f 4420//7323 4415//7321 4402//7330
f 4428//7340 4391//7307 4402//7330
f 4390//7305 4428//7340 4416//7341
f 4394//7302 4407//7304 4424//7335
f 4390//7305 4391//7307 4428//7340
f 4416//7341 4430//7342 4390//7305
f 5411//7343 4430//7342 5409//7344
f 5411//7343 4403//7276 4430//7342
f 4431//7345 4432//7336 4410//7346
f 4434//7347 4433//7348 4435//7349
f 4435//7349 4433//7348 4431//7345
f 4434//7347 4411//7337 4433//7348
f 4437//7339 4434//7347 4436//7350
f 4429//7351 4436//7350 4438//7352
f 4521//7353 4429//7351 4438//7352
f 5409//7344 4429//7351 4521//7353
f 4430//7342 4416//7341 4429//7351
f 4430//7342 4429//7351 5409//7344
f 4390//7305 4430//7342 4403//7276
f 4431//7345 4433//7348 4432//7336
f 4410//7346 4432//7336 4409//7317
f 4433//7348 4411//7337 4432//7336
f 4411//7337 4434//7347 4437//7339
f 4518//7354 4436//7350 4435//7349
f 4435//7349 4436//7350 4434//7347
f 4436//7350 4416//7341 4437//7339
f 4429//7351 4416//7341 4436//7350
f 5406//7355 5409//7344 4521//7353
f 4302//7178 4441//7356 4395//7316
f 4439//7357 4444//7358 4440//7359
f 4615//7360 4443//7361 4410//7346
f 4445//7362 4444//7358 4439//7357
f 4409//7317 4615//7360 4410//7346
f 4409//7317 4446//7363 4615//7360
f 4303//7364 4412//7328 4426//7331
f 4303//7364 4444//7358 4445//7362
f 4303//7364 4442//7365 4444//7358
f 4302//7178 4395//7316 4422//7333
f 4441//7356 4446//7363 4409//7317
f 5160//7366 4303//7364 4445//7362
f 4395//7316 4441//7356 4409//7317
f 4938//7367 4303//7364 5160//7366
f 4302//7178 4422//7333 4412//7328
f 4303//7364 4302//7178 4412//7328
f 4303//7364 4426//7331 4442//7365
f 4439//7357 4447//7368 5055//7369
f 4439//7357 4440//7359 4447//7368
f 4302//7178 4296//7177 4591//7370
f 4302//7178 4591//7370 4441//7356
f 4449//7371 4459//7221 4452//7372
f 4456//7373 4340//7220 4449//7371
f 4463//7374 4456//7373 4461//7375
f 4479//7376 4268//7377 4462//7378
f 4463//7374 4464//7379 4456//7373
f 4464//7379 4337//7219 4340//7220
f 4469//7380 4474//7381 4468//7382
f 4473//7383 4466//7384 4471//7385
f 4312//7184 4337//7219 4464//7379
f 4295//7176 4312//7184 4463//7374
f 4295//7176 4463//7374 4467//7386
f 4312//7184 4322//7195 4337//7219
f 4504//7387 4476//7388 4478//7389
f 4477//7390 4266//7391 4480//7392
f 4504//7387 4497//7393 4476//7388
f 4477//7390 4265//7394 4266//7391
f 4479//7376 4481//7395 4267//7396
f 4454//7397 4504//7387 4458//7398
f 4477//7390 4482//7399 4265//7394
f 4480//7392 4267//7396 4481//7395
f 4479//7376 4267//7396 4268//7377
f 4482//7399 4485//7400 4301//7190
f 4480//7392 4266//7391 4267//7396
f 4479//7376 4465//7401 4481//7395
f 4480//7392 4481//7395 4484//7402
f 4480//7392 4484//7402 4483//7403
f 4479//7376 4462//7378 4465//7401
f 4301//7190 4264//7191 4482//7399
f 4484//7402 4481//7395 4465//7401
f 4485//7400 4482//7399 4486//7404
f 4465//7401 4462//7378 4466//7384
f 4465//7401 4466//7384 4470//7405
f 4487//7406 4485//7400 4486//7404
f 4484//7402 4489//7407 4488//7408
f 4484//7402 4465//7401 4489//7407
f 4487//7406 4298//7183 4485//7400
f 4487//7406 4490//7409 4294//7175
f 4489//7407 4508//7410 4488//7408
f 4491//7411 4492//7412 4470//7405
f 4470//7405 4466//7384 4473//7383
f 4489//7407 4492//7412 4493//7413
f 4489//7407 4493//7413 4508//7410
f 4491//7411 4494//7414 4492//7412
f 4475//7415 4494//7414 4491//7411
f 4473//7383 4491//7411 4470//7405
f 4475//7415 4499//7416 4494//7414
f 4498//7417 4496//7418 4495//7419
f 4498//7417 4495//7419 4494//7414
f 4499//7416 4475//7415 4497//7393
f 4473//7383 4471//7385 4476//7388
f 4491//7411 4473//7383 4475//7415
f 4500//7420 4499//7416 4497//7393
f 4475//7415 4473//7383 4476//7388
f 4476//7388 4471//7385 4478//7389
f 4501//7421 4286//7154 4502//7422
f 4450//7423 4500//7420 4453//7424
f 4450//7423 4499//7416 4500//7420
f 4497//7393 4475//7415 4476//7388
f 4450//7423 4453//7424 4449//7371
f 4457//7425 4500//7420 4503//7426
f 4453//7424 4456//7373 4449//7371
f 4453//7424 4500//7420 4457//7425
f 4452//7372 4455//7223 4451//7224
f 4460//7427 4457//7425 4503//7426
f 4455//7223 4452//7372 4459//7221
f 4453//7424 4457//7425 4461//7375
f 4453//7424 4461//7375 4456//7373
f 4459//7221 4449//7371 4340//7220
f 4340//7220 4456//7373 4464//7379
f 4472//7428 4461//7375 4468//7382
f 4461//7375 4472//7428 4467//7386
f 4461//7375 4467//7386 4463//7374
f 4464//7379 4463//7374 4312//7184
f 4506//7429 4505//7430 4458//7398
f 4507//7431 4472//7428 4468//7382
f 4474//7381 4469//7380 4506//7429
f 4265//7394 4482//7399 4264//7191
f 4483//7403 4477//7390 4480//7392
f 4477//7390 4483//7403 4486//7404
f 4486//7404 4482//7399 4477//7390
f 4454//7397 4460//7427 4503//7426
f 4505//7430 4460//7427 4454//7397
f 4461//7375 4457//7425 4460//7427
f 4301//7190 4485//7400 4299//7185
f 4460//7427 4468//7382 4461//7375
f 4469//7380 4468//7382 4460//7427
f 4505//7430 4506//7429 4469//7380
f 4483//7403 4490//7409 4486//7404
f 4503//7426 4500//7420 4497//7393
f 4503//7426 4497//7393 4504//7387
f 4454//7397 4503//7426 4504//7387
f 4505//7430 4469//7380 4460//7427
f 4505//7430 4454//7397 4458//7398
f 4488//7408 4483//7403 4484//7402
f 4489//7407 4465//7401 4470//7405
f 4504//7387 4478//7389 4458//7398
f 4488//7408 4490//7409 4483//7403
f 4490//7409 4487//7406 4486//7404
f 4298//7183 4299//7185 4485//7400
f 4508//7410 4509//7432 4490//7409
f 4508//7410 4490//7409 4488//7408
f 4492//7412 4489//7407 4470//7405
f 4294//7175 4298//7183 4487//7406
f 4294//7175 4490//7409 4509//7432
f 4492//7412 4495//7419 4493//7413
f 4508//7410 4493//7413 4509//7432
f 4495//7419 4492//7412 4494//7414
f 4510//7433 4509//7432 4493//7413
f 4291//7170 4294//7175 4509//7432
f 4511//7434 4493//7413 4495//7419
f 4291//7170 4509//7432 4510//7433
f 4511//7434 4510//7433 4493//7413
f 4511//7434 4502//7422 4510//7433
f 4512//7435 4511//7434 4495//7419
f 4496//7418 4512//7435 4495//7419
f 4290//7165 4291//7170 4510//7433
f 4498//7417 4494//7414 4499//7416
f 4502//7422 4290//7165 4510//7433
f 4513//7436 4496//7418 4498//7417
f 4512//7435 4502//7422 4511//7434
f 4502//7422 4512//7435 4501//7421
f 4450//7423 4498//7417 4499//7416
f 4502//7422 4286//7154 4290//7165
f 4512//7435 4496//7418 4513//7436
f 4514//7437 4513//7436 4498//7417
f 4514//7437 4498//7417 4450//7423
f 4513//7436 4451//7224 4512//7435
f 4501//7421 4448//7155 4286//7154
f 4452//7372 4513//7436 4514//7437
f 4452//7372 4451//7224 4513//7436
f 4449//7371 4514//7437 4450//7423
f 4448//7155 4512//7435 4451//7224
f 4448//7155 4501//7421 4512//7435
f 4449//7371 4452//7372 4514//7437
f 5420//7438 4436//7350 4518//7354
f 4515//7439 4410//7346 4443//7361
f 4515//7439 4431//7345 4410//7346
f 4515//7439 4516//7440 4431//7345
f 4431//7345 4516//7440 4435//7349
f 4517//7441 4435//7349 4516//7440
f 4517//7441 4518//7354 4435//7349
f 4519//7442 4436//7350 5420//7438
f 4438//7352 4436//7350 4519//7442
f 5406//7443 4521//7443 4522//7443
f 4520//7444 4521//7353 4438//7352
f 4524//7445 4525//7446 4818//7447
f 4818//7447 4525//7446 4530//7448
f 4525//7446 4523//7449 4529//7450
f 4525//7446 4529//7450 4526//7451
f 4523//7449 4532//7452 4529//7450
f 4526//7451 4269//7453 4527//7454
f 4527//7454 4269//7453 4528//7455
f 4526//7451 4529//7450 4269//7453
f 4269//7453 4533//7456 4528//7455
f 4531//7457 4478//7389 4523//7449
f 4525//7446 4534//7458 4530//7448
f 4458//7459 4535//7460 4537//7461
f 4536//7462 4531//7457 4815//7463
f 4462//7464 4532//7452 4466//7465
f 4533//7456 4269//7453 4270//7466
f 4535//7460 4531//7457 4536//7462
f 4532//7452 4269//7453 4529//7450
f 4269//7453 4532//7452 4268//7467
f 4815//7463 4525//7446 4524//7445
f 4531//7457 4523//7449 4525//7446
f 4268//7467 4532//7452 4462//7464
f 4478//7389 4531//7457 4458//7459
f 4531//7457 4525//7446 4815//7463
f 4532//7452 4471//7385 4466//7465
f 4532//7452 4523//7449 4471//7385
f 4534//7458 4525//7446 4526//7451
f 4478//7389 4471//7385 4523//7449
f 4458//7459 4531//7457 4535//7460
f 4538//7468 4458//7459 4537//7461
f 4539//7469 4458//7459 4538//7468
f 4748//7470 4539//7469 4538//7468
f 4819//7471 4539//7469 4748//7470
f 4540//7472 4539//7469 4819//7471
f 4541//7473 4540//7472 4819//7471
f 4542//7474 4540//7472 4541//7473
f 4543//7475 4542//7474 4541//7473
f 4544//7476 4542//7474 4543//7475
f 4545//7477 4544//7476 4546//7478
f 4545//7477 4542//7474 4544//7476
f 4561//7479 4547//7480 4548//7481
f 4561//7479 4546//7478 4547//7480
f 4561//7479 4545//7477 4546//7478
f 4575//7482 4550//7483 4558//7484
f 4551//7485 4570//7486 4553//7487
f 4555//7488 4552//7489 4557//7490
f 4573//7491 4560//7492 4561//7479
f 4563//7493 4562//7494 4560//7492
f 4563//7493 4578//7495 4562//7494
f 4562//7494 4578//7495 4568//7496
f 4564//7497 4549//7498 4569//7499
f 4566//7500 4558//7484 4550//7483
f 4549//7498 4553//7487 4565//7501
f 4558//7484 4556//7502 4567//7503
f 4570//7486 4565//7501 4553//7487
f 4564//7497 4568//7496 4578//7495
f 4568//7496 4564//7497 4569//7499
f 4723//7504 4551//7485 4278//7505
f 4573//7491 4561//7479 4572//7506
f 4570//7486 4551//7485 4723//7504
f 4566//7500 4571//7507 4558//7484
f 4569//7499 4565//7501 4570//7486
f 4552//7489 4555//7488 4549//7498
f 4576//7508 4563//7493 4560//7492
f 4558//7484 4571//7507 4552//7489
f 4558//7484 4567//7503 4575//7482
f 4553//7487 4549//7498 4555//7488
f 4571//7507 4557//7490 4552//7489
f 4552//7489 4549//7498 4564//7497
f 4571//7507 4577//7509 4557//7490
f 4559//7510 4557//7490 4577//7509
f 4579//7511 4563//7493 4576//7508
f 4548//7481 4572//7506 4561//7479
f 4574//7512 4576//7512 4573//7512
f 4573//7491 4576//7508 4560//7492
f 4563//7493 4554//7513 4578//7495
f 4578//7495 4558//7484 4564//7497
f 4554//7513 4558//7484 4578//7495
f 4565//7501 4569//7499 4549//7498
f 4556//7502 4558//7484 4554//7513
f 4564//7497 4558//7484 4552//7489
f 4579//7511 4554//7513 4563//7493
f 4277//7514 4278//7505 4551//7485
f 4553//7487 4276//7515 4277//7514
f 4555//7488 4276//7515 4553//7487
f 4580//7516 4581//7517 4274//7518
f 4581//7517 4273//7519 4274//7518
f 4580//7516 4274//7518 4557//7490
f 4557//7490 4274//7518 4555//7488
f 4580//7516 4557//7490 4559//7510
f 4277//7514 4551//7485 4553//7487
f 4274//7518 4276//7515 4555//7488
f 4584//7520 4626//7521 4539//7522
f 4585//7523 4586//7524 4621//7525
f 4589//7526 4584//7520 4539//7522
f 4591//7370 4296//7177 4586//7524
f 4589//7526 4587//7527 4584//7520
f 4589//7526 4539//7522 4540//7528
f 4586//7524 4585//7523 4593//7529
f 4594//7530 4589//7526 4540//7528
f 4594//7530 4590//7531 4589//7526
f 4594//7530 4595//7532 4590//7531
f 4594//7530 4540//7528 4542//7533
f 4595//7532 4594//7530 4542//7533
f 4599//7534 4600//7535 4595//7532
f 4602//7536 4603//7537 4606//7538
f 4604//7539 4599//7534 4542//7540
f 4607//7541 4602//7536 4610//7542
f 4612//7543 4605//7544 4607//7541
f 4612//7543 4611//7545 4605//7544
f 4610//7542 4612//7543 4607//7541
f 4612//7543 4614//7546 4611//7545
f 4615//7360 4611//7545 4614//7546
f 4617//7547 4614//7546 4612//7543
f 4616//7548 4617//7547 4612//7543
f 4617//7547 4618//7549 4614//7546
f 4615//7360 4614//7546 4619//7550
f 4619//7550 4443//7361 4615//7360
f 4506//7429 4458//7398 4539//7522
f 4621//7525 4295//7176 4467//7386
f 4624//7551 4507//7431 4474//7381
f 4622//7552 4506//7429 4539//7522
f 4583//7553 4507//7431 4624//7551
f 4582//7554 4507//7431 4583//7553
f 4623//7555 4507//7431 4582//7554
f 4582//7554 4583//7553 4592//7556
f 4622//7552 4626//7521 4627//7557
f 4584//7520 4627//7557 4626//7521
f 4627//7557 4587//7527 4583//7553
f 4582//7554 4592//7556 4598//7558
f 4582//7554 4598//7558 4601//7559
f 4584//7520 4587//7527 4627//7557
f 4589//7526 4590//7531 4587//7527
f 4441//7356 4591//7370 4596//7560
f 4598//7558 4602//7536 4605//7544
f 4588//7561 4590//7531 4635//7562
f 4601//7559 4605//7544 4628//7563
f 4601//7559 4598//7558 4605//7544
f 4599//7534 4595//7564 4542//7540
f 4606//7538 4604//7539 4609//7565
f 4608//7566 4604//7539 4542//7540
f 4606//7538 4610//7542 4602//7536
f 4606//7538 4609//7565 4610//7542
f 4608//7566 4542//7540 4545//7567
f 4630//7568 4613//7569 4610//7542
f 4631//7570 4632//7571 4630//7568
f 4472//7428 4621//7525 4467//7386
f 4613//7569 4616//7548 4612//7543
f 4623//7555 4621//7525 4472//7428
f 4296//7177 4295//7176 4621//7525
f 4632//7571 4633//7572 4616//7548
f 4631//7570 4545//7567 4561//7573
f 4627//7557 4625//7574 4622//7552
f 4616//7548 4633//7572 4620//7575
f 4616//7548 4620//7575 4617//7547
f 4625//7574 4583//7553 4624//7551
f 4583//7553 4625//7574 4627//7557
f 4624//7551 4474//7381 4625//7574
f 4585//7523 4621//7525 4623//7555
f 4622//7552 4625//7574 4506//7429
f 4599//7534 4604//7539 4600//7535
f 4608//7566 4609//7565 4604//7539
f 4585//7523 4623//7555 4582//7554
f 4609//7565 4630//7568 4610//7542
f 4609//7565 4608//7566 4630//7568
f 4608//7566 4545//7567 4630//7568
f 4612//7543 4610//7542 4613//7569
f 4631//7570 4630//7568 4545//7567
f 4634//7576 4633//7572 4632//7571
f 4586//7524 4296//7177 4621//7525
f 4634//7576 4632//7571 4631//7570
f 4588//7561 4583//7553 4587//7527
f 4634//7576 4631//7570 4561//7573
f 4588//7561 4592//7556 4583//7553
f 4474//7381 4506//7429 4625//7574
f 4613//7569 4630//7568 4632//7571
f 4616//7548 4613//7569 4632//7571
f 4588//7561 4587//7527 4590//7531
f 4593//7529 4585//7523 4582//7554
f 4635//7562 4592//7556 4588//7561
f 4586//7524 4596//7560 4591//7370
f 4586//7524 4593//7529 4596//7560
f 4597//7577 4598//7558 4592//7556
f 4597//7577 4592//7556 4635//7562
f 4595//7532 4635//7562 4590//7531
f 4597//7577 4635//7562 4595//7532
f 4593//7529 4582//7554 4601//7559
f 4595//7532 4600//7535 4603//7537
f 4597//7577 4595//7532 4603//7537
f 4628//7563 4596//7560 4593//7529
f 4628//7563 4593//7529 4601//7559
f 4628//7563 4441//7356 4596//7560
f 4603//7537 4598//7558 4597//7577
f 4603//7537 4602//7536 4598//7558
f 4606//7538 4603//7537 4600//7535
f 4446//7363 4441//7356 4628//7563
f 4600//7535 4604//7539 4606//7538
f 4446//7363 4628//7563 4629//7578
f 4605//7544 4602//7536 4607//7541
f 4629//7578 4628//7563 4605//7544
f 4611//7545 4629//7578 4605//7544
f 4611//7545 4446//7363 4629//7578
f 4611//7545 4615//7360 4446//7363
f 4619//7550 4614//7546 4618//7549
f 4474//7381 4507//7431 4468//7382
f 4623//7555 4472//7428 4507//7431
f 4626//7521 4622//7552 4539//7522
f 4644//7579 4736//7580 4639//7581
f 4636//7582 2595//7583 2597//7267
f 4636//7582 4735//7584 2595//7583
f 4638//7585 4731//7586 4652//7587
f 4638//7585 4642//7588 4731//7586
f 4648//7589 4736//7580 4642//7588
f 4646//7590 2583//7591 2586//7592
f 4651//7593 4647//7594 4646//7590
f 4636//7582 2597//7267 4378//7266
f 4737//7595 4657//7596 4717//7597
f 4651//7593 4645//7598 4647//7594
f 4648//7589 4639//7581 4736//7580
f 4378//7266 4652//7587 4636//7582
f 4651//7593 4646//7590 2586//7592
f 4638//7585 4655//7599 4642//7588
f 4657//7596 4644//7579 4656//7600
f 4657//7596 4737//7595 4644//7579
f 4378//7266 4637//7262 4652//7587
f 4640//7601 4659//7602 4641//7603
f 4661//7604 4640//7601 4649//7605
f 4648//7589 4642//7588 4655//7599
f 4655//7599 4638//7585 4662//7606
f 4661//7604 4649//7605 4660//7607
f 4648//7589 4655//7599 4662//7606
f 4663//7608 4651//7593 2586//7592
f 4377//7264 4638//7585 4637//7262
f 4656//7600 4644//7579 4639//7581
f 4377//7264 4662//7606 4638//7585
f 4661//7604 4658//7609 4640//7601
f 4656//7600 4639//7581 4664//7610
f 4648//7589 4662//7606 4668//7611
f 4657//7596 4674//7612 4650//7613
f 4665//7614 4569//7499 4650//7613
f 4662//7606 4377//7264 4379//7268
f 4663//7608 2586//7592 2587//7615
f 4668//7611 4639//7581 4648//7589
f 4656//7600 4674//7612 4657//7596
f 4643//7616 4570//7486 4723//7504
f 4656//7600 4669//7617 4674//7612
f 4658//7609 4659//7602 4640//7601
f 4665//7614 4650//7613 4674//7612
f 4379//7268 4668//7611 4662//7606
f 4665//7614 4568//7618 4569//7499
f 4668//7611 4379//7268 4670//7619
f 4675//7620 4658//7609 4661//7604
f 4665//7614 4674//7612 4568//7618
f 4668//7611 4670//7619 5424//7621
f 4673//7622 4570//7486 4643//7616
f 4672//7623 4677//7624 4671//7625
f 4675//7620 4660//7607 4676//7626
f 4675//7620 4661//7604 4660//7607
f 4656//7600 4664//7610 4677//7624
f 4664//7610 4639//7581 4671//7625
f 4678//7627 4668//7611 5424//7621
f 4678//7627 4671//7625 4668//7611
f 4568//7618 4674//7612 4679//7628
f 4678//7627 4672//7623 4671//7625
f 4672//7623 4680//7629 4677//7624
f 4681//7630 4674//7612 4669//7617
f 4679//7628 4562//7631 4568//7618
f 4683//7632 4723//7504 4278//7505
f 4682//7633 4674//7612 4681//7630
f 4671//7625 4639//7581 4668//7611
f 4677//7624 4664//7610 4671//7625
f 4669//7617 4656//7600 4677//7624
f 4659//7602 4673//7622 4643//7616
f 4672//7623 4685//7634 4680//7629
f 4681//7630 4687//7635 4682//7633
f 4681//7630 4692//7636 4687//7635
f 4679//7628 4560//7637 4562//7631
f 4666//7638 4689//7639 4667//7640
f 4688//7641 4560//7637 4679//7628
f 4687//7635 4679//7628 4682//7633
f 4681//7630 4669//7617 4677//7624
f 4680//7629 4690//7642 4691//7643
f 4647//7594 4645//7598 4695//7644
f 4672//7623 4678//7627 4684//7645
f 4693//7646 4681//7630 4677//7624
f 4693//7646 4677//7624 4680//7629
f 4672//7623 4684//7645 4685//7634
f 4687//7635 4694//7647 4697//7648
f 4687//7635 4697//7648 4696//7649
f 4704//7650 4675//7620 4676//7626
f 4703//7651 4561//7573 4560//7637
f 4703//7651 4560//7637 4688//7641
f 4675//7620 4704//7650 4658//7609
f 4693//7646 4692//7636 4681//7630
f 4698//7652 4696//7649 4697//7648
f 4680//7629 4685//7634 5422//7653
f 4703//7651 4688//7641 4698//7652
f 4699//7654 4712//7655 4709//7656
f 4680//7629 5422//7653 4690//7642
f 4702//7657 4689//7639 4666//7638
f 4680//7629 4691//7643 4693//7646
f 4701//7658 4659//7602 4658//7609
f 4692//7636 4693//7646 4691//7643
f 4705//7659 4698//7652 4697//7648
f 4694//7647 4687//7635 4692//7636
f 4701//7658 4658//7609 4704//7650
f 4691//7643 4690//7642 5421//7660
f 4705//7659 4708//7661 4703//7651
f 4692//7636 4709//7656 4694//7647
f 4704//7650 4676//7626 4710//7662
f 4701//7658 4704//7650 4711//7663
f 4709//7656 4692//7636 4691//7643
f 4713//7664 4705//7659 4697//7648
f 4691//7643 5421//7660 4517//7441
f 4713//7664 4697//7648 4707//7665
f 4714//7666 4707//7665 4712//7655
f 4713//7664 4714//7666 4617//7547
f 4709//7656 4712//7655 4694//7647
f 4697//7648 4694//7647 4712//7655
f 4714//7666 4715//7667 4619//7550
f 4699//7654 4709//7656 4691//7643
f 4700//7668 4699//7654 4691//7643
f 4714//7666 4619//7550 4618//7549
f 4654//7669 4727//7670 4645//7598
f 4700//7668 4691//7643 4517//7441
f 4654//7669 4645//7598 4716//7671
f 4674//7612 4682//7633 4679//7628
f 4696//7649 4688//7641 4679//7628
f 4696//7649 4679//7628 4687//7635
f 4698//7652 4688//7641 4696//7649
f 4702//7657 4706//7672 4689//7639
f 4698//7652 4705//7659 4703//7651
f 4712//7655 4707//7665 4697//7648
f 4708//7661 4561//7573 4703//7651
f 4705//7659 4713//7664 4620//7575
f 4714//7666 4713//7664 4707//7665
f 4699//7654 4700//7668 4515//7439
f 4715//7667 4712//7655 4699//7654
f 4717//7597 4570//7486 4673//7622
f 4715//7667 4699//7654 4515//7439
f 4715//7667 4714//7666 4712//7655
f 4710//7662 4711//7663 4704//7650
f 4718//7673 4706//7672 4702//7657
f 4617//7547 4620//7575 4713//7664
f 4719//7674 4701//7658 4711//7663
f 4714//7666 4618//7549 4617//7547
f 4619//7550 4715//7667 4443//7361
f 4701//7658 4724//7675 4659//7602
f 4686//7676 4723//7504 4683//7632
f 4726//7677 4686//7676 4720//7678
f 4728//7679 4720//7678 4722//7680
f 4722//7680 4727//7670 4654//7669
f 4726//7677 4641//7603 4686//7676
f 4728//7679 4722//7680 4654//7669
f 4728//7679 4726//7677 4720//7678
f 4641//7603 4723//7504 4686//7676
f 4641//7603 4726//7677 4640//7601
f 4719//7674 4724//7675 4701//7658
f 4725//7681 4729//7682 4706//7672
f 4718//7673 4725//7681 4706//7672
f 4728//7679 4649//7605 4726//7677
f 4641//7603 4643//7616 4723//7504
f 4653//7683 4649//7605 4728//7679
f 4653//7683 4728//7679 4654//7669
f 4716//7671 4653//7683 4654//7669
f 4663//7608 4645//7598 4651//7593
f 4724//7675 4717//7597 4673//7622
f 4659//7602 4643//7616 4641//7603
f 4663//7608 4716//7671 4645//7598
f 4711//7663 4710//7662 4721//7684
f 4716//7671 4667//7640 4653//7683
f 4716//7671 4666//7638 4667//7640
f 4653//7683 4660//7607 4649//7605
f 4663//7608 4666//7638 4716//7671
f 4667//7640 4660//7607 4653//7683
f 4730//7685 4666//7638 4663//7608
f 4730//7685 4663//7608 2587//7615
f 4711//7663 4721//7684 4731//7586
f 4660//7607 4667//7640 4689//7639
f 4733//7686 4666//7638 4730//7685
f 4660//7607 4689//7639 4706//7672
f 4730//7685 2587//7615 2588//7687
f 4734//7688 4729//7682 4725//7681
f 4733//7686 4730//7685 2588//7687
f 4735//7584 4725//7681 4718//7673
f 4706//7672 4676//7626 4660//7607
f 4732//7689 4719//7674 4711//7663
f 4733//7686 4702//7657 4666//7638
f 4732//7689 4711//7663 4731//7586
f 4706//7672 4729//7682 4676//7626
f 4735//7584 4734//7688 4725//7681
f 4724//7675 4673//7622 4659//7602
f 4729//7682 4710//7662 4676//7626
f 4702//7657 4733//7686 2588//7687
f 4736//7580 4719//7674 4732//7689
f 4732//7689 4731//7586 4642//7588
f 4702//7657 2588//7687 2592//7690
f 4636//7582 4734//7688 4735//7584
f 4737//7595 4719//7674 4736//7580
f 4729//7682 4721//7684 4710//7662
f 4718//7673 4702//7657 2592//7690
f 4636//7582 4652//7587 4734//7688
f 4721//7684 4729//7682 4734//7688
f 4708//7661 4634//7576 4561//7573
f 4705//7659 4634//7576 4708//7661
f 4735//7584 4718//7673 2592//7690
f 4705//7659 4633//7572 4634//7576
f 4620//7575 4633//7572 4705//7659
f 4735//7584 2592//7690 2595//7583
f 4443//7361 4715//7667 4515//7439
f 4642//7588 4736//7580 4732//7689
f 4717//7597 4569//7499 4570//7486
f 4737//7595 4724//7675 4719//7674
f 4737//7595 4717//7597 4724//7675
f 4644//7579 4737//7595 4736//7580
f 4731//7586 4734//7688 4652//7587
f 4731//7586 4721//7684 4734//7688
f 4650//7613 4569//7499 4717//7597
f 4637//7262 4638//7585 4652//7587
f 4657//7596 4650//7613 4717//7597
f 4649//7605 4640//7601 4726//7677
f 4645//7598 4727//7670 4695//7644
f 4739//7691 4683//7632 4278//7505
f 4646//7590 4738//7692 2583//7591
f 2583//7591 4738//7692 2580//7693
f 4647//7594 4738//7692 4646//7590
f 4647//7594 4740//7694 4738//7692
f 4695//7644 4740//7694 4647//7594
f 4695//7644 4742//7695 4740//7694
f 4727//7670 4742//7695 4695//7644
f 2580//7693 4738//7692 4271//7696
f 4722//7680 4744//7697 4727//7670
f 4727//7670 4744//7697 4742//7695
f 4738//7692 4740//7694 4271//7696
f 4720//7678 4745//7698 4722//7680
f 4722//7680 4745//7698 4744//7697
f 4271//7696 4740//7694 4275//7699
f 4740//7694 4742//7695 4275//7699
f 4720//7678 4743//7700 4745//7698
f 4686//7676 4741//7701 4720//7678
f 4720//7678 4741//7701 4743//7700
f 4744//7697 4275//7699 4742//7695
f 4683//7632 4741//7701 4686//7676
f 4744//7697 4745//7698 4275//7699
f 4683//7632 4739//7691 4741//7701
f 4741//7701 4272//7702 4743//7700
f 4741//7701 4739//7691 4272//7702
f 4356//7246 4746//7703 4538//7244
f 4356//7246 4747//7704 4746//7703
f 4747//7704 4748//7705 4746//7703
f 4747//7704 4802//7706 4748//7705
f 4802//7706 4819//7707 4748//7705
f 4802//7706 4749//7708 4819//7707
f 4749//7708 4541//7709 4819//7707
f 4749//7708 4750//7710 4541//7709
f 4750//7710 4543//7711 4541//7709
f 4750//7710 4790//7712 4543//7711
f 4790//7712 4751//7713 4543//7711
f 4752//7714 4753//7715 4751//7713
f 4751//7713 4753//7715 4543//7711
f 4366//7256 4365//7255 4752//7714
f 4752//7714 4365//7255 4753//7715
f 4767//7716 4279//7717 3989//7718
f 3937//7719 4767//7716 3989//7718
f 4754//7720 4767//7716 3937//7719
f 4755//7721 4754//7720 3937//7719
f 3939//7722 4755//7721 3937//7719
f 3941//7723 4756//7724 3939//7725
f 4761//7726 3943//7727 4760//7728
f 4754//7729 4766//7730 4767//7731
f 4764//7732 4766//7730 4754//7729
f 4761//7726 4765//7733 3943//7727
f 3943//7727 4765//7733 3941//7723
f 4766//7730 4279//7734 4767//7731
f 4768//7735 4757//7736 3955//7737
f 4757//7736 4758//7738 3955//7737
f 4758//7738 3952//7739 3955//7737
f 3952//7739 4758//7738 4769//7740
f 4765//7733 4762//7741 3941//7723
f 4761//7726 4762//7741 4765//7733
f 4769//7740 4759//7742 3947//7743
f 4762//7741 4756//7724 3941//7723
f 3947//7743 4760//7728 3943//7727
f 4756//7724 4763//7744 3939//7725
f 4763//7744 4755//7721 3939//7725
f 4757//7736 4768//7735 3961//7745
f 4759//7742 4769//7740 4758//7738
f 4755//7746 4764//7732 4754//7729
f 4760//7728 3947//7743 4759//7742
f 4786//7747 3940//7748 3936//7749
f 4770//7750 3940//7748 4786//7747
f 4771//7751 3940//7748 4770//7750
f 4772//7752 4771//7751 4770//7753
f 4774//7754 3940//7748 4771//7751
f 4355//7755 4773//7756 4807//7757
f 4351//7758 4776//7759 4775//7760
f 4351//7758 3953//7761 3949//7762
f 4778//7763 3956//7764 3953//7761
f 3956//7764 4781//7765 3958//7766
f 3987//7767 4348//7768 3990//7769
f 4779//7770 4348//7768 3987//7767
f 4344//7771 4784//7772 4783//7773
f 4360//7774 4784//7772 4344//7771
f 4360//7774 4785//7775 4784//7772
f 4358//7776 4785//7775 4360//7774
f 4358//7776 4786//7747 4785//7775
f 4770//7750 4786//7747 4358//7776
f 4351//7777 4787//7777 4354//7777
f 4354//7778 4771//7751 4772//7752
f 4354//7778 4774//7754 4771//7751
f 4354//7778 4775//7760 4774//7754
f 3960//6562 4346//7779 4017//6563
f 4782//7780 4346//7779 3960//6562
f 4787//7781 4775//7760 4354//7778
f 4351//7758 4775//7760 4787//7781
f 4355//7782 4807//7783 4356//7784
f 4351//7758 3949//7762 4776//7759
f 4344//7771 4783//7773 4348//7768
f 3953//7761 4351//7758 4778//7763
f 4781//7765 3956//7764 4778//7763
f 4346//7779 4782//7780 3958//7766
f 4355//7755 4777//7785 4773//7756
f 4355//7755 4780//7786 4777//7785
f 4780//7786 3987//7767 4777//7785
f 4779//7770 3987//7767 4780//7786
f 4783//7773 3990//7769 4348//7768
f 4783//7773 3991//7787 3990//7769
f 4784//7788 3991//7787 4783//7773
f 4781//7765 4778//7789 4349//7790
f 4785//7791 3991//7787 4784//7788
f 4785//7791 3935//7792 3991//7787
f 4785//7791 3936//7749 3935//7792
f 4786//7747 3936//7749 4785//7791
f 4346//7779 4781//7765 4349//7790
f 4781//7765 4346//7779 3958//7766
f 4788//7793 4789//7794 3959//7795
f 4792//7796 4791//7797 4790//7798
f 4752//7799 4805//7800 4366//7256
f 4751//7801 4793//7802 4752//7803
f 4793//7802 4751//7801 4794//7804
f 4790//7805 4789//7794 4751//7801
f 4751//7801 4789//7794 4788//7793
f 4750//7806 4792//7807 4790//7798
f 4749//7808 4796//7809 4795//7810
f 4749//7808 4795//7810 4750//7811
f 4749//7808 4798//7812 4796//7809
f 4798//7812 4799//7813 4797//7814
f 4802//7815 4799//7813 4749//7808
f 4799//7813 4802//7815 3971//7816
f 4747//7817 4800//7818 4802//7815
f 4802//7815 4800//7818 4803//7819
f 3971//7816 4797//7814 4799//7813
f 4747//7817 4801//7820 4800//7818
f 4806//7821 4356//7784 3982//7822
f 4747//7817 4356//7784 4806//7821
f 4802//7815 4803//7819 3971//7816
f 3950//7823 4804//7823 3957//7823
f 4801//7820 3975//7824 4800//7818
f 4747//7817 4806//7821 4801//7820
f 4793//7802 4794//7804 3957//7825
f 3957//7825 4788//7793 3959//7795
f 4356//7784 4807//7783 3982//7822
f 3982//7826 4807//7757 4773//7756
f 4808//7827 4366//7256 4805//7800
f 3959//7828 4791//7797 3963//7829
f 4792//7796 3963//7829 4791//7797
f 3966//6484 4750//7830 4795//7831
f 4796//7809 4798//7812 4797//7814
f 4795//7831 4796//7809 3966//6484
f 3966//6484 4797//7814 3971//6485
f 4796//7809 4797//7814 3966//6484
f 4799//7813 4798//7812 4749//7808
f 3971//7816 4803//7819 3975//7824
f 4800//7818 3975//7824 4803//7819
f 3975//7824 4801//7820 3982//7822
f 4801//7820 4806//7821 3982//7822
f 4804//7832 4808//7832 4805//7832
f 4751//7801 4788//7793 4794//7804
f 4794//7804 4788//7793 3957//7825
f 4808//7827 4370//7259 4366//7256
f 4808//7833 4809//7834 4370//7835
f 3950//7836 4809//7834 4808//7833
f 4370//7837 4810//7837 4371//7837
f 4809//7838 3942//7838 4810//7838
f 4811//7839 4812//7840 4352//7841
f 4534//7842 4812//7840 4811//7839
f 4526//7843 4812//7843 4534//7843
f 4812//7840 4350//7844 4352//7841
f 4812//7840 4526//7845 4350//7844
f 4350//7846 4813//7847 4347//7848
f 4526//7845 4527//7849 4350//7844
f 4350//7844 4527//7849 4813//7850
f 4814//7851 4533//7852 4345//7853
f 4537//7854 4343//7855 4353//7856
f 4537//7854 4535//7857 4343//7855
f 4816//7858 4359//7859 4361//7860
f 4345//7853 4533//7852 4270//7861
f 4357//7862 4359//7859 4818//7863
f 4535//7857 4536//7864 4343//7855
f 4343//7855 4536//7864 4817//7865
f 4347//7848 4813//7847 4814//7851
f 4813//7850 4528//7866 4814//7851
f 4814//7851 4345//7853 4347//7848
f 4817//7865 4815//7867 4361//7860
f 4815//7867 4816//7858 4361//7860
f 4528//7866 4813//7850 4527//7849
f 4815//7868 4524//7869 4816//7870
f 4533//7852 4814//7851 4528//7866
f 4816//7858 4818//7863 4359//7859
f 4524//7869 4818//7871 4816//7870
f 4815//7867 4817//7865 4536//7864
f 4818//7863 4530//7872 4357//7862
f 4530//7872 4534//7842 4357//7862
f 4357//7862 4534//7842 4811//7839
f 4353//7856 4538//7873 4537//7854
f 4538//7244 4746//7703 4748//7705
f 4753//7715 4544//7476 4543//7475
f 4546//7478 4820//7874 4547//7480
f 4365//7255 4820//7875 4753//7715
f 4820//7875 4546//7876 4753//7715
f 4546//7876 4544//7476 4753//7715
f 4547//7480 4820//7874 4821//7877
s 0
f 4821//7877 4820//7878 4548//7105
f 4365//7105 4822//7879 4820//7880
s 1
f 4822//7879 4367//7881 4820//7875
f 4573//7882 4825//7883 4574//7884
f 4364//7885 4571//7886 4566//7887
f 4364//7885 4826//7888 4571//7886
f 4825//7883 4827//7889 4576//7890
f 4368//7891 4826//7888 4364//7885
f 4826//7888 4577//7892 4571//7886
f 4372//7893 4554//7894 4579//7895
f 4372//7893 4823//7896 4554//7894
f 4368//7891 4828//7897 4577//7892
f 4577//7892 4828//7897 4559//7898
f 4554//7894 4823//7896 4556//7899
f 4548//7481 4820//7874 4572//7506
f 4572//7900 4820//7901 4367//7881
f 4823//7896 4829//7902 4556//7899
f 4369//7903 4572//7900 4367//7881
f 4369//7903 4573//7882 4572//7900
f 4825//7883 4573//7882 4369//7903
f 4829//7902 4373//7904 4556//7899
f 4556//7899 4373//7904 4567//7905
f 4574//7884 4825//7883 4576//7890
f 4824//7906 4374//7907 4567//7905
f 4827//7889 4372//7893 4579//7895
f 4567//7905 4374//7907 4575//7908
f 4559//7898 4828//7897 4832//7909
f 4832//7909 4828//7897 4830//7910
f 4374//7907 4375//7911 4575//7908
f 4375//7911 4376//7912 4575//7908
f 4575//7908 4376//7912 4550//7913
f 4576//7890 4827//7889 4579//7895
f 4376//7912 4362//7914 4550//7913
f 4362//7914 4363//7915 4550//7913
f 4550//7913 4363//7915 4566//7887
f 4364//7885 4566//7887 4363//7915
f 4368//7891 4577//7892 4826//7888
f 4373//7904 4824//7906 4567//7905
f 4581//7916 4580//7917 4831//7918
f 4831//7918 4273//7919 4581//7916
f 4580//7917 4832//7909 4830//7910
f 4559//7898 4832//7909 4580//7917
f 4580//7917 4830//7910 4831//7920
f 4834//7921 4835//7922 4836//7923
f 4852//7924 4834//7921 4833//7925
f 4833//7925 4834//7921 4848//7926
f 4852//7924 4855//7927 4834//7921
f 4847//7928 4838//7929 4885//7930
f 4834//7921 4855//7927 4835//7922
f 4839//7931 4844//7218 4840//7216
f 4846//7932 4974//7933 4882//7934
f 4835//7922 4841//7935 4836//7923
f 4882//7934 4974//7933 4843//7936
f 4858//7937 4855//7927 4852//7924
f 4835//7922 4855//7927 4857//7938
f 4838//7929 4859//7939 4885//7930
f 4858//7937 4860//7940 4855//7927
f 4854//7941 4839//7931 4842//7942
f 4855//7927 4860//7940 4857//7938
f 4835//7922 4857//7938 4841//7935
f 4841//7935 4857//7938 4862//7943
f 4850//7944 4861//7945 4847//7928
f 4857//7938 4860//7940 4863//7946
f 4864//7947 4860//7940 4858//7937
f 4856//7948 4865//7949 4833//7925
f 4861//7945 4838//7929 4847//7928
f 4862//7943 4857//7938 4847//7928
f 4847//7928 4857//7938 4863//7946
f 4841//7935 4854//7941 4842//7942
f 4860//7940 4867//7950 4863//7946
f 4865//7949 4867//7950 4864//7947
f 4868//7951 4867//7950 4865//7949
f 4864//7947 4867//7950 4860//7940
f 4854//7941 4884//7952 4839//7931
f 4837//7953 4870//7954 4850//7944
f 4853//7955 4870//7954 4837//7953
f 4844//7218 4869//7956 4845//7168
f 4833//7925 4865//7949 4852//7924
f 4865//7949 4858//7937 4852//7924
f 4870//7954 4861//7945 4850//7944
f 4304//7197 4306//7194 4305//7193
f 4839//7931 4874//7957 4844//7218
f 4303//7364 4304//7197 4302//7178
f 4859//7939 4871//7958 4866//7959
f 4861//7945 4872//7960 4838//7929
f 4845//7168 4869//7956 4260//7169
f 4306//7194 4311//7203 4310//7192
f 4884//7952 4874//7957 4839//7931
f 4838//7929 4873//7961 4859//7939
f 4872//7960 4873//7961 4838//7929
f 4866//7959 4875//7962 4880//7963
f 4871//7958 4875//7962 4866//7959
f 4874//7957 4876//7964 4844//7218
f 4257//7965 4875//7962 4253//7966
f 4880//7963 4875//7962 4257//7965
f 4873//7961 4871//7958 4859//7939
f 4851//7967 4877//7968 4849//7969
f 4871//7958 4878//7970 4875//7962
f 4311//7203 4316//7202 4314//7201
f 4875//7962 4878//7970 4253//7966
f 4303//7364 4936//7971 4304//7197
f 4938//7367 4936//7971 4303//7364
f 4880//7963 4257//7965 4259//7972
f 4876//7964 4869//7956 4844//7218
f 4879//7973 4880//7963 4259//7972
f 4876//7964 4880//7963 4879//7973
f 4865//7949 4864//7947 4858//7937
f 4877//7968 4882//7934 4849//7969
f 4849//7969 4882//7934 4856//7948
f 4304//7197 4936//7971 4851//7967
f 4876//7964 4881//7974 4880//7963
f 4869//7956 4879//7973 4260//7169
f 4260//7169 4879//7973 4259//7972
f 4881//7974 4866//7959 4880//7963
f 4304//7197 4851//7967 4306//7194
f 4881//7974 4874//7957 4883//7975
f 4876//7964 4874//7957 4881//7974
f 4883//7975 4866//7959 4881//7974
f 4851//7967 4849//7969 4306//7194
f 4856//7948 4882//7934 4865//7949
f 4883//7975 4874//7957 4884//7952
f 4883//7975 4859//7939 4866//7959
f 4876//7964 4879//7973 4869//7956
f 4882//7934 4868//7951 4865//7949
f 4324//7204 4836//7923 4327//7208
f 4306//7194 4849//7969 4311//7203
f 4849//7969 4856//7948 4311//7203
f 4836//7923 4842//7942 4327//7208
f 4884//7952 4862//7943 4883//7975
f 4862//7943 4885//7930 4883//7975
f 4883//7975 4885//7930 4859//7939
f 4327//7208 4842//7942 4332//7215
f 4856//7948 4833//7925 4311//7203
f 4311//7203 4833//7925 4316//7202
f 4936//7971 4886//7976 4851//7967
f 4884//7952 4854//7941 4862//7943
f 4842//7942 4840//7216 4332//7215
f 4833//7925 4848//7926 4316//7202
f 4862//7943 4847//7928 4885//7930
f 4316//7202 4848//7926 4324//7204
f 4848//7926 4836//7923 4324//7204
f 4851//7967 4928//7977 4877//7968
f 4886//7976 4928//7977 4851//7967
f 4867//7950 4837//7953 4863//7946
f 4882//7934 4843//7936 4868//7951
f 4837//7953 4850//7944 4863//7946
f 4928//7977 4979//7978 4877//7968
f 4863//7946 4850//7944 4847//7928
f 4862//7943 4854//7941 4841//7935
f 4848//7926 4834//7921 4836//7923
f 4843//7936 4853//7955 4868//7951
f 4842//7942 4839//7931 4840//7216
f 4877//7968 4979//7978 4882//7934
f 4853//7955 4837//7953 4868//7951
f 4836//7923 4841//7935 4842//7942
f 4868//7951 4837//7953 4867//7950
f 4979//7978 4846//7932 4882//7934
f 4887//7979 5330//7980 5379//7981
f 5379//7981 5330//7980 4888//7982
f 5319//7983 4889//7984 4890//7985
f 4890//7985 4889//7984 4892//7986
f 4891//7987 5317//7988 4888//7989
f 4888//7989 5317//7988 5382//7990
f 5317//7988 3134//5318 5382//7990
f 5382//7990 3134//5318 4258//7991
f 4889//7984 5323//7992 4892//7986
f 5317//7988 3132//5316 3134//5318
f 4892//7986 4893//7993 4894//7994
f 5323//7992 4893//7993 4892//7986
f 4893//7993 4895//7995 4894//7994
f 4894//7994 4895//7995 4896//7996
f 4895//7995 4897//7997 4896//7996
f 4896//7996 4897//7997 5383//7998
f 5383//7998 4898//7999 4899//8000
f 4897//7997 4898//7999 5383//7998
f 4899//8000 4900//8001 5375//8002
f 4898//7999 4900//8001 4899//8000
f 4900//8001 5376//8003 5375//8002
f 4900//8001 4901//8004 5376//8003
f 4901//8004 4902//8005 5376//8003
f 4901//8004 4903//8006 4902//8005
f 4903//8006 5378//8007 4902//8005
f 4903//8006 5324//8008 5378//8007
f 5324//8008 5326//8009 5378//8007
f 5326//8009 5327//8010 5378//8007
f 5378//8007 5327//8010 5379//7981
f 5327//8010 4887//7979 5379//7981
f 3102//5299 5404//8011 4245//8012
f 3102//5299 4904//8013 5404//8011
f 3118//5296 4904//8013 3102//5299
f 3118//5296 5367//8014 4904//8013
f 4926//8015 5356//8016 4905//8017
f 4904//8013 4906//8018 4907//8019
f 5367//8014 4906//8018 4904//8013
f 4905//8017 5356//8016 4908//8020
f 4906//8018 5355//8021 4907//8019
f 5355//8021 4909//8022 4907//8019
f 4908//8020 4910//8023 4911//8024
f 5356//8016 4910//8023 4908//8020
f 5355//8021 5357//8025 4909//8022
f 5357//8025 5394//8026 4909//8022
f 5357//8025 4912//8027 5394//8026
f 4912//8027 5393//8028 5394//8026
f 4912//8027 5352//8029 5393//8028
f 5352//8029 4913//8030 5393//8028
f 5352//8029 4914//8031 4913//8030
f 4914//8031 4915//8032 4913//8030
f 4914//8031 4916//8033 4915//8032
f 4916//8033 4917//8034 5400//8035
f 4914//8031 4917//8034 4916//8033
f 5400//8035 4917//8034 5399//8036
f 4917//8034 5370//8037 5399//8036
f 5370//8037 5365//8038 5399//8036
f 5399//8036 5365//8038 4918//8039
f 5365//8038 4919//8040 4918//8039
f 4918//8039 4919//8040 4920//8041
f 4919//8040 4921//8042 4920//8041
f 4920//8041 4921//8042 4922//8043
f 4922//8043 4921//8042 4923//8044
f 4921//8042 4924//8045 4923//8044
f 4923//8044 4924//8045 4925//8046
f 4924//8045 4926//8015 4925//8046
f 4925//8046 4926//8015 4927//8047
f 4927//8047 4926//8015 4905//8017
f 4981//8048 4930//8049 4931//8050
f 4929//8051 4993//8052 4932//8053
f 4939//8054 4255//8055 4946//8056
f 4251//8057 4252//8058 4942//8059
f 4256//8060 4939//8054 4941//8061
f 4255//8055 4939//8054 4256//8060
f 4940//8062 4946//8056 4254//8063
f 4940//8062 4944//8064 4946//8056
f 4945//8065 4944//8064 4942//8059
f 4942//8059 4944//8064 4940//8062
f 4947//8066 4939//8054 4946//8056
f 4943//8067 4948//8068 4252//8058
f 4254//8063 4946//8056 4255//8055
f 4252//8058 4948//8068 4942//8059
f 4939//8054 4947//8066 4941//8061
f 4253//7966 4878//7970 4943//8067
f 4944//8064 4949//8069 4946//8056
f 4948//8068 4943//8067 4878//7970
f 4947//8066 4950//8070 4941//8061
f 4948//8068 4951//8071 4952//8072
f 4871//7958 4951//8071 4878//7970
f 4878//7970 4951//8071 4948//8068
f 4950//8070 4953//8073 4941//8061
f 4952//8072 4951//8071 4955//8074
f 4949//8069 4954//8075 4950//8070
f 4955//8074 4951//8071 4873//7961
f 4950//8070 4954//8075 4956//8076
f 4958//8077 4956//8076 4954//8075
f 4957//8078 4960//8079 4953//8073
f 4956//8076 4962//8080 4957//8078
f 4958//8077 4962//8080 4956//8076
f 4957//8078 4963//8081 4961//8082
f 4957//8078 4962//8080 4963//8081
f 4872//7960 4959//8083 4955//8074
f 4965//8084 4960//8079 4961//8082
f 4964//8085 4959//8083 4861//7945
f 4959//8083 4964//8085 4986//8086
f 4960//8079 4965//8084 4966//8087
f 4963//8081 4967//8088 4961//8082
f 4961//8082 4967//8088 4968//8089
f 4967//8088 4970//8090 4968//8089
f 4992//8091 4967//8088 4990//8092
f 4972//8093 4968//8089 4973//8094
f 4970//8090 4973//8094 4968//8089
f 4930//8049 4933//8095 4977//8096
f 4976//8097 4931//8050 4966//8087
f 4932//8053 4938//7367 5155//8098
f 4975//8099 4979//7978 4992//8091
f 4973//8094 4980//8100 4929//8051
f 4254//8063 4251//8057 4940//8062
f 4992//8091 4979//7978 4983//8101
f 4251//8057 4942//8059 4940//8062
f 4979//7978 4928//7977 4983//8101
f 4943//8067 4252//8058 4253//7966
f 4983//8101 4928//7977 4886//7976
f 4932//8053 4934//8102 4929//8051
f 4886//7976 4936//7971 4993//8052
f 4942//8059 4948//8068 4945//8065
f 4982//8103 4934//8102 4935//8104
f 4946//8056 4949//8069 4947//8066
f 4945//8065 4984//8105 4944//8064
f 4936//7971 4932//8053 4993//8052
f 4938//7367 4932//8053 4936//7971
f 4947//8066 4949//8069 4950//8070
f 4949//8069 4944//8064 4984//8105
f 4952//8072 4984//8105 4945//8065
f 4948//8068 4952//8072 4945//8065
f 4968//8089 4965//8084 4961//8082
f 4965//8084 4971//8106 4966//8087
f 4970//8090 4967//8088 4992//8091
f 4965//8084 4972//8093 4971//8106
f 4971//8106 4976//8097 4966//8087
f 4984//8105 4985//8107 4949//8069
f 4978//8108 4972//8093 4973//8094
f 4980//8100 4973//8094 4970//8090
f 4952//8072 4985//8107 4984//8105
f 4985//8107 4954//8075 4949//8069
f 4931//8050 4976//8097 4981//8048
f 4929//8051 4978//8108 4973//8094
f 4976//8097 4972//8093 4981//8048
f 4950//8070 4957//8078 4953//8073
f 4929//8051 4982//8103 4978//8108
f 4871//7958 4873//7961 4951//8071
f 4985//8107 4955//8074 4959//8083
f 4952//8072 4955//8074 4985//8107
f 4978//8108 4933//8095 4972//8093
f 4982//8103 4933//8095 4978//8108
f 4950//8070 4956//8076 4957//8078
f 4985//8107 4958//8077 4954//8075
f 4972//8093 4933//8095 4981//8048
f 4933//8095 4982//8103 4935//8104
f 4981//8048 4933//8095 4930//8049
f 4934//8102 4982//8103 4929//8051
f 4873//7961 4872//7960 4955//8074
f 4986//8086 4958//8077 4985//8107
f 5153//8109 4933//8095 4935//8104
f 4935//8104 4934//8102 4937//8110
f 4934//8102 4932//8053 4937//8110
f 4976//8097 4971//8106 4972//8093
f 4959//8083 4986//8086 4985//8107
f 4957//8078 4961//8082 4960//8079
f 4986//8086 4987//8111 4958//8077
f 4958//8077 4987//8111 4962//8080
f 4986//8086 4964//8085 4987//8111
f 4988//8112 4962//8080 4987//8111
f 4872//7960 4861//7945 4959//8083
f 4988//8112 4989//8113 4962//8080
f 4962//8080 4989//8113 4963//8081
f 4969//8114 4987//8111 4964//8085
f 4969//8114 4988//8112 4987//8111
f 4989//8113 4990//8092 4963//8081
f 4963//8081 4990//8092 4967//8088
f 4988//8112 4991//8115 4989//8113
f 4870//7954 4964//8085 4861//7945
f 4969//8114 4991//8115 4988//8112
f 4974//7933 4991//8115 4969//8114
f 4989//8113 4991//8115 4990//8092
f 4870//7954 4969//8114 4964//8085
f 4853//7955 4969//8114 4870//7954
f 4991//8115 4975//8099 4990//8092
f 4968//8089 4972//8093 4965//8084
f 4974//7933 4975//8099 4991//8115
f 4843//7936 4969//8114 4853//7955
f 4843//7936 4974//7933 4969//8114
f 4990//8092 4975//8099 4992//8091
f 4992//8091 4980//8100 4970//8090
f 4846//7932 4975//8099 4974//7933
f 4992//8091 4983//8101 4980//8100
f 4975//8099 4846//7932 4979//7978
f 4980//8100 4983//8101 4993//8052
f 4993//8052 4929//8051 4980//8100
f 4886//7976 4993//8052 4983//8101
f 4994//8116 5009//8117 4995//8118
f 4994//8116 4998//8119 4999//8120
f 4995//8118 4996//8121 4997//8122
f 4999//8120 4998//8119 5000//8123
f 5001//8124 5000//8123 4998//8119
f 5000//8123 5003//8125 5002//8126
f 5005//8127 5003//8125 5000//8123
f 5005//8127 5006//8128 5412//8129
f 5004//8130 5007//8131 5005//8127
f 5005//8127 5008//8132 5006//8128
f 5009//8117 5055//7369 4447//7368
f 5002//8126 4999//8120 5000//8123
f 5005//8127 5054//8133 5003//8125
f 5005//8127 5010//8134 5054//8133
f 5412//8129 5010//8134 5005//8127
f 4998//8119 4994//8116 4995//8118
f 4998//8119 4995//8118 5001//8124
f 5000//8123 5001//8124 5004//8130
f 5004//8130 5005//8127 5000//8123
f 5008//8132 5005//8127 5007//8131
f 5008//8132 4389//7301 5006//8128
f 5008//8132 5007//8131 5014//7300
f 5014//7300 4389//7301 5008//8132
f 5011//8135 5009//8117 4447//7368
f 4996//8121 5009//8117 5011//8135
f 5009//8117 4996//8121 4995//8118
f 4440//7359 5016//8136 5012//8137
f 5016//8136 5013//8138 5012//8137
f 5013//8138 5015//8139 4997//8122
f 4997//8122 5015//8139 5017//8140
f 5016//8136 5021//8141 5013//8138
f 5018//8142 5019//8143 5007//8131
f 5020//8144 5015//8139 5013//8138
f 5017//8140 5015//8139 5018//8142
f 5020//8144 5013//8138 5021//8141
f 5007//8131 5019//8143 5014//7300
f 5020//8144 5021//8141 5022//8145
f 4444//7358 5023//8146 5016//8136
f 4442//7365 5023//8146 4444//7358
f 5015//8139 5024//8147 5018//8142
f 5029//8148 5022//8145 5016//8136
f 5024//8147 5028//8149 5018//8142
f 5018//8142 5028//8149 5019//8143
f 5025//8150 5024//8147 5020//8144
f 5041//8151 5022//8145 5026//8152
f 5011//8135 5012//8137 4996//8121
f 5012//8137 4997//8122 4996//8121
f 5038//8153 5022//8145 5029//8148
f 4995//8118 4997//8122 5001//8124
f 5026//8152 5030//8154 5041//8151
f 5023//8146 4442//7365 4426//7331
f 5022//8145 5038//8153 5026//8152
f 5032//8155 4386//7292 5028//8149
f 5026//8152 5038//8153 5030//8154
f 5025//8150 5031//8156 5027//8157
f 4426//7331 5034//8158 5023//8146
f 5023//8146 5034//8158 5029//8148
f 5039//8159 5033//8160 5031//8156
f 5035//8161 5031//8156 5033//8160
f 5039//8159 5031//8156 5030//8154
f 4386//7292 5032//8155 4385//7289
f 5031//8156 5035//8161 5027//8157
f 5013//8138 4997//8122 5012//8137
f 5029//8148 5036//8162 5038//8153
f 4997//8122 5017//8140 5001//8124
f 5016//8136 4440//7359 4444//7358
f 5034//8158 5036//8162 5029//8148
f 5022//8145 5021//8141 5016//8136
f 5024//8147 5027//8157 5028//8149
f 5037//8163 5039//8159 5038//8153
f 5025//8150 5027//8157 5024//8147
f 5036//8162 5037//8163 5038//8153
f 5035//8161 5032//8155 5027//8157
f 5001//8124 5017//8140 5004//8130
f 5023//8146 5029//8148 5016//8136
f 5017//8140 5018//8142 5004//8130
f 5018//8142 5007//8131 5004//8130
f 5037//8163 5040//8164 5039//8159
f 5020//8144 5024//8147 5015//8139
f 5022//8145 5041//8151 5020//8144
f 4426//7331 4414//7320 5034//8158
f 4414//7320 4396//7303 5034//8158
f 4388//7297 5014//7300 5019//8143
f 5037//8163 5042//8165 5040//8164
f 5040//8164 5033//8160 5039//8159
f 5036//8162 5043//7332 5037//8163
f 5028//8149 4388//7297 5019//8143
f 5034//8158 4396//7303 5036//8162
f 5020//8144 5041//8151 5025//8150
f 5035//8161 5044//8166 4385//7289
f 4396//7303 5043//7332 5036//8162
f 5033//8160 5044//8166 5035//8161
f 5040//8164 5045//7324 5033//8160
f 5043//7332 5042//8165 5037//8163
f 5028//8149 4386//7292 4388//7297
f 5045//7324 5044//8166 5033//8160
f 5042//8165 5045//7324 5040//8164
f 5025//8150 5041//8151 5031//8156
f 4385//7289 5044//8166 4384//7285
f 5043//7332 4418//7325 5042//8165
f 5041//8151 5030//8154 5031//8156
f 5027//8157 5032//8155 5028//8149
f 5042//8165 4418//7325 5045//7324
f 5045//7324 4419//7311 5044//8166
f 4419//7311 4384//7285 5044//8166
f 5030//8154 5038//8153 5039//8159
f 4447//7368 4440//7359 5011//8135
f 5035//8161 4385//7289 5032//8155
f 4440//7359 5012//8137 5011//8135
f 2650//8167 5052//8168 5047//8169
f 2654//8170 5051//8171 5050//8172
f 5282//8173 5049//8174 5047//8169
f 2656//8175 2658//8176 5048//8177
f 5049//8174 2650//8167 5047//8169
f 5049//8174 2648//7295 2650//8167
f 2656//8175 5048//8177 5051//8171
f 2652//8178 2654//8170 5050//8172
f 2652//8178 5237//8179 5052//8168
f 2654//8170 2656//8175 5051//8171
f 2650//8167 2652//8178 5052//8168
f 5003//8125 5053//8180 5002//8126
f 5056//8181 5055//7369 5009//8117
f 5280//8182 5056//8181 5009//8117
f 5280//8182 5009//8117 4994//8116
f 5057//8183 5280//8182 4994//8116
f 4994//8116 5430//8184 5057//8183
f 4994//8116 4999//8120 5430//8184
f 5058//8185 5430//8184 4999//8120
f 5002//8126 5058//8185 4999//8120
f 5002//8126 5059//8186 5058//8185
f 5053//8180 5059//8186 5002//8126
f 5003//8125 5054//8133 5053//8180
f 5010//8134 5425//8187 5060//8188
f 5010//8134 5060//8188 5054//8133
f 5061//8189 5063//8190 5066//8191
f 4953//8192 5063//8190 5065//8193
f 5061//8189 5062//8194 5067//8195
f 5063//8190 5074//8196 5064//8197
f 4960//8198 4966//8199 5069//8200
f 5068//8201 5061//8189 5067//8195
f 4258//8202 5061//8189 5068//8201
f 4256//8060 5065//8193 5061//8189
f 5063//8190 5064//8197 5070//8203
f 5063//8190 5069//8200 5074//8196
f 4256//8060 5061//8189 4258//8202
f 4941//8061 5065//8193 4256//8060
f 4966//8199 5072//8204 5069//8200
f 4931//8205 5384//8206 5071//8207
f 4953//8192 5065//8193 4941//8061
f 4960//8198 5069//8200 5063//8190
f 5062//8194 5061//8189 5066//8191
f 5063//8190 5070//8203 5066//8191
f 5069//8200 5073//8208 5074//8196
f 5069//8200 5072//8204 5073//8208
f 5065//8193 5063//8190 5061//8189
f 4953//8192 4960//8198 5063//8190
f 4966//8199 4931//8205 5071//8207
f 4966//8199 5071//8207 5072//8204
f 4931//8205 4890//8209 5384//8206
f 4931//8205 5075//8210 4890//8209
f 5075//8210 5386//8211 4890//8209
f 5075//8210 5076//8212 5386//8211
f 5076//8212 5387//8213 5386//8211
f 5076//8212 5077//8214 5387//8213
f 5076//8212 5078//8215 5077//8214
f 5078//8215 5079//8216 5077//8214
f 5078//8215 5080//8217 5079//8216
f 5078//8215 5081//8218 5080//8217
f 5081//8218 5388//8219 5080//8217
f 5081//8218 5082//8220 5388//8219
f 5082//8220 5083//8221 5388//8219
f 5083//8221 5082//8220 5084//8222
f 5095//8223 5090//8224 5114//8225
f 5088//8226 5086//8227 5110//8228
f 5088//8226 5091//8229 5092//8230
f 5093//8231 5086//8227 5092//8230
f 5094//8232 5111//8233 5397//8234
f 5111//8233 5094//8232 5097//8235
f 5097//8235 5094//8232 5096//8236
f 5114//8225 5099//8237 5085//8238
f 5087//8239 5089//8240 5102//8241
f 5096//8236 5098//8242 5097//8235
f 5098//8242 5096//8236 5105//8243
f 5098//8242 5105//8243 5100//8244
f 5102//8241 5098//8242 5100//8244
f 5114//8225 5104//8245 5095//8223
f 5107//8246 5114//8225 5086//8227
f 5087//8239 5101//8247 5103//8248
f 5106//8249 5099//8237 5114//8225
f 5106//8249 5114//8225 5107//8246
f 5091//8229 5088//8226 5102//8241
f 5091//8229 5102//8241 5089//8240
f 5104//8245 5114//8225 5401//8250
f 5086//8227 5088//8226 5092//8230
f 5093//8231 5107//8246 5086//8227
f 5112//8251 5111//8233 5097//8235
f 5093//8231 5092//8230 5113//8252
f 5108//8253 5084//8222 5082//8220
f 5109//8254 5108//8253 5082//8220
f 5094//8232 5109//8254 5082//8220
f 5094//8232 5397//8234 5109//8254
f 5114//8225 5110//8228 5086//8227
f 5088//8226 5098//8242 5102//8241
f 5110//8228 5098//8242 5088//8226
f 5085//8238 5401//8250 5114//8225
f 5114//8225 5112//8251 5097//8235
f 5110//8228 5097//8235 5098//8242
f 5110//8228 5114//8225 5097//8235
f 5090//8255 5396//8255 5112//8255
f 5101//8247 5102//8241 5100//8244
f 5101//8247 5087//8239 5102//8241
f 5114//8225 5090//8224 5112//8251
f 4250//8256 4249//8257 5087//8239
f 4247//8258 5089//8240 4249//8257
f 4247//8258 5091//8229 5089//8240
f 5116//8259 5115//8260 4246//8261
f 4245//8262 5116//8259 4246//8261
f 4246//8261 5115//8260 5092//8230
f 4246//8261 5092//8230 5091//8229
f 5092//8230 5115//8260 5113//8252
f 5087//8239 5103//8248 4250//8256
f 5087//8239 4249//8257 5089//8240
f 4247//8258 4246//8261 5091//8229
f 5154//8263 5119//8264 5121//8265
f 5120//8266 5119//8264 5154//8263
f 5124//8267 5130//8268 5129//8269
f 5117//8270 5161//8271 5128//8272
f 5118//8273 5117//8270 5128//8272
f 5076//8274 5118//8273 5125//8275
f 5125//8275 5118//8273 5127//8276
f 5118//8273 5128//8272 5127//8276
f 5130//8268 5119//8264 5131//8277
f 5138//8278 5128//8272 5161//8271
f 5161//8271 5121//8265 5138//8278
f 4439//7357 5055//7369 5159//8279
f 5125//8275 5135//8280 5141//8281
f 5135//8280 5139//8282 5141//8281
f 5131//8277 5126//8283 5130//8268
f 5125//8275 5141//8281 5078//8284
f 5138//8278 5140//8285 5134//8286
f 5129//8269 5126//8283 5132//8287
f 5145//8288 5142//8289 5162//8290
f 5141//8281 5142//8289 5146//8291
f 5145//8288 5162//8290 5122//8292
f 5141//8281 5146//8291 5078//8284
f 5151//8293 4977//8096 5153//8109
f 4439//7357 5132//8287 5126//8283
f 5143//8294 5075//8295 4930//8049
f 5146//8291 5148//8296 5078//8284
f 5078//8284 5148//8296 5081//8297
f 5160//7366 5155//8098 4938//7367
f 5117//8270 5075//8295 5143//8294
f 5143//8294 5151//8293 5117//8270
f 5148//8296 5152//8298 5081//8297
f 5152//8298 5150//8299 5137//8300
f 5137//8300 5150//8299 5147//8301
f 5075//8295 5117//8270 5076//8274
f 5149//8302 5145//8288 5147//8301
f 4931//8050 4930//8049 5075//8295
f 5149//8302 5148//8296 5146//8291
f 5117//8270 5118//8273 5076//8274
f 4937//8110 5144//8303 4935//8104
f 5150//8299 5148//8296 5149//8302
f 5121//8265 5153//8109 5154//8263
f 5150//8299 5152//8298 5148//8296
f 5145//8288 5122//8292 5147//8301
f 5155//8098 4937//8110 4932//8053
f 5144//8303 4937//8110 5154//8263
f 5081//8297 5156//8304 5082//8305
f 5152//8298 5156//8304 5081//8297
f 5156//8304 5152//8298 5157//8306
f 5140//8285 5121//8265 5119//8264
f 5137//8300 5157//8306 5152//8298
f 5135//8280 5125//8275 5127//8276
f 5157//8306 5137//8300 5158//8307
f 5136//8308 5158//8307 5137//8300
f 5121//8265 5140//8285 5138//8278
f 5120//8266 5154//8263 4937//8110
f 5130//8268 5140//8285 5119//8264
f 5136//8308 5281//8309 5158//8307
f 5129//8269 5159//8279 5136//8308
f 5136//8308 5159//8279 5281//8309
f 5131//8277 5119//8264 5120//8266
f 5076//8274 5125//8275 5078//8284
f 5129//8269 5132//8287 5159//8279
f 4937//8110 5155//8098 5120//8266
f 5132//8287 4439//7357 5159//8279
f 5134//8286 5140//8285 5130//8268
f 5162//8290 5139//8282 5138//8278
f 5142//8289 5141//8281 5139//8282
f 5123//8310 5155//8098 5160//7366
f 5138//8278 5134//8286 5162//8290
f 5120//8266 5155//8098 5123//8310
f 4445//7362 5123//8310 5160//7366
f 5162//8290 5124//8267 5122//8292
f 5134//8286 5124//8267 5162//8290
f 5130//8268 5124//8267 5134//8286
f 5142//8289 5145//8288 5146//8291
f 4439//7357 5126//8283 4445//7362
f 5135//8280 5127//8276 5138//8278
f 5145//8288 5149//8302 5146//8291
f 5127//8276 5128//8272 5138//8278
f 5130//8268 5126//8283 5129//8269
f 5153//8109 4977//8096 4933//8095
f 5122//8292 5124//8267 5147//8301
f 5138//8278 5139//8282 5135//8280
f 5129//8269 5147//8301 5124//8267
f 5147//8301 5150//8299 5149//8302
f 4935//8104 5144//8303 5153//8109
f 5129//8269 5133//8311 5147//8301
f 5123//8310 5131//8277 5120//8266
f 5142//8289 5139//8282 5162//8290
f 5136//8308 5133//8311 5129//8269
f 4445//7362 5131//8277 5123//8310
f 5147//8301 5133//8311 5137//8300
f 5144//8303 5154//8263 5153//8109
f 5133//8311 5136//8308 5137//8300
f 4977//8096 5143//8294 4930//8049
f 5151//8293 5143//8294 4977//8096
f 5126//8283 5131//8277 4445//7362
f 5161//8271 5117//8270 5151//8293
f 5121//8265 5161//8271 5153//8109
f 5153//8109 5161//8271 5151//8293
f 5246//8312 5236//8313 2658//8176
f 5240//8314 5179//8315 5186//8316
f 5182//8317 5297//8318 5276//8319
f 5164//8320 5176//8321 2616//8322
f 5166//8323 5184//8324 5226//8325
f 5194//8326 5173//8327 5199//8328
f 5171//8329 5228//8330 5204//8331
f 5186//8316 5174//8332 5199//8328
f 5168//8333 5187//8334 5236//8313
f 5215//8335 5177//8336 5239//8337
f 5164//8320 5265//8338 5225//8339
f 5206//8340 5297//8318 5169//8341
f 5189//8342 5178//8343 5183//8344
f 5234//8345 5213//8346 5190//8347
f 5171//8329 5191//8348 5228//8330
f 2621//8349 5265//8338 2616//8322
f 5253//8350 5167//8351 5180//8352
f 5229//8353 5188//8354 5194//8326
f 5253//8350 5180//8352 5168//8333
f 2616//8322 5176//8321 2601//8355
f 5186//8316 5195//8356 5174//8332
f 2658//8176 5236//8313 5048//8177
f 5187//8334 5196//8357 5236//8313
f 5197//8358 5171//8329 5216//8359
f 5193//8360 5165//8361 5256//8362
f 5175//8363 5198//8364 5176//8321
f 5199//8328 5177//8336 5194//8326
f 5176//8321 5198//8364 2601//8355
f 5265//8338 5164//8320 2616//8322
f 5236//8313 5196//8357 5048//8177
f 5180//8352 5167//8351 5202//8365
f 5182//8317 5203//8366 5297//8318
f 5169//8341 5204//8331 5170//8367
f 5163//8368 5179//8315 5240//8314
f 5170//8367 5205//8369 5175//8363
f 5255//8370 5221//8371 5193//8360
f 5220//8372 5202//8365 5167//8351
f 5165//8361 5208//8373 5275//8374
f 5193//8360 5208//8373 5165//8361
f 5297//8318 5203//8366 5169//8341
f 5211//8375 5212//8376 5210//8377
f 5220//8372 5195//8356 5214//8378
f 5174//8332 5195//8356 5220//8372
f 5229//8353 5215//8335 5234//8345
f 5169//8341 5203//8366 5216//8359
f 5217//8379 5201//8380 5166//8323
f 5178//8343 5194//8326 5188//8354
f 5231//8381 5181//8382 5218//8383
f 5214//8378 5202//8365 5220//8372
f 5163//8368 5173//8327 5172//8384
f 5185//8385 5200//8386 5219//8387
f 5239//8337 5177//8336 5220//8372
f 5180//8352 5187//8334 5168//8333
f 5198//8364 5224//8388 2601//8355
f 5201//8380 5184//8324 5166//8323
f 5276//8319 5208//8373 5182//8317
f 5275//8374 5208//8373 5276//8319
f 5175//8363 5222//8389 5198//8364
f 5205//8369 5222//8389 5175//8363
f 2601//8355 5224//8388 2593//8390
f 5046//8391 5209//8392 2633//8393
f 5185//8385 5223//8394 5181//8382
f 5190//8347 5203//8366 5182//8317
f 5187//8334 5051//8171 5196//8357
f 5215//8335 5213//8346 5234//8345
f 5222//8389 5224//8388 5198//8364
f 5196//8357 5051//8171 5048//8177
f 5178//8343 5221//8371 5255//8370
f 5212//8376 5225//8339 5209//8392
f 5226//8325 5051//8171 5187//8334
f 5189//8342 5172//8384 5178//8343
f 5172//8384 5194//8326 5178//8343
f 5181//8382 5223//8394 5218//8383
f 5192//8395 5232//8396 5163//8368
f 5163//8368 5232//8396 5200//8386
f 5204//8331 5205//8369 5170//8367
f 5214//8378 5217//8379 5202//8365
f 5202//8365 5217//8379 5166//8323
f 5197//8358 5168//8333 5171//8329
f 5226//8325 5050//8172 5051//8171
f 5224//8388 5222//8389 2593//8390
f 5101//8247 5189//8342 5183//8344
f 5228//8330 5222//8389 5205//8369
f 5193//8360 5221//8371 5229//8353
f 5231//8381 5217//8379 5214//8378
f 5190//8347 5230//8397 5203//8366
f 5199//8328 5174//8332 5177//8336
f 5232//8396 5233//8398 5200//8386
f 5216//8359 5203//8366 5197//8358
f 5184//8324 5050//8172 5226//8325
f 5185//8385 5219//8387 5223//8394
f 5163//8368 5240//8314 5173//8327
f 5216//8359 5204//8331 5169//8341
f 5200//8386 5233//8398 5219//8387
f 5203//8366 5230//8397 5197//8358
f 2593//8390 5222//8389 2582//8399
f 5189//8342 5192//8395 5163//8368
f 5194//8326 5215//8335 5229//8353
f 5217//8379 5235//8400 5201//8380
f 5171//8329 5236//8313 5191//8348
f 5202//8365 5226//8325 5180//8352
f 5231//8381 5218//8383 5217//8379
f 5217//8379 5218//8383 5235//8400
f 5050//8172 5237//8179 2652//8178
f 5184//8324 5237//8179 5050//8172
f 5168//8333 5236//8313 5171//8329
f 5222//8389 5238//8401 2582//8399
f 5228//8330 5238//8401 5222//8389
f 5178//8343 5188//8354 5221//8371
f 5239//8337 5230//8397 5190//8347
f 5180//8352 5226//8325 5187//8334
f 5204//8331 5228//8330 5205//8369
f 5201//8380 5237//8179 5184//8324
f 5208//8373 5234//8345 5182//8317
f 5177//8336 5174//8332 5220//8372
f 5192//8395 5100//8244 5241//8402
f 5173//8327 5240//8314 5199//8328
f 5199//8328 5240//8314 5186//8316
f 5186//8316 5179//8315 5185//8385
f 5192//8395 5244//8403 5232//8396
f 5242//8404 5232//8396 5244//8403
f 5233//8398 5232//8396 5242//8404
f 5190//8347 5213//8346 5239//8337
f 5105//8243 5241//8402 5100//8244
f 5235//8400 5218//8383 5243//8405
f 5206//8340 5170//8367 5207//8406
f 5186//8316 5181//8382 5195//8356
f 5201//8380 5052//8168 5237//8179
f 5235//8400 5052//8168 5201//8380
f 5243//8405 5245//8407 5235//8400
f 5191//8348 5246//8312 5228//8330
f 5157//8306 5294//8408 5156//8304
f 5241//8402 5244//8403 5192//8395
f 5246//8312 5238//8401 5228//8330
f 5249//8409 5251//8410 5306//8411
f 5251//8410 5210//8377 5306//8411
f 5306//8411 5210//8377 5304//8412
f 5189//8342 5163//8368 5172//8384
f 5250//8413 5252//8414 5247//8415
f 2582//8399 5238//8401 2659//8416
f 5239//8337 5253//8350 5230//8397
f 5243//8405 5218//8383 5254//8417
f 5256//8362 5165//8361 5252//8414
f 5213//8346 5215//8335 5239//8337
f 5100//8244 5189//8342 5101//8247
f 5245//8407 5052//8168 5235//8400
f 5252//8414 5255//8370 5256//8362
f 5229//8353 5234//8345 5193//8360
f 5193//8360 5234//8345 5208//8373
f 5218//8383 5223//8394 5254//8417
f 5285//8418 5227//8419 5211//8375
f 5211//8375 5227//8419 5212//8376
f 5221//8371 5188//8354 5229//8353
f 5195//8356 5181//8382 5214//8378
f 5214//8378 5181//8382 5231//8381
f 5233//8398 5257//8420 5219//8387
f 5230//8397 5253//8350 5197//8358
f 5223//8394 5219//8387 5257//8420
f 5254//8417 5245//8407 5243//8405
f 5052//8168 5245//8407 5047//8169
f 5223//8394 5258//8421 5254//8417
f 5257//8420 5258//8421 5223//8394
f 5242//8404 5257//8420 5233//8398
f 5242//8404 5259//8422 5257//8420
f 5242//8404 5260//8423 5259//8422
f 5257//8420 5259//8422 5261//8424
f 5253//8350 5168//8333 5197//8358
f 5261//8424 5258//8421 5257//8420
f 5238//8401 5246//8312 2659//8416
f 5262//8425 5258//8421 5263//8426
f 5259//8422 5264//8427 5261//8424
f 5260//8423 5264//8427 5259//8422
f 2633//8393 5265//8338 2621//8349
f 5209//8392 5265//8338 2633//8393
f 5263//8426 5261//8424 5266//8428
f 5266//8428 5261//8424 5268//8429
f 5225//8339 5265//8338 5209//8392
f 5264//8427 5267//8430 5261//8424
f 5268//8429 5271//8431 5428//8432
f 5261//8424 5271//8431 5268//8429
f 5290//8433 5269//8434 5264//8427
f 5267//8430 5271//8431 5261//8424
f 5264//8427 5269//8434 5267//8430
f 5428//8432 5271//8431 5270//8435
f 5216//8359 5171//8329 5204//8331
f 5163//8368 5200//8386 5179//8315
f 5270//8435 5272//8436 5273//8437
f 5271//8431 5272//8436 5270//8435
f 5267//8430 5274//8438 5271//8431
f 5273//8437 5272//8436 5430//8184
f 5269//8434 5274//8438 5267//8430
f 5274//8438 5272//8436 5271//8431
f 5430//8184 5272//8436 5277//8439
f 5278//8440 5274//8438 5269//8434
f 5274//8438 5279//8441 5272//8436
f 5277//8439 5279//8441 5280//8182
f 5272//8436 5279//8441 5277//8439
f 5274//8438 5278//8440 5281//8309
f 5170//8367 5175//8363 5207//8406
f 5280//8182 5279//8441 5056//8181
f 5274//8438 5281//8309 5279//8441
f 5056//8181 5159//8279 5055//7369
f 5279//8441 5159//8279 5056//8181
f 5300//8442 5247//8415 5248//8443
f 5179//8315 5200//8386 5185//8385
f 5047//8169 5245//8407 5282//8173
f 5299//8444 5103//8248 5250//8413
f 5299//8444 5250//8413 5247//8415
f 5252//8414 5249//8409 5248//8443
f 5247//8415 5252//8414 5248//8443
f 5220//8372 5253//8350 5239//8337
f 5249//8409 5252//8414 5251//8410
f 5202//8365 5166//8323 5226//8325
f 5245//8407 5254//8417 5282//8173
f 5210//8377 5283//8445 5211//8375
f 5251//8410 5283//8445 5210//8377
f 5286//8446 5244//8403 5241//8402
f 5255//8370 5252//8414 5250//8413
f 5283//8445 5251//8410 5165//8361
f 5241//8402 5096//8236 5286//8446
f 5165//8361 5251//8410 5252//8414
f 5282//8173 5254//8417 5284//8447
f 5105//8243 5096//8236 5241//8402
f 5254//8417 5258//8421 5284//8447
f 5244//8403 5260//8423 5242//8404
f 5286//8446 5260//8423 5244//8403
f 5275//8374 5283//8445 5165//8361
f 5276//8319 5283//8445 5275//8374
f 5250//8413 5183//8344 5255//8370
f 5284//8447 5258//8421 5287//8448
f 5287//8448 5258//8421 5262//8425
f 5283//8445 5288//8449 5285//8418
f 5286//8446 5096//8236 5289//8450
f 5276//8319 5288//8449 5283//8445
f 5286//8446 5290//8433 5260//8423
f 5263//8426 5258//8421 5261//8424
f 5260//8423 5290//8433 5264//8427
f 5096//8236 5291//8451 5289//8450
f 5094//8452 5291//8451 5096//8236
f 5255//8370 5183//8344 5178//8343
f 5295//8453 5290//8433 5292//8454
f 5269//8434 5290//8433 5295//8453
f 5292//8454 5291//8451 5293//8455
f 5094//8452 5293//8455 5291//8451
f 5236//8313 5246//8312 5191//8348
f 5207//8406 5227//8419 5285//8418
f 5103//8248 5183//8344 5250//8413
f 5292//8454 5293//8455 5295//8453
f 5206//8340 5285//8418 5288//8449
f 5207//8406 5285//8418 5206//8340
f 5094//8452 5082//8305 5293//8455
f 5295//8453 5296//8456 5269//8434
f 5172//8384 5173//8327 5194//8326
f 5082//8305 5156//8304 5293//8455
f 5269//8434 5296//8456 5278//8440
f 2659//8416 5246//8312 2658//8176
f 5294//8408 5157//8306 5296//8456
f 5296//8456 5158//8307 5278//8440
f 5278//8440 5158//8307 5281//8309
f 5281//8309 5159//8279 5279//8441
f 5210//8377 5212//8376 5298//8457
f 5283//8445 5285//8418 5211//8375
f 5176//8321 5164//8320 5175//8363
f 5175//8363 5164//8320 5227//8419
f 5192//8395 5189//8342 5100//8244
f 5290//8433 5286//8446 5289//8450
f 5292//8454 5289//8450 5291//8451
f 5290//8433 5289//8450 5292//8454
f 5293//8455 5294//8408 5295//8453
f 5156//8304 5294//8408 5293//8455
f 5194//8326 5177//8336 5215//8335
f 5294//8408 5296//8456 5295//8453
f 5157//8306 5158//8307 5296//8456
f 5175//8363 5227//8419 5207//8406
f 5220//8372 5167//8351 5253//8350
f 5276//8319 5297//8318 5288//8449
f 5182//8317 5234//8345 5190//8347
f 5256//8362 5255//8370 5193//8360
f 5101//8247 5183//8344 5103//8248
f 5288//8449 5297//8318 5206//8340
f 5227//8419 5164//8320 5212//8376
f 5212//8376 5164//8320 5225//8339
f 5169//8341 5170//8367 5206//8340
f 5185//8385 5181//8382 5186//8316
f 5299//8444 5247//8415 5300//8442
f 5302//8458 5298//8457 5301//8459
f 5046//8460 2632//8460 2624//8460
f 5046//8391 2624//8461 5301//8459
f 5046//8391 5301//8459 5209//8392
f 5302//8458 5301//8459 4243//8462
f 5299//8444 4250//8256 5103//8248
f 5301//8459 2624//8461 4243//8462
f 5303//8463 5298//8457 5302//8458
f 5302//8458 4243//8462 4248//8464
f 5303//8463 5302//8458 4248//8464
f 4248//8464 5304//8412 5303//8463
f 5305//8465 5306//8411 5304//8412
f 5305//8465 5304//8412 4248//8464
f 5305//8465 5249//8409 5306//8411
f 5248//8443 5249//8409 5305//8465
f 4244//8466 5248//8443 5305//8465
f 4244//8466 5300//8442 5248//8443
f 4244//8466 5299//8444 5300//8442
f 4250//8256 5299//8444 4244//8466
f 5298//8457 5304//8412 5210//8377
f 5298//8457 5303//8463 5304//8412
f 5301//8459 5212//8376 5209//8392
f 5301//8459 5298//8457 5212//8376
f 4910//8023 5307//8467 4911//8024
f 5307//8467 5388//8468 4911//8024
f 5307//8467 5308//8469 5388//8468
f 5309//8470 5080//8471 5308//8469
f 5308//8469 5080//8471 5388//8468
f 5309//8470 5310//8472 5080//8471
f 5310//8472 5311//8473 5080//8471
f 5310//8472 5312//8474 5311//8473
f 5312//8474 5313//8475 5311//8473
f 5313//8475 5385//8476 5311//8473
f 5313//8475 5347//8477 5385//8476
f 5347//8477 5319//7983 5385//8476
f 5319//7983 4890//7985 5385//8476
f 5329//8478 3186//8479 5314//8480
f 4891//8481 5315//8482 5317//8483
f 5314//8480 3186//8479 5316//8484
f 5320//8485 4889//8486 5319//8487
f 5319//8488 3198//8489 5320//8490
f 5318//8491 3189//8491 5321//8491
f 3197//8492 5327//8493 5326//8494
f 4893//8495 5329//8496 4895//8497
f 3196//8498 5329//8499 4893//8500
f 4895//8497 5314//8501 4897//8502
f 5329//8496 5314//8501 4895//8497
f 5317//8483 5315//8482 3203//8503
f 3203//8503 3132//5409 5317//8483
f 3205//5408 3132//5409 3203//8503
f 5314//8501 5316//8504 4897//8502
f 5316//8504 5318//8505 4898//8506
f 4898//8506 5318//8507 4900//8508
f 5318//8507 5321//8509 4900//8508
f 4900//8508 5321//8509 4901//8510
f 4903//8511 5322//8512 5324//8513
f 5324//8513 5322//8512 5325//8514
f 5324//8513 5325//8514 5326//8494
f 5326//8494 5325//8514 3197//8492
f 5316//8504 4898//8506 4897//8502
f 5328//8515 5327//8493 3197//8492
f 5327//8493 5328//8515 4887//8516
f 5320//8485 5323//8517 4889//8486
f 5323//8518 3196//8498 4893//8500
f 5320//8490 3196//8498 5323//8518
f 3198//8489 3196//8498 5320//8490
f 3219//8519 5331//8520 5350//8521
f 3213//8522 5331//8520 3219//8519
f 3213//8523 5332//8524 5331//8520
f 3213//8523 5333//8525 5332//8524
f 4910//8526 5335//8526 5307//8526
f 5336//8527 3210//8528 5310//8529
f 5310//8529 3210//8528 5339//8530
f 5307//8531 5338//8532 5308//8533
f 5339//8530 5340//8534 5312//8535
f 5341//8536 5340//8534 5339//8530
f 5308//8533 5331//8537 5309//8538
f 5309//8538 5333//8525 5310//8529
f 5339//8530 5312//8535 5310//8529
f 3204//8539 5345//8540 5344//8541
f 5312//8535 5342//8542 5313//8543
f 5345//8540 3204//8539 5346//8544
f 5313//8543 5345//8540 5347//8545
f 5346//8544 3201//8546 5347//8545
f 5348//8547 5347//8545 3201//8546
f 5348//8547 5319//8488 5347//8545
f 3198//8489 5319//8488 5348//8547
f 3223//8548 5349//8548 3225//8548
f 5338//8532 5350//8549 5308//8533
f 3223//8550 5337//8551 5349//8552
f 5331//8537 5332//8524 5309//8538
f 5310//8529 5333//8525 5334//8553
f 5336//8527 5310//8529 5334//8553
f 5340//8534 5341//8536 5342//8542
f 5344//8541 5313//8543 5343//8554
f 5350//8549 5331//8537 5308//8533
f 5332//8524 5333//8525 5309//8538
f 3213//8523 5334//8553 5333//8525
f 3210//8555 5334//8556 3213//8557
f 3210//8558 5336//8527 5334//8553
f 5312//8535 5340//8534 5342//8542
f 5343//8559 5341//8536 3210//8528
f 3210//8528 5341//8536 5339//8530
f 5341//8536 5343//8554 5342//8542
f 5313//8543 5342//8542 5343//8554
f 3204//8539 5344//8541 5343//8554
f 5313//8543 5344//8541 5345//8540
f 5345//8540 5346//8544 5347//8545
f 3201//8546 5346//8544 3204//8539
f 3198//8489 5348//8547 3201//8546
f 5349//8560 5335//8560 3225//8560
f 5349//8561 5337//8562 5307//8531
f 5338//8532 5307//8531 5337//8562
f 3223//8550 5338//8563 5337//8551
f 3223//8550 5350//8521 5338//8563
f 3219//8519 5350//8521 3223//8550
f 4914//8564 5352//8565 5351//8566
f 5352//8565 5353//8567 3190//8568
f 5352//8569 4912//8570 5353//8571
f 5353//8567 5354//8572 3192//8573
f 5353//8571 5357//8574 5354//8572
f 4912//8570 5357//8574 5353//8571
f 4910//8575 5356//8576 3226//8577
f 5354//8572 5355//8578 3194//8579
f 5357//8574 5355//8578 5354//8572
f 5356//8576 4926//8580 3226//8577
f 3226//8577 4926//8580 5360//8581
f 4926//8580 4924//8582 5360//8581
f 5360//8581 4924//8582 5361//8583
f 3226//8584 5360//8585 3227//8586
f 5358//8587 5355//8588 4906//8589
f 5363//8590 3180//8591 3230//8592
f 4919//8593 5363//8594 5362//8595
f 5361//8583 3229//8596 3227//8586
f 5361//8583 4921//8597 3229//8596
f 5366//8598 3180//8591 5364//8599
f 4924//8582 4921//8597 5361//8583
f 5365//8600 5366//8601 5364//8602
f 5366//8601 5365//8600 5370//8603
f 3181//8604 5366//8601 5370//8603
f 3183//8605 3181//8604 5368//8606
f 3183//8605 5368//8606 5371//8607
f 3183//8605 5371//8607 3184//8608
f 3184//8608 5371//8607 5369//8609
f 5369//8609 5351//8566 3184//8608
f 4914//8564 5351//8566 5369//8610
f 3184//8608 5351//8566 3188//8611
f 5351//8566 5352//8565 3190//8568
f 3229//8612 5362//8613 3230//8592
f 3192//8573 3190//8568 5353//8567
f 4921//8614 5362//8595 3229//8615
f 4921//8614 4919//8593 5362//8595
f 3194//8579 3192//8573 5354//8572
f 5360//8585 5361//8583 3227//8586
f 3195//8616 3194//8579 5355//8578
f 5358//8587 3195//8616 5355//8578
f 3195//8616 5358//8587 5359//8617
f 5358//8587 4906//8589 5367//8618
f 5367//8618 5359//8617 5358//8587
f 5365//8600 5363//8594 4919//8593
f 3230//8592 5362//8613 5363//8590
f 3180//8591 5363//8590 5364//8599
f 5365//8600 5364//8602 5363//8594
f 5368//8606 3181//8604 5370//8603
f 5370//8619 4917//8620 5368//8621
f 5368//8621 4917//8620 5371//8622
f 5371//8622 4914//8564 5369//8610
f 5371//8622 4917//8620 4914//8564
f 3190//8568 3188//8611 5351//8566
f 5367//8618 3286//5488 5359//8617
f 5367//8618 3118//5489 3286//5488
f 5376//8623 4902//8624 5373//8625
f 5070//8626 5377//8626 5066//8626
f 5064//8627 5376//8628 5373//8629
f 5373//8629 5377//8630 5070//8631
f 5373//8625 5378//8632 5377//8633
f 4902//8624 5378//8632 5373//8625
f 5377//8633 5379//8634 5066//8635
f 5378//8632 5379//8634 5377//8633
f 5379//8634 5380//8636 5066//8635
f 5384//8637 4894//8638 5071//8639
f 5066//8635 5380//8636 5062//8640
f 4892//7986 4894//8638 5384//8637
f 5379//8641 4888//8642 5380//8643
f 5382//8644 5068//8645 5381//8646
f 5068//8645 5382//8644 4258//8647
f 4894//8638 4896//8648 5071//8639
f 5374//8649 5375//8650 5376//8628
f 5381//8646 5380//8643 4888//8642
f 5381//8646 5067//8651 5380//8636
f 5073//8208 4896//8648 5383//8652
f 4888//8642 5382//8644 5381//8646
f 5064//8627 5373//8629 5070//8631
f 5073//8208 5372//8653 5074//8196
f 5383//8654 4899//8655 5372//8656
f 5062//8640 5380//8636 5067//8651
f 4899//8655 5375//8650 5372//8656
f 5372//8653 5374//8649 5074//8196
f 5067//8651 5381//8646 5068//8645
f 5375//8650 5374//8649 5372//8656
f 5374//8649 5064//8627 5074//8196
f 5071//8639 4896//8648 5072//8657
f 5374//8649 5376//8628 5064//8627
f 5072//8657 4896//8648 5073//8208
f 5073//8208 5383//8652 5372//8653
f 5384//8637 4890//7985 4892//7986
f 5385//8658 5387//8659 5311//8660
f 5311//8660 5079//8216 5080//8217
f 5083//8221 5108//8661 5388//8219
f 5388//8468 5389//8662 4911//8024
f 5386//8663 5385//8658 4890//8664
f 5387//8659 5385//8658 5386//8663
f 5311//8660 5387//8659 5077//8665
f 5079//8216 5311//8660 5077//8665
f 5389//8666 5388//8667 5108//8668
f 4911//8024 5389//8662 5390//8669
f 5083//8221 5391//8670 5108//8671
s 0
f 5391//7105 5084//8672 5108//8673
s 1
f 5085//8674 5392//8675 4915//8676
f 5099//8677 5392//8675 5085//8674
f 5106//8678 5395//8679 5393//8680
f 4908//8020 5389//8662 4905//8017
f 4909//8681 5395//8679 5107//8682
f 5107//8682 4907//8683 4909//8681
f 4927//8047 5112//8684 4925//8046
f 4927//8685 5397//8686 5112//8687
f 5093//8231 4907//8683 5107//8682
f 5397//8234 5111//8233 5112//8251
f 5112//8688 4923//8689 4925//8690
f 5389//8666 5108//8668 4905//8691
f 4923//8689 5396//8692 4922//8693
f 5112//8688 5396//8692 4923//8689
f 5108//8668 5109//8694 4905//8691
f 5396//8692 5398//8695 4920//8696
f 5090//8224 5398//8697 5396//8698
f 5397//8686 4927//8685 5109//8694
f 4920//8696 5095//8699 4918//8700
f 5398//8695 5095//8699 4920//8696
f 4920//8696 4922//8693 5396//8692
f 5095//8699 5104//8701 4918//8700
f 4918//8700 5104//8701 5399//8702
f 5085//8674 5402//8703 5401//8704
f 5401//8704 5400//8705 5104//8701
f 5402//8703 4916//8706 5400//8705
f 5085//8674 4916//8706 5402//8703
f 4904//8707 4907//8683 5403//8708
f 4907//8683 5093//8231 5403//8708
f 5403//8708 5093//8231 5113//8252
f 5390//8669 5389//8662 4908//8020
f 5085//8674 4915//8676 4916//8706
f 5392//8675 4913//8709 4915//8676
f 4927//8685 4905//8691 5109//8694
f 5395//8679 5394//8710 5393//8680
f 5107//8682 5395//8679 5106//8678
f 4909//8681 5394//8710 5395//8679
f 5095//8223 5398//8697 5090//8224
f 5400//8705 5399//8702 5104//8701
f 4913//8709 5392//8675 5099//8677
f 5401//8704 5402//8703 5400//8705
f 4913//8709 5099//8677 5393//8680
f 5393//8680 5099//8677 5106//8678
f 5404//8711 4904//8707 5115//8712
f 5404//8711 5115//8712 5116//8713
f 5116//8713 4245//8714 5404//8711
f 4904//8707 5403//8708 5115//8712
f 5115//8715 5403//8708 5113//8252
f 4380//7270 5407//8716 5405//8717
f 5405//8717 5407//8716 5406//7355
f 4380//7270 5410//7272 5407//8716
f 4380//7270 5405//8717 5408//7271
f 5406//7355 5407//8716 5409//7344
f 5409//7344 5410//7272 4381//7274
f 5411//7343 5409//7344 4381//7274
f 4403//7276 5411//7343 4381//7274
f 5409//7344 5407//8716 5410//7272
f 4389//7301 4387//7294 5006//8128
f 4387//7294 5412//8129 5006//8128
f 5412//8129 5414//8718 5010//8134
f 5415//8719 5010//8134 5414//8718
f 5414//8718 4387//7294 5413//7296
f 5413//7296 5431//8720 5414//8718
f 5414//8718 5412//8129 4387//7294
f 4685//7634 5416//8721 5422//8722
f 4519//7442 5416//8721 4438//7352
f 4685//7634 5417//8723 5416//8721
f 4700//7668 4517//7441 4516//7440
f 5418//8724 4678//7627 5419//8725
f 4517//7441 5421//7660 4518//7354
f 5416//8721 5417//8723 4438//7352
f 4438//7352 5417//8723 4520//7444
f 4690//8726 4519//7442 5420//7438
f 5417//8723 4685//7634 4684//7645
f 4684//7645 4520//7444 5417//8723
f 4521//7353 4520//7444 5418//8724
f 4520//7444 4684//7645 5418//8724
f 4684//7645 4678//7627 5418//8724
f 4521//7353 5418//8724 5419//8725
f 4521//7353 5419//8725 4522//8727
f 5424//7621 5419//8725 4678//7627
f 4700//7668 4516//7440 4515//7439
f 4518//7354 5421//7660 5420//7438
f 5420//7438 5421//7660 4690//8726
f 5422//8722 4519//7442 4690//8726
f 5416//8721 4519//7442 5422//8722
f 4670//7619 5423//8728 5424//7621
f 5423//8728 4670//7619 5405//8717
f 5405//8717 4670//7619 5408//7271
f 5423//8728 5406//7355 4522//8727
f 5423//8728 5405//8717 5406//7355
f 5419//8725 5423//8728 4522//8727
f 5419//8725 5424//7621 5423//8728
f 2602//7269 5408//7271 4379//7268
f 5408//7271 4670//7619 4379//7268
f 5053//8180 5054//8133 5429//8729
f 5429//8729 5054//8133 5263//8426
f 5428//8432 5059//8186 5268//8730
f 5280//8182 5057//8183 5277//8439
f 5054//8133 5427//8731 5263//8426
f 5263//8426 5427//8731 5262//8425
f 5058//8185 5273//8437 5430//8184
f 5270//8435 5273//8437 5426//8732
f 5060//8188 5262//8425 5427//8731
f 5425//8733 5287//8734 5060//8188
f 5058//8185 5059//8186 5426//8732
f 5270//8435 5426//8732 5428//8432
f 5426//8732 5059//8186 5428//8432
f 5057//8183 5430//8184 5277//8439
f 5058//8185 5426//8732 5273//8437
f 5060//8188 5427//8731 5054//8133
f 5268//8730 5059//8186 5266//8735
f 5059//8186 5429//8729 5266//8735
f 5053//8180 5429//8729 5059//8186
f 5266//8735 5429//8729 5263//8426
f 5060//8188 5287//8734 5262//8425
f 5413//7296 2648//7295 5049//8174
f 5287//8734 5425//8733 5284//8447
f 5010//8134 5415//8719 5425//8187
f 5284//8447 5414//8718 5431//8720
f 5431//8720 5282//8173 5284//8447
f 5415//8719 5284//8447 5425//8733
f 5414//8718 5284//8447 5415//8719
f 5413//7296 5049//8174 5431//8720
f 5282//8173 5431//8720 5049//8174
l 3570 4012
l 3187 3196
l 3189 3191
o node5_Part__Mirroring005.000
v -0.039550 -0.035297 0.083039
v -0.037356 -0.037487 0.089833
v -0.038222 -0.036625 0.089704
v -0.040206 -0.034641 0.084837
v -0.039871 -0.034975 0.087897
v -0.039204 -0.035646 0.088964
v -0.040245 -0.034594 0.086472
v -0.036977 -0.037870 0.081765
v -0.038377 -0.036468 0.081983
v -0.035319 -0.040207 0.083645
v -0.038026 -0.037475 0.089875
v -0.036504 -0.038340 0.089637
v -0.036093 -0.039433 0.082482
v -0.036759 -0.038760 0.089620
v -0.037185 -0.038349 0.081808
v -0.036043 -0.039477 0.089047
v -0.035670 -0.039185 0.088991
v -0.035421 -0.040100 0.088177
v -0.034974 -0.039873 0.087896
v -0.034956 -0.040566 0.086727
v -0.034584 -0.040256 0.085308
v -0.034927 -0.040603 0.085117
v -0.036305 -0.039640 0.088834
v -0.038545 -0.037399 0.082093
v -0.036701 -0.039244 0.082404
v -0.037973 -0.037972 0.089580
v -0.035633 -0.040310 0.083984
v -0.035273 -0.040673 0.086234
v -0.037149 -0.038511 0.084286
v -0.037030 -0.038903 0.084389
v -0.037696 -0.038244 0.084167
v -0.037390 -0.038455 0.083359
v -0.037447 -0.038174 0.083831
v -0.036914 -0.037756 0.083551
v -0.036940 -0.037730 0.084011
v -0.036664 -0.038006 0.084266
v -0.036298 -0.039345 0.085760
v -0.036187 -0.039743 0.085877
v -0.036851 -0.039090 0.085662
v -0.036540 -0.039086 0.085036
v -0.036702 -0.039224 0.084764
v -0.036597 -0.039066 0.085478
v -0.036093 -0.038578 0.085038
v -0.036037 -0.038633 0.085635
v -0.035708 -0.038963 0.085724
v -0.036580 -0.039067 0.087614
v -0.036880 -0.039061 0.087805
v -0.036853 -0.038794 0.086872
v -0.037131 -0.038809 0.086800
v -0.037036 -0.038810 0.087380
v -0.036432 -0.038240 0.087033
v -0.036287 -0.038384 0.087540
v -0.035961 -0.038709 0.087559
v -0.038055 -0.037817 0.085311
v -0.038084 -0.037781 0.086269
v -0.037627 -0.038303 0.086287
v -0.038437 -0.037501 0.085721
v -0.038151 -0.037503 0.085821
v -0.037459 -0.037212 0.085377
v -0.037627 -0.037044 0.086000
v -0.037185 -0.037486 0.086203
v -0.038610 -0.037053 0.084232
v -0.039008 -0.036928 0.084248
v -0.038406 -0.037538 0.083150
v -0.038561 -0.037069 0.083395
v -0.038344 -0.037589 0.084334
v -0.039013 -0.036927 0.083438
v -0.038810 -0.036833 0.083855
v -0.038265 -0.036406 0.083551
v -0.038291 -0.036380 0.084011
v -0.038010 -0.036660 0.084272
v -0.039577 -0.036364 0.084673
v -0.039345 -0.036295 0.085750
v -0.039670 -0.036272 0.085905
v -0.039950 -0.035988 0.085248
v -0.039655 -0.035995 0.085376
v -0.039020 -0.035651 0.084940
v -0.039168 -0.035502 0.085347
v -0.038866 -0.035807 0.085786
v -0.039212 -0.036650 0.087676
v -0.039583 -0.036357 0.087521
v -0.039079 -0.036568 0.086714
v -0.039430 -0.036490 0.086627
v -0.039366 -0.036290 0.087199
v -0.038698 -0.035973 0.086759
v -0.038835 -0.035837 0.087400
v -0.038478 -0.036193 0.087592
v -0.037850 -0.037796 0.087560
v -0.037706 -0.038223 0.088570
v -0.037813 -0.037835 0.088444
v -0.038347 -0.037594 0.087624
v -0.038145 -0.037491 0.088024
v -0.038364 -0.037575 0.088355
v -0.037634 -0.037038 0.087819
v -0.037503 -0.037168 0.088370
v -0.037177 -0.037493 0.088389
v -0.037546 -0.038114 0.088162
v -0.037024 -0.037646 0.087985
v -0.037594 -0.038252 0.087788
v -0.037198 -0.037472 0.087595
v -0.037845 -0.038095 0.087364
v -0.038796 -0.036834 0.087462
v -0.038251 -0.036420 0.087313
v -0.038770 -0.036883 0.086960
v -0.038326 -0.036344 0.086867
v -0.038810 -0.037131 0.087542
v -0.038802 -0.037137 0.086785
v -0.039063 -0.036597 0.085472
v -0.038548 -0.036123 0.085400
v -0.039070 -0.036583 0.085100
v -0.038662 -0.036008 0.084953
v -0.039424 -0.036213 0.084867
v -0.039153 -0.036783 0.085768
v -0.039102 -0.036836 0.084925
v -0.038262 -0.037378 0.084119
v -0.037730 -0.036940 0.084011
v -0.038234 -0.037434 0.083585
v -0.037821 -0.036850 0.083453
v -0.038253 -0.037685 0.083448
v -0.037597 -0.038062 0.086106
v -0.037037 -0.037634 0.085617
v -0.037594 -0.038043 0.085471
v -0.037610 -0.038332 0.085396
v -0.036288 -0.039366 0.087191
v -0.035814 -0.038856 0.087209
v -0.035987 -0.038684 0.086746
v -0.036499 -0.039166 0.086761
v -0.036358 -0.039582 0.087519
v -0.036495 -0.039435 0.086595
v -0.036030 -0.039631 0.085472
v -0.035514 -0.039156 0.085400
v -0.036101 -0.039552 0.084946
v -0.035629 -0.039042 0.084953
v -0.036069 -0.039867 0.084925
v -0.036380 -0.038291 0.084011
v -0.036841 -0.038808 0.083883
v -0.036492 -0.038180 0.083419
v -0.037007 -0.038638 0.083423
v -0.036925 -0.039005 0.083384
v -0.038064 -0.037611 0.082570
v -0.038247 -0.037413 0.082300
v -0.038247 -0.037413 0.083140
v -0.037639 -0.038191 0.082300
v -0.037661 -0.038213 0.082566
v -0.037856 -0.037993 0.083140
v -0.038389 -0.037554 0.082300
v -0.037554 -0.038106 0.082600
v -0.037773 -0.037943 0.082866
v -0.038064 -0.037611 0.082874
v -0.037664 -0.037991 0.083496
v -0.037746 -0.038207 0.083521
v -0.039639 -0.036306 0.088838
v -0.040085 -0.035859 0.083386
v -0.040673 -0.035273 0.086234
v -0.040203 -0.035321 0.083637
v -0.039437 -0.036084 0.082486
v -0.039267 -0.036256 0.089274
v -0.038399 -0.037113 0.081830
v -0.040102 -0.035422 0.088174
v -0.040558 -0.034969 0.086779
v -0.040605 -0.034919 0.085140
v -0.039158 -0.035653 0.083473
v -0.038873 -0.035939 0.083099
v -0.039386 -0.035426 0.083862
v -0.038463 -0.036350 0.082741
v -0.039569 -0.035242 0.084317
v -0.039709 -0.035104 0.084806
v -0.038126 -0.036686 0.082556
v -0.037765 -0.037046 0.082433
v -0.039805 -0.035011 0.085480
v -0.037305 -0.037510 0.082400
v -0.039804 -0.035007 0.086030
v -0.039761 -0.035057 0.086528
v -0.036868 -0.037943 0.082481
v -0.039647 -0.035165 0.087031
v -0.036408 -0.038404 0.082701
v -0.039489 -0.035322 0.087506
v -0.035982 -0.038830 0.083054
v -0.035691 -0.039160 0.082572
v -0.039198 -0.035614 0.088074
v -0.035614 -0.039198 0.083526
v -0.034950 -0.039897 0.083757
v -0.038830 -0.035982 0.088546
v -0.035322 -0.039489 0.084094
v -0.038404 -0.036408 0.088898
v -0.035165 -0.039647 0.084569
v -0.035055 -0.039759 0.085072
v -0.037943 -0.036868 0.089118
v -0.035007 -0.039804 0.085570
v -0.037510 -0.037305 0.089200
v -0.034620 -0.040216 0.086598
v -0.035009 -0.039803 0.086121
v -0.037046 -0.037764 0.089167
v -0.035101 -0.039706 0.086794
v -0.036686 -0.038126 0.089044
v -0.035242 -0.039569 0.087283
v -0.036351 -0.038463 0.088859
v -0.035426 -0.039386 0.087738
v -0.035939 -0.038872 0.088501
v -0.035653 -0.039158 0.088127
vn 0.6533 -0.5792 -0.4877
vn 0.6238 -0.5637 -0.5414
vn 0.4613 -0.3969 -0.7935
vn 0.0614 -0.0744 0.9953
vn -0.0072 0.1076 0.9942
vn 0.2256 -0.1836 0.9568
vn 0.4253 -0.3533 -0.8332
vn 0.2726 -0.2099 0.9389
vn 0.0995 -0.0968 -0.9903
vn 0.4677 -0.4055 0.7854
vn 0.1841 -0.1681 -0.9684
vn 0.4357 -0.4005 0.8061
vn 0.6134 -0.5164 0.5976
vn 0.6374 -0.5941 0.4907
vn 0.4021 -0.8807 0.2504
vn 0.7428 -0.6460 0.1755
vn 0.7373 -0.6677 -0.1028
vn 0.3626 -0.9147 -0.1787
vn 0.1086 -0.9915 0.0711
vn -0.2487 -0.9236 0.2917
vn -0.1387 -0.7982 0.5863
vn -0.6047 -0.4029 -0.6870
vn -0.5544 -0.6314 -0.5422
vn -0.5599 -0.6470 -0.5175
vn -0.0678 -0.7490 0.6591
vn -0.0767 -0.5810 -0.8103
vn -0.1932 -0.8335 -0.5176
vn -0.1140 -0.6716 -0.7321
vn -0.4345 -0.6967 0.5709
vn -0.4750 -0.5132 0.7148
vn -0.1245 -0.9118 -0.3914
vn -0.0801 -0.9436 -0.3213
vn -0.6073 -0.4494 0.6552
vn 0.1041 -0.2221 -0.9695
vn -0.3684 -0.8179 0.4420
vn 0.1809 -0.9809 -0.0712
vn -0.3225 -0.8499 -0.4167
vn -0.0905 -0.0905 0.9918
vn -0.0145 -0.1685 0.9856
vn 0.0211 -0.2791 0.9600
vn -0.1748 -0.0221 0.9844
vn 0.6831 -0.6523 0.3284
vn 0.6853 -0.5864 0.4319
vn 0.6696 -0.7114 0.2134
vn 0.6406 -0.7637 0.0794
vn 0.5183 -0.4046 -0.7534
vn 0.4840 -0.4035 -0.7765
vn 0.3769 -0.3964 -0.8371
vn 0.5989 -0.4042 -0.6914
vn 0.0470 -0.2690 -0.9620
vn -0.5142 -0.6021 0.6109
vn 0.2535 -0.9599 0.1200
vn 0.3807 -0.9063 0.1833
vn 0.1372 -0.9886 0.0621
vn 0.4168 -0.8864 0.2014
vn -0.2868 -0.8159 -0.5020
vn 0.0950 -0.0939 0.9910
vn 0.0874 -0.0941 0.9917
vn 0.0946 -0.0939 0.9911
vn 0.1021 -0.0938 0.9903
vn 0.7003 -0.7138 0.0106
vn 0.6778 -0.7342 -0.0385
vn 0.6296 -0.7661 -0.1290
vn 0.7445 -0.6559 0.1246
vn 0.3366 -0.2812 -0.8987
vn 0.4760 -0.3184 -0.8198
vn 0.2270 -0.2489 -0.9415
vn 0.0672 -0.1972 -0.9781
vn -0.2789 -0.8687 -0.4093
vn -0.2451 -0.4970 0.8324
vn -0.2759 -0.5074 0.8164
vn -0.2058 -0.4832 0.8510
vn -0.1958 -0.4790 0.8557
vn 0.0587 -0.9982 -0.0111
vn 0.1726 -0.2680 0.9478
vn 0.1605 -0.1402 0.9770
vn 0.1747 -0.2946 0.9395
vn 0.1820 -0.3981 0.8991
vn 0.7370 -0.6299 0.2451
vn 0.5184 -0.7721 -0.3677
vn 0.2232 -0.1992 -0.9542
vn 0.3328 -0.2417 -0.9115
vn 0.1037 -0.1510 -0.9831
vn -0.0355 -0.0925 -0.9951
vn -0.1757 -0.8526 0.4921
vn 0.1827 -0.8234 -0.5373
vn -0.3018 0.0590 0.9516
vn -0.3576 -0.0153 0.9338
vn -0.3188 0.1573 0.9347
vn 0.5734 -0.6903 0.4413
vn 0.5670 -0.7092 0.4190
vn 0.5457 -0.7604 0.3522
vn 0.5884 -0.6344 0.5013
vn 0.6690 -0.5830 -0.4610
vn 0.0534 -0.3714 -0.9269
vn -0.1168 -0.2424 -0.9631
vn -0.0670 -0.4794 0.8751
vn -0.2537 -0.9099 0.3282
vn 0.4253 -0.9050 -0.0038
vn -0.2923 -0.8859 -0.3602
vn -0.0097 -0.2259 0.9741
vn 0.6750 -0.4412 0.5914
vn 0.6421 -0.7624 0.0796
vn 0.5225 -0.4792 -0.7052
vn 0.4486 -0.4634 -0.7642
vn 0.3418 -0.4353 -0.8329
vn 0.6158 -0.4934 -0.6144
vn 0.0188 -0.8489 0.5282
vn -0.1049 -0.9126 0.3951
vn 0.0709 -0.8126 0.5785
vn -0.1653 -0.9318 0.3231
vn -0.1661 -0.8723 -0.4599
vn 0.0630 -0.8854 -0.4605
vn -0.2769 -0.8487 -0.4506
vn 0.1724 -0.8752 -0.4521
vn -0.1664 0.2119 0.9630
vn -0.1453 0.1262 0.9813
vn -0.0969 -0.0594 0.9935
vn 0.6477 -0.5729 0.5024
vn 0.6936 -0.5579 0.4556
vn 0.6604 -0.5691 0.4900
vn 0.6188 -0.5805 0.5292
vn 0.6603 -0.5691 0.4900
vn 0.4927 -0.4735 -0.7301
vn 0.4884 -0.5224 -0.6990
vn 0.4921 -0.4824 -0.7247
vn 0.4952 -0.4296 -0.7551
vn 0.4927 -0.4734 -0.7301
vn -0.2842 -0.8943 0.3455
vn 0.5665 -0.7954 0.2156
vn -0.6335 -0.7649 -0.1170
vn -0.4290 -0.7822 -0.4519
vn -0.6592 -0.7475 -0.0818
vn 0.6135 -0.6261 0.4813
vn 0.6298 -0.4521 0.6316
vn 0.6080 -0.6495 0.4565
vn 0.5573 -0.7795 0.2860
vn 0.6446 -0.4963 -0.5816
vn 0.1254 -0.3706 -0.9203
vn -0.1134 -0.5454 0.8305
vn -0.3049 -0.8734 0.3798
vn 0.4003 -0.9158 0.0338
vn -0.3271 -0.8419 -0.4291
vn 0.0107 -0.3058 -0.9520
vn 0.1254 -0.3526 0.9273
vn 0.6270 -0.4055 0.6652
vn 0.5571 -0.7687 -0.3141
vn 0.5755 -0.3501 -0.7391
vn -0.0356 -0.0938 -0.9950
vn -0.6839 0.6493 -0.3327
vn -0.3346 0.4926 -0.8034
vn -0.5670 0.5583 -0.6057
vn -0.6841 0.6136 -0.3943
vn -0.7132 0.6824 -0.1601
vn -0.6839 0.6493 -0.3325
vn -0.6973 0.4850 0.5277
vn -0.2169 0.3373 0.9161
vn -0.8676 -0.2812 0.4101
vn -0.8294 -0.3669 -0.4213
vn -0.7686 0.6259 -0.1322
vn -0.3710 0.3572 -0.8572
vn -0.3100 0.3343 -0.8900
vn -0.4501 0.3859 -0.8053
vn -0.5163 0.4081 -0.7529
vn -0.6723 0.7401 0.0160
vn -0.6201 0.7770 -0.1081
vn -0.7007 0.7061 0.1024
vn -0.7310 0.6420 0.2312
vn -0.2666 0.2639 0.9270
vn -0.2938 0.3924 0.8716
vn -0.2509 0.1961 0.9479
vn -0.2174 0.0656 0.9739
vn -0.5167 -0.1999 -0.8325
vn -0.9922 0.1171 -0.0438
vn -0.9974 0.0681 -0.0216
vn -0.9829 0.1711 -0.0680
vn -0.9990 0.0442 -0.0109
vn -0.2391 0.0051 0.9710
vn -0.7614 -0.2995 0.5749
vn -0.4262 0.4235 -0.7994
vn -0.4464 0.4240 -0.7880
vn -0.4965 0.4243 -0.7573
vn -0.3662 0.4206 -0.8300
vn -0.7003 0.6980 0.1497
vn -0.6734 0.7381 0.0412
vn -0.7172 0.6499 0.2514
vn -0.7241 0.6005 0.3392
vn -0.2037 0.3757 0.9041
vn -0.4352 -0.2033 -0.8771
vn -0.8190 -0.3386 -0.4632
vn -0.9795 0.2009 -0.0177
vn -0.9536 0.2949 -0.0606
vn -0.9937 0.1099 0.0228
vn -0.9399 0.3325 -0.0780
vn -0.6669 -0.2799 0.6906
vn -0.6444 -0.2657 0.7170
vn -0.7064 -0.3052 0.6386
vn -0.7324 -0.3219 0.6000
vn -0.2233 0.2771 -0.9345
vn -0.0904 0.2374 -0.9672
vn -0.3157 0.3024 -0.8994
vn -0.4438 0.3325 -0.8321
vn -0.7129 0.7006 0.0310
vn -0.7342 0.6732 0.0878
vn -0.7717 0.5961 0.2217
vn -0.6451 0.7557 -0.1131
vn -0.1704 0.3300 0.9285
vn -0.6161 -0.4316 -0.6589
vn -0.9842 0.1561 -0.0841
vn -0.9671 0.2263 -0.1161
vn -0.9920 0.1094 -0.0627
vn -0.9612 0.2458 -0.1250
vn -0.8265 -0.3758 0.4190
vn -0.8764 -0.4161 0.2427
vn -0.8191 -0.3706 0.4379
vn -0.7049 -0.2955 0.6448
vn -0.1595 0.2731 -0.9487
vn -0.6774 0.7210 -0.1456
vn -0.7388 0.5848 -0.3348
vn -0.6897 0.7024 -0.1760
vn -0.5951 0.8034 0.0203
vn -0.6774 0.7211 -0.1456
vn -0.3576 -0.0152 0.9338
vn -0.3592 0.1621 0.9191
vn -0.5128 -0.4732 -0.7163
vn -0.9973 0.0718 -0.0176
vn -0.9949 0.1004 -0.0084
vn -0.9927 0.1206 -0.0019
vn -0.9978 0.0627 -0.0206
vn -0.4096 -0.2059 0.8887
vn -0.4821 0.5987 -0.6397
vn -0.4042 0.5918 -0.6974
vn -0.5317 0.6000 -0.5978
vn -0.6207 0.5949 -0.5106
vn -0.6007 0.6059 0.5216
vn -0.6560 0.5939 0.4659
vn -0.6184 0.6026 0.5045
vn -0.5607 0.6119 0.5578
vn -0.5370 -0.0771 -0.8401
vn -0.8708 -0.3054 -0.3853
vn -0.7931 0.5720 0.2092
vn -0.9126 -0.2229 0.3426
vn -0.4316 0.4930 -0.7554
vn -0.4911 0.5046 -0.7101
vn -0.5644 0.5154 -0.6449
vn -0.3569 0.4754 -0.8042
vn -0.6678 0.7001 0.2528
vn -0.6488 0.7348 0.1979
vn -0.6770 0.6796 0.2825
vn -0.6924 0.6362 0.3404
vn -0.8335 -0.3553 -0.4231
vn -0.9869 -0.1100 0.1177
vn -0.8269 0.5351 -0.1727
vn -0.3373 -0.0977 0.9363
vn -0.4148 0.4782 -0.7741
vn -0.4038 0.3532 -0.8439
vn -0.4125 0.4424 -0.7963
vn -0.4172 0.5506 -0.7230
vn -0.6689 0.6446 0.3703
vn -0.7519 0.6071 0.2570
vn -0.6914 0.6363 0.3421
vn -0.5884 0.6656 0.4590
vn -0.2333 -0.1532 0.9603
vn -0.8510 -0.3584 -0.3839
vn -0.7243 0.6742 -0.1441
vn -0.9388 -0.2359 0.2512
vn -0.7566 -0.6538 0.0085
vn -0.7670 -0.6371 -0.0756
vn -0.7608 -0.6477 0.0417
vn -0.7811 -0.6197 -0.0766
vn -0.7812 -0.6177 -0.0905
vn -0.7533 -0.6543 -0.0663
vn -0.6610 -0.7408 -0.1198
vn -0.6395 -0.7280 -0.2470
vn -0.0399 -0.0264 -0.9989
vn 0.6317 -0.7752 0.0042
vn 0.6942 -0.7194 0.0243
vn 0.6174 -0.7867 -0.0000
vn 0.7068 -0.7068 0.0285
vn -0.0000 -0.0000 1.0000
vn -0.1807 -0.1269 0.9753
vn 0.9107 -0.3690 -0.1858
vn -0.7360 0.6723 -0.0797
vn -0.9122 0.3818 -0.1485
vn -0.9288 0.3357 -0.1570
vn -0.6952 0.7157 -0.0666
vn -0.6399 -0.7663 -0.0580
vn -0.5684 -0.8220 0.0357
vn -0.7058 -0.7085 -0.0011
vn -0.6825 -0.7308 0.0089
vn -0.7086 -0.7056 0.0050
vn -0.7119 -0.7023 -0.0067
vn -0.7058 -0.7084 -0.0083
vn -0.6962 -0.7175 -0.0213
vn -0.7132 -0.7008 0.0149
vn -0.6888 -0.7248 0.0140
vn -0.7009 -0.7131 0.0149
vn -0.6941 -0.7198 -0.0041
vn -0.7050 -0.7092 0.0042
vn -0.7126 -0.7016 0.0008
vn -0.7124 -0.7018 -0.0017
vn -0.7101 -0.7041 0.0004
vn -0.7127 -0.7015 -0.0001
vn -0.7228 -0.6901 -0.0358
vn -0.7143 -0.6995 -0.0217
vn -0.7042 -0.7100 0.0046
vn -0.6923 -0.7214 -0.0186
vn -0.7065 -0.7077 0.0027
vn -0.7051 -0.7091 0.0022
vn -0.7084 -0.7059 0.0010
vn -0.7208 -0.6931 0.0028
vn -0.7052 -0.7090 0.0032
vn -0.6747 -0.7369 -0.0417
vn -0.7060 -0.7083 0.0006
vn -0.7046 -0.7096 -0.0002
vn -0.7049 -0.7093 0.0001
vn -0.7025 -0.7116 -0.0001
vn -0.6991 -0.7150 -0.0083
vn -0.7070 -0.7072 -0.0008
vn -0.7099 -0.7043 -0.0032
vn -0.7558 -0.6547 -0.0133
vn -0.7301 -0.6833 -0.0013
vn -0.5004 -0.3682 0.7836
vn -0.7101 -0.7041 -0.0033
vn -0.5853 -0.8094 -0.0476
vn -0.6796 -0.7335 -0.0099
vn -0.6368 -0.7691 -0.0544
vn -0.6816 -0.7297 -0.0547
vn -0.6451 -0.7597 -0.0816
vn -0.6954 -0.7139 -0.0820
vn -0.7106 -0.7036 0.0031
vn -0.7031 -0.7110 0.0115
vn -0.7060 -0.7082 0.0042
vn -0.7054 -0.7088 -0.0010
vn -0.7225 -0.6914 -0.0075
vn -0.7044 -0.7097 -0.0159
vn -0.7306 -0.6823 0.0269
vn -0.7037 -0.7103 0.0172
vn -0.6970 -0.7166 0.0257
vn -0.9573 -0.2464 -0.1514
vn -0.8093 0.3759 -0.4514
vn -0.8661 -0.0299 -0.4990
vn -0.7582 -0.0599 0.6493
vn -0.6169 0.1083 -0.7795
vn -0.5512 0.0842 0.8301
vn -0.5965 -0.3578 -0.7184
vn -0.5527 0.5663 0.6115
vn -0.9221 -0.2968 0.2484
vn -0.9260 -0.2822 0.2506
vn -0.9806 0.1675 0.1016
vn -0.8821 0.3852 0.2711
vn -0.6898 0.7144 -0.1177
vn -0.9550 -0.2596 -0.1436
vn -0.6820 0.7190 0.1338
vn -0.5895 0.6402 0.4925
vn -0.0473 0.2049 -0.9776
vn -0.2242 0.2761 -0.9346
vn -0.4427 0.4672 0.7654
vn -0.5379 0.5015 -0.6776
vn -0.2567 0.1770 0.9501
vn -0.6476 0.7131 -0.2685
vn 0.6898 0.7232 -0.0342
vn 0.6858 0.7273 -0.0265
vn 0.6879 0.7254 -0.0242
vn 0.6835 0.7297 -0.0210
vn 0.6971 0.7160 -0.0367
vn 0.6945 0.7188 -0.0330
vn 0.6786 0.7343 -0.0194
vn 0.6804 0.7328 -0.0095
vn 0.6808 0.7324 -0.0097
vn 0.6982 0.7150 -0.0345
vn 0.7033 0.7097 -0.0414
vn 0.6813 0.7320 -0.0048
vn 0.7109 0.7022 -0.0388
vn 0.7081 0.7053 -0.0338
vn 0.6845 0.7290 0.0008
vn 0.6858 0.7278 0.0052
vn 0.6909 0.7229 0.0037
vn 0.7127 0.7004 -0.0371
vn 0.6840 0.7294 0.0124
vn 0.6831 0.7300 0.0218
vn 0.7205 0.6922 -0.0416
vn 0.6829 0.7303 0.0191
vn 0.7250 0.6878 -0.0358
vn 0.7240 0.6889 -0.0357
vn 0.6846 0.7284 0.0292
vn 0.7289 0.6840 -0.0300
vn 0.6878 0.7251 0.0339
vn 0.7309 0.6821 -0.0216
vn 0.6893 0.7236 0.0355
vn 0.7302 0.6830 -0.0197
vn 0.6929 0.7201 0.0372
vn 0.6984 0.7148 0.0372
vn 0.7318 0.6814 -0.0140
vn 0.7292 0.6842 -0.0061
vn 0.7268 0.6869 -0.0056
vn 0.7022 0.7109 0.0396
vn 0.7284 0.6851 -0.0036
vn 0.7037 0.7096 0.0348
vn 0.7057 0.7076 0.0350
vn 0.7294 0.6841 0.0066
vn 0.7275 0.6861 0.0007
vn 0.7100 0.7033 0.0360
vn 0.7299 0.6834 0.0135
vn 0.7167 0.6964 0.0358
vn 0.7152 0.6981 0.0336
vn 0.7300 0.6830 0.0239
vn 0.7299 0.6832 0.0202
vn 0.7186 0.6947 0.0328
vn 0.7295 0.6836 0.0232
vn 0.7268 0.6859 0.0367
vn 0.7281 0.6844 0.0377
vn 0.7299 0.6828 0.0334
s 1
usemtl Part__Mirroring005_004_001.001
f 5613//8736 5441//8737 5610//8738
f 5433//8739 5442//8740 5443//8741
f 5441//8737 5444//8742 5610//8738
f 5442//8740 5445//8743 5443//8741
f 5610//8738 5444//8742 5439//8744
f 5443//8741 5445//8743 5448//8745
f 5444//8742 5446//8746 5439//8744
f 5445//8743 5447//8747 5448//8745
f 5447//8747 5449//8748 5448//8745
f 5448//8745 5449//8748 5450//8749
f 5449//8748 5451//8750 5450//8749
f 5450//8749 5451//8750 5622//8751
f 5622//8751 5451//8750 5452//8752
f 5451//8750 5453//8753 5452//8752
f 5452//8752 5453//8753 5613//8736
f 5453//8753 5441//8737 5613//8736
f 5459//8754 5449//8755 5454//8756
f 5451//8750 5449//8755 5459//8754
f 5455//8757 5446//8758 5456//8759
f 5449//8755 5447//8760 5454//8756
f 5446//8761 5444//8762 5456//8763
f 5447//8760 5445//8764 5454//8756
f 5454//8756 5445//8764 5457//8765
f 5456//8763 5441//8766 5458//8767
f 5444//8762 5441//8766 5456//8763
f 5445//8764 5442//8768 5457//8765
f 5458//8767 5453//8753 5459//8754
f 5441//8766 5453//8753 5458//8767
f 5453//8753 5451//8750 5459//8754
f 5460//8769 5461//8769 5462//8769
f 5582//8770 5463//8770 5464//8770
f 5462//8771 5582//8771 5464//8771
f 5462//8772 5464//8772 5460//8772
f 5463//8773 5568//8774 5465//8775
f 5463//8773 5569//8776 5568//8774
f 5464//8777 5463//8778 5465//8779
f 5464//8777 5465//8779 5466//8780
f 5460//8781 5466//8782 5467//8783
f 5460//8781 5464//8784 5466//8782
f 5468//8785 5469//8785 5470//8785
f 5472//8786 5563//8786 5471//8786
f 5470//8787 5471//8788 5473//8789
f 5470//8787 5472//8790 5471//8788
f 5470//8791 5473//8791 5468//8791
f 5563//8792 5564//8793 5474//8794
f 5471//8795 5563//8792 5474//8794
f 5473//8796 5474//8797 5475//8798
f 5473//8796 5471//8799 5474//8797
f 5468//8800 5473//8801 5475//8802
f 5468//8800 5475//8802 5476//8803
f 5477//8804 5478//8804 5481//8804
f 5560//8805 5558//8806 5479//8807
f 5479//8807 5480//8808 5560//8805
f 5481//8809 5480//8809 5479//8809
f 5479//8810 5558//8811 5557//8812
f 5479//8810 5557//8812 5482//8813
f 5481//8814 5479//8814 5482//8814
f 5481//8815 5482//8815 5483//8815
f 5477//8816 5481//8817 5483//8818
f 5477//8816 5483//8818 5484//8819
f 5488//8820 5485//8820 5489//8820
f 5486//8821 5488//8821 5489//8821
f 5485//8822 5553//8823 5490//8824
f 5489//8825 5490//8826 5491//8827
f 5489//8825 5485//8828 5490//8826
f 5486//8829 5489//8829 5491//8829
f 5486//8830 5491//8830 5492//8830
f 5494//8831 5493//8831 5497//8831
f 5496//8832 5498//8832 5495//8832
f 5498//8833 5496//8833 5499//8833
f 5494//8834 5498//8834 5499//8834
f 5494//8835 5499//8835 5493//8835
f 5496//8836 5549//8836 5500//8836
f 5499//8837 5496//8837 5500//8837
f 5499//8838 5500//8838 5501//8838
f 5493//8839 5501//8840 5502//8841
f 5493//8839 5499//8842 5501//8840
f 5543//8843 5506//8844 5503//8845
f 5506//8844 5543//8843 5507//8846
f 5505//8847 5507//8848 5504//8849
f 5505//8847 5506//8850 5507//8848
f 5543//8851 5542//8852 5508//8853
f 5543//8854 5508//8855 5509//8856
f 5507//8857 5543//8854 5509//8858
f 5507//8859 5509//8860 5510//8861
f 5504//8862 5507//8863 5510//8861
f 5514//8864 5513//8864 5515//8864
f 5512//8865 5514//8865 5515//8865
f 5512//8866 5515//8867 5511//8868
f 5515//8869 5513//8870 5516//8871
f 5515//8869 5516//8871 5517//8872
f 5511//8873 5515//8873 5517//8873
f 5511//8874 5517//8874 5518//8874
f 5519//8875 5522//8875 5532//8875
f 5522//8876 5519//8876 5523//8876
f 5524//8877 5522//8877 5523//8877
f 5524//8878 5523//8878 5521//8878
f 5521//8879 5520//8879 5524//8879
f 5519//8880 5531//8880 5525//8880
f 5523//8881 5519//8881 5525//8881
f 5523//8882 5525//8882 5526//8882
f 5521//8883 5523//8883 5526//8883
f 5521//8884 5526//8884 5527//8884
f 5528//8885 5521//8886 5527//8887
f 5528//8885 5527//8887 5529//8888
f 5530//8889 5528//8890 5529//8888
f 5530//8891 5529//8891 5531//8891
f 5519//8892 5530//8892 5531//8892
f 5519//8893 5532//8893 5530//8893
f 5520//8894 5521//8894 5528//8894
f 5530//8889 5520//8895 5528//8890
f 5533//8896 5511//8897 5518//8898
f 5533//8896 5518//8898 5534//8899
f 5535//8900 5533//8901 5534//8902
f 5535//8900 5534//8902 5536//8903
f 5513//8904 5535//8905 5536//8906
f 5513//8904 5536//8906 5516//8907
f 5533//8908 5537//8908 5511//8908
f 5538//8909 5533//8910 5535//8911
f 5538//8909 5537//8912 5533//8910
f 5513//8913 5514//8913 5538//8913
f 5513//8914 5538//8914 5535//8914
f 5539//8915 5510//8916 5540//8917
f 5539//8915 5504//8918 5510//8916
f 5541//8919 5539//8920 5540//8921
f 5541//8919 5540//8921 5542//8922
f 5543//8851 5541//8923 5542//8852
f 5544//8924 5505//8924 5504//8924
f 5544//8925 5504//8925 5539//8925
f 5545//8926 5539//8927 5541//8928
f 5545//8926 5544//8929 5539//8927
f 5543//8930 5503//8931 5545//8932
f 5543//8930 5545//8932 5541//8933
f 5546//8934 5493//8935 5502//8936
f 5546//8934 5502//8936 5547//8937
f 5548//8938 5547//8939 5549//8940
f 5548//8938 5546//8941 5547//8939
f 5496//8942 5548//8942 5549//8942
f 5497//8943 5493//8943 5546//8943
f 5550//8944 5546//8945 5548//8946
f 5550//8944 5497//8947 5546//8945
f 5496//8948 5495//8949 5550//8950
f 5496//8948 5550//8950 5548//8951
f 5551//8952 5486//8952 5492//8952
f 5551//8953 5492//8954 5552//8955
f 5553//8956 5551//8957 5552//8955
f 5553//8958 5552//8959 5490//8824
f 5487//8960 5486//8960 5551//8960
f 5553//8961 5487//8962 5551//8963
f 5553//8961 5554//8964 5487//8962
f 5553//8823 5485//8822 5554//8965
f 5555//8966 5477//8967 5484//8968
f 5555//8966 5484//8968 5556//8969
f 5555//8970 5556//8971 5557//8972
f 5558//8973 5555//8970 5557//8972
f 5477//8974 5559//8974 5478//8974
f 5559//8975 5477//8975 5555//8975
f 5555//8976 5560//8976 5559//8976
f 5558//8977 5560//8977 5555//8977
f 5561//8978 5476//8979 5562//8980
f 5561//8978 5468//8981 5476//8979
f 5563//8982 5561//8983 5562//8984
f 5563//8982 5562//8984 5564//8985
f 5469//8986 5468//8986 5561//8986
f 5565//8987 5561//8987 5563//8987
f 5565//8988 5469//8988 5561//8988
f 5563//8989 5472//8989 5565//8989
f 5460//8990 5467//8991 5566//8992
f 5567//8993 5460//8990 5566//8992
f 5567//8994 5566//8995 5568//8996
f 5569//8997 5567//8994 5568//8996
f 5570//8998 5569//8776 5463//8773
f 5461//8999 5460//8999 5567//8999
f 5570//9000 5461//9000 5567//9000
f 5570//9001 5567//9001 5569//9001
f 5571//9002 5580//9003 5572//9004
f 5580//9003 5573//9005 5572//9004
f 5572//9004 5574//9006 5571//9002
f 5574//9006 5575//9007 5571//9002
f 5579//9008 5576//9009 5580//9003
f 5580//9003 5576//9009 5573//9005
f 5576//9010 5495//9010 5573//9010
f 5495//9011 5572//9012 5573//9013
f 5495//9011 5577//9014 5572//9012
f 5577//9015 5574//9015 5572//9015
f 5571//9016 5575//9016 5578//9016
f 5582//9017 5579//9017 5581//9017
f 5578//9018 5582//9019 5581//9020
f 5575//9021 5582//9019 5578//9018
f 5579//9008 5580//9003 5571//9002
f 5578//9022 5581//9023 5579//9008
f 5578//9022 5579//9008 5571//9002
f 5545//9024 5488//9025 5544//9026
f 5524//9027 5457//9028 5583//9029
f 5462//9030 5485//9031 5497//9032
f 5544//9026 5538//9033 5514//9034
f 5544//9026 5488//9025 5538//9033
f 5565//9035 5459//9036 5469//9037
f 5530//9038 5478//9039 5520//9040
f 5481//9041 5478//9039 5530//9038
f 5520//9040 5457//9028 5524//9027
f 5455//9042 5498//9043 5584//9044
f 5455//9042 5495//9045 5498//9043
f 5462//9030 5554//9046 5485//9031
f 5461//9047 5554//9046 5462//9030
f 5577//9048 5495//9045 5455//9042
f 5503//9049 5506//9050 5584//9044
f 5498//9043 5494//9051 5584//9044
f 5584//9044 5506//9050 5585//9052
f 5494//9051 5503//9049 5584//9044
f 5488//9025 5486//9053 5538//9033
f 5469//9037 5459//9036 5560//9054
f 5520//9040 5454//9055 5457//9028
f 5570//9056 5456//9057 5461//9047
f 5478//9039 5454//9055 5520//9040
f 5456//9058 5574//9058 5455//9058
f 5560//9054 5459//9036 5559//9059
f 5459//9036 5454//9055 5559//9059
f 5511//8868 5583//9029 5512//8866
f 5559//9059 5454//9055 5478//9039
f 5582//9060 5575//9007 5463//9061
f 5494//9051 5545//9024 5503//9049
f 5495//9062 5576//9009 5550//9063
f 5574//9064 5577//9048 5455//9042
f 5579//9008 5582//9065 5576//9009
f 5456//9057 5575//9007 5574//9006
f 5456//9057 5458//9066 5461//9047
f 5506//9050 5505//9067 5585//9052
f 5461//9047 5472//9068 5554//9046
f 5497//9032 5545//9024 5494//9051
f 5472//9068 5470//9069 5554//9046
f 5458//9066 5472//9068 5461//9047
f 5554//9046 5470//9069 5487//9070
f 5576//9009 5582//9065 5550//9063
f 5538//9033 5522//9071 5537//9072
f 5486//9053 5522//9071 5538//9033
f 5458//9066 5565//9035 5472//9068
f 5486//9053 5532//9073 5522//9071
f 5487//9070 5532//9073 5486//9053
f 5522//9071 5524//9027 5537//9072
f 5537//9072 5524//9027 5511//8868
f 5524//9027 5583//9029 5511//8868
f 5550//9063 5582//9065 5497//9032
f 5456//9057 5463//9061 5575//9007
f 5582//9065 5462//9030 5497//9032
f 5456//9057 5570//9056 5463//9061
f 5470//9069 5480//9074 5487//9070
f 5505//9067 5514//9034 5585//9052
f 5470//9069 5560//9054 5480//9074
f 5544//9026 5514//9034 5505//9067
f 5487//9070 5480//9074 5532//9073
f 5469//9037 5560//9054 5470//9069
f 5514//9034 5512//8866 5585//9052
f 5585//9052 5512//8866 5583//9029
f 5480//9074 5481//9041 5532//9073
f 5532//9073 5481//9041 5530//9038
f 5497//9032 5488//9025 5545//9024
f 5485//9031 5488//9025 5497//9032
f 5458//9066 5459//9036 5565//9035
f 5592//9075 5586//9076 5584//9077
f 5457//8765 5442//8768 5583//9078
f 5586//9076 5587//9079 5584//9077
f 5442//8768 5588//9080 5583//9078
f 5584//9077 5587//9079 5455//8757
f 5587//9079 5589//9081 5455//8757
f 5588//9080 5590//9082 5583//9078
f 5589//9081 5446//8758 5455//8757
f 5583//9083 5590//9084 5585//9085
f 5590//9084 5591//9086 5585//9085
f 5591//9086 5592//9087 5585//9085
f 5585//9088 5592//9075 5584//9077
f 5438//9089 5591//9086 5436//9090
f 5591//9086 5590//9082 5436//9090
f 5446//8746 5589//9091 5439//8744
f 5439//8744 5589//9091 5440//9092
f 5436//9090 5590//9082 5437//9093
f 5590//9082 5588//9080 5437//9093
f 5589//9091 5587//9079 5440//9092
f 5440//9092 5587//9079 5432//9094
f 5437//9093 5588//9080 5434//9095
f 5588//9080 5442//8740 5434//9095
f 5587//9079 5586//9076 5432//9094
f 5434//9095 5442//8740 5433//8739
f 5432//9094 5586//9076 5435//9096
f 5586//9076 5592//9087 5435//9096
f 5435//9096 5592//9087 5438//9089
f 5592//9087 5591//9086 5438//9089
f 5594//9097 5432//9098 5593//9099
f 5595//9100 5593//9099 5432//9098
f 5594//9097 5440//9101 5432//9098
f 5596//9102 5440//9101 5594//9097
f 5597//9103 5432//9098 5435//9104
f 5597//9103 5595//9100 5432//9098
f 5598//9105 5597//9103 5435//9104
f 5599//9106 5440//9101 5596//9102
f 5600//9107 5440//9101 5599//9106
f 5601//9108 5598//9105 5435//9104
f 5600//9107 5439//9109 5440//9101
f 5602//9110 5439//9109 5600//9107
f 5603//9111 5435//9104 5438//9112
f 5603//9111 5601//9108 5435//9104
f 5604//9113 5603//9111 5438//9112
f 5605//9114 5439//9109 5602//9110
f 5606//9115 5604//9113 5438//9112
f 5606//9115 5438//9112 5436//9116
f 5607//9117 5439//9109 5605//9114
f 5608//9118 5606//9115 5436//9116
f 5607//9117 5610//9119 5439//9109
f 5609//9120 5610//9119 5607//9117
f 5611//9121 5608//9118 5436//9116
f 5612//9122 5610//9119 5609//9120
f 5437//9123 5611//9121 5436//9116
f 5613//9124 5610//9119 5612//9122
f 5614//9125 5611//9121 5437//9123
f 5613//9124 5612//9122 5615//9126
f 5616//9127 5614//9125 5437//9123
f 5434//9128 5616//9127 5437//9123
f 5613//9124 5615//9126 5617//9129
f 5452//9130 5617//9129 5618//9131
f 5452//9130 5613//9124 5617//9129
f 5434//9128 5619//9132 5616//9127
f 5452//9130 5618//9131 5620//9133
f 5434//9128 5621//9134 5619//9132
f 5433//9135 5621//9134 5434//9128
f 5622//9136 5452//9130 5620//9133
f 5622//9136 5620//9133 5623//9137
f 5433//9135 5624//9138 5621//9134
f 5622//9136 5623//9137 5625//9139
f 5443//9140 5624//9138 5433//9135
f 5443//9140 5626//9141 5624//9138
f 5450//9142 5622//9136 5625//9139
f 5450//9142 5625//9139 5627//9143
f 5443//9140 5628//9144 5626//9141
f 5450//9142 5627//9143 5629//9145
f 5443//9140 5630//9146 5628//9144
f 5448//9147 5630//9146 5443//9140
f 5450//9142 5629//9145 5631//9148
f 5448//9147 5450//9142 5631//9148
f 5448//9147 5631//9148 5630//9146
o node6_Part__Mirroring006.000
v -0.034831 -0.039575 0.086481
v -0.034753 -0.039436 0.085908
v -0.034798 -0.039403 0.086334
v -0.036334 -0.038273 0.082226
v -0.034937 -0.039645 0.087330
v -0.037361 -0.036699 0.081568
v -0.036470 -0.037398 0.081587
v -0.034430 -0.039463 0.088132
v -0.034852 -0.039349 0.086683
v -0.035640 -0.038930 0.082621
v -0.035386 -0.038911 0.082436
v -0.034654 -0.039930 0.086988
v -0.034614 -0.039827 0.087583
v -0.034983 -0.039223 0.087194
v -0.034841 -0.039251 0.088687
v -0.035199 -0.039309 0.088584
v -0.036446 -0.038133 0.089218
v -0.035268 -0.039253 0.087945
v -0.037149 -0.037455 0.082036
v -0.036577 -0.037974 0.082356
v -0.035602 -0.039004 0.088706
v -0.035261 -0.039084 0.087812
v -0.035240 -0.038976 0.087753
v -0.035776 -0.038805 0.082874
v -0.035177 -0.038636 0.089299
v -0.035562 -0.038746 0.089320
v -0.036173 -0.038404 0.089409
v -0.036848 -0.037353 0.082519
v -0.036689 -0.037728 0.082458
v -0.036502 -0.037717 0.082631
v -0.036892 -0.037405 0.081639
v -0.037064 -0.037472 0.081830
v -0.035514 -0.038694 0.088204
v -0.035957 -0.038127 0.089765
v -0.035944 -0.038532 0.088728
v -0.037466 -0.037021 0.082339
v -0.035840 -0.038376 0.088555
v -0.037114 -0.037093 0.082506
v -0.036288 -0.038137 0.089676
v -0.035929 -0.038278 0.082956
v -0.036427 -0.037972 0.089021
v -0.036121 -0.038080 0.088795
v -0.036561 -0.037524 0.089989
v -0.036121 -0.038080 0.082805
v -0.035704 -0.038723 0.083120
v -0.034945 -0.038960 0.082621
v -0.035552 -0.038435 0.082063
v -0.036355 -0.037845 0.088927
v -0.036974 -0.036933 0.090066
v -0.036599 -0.037602 0.089023
v -0.036938 -0.037437 0.089924
v -0.035688 -0.038513 0.083173
v -0.037012 -0.037461 0.089250
v -0.035472 -0.038744 0.083467
v -0.037472 -0.037064 0.089770
v -0.034613 -0.039367 0.083193
v -0.036848 -0.037353 0.089081
v -0.037426 -0.037177 0.089566
v -0.034817 -0.039538 0.083327
v -0.037093 -0.037114 0.089094
v -0.036152 -0.038023 0.081790
v -0.035906 -0.037855 0.081777
v -0.034226 -0.039584 0.083838
v -0.034095 -0.040015 0.086560
v -0.035308 -0.039207 0.083629
v -0.034123 -0.039666 0.087468
v -0.035098 -0.039517 0.083664
v -0.034461 -0.039723 0.087795
v -0.034697 -0.039837 0.084161
v -0.034427 -0.039941 0.084400
v -0.034009 -0.039791 0.084582
v -0.035047 -0.039156 0.084237
v -0.034922 -0.039592 0.084563
v -0.036270 -0.038149 0.081921
v -0.034206 -0.040074 0.085239
v -0.033938 -0.039964 0.085578
v -0.034353 -0.040071 0.086468
v -0.034898 -0.039301 0.084684
v -0.034593 -0.040016 0.085332
v -0.034798 -0.039403 0.085266
v -0.034752 -0.039800 0.085856
v -0.035698 -0.037588 0.081990
v -0.036156 -0.037276 0.081734
v -0.034631 -0.038948 0.087039
v -0.034549 -0.038675 0.087863
v -0.035288 -0.037898 0.082499
v -0.034317 -0.038956 0.087053
v -0.034842 -0.038750 0.087618
v -0.034115 -0.039081 0.086864
v -0.035099 -0.038192 0.082406
v -0.033863 -0.039746 0.086583
v -0.034030 -0.039318 0.087466
v -0.034250 -0.039254 0.088031
v -0.034427 -0.038814 0.088307
v -0.035903 -0.037482 0.089018
v -0.035947 -0.037265 0.089288
v -0.035051 -0.038542 0.088008
v -0.036792 -0.036792 0.082500
v -0.036533 -0.037046 0.082525
v -0.035067 -0.038211 0.088540
v -0.036147 -0.037032 0.082063
v -0.036336 -0.036955 0.082337
v -0.035425 -0.037799 0.082615
v -0.035380 -0.038204 0.088427
v -0.035813 -0.037569 0.082632
v -0.033973 -0.039225 0.086914
v -0.034759 -0.038549 0.088842
v -0.035746 -0.037843 0.088758
v -0.035077 -0.038103 0.088893
v -0.036291 -0.037294 0.082577
v -0.034603 -0.039025 0.088640
v -0.035402 -0.037811 0.089343
v -0.036047 -0.037537 0.082673
v -0.035812 -0.037772 0.082805
v -0.036047 -0.037537 0.088927
v -0.035296 -0.038240 0.089447
v -0.035769 -0.037597 0.089685
v -0.035875 -0.037834 0.089816
v -0.036418 -0.037173 0.089074
v -0.035117 -0.038247 0.083170
v -0.035589 -0.037995 0.082972
v -0.035380 -0.038204 0.083173
v -0.036792 -0.036792 0.089100
v -0.036784 -0.036496 0.089276
v -0.036253 -0.037048 0.089804
v -0.035107 -0.038461 0.083524
v -0.034749 -0.038456 0.083298
v -0.036378 -0.037252 0.089978
v -0.034481 -0.038729 0.083277
v -0.036869 -0.036571 0.089947
v -0.034859 -0.038718 0.083957
v -0.036918 -0.036424 0.081726
v -0.036658 -0.036982 0.081578
v -0.034432 -0.038793 0.083993
v -0.034635 -0.038945 0.084544
v -0.034746 -0.038689 0.082721
v -0.034013 -0.039190 0.084430
v -0.034484 -0.039152 0.083163
v -0.035426 -0.038231 0.082057
v -0.034503 -0.038935 0.084559
v -0.034262 -0.039001 0.084691
v -0.034500 -0.039084 0.085111
v -0.034093 -0.039288 0.083928
v -0.036397 -0.036847 0.081850
v -0.034461 -0.039109 0.085899
v -0.034236 -0.039100 0.085914
v -0.033811 -0.039665 0.085219
v -0.033824 -0.039545 0.086486
v -0.033854 -0.039322 0.085641
v -0.034524 -0.039029 0.086677
v -0.037141 -0.036113 0.089724
v -0.039997 -0.034108 0.084952
v -0.037891 -0.035294 0.089125
v -0.037995 -0.035256 0.089287
v -0.037489 -0.035921 0.089790
v -0.039020 -0.034555 0.084869
v -0.038889 -0.034382 0.084329
v -0.038044 -0.035265 0.088640
v -0.038740 -0.034848 0.083972
v -0.038564 -0.034811 0.083652
v -0.039071 -0.034128 0.084697
v -0.038542 -0.034926 0.089093
v -0.039318 -0.034031 0.084132
v -0.039746 -0.033863 0.085017
v -0.039666 -0.034123 0.084132
v -0.039254 -0.034250 0.083568
v -0.038745 -0.034598 0.082944
v -0.037432 -0.035863 0.082524
v -0.038528 -0.034676 0.083364
v -0.037426 -0.035760 0.082129
v -0.038571 -0.035014 0.083663
v -0.037045 -0.036540 0.089081
v -0.037278 -0.036299 0.089019
v -0.036909 -0.036269 0.089553
v -0.039463 -0.034430 0.083467
v -0.037354 -0.035854 0.089258
v -0.038194 -0.035359 0.083173
v -0.037569 -0.035813 0.088968
v -0.039225 -0.033973 0.084689
v -0.037998 -0.035273 0.082865
v -0.039247 -0.034858 0.082898
v -0.037843 -0.035745 0.082843
v -0.039025 -0.034603 0.082960
v -0.038633 -0.034564 0.083190
v -0.038434 -0.035199 0.082234
v -0.037537 -0.036047 0.088927
v -0.038099 -0.035226 0.082277
v -0.037772 -0.035812 0.088795
v -0.038717 -0.035262 0.082317
v -0.037537 -0.036047 0.082673
v -0.037595 -0.035766 0.081919
v -0.037834 -0.035875 0.081784
v -0.037173 -0.036418 0.082526
v -0.038120 -0.035958 0.081832
v -0.037995 -0.035589 0.088628
v -0.037042 -0.036171 0.082281
v -0.038204 -0.035380 0.088427
v -0.038450 -0.035118 0.088090
v -0.038399 -0.034924 0.088201
v -0.037252 -0.036378 0.081622
v -0.038440 -0.035548 0.089533
v -0.038937 -0.034952 0.088996
v -0.038718 -0.034859 0.087643
v -0.038649 -0.034524 0.088244
v -0.038823 -0.034449 0.087491
v -0.037605 -0.036144 0.089926
v -0.038947 -0.034634 0.087052
v -0.038736 -0.034620 0.088670
v -0.038191 -0.035902 0.089724
v -0.039060 -0.034244 0.087991
v -0.039152 -0.034484 0.088437
v -0.038234 -0.035423 0.089541
v -0.039461 -0.034585 0.088308
v -0.039231 -0.033975 0.087052
v -0.039079 -0.034506 0.086521
v -0.039191 -0.034002 0.086365
v -0.039117 -0.034165 0.086127
v -0.039448 -0.034085 0.087611
v -0.039135 -0.034450 0.085795
v -0.039841 -0.034107 0.087126
v -0.039678 -0.033958 0.087020
v -0.039652 -0.033808 0.086397
v -0.039506 -0.033804 0.085268
v -0.039095 -0.034490 0.085266
v -0.039042 -0.034331 0.085070
v -0.040022 -0.033991 0.085931
v -0.039632 -0.034787 0.085771
v -0.039430 -0.034770 0.085621
v -0.039403 -0.034798 0.085266
v -0.039759 -0.034824 0.084789
v -0.039877 -0.034706 0.085811
v -0.038131 -0.036454 0.089490
v -0.039461 -0.034947 0.084579
v -0.038856 -0.035736 0.088977
v -0.039349 -0.034852 0.084917
v -0.038885 -0.035643 0.089070
v -0.039798 -0.034800 0.084290
v -0.038907 -0.035379 0.089167
v -0.040042 -0.034541 0.085466
v -0.039826 -0.034612 0.084017
v -0.039268 -0.034933 0.084578
v -0.039424 -0.035073 0.083204
v -0.038134 -0.036442 0.082392
v -0.039197 -0.035311 0.083595
v -0.037974 -0.036577 0.089244
v -0.039162 -0.035039 0.084254
v -0.038789 -0.035793 0.088745
v -0.038972 -0.035240 0.083836
v -0.038837 -0.035471 0.082357
v -0.038165 -0.036423 0.082121
v -0.038726 -0.035855 0.082784
v -0.038908 -0.035673 0.082601
v -0.037353 -0.036848 0.089081
v -0.037728 -0.036689 0.089142
v -0.037717 -0.036502 0.088969
v -0.038694 -0.035514 0.083395
v -0.038491 -0.035914 0.082921
v -0.038376 -0.035840 0.083045
v -0.037965 -0.036473 0.081845
v -0.038286 -0.035919 0.088639
v -0.037969 -0.036431 0.082576
v -0.038080 -0.036121 0.082805
v -0.038080 -0.036121 0.088795
v -0.038775 -0.035636 0.088398
v -0.037845 -0.036355 0.082673
v -0.037602 -0.036599 0.082577
v -0.038578 -0.035635 0.088347
v -0.037353 -0.036848 0.082519
v -0.039485 -0.035007 0.088313
v -0.037682 -0.036525 0.089937
v -0.039783 -0.034537 0.087713
v -0.039383 -0.035197 0.087900
v -0.039723 -0.034461 0.083804
v -0.038887 -0.035321 0.087918
v -0.039798 -0.034806 0.087125
v -0.039298 -0.035108 0.087483
v -0.039949 -0.034583 0.087067
v -0.039118 -0.035098 0.087450
v -0.038149 -0.036270 0.089678
v -0.040078 -0.034297 0.086465
v -0.039552 -0.034911 0.086845
v -0.040068 -0.034353 0.085107
v -0.039268 -0.034933 0.087021
v -0.039349 -0.034852 0.086683
v -0.039403 -0.034798 0.086334
v -0.039430 -0.034770 0.085979
vn -0.9893 0.0942 -0.1118
vn -0.9923 -0.0035 -0.1242
vn -0.4911 -0.7666 -0.4137
vn -0.9856 0.0512 -0.1613
vn -0.3401 -0.7645 -0.5476
vn -0.9455 0.1627 -0.2819
vn -0.4579 -0.8701 0.1821
vn -0.8582 -0.4916 -0.1479
vn -0.9010 0.2808 -0.3307
vn -0.7169 -0.6690 0.1963
vn -0.7177 -0.6665 0.2016
vn -0.7172 -0.6682 0.1981
vn -0.5771 -0.8082 0.1172
vn -0.7278 -0.6850 -0.0324
vn -0.9149 -0.0454 -0.4011
vn -0.9054 -0.2367 -0.3526
vn -0.9062 -0.2364 -0.3506
vn -0.9045 -0.2397 -0.3528
vn -0.7480 -0.6552 0.1057
vn -0.9079 -0.2877 -0.3048
vn 0.2203 -0.6239 0.7498
vn -0.1451 -0.9731 0.1791
vn -0.0409 -0.8032 0.5943
vn -0.6185 -0.3747 0.6907
vn -0.1177 -0.1768 -0.9772
vn -0.9066 -0.2368 -0.3492
vn -0.8762 -0.0922 -0.4731
vn -0.3928 -0.8134 0.4290
vn -0.8024 -0.5737 -0.1644
vn 0.1880 -0.4912 0.8505
vn -0.7178 -0.6660 0.2029
vn -0.5720 -0.5225 0.6323
vn -0.5345 -0.8062 0.2537
vn -0.4588 -0.3686 0.8085
vn -0.4588 -0.3685 0.8085
vn -0.7799 -0.0537 -0.6236
vn -0.3196 -0.2827 0.9044
vn -0.1789 -0.6465 0.7416
vn -0.7863 -0.1454 -0.6005
vn -0.3244 -0.7348 0.5957
vn -0.7670 -0.5390 -0.3481
vn -0.6850 -0.7285 -0.0083
vn -0.7507 -0.2012 -0.6293
vn -0.7114 -0.7025 0.0215
vn 0.1496 -0.2094 0.9663
vn -0.7808 -0.4430 -0.4406
vn -0.6319 -0.3279 0.7023
vn -0.3051 0.3712 0.8770
vn -0.6983 -0.5211 0.4908
vn 0.2755 -0.5326 -0.8003
vn -0.6184 -0.1279 -0.7754
vn -0.6276 -0.2045 -0.7512
vn -0.2658 -0.5592 0.7853
vn -0.2113 -0.4948 0.8429
vn -0.5731 -0.6893 0.4432
vn -0.5672 -0.2610 -0.7811
vn -0.2267 -0.2793 0.9331
vn -0.7722 -0.4995 0.3926
vn -0.7003 -0.7138 -0.0105
vn -0.7075 -0.5765 -0.4088
vn -0.7258 -0.1157 0.6781
vn -0.8310 -0.0758 0.5510
vn -0.6986 -0.0903 0.7098
vn -0.6703 -0.5397 -0.5094
vn -0.5994 -0.6901 0.4055
vn -0.5297 -0.2435 -0.8125
vn -0.5412 -0.3648 -0.7577
vn -0.6630 -0.7081 0.2427
vn 0.1975 -0.7408 -0.6421
vn 0.1885 -0.7431 -0.6421
vn 0.1951 -0.7415 -0.6419
vn 0.1859 -0.7437 -0.6422
vn -0.4795 -0.4507 -0.7530
vn 0.1213 -0.2503 -0.9605
vn -0.2559 -0.8599 -0.4417
vn 0.1850 -0.3406 -0.9218
vn -0.7067 -0.7069 -0.0306
vn 0.3536 -0.8018 -0.4818
vn -0.8179 -0.5295 0.2252
vn 0.2289 -0.9302 0.2870
vn -0.4027 -0.8713 -0.2804
vn 0.4619 -0.8229 0.3308
vn -0.8710 -0.3292 0.3646
vn 0.3561 -0.7547 0.5510
vn -0.0336 -0.8893 0.4562
vn 0.0099 -0.8861 0.4634
vn -0.8298 -0.1019 0.5487
vn 0.3048 -0.8498 -0.4300
vn -0.3820 -0.8861 -0.2624
vn -0.0746 -0.9421 -0.3268
vn 0.4505 -0.8179 -0.3579
vn -0.1090 -0.3569 -0.9278
vn -0.2942 -0.5440 -0.7858
vn -0.8279 -0.5488 0.1156
vn 0.4223 -0.8716 -0.2491
vn -0.0861 -0.6338 -0.7687
vn -0.8987 -0.1781 0.4007
vn -0.9194 0.0297 0.3922
vn -0.8863 -0.4428 0.1358
vn -0.5629 -0.8231 -0.0758
vn 0.5602 -0.8084 -0.1808
vn 0.1246 -0.9627 0.2401
vn -0.1723 -0.9789 -0.1097
vn -0.9517 -0.0454 0.3038
vn -0.2603 -0.9576 -0.1237
vn 0.3682 -0.9297 0.0106
vn -0.4587 -0.6235 -0.6331
vn -0.7966 -0.6045 0.0081
vn -0.5644 -0.7172 -0.4087
vn 0.2044 -0.9785 0.0266
vn -0.1511 -0.9884 -0.0157
vn -0.9916 -0.0214 0.1277
vn 0.7728 0.6343 -0.0218
vn -0.9920 0.0340 0.1212
vn -0.3737 -0.9269 0.0343
vn -0.1303 -0.6545 -0.7448
vn -0.8047 -0.5937 0.0011
vn -0.7198 -0.6939 -0.0174
vn -0.9912 0.0160 -0.1310
vn -0.6662 -0.7141 -0.2151
vn 0.5706 -0.6742 0.4689
vn 0.0385 0.9476 -0.3171
vn 0.7456 0.6299 -0.2176
vn 0.7175 -0.6424 0.2692
vn 0.0231 0.9486 -0.3157
vn 0.8714 0.0448 0.4884
vn 0.3691 0.9059 -0.2079
vn 0.4454 0.5257 0.7248
vn 0.1695 0.8684 -0.4661
vn -0.1496 0.8373 -0.5259
vn 0.3583 0.6335 0.6858
vn 0.6261 0.7477 0.2214
vn 0.4165 0.6560 0.6295
vn 0.7407 0.6718 0.0061
vn 0.8053 0.5473 0.2279
vn 0.8056 0.5470 0.2275
vn 0.8051 0.5473 0.2287
vn 0.9261 0.1580 0.3425
vn 0.5975 -0.4950 0.6309
vn -0.6639 -0.7436 0.0788
vn 0.4431 0.8607 -0.2508
vn 0.2830 0.8179 -0.5010
vn 0.8628 0.0712 0.5005
vn 0.6605 0.7341 0.1578
vn 0.9561 0.2562 0.1425
vn 0.7119 0.7018 0.0241
vn 0.7081 0.7058 0.0220
vn 0.7083 0.7055 0.0239
vn 0.7054 0.7086 0.0164
vn 0.0741 0.6046 -0.7931
vn 0.7406 -0.0331 0.6711
vn 0.7409 -0.0378 0.6705
vn 0.7411 -0.0403 0.6702
vn 0.8054 0.5479 0.2264
vn 0.2147 0.5350 0.8171
vn 0.5456 -0.4209 0.7247
vn 0.2154 0.6342 0.7425
vn 0.0155 0.2213 0.9751
vn 0.2235 0.6324 -0.7417
vn 0.8894 0.4267 0.1640
vn 0.7841 0.3227 0.5302
vn 0.7405 -0.0309 0.6714
vn 0.3453 0.7583 -0.5529
vn 0.6264 0.7502 -0.2118
vn 0.2634 0.5781 -0.7723
vn 0.7044 0.7081 0.0498
vn 0.3917 -0.2190 0.8937
vn 0.0441 0.6484 0.7600
vn -0.0323 0.5788 0.8148
vn 0.7386 0.3261 0.5901
vn 0.6070 0.1592 0.7786
vn 0.4860 0.7922 0.3690
vn 0.3906 0.7478 -0.5369
vn 0.1292 0.7506 0.6480
vn 0.3812 -0.2605 0.8870
vn 0.7095 0.7020 -0.0609
vn 0.4115 0.4587 -0.7876
vn 0.7134 0.6688 0.2092
vn 0.1435 0.8490 0.5086
vn 0.4399 0.4677 -0.7666
vn 0.7203 0.5396 0.4360
vn 0.2902 0.8171 0.4981
vn 0.6507 0.7043 -0.2838
vn 0.5225 0.2217 0.8233
vn 0.5520 0.3187 0.7705
vn 0.6366 0.7642 0.1041
vn 0.2021 -0.0966 0.9746
vn 0.6766 0.6693 0.3070
vn 0.7139 0.7002 0.0074
vn 0.5932 0.6088 0.5268
vn 0.7913 0.5756 -0.2062
vn 0.4783 0.3814 0.7910
vn 0.1234 -0.0429 0.9914
vn 0.2625 0.2323 0.9365
vn -0.0148 0.8557 0.5172
vn 0.5596 0.4942 -0.6653
vn 0.4888 0.4298 -0.7592
vn 0.1102 0.8682 0.4838
vn 0.3725 0.1478 -0.9162
vn 0.4163 0.8782 0.2356
vn 0.5731 0.1877 -0.7977
vn 0.3896 0.1003 -0.9155
vn 0.6428 0.7622 0.0763
vn 0.7132 0.7009 -0.0093
vn 0.5908 0.1674 -0.7893
vn 0.3430 -0.2377 -0.9088
vn 0.6976 0.2239 -0.6806
vn -0.1097 0.9127 0.3937
vn 0.6897 -0.2567 -0.6770
vn 0.5968 -0.4480 -0.6657
vn 0.1043 0.9538 0.2819
vn 0.1457 0.9573 0.2497
vn 0.8984 0.1370 -0.4173
vn 0.7223 0.0770 -0.6873
vn 0.4781 -0.3180 -0.8187
vn 0.6239 -0.1773 -0.7612
vn 0.8509 0.3647 -0.3782
vn 0.8933 0.0824 -0.4418
vn -0.0990 0.9603 0.2607
vn 0.9022 0.3723 -0.2176
vn 0.9236 -0.2462 0.2939
vn 0.8955 -0.2383 0.3758
vn 0.7660 -0.4246 0.4827
vn 0.7406 -0.3626 0.5657
vn 0.8483 -0.2343 -0.4749
vn 0.1183 0.9586 0.2590
vn 0.6724 -0.4789 -0.5643
vn 0.6948 0.7191 -0.0128
vn 0.0061 -0.0199 -0.9998
vn 0.2070 0.9503 0.2327
vn -0.1971 0.9768 0.0833
vn -0.0420 0.9986 0.0327
vn 0.7693 0.5806 -0.2667
vn 0.8925 -0.2949 -0.3413
vn 0.9769 0.1159 -0.1797
vn 0.9487 -0.1800 -0.2600
vn 0.5321 0.8447 0.0572
vn 0.9330 0.3549 0.0602
vn 0.9647 0.2437 -0.0999
vn 0.9710 -0.0838 0.2241
vn -0.0324 0.9940 -0.1049
vn 0.8299 -0.5367 -0.1527
vn 0.4608 0.8843 -0.0755
vn 0.9920 0.1266 -0.0018
vn -0.1067 0.9855 -0.1321
vn 0.7084 0.7057 0.0125
vn 0.9831 -0.1810 0.0270
vn 0.4739 0.8772 -0.0770
vn 0.7205 0.6214 -0.3077
vn 0.9256 -0.3783 0.0130
vn 0.7505 -0.6553 0.0859
vn 0.6582 0.5175 -0.5467
vn 0.0343 0.9776 -0.2078
vn 0.7307 0.6553 -0.1913
vn 0.8073 -0.4385 0.3949
vn -0.6352 0.7234 -0.2706
vn 0.9264 0.2285 0.2994
vn -0.0462 0.8565 -0.5141
vn 0.9208 0.2956 0.2544
vn 0.9219 0.2906 0.2561
vn 0.9213 0.2935 0.2550
vn 0.8758 -0.0015 0.4827
vn 0.9223 0.2885 0.2570
vn 0.4930 0.4359 -0.7530
vn 0.5479 0.4655 -0.6951
vn 0.5348 0.3189 -0.7825
vn 0.7957 0.0080 0.6056
vn 0.7608 0.4021 -0.5095
vn 0.6445 0.7376 0.2015
vn 0.7310 0.6606 -0.1709
vn 0.2182 0.9175 -0.3325
vn 0.8309 0.0797 0.5507
vn 0.3279 0.9043 -0.2733
vn 0.8257 0.4635 0.3214
vn -0.5004 0.5905 -0.6332
vn 0.7364 0.6469 -0.1983
vn 0.7902 0.2326 0.5669
vn 0.2734 0.9509 -0.1449
vn 0.7109 0.7033 -0.0002
vn 0.7098 0.7044 0.0023
vn 0.7107 0.7035 0.0011
vn 0.7220 0.6919 0.0097
vn 0.8268 0.4367 0.3544
vn 0.6793 0.7073 0.1956
vn 0.7129 0.7009 0.0209
vn 0.6339 0.1724 0.7539
vn -0.0524 0.7503 -0.6590
vn 0.6339 0.2156 -0.7428
vn 0.4658 0.8232 -0.3246
vn 0.4524 0.8761 -0.1668
vn -0.3447 0.5933 -0.7274
vn 0.5046 0.2139 -0.8364
vn -0.3938 0.5268 -0.7533
vn 0.6366 0.2307 0.7359
vn 0.1401 0.7846 -0.6039
vn 0.5718 0.7859 -0.2354
vn 0.7590 0.6269 0.1758
vn 0.5878 0.2778 0.7598
vn -0.3321 0.3309 -0.8833
vn 0.6453 0.1065 -0.7565
vn 0.5029 0.7520 -0.4262
vn 0.6745 0.1295 -0.7269
vn 0.7731 0.3556 -0.5252
vn 0.1413 0.6348 -0.7597
vn 0.1467 0.6357 -0.7579
vn 0.1484 0.6359 -0.7574
vn 0.1389 0.6344 -0.7604
vn 0.6675 0.3147 0.6748
vn 0.7540 0.1382 -0.6422
vn -0.2547 0.3686 -0.8940
vn 0.7032 0.7010 0.1188
vn 0.4270 0.3768 0.8220
vn 0.8370 0.0903 -0.5397
vn 0.7897 0.0340 -0.6126
vn 0.4746 0.4801 0.7378
vn 0.5476 0.6983 -0.4609
vn 0.6984 0.6505 0.2985
vn 0.3176 0.5524 -0.7707
vn 0.2236 0.5243 -0.8217
vn 0.8036 0.5528 -0.2205
vn -0.1009 0.1983 -0.9749
vn 0.6858 0.7000 -0.1992
vn 0.6409 0.6920 -0.3323
vn 0.5827 0.7903 0.1892
vn 0.3234 0.3812 -0.8661
vn 0.0711 0.1422 -0.9873
vn 0.8696 0.0535 -0.4908
vn 0.4554 0.5938 0.6633
vn 0.8131 0.5332 -0.2338
vn 0.8696 0.0408 -0.4922
vn 0.2194 0.4213 0.8800
vn 0.1322 0.2747 0.9524
vn 0.8331 0.5353 -0.1396
vn -0.1802 0.3367 0.9242
vn 0.0457 0.5018 0.8638
vn -0.2311 0.3287 0.9157
vn -0.0821 0.7900 0.6076
vn 0.1998 0.7204 0.6641
vn 0.2354 0.6941 0.6803
vn 0.4171 0.8645 0.2803
vn -0.2125 0.7077 0.6738
vn -0.4684 0.5806 0.6660
vn 0.9402 0.1237 -0.3175
vn -0.3168 0.4760 0.8204
vn -0.2322 0.5671 0.7902
vn 0.3451 0.8292 0.4397
vn 0.4767 0.8317 0.2848
vn 0.4882 0.8585 0.1570
vn 0.0195 0.8783 0.4778
vn -0.2457 0.9237 -0.2938
vn -0.2382 0.8956 -0.3757
vn -0.4248 0.7659 -0.4827
vn -0.3627 0.7404 -0.5659
vn -0.0878 0.8842 0.4589
vn 0.9358 0.2988 -0.1868
vn 0.9677 -0.1035 -0.2298
vn 0.9310 -0.2271 -0.2858
vn -0.4531 0.7280 0.5144
vn 0.6749 0.7378 0.0103
vn 0.1492 0.9574 0.2473
vn 0.8589 0.5059 -0.0796
vn -0.6020 0.6537 0.4585
vn 0.6283 0.7432 0.2298
vn 0.4946 0.7317 0.4691
vn 0.9969 0.0234 -0.0748
vn -0.4887 0.7944 0.3606
vn 0.0534 0.9754 0.2137
vn -0.0583 0.9711 0.2314
vn -0.0332 0.9790 -0.2012
vn 0.9731 -0.2122 0.0902
vn 0.3083 0.9503 0.0437
vn -0.5986 0.7839 0.1649
vn -0.6029 0.7810 0.1630
vn -0.5974 0.7845 0.1663
vn -0.6050 0.7795 0.1624
vn 0.9796 -0.1758 0.0970
vn 0.5862 0.8102 0.0023
vn 0.5185 0.8551 0.0020
vn 0.9780 0.2052 0.0370
vn 0.9770 -0.0814 0.1971
vn 0.9304 0.3644 0.0396
vn 0.7097 0.7045 -0.0021
vn -0.2175 0.9758 -0.0242
vn -0.4372 0.8994 -0.0061
vn -0.6807 0.7252 -0.1038
vn 0.9738 -0.0916 0.2081
vn 0.8964 0.4143 0.1574
vn 0.1452 -0.9856 0.0870
vn -0.3385 -0.9384 0.0693
vn -0.3003 -0.9501 0.0844
vn -0.7642 -0.4951 0.4134
vn 0.3360 -0.9260 0.1722
vn 0.2421 -0.9523 0.1859
vn -0.7437 -0.2859 0.6043
vn 0.0706 -0.9665 0.2468
vn -0.8848 -0.4217 -0.1984
vn -0.6387 -0.7693 0.0135
vn -0.1752 -0.9376 0.3003
vn -0.7065 -0.7003 -0.1022
vn 0.0694 -0.9412 0.3306
vn -0.6775 -0.7324 -0.0677
vn -0.8155 -0.5617 -0.1394
vn -0.7714 -0.5512 0.3179
vn -0.0596 -0.9412 0.3327
vn 0.3336 -0.7809 0.5281
vn -0.6868 -0.7266 -0.0198
vn -0.6914 -0.7221 -0.0231
vn -0.6868 -0.7265 -0.0207
vn -0.6378 0.2235 -0.7371
vn -0.9386 -0.3220 -0.1240
vn -0.9266 -0.3562 -0.1206
vn -0.7047 -0.7095 -0.0028
vn -0.7046 -0.7096 -0.0026
vn -0.7043 -0.7099 -0.0042
vn -0.2000 -0.8637 0.4627
vn -0.3749 -0.6186 -0.6905
vn -0.3249 -0.2779 0.9040
vn -0.5144 -0.4299 0.7420
vn -0.1840 -0.8831 0.4316
vn -0.5234 0.1372 -0.8410
vn -0.6596 -0.7195 -0.2173
vn -0.4091 -0.8499 0.3321
vn -0.5224 -0.5729 -0.6316
vn -0.0622 -0.7754 0.6284
vn -0.3643 -0.4519 -0.8143
vn -0.2831 -0.3209 -0.9038
vn -0.6695 -0.2198 -0.7096
vn -0.1418 -0.7853 0.6027
vn -0.7533 -0.3820 -0.5354
vn -0.7593 -0.4530 -0.4672
vn -0.4589 -0.7641 0.4533
vn -0.4585 -0.7645 0.4531
vn -0.4583 -0.7651 0.4522
vn -0.1974 -0.7490 0.6325
vn -0.7052 -0.7090 -0.0021
vn -0.7008 -0.7128 0.0283
vn -0.2007 0.1396 -0.9697
vn -0.4562 -0.7639 0.4565
vn -0.3285 -0.6319 -0.7020
vn 0.3569 -0.3153 -0.8793
vn -0.5210 -0.6982 -0.4910
vn -0.5253 0.2850 0.8017
vn -0.0842 -0.6108 0.7873
vn -0.2032 -0.6275 0.7516
vn -0.4607 -0.1612 -0.8728
vn -0.2621 -0.5680 0.7801
vn -0.5153 -0.7723 -0.3715
vn -0.7111 -0.7025 0.0302
vn -0.5025 -0.4104 -0.7610
vn -0.1559 -0.7823 -0.6030
vn -0.5803 -0.7066 0.4050
vn -0.5545 -0.4901 -0.6725
vn -0.0389 -0.6858 -0.7267
vn -0.5347 -0.6650 0.5214
vn -0.6878 -0.6148 -0.3858
vn -0.2472 -0.5352 0.8077
vn -0.3681 -0.5436 0.7543
vn -0.7025 -0.6723 -0.2336
vn -0.7184 0.2152 0.6615
vn -0.4540 -0.4819 0.7494
vn -0.8162 0.0538 0.5753
vn -0.1464 0.0581 0.9875
vn -0.8493 -0.2444 0.4679
vn -0.2930 0.0868 0.9522
vn -0.8332 -0.4965 0.2434
vn -0.8758 0.0560 0.4794
vn -0.6920 -0.7216 -0.0225
vn -0.8159 0.4686 -0.3388
vn -0.9301 0.2241 -0.2909
vn -0.2932 -0.8661 -0.4049
vn -0.7554 0.3535 -0.5517
vn -0.8905 -0.0320 -0.4539
vn -0.8813 0.0583 -0.4689
vn -0.1343 -0.8432 -0.5206
vn -0.7415 0.5037 0.4432
vn -0.8358 -0.5334 0.1300
vn -0.8007 -0.5886 0.1114
vn -0.4082 -0.8721 -0.2698
vn -0.9303 -0.2610 0.2576
vn -0.0675 -0.9049 -0.4203
vn 0.1845 -0.8021 -0.5680
vn -0.5441 -0.1628 0.8231
vn -0.9345 0.2365 0.2661
vn -0.6201 -0.0148 0.7844
vn -0.0267 -0.9072 -0.4199
vn -0.5227 -0.8403 -0.1441
vn -0.1521 -0.9598 -0.2358
vn -0.9680 0.2451 -0.0537
vn -0.9670 0.0763 0.2431
vn -0.8674 0.4653 0.1764
vn -0.0136 -0.9344 -0.3559
vn -0.9622 0.1236 -0.2427
vn 0.1412 -0.9284 -0.3436
vn -0.8367 -0.0818 -0.5415
vn 0.0797 -0.9652 -0.2489
vn -0.8464 -0.2627 -0.4633
vn -0.4328 -0.9005 -0.0425
vn -0.8314 -0.5546 0.0338
vn -0.6064 -0.4409 0.6617
vn 0.1424 -0.9744 -0.1738
vn -0.9439 -0.3269 0.0464
vn -0.6991 -0.5425 0.4658
vn -0.9877 0.1557 -0.0135
vn -0.3252 -0.9419 -0.0845
vn -0.6925 -0.7213 -0.0132
vn 0.1720 -0.9811 -0.0888
vn 0.2754 -0.9525 -0.1300
vn -0.9905 -0.1376 -0.0015
vn -0.6774 -0.1649 0.7169
vn 0.0816 -0.9967 -0.0000
vn -0.7064 -0.7079 -0.0002
vn -0.7106 -0.6711 0.2114
vn -0.6742 0.5706 -0.4689
vn -0.6830 -0.7302 0.0189
s 1
usemtl Part__Mirroring006_004_001.001
f 5633//9149 5632//9149 5634//9149
f 5636//9150 5632//9150 5712//9150
f 5641//9151 5635//9151 5705//9151
f 5634//9152 5632//9152 5640//9152
f 5642//9153 5641//9153 5705//9153
f 5632//9154 5645//9154 5640//9154
f 5644//9155 5647//9155 5643//9155
f 5636//9156 5649//9156 5632//9156
f 5649//9157 5645//9157 5632//9157
f 5635//9158 5651//9159 5650//9160
f 5647//9161 5652//9161 5643//9161
f 5643//9162 5652//9162 5636//9162
f 5645//9163 5653//9163 5654//9163
f 5649//9164 5653//9165 5645//9166
f 5651//9167 5635//9167 5655//9167
f 5652//9168 5649//9168 5636//9168
f 5656//9169 5657//9169 5646//9169
f 5708//9170 5644//9170 5643//9170
f 5646//9171 5657//9171 5647//9171
f 5659//9172 5660//9172 5661//9172
f 5638//9173 5662//9173 5637//9173
f 5649//9164 5664//9174 5653//9165
f 5653//9175 5664//9175 5654//9175
f 5657//9176 5658//9176 5647//9176
f 5652//9177 5666//9177 5649//9177
f 5665//9178 5657//9178 5656//9178
f 5650//9160 5651//9159 5667//9179
f 5651//9180 5660//9180 5667//9180
f 5658//9181 5652//9181 5647//9181
f 5667//9182 5660//9183 5669//9183
f 5666//9184 5664//9184 5649//9184
f 5669//9185 5660//9185 5659//9185
f 5665//9186 5670//9186 5657//9186
f 5664//9187 5666//9187 5668//9187
f 5657//9188 5670//9188 5658//9188
f 5648//9189 5666//9189 5652//9189
f 5641//9190 5655//9190 5635//9190
f 5668//9191 5666//9191 5673//9191
f 5658//9192 5648//9192 5652//9192
f 5749//9193 5674//9193 5665//9193
f 5648//9194 5672//9194 5666//9194
f 5661//9195 5660//9195 5675//9195
f 5660//9196 5671//9196 5675//9196
f 5651//9197 5671//9197 5660//9197
f 5677//9198 5642//9198 5678//9198
f 5666//9199 5672//9199 5673//9199
f 5673//9200 5672//9200 5679//9200
f 5674//9201 5682//9201 5665//9201
f 5665//9202 5682//9202 5670//9202
f 5682//9203 5658//9203 5670//9203
f 5679//9204 5672//9204 5681//9204
f 5682//9205 5674//9205 5680//9205
f 5655//9206 5676//9206 5651//9206
f 5658//9207 5689//9207 5648//9207
f 5689//9208 5684//9208 5648//9208
f 5671//9209 5676//9209 5683//9209
f 5683//9210 5676//9210 5685//9210
f 5676//9211 5671//9211 5651//9211
f 5648//9212 5684//9212 5672//9212
f 5682//9213 5686//9213 5658//9213
f 5672//9214 5684//9214 5681//9214
f 5681//9215 5684//9215 5688//9215
f 5686//9216 5689//9216 5658//9216
f 5687//9217 5690//9218 5677//9219
f 5677//9219 5690//9218 5642//9220
f 5684//9221 5691//9221 5688//9221
f 5693//9222 5692//9222 5638//9222
f 5642//9223 5690//9223 5641//9223
f 5693//9224 5678//9224 5692//9224
f 5641//9225 5698//9225 5655//9225
f 5694//9226 5690//9226 5687//9226
f 5698//9227 5696//9227 5655//9227
f 5644//9228 5695//9228 5699//9228
f 5690//9229 5698//9229 5641//9229
f 5699//9230 5695//9230 5697//9230
f 5655//9231 5696//9231 5676//9231
f 5639//9232 5646//9232 5699//9232
f 5699//9233 5646//9233 5644//9233
f 5646//9234 5647//9234 5644//9234
f 5696//9235 5685//9235 5676//9235
f 5694//9236 5701//9236 5690//9236
f 5700//9237 5698//9237 5690//9237
f 5701//9238 5700//9238 5690//9238
f 5702//9239 5701//9239 5694//9239
f 5692//9240 5662//9240 5638//9240
f 5705//9241 5662//9241 5692//9241
f 5698//9242 5704//9242 5696//9242
f 5702//9243 5706//9243 5701//9243
f 5678//9244 5642//9244 5692//9244
f 5696//9245 5703//9245 5685//9245
f 5704//9246 5703//9246 5696//9246
f 5710//9247 5704//9247 5698//9247
f 5700//9248 5710//9248 5698//9248
f 5707//9249 5706//9249 5702//9249
f 5644//9250 5708//9250 5695//9250
f 5706//9251 5710//9251 5701//9251
f 5704//9252 5709//9252 5703//9252
f 5701//9253 5710//9253 5700//9253
f 5707//9254 5695//9254 5706//9254
f 5705//9255 5663//9255 5662//9255
f 5710//9256 5712//9256 5704//9256
f 5635//9257 5663//9257 5705//9257
f 5695//9258 5708//9258 5706//9258
f 5706//9259 5708//9259 5710//9259
f 5712//9260 5633//9260 5704//9260
f 5709//9261 5633//9261 5711//9261
f 5704//9262 5633//9262 5709//9262
f 5708//9263 5643//9263 5710//9263
f 5642//9264 5705//9264 5692//9264
f 5643//9265 5712//9265 5710//9265
f 5643//9266 5636//9266 5712//9266
f 5712//9267 5632//9267 5633//9267
f 5635//9268 5650//9268 5663//9268
f 5639//9269 5699//9269 5697//9269
f 5715//9270 5716//9270 5718//9270
f 5732//9271 5717//9271 5713//9271
f 5695//9272 5722//9272 5697//9272
f 5719//9273 5716//9273 5715//9273
f 5724//9274 5725//9274 5742//9274
f 5718//9275 5716//9275 5720//9275
f 5730//9276 5733//9276 5729//9276
f 5719//9277 5731//9277 5716//9277
f 5728//9278 5731//9278 5719//9278
f 5736//9279 5733//9279 5730//9279
f 5732//9280 5733//9280 5734//9280
f 5734//9281 5733//9281 5736//9281
f 5716//9282 5740//9282 5725//9282
f 5740//9283 5738//9284 5725//9285
f 5724//9286 5723//9286 5725//9286
f 5639//9287 5742//9287 5646//9287
f 5735//9288 5739//9288 5728//9288
f 5731//9289 5740//9289 5716//9289
f 5739//9290 5731//9290 5728//9290
f 5738//9291 5742//9291 5725//9291
f 5732//9292 5734//9292 5717//9292
f 5737//9293 5723//9293 5779//9293
f 5716//9294 5725//9295 5720//9296
f 5720//9296 5725//9295 5737//9297
f 5739//9298 5726//9298 5731//9298
f 5738//9299 5656//9300 5742//9301
f 5740//9283 5743//9302 5738//9284
f 5744//9303 5736//9303 5741//9303
f 5742//9304 5656//9304 5646//9304
f 5745//9305 5736//9305 5744//9305
f 5741//9306 5736//9306 5730//9306
f 5746//9307 5726//9307 5739//9307
f 5725//9308 5723//9308 5737//9308
f 5743//9309 5747//9309 5738//9309
f 5747//9310 5656//9300 5738//9299
f 5726//9311 5727//9311 5731//9311
f 5731//9312 5727//9312 5740//9312
f 5750//9313 5726//9313 5746//9313
f 5727//9314 5743//9314 5740//9314
f 5656//9315 5747//9315 5665//9315
f 5745//9316 5751//9316 5736//9316
f 5752//9317 5751//9317 5745//9317
f 5743//9318 5748//9318 5747//9318
f 5748//9319 5749//9319 5747//9319
f 5751//9320 5734//9320 5736//9320
f 5750//9321 5727//9321 5726//9321
f 5753//9322 5751//9322 5752//9322
f 5747//9323 5749//9323 5665//9323
f 5727//9324 5805//9324 5743//9324
f 5755//9325 5750//9325 5754//9325
f 5805//9326 5756//9326 5743//9326
f 5757//9327 5751//9327 5753//9327
f 5755//9328 5727//9328 5750//9328
f 5743//9329 5756//9329 5748//9329
f 5751//9330 5758//9330 5734//9330
f 5805//9331 5727//9331 5755//9331
f 5748//9332 5759//9332 5749//9332
f 5756//9333 5759//9333 5748//9333
f 5734//9334 5758//9334 5717//9334
f 5749//9335 5759//9335 5674//9335
f 5782//9336 5756//9336 5805//9336
f 5758//9337 5760//9337 5717//9337
f 5761//9338 5756//9338 5782//9338
f 5717//9339 5760//9339 5721//9339
f 5761//9340 5759//9340 5756//9340
f 5674//9341 5759//9341 5680//9341
f 5680//9342 5759//9342 5761//9342
f 5757//9343 5762//9343 5751//9343
f 5714//9344 5763//9344 5775//9344
f 5714//9345 5764//9345 5763//9345
f 5762//9346 5765//9346 5751//9346
f 5714//9347 5638//9347 5764//9347
f 5751//9348 5765//9348 5758//9348
f 5693//9349 5714//9349 5713//9349
f 5714//9350 5693//9350 5638//9350
f 5765//9351 5768//9351 5758//9351
f 5758//9352 5768//9352 5760//9352
f 5713//9353 5770//9353 5693//9353
f 5693//9354 5770//9354 5678//9354
f 5721//9355 5770//9355 5713//9355
f 5766//9356 5771//9356 5762//9356
f 5767//9357 5769//9357 5677//9357
f 5677//9358 5769//9358 5687//9358
f 5771//9359 5772//9359 5762//9359
f 5762//9360 5772//9360 5765//9360
f 5760//9361 5774//9361 5767//9361
f 5767//9362 5770//9362 5721//9362
f 5678//9363 5770//9363 5677//9363
f 5677//9364 5770//9364 5767//9364
f 5760//9365 5767//9365 5721//9365
f 5774//9366 5769//9366 5767//9366
f 5773//9367 5771//9367 5766//9367
f 5768//9368 5774//9368 5760//9368
f 5697//9369 5722//9369 5723//9369
f 5724//9370 5697//9370 5723//9370
f 5697//9371 5724//9371 5639//9371
f 5724//9372 5742//9372 5639//9372
f 5774//9373 5694//9373 5769//9373
f 5773//9374 5772//9374 5771//9374
f 5769//9375 5694//9375 5687//9375
f 5765//9376 5780//9376 5768//9376
f 5637//9377 5764//9377 5638//9377
f 5772//9378 5780//9378 5765//9378
f 5773//9379 5777//9379 5772//9379
f 5776//9380 5777//9380 5773//9380
f 5721//9381 5713//9381 5717//9381
f 5774//9382 5702//9382 5694//9382
f 5768//9383 5778//9383 5774//9383
f 5778//9384 5702//9384 5774//9384
f 5777//9385 5780//9385 5772//9385
f 5737//9386 5779//9386 5780//9386
f 5780//9387 5778//9387 5768//9387
f 5722//9388 5779//9388 5723//9388
f 5776//9389 5781//9389 5777//9389
f 5702//9390 5778//9390 5707//9390
f 5777//9391 5720//9391 5780//9391
f 5780//9392 5779//9392 5778//9392
f 5781//9393 5718//9393 5777//9393
f 5720//9296 5737//9297 5780//9394
f 5779//9395 5722//9395 5778//9395
f 5718//9396 5720//9396 5777//9396
f 5775//9397 5732//9397 5713//9397
f 5778//9398 5722//9398 5707//9398
f 5707//9399 5722//9399 5695//9399
f 5714//9400 5775//9400 5713//9400
f 5715//9401 5718//9401 5781//9401
f 5789//9402 5784//9402 5807//9402
f 5790//9403 5791//9403 5787//9403
f 5783//9404 5795//9404 5796//9404
f 5787//9405 5791//9405 5788//9405
f 5797//9406 5798//9406 5814//9406
f 5791//9407 5800//9408 5788//9409
f 5802//9410 5791//9410 5790//9410
f 5788//9409 5800//9408 5792//9411
f 5803//9412 5755//9412 5754//9412
f 5807//9413 5755//9413 5804//9413
f 5804//9414 5755//9414 5803//9414
f 5802//9415 5808//9415 5791//9415
f 5809//9416 5807//9416 5804//9416
f 5782//9417 5805//9417 5784//9417
f 5784//9418 5805//9418 5807//9418
f 5797//9419 5794//9419 5798//9419
f 5808//9420 5811//9420 5791//9420
f 5798//9421 5794//9421 5815//9421
f 5811//9422 5800//9422 5791//9422
f 5806//9423 5814//9423 5812//9423
f 5755//9424 5807//9424 5805//9424
f 5813//9425 5811//9425 5808//9425
f 5810//9426 5794//9426 5854//9426
f 5792//9427 5815//9428 5810//9429
f 5800//9430 5815//9430 5792//9430
f 5811//9431 5801//9431 5800//9431
f 5827//9432 5801//9432 5799//9432
f 5801//9433 5815//9433 5800//9433
f 5813//9434 5799//9434 5811//9434
f 5798//9435 5816//9435 5814//9435
f 5819//9436 5809//9436 5817//9436
f 5815//9437 5818//9437 5798//9437
f 5815//9438 5794//9438 5810//9438
f 5812//9439 5816//9439 5820//9439
f 5817//9440 5809//9440 5804//9440
f 5814//9441 5816//9441 5812//9441
f 5821//9442 5799//9442 5813//9442
f 5818//9443 5816//9443 5798//9443
f 5801//9444 5818//9444 5815//9444
f 5799//9445 5801//9445 5811//9445
f 5824//9446 5799//9446 5821//9446
f 5820//9447 5816//9447 5825//9447
f 5819//9448 5789//9448 5809//9448
f 5801//9449 5822//9449 5818//9449
f 5826//9450 5789//9450 5819//9450
f 5809//9451 5789//9451 5807//9451
f 5818//9452 5823//9453 5816//9454
f 5822//9455 5823//9453 5818//9452
f 5824//9456 5827//9456 5799//9456
f 5828//9457 5789//9457 5826//9457
f 5816//9458 5823//9458 5825//9458
f 5827//9459 5732//9459 5801//9459
f 5733//9460 5824//9460 5729//9460
f 5829//9461 5830//9461 5828//9461
f 5828//9462 5830//9462 5789//9462
f 5733//9463 5827//9463 5824//9463
f 5801//9464 5763//9464 5822//9464
f 5732//9465 5827//9465 5733//9465
f 5763//9466 5831//9466 5822//9466
f 5822//9467 5831//9467 5823//9467
f 5830//9468 5784//9468 5789//9468
f 5823//9469 5831//9469 5637//9469
f 5775//9470 5801//9470 5732//9470
f 5775//9471 5763//9471 5801//9471
f 5784//9472 5835//9472 5785//9472
f 5764//9473 5831//9473 5763//9473
f 5637//9474 5831//9474 5764//9474
f 5829//9475 5834//9475 5830//9475
f 5786//9476 5761//9476 5782//9476
f 5830//9477 5835//9477 5784//9477
f 5834//9478 5836//9478 5830//9478
f 5786//9479 5837//9479 5761//9479
f 5761//9480 5837//9480 5680//9480
f 5836//9481 5835//9481 5830//9481
f 5837//9482 5843//9482 5840//9482
f 5786//9483 5843//9483 5837//9483
f 5840//9484 5843//9484 5832//9484
f 5839//9485 5842//9485 5793//9485
f 5793//9486 5843//9486 5785//9486
f 5785//9487 5843//9487 5786//9487
f 5835//9488 5841//9488 5839//9488
f 5793//9489 5842//9489 5833//9489
f 5833//9490 5842//9490 5844//9490
f 5838//9491 5836//9491 5834//9491
f 5832//9492 5843//9492 5833//9492
f 5833//9493 5843//9493 5793//9493
f 5785//9494 5839//9494 5793//9494
f 5835//9495 5839//9495 5785//9495
f 5845//9496 5841//9496 5835//9496
f 5841//9497 5842//9497 5839//9497
f 5796//9498 5795//9498 5794//9498
f 5797//9499 5796//9499 5794//9499
f 5796//9500 5797//9500 5806//9500
f 5797//9501 5814//9501 5806//9501
f 5841//9502 5849//9502 5842//9502
f 5836//9503 5847//9503 5835//9503
f 5838//9504 5848//9504 5836//9504
f 5846//9505 5848//9505 5838//9505
f 5842//9506 5849//9506 5844//9506
f 5847//9507 5845//9507 5835//9507
f 5845//9508 5849//9508 5841//9508
f 5848//9509 5847//9509 5836//9509
f 5844//9510 5849//9510 5851//9510
f 5785//9511 5782//9511 5784//9511
f 5782//9512 5785//9512 5786//9512
f 5850//9513 5848//9513 5846//9513
f 5849//9514 5852//9514 5851//9514
f 5845//9515 5853//9515 5849//9515
f 5853//9516 5852//9516 5849//9516
f 5795//9517 5854//9517 5794//9517
f 5855//9518 5856//9518 5850//9518
f 5845//9519 5854//9519 5853//9519
f 5851//9520 5853//9521 5857//9522
f 5852//9523 5853//9521 5851//9520
f 5850//9524 5856//9524 5848//9524
f 5847//9525 5810//9525 5845//9525
f 5810//9526 5854//9526 5845//9526
f 5856//9527 5792//9527 5848//9527
f 5787//9528 5856//9528 5855//9528
f 5848//9529 5792//9529 5847//9529
f 5792//9427 5810//9429 5847//9530
f 5854//9531 5795//9531 5853//9531
f 5853//9532 5795//9532 5857//9532
f 5857//9533 5795//9533 5783//9533
f 5787//9534 5788//9534 5856//9534
f 5856//9535 5788//9535 5792//9535
f 5859//9536 5858//9536 5860//9536
f 5861//9537 5864//9537 5862//9537
f 5862//9538 5864//9538 5858//9538
f 5867//9539 5863//9539 5910//9539
f 5858//9540 5864//9540 5860//9540
f 5860//9541 5864//9541 5866//9541
f 5869//9542 5867//9542 5910//9542
f 5866//9543 5864//9543 5872//9543
f 5871//9544 5873//9544 5868//9544
f 5868//9545 5875//9545 5861//9545
f 5875//9546 5864//9546 5861//9546
f 5863//9547 5876//9547 5689//9547
f 5872//9548 5864//9548 5877//9548
f 5863//9549 5865//9549 5876//9549
f 5873//9550 5883//9550 5868//9550
f 5867//9551 5865//9551 5863//9551
f 5875//9552 5879//9552 5864//9552
f 5864//9553 5879//9553 5877//9553
f 5876//9554 5865//9555 5878//9556
f 5820//9557 5880//9557 5812//9557
f 5870//9558 5871//9558 5868//9558
f 5913//9559 5871//9559 5870//9559
f 5883//9560 5882//9561 5868//9562
f 5882//9563 5875//9563 5868//9563
f 5884//9564 5885//9564 5886//9564
f 5680//9565 5901//9565 5682//9565
f 5901//9566 5686//9566 5682//9566
f 5875//9567 5887//9567 5879//9567
f 5825//9568 5880//9568 5820//9568
f 5689//9569 5876//9569 5684//9569
f 5882//9570 5888//9570 5875//9570
f 5876//9571 5885//9571 5684//9571
f 5888//9572 5887//9572 5875//9572
f 5684//9573 5885//9573 5691//9573
f 5691//9574 5885//9574 5884//9574
f 5825//9575 5890//9575 5880//9575
f 5887//9576 5888//9576 5889//9576
f 5880//9577 5890//9577 5883//9577
f 5890//9578 5881//9578 5883//9578
f 5882//9579 5892//9580 5888//9581
f 5889//9582 5888//9582 5893//9582
f 5883//9560 5874//9583 5882//9561
f 5881//9584 5874//9584 5883//9584
f 5823//9585 5637//9585 5825//9585
f 5874//9586 5892//9580 5882//9579
f 5886//9587 5885//9587 5894//9587
f 5885//9588 5891//9588 5894//9588
f 5876//9589 5891//9589 5885//9589
f 5833//9590 5869//9590 5832//9590
f 5888//9591 5892//9591 5893//9591
f 5893//9592 5892//9592 5896//9592
f 5637//9593 5890//9593 5825//9593
f 5896//9594 5892//9594 5897//9594
f 5878//9595 5895//9595 5876//9595
f 5881//9596 5650//9596 5874//9596
f 5662//9597 5890//9597 5637//9597
f 5891//9598 5895//9598 5898//9598
f 5650//9599 5667//9599 5874//9599
f 5663//9600 5890//9600 5662//9600
f 5895//9601 5891//9601 5876//9601
f 5874//9602 5667//9602 5892//9602
f 5890//9603 5663//9603 5881//9603
f 5892//9604 5667//9604 5897//9604
f 5897//9605 5667//9605 5899//9605
f 5663//9606 5650//9606 5881//9606
f 5833//9607 5844//9607 5869//9607
f 5667//9608 5669//9608 5899//9608
f 5844//9609 5900//9609 5869//9609
f 5837//9610 5901//9610 5680//9610
f 5869//9611 5900//9611 5867//9611
f 5837//9612 5840//9612 5901//9612
f 5867//9613 5900//9613 5865//9613
f 5844//9614 5902//9614 5900//9614
f 5865//9555 5903//9615 5878//9556
f 5904//9616 5783//9616 5796//9616
f 5871//9617 5783//9617 5904//9617
f 5903//9618 5895//9618 5878//9618
f 5806//9619 5812//9619 5904//9619
f 5904//9620 5812//9620 5871//9620
f 5812//9621 5873//9621 5871//9621
f 5895//9622 5905//9622 5898//9622
f 5851//9623 5902//9623 5844//9623
f 5908//9624 5906//9624 5900//9624
f 5900//9625 5906//9625 5865//9625
f 5903//9626 5907//9626 5895//9626
f 5902//9627 5908//9627 5900//9627
f 5906//9628 5903//9628 5865//9628
f 5907//9629 5905//9629 5895//9629
f 5901//9630 5840//9630 5910//9630
f 5851//9631 5911//9631 5902//9631
f 5832//9632 5869//9632 5840//9632
f 5905//9633 5907//9633 5909//9633
f 5906//9634 5912//9634 5903//9634
f 5903//9635 5912//9635 5907//9635
f 5783//9636 5913//9636 5857//9636
f 5911//9637 5908//9637 5902//9637
f 5857//9638 5911//9638 5851//9638
f 5909//9639 5907//9639 5914//9639
f 5871//9640 5913//9640 5783//9640
f 5907//9641 5912//9641 5914//9641
f 5880//9642 5873//9642 5812//9642
f 5914//9643 5912//9643 5915//9643
f 5873//9644 5880//9644 5883//9644
f 5906//9645 5862//9645 5912//9645
f 5908//9646 5870//9646 5906//9646
f 5910//9647 5686//9647 5901//9647
f 5915//9648 5912//9648 5916//9648
f 5911//9649 5870//9649 5908//9649
f 5863//9650 5686//9650 5910//9650
f 5857//9651 5913//9651 5911//9651
f 5862//9652 5858//9652 5912//9652
f 5870//9653 5862//9653 5906//9653
f 5916//9654 5858//9654 5917//9654
f 5912//9655 5858//9655 5916//9655
f 5913//9656 5870//9656 5911//9656
f 5869//9657 5910//9657 5840//9657
f 5917//9658 5858//9658 5859//9658
f 5870//9659 5861//9659 5862//9659
f 5863//9660 5689//9660 5686//9660
f 5806//9661 5904//9661 5796//9661
f 5868//9662 5861//9662 5870//9662
o node7_Part__Mirroring007.000
v -0.038168 -0.034776 0.082568
v -0.036436 -0.036503 0.089827
v -0.036502 -0.036436 0.081773
v -0.036847 -0.036089 0.081802
v -0.037288 -0.035649 0.081944
v -0.037547 -0.035388 0.082072
v -0.037799 -0.035138 0.082240
v -0.038627 -0.034312 0.083169
v -0.038921 -0.034016 0.083748
v -0.039158 -0.033779 0.084469
v -0.039263 -0.033674 0.085031
v -0.039060 -0.033870 0.087479
v -0.038877 -0.034071 0.087950
v -0.038642 -0.034304 0.088404
v -0.038389 -0.034547 0.088778
v -0.038067 -0.034870 0.089136
v -0.037763 -0.035169 0.089392
v -0.037139 -0.035804 0.089721
v -0.036739 -0.036201 0.089807
v -0.039312 -0.033622 0.085542
v -0.039299 -0.033633 0.086229
v -0.039212 -0.033726 0.086899
v -0.036269 -0.035819 0.090669
v -0.034618 -0.037474 0.090237
v -0.035747 -0.036334 0.090670
v -0.035461 -0.036627 0.090610
v -0.034897 -0.037202 0.090390
v -0.035165 -0.036906 0.090529
v -0.031774 -0.031213 0.090699
v -0.032610 -0.030355 0.090460
v -0.032288 -0.030680 0.090592
v -0.032910 -0.030060 0.090291
v -0.032048 -0.030915 0.090660
v -0.031201 -0.031755 0.090719
v -0.032213 -0.032814 0.090669
v -0.032656 -0.032356 0.090691
v -0.031911 -0.033113 0.090614
v -0.031511 -0.033497 0.090488
v -0.031085 -0.033940 0.090252
v -0.033217 -0.038943 0.085349
v -0.036062 -0.036062 0.089858
v -0.033353 -0.038818 0.084522
v -0.035192 -0.036933 0.089681
v -0.033448 -0.038722 0.084173
v -0.033868 -0.039062 0.084126
v -0.033656 -0.038502 0.083588
v -0.034303 -0.038642 0.083195
v -0.033812 -0.038348 0.083280
v -0.034546 -0.038390 0.082823
v -0.031644 -0.034570 0.089292
v -0.030002 -0.032930 0.089293
v -0.034127 -0.038038 0.082807
v -0.034872 -0.038067 0.082466
v -0.034598 -0.037527 0.089280
v -0.031296 -0.034925 0.088937
v -0.029654 -0.033278 0.088936
v -0.034038 -0.038125 0.088668
v -0.032332 -0.033887 0.081902
v -0.031296 -0.031637 0.081736
v -0.030688 -0.032244 0.081902
v -0.033301 -0.038877 0.086806
v -0.033229 -0.038947 0.086279
v -0.034570 -0.031644 0.089292
v -0.033633 -0.032588 0.089813
v -0.034694 -0.032728 0.090491
v -0.035143 -0.032288 0.090256
v -0.034323 -0.033116 0.090617
v -0.034015 -0.033413 0.090672
v -0.033563 -0.033856 0.090689
v -0.027421 -0.035512 0.084918
v -0.026377 -0.034434 0.084776
v -0.029900 -0.030911 0.091534
v -0.027863 -0.035070 0.083110
v -0.027023 -0.033789 0.082550
v -0.029716 -0.033216 0.091017
v -0.028758 -0.032053 0.091028
v -0.028773 -0.034160 0.081418
v -0.028127 -0.032684 0.090533
v -0.028738 -0.034195 0.090080
v -0.028349 -0.032462 0.080774
v -0.027259 -0.033552 0.089480
v -0.027984 -0.034949 0.088813
v -0.030103 -0.032829 0.080369
v -0.026809 -0.034003 0.088429
v -0.029701 -0.031110 0.080183
v -0.027480 -0.035452 0.087051
v -0.026400 -0.034411 0.086918
v -0.031130 -0.031803 0.080054
v -0.025867 -0.033530 0.087482
v -0.028829 -0.030568 0.080261
v -0.027114 -0.033698 0.089042
v -0.026555 -0.032841 0.089349
v -0.028393 -0.032419 0.080892
v -0.027605 -0.031792 0.080960
v -0.027543 -0.031853 0.090572
v -0.026385 -0.033012 0.082544
v -0.026984 -0.033828 0.082839
v -0.028599 -0.030798 0.091256
v -0.029743 -0.031068 0.091415
v -0.026489 -0.034322 0.084571
v -0.029698 -0.029698 0.091459
v -0.025689 -0.033708 0.085167
v -0.026419 -0.034392 0.086436
v -0.028942 -0.023983 0.087726
v -0.032171 -0.027226 0.087802
v -0.028456 -0.024503 0.088678
v -0.031405 -0.027992 0.089018
v -0.027796 -0.025164 0.089354
v -0.030249 -0.029148 0.089766
v -0.026922 -0.026031 0.089769
v -0.026290 -0.026032 0.089352
v -0.026785 -0.025543 0.089242
v -0.028569 -0.023754 0.086834
v -0.028346 -0.023978 0.087563
v -0.028054 -0.024273 0.088141
v -0.027782 -0.024543 0.088512
v -0.027479 -0.024848 0.088828
v -0.027144 -0.025181 0.089068
v -0.033943 -0.031088 0.090249
v -0.037479 -0.034622 0.090231
v -0.036701 -0.035387 0.090588
v -0.032285 -0.035141 0.090251
v -0.033130 -0.034286 0.090620
v -0.032729 -0.034703 0.090493
v -0.038936 -0.033153 0.083143
v -0.038959 -0.033129 0.088403
v -0.039092 -0.032996 0.083520
v -0.038814 -0.033280 0.088701
v -0.039215 -0.032872 0.083888
v -0.038671 -0.033415 0.088956
v -0.039327 -0.032761 0.084310
v -0.037379 -0.034714 0.081303
v -0.037109 -0.034982 0.081161
v -0.038508 -0.033586 0.089216
v -0.037876 -0.034225 0.081670
v -0.038135 -0.033949 0.081921
v -0.038358 -0.033733 0.082180
v -0.039405 -0.032683 0.084716
v -0.039458 -0.032629 0.085121
v -0.039488 -0.032597 0.085598
v -0.039489 -0.032597 0.086001
v -0.039467 -0.032620 0.086374
v -0.039416 -0.032672 0.086812
v -0.037594 -0.034471 0.081439
v -0.039338 -0.032748 0.087237
v -0.039244 -0.032843 0.087613
v -0.039113 -0.032975 0.088021
v -0.036823 -0.035267 0.081047
v -0.038580 -0.033507 0.082491
v -0.038780 -0.033304 0.082831
v -0.034489 -0.032933 0.081038
v -0.036177 -0.031237 0.089220
v -0.036505 -0.030929 0.088703
v -0.036814 -0.030605 0.087960
v -0.037039 -0.030383 0.087138
v -0.037153 -0.030272 0.086329
v -0.037170 -0.030265 0.085454
v -0.037027 -0.030393 0.084381
v -0.036661 -0.030765 0.083220
v -0.036195 -0.031232 0.082388
v -0.035580 -0.031846 0.081670
v -0.034912 -0.032518 0.081207
v -0.037908 -0.034217 0.088942
v -0.034936 -0.031293 0.088939
v -0.038842 -0.033283 0.084729
v -0.038919 -0.033206 0.086327
v -0.038614 -0.033511 0.087666
v -0.038336 -0.033789 0.083297
v -0.037478 -0.034646 0.082252
v -0.036840 -0.035285 0.081902
v -0.033909 -0.032323 0.081868
v -0.035922 -0.030295 0.084919
v -0.035972 -0.030247 0.086133
v -0.035645 -0.030567 0.087746
v -0.034893 -0.031328 0.082616
v -0.035514 -0.030706 0.083579
v -0.035535 -0.029476 0.083434
v -0.035784 -0.029241 0.084210
v -0.035193 -0.029825 0.082711
v -0.034279 -0.030744 0.081595
v -0.033720 -0.031290 0.081216
v -0.033285 -0.031730 0.081037
v -0.035290 -0.029730 0.088711
v -0.035607 -0.029411 0.087977
v -0.035835 -0.029193 0.087164
v -0.035966 -0.029051 0.085925
v -0.035926 -0.029094 0.086541
v -0.035926 -0.029082 0.085063
v -0.034769 -0.030243 0.082097
v -0.034371 -0.028595 0.088555
v -0.032789 -0.030176 0.081231
v -0.034979 -0.030044 0.089219
v -0.033015 -0.029950 0.081373
v -0.034095 -0.028949 0.082509
v -0.034299 -0.028666 0.082886
v -0.034528 -0.028437 0.083399
v -0.034770 -0.028195 0.084158
v -0.034858 -0.028107 0.084568
v -0.033885 -0.029063 0.082208
v -0.034921 -0.028044 0.084991
v -0.034201 -0.028732 0.088950
v -0.034674 -0.028276 0.087814
v -0.034154 -0.028824 0.088961
v -0.032584 -0.030389 0.081122
v -0.032258 -0.030703 0.080998
v -0.034633 -0.028389 0.087957
v -0.034955 -0.028010 0.085385
v -0.033980 -0.028989 0.089230
v -0.034968 -0.028002 0.085747
v -0.033329 -0.029638 0.081618
v -0.034932 -0.028043 0.086569
v -0.033646 -0.029351 0.081939
v -0.034943 -0.027993 0.086660
v -0.034865 -0.028117 0.086993
v -0.034791 -0.028198 0.087355
v -0.034666 -0.028298 0.083792
v -0.032244 -0.030689 0.081889
v -0.033278 -0.029654 0.088936
v -0.032930 -0.030002 0.089293
v -0.033443 -0.031564 0.090514
v -0.033115 -0.031918 0.090612
v -0.030908 -0.032090 0.090639
v -0.030377 -0.032592 0.090476
v -0.030059 -0.032908 0.090292
v -0.030588 -0.032360 0.090590
v -0.029589 -0.033387 0.081674
v -0.029794 -0.033195 0.081512
v -0.030154 -0.032813 0.081245
v -0.030035 -0.034977 0.089220
v -0.030704 -0.032259 0.081000
v -0.031738 -0.033299 0.081034
v -0.028013 -0.034953 0.086247
v -0.028006 -0.034960 0.085451
v -0.028296 -0.034669 0.083799
v -0.028427 -0.034537 0.083424
v -0.028940 -0.034026 0.082429
v -0.029106 -0.033866 0.082206
v -0.029334 -0.033653 0.081947
v -0.029630 -0.035377 0.088545
v -0.029288 -0.035727 0.087596
v -0.029086 -0.035934 0.086563
v -0.029054 -0.035958 0.085446
v -0.029196 -0.035822 0.084361
v -0.029487 -0.035519 0.083397
v -0.029819 -0.035208 0.082731
v -0.030400 -0.034618 0.081911
v -0.031032 -0.033975 0.081369
v -0.033586 -0.038507 0.089215
v -0.035271 -0.036826 0.081050
v -0.032928 -0.034483 0.081040
v -0.033185 -0.038886 0.088558
v -0.032717 -0.039350 0.087185
v -0.032636 -0.039446 0.086591
v -0.032604 -0.039473 0.085306
v -0.033092 -0.038978 0.083242
v -0.033270 -0.038807 0.082885
v -0.033942 -0.038128 0.081919
v -0.033461 -0.038619 0.082557
v -0.032594 -0.039492 0.085727
v -0.033712 -0.038376 0.082210
v -0.032588 -0.039481 0.086135
v -0.034686 -0.037401 0.081313
v -0.032660 -0.039428 0.084865
v -0.034963 -0.037106 0.081154
v -0.034149 -0.037934 0.081719
v -0.034387 -0.037704 0.081524
v -0.033361 -0.038708 0.088893
v -0.033034 -0.039054 0.088178
v -0.032885 -0.039201 0.087760
v -0.032720 -0.039354 0.084443
v -0.032814 -0.039263 0.084056
v -0.032956 -0.039137 0.083645
v -0.033425 -0.038753 0.087332
v -0.034382 -0.037777 0.082501
v -0.033463 -0.038663 0.087747
v -0.033574 -0.038609 0.083841
v -0.033172 -0.038953 0.086567
v -0.034602 -0.037559 0.082297
v -0.035305 -0.036860 0.081881
v -0.035047 -0.037118 0.081998
v -0.034843 -0.037318 0.082118
v -0.034252 -0.037911 0.088944
v -0.033872 -0.038291 0.088415
v -0.033592 -0.038582 0.087843
v -0.033201 -0.038962 0.085722
v -0.033279 -0.038889 0.084861
v -0.033955 -0.038189 0.083008
v -0.032500 -0.034931 0.081216
v -0.031948 -0.035483 0.081592
v -0.031452 -0.035978 0.082097
v -0.031028 -0.036396 0.082711
v -0.030682 -0.036741 0.083436
v -0.030437 -0.036980 0.084210
v -0.030294 -0.037138 0.085063
v -0.030253 -0.037167 0.085924
v -0.030316 -0.037096 0.086764
v -0.030489 -0.036931 0.087583
v -0.030761 -0.036662 0.088354
v -0.031233 -0.036197 0.089217
v -0.030347 -0.035877 0.084691
v -0.030714 -0.035512 0.083569
v -0.030895 -0.035326 0.088384
v -0.031341 -0.034878 0.082599
v -0.031892 -0.034327 0.082128
v -0.030492 -0.035732 0.087465
v -0.030225 -0.035987 0.085914
v -0.027995 -0.034968 0.085862
v -0.030390 -0.032586 0.081123
v -0.028043 -0.034923 0.085000
v -0.028984 -0.033979 0.089232
v -0.028646 -0.034334 0.088655
v -0.028098 -0.034867 0.084620
v -0.028160 -0.034805 0.087290
v -0.028339 -0.034622 0.087956
v -0.028182 -0.034781 0.084200
v -0.028116 -0.034867 0.086986
v -0.028591 -0.034380 0.083062
v -0.028482 -0.034487 0.088310
v -0.028056 -0.034912 0.086684
v -0.024386 -0.028574 0.088524
v -0.023994 -0.028948 0.087720
v -0.024273 -0.028054 0.088141
v -0.023978 -0.028346 0.087563
v -0.023821 -0.028505 0.087079
v -0.025961 -0.026990 0.089745
v -0.025908 -0.026416 0.089333
v -0.023713 -0.028611 0.086594
v -0.025541 -0.026785 0.089243
v -0.025164 -0.027796 0.089354
v -0.025181 -0.027144 0.089068
v -0.024848 -0.027479 0.088828
v -0.024543 -0.027782 0.088512
v -0.028978 -0.030418 0.089692
v -0.027992 -0.031405 0.089018
v -0.027226 -0.032171 0.087802
v -0.027226 -0.032171 0.083798
v -0.023997 -0.028943 0.083786
v -0.023724 -0.028600 0.084946
v -0.028450 -0.023877 0.084326
v -0.023875 -0.028451 0.084327
v -0.028609 -0.023715 0.084995
v -0.024140 -0.028186 0.083691
v -0.024824 -0.028140 0.082531
v -0.024492 -0.027835 0.083146
v -0.024915 -0.027411 0.082715
v -0.025904 -0.027027 0.081848
v -0.025392 -0.026935 0.082418
v -0.025775 -0.026551 0.082293
v -0.026163 -0.026163 0.082246
v -0.027188 -0.025770 0.081903
v -0.026551 -0.025775 0.082293
v -0.026935 -0.025392 0.082418
v -0.028140 -0.024824 0.082531
v -0.027411 -0.024915 0.082715
v -0.027835 -0.024492 0.083146
v -0.028944 -0.024023 0.083749
v -0.028186 -0.024141 0.083691
v -0.032171 -0.027226 0.083798
v -0.028206 -0.031191 0.082339
v -0.029424 -0.029973 0.081804
v -0.030418 -0.028978 0.081908
v -0.031405 -0.027992 0.082581
v -0.032266 -0.027131 0.090201
v -0.033702 -0.025695 0.086340
v -0.033282 -0.026115 0.088351
v -0.030798 -0.028599 0.091256
v -0.033012 -0.026385 0.082544
v -0.033590 -0.025807 0.084467
v -0.031792 -0.027605 0.080960
v -0.030361 -0.029036 0.080184
v -0.034392 -0.026419 0.086436
v -0.034322 -0.026489 0.084571
v -0.031275 -0.029536 0.091339
v -0.033937 -0.026874 0.083041
v -0.032356 -0.028455 0.090795
v -0.033633 -0.027179 0.082311
v -0.033060 -0.027751 0.090150
v -0.032419 -0.028393 0.080892
v -0.034030 -0.026781 0.088232
v -0.031183 -0.029628 0.080234
v -0.034029 -0.026782 0.088492
v -0.031290 -0.029521 0.091437
v -0.034463 -0.026349 0.086447
v -0.034391 -0.026420 0.084549
v -0.032462 -0.028349 0.080774
v -0.030743 -0.030068 0.080036
v -0.035452 -0.027480 0.087051
v -0.032520 -0.030412 0.080206
v -0.034949 -0.027984 0.088813
v -0.034195 -0.028738 0.090080
v -0.034160 -0.028773 0.081418
v -0.033064 -0.029869 0.091130
v -0.035070 -0.027863 0.083110
v -0.031297 -0.031636 0.091595
v -0.035512 -0.027421 0.084918
v -0.032467 -0.033750 0.089766
v -0.037527 -0.034598 0.089280
v -0.036984 -0.035102 0.090494
v -0.037216 -0.034871 0.090388
v -0.036433 -0.035670 0.090635
v -0.036933 -0.035192 0.089681
v -0.034773 -0.038168 0.089034
v -0.036091 -0.036846 0.089797
v -0.035649 -0.037288 0.089656
v -0.035388 -0.037546 0.089528
v -0.035138 -0.037799 0.089361
v -0.034314 -0.038625 0.088433
v -0.034019 -0.038918 0.087861
v -0.033782 -0.039155 0.087143
v -0.033631 -0.039302 0.086274
v -0.034065 -0.038885 0.083670
v -0.035183 -0.037747 0.082194
v -0.035624 -0.037317 0.081957
v -0.035909 -0.037024 0.081849
v -0.036201 -0.036740 0.081793
v -0.033633 -0.039300 0.085373
v -0.033693 -0.039244 0.084901
v -0.033771 -0.039166 0.084508
v -0.038278 -0.034695 0.083526
v -0.037910 -0.035063 0.083054
v -0.038570 -0.034403 0.084094
v -0.037484 -0.035489 0.082701
v -0.038772 -0.034202 0.084729
v -0.037025 -0.035949 0.082482
v -0.038878 -0.034095 0.085403
v -0.036589 -0.036384 0.082400
v -0.038884 -0.034090 0.086121
v -0.036128 -0.036845 0.082433
v -0.038789 -0.034185 0.086795
v -0.035767 -0.037206 0.082556
v -0.035431 -0.037542 0.082740
v -0.038650 -0.034323 0.087283
v -0.038466 -0.034507 0.087738
v -0.035020 -0.037953 0.083099
v -0.038239 -0.034734 0.088128
v -0.034734 -0.038239 0.083472
v -0.037953 -0.035020 0.088501
v -0.034507 -0.038466 0.083861
v -0.037542 -0.035431 0.088859
v -0.034323 -0.038650 0.084316
v -0.034185 -0.038789 0.084804
v -0.037206 -0.035767 0.089044
v -0.036845 -0.036128 0.089167
v -0.034090 -0.038884 0.085478
v -0.036384 -0.036589 0.089200
v -0.034095 -0.038878 0.086196
v -0.035949 -0.037024 0.089118
v -0.034202 -0.038772 0.086871
v -0.035489 -0.037484 0.088899
v -0.034403 -0.038570 0.087506
v -0.035063 -0.037910 0.088546
v -0.034695 -0.038278 0.088074
vn -0.6980 -0.7154 0.0318
vn -0.5371 -0.7049 0.4633
vn -0.7049 -0.7080 0.0434
vn 0.4797 0.5324 0.6974
vn 0.6356 -0.7629 0.1179
vn 0.6340 -0.7673 -0.0962
vn 0.6386 -0.7694 -0.0097
vn 0.6415 -0.7582 -0.1169
vn 0.6245 -0.7504 -0.2168
vn 0.6255 -0.7471 -0.2249
vn 0.6107 -0.7271 -0.3136
vn -0.0304 -0.0443 0.9986
vn 0.0880 -0.1076 0.9903
vn -0.0126 -0.0065 0.9999
vn 0.6141 -0.7212 -0.3207
vn 0.1857 -0.2338 0.9544
vn 0.5865 -0.6908 -0.4228
vn 0.6043 -0.6874 -0.4029
vn 0.1383 -0.2448 0.9597
vn 0.6581 -0.5920 -0.4653
vn 0.5240 -0.6648 -0.5325
vn 0.2487 -0.3086 0.9181
vn 0.5239 -0.6675 -0.5292
vn 0.4737 -0.6035 -0.6414
vn 0.4785 -0.6202 -0.6216
vn 0.4189 -0.5243 -0.7414
vn 0.4161 -0.5302 -0.7388
vn 0.3086 -0.3559 0.8821
vn 0.3229 -0.4321 -0.8420
vn 0.3581 -0.4601 -0.8124
vn 0.2455 -0.3776 -0.8928
vn 0.3757 -0.4623 0.8032
vn 0.3708 -0.3948 0.8406
vn 0.4304 -0.4313 0.7929
vn 0.2442 -0.3527 -0.9033
vn 0.4149 -0.4141 0.8101
vn 0.4028 -0.4067 0.8199
vn 0.4161 -0.4143 0.8095
vn 0.3475 -0.4064 0.8450
vn 0.4191 -0.5627 0.7126
vn 0.4595 -0.5997 0.6552
vn 0.1832 -0.3088 -0.9333
vn 0.4879 -0.6066 0.6277
vn 0.1308 -0.1321 -0.9826
vn 0.0289 -0.0276 -0.9992
vn 0.1343 -0.1344 -0.9818
vn 0.1483 -0.2786 -0.9489
vn 0.5433 -0.6691 0.5071
vn 0.5493 -0.6720 0.4966
vn 0.0995 -0.1447 -0.9845
vn 0.1046 -0.1518 -0.9829
vn 0.0607 -0.0695 -0.9957
vn 0.6010 -0.7264 0.3333
vn 0.5943 -0.7079 0.3816
vn -0.0088 0.0018 -1.0000
vn 0.6241 -0.7410 0.2478
vn 0.6556 -0.7456 0.1193
vn 0.3470 0.6494 0.6767
vn 0.3272 0.6835 0.6525
vn 0.3289 0.6830 0.6522
vn 0.4178 0.5939 0.6875
vn 0.4529 0.5335 0.7143
vn 0.3948 0.5756 0.7161
vn 0.5220 0.4878 0.6997
vn 0.6877 -0.6935 0.2147
vn 0.6964 -0.7033 -0.1429
vn 0.6987 -0.6906 0.1869
vn 0.7059 -0.6848 -0.1809
vn 0.6252 -0.6333 -0.4561
vn 0.6013 -0.5704 -0.5595
vn 0.1093 -0.0917 0.9898
vn 0.2948 -0.2937 0.9093
vn 0.3091 -0.2442 0.9192
vn 0.0156 -0.0389 0.9991
vn 0.4724 -0.4648 -0.7489
vn 0.4367 -0.3866 0.8123
vn 0.4654 -0.4715 0.7490
vn 0.3634 -0.3384 -0.8680
vn 0.5511 -0.5289 0.6453
vn 0.6048 -0.6146 0.5065
vn 0.2347 -0.2312 -0.9442
vn 0.6513 -0.6244 0.4312
vn 0.1690 -0.1069 -0.9798
vn 0.0614 -0.0624 -0.9962
vn -0.0470 0.0771 -0.9959
vn 0.7164 -0.6885 0.1124
vn 0.6919 -0.6609 0.2906
vn 0.7317 -0.4714 0.4924
vn -0.1179 0.1161 -0.9862
vn 0.1811 -0.1396 -0.9735
vn 0.1306 -0.1041 -0.9860
vn 0.6078 -0.5478 0.5750
vn 0.5579 -0.5507 0.6209
vn 0.3539 -0.3602 -0.8631
vn 0.3834 -0.3722 -0.8453
vn 0.4462 -0.3266 0.8332
vn 0.5017 -0.4446 -0.7421
vn 0.5216 -0.4332 -0.7351
vn 0.7588 -0.6240 -0.1869
vn 0.7067 -0.6237 -0.3340
vn 0.7138 -0.6326 -0.3005
vn 0.2265 -0.1515 0.9622
vn 0.0991 -0.0870 0.9913
vn 0.6956 -0.6700 -0.2595
vn -0.0173 0.0010 0.9998
vn 0.7057 -0.6986 -0.1183
vn -0.5605 0.5722 0.5987
vn -0.5412 0.5277 0.6547
vn -0.4920 0.5024 0.7111
vn -0.4298 0.4115 0.8037
vn -0.3183 0.3286 0.8892
vn -0.1416 0.1273 0.9817
vn -0.1027 0.1086 0.9888
vn 0.4174 0.5783 0.7009
vn 0.4778 0.5120 0.7139
vn 0.3637 0.6344 0.6822
vn 0.0670 0.9593 0.2743
vn 0.0840 0.9267 0.3664
vn 0.0871 0.9337 0.3472
vn 0.1187 0.8819 0.4563
vn 0.1482 0.8453 0.5133
vn 0.1829 0.8137 0.5518
vn 0.2633 0.7286 0.6323
vn 0.2247 0.7700 0.5972
vn 0.3102 0.6814 0.6629
vn -0.2829 0.2379 0.9292
vn -0.2162 0.1796 0.9597
vn -0.2521 0.2153 0.9435
vn -0.2714 0.2346 0.9334
vn -0.1802 0.1504 0.9721
vn -0.1341 0.0952 0.9864
vn -0.1230 0.0898 0.9883
vn -0.0512 0.0142 0.9986
vn -0.0550 0.0354 0.9979
vn 0.0360 -0.0803 0.9961
vn -0.2510 0.2492 0.9353
vn -0.2530 0.2453 0.9359
vn -0.2062 0.2031 0.9572
vn -0.2860 0.2764 0.9175
vn -0.1921 0.1865 0.9635
vn -0.1336 0.1220 0.9835
vn -0.1287 0.1227 0.9841
vn -0.0540 0.0403 0.9977
vn -0.0570 0.0491 0.9972
vn 0.0495 -0.0523 0.9974
vn 0.0264 -0.0305 0.9992
vn 0.1159 -0.1169 0.9864
vn 0.1209 -0.1224 0.9851
vn 0.2022 -0.2067 0.9573
vn 0.1825 -0.1860 0.9655
vn 0.2429 -0.2492 0.9375
vn 0.2559 -0.2604 0.9310
vn 0.2526 -0.2582 0.9325
vn 0.2949 0.9024 0.3143
vn -0.7639 -0.3906 -0.5137
vn -0.6768 0.6743 0.2953
vn -0.6569 0.6556 0.3724
vn -0.6372 0.6331 0.4395
vn -0.6303 0.6270 0.4579
vn -0.5738 0.5700 0.5881
vn -0.1933 0.1892 -0.9627
vn -0.2219 0.2152 -0.9510
vn -0.1958 0.1926 -0.9616
vn -0.2508 0.2521 -0.9346
vn -0.5971 0.5922 0.5411
vn -0.5510 0.5419 0.6346
vn -0.5345 0.5322 0.6565
vn -0.2646 0.2567 -0.9296
vn -0.5260 0.5209 0.6723
vn -0.3269 0.3188 -0.8897
vn -0.3817 0.3857 -0.8400
vn -0.3886 0.3750 -0.8416
vn -0.4268 0.4231 -0.7993
vn -0.4737 0.4724 -0.7432
vn -0.5035 0.5064 -0.7000
vn -0.5223 0.5169 -0.6782
vn -0.5637 0.5586 -0.6085
vn -0.6022 0.6058 -0.5199
vn -0.6009 0.5900 -0.5393
vn -0.6287 0.6225 -0.4660
vn -0.6523 0.6490 -0.3915
vn -0.6742 0.6772 -0.2946
vn -0.6780 0.6678 -0.3071
vn -0.6925 0.6869 -0.2206
vn -0.7024 0.6979 -0.1400
vn -0.7054 0.7046 -0.0774
vn -0.7082 0.7047 -0.0437
vn -0.7053 0.7007 0.1077
vn -0.7077 0.7055 0.0386
vn -0.7031 0.6999 0.1261
vn -0.6819 0.6772 0.2765
vn -0.6934 0.6911 0.2039
vn 0.2114 -0.2118 0.9542
vn 0.2069 -0.2094 0.9557
vn 0.2076 -0.2097 0.9555
vn 0.2123 -0.2123 0.9539
vn -0.7283 -0.6852 -0.0017
vn -0.7280 -0.6855 -0.0077
vn -0.7288 -0.6848 -0.0016
vn -0.7291 -0.6844 0.0036
vn -0.7298 -0.6836 -0.0005
vn -0.7302 -0.6832 0.0027
vn -0.7285 -0.6850 0.0075
vn -0.7274 -0.6862 0.0099
vn -0.7281 -0.6854 0.0103
vn -0.7261 -0.6875 0.0125
vn -0.7272 -0.6862 0.0139
vn -0.7210 -0.6925 -0.0249
vn -0.7242 -0.6893 -0.0187
vn -0.7274 -0.6859 -0.0198
vn -0.7298 -0.6835 0.0127
vn -0.7262 -0.6871 -0.0235
vn -0.7247 -0.6888 0.0201
vn -0.7212 -0.6922 -0.0262
vn -0.7163 -0.6975 -0.0218
vn -0.7221 -0.6916 0.0156
vn -0.7251 -0.6884 -0.0203
vn -0.7237 -0.6896 0.0282
vn -0.7207 -0.6932 -0.0103
vn -0.7242 -0.6896 -0.0008
vn -0.7259 -0.6877 -0.0137
vn -0.7115 -0.7022 -0.0249
vn -0.7273 -0.6862 -0.0122
vn -0.7282 -0.6853 -0.0109
vn -0.7121 -0.7015 -0.0268
vn -0.7292 -0.6843 -0.0061
vn -0.7114 -0.7022 -0.0286
vn -0.7133 -0.7003 -0.0268
vn 0.7108 -0.7031 0.0201
vn 0.7078 -0.7064 0.0031
vn 0.7104 -0.7036 0.0178
vn 0.7072 -0.7070 -0.0001
vn 0.0271 0.9483 0.3162
vn 0.0721 0.9405 0.3321
vn 0.0243 0.9813 0.1907
vn 0.3384 0.6297 -0.6993
vn 0.3052 0.6823 -0.6644
vn 0.2978 0.7043 -0.6444
vn 0.1344 0.8579 -0.4959
vn 0.2032 0.8098 -0.5504
vn 0.2345 0.7652 -0.5996
vn 0.0839 0.9221 -0.3777
vn 0.0693 0.9291 -0.3632
vn 0.0149 0.9865 -0.1631
vn 0.0204 0.9752 -0.2205
vn -0.0145 0.9986 -0.0515
vn -0.0088 0.9971 0.0762
vn 0.0133 0.9976 0.0683
vn 0.0947 0.8997 0.4261
vn 0.1345 0.8830 0.4498
vn 0.1420 0.8808 0.4516
vn -0.9209 -0.0911 -0.3791
vn -0.9706 -0.0280 -0.2390
vn -0.9394 -0.0562 -0.3382
vn -0.7528 -0.2466 -0.6103
vn -0.7032 -0.2941 -0.6474
vn -0.8120 -0.2011 -0.5480
vn -0.6764 -0.3006 -0.6724
vn -0.6263 -0.3310 -0.7058
vn -0.8991 -0.1033 0.4254
vn -0.8839 -0.1348 0.4479
vn -0.8795 -0.1325 0.4571
vn -0.9410 -0.0755 0.3298
vn -0.9476 -0.0325 0.3178
vn -0.9799 -0.0318 0.1967
vn -0.9977 -0.0163 0.0662
vn -1.0000 0.0072 0.0043
vn -0.9939 0.0006 0.1102
vn -0.9952 0.0083 -0.0979
vn -0.9876 -0.0186 -0.1562
vn -0.8851 -0.1115 -0.4519
vn -0.8285 -0.1621 -0.5360
vn -0.7753 0.4476 0.4456
vn -0.6512 0.6189 0.4393
vn -0.6099 0.5697 0.5509
vn -0.5892 0.5486 0.5932
vn -0.5590 0.5235 0.6430
vn -0.5498 0.5080 0.6631
vn -0.2148 0.1791 -0.9601
vn -0.2730 0.2291 -0.9344
vn -0.2105 0.1670 -0.9632
vn -0.2328 0.1941 -0.9530
vn -0.2845 0.2502 -0.9254
vn -0.5514 0.5153 0.6561
vn -0.3328 0.2949 -0.8957
vn -0.3854 0.3424 -0.8569
vn -0.4072 0.3649 -0.8373
vn -0.4941 0.3744 -0.7846
vn -0.4751 0.4492 -0.7566
vn -0.6144 0.4185 -0.6688
vn -0.5649 0.5303 -0.6323
vn -0.5965 0.5367 -0.5967
vn -0.6361 0.5914 -0.4956
vn -0.6383 0.5982 -0.4846
vn -0.6744 0.6196 -0.4015
vn -0.6890 0.6414 -0.3375
vn -0.6896 0.6476 -0.3240
vn -0.7127 0.6585 -0.2417
vn -0.7189 0.6737 -0.1713
vn -0.7196 0.6775 -0.1523
vn -0.7276 0.6818 -0.0758
vn -0.7266 0.6870 0.0049
vn -0.7269 0.6865 0.0195
vn -0.7170 0.6804 0.1518
vn -0.7183 0.6784 0.1542
vn -0.7003 0.6672 0.2540
vn -0.6926 0.6608 0.2893
vn -0.6807 0.6498 0.3382
vn -0.8658 -0.4101 0.2868
vn -0.8039 -0.5823 0.1214
vn -0.7294 -0.6825 0.0472
vn -0.7333 -0.6794 0.0270
vn -0.8360 -0.2245 -0.5007
vn -0.7163 0.3156 -0.6223
vn -0.9704 -0.1831 0.1574
vn -0.9425 -0.3244 0.0799
vn -0.9584 -0.2825 0.0412
vn -0.9315 0.2371 0.2759
vn -0.9648 -0.0140 0.2625
vn -0.5249 0.3070 -0.7938
vn -0.9647 -0.2619 0.0290
vn 0.7048 -0.7094 0.0055
vn 0.7018 -0.7122 0.0127
vn 0.7071 -0.7071 -0.0000
vn 0.7002 -0.7137 0.0165
vn 0.2059 -0.2063 0.9566
vn 0.2059 -0.2057 0.9567
vn 0.2060 -0.2051 0.9568
vn 0.2060 -0.2067 0.9565
vn -0.7059 0.7063 0.0544
vn -0.7063 0.7059 0.0535
vn -0.7051 0.7069 0.0554
vn -0.7066 0.7057 0.0529
vn 0.0431 -0.0797 0.9959
vn -0.0201 -0.2597 0.9655
vn 0.1127 -0.1351 0.9844
vn 0.1996 -0.2299 0.9525
vn 0.1855 -0.2197 0.9578
vn 0.2345 -0.2779 0.9315
vn 0.2508 -0.2856 0.9249
vn -0.1726 -0.3688 0.9133
vn -0.7068 -0.7026 0.0819
vn -0.6420 -0.7290 0.2375
vn -0.5278 -0.7101 0.4660
vn 0.3642 -0.4017 -0.8402
vn 0.4095 -0.4550 -0.7907
vn 0.3234 -0.3608 -0.8748
vn 0.2769 -0.3240 -0.9046
vn 0.2637 -0.2966 -0.9179
vn 0.1971 -0.2395 -0.9507
vn 0.5227 -0.5582 0.6444
vn 0.5649 -0.6080 0.5579
vn 0.5204 -0.5581 0.6464
vn 0.5498 -0.5819 0.5993
vn 0.1932 -0.2475 -0.9494
vn 0.1692 -0.1999 -0.9651
vn 0.5854 -0.6343 0.5048
vn 0.6314 -0.6837 0.3658
vn 0.6092 -0.6644 0.4330
vn 0.6570 -0.6928 0.2973
vn 0.6738 -0.7228 0.1532
vn 0.6625 -0.7101 0.2385
vn 0.6798 -0.7083 0.1904
vn 0.6886 -0.7217 0.0709
vn 0.6793 -0.7305 -0.0698
vn 0.6892 -0.7227 -0.0516
vn 0.6756 -0.7194 -0.1613
vn 0.6522 -0.6985 -0.2946
vn 0.6681 -0.6987 -0.2558
vn 0.6180 -0.6772 -0.3993
vn 0.5954 -0.6457 -0.4781
vn 0.5984 -0.6398 -0.4824
vn 0.5654 -0.5938 -0.5724
vn 0.5207 -0.5677 -0.6377
vn 0.4968 -0.5426 -0.6774
vn 0.4551 -0.5004 -0.7365
vn 0.4294 -0.4450 -0.7859
vn 0.3334 -0.3373 -0.8804
vn 0.2864 -0.2894 -0.9134
vn 0.2489 -0.2518 -0.9352
vn 0.2136 -0.2147 -0.9530
vn 0.5111 -0.5212 0.6834
vn 0.5423 -0.5446 0.6398
vn 0.5603 -0.5543 0.6155
vn 0.1770 -0.1736 -0.9688
vn 0.1918 -0.1959 -0.9617
vn 0.6020 -0.5995 0.5274
vn 0.5864 -0.5881 0.5570
vn 0.6193 -0.6231 0.4778
vn 0.6595 -0.6569 0.3654
vn 0.6437 -0.6476 0.4078
vn 0.6747 -0.6807 0.2854
vn 0.6953 -0.6917 0.1953
vn 0.6971 -0.6978 0.1646
vn 0.7070 -0.7067 0.0277
vn 0.7054 -0.7053 0.0706
vn 0.7062 -0.7077 -0.0219
vn 0.6984 -0.6996 -0.1509
vn 0.7019 -0.7050 -0.1018
vn 0.6927 -0.6951 -0.1926
vn 0.6687 -0.6692 -0.3241
vn 0.6813 -0.6814 -0.2673
vn 0.6544 -0.6589 -0.3708
vn 0.6196 -0.6185 -0.4832
vn 0.6325 -0.6386 -0.4384
vn 0.6036 -0.6075 -0.5164
vn 0.5495 -0.5484 -0.6303
vn 0.5641 -0.5676 -0.5997
vn 0.5204 -0.5261 -0.6726
vn 0.4629 -0.4626 -0.7561
vn 0.4772 -0.4843 -0.7333
vn 0.4310 -0.4358 -0.7901
vn 0.3606 -0.3614 -0.8599
vn 0.3815 -0.3866 -0.8396
vn -0.6687 -0.7435 0.0099
vn -0.5285 -0.8465 0.0646
vn -0.6768 -0.7361 0.0139
vn -0.6502 -0.7597 -0.0135
vn -0.4987 -0.8664 -0.0264
vn -0.6540 -0.7565 0.0071
vn -0.6808 -0.7275 -0.0846
vn -0.4924 -0.7229 -0.4847
vn -0.6837 -0.7263 -0.0707
vn -0.6720 -0.7382 -0.0596
vn -0.3769 -0.8298 -0.4115
vn -0.6695 -0.7413 -0.0478
vn -0.6615 -0.7488 0.0413
vn -0.5244 -0.8359 0.1623
vn -0.4605 -0.8610 0.2158
vn -0.6781 -0.7347 0.0226
vn -0.3875 -0.9214 0.0305
vn -0.6558 -0.7540 -0.0389
vn -0.6605 -0.7493 -0.0486
vn -0.4543 -0.8705 -0.1894
vn -0.5620 -0.8249 -0.0609
vn -0.5215 -0.8501 -0.0737
vn -0.2057 -0.9604 0.1877
vn -0.3815 -0.9216 0.0719
vn -0.5740 -0.8145 0.0846
vn -0.2634 -0.9518 0.1571
vn -0.2037 -0.9788 0.0221
vn -0.3795 -0.8900 0.2526
vn -0.1771 -0.9840 0.0167
vn -0.6516 -0.7576 0.0384
vn -0.5702 -0.8076 -0.1507
vn -0.6687 -0.7415 -0.0556
vn -0.6585 -0.7512 -0.0467
vn -0.6699 -0.7392 -0.0696
vn -0.6797 -0.7315 -0.0543
vn -0.6737 -0.7389 0.0140
vn -0.6858 -0.7255 -0.0588
vn -0.6936 -0.7181 -0.0575
vn -0.6819 -0.7295 -0.0542
vn -0.6840 -0.7273 -0.0565
vn -0.6750 -0.7365 0.0438
vn -0.6769 -0.7346 0.0471
vn -0.6706 -0.7407 -0.0403
vn -0.6694 -0.7421 -0.0352
vn -0.6632 -0.7477 -0.0326
vn -0.6562 -0.7543 -0.0214
vn -0.6560 -0.7547 -0.0093
vn -0.6590 -0.7521 -0.0058
vn -0.6586 -0.7524 0.0109
vn -0.7071 0.7071 -0.0000
vn -0.2035 0.2059 0.9572
vn -0.2012 0.2018 0.9585
vn -0.2009 0.2011 0.9588
vn -0.2043 0.2072 0.9567
vn 0.7104 0.2838 -0.6440
vn 0.8156 0.1884 -0.5471
vn 0.7513 0.2331 -0.6174
vn 0.8500 0.1531 0.5041
vn 0.8788 0.1049 0.4656
vn 0.8891 0.1109 0.4441
vn 0.9231 0.0643 0.3792
vn 0.9663 0.0271 0.2561
vn 0.9600 0.0525 0.2751
vn 0.9891 0.0155 0.1462
vn 0.9996 0.0088 0.0276
vn 0.9996 -0.0236 0.0135
vn 0.9942 -0.0066 -0.1074
vn 0.9717 0.0240 -0.2349
vn 0.9800 0.0263 -0.1971
vn 0.9392 0.0586 -0.3383
vn 0.9180 0.0932 -0.3855
vn 0.8848 0.1137 -0.4519
vn 0.8273 0.1626 -0.5377
vn 0.6762 0.3201 -0.6635
vn 0.6641 0.3160 -0.6776
vn 0.6548 0.3442 -0.6729
vn -0.0522 -0.9410 -0.3344
vn -0.0171 -0.9767 -0.2141
vn -0.0872 -0.9189 -0.3848
vn -0.0192 -0.9800 -0.1980
vn 0.0130 -0.9983 -0.0562
vn -0.0104 -0.9995 0.0281
vn -0.0240 -0.9659 0.2578
vn -0.0480 -0.9603 0.2747
vn -0.0080 -0.9930 0.1175
vn -0.3218 -0.6670 -0.6720
vn -0.3207 -0.6673 -0.6722
vn -0.2796 -0.7123 -0.6437
vn -0.2785 -0.7113 -0.6454
vn -0.1892 -0.8130 -0.5507
vn -0.1107 -0.8839 -0.4545
vn -0.1898 -0.8025 -0.5657
vn -0.0722 -0.9147 0.3977
vn -0.1125 -0.8877 0.4466
vn -0.1489 -0.8487 0.5075
vn -0.1130 -0.8702 0.4795
vn -0.7090 0.7052 -0.0000
vn -0.7074 0.7068 -0.0033
vn -0.7084 0.7059 -0.0015
vn -0.7071 0.7071 -0.0045
vn -0.6551 -0.7556 0.0013
vn -0.6810 -0.7322 -0.0023
vn -0.6847 -0.7289 0.0016
vn -0.6693 -0.7428 -0.0176
vn -0.6866 -0.7269 -0.0108
vn -0.6867 -0.7269 -0.0098
vn 0.8231 0.2826 -0.4926
vn 0.7390 0.2653 -0.6192
vn -0.2063 0.2062 0.9565
vn -0.2063 0.2061 0.9565
vn -0.2061 0.2061 0.9566
vn -0.2062 0.2061 0.9566
vn 0.9322 0.0714 0.3549
vn 0.9346 0.0562 0.3512
vn 0.9690 -0.0230 0.2459
vn 0.8643 0.1356 0.4843
vn 0.5869 0.4047 0.7013
vn 0.5416 0.4566 0.7058
vn 0.9724 -0.0505 0.2276
vn 0.6355 0.3654 0.6802
vn 0.6847 0.3101 0.6596
vn 0.7311 0.2577 0.6317
vn 0.7700 0.2246 0.5972
vn 0.8105 0.1728 0.5596
vn 0.8837 0.1365 0.4478
vn 0.1226 -0.1182 0.9854
vn 0.1641 -0.1778 0.9703
vn 0.3379 -0.3246 0.8834
vn 0.4160 -0.4345 0.7988
vn 0.5202 -0.5084 0.6862
vn 0.5262 -0.5463 0.6517
vn 0.5927 -0.5801 0.5588
vn 0.7130 -0.7012 0.0062
vn 0.7064 -0.7065 0.0426
vn 0.7101 -0.7041 0.0115
vn 0.7121 -0.7020 -0.0068
vn 0.7085 -0.7055 -0.0187
vn 0.7052 -0.7081 -0.0359
vn 0.9200 0.0979 -0.3795
vn 0.9619 0.0557 -0.2676
vn 0.9723 0.0156 -0.2334
vn 0.0853 0.9186 -0.3858
vn -0.0092 0.9714 -0.2374
vn 0.0323 0.9620 -0.2711
vn 0.8889 0.1120 -0.4442
vn 0.8420 0.1394 -0.5211
vn 0.7890 0.1982 -0.5816
vn 0.7292 0.2545 -0.6353
vn 0.5999 0.4058 -0.6896
vn 0.6771 0.3224 -0.6615
vn 0.5926 0.4576 -0.6629
vn 0.4239 0.4807 -0.7676
vn 0.4337 0.5403 -0.7211
vn 0.3742 0.6179 -0.6915
vn 0.3372 0.6721 -0.6593
vn 0.2567 0.7342 -0.6286
vn 0.1970 0.7913 -0.5789
vn 0.1376 0.8424 -0.5210
vn 0.1045 0.8896 -0.4446
vn -0.4280 0.4237 -0.7983
vn -0.5316 0.5248 -0.6648
vn -0.5184 0.5210 -0.6781
vn 0.5135 -0.5239 -0.6796
vn 0.3711 -0.3807 -0.8470
vn 0.4192 -0.4138 -0.8081
vn 0.5113 -0.5140 -0.6887
vn 0.1418 -0.1260 -0.9818
vn 0.0715 -0.0815 -0.9941
vn -0.1623 0.1697 -0.9720
vn -0.1836 0.1811 -0.9662
vn -0.4144 0.4162 -0.8094
vn -0.6958 0.7182 -0.0130
vn -0.7053 0.6995 -0.1153
vn -0.7043 0.7094 -0.0286
vn -0.6982 0.7158 0.0081
vn -0.7060 0.7078 0.0246
vn -0.7043 0.7098 0.0139
vn 0.7071 0.7071 -0.0000
vn 0.7070 0.7072 -0.0001
vn 0.7069 0.7073 -0.0001
vn 0.7073 0.7069 0.0001
vn 0.7070 0.7072 -0.0002
vn 0.7070 0.7073 -0.0003
vn 0.7070 0.7072 0.0001
vn 0.7071 0.7071 -0.0001
vn 0.7071 0.7071 -0.0003
vn 0.7072 0.7070 -0.0001
vn -0.7103 0.6932 0.1223
vn -0.7051 0.7022 0.0982
vn -0.6764 0.7039 -0.2171
vn -0.6787 0.6901 -0.2514
vn -0.1460 0.1260 0.9812
vn -0.1755 0.2213 0.9593
vn -0.5357 0.6280 -0.5645
vn -0.5943 0.6836 -0.4237
vn -0.2947 0.3689 0.8815
vn -0.4064 0.5068 0.7603
vn -0.5236 0.5693 -0.6338
vn -0.4590 0.4943 0.7383
vn -0.3584 0.3799 -0.8528
vn -0.3467 0.3486 -0.8708
vn -0.6222 0.6365 0.4558
vn -0.6409 0.6394 0.4248
vn -0.1581 0.1369 -0.9779
vn 0.7070 0.7072 -0.0000
vn 0.7072 0.7071 -0.0000
vn 0.7070 0.7072 0.0002
vn 0.7071 0.7071 0.0002
vn 0.7072 0.7070 -0.0000
vn 0.7068 0.7074 -0.0000
vn -0.6948 0.7106 0.1112
vn -0.6977 0.6826 0.2175
vn -0.6145 0.6329 0.4710
vn -0.1951 0.1871 -0.9628
vn -0.5985 0.5971 0.5340
vn -0.3455 0.3510 -0.8703
vn -0.4649 0.4820 0.7427
vn -0.4683 0.4629 -0.7526
vn -0.2768 0.2773 0.9201
vn -0.1505 0.1541 0.9765
vn -0.6267 0.6244 -0.4662
vn -0.6735 0.7025 -0.2300
vn -0.7062 0.6924 -0.1477
vn -0.7115 -0.7027 -0.0103
vn -0.7203 -0.6935 -0.0168
vn -0.7170 -0.6969 -0.0152
vn -0.7248 -0.6888 -0.0134
vn -0.7181 -0.6955 -0.0240
vn -0.7239 -0.6897 -0.0131
vn -0.7065 -0.7073 -0.0235
vn -0.7167 -0.6968 -0.0287
vn -0.7248 -0.6889 -0.0110
vn -0.7193 -0.6941 -0.0289
vn -0.7262 -0.6874 -0.0097
vn -0.7269 -0.6868 -0.0050
vn -0.7176 -0.6957 -0.0327
vn -0.7256 -0.6881 -0.0073
vn -0.6897 -0.7236 -0.0266
vn -0.7255 -0.6882 -0.0049
vn -0.7244 -0.6894 -0.0068
vn -0.7240 -0.6898 0.0025
vn -0.7140 -0.7001 0.0043
vn -0.7099 -0.7043 0.0066
vn -0.7051 -0.7088 0.0227
vn -0.7040 -0.7101 0.0129
vn -0.7110 -0.7031 -0.0082
vn -0.6992 -0.7143 -0.0299
vn -0.7140 -0.7001 -0.0135
vn -0.7005 -0.7128 -0.0364
vn -0.7191 -0.6949 0.0022
vn -0.7169 -0.6970 0.0115
vn -0.7101 -0.7037 0.0240
vn -0.6920 -0.7213 -0.0294
vn -0.6912 -0.7223 -0.0246
vn -0.6937 -0.7192 -0.0397
vn -0.6865 -0.7269 -0.0189
vn -0.7111 -0.7030 0.0105
vn -0.6914 -0.7222 -0.0183
vn -0.6933 -0.7202 -0.0263
vn -0.7095 -0.7047 -0.0004
vn -0.6884 -0.7252 -0.0156
vn -0.6880 -0.7256 -0.0125
vn -0.7173 -0.6966 0.0150
vn -0.6887 -0.7250 -0.0077
vn -0.7807 -0.6249 -0.0010
vn -0.7133 -0.7004 0.0252
vn -0.6872 -0.7264 -0.0041
vn -0.7107 -0.7030 0.0282
vn -0.6879 -0.7258 -0.0053
vn -0.7045 -0.7094 0.0210
vn -0.7011 -0.7129 0.0138
vn -0.7020 -0.7119 0.0201
vn -0.6866 -0.7270 0.0067
vn -0.6855 -0.7280 0.0044
vn -0.6867 -0.7268 0.0136
vn -0.7181 -0.6956 -0.0219
vn -0.7109 -0.7029 0.0230
vn -0.7045 -0.7097 -0.0021
vn -0.6868 -0.7268 0.0092
vn -0.6986 -0.7154 0.0107
vn -0.6848 -0.7286 0.0140
vn -0.6668 -0.7452 -0.0012
vn -0.6814 -0.7319 0.0024
vn -0.7047 -0.7092 0.0179
vn -0.6866 -0.7269 0.0172
vn 0.7070 -0.7050 0.0559
vn 0.7060 -0.7062 0.0536
vn 0.7065 -0.7056 0.0547
vn 0.7057 -0.7066 0.0528
vn -0.5155 -0.4898 0.7031
vn -0.5750 -0.4040 0.7115
vn -0.5940 -0.4210 0.6855
vn -0.3215 -0.6946 0.6435
vn -0.3240 -0.6820 0.6556
vn -0.4028 -0.6129 0.6797
vn -0.3441 -0.6455 0.6819
vn -0.4020 -0.5859 0.7037
vn -0.4748 -0.5385 0.6962
vn -0.6453 -0.3466 0.6808
vn -0.6803 -0.3307 0.6540
vn -0.6900 -0.3298 0.6443
vn 0.5770 0.4110 0.7058
vn 0.6132 0.3975 0.6826
vn 0.6524 0.3422 0.6762
vn 0.6815 0.3309 0.6527
vn 0.6859 0.3175 0.6548
vn -0.7059 0.7064 0.0523
vn -0.7060 0.7062 0.0532
vn -0.7060 0.7062 0.0528
vn -0.7061 0.7061 0.0535
vn -0.3659 -0.1950 0.9100
vn 0.7059 -0.7062 0.0539
vn 0.7060 -0.7062 0.0535
vn 0.7063 -0.7060 0.0524
vn -0.7121 -0.7016 0.0260
vn -0.7068 -0.7068 0.0301
vn -0.7131 -0.7008 0.0183
vn -0.7060 -0.7072 0.0378
vn -0.7138 -0.6996 0.0316
vn -0.7234 -0.6895 0.0358
vn -0.7039 -0.7097 0.0292
vn -0.7028 -0.7106 0.0338
vn -0.6867 -0.7257 0.0428
vn -0.7076 -0.7056 0.0381
vn -0.7022 -0.7115 0.0258
vn -0.6984 -0.7153 0.0250
vn -0.6961 -0.7177 0.0203
vn -0.6796 0.6764 0.2840
vn -0.6704 0.6227 0.4036
vn -0.6293 0.6171 0.4724
vn -0.5789 0.5775 0.5756
vn -0.1021 0.0809 -0.9915
vn -0.0746 0.0796 -0.9940
vn -0.4311 0.4033 0.8071
vn -0.5186 0.5997 0.6095
vn -0.0240 0.0362 -0.9991
vn -0.1900 0.1577 -0.9690
vn -0.2264 0.1855 -0.9562
vn -0.5405 0.4276 0.7245
vn -0.2542 0.2496 -0.9344
vn -0.3802 0.3321 -0.8632
vn -0.4001 0.3968 0.8262
vn -0.4111 0.4157 0.8113
vn -0.4121 0.4183 0.8094
vn -0.3923 0.2778 -0.8769
vn -0.4508 0.4349 -0.7795
vn -0.5728 0.5389 -0.6176
vn -0.5578 0.4772 -0.6790
vn -0.4263 0.3552 0.8319
vn -0.4420 0.4411 0.7811
vn -0.3936 0.3800 0.8370
vn -0.3427 0.2839 0.8955
vn -0.6217 0.6178 -0.4814
vn -0.6939 0.6690 -0.2665
vn -0.1862 0.1260 0.9744
vn -0.2421 0.1776 0.9539
vn -0.6879 0.6282 -0.3636
vn -0.7353 0.6538 -0.1786
vn -0.0921 0.0693 0.9933
vn -0.6919 0.7192 -0.0631
vn -0.7157 0.6869 0.1259
vn -0.7545 0.6491 0.0973
vn -0.7217 -0.6915 -0.0300
vn -0.7270 -0.6862 -0.0242
vn -0.7284 -0.6847 -0.0241
vn -0.7209 -0.6925 -0.0275
vn -0.7312 -0.6819 -0.0199
vn -0.7317 -0.6813 -0.0200
vn -0.7172 -0.6957 -0.0396
vn -0.7175 -0.6956 -0.0371
vn -0.7342 -0.6788 -0.0127
vn -0.7338 -0.6793 -0.0135
vn -0.7156 -0.6973 -0.0402
vn -0.7183 -0.6945 -0.0403
vn -0.7130 -0.7001 -0.0398
vn -0.7111 -0.7020 -0.0407
vn -0.7363 -0.6767 -0.0043
vn -0.7353 -0.6777 -0.0073
vn -0.7084 -0.7047 -0.0392
vn -0.7089 -0.7042 -0.0397
vn -0.7375 -0.6754 -0.0007
vn -0.7013 -0.7118 -0.0383
vn -0.7371 -0.6758 0.0030
vn -0.7387 -0.6740 0.0028
vn -0.7022 -0.7110 -0.0389
vn -0.7340 -0.6790 0.0138
vn -0.7016 -0.7111 -0.0456
vn -0.6979 -0.7151 -0.0399
vn -0.7344 -0.6785 0.0147
vn -0.6990 -0.7143 -0.0345
vn -0.7376 -0.6751 0.0122
vn -0.6929 -0.7200 -0.0376
vn -0.6913 -0.7212 -0.0438
vn -0.7348 -0.6782 0.0129
vn -0.7292 -0.6842 0.0122
vn -0.6914 -0.7216 -0.0356
vn -0.7238 -0.6898 0.0175
vn -0.6903 -0.7228 -0.0311
vn -0.7228 -0.6906 0.0252
vn -0.6885 -0.7243 -0.0357
vn -0.7228 -0.6907 0.0221
vn -0.6909 -0.7225 -0.0259
vn -0.6905 -0.7230 -0.0224
vn -0.7227 -0.6904 0.0324
vn -0.7237 -0.6891 0.0376
vn -0.6908 -0.7229 -0.0177
vn -0.7222 -0.6907 0.0359
vn -0.6846 -0.7288 -0.0119
vn -0.7203 -0.6927 0.0374
vn -0.6788 -0.7342 -0.0119
vn -0.7207 -0.6920 0.0409
vn -0.6757 -0.7371 -0.0115
vn -0.6784 -0.7346 -0.0141
vn -0.6813 -0.7318 -0.0191
vn -0.7145 -0.6988 0.0334
vn -0.7136 -0.6997 0.0355
vn -0.7094 -0.7039 0.0352
vn -0.6772 -0.7358 -0.0073
vn -0.6753 -0.7376 -0.0026
vn -0.6733 -0.7394 -0.0012
vn -0.7076 -0.7057 0.0372
vn -0.7049 -0.7083 0.0384
vn -0.7046 -0.7085 0.0398
vn -0.6746 -0.7381 0.0041
vn -0.6753 -0.7376 0.0046
vn -0.7019 -0.7112 0.0396
vn -0.7000 -0.7130 0.0391
vn -0.6785 -0.7345 0.0130
vn -0.6783 -0.7347 0.0126
vn -0.6952 -0.7179 0.0374
vn -0.6969 -0.7160 0.0396
vn -0.6944 -0.7185 0.0407
vn -0.6814 -0.7316 0.0200
vn -0.6817 -0.7313 0.0196
vn -0.6951 -0.7178 0.0387
vn -0.6915 -0.7218 0.0293
vn -0.6910 -0.7222 0.0306
vn -0.6853 -0.7279 0.0247
vn -0.6865 -0.7267 0.0250
s 1
usemtl Part__Mirroring007_004_001.001
f 5944//9663 5945//9664 5943//9665
f 5946//9666 5951//9666 5950//9666
f 6327//9667 6333//9668 6202//9669
f 6202//9669 6333//9668 5957//9670
f 6333//9668 6334//9671 5957//9670
f 6334//9671 6203//9672 5957//9670
f 6334//9671 6335//9673 6203//9672
f 5919//9674 6320//9675 5958//9676
f 6335//9673 5959//9677 6203//9672
f 6320//9675 5960//9678 5958//9676
f 6335//9673 5962//9679 5959//9677
f 5962//9679 5961//9680 5959//9677
f 6320//9675 6321//9681 5960//9678
f 5962//9679 6193//9682 5961//9680
f 5962//9679 6328//9683 6193//9682
f 6321//9681 6322//9684 5960//9678
f 6328//9683 5963//9685 6193//9682
f 6328//9683 5964//9686 5963//9685
f 5964//9686 5965//9687 5963//9685
f 5964//9686 5966//9688 5965//9687
f 5966//9688 5969//9689 5965//9687
f 6322//9684 6323//9690 5960//9678
f 5966//9688 6195//9691 5969//9689
f 5966//9688 5970//9692 6195//9691
f 5970//9692 6329//9693 6195//9691
f 6323//9690 6319//9694 5971//9695
f 5971//9695 6319//9694 5967//9696
f 6329//9693 6198//9697 6195//9691
f 5967//9696 6319//9694 5968//9698
f 6319//9694 5972//9699 5968//9698
f 5968//9698 5972//9699 5973//9700
f 6319//9694 6199//9701 5972//9699
f 6319//9694 5974//9702 6199//9701
f 6319//9694 6324//9703 5974//9702
f 6329//9693 6197//9704 6198//9697
f 6324//9703 6200//9705 5974//9702
f 5975//9706 5976//9707 5977//9708
f 6329//9693 6330//9709 6197//9704
f 6324//9703 6325//9710 6200//9705
f 6200//9705 6325//9710 6201//9711
f 5975//9706 6331//9712 5976//9707
f 6330//9709 6331//9712 6196//9713
f 6196//9713 6331//9712 5975//9706
f 6331//9712 6332//9714 5976//9707
f 6325//9710 6326//9715 6201//9711
f 6201//9711 6326//9715 6190//9716
f 6332//9714 5920//9717 5976//9707
f 5971//9695 5960//9678 6323//9690
f 6196//9713 6197//9704 6330//9709
f 6190//9716 6326//9715 5978//9718
f 6326//9715 6327//9667 5978//9718
f 5978//9718 6327//9667 5979//9719
f 5979//9719 6327//9667 6202//9669
f 5982//9720 5980//9721 5983//9722
f 5982//9720 5981//9723 5980//9721
f 5985//9724 5981//9723 5984//9725
f 5984//9725 5981//9723 5982//9720
f 5986//9726 5981//9723 5985//9724
f 6003//9727 5987//9728 6004//9729
f 5988//9730 5990//9731 5991//9732
f 5987//9728 5990//9731 5988//9730
f 5989//9733 5992//9734 5993//9735
f 6311//9736 5992//9734 5989//9733
f 5990//9731 5994//9737 5991//9732
f 5993//9735 5992//9734 5995//9738
f 5992//9734 5996//9739 5995//9738
f 5991//9732 5994//9737 5997//9740
f 5995//9738 5996//9739 5998//9741
f 5996//9739 5999//9742 5998//9741
f 5994//9737 6000//9743 5997//9740
f 5998//9741 5999//9742 6001//9744
f 5997//9740 6000//9743 6002//9745
f 6001//9744 6003//9727 6004//9729
f 5999//9742 6003//9727 6001//9744
f 6000//9743 6005//9746 6002//9745
f 6002//9745 6005//9746 6303//9747
f 6004//9729 5987//9728 5988//9730
f 6020//9748 6006//9749 6001//9750
f 6287//9751 6007//9752 6002//9753
f 6001//9750 6006//9749 6008//9754
f 6006//9749 6009//9755 6008//9754
f 6002//9753 6007//9752 6010//9756
f 6007//9752 6011//9757 6010//9756
f 6008//9754 6009//9755 5995//9738
f 5995//9738 6012//9758 5993//9735
f 6009//9755 6012//9758 5995//9738
f 6010//9756 6011//9757 5991//9759
f 6011//9757 6013//9760 5991//9759
f 5991//9761 6013//9762 6014//9763
f 5993//9735 6015//9764 6016//9765
f 6012//9758 6015//9764 5993//9735
f 6014//9763 6013//9762 6017//9766
f 6015//9764 6018//9767 6016//9765
f 6013//9762 6019//9768 6017//9766
f 6017//9766 6019//9768 6020//9748
f 6019//9768 6006//9749 6020//9748
f 6021//9769 6022//9770 6023//9771
f 6022//9770 6024//9772 6023//9771
f 6023//9771 6024//9772 6025//9773
f 6024//9772 6026//9774 6025//9773
f 6025//9773 6026//9774 6027//9775
f 6027//9776 6028//9777 6029//9778
f 6030//9779 6021//9780 6031//9781
f 6031//9781 6021//9780 6032//9782
f 6021//9780 6023//9783 6032//9782
f 6023//9783 6033//9784 6032//9782
f 6023//9783 6025//9785 6033//9784
f 6033//9784 6025//9785 6034//9786
f 6025//9785 6035//9787 6034//9786
f 6035//9787 6027//9776 6029//9778
f 6025//9785 6027//9776 6035//9787
f 5949//9788 6137//9789 5947//9790
f 6036//9791 6137//9789 5949//9788
f 5947//9790 6137//9789 5948//9792
f 5948//9792 6138//9793 5950//9794
f 6137//9789 6138//9793 5948//9792
f 5950//9794 5953//9795 5946//9796
f 6138//9793 5953//9795 5950//9794
f 5946//9796 5953//9795 5951//9797
f 5983//9798 6316//9799 5982//9800
f 6037//9801 6316//9799 5983//9798
f 6316//9799 6315//9802 5982//9800
f 5982//9800 6038//9803 5984//9804
f 6315//9802 6038//9803 5982//9800
f 5984//9804 5940//9805 5985//9806
f 6038//9803 5940//9805 5984//9804
f 5985//9806 5942//9807 5986//9808
f 5940//9805 5942//9807 5985//9806
f 5986//9808 5942//9807 6040//9809
f 6040//9809 5943//9810 6041//9811
f 5942//9807 5943//9810 6040//9809
f 5943//9810 5945//9812 6041//9811
f 5945//9812 5944//9813 6041//9811
f 6041//9811 5941//9814 6039//9815
f 5944//9813 5941//9814 6041//9811
f 6043//9816 6045//9816 6047//9816
f 6052//9817 6061//9817 6049//9817
f 6062//9818 6063//9819 6071//9820
f 6063//9819 6064//9821 6071//9820
f 6071//9820 6064//9821 6070//9822
f 6065//9823 6050//9824 6068//9825
f 6068//9825 6050//9824 6079//9826
f 6064//9821 6043//9827 6070//9822
f 6043//9827 6047//9828 6070//9822
f 6070//9822 6047//9828 6069//9829
f 6050//9824 6049//9830 6079//9826
f 6047//9828 6051//9831 6069//9829
f 6079//9826 6061//9832 6078//9833
f 6049//9830 6061//9832 6079//9826
f 6061//9832 6052//9834 6078//9833
f 6052//9834 6053//9835 6078//9833
f 6078//9833 6054//9836 6077//9837
f 6053//9835 6054//9836 6078//9833
f 6054//9836 6066//9838 6077//9837
f 6077//9837 6067//9839 6076//9840
f 6066//9838 6067//9839 6077//9837
f 6067//9839 6042//9841 6076//9840
f 6042//9841 6044//9842 6076//9840
f 6076//9840 6046//9843 6075//9844
f 6044//9842 6046//9843 6076//9840
f 6046//9843 6048//9845 6075//9844
f 6048//9845 6055//9846 6075//9844
f 6055//9846 6056//9847 6075//9844
f 6075//9844 6056//9847 6074//9848
f 6056//9847 6057//9849 6074//9848
f 6074//9848 6057//9849 6073//9850
f 6057//9849 6058//9851 6073//9850
f 6058//9851 6059//9852 6073//9850
f 6073//9850 6059//9852 6072//9853
f 6059//9852 6060//9854 6072//9853
f 6060//9854 6062//9818 6072//9853
f 6072//9853 6062//9818 6071//9820
f 6080//9855 6081//9856 6069//9857
f 6051//9858 6080//9855 6069//9857
f 6056//9859 6082//9860 6057//9861
f 6082//9860 6083//9862 6057//9861
f 6057//9861 6083//9862 6058//9863
f 6058//9863 6083//9862 6059//9864
f 6059//9864 6083//9862 6060//9865
f 6060//9865 6083//9862 6062//9866
f 6083//9862 6063//9867 6062//9866
f 6083//9862 6084//9868 6063//9867
f 6084//9868 6064//9869 6063//9867
f 6054//9870 6085//9871 6066//9872
f 6084//9868 6043//9873 6064//9869
f 6066//9872 6085//9871 6067//9874
f 6084//9868 6045//9875 6043//9873
f 6053//9876 6086//9877 6054//9870
f 6054//9870 6086//9877 6085//9871
f 6084//9868 6080//9878 6045//9875
f 6067//9874 6085//9871 6042//9879
f 6080//9878 6047//9880 6045//9875
f 6052//9881 6086//9877 6053//9876
f 6047//9880 6080//9878 6051//9882
f 6042//9879 6085//9871 6044//9883
f 6049//9884 6086//9877 6052//9881
f 6044//9883 6082//9860 6046//9885
f 6046//9885 6082//9860 6048//9886
f 6085//9871 6082//9860 6044//9883
f 6050//9887 6086//9877 6049//9884
f 6048//9886 6082//9860 6055//9888
f 6065//9889 6087//9890 6050//9887
f 6050//9887 6087//9890 6086//9877
f 6055//9888 6082//9860 6056//9859
f 6088//9891 6087//9892 6068//9893
f 6087//9892 6065//9894 6068//9893
f 6071//9895 6091//9896 6072//9897
f 6068//9898 6079//9899 6088//9900
f 6077//9901 6092//9902 6078//9903
f 6092//9902 6077//9901 6093//9904
f 6093//9904 6076//9905 6089//9906
f 6076//9905 6075//9907 6089//9906
f 6074//9908 6089//9906 6075//9907
f 6073//9909 6090//9910 6074//9908
f 6074//9908 6090//9910 6089//9906
f 6090//9910 6072//9897 6091//9896
f 6073//9909 6072//9897 6090//9910
f 6070//9911 6091//9896 6071//9895
f 6091//9896 6069//9912 6081//9913
f 6070//9911 6069//9912 6091//9896
f 6078//9903 6088//9900 6079//9899
f 6088//9900 6078//9903 6092//9902
f 6076//9905 6093//9904 6077//9901
f 6093//9914 6095//9915 6094//9916
f 6097//9917 6088//9918 6092//9919
f 6098//9920 6099//9921 6088//9918
f 6100//9922 6081//9923 6109//9924
f 6100//9922 6091//9925 6081//9923
f 6101//9926 6091//9925 6100//9922
f 6102//9927 6091//9925 6101//9926
f 6091//9925 6102//9927 6090//9928
f 6103//9929 6090//9928 6104//9930
f 6105//9931 6089//9932 6103//9929
f 6103//9929 6089//9932 6090//9928
f 6095//9915 6089//9932 6105//9931
f 6095//9915 6093//9914 6089//9932
f 6096//9933 6093//9914 6094//9916
f 6093//9914 6096//9933 6092//9919
f 6106//9934 6092//9919 6096//9933
f 6106//9934 6097//9917 6092//9919
f 6098//9920 6088//9918 6097//9917
f 6090//9928 6102//9927 6104//9930
f 6123//9935 6101//9936 6107//9937
f 6101//9936 6100//9938 6107//9937
f 6107//9937 6100//9938 6120//9939
f 6120//9939 6100//9938 6125//9940
f 6099//9941 6098//9942 6122//9943
f 6122//9943 6098//9942 6121//9944
f 6121//9944 6098//9942 6108//9945
f 6100//9938 6109//9946 6125//9940
f 6108//9945 6098//9942 6110//9947
f 6110//9947 6097//9948 6127//9949
f 6098//9942 6097//9948 6110//9947
f 6127//9949 6097//9948 6129//9950
f 6129//9950 6106//9951 6111//9952
f 6097//9948 6106//9951 6129//9950
f 6111//9952 6096//9953 6112//9954
f 6106//9951 6096//9953 6111//9952
f 6112//9954 6096//9953 6113//9955
f 6113//9955 6094//9956 6133//9957
f 6096//9953 6094//9956 6113//9955
f 6133//9957 6094//9956 6114//9958
f 6114//9958 6095//9959 6115//9960
f 6094//9956 6095//9959 6114//9958
f 6115//9960 6095//9959 6117//9961
f 6095//9959 6105//9962 6117//9961
f 6117//9961 6105//9962 6124//9963
f 6124//9963 6105//9962 6126//9964
f 6105//9962 6103//9965 6126//9964
f 6126//9964 6103//9965 6128//9966
f 6103//9965 6104//9967 6128//9966
f 6128//9966 6104//9967 6131//9968
f 6104//9967 6102//9969 6131//9968
f 6131//9968 6102//9969 6132//9970
f 6132//9970 6102//9969 6123//9935
f 6102//9969 6101//9936 6123//9935
f 6120//9971 6118//9972 6107//9973
f 6120//9971 6125//9974 6118//9972
f 6116//9975 6129//9975 6111//9975
f 6111//9952 6112//9954 6116//9976
f 6131//9977 6130//9978 6128//9979
f 6131//9977 6132//9980 6130//9978
f 6107//9937 6119//9981 6123//9935
f 6132//9980 6119//9981 6130//9978
f 6129//9950 6116//9982 6127//9949
f 6128//9979 6130//9978 6126//9983
f 6119//9981 6132//9980 6123//9935
f 6134//9984 6099//9985 6122//9986
f 6134//9984 6088//9987 6099//9985
f 6109//9988 6135//9989 6125//9990
f 6081//9991 6135//9989 6109//9988
f 6136//9992 6036//9993 5949//9994
f 6136//9992 5980//9995 6036//9993
f 5951//9797 5952//9996 6139//9997
f 5953//9795 5952//9996 5951//9797
f 6139//9997 5954//9998 6140//9999
f 5952//9996 5954//9998 6139//9997
f 5954//9998 5955//10000 6140//9999
f 6140//9999 5956//10001 6141//10002
f 5955//10000 5956//10001 6140//9999
f 6139//9997 6142//10003 5951//9797
f 6140//10004 6142//10005 6139//10006
f 6143//10007 6163//10008 6144//10009
f 6163//10008 6164//10010 6144//10009
f 6144//10009 6164//10010 6145//10011
f 6145//10011 6164//10010 6225//10012
f 6146//10013 6156//10014 6227//10015
f 6227//10015 6156//10014 6228//10016
f 6164//10010 6148//10017 6225//10012
f 6225//10012 6148//10017 6147//10018
f 6228//10016 6156//10014 6235//10019
f 6235//10019 6157//10020 6231//10021
f 6156//10014 6157//10020 6235//10019
f 6231//10021 6157//10020 6230//10022
f 6230//10022 6158//10023 6233//10024
f 6157//10020 6158//10023 6230//10022
f 6233//10024 6158//10023 6236//10025
f 6236//10025 6158//10023 6149//10026
f 6149//10026 6159//10027 6150//10028
f 6158//10023 6159//10027 6149//10026
f 6150//10028 6159//10027 6226//10029
f 6226//10029 6160//10030 6229//10031
f 6159//10027 6160//10030 6226//10029
f 6229//10031 6160//10030 6151//10032
f 6151//10032 6160//10030 6152//10033
f 6160//10030 6161//10034 6152//10033
f 6152//10033 6161//10034 6234//10035
f 6161//10034 6162//10036 6234//10035
f 6234//10035 6162//10036 6153//10037
f 6153//10037 6162//10036 6154//10038
f 6162//10036 6163//10008 6154//10038
f 6154//10038 6163//10008 6155//10039
f 6155//10039 6163//10008 6143//10007
f 6183//10040 6179//10041 6205//10042
f 6179//10041 6181//10043 6205//10042
f 6165//10044 6184//10045 6216//10046
f 6205//10042 6166//10047 6167//10048
f 6216//10046 6184//10045 6215//10049
f 6181//10043 6166//10047 6205//10042
f 6184//10045 6168//10050 6215//10049
f 6215//10049 6185//10051 6214//10052
f 6168//10050 6185//10051 6215//10049
f 6185//10051 6186//10053 6214//10052
f 6214//10052 6169//10054 6213//10055
f 6186//10053 6169//10054 6214//10052
f 6213//10055 6170//10056 6212//10057
f 6169//10054 6170//10056 6213//10055
f 6170//10056 6178//10058 6212//10057
f 6212//10057 6176//10059 6211//10060
f 6178//10058 6176//10059 6212//10057
f 6176//10059 6171//10061 6211//10060
f 6211//10060 6180//10062 6210//10063
f 6171//10061 6180//10062 6211//10060
f 6180//10062 6187//10064 6210//10063
f 6187//10064 6188//10065 6210//10063
f 6210//10063 6188//10065 6209//10066
f 6188//10065 6189//10067 6209//10066
f 6189//10067 6172//10068 6209//10066
f 6209//10066 6172//10068 6208//10069
f 6172//10068 6173//10070 6208//10069
f 6173//10070 6175//10071 6208//10069
f 6208//10069 6175//10071 6207//10072
f 6175//10071 6177//10073 6207//10072
f 6177//10073 6174//10074 6207//10072
f 6207//10072 6174//10074 6206//10075
f 6174//10074 6182//10076 6206//10075
f 6206//10075 6183//10040 6205//10042
f 6182//10076 6183//10040 6206//10075
f 6170//10077 6169//10078 6186//10079
f 6180//10080 6171//10081 6176//10082
f 6166//10083 6181//10084 6179//10085
f 6182//10086 6174//10087 6177//10088
f 6165//10089 6168//10090 6184//10091
f 6185//10092 6168//10090 6165//10089
f 6176//10082 6178//10093 6170//10077
f 6189//10094 6173//10095 6172//10096
f 6180//10080 6188//10097 6187//10098
f 6189//10094 6188//10097 6180//10080
f 6190//10099 6194//10100 6192//10101
f 5978//10102 6194//10100 6190//10099
f 5979//10103 6194//10100 5978//10102
f 6190//10099 6192//10101 6201//10104
f 6202//10105 6194//10100 5979//10103
f 6193//9682 5963//9685 5961//9680
f 6201//10104 6192//10101 6200//10106
f 6204//10107 5965//10108 5969//10109
f 6191//10110 5969//10109 6195//10111
f 6194//10112 6186//10079 6192//10101
f 6179//10085 6197//10113 6166//10083
f 6170//10077 6186//10079 6194//10112
f 6166//10083 6197//10113 6196//10114
f 6183//10115 6198//10116 6179//10085
f 6179//10085 6198//10116 6197//10113
f 6186//10079 6185//10092 6192//10101
f 6183//10115 6195//10111 6198//10116
f 6183//10115 6182//10086 6195//10111
f 6192//10101 6165//10089 6200//10106
f 6182//10086 6191//10110 6195//10111
f 6185//10092 6165//10089 6192//10101
f 6182//10086 6177//10088 6191//10110
f 6200//10106 6165//10089 5974//10117
f 6177//10088 5969//10109 6191//10110
f 5974//10117 6165//10089 6199//10118
f 6177//10088 6204//10107 5969//10109
f 6177//10088 6175//10119 6204//10107
f 6175//10119 5965//10108 6204//10107
f 6175//10119 6173//10095 5965//10108
f 5965//10108 6189//10094 5963//10120
f 6173//10095 6189//10094 5965//10108
f 5963//10120 6189//10094 5961//10121
f 5961//10121 6189//10094 5959//10122
f 6189//10094 6180//10080 5959//10122
f 5959//10122 6180//10080 6203//10123
f 6203//10123 6180//10080 5957//10124
f 5957//10124 6180//10080 6202//10125
f 6180//10080 6176//10082 6202//10125
f 6202//10125 6176//10082 6194//10112
f 6176//10082 6170//10077 6194//10112
f 6167//10126 6196//10126 5975//10126
f 6166//10126 6196//10126 6167//10126
f 6199//10127 6216//10128 5972//10129
f 6199//10127 6165//10130 6216//10128
f 6221//10131 6220//10132 6206//10133
f 5972//10134 6216//10135 6219//10136
f 6215//10137 6219//10136 6216//10135
f 6214//10138 6222//10139 6215//10137
f 6215//10137 6222//10139 6219//10136
f 6222//10139 6213//10140 6223//10141
f 6214//10138 6213//10140 6222//10139
f 6212//10142 6223//10141 6213//10140
f 6211//10143 6223//10141 6212//10142
f 6210//10144 6217//10145 6211//10143
f 6211//10143 6217//10145 6223//10141
f 6217//10145 6209//10146 6218//10147
f 6210//10144 6209//10146 6217//10145
f 6208//10148 6218//10147 6209//10146
f 6218//10147 6208//10148 6220//10132
f 6207//10149 6220//10132 6208//10148
f 6206//10133 6220//10132 6207//10149
f 6205//10150 6221//10131 6206//10133
f 5975//10151 6221//10131 6167//10152
f 6167//10152 6221//10131 6205//10150
f 6161//10153 6160//10154 6218//10155
f 6217//10156 6159//10157 6223//10158
f 6157//10159 6222//10160 6158//10161
f 5975//10162 6148//10163 6221//10164
f 6164//10165 6221//10164 6148//10163
f 6220//10166 6162//10167 6218//10155
f 6163//10168 6162//10167 6220//10166
f 6161//10153 6218//10155 6162//10167
f 6218//10155 6160//10154 6217//10156
f 6160//10154 6159//10157 6217//10156
f 6158//10161 6223//10158 6159//10157
f 6223//10158 6158//10161 6222//10160
f 6156//10169 6222//10160 6157//10159
f 6222//10160 6156//10169 6219//10170
f 5972//10171 6219//10170 6146//10172
f 6146//10172 6219//10170 6156//10169
f 6220//10166 6221//10164 6163//10168
f 6164//10165 6163//10168 6221//10164
f 6147//10173 6148//10174 5977//10175
f 6148//10174 5975//10176 5977//10175
f 6224//10177 6149//10178 6150//10179
f 6232//10180 6229//10181 6151//10182
f 6155//10183 6143//10183 6154//10183
f 6236//10025 6230//10022 6233//10024
f 6145//10184 6143//10184 6144//10184
f 6146//10185 6227//10186 5973//10187
f 5972//10188 6146//10185 5973//10187
f 6240//10189 6238//10190 6241//10191
f 6237//10192 6238//10190 6240//10189
f 6028//9777 6242//10193 6243//10194
f 6027//9776 6242//10193 6028//9777
f 6238//10190 6244//10195 6241//10191
f 6243//10194 6242//10193 6245//10196
f 6242//10193 6247//10197 6245//10196
f 6246//10198 6247//10197 6242//10193
f 6247//10197 6246//10198 6248//10199
f 6246//10198 6249//10200 6248//10199
f 6237//10192 6249//10200 6246//10198
f 6249//10200 6237//10192 6239//10201
f 6239//10201 6237//10192 6240//10189
f 6027//9775 6026//9774 6242//10202
f 6026//9774 6250//10203 6242//10202
f 6242//10202 6250//10203 6246//10204
f 6250//10203 6251//10205 6246//10204
f 6246//10204 6251//10205 6237//10206
f 6251//10205 6252//10207 6237//10206
f 6237//10206 6252//10207 6238//10208
f 6253//10209 6254//10210 6255//10211
f 6252//10212 6244//10213 6238//10214
f 6252//10212 6255//10211 6244//10213
f 6252//10212 6253//10209 6255//10211
f 6254//10215 6257//10216 6255//10217
f 6273//10218 6258//10219 6256//10220
f 6254//10215 6259//10221 6257//10216
f 6259//10221 6254//10215 6261//10222
f 6254//10215 6260//10223 6261//10222
f 6260//10223 6262//10224 6261//10222
f 6262//10224 6263//10225 6264//10226
f 6260//10223 6263//10225 6262//10224
f 6263//10225 6265//10227 6264//10226
f 6265//10227 6263//10225 6266//10228
f 6263//10225 6268//10229 6266//10228
f 6267//10230 6268//10229 6263//10225
f 6268//10229 6267//10230 6269//10231
f 6269//10231 6267//10230 6271//10232
f 6270//10233 6271//10232 6267//10230
f 6271//10232 6270//10233 6272//10234
f 6270//10233 6273//10218 6272//10234
f 6272//10234 6273//10218 6274//10235
f 6274//10235 6273//10218 6256//10220
f 6279//10236 6275//10237 6273//10238
f 6254//10239 6276//10240 6260//10241
f 6253//10242 6276//10240 6254//10239
f 6260//10241 6276//10240 6263//10243
f 6276//10240 6277//10244 6263//10243
f 6263//10243 6277//10244 6267//10245
f 6277//10244 6278//10246 6267//10245
f 6267//10245 6278//10246 6270//10247
f 6278//10246 6279//10236 6270//10247
f 6270//10247 6279//10236 6273//10238
f 6022//10248 6021//10249 6030//10250
f 6275//10251 6258//10252 6273//10253
f 6275//10251 6030//10250 6258//10252
f 6275//10251 6022//10248 6030//10250
f 6024//10254 6022//10254 6280//10254
f 6280//10254 6022//10254 6282//10254
f 6282//10254 6022//10254 6281//10254
f 6283//10255 6024//10254 6280//10254
f 6283//10255 6026//10256 6024//10254
f 6018//10255 6026//10256 6283//10255
f 6018//10255 6250//10257 6026//10256
f 6015//10257 6250//10257 6018//10255
f 6015//10257 6251//10258 6250//10257
f 6012//10255 6251//10258 6015//10257
f 6022//10254 6275//10254 6281//10254
f 6285//10254 6275//10254 6284//10254
f 6281//10254 6275//10254 6285//10254
f 6012//10255 6009//10259 6251//10258
f 6275//10254 6279//10260 6284//10254
f 6009//10259 6252//10258 6251//10258
f 6279//10260 6286//10255 6284//10254
f 6009//10259 6006//10261 6252//10258
f 6278//10262 6286//10255 6279//10260
f 6278//10262 6287//10262 6286//10255
f 6006//10261 6019//10254 6252//10258
f 6277//10263 6287//10262 6278//10262
f 6252//10258 6019//10254 6253//10254
f 6277//10263 6007//10254 6287//10262
f 6276//10254 6007//10254 6277//10263
f 6276//10254 6011//10254 6007//10254
f 6019//10254 6013//10254 6253//10254
f 6276//10254 6013//10254 6011//10254
f 6253//10254 6013//10254 6276//10254
f 6288//10264 6281//10265 6289//10266
f 6281//10265 6285//10267 6289//10266
f 6016//9765 6018//9767 6290//10268
f 6018//9767 6283//10269 6290//10268
f 6289//10266 6284//10270 6291//10271
f 6285//10267 6284//10270 6289//10266
f 6290//10268 6283//10269 6292//10272
f 6283//10269 6280//10273 6292//10272
f 6291//10271 6284//10270 6293//10274
f 6292//10272 6280//10273 6294//10275
f 6284//10270 6286//10276 6293//10274
f 6293//10274 6286//10276 6295//10277
f 6294//10275 6282//10278 6296//10279
f 6280//10273 6282//10278 6294//10275
f 6295//10277 6287//9751 6297//10280
f 6286//10276 6287//9751 6295//10277
f 6296//10279 6281//10265 6288//10264
f 6282//10278 6281//10265 6296//10279
f 6297//10280 6287//9751 6002//9753
f 6294//10254 6296//10254 6298//10281
f 6299//10254 6290//10254 6292//10254
f 6296//10254 6300//10254 6298//10281
f 6296//10254 6288//10254 6300//10254
f 6299//10254 6016//10282 6290//10254
f 5989//10254 6016//10282 6299//10254
f 6300//10254 6289//10283 6301//10284
f 6288//10254 6289//10283 6300//10254
f 5993//10285 6016//10282 5989//10254
f 6289//10283 6291//10254 6301//10284
f 5998//10254 6008//10254 5995//10254
f 6293//10254 6295//10254 6302//10254
f 5998//10254 6001//10254 6008//10254
f 6295//10254 6297//10286 6302//10254
f 6004//10281 6020//10281 6001//10254
f 6297//10286 6303//10254 6302//10254
f 6004//10281 5988//10261 6020//10281
f 6002//10254 6303//10254 6297//10286
f 5988//10261 6017//10263 6020//10281
f 6002//10254 6010//10254 5997//10254
f 5988//10261 5991//10281 6017//10263
f 6017//10263 5991//10281 6014//10281
f 5991//10254 5997//10254 6010//10254
f 6300//10287 6304//10288 6298//10289
f 6005//9746 6305//10290 6303//9747
f 6304//10288 6306//10291 6298//10289
f 6303//9747 6305//10290 6302//10292
f 6298//10289 6306//10291 6294//10275
f 6306//10291 6307//10293 6294//10275
f 6305//10290 6308//10294 6302//10292
f 6307//10293 6309//10295 6294//10275
f 6294//10275 6309//10295 6292//10272
f 6302//10292 6308//10294 6293//10274
f 6292//10272 6309//10295 6299//10296
f 6293//10274 6310//10297 6291//10271
f 6308//10294 6310//10297 6293//10274
f 6309//10295 6311//9736 6299//10296
f 6291//10271 6310//10297 6301//10298
f 6299//10296 6311//9736 5989//9733
f 6310//10297 6312//10299 6301//10298
f 6301//10298 6312//10299 6300//10287
f 6312//10299 6304//10288 6300//10287
f 6116//10300 6112//10301 6308//10302
f 6308//10302 6112//10301 6310//10303
f 6308//10302 6127//10304 6116//10300
f 6112//10301 6113//10305 6310//10303
f 6305//10306 6110//10307 6308//10302
f 6308//10302 6110//10307 6127//10304
f 6113//10305 6133//10308 6310//10303
f 6305//10306 6108//10309 6110//10307
f 6310//10303 6114//10310 6312//10311
f 6133//10308 6114//10310 6310//10303
f 6305//10306 6121//10312 6108//10309
f 6114//10310 6115//10313 6312//10311
f 6305//10306 6122//10314 6121//10312
f 6115//10313 6117//10315 6312//10311
f 6117//10315 6124//10316 6312//10311
f 6124//10316 6126//10317 6312//10311
f 6312//10311 6126//10317 6304//10318
f 6305//10306 5976//10319 6122//10314
f 6122//10314 5976//10319 6134//10320
f 6126//10317 6130//10321 6304//10318
f 6005//10322 5976//10319 6305//10306
f 6000//10323 6147//10324 6005//10322
f 6147//10324 5976//10319 6005//10322
f 6000//10323 6225//10325 6147//10324
f 6130//10321 6119//10326 6304//10318
f 6119//10326 6306//10327 6304//10318
f 6147//10324 5977//10328 5976//10319
f 6000//10323 6145//10329 6225//10325
f 6000//10323 5994//10330 6145//10329
f 5994//10330 6143//10331 6145//10329
f 6119//10326 6107//9973 6306//10327
f 6107//9973 6118//9972 6306//10327
f 5994//10330 6154//10332 6143//10331
f 6118//9972 6307//10333 6306//10327
f 6118//9972 6125//9974 6307//10333
f 6154//10332 5994//10330 6153//10334
f 6135//10335 6136//10336 6125//9974
f 6136//10336 6307//10333 6125//9974
f 5994//10330 6234//10337 6153//10334
f 5994//10330 5990//10338 6234//10337
f 6136//10336 6309//10339 6307//10333
f 5990//10338 6152//10340 6234//10337
f 5990//10338 6151//10182 6152//10340
f 6136//10336 5949//10341 6309//10339
f 5949//10341 5947//10342 6309//10339
f 5990//10338 6232//10180 6151//10182
f 5990//10338 5987//10343 6232//10180
f 5947//10342 5948//10344 6309//10339
f 6232//10180 5987//10343 6229//10181
f 6229//10181 5987//10343 6226//10345
f 5948//10344 6311//10346 6309//10339
f 5950//10347 6311//10346 5948//10344
f 6226//10345 5987//10343 6150//10179
f 5951//10348 6311//10346 5950//10347
f 6150//10179 5987//10343 6224//10177
f 6224//10177 6003//10349 6149//10178
f 5987//10343 6003//10349 6224//10177
f 6149//10178 6003//10349 6236//10350
f 6236//10350 6003//10349 6230//10351
f 6142//10005 6311//10346 5951//10348
f 5973//10352 6227//10353 5968//10354
f 6230//10351 6003//10349 6231//10355
f 6142//10005 5992//10356 6311//10346
f 6140//10004 5992//10356 6142//10005
f 6003//10349 5999//10357 6231//10355
f 6141//10358 5992//10356 6140//10004
f 6231//10355 5999//10357 6235//10359
f 5968//10354 5992//10356 6141//10358
f 6227//10353 5996//10360 5968//10354
f 5968//10354 5996//10360 5992//10356
f 6235//10359 5999//10357 6228//10361
f 6228//10361 5996//10360 6227//10353
f 5999//10357 5996//10360 6228//10361
f 6141//10362 5956//10363 5968//10364
f 5956//10363 5967//10365 5968//10364
f 5953//10366 6138//10367 5981//10368
f 5967//10369 5956//10370 6313//10371
f 5955//10372 6313//10371 5956//10370
f 5955//10372 5954//10373 6313//10371
f 6313//10371 5952//10374 5981//10368
f 5954//10373 5952//10374 6313//10371
f 5953//10366 5981//10368 5952//10374
f 6137//10375 5981//10368 6138//10367
f 5981//10368 6036//10376 5980//10377
f 6137//10375 6036//10376 5981//10368
f 6040//10378 6313//10379 5986//9726
f 6041//10380 6313//10379 6040//10378
f 6039//10381 5967//10382 6041//10380
f 6041//10380 5967//10382 6313//10379
f 5981//9723 5986//9726 6313//10379
f 5980//10383 6314//10384 5983//10385
f 6314//10384 6037//10386 5983//10385
f 6038//9803 6317//10387 5940//9805
f 5941//10388 5971//10389 6039//10390
f 6039//10390 5971//10389 5967//10390
f 6318//10391 6037//10392 6314//10393
f 6318//10391 6316//10394 6037//10392
f 6318//10391 6315//10395 6316//10394
f 6318//10391 6038//10396 6315//10395
f 5958//10397 6317//10398 6318//10391
f 6318//10391 6317//10398 6038//10396
f 5958//10397 5940//10399 6317//10398
f 5958//10397 5942//10400 5940//10399
f 5960//10401 5943//9665 5958//10397
f 5958//10397 5943//9665 5942//10400
f 5960//10401 5944//9663 5943//9665
f 5971//10402 5941//10403 5960//10401
f 5960//10401 5941//10403 5944//9663
f 5939//10404 5929//10405 6084//10406
f 5929//10405 5930//10407 6084//10406
f 5976//9707 5921//10408 6134//10409
f 5920//9717 5921//10408 5976//9707
f 5930//10407 6080//10410 6084//10406
f 5930//10407 5931//10411 6080//10410
f 6134//10409 5921//10408 6088//10412
f 5921//10408 6087//10413 6088//10412
f 5921//10408 5922//10414 6087//10413
f 5931//10411 5932//10415 6080//10410
f 5922//10414 5923//10416 6086//10417
f 6081//10418 6136//10419 6135//10420
f 5923//10416 5924//10421 6086//10417
f 5924//10421 5918//10422 6086//10417
f 5918//10422 6085//10423 6086//10417
f 5918//10422 5925//10424 6085//10423
f 6080//10410 5933//10425 6081//10418
f 5932//10415 5933//10425 6080//10410
f 6081//10418 5933//10425 6136//10419
f 6136//10419 5933//10425 5980//10426
f 5933//10425 6314//10427 5980//10426
f 5933//10425 5934//10428 6314//10427
f 5925//10424 5926//10429 6085//10423
f 5926//10429 6082//10430 6085//10423
f 5934//10428 5935//10431 6318//10432
f 5926//10429 5927//10433 6082//10430
f 5927//10433 5928//10434 6082//10430
f 5935//10431 5936//10435 6318//10432
f 6318//10432 5936//10435 5958//9676
f 5928//10434 5937//10436 6082//10430
f 5937//10436 6083//10437 6082//10430
f 5936//10435 5919//9674 5958//9676
f 6086//10417 6087//10413 5922//10414
f 6318//10432 6314//10427 5934//10428
f 5937//10436 5938//10438 6083//10437
f 5938//10438 5939//10404 6083//10437
f 5939//10404 6084//10406 6083//10437
f 5918//10439 6336//10440 5925//10441
f 5918//10439 6337//10442 6336//10440
f 5925//10441 6338//10443 5926//10444
f 6336//10440 6338//10443 5925//10441
f 5924//10445 6339//10446 5918//10439
f 5918//10439 6339//10446 6337//10442
f 5926//10444 6340//10447 5927//10448
f 6338//10443 6340//10447 5926//10444
f 5922//10449 6339//10446 5923//10450
f 5923//10450 6339//10446 5924//10445
f 5922//10449 6341//10451 6339//10446
f 5921//10452 6341//10451 5922//10449
f 5927//10448 6342//10453 5928//10454
f 6340//10447 6342//10453 5927//10448
f 5921//10452 6343//10455 6341//10451
f 5920//10456 6343//10455 5921//10452
f 5928//10454 6342//10453 5937//10457
f 6332//10458 6343//10455 5920//10456
f 5937//10457 6344//10459 5938//10460
f 6342//10453 6344//10459 5937//10457
f 6332//10458 6345//10461 6343//10455
f 5938//10460 6344//10459 5939//10462
f 6331//10463 6345//10461 6332//10458
f 6331//10463 6330//10464 6345//10461
f 6344//10459 6346//10465 5939//10462
f 6330//10464 6347//10466 6345//10461
f 6346//10465 5929//10467 5939//10462
f 6330//10464 6348//10468 6347//10466
f 6330//10464 6329//10469 6348//10468
f 6346//10465 6349//10470 5929//10467
f 6349//10470 5930//10471 5929//10467
f 6329//10469 5970//10472 6348//10468
f 6349//10470 6350//10473 5930//10471
f 5970//10472 6351//10474 6348//10468
f 6350//10473 5931//10475 5930//10471
f 5966//10476 6351//10474 5970//10472
f 6350//10473 6352//10477 5931//10475
f 5966//10476 5964//10478 6351//10474
f 5964//10478 6353//10479 6351//10474
f 6352//10477 6354//10480 5931//10475
f 6354//10480 5932//10481 5931//10475
f 5964//10478 6355//10482 6353//10479
f 6354//10480 5933//10483 5932//10481
f 5964//10478 6328//10484 6355//10482
f 6354//10480 6356//10485 5933//10483
f 6328//10484 6357//10486 6355//10482
f 6356//10485 5934//10487 5933//10483
f 6328//10484 5962//10488 6357//10486
f 5962//10488 6358//10489 6357//10486
f 5962//10488 6335//10490 6358//10489
f 6359//10491 5935//10492 6356//10485
f 6356//10485 5935//10492 5934//10487
f 6359//10491 6360//10493 5935//10492
f 6335//10490 6334//10494 6358//10489
f 6358//10489 6334//10494 6361//10495
f 6334//10494 6333//10496 6361//10495
f 6360//10493 5936//10497 5935//10492
f 6362//10498 5936//10497 6360//10493
f 6362//10498 5919//10499 5936//10497
f 6333//10496 6327//10500 6361//10495
f 6361//10495 6327//10500 6363//10501
f 6362//10498 6320//10502 5919//10499
f 6364//10503 6320//10502 6362//10498
f 6363//10501 6326//10504 6365//10505
f 6327//10500 6326//10504 6363//10501
f 6366//10506 6321//10507 6364//10503
f 6364//10503 6321//10507 6320//10502
f 6366//10506 6322//10508 6321//10507
f 6365//10505 6325//10509 6367//10510
f 6326//10504 6325//10509 6365//10505
f 6366//10506 6323//10511 6322//10508
f 6368//10512 6319//10513 6366//10506
f 6366//10506 6319//10513 6323//10511
f 6367//10510 6324//10514 6369//10515
f 6325//10509 6324//10514 6367//10510
f 6369//10515 6319//10513 6368//10512
f 6369//10515 6324//10514 6319//10513
