# Blender 4.3.2
# www.blender.org
mtllib link1.mtl
o node0_Part__Feature.001
v 0.012617 -0.117214 -0.033973
v 0.029343 -0.121457 0.005389
v 0.023765 -0.121628 0.017575
v 0.021216 -0.122926 0.016886
v 0.021917 -0.123546 0.013754
v 0.024854 -0.124017 -0.000526
v 0.023987 -0.124380 0.001500
v 0.008201 -0.115094 -0.038002
v -0.000761 -0.109794 0.044342
v 0.001300 -0.108006 0.045888
v 0.011154 -0.122294 0.026041
v 0.013491 -0.121319 0.026896
v 0.005446 -0.111505 -0.042378
v 0.005229 -0.113357 -0.040490
v 0.002240 -0.110289 -0.043837
v 0.019814 -0.125001 0.010794
v 0.017782 -0.125363 0.012410
v 0.022612 -0.124642 -0.006194
v 0.022608 -0.124917 -0.002691
v 0.042942 -0.111102 0.004067
v 0.018393 -0.125515 -0.010653
v 0.019107 -0.125805 -0.007418
v 0.015868 -0.126579 -0.008943
v 0.006719 -0.124453 0.022904
v 0.016551 -0.126850 0.005278
v 0.014079 -0.127153 0.008205
v 0.014076 -0.127557 0.004547
v 0.039121 -0.114868 -0.001064
v 0.036968 -0.116175 -0.006751
v 0.034577 -0.117937 -0.007007
v 0.015024 -0.125866 -0.013710
v 0.012616 -0.126578 -0.013128
v 0.012618 -0.125634 -0.016710
v 0.003519 -0.127066 0.016212
v 0.002460 -0.126227 0.019107
v 0.000636 -0.126713 0.017790
v 0.032549 -0.118871 -0.009709
v 0.030361 -0.120041 -0.010666
v 0.009328 -0.124662 -0.021450
v 0.006719 -0.125627 -0.019854
v 0.009678 -0.128602 0.001618
v 0.023485 -0.112620 0.034350
v 0.007666 -0.128757 -0.004440
v 0.018395 -0.116638 0.032088
v 0.002228 -0.123978 -0.024836
v 0.027827 -0.120643 -0.014175
v 0.025352 -0.120446 -0.018749
v 0.022608 -0.121067 -0.020478
v 0.002768 -0.128433 -0.010455
v -0.001589 -0.128199 -0.011949
v 0.015529 -0.118935 0.030097
v 0.012616 -0.119911 0.029823
v 0.039693 -0.112555 0.012730
v 0.035169 -0.111532 0.024233
v 0.031344 -0.114375 0.024394
v 0.020658 -0.119612 -0.025548
v 0.018393 -0.119757 -0.026939
v 0.035617 -0.116114 0.012183
v 0.016463 -0.118463 -0.030380
v 0.029341 -0.116637 0.022519
v 0.028537 -0.118135 0.020285
v 0.035619 -0.116795 0.009211
v 0.011746 -0.115400 -0.036690
v 0.009679 -0.117225 -0.034909
v 0.027366 -0.120015 0.017030
v 0.009680 -0.123784 0.023434
v 0.028736 -0.122078 0.000921
v 0.026701 -0.123066 0.002834
v 0.008200 -0.113111 -0.040263
v 0.005832 -0.126273 0.018253
v 0.044394 -0.109275 0.006182
v 0.002250 -0.127798 0.013624
v -0.000752 -0.127593 0.014628
v 0.045953 -0.107760 0.003687
v 0.024379 -0.109962 0.036879
v 0.027534 -0.107936 0.036803
v 0.041489 -0.112728 -0.001281
v 0.020705 -0.114709 0.033441
v 0.019813 -0.113700 0.035270
v 0.039124 -0.114713 -0.003935
v 0.016964 -0.126278 0.008824
v 0.018392 -0.118204 0.029658
v 0.011364 -0.128169 0.004218
v 0.011785 -0.124915 -0.019526
v 0.030636 -0.119203 -0.013446
v 0.005861 -0.124326 -0.023471
v 0.008197 -0.128831 -0.001380
v 0.027240 -0.120313 -0.016336
v 0.002837 -0.128937 -0.007026
v 0.004780 -0.122568 -0.027421
v 0.000741 -0.123131 -0.026703
v 0.024679 -0.119309 -0.022394
v 0.021219 -0.120752 -0.022643
v 0.036774 -0.109273 0.025612
v 0.041740 -0.110026 0.014385
v 0.015530 -0.116218 -0.034165
v 0.032722 -0.114521 0.022217
v 0.037558 -0.114528 0.012365
v 0.031732 -0.119952 0.006207
v 0.021217 -0.115820 0.031533
v 0.000618 -0.107521 -0.046307
v -0.000965 -0.109295 -0.044784
v 0.008200 -0.125617 0.019317
v 0.013209 -0.127929 0.001318
v 0.002250 -0.121553 -0.029583
v -0.000735 -0.122200 -0.028496
v 0.005231 -0.109603 -0.044215
v 0.034405 -0.118151 0.006308
v 0.043565 -0.110644 0.000346
v 0.030635 -0.120917 0.002719
v 0.000752 -0.128347 0.011214
v 0.026700 -0.110122 0.035033
v 0.011155 -0.128333 -0.002113
v 0.010418 -0.124861 0.020416
v 0.043573 -0.107630 0.015368
v 0.003619 -0.107643 -0.046073
v 0.037867 -0.107868 0.026136
v 0.045224 -0.108733 0.002378
v 0.025575 -0.123517 -0.004346
v 0.016965 -0.120034 0.027355
v 0.028030 -0.118955 -0.018929
v 0.013457 -0.123086 0.023205
v 0.020518 -0.117524 -0.029383
v 0.010938 -0.113535 -0.039130
v 0.005863 -0.128665 -0.007481
v 0.023988 -0.114089 0.032039
v 0.030831 -0.118049 -0.016834
v 0.025532 -0.121669 0.014690
v 0.018396 -0.117171 -0.031290
v -0.001335 -0.120494 -0.031440
v 0.033178 -0.117149 -0.014839
v 0.038557 -0.114492 0.008969
v 0.031915 -0.116552 0.018923
v 0.005818 -0.127529 0.013760
v 0.019811 -0.125478 0.007966
v 0.021220 -0.117729 0.028538
v 0.007968 -0.110227 -0.043228
v 0.018394 -0.124903 -0.013479
v 0.035183 -0.116776 -0.010864
v 0.003189 -0.127955 -0.012759
v 0.000750 -0.127613 -0.014543
v 0.022614 -0.124098 0.009901
v 0.021217 -0.124669 -0.009779
v 0.006718 -0.127102 0.015043
v -0.000951 -0.128730 0.008935
v 0.027542 -0.111546 0.032626
v 0.008200 -0.123162 -0.025355
v 0.023175 -0.117813 -0.026839
v 0.042423 -0.110163 0.011749
v 0.014803 -0.113870 -0.037462
v 0.010617 -0.111874 -0.041022
v 0.025354 -0.122512 0.011719
v 0.028593 -0.122083 -0.002930
v 0.029901 -0.109603 0.033005
v 0.029685 -0.107900 0.035119
v 0.016249 -0.124878 -0.016110
v 0.011154 -0.123352 -0.023794
v 0.016748 -0.121876 0.023799
v 0.002247 -0.119986 -0.032186
v 0.038968 -0.107722 0.024665
v 0.035984 -0.112457 0.021238
v 0.039266 -0.114121 -0.007614
v 0.003737 -0.128334 0.010675
v 0.023987 -0.115655 0.029738
v 0.028556 -0.117511 -0.021682
v 0.041887 -0.111997 -0.005573
v 0.002791 -0.128783 0.008235
v -0.000733 -0.129065 0.006392
v 0.044388 -0.107767 0.012427
v 0.038559 -0.109691 0.022123
v 0.026696 -0.113063 0.031302
v 0.034147 -0.114599 0.019757
v 0.031286 -0.117923 0.016349
v 0.027299 -0.116879 -0.024520
v 0.033168 -0.119289 0.003254
v 0.019244 -0.119920 0.026040
v 0.018398 -0.115100 -0.034251
v 0.043347 -0.110773 -0.002795
v 0.009679 -0.126310 0.016383
v 0.012618 -0.125117 0.018360
v 0.046008 -0.107883 -0.000966
v 0.046191 -0.107614 0.000989
v 0.015524 -0.124054 -0.019297
v 0.016966 -0.126937 0.001576
v 0.024854 -0.116913 -0.026923
v 0.000737 -0.118427 -0.034580
v 0.039919 -0.107789 0.023002
v 0.011155 -0.110145 -0.042591
v 0.028030 -0.120562 0.014024
v 0.037399 -0.115057 -0.010790
v 0.031533 -0.107880 0.033493
v 0.030637 -0.116859 -0.020208
v 0.020611 -0.125529 0.005168
v 0.016153 -0.127191 -0.001265
v 0.014077 -0.111791 -0.040045
v 0.014943 -0.123773 0.020531
v 0.011153 -0.128074 -0.005833
v 0.005268 -0.121361 -0.029539
v 0.007460 -0.127991 -0.010652
v 0.036967 -0.116378 0.005168
v 0.021218 -0.115550 -0.031925
v 0.022006 -0.123640 -0.013246
v 0.008683 -0.107466 -0.045531
v 0.007846 -0.121286 -0.029100
v 0.014077 -0.127665 -0.002830
v 0.035616 -0.115675 -0.013757
v 0.009681 -0.128067 -0.008092
v 0.023987 -0.115784 -0.029538
v 0.023332 -0.117882 0.026577
v 0.032708 -0.119700 0.000764
v 0.019812 -0.120827 0.023723
v 0.024597 -0.123406 -0.008942
v 0.006718 -0.128078 0.010623
v 0.002232 -0.129128 0.005376
v -0.001302 -0.129304 0.003446
v 0.026488 -0.115236 0.028248
v 0.041223 -0.112019 0.009113
v 0.004371 -0.127010 -0.016261
v 0.033009 -0.115857 -0.018752
v 0.009682 -0.127240 0.012756
v 0.018395 -0.123937 -0.016966
v 0.014945 -0.123047 -0.022356
v 0.009680 -0.121961 -0.027275
v 0.046023 -0.107761 -0.002571
v 0.012618 -0.125974 0.015523
v 0.001494 -0.126647 -0.017959
v 0.030469 -0.119159 0.013987
v 0.010998 -0.107539 -0.044974
v 0.041346 -0.111897 -0.009178
v 0.004097 -0.119240 -0.033158
v 0.035619 -0.117645 0.001938
v 0.019320 -0.112143 -0.037416
v 0.014057 -0.109740 -0.042114
v 0.031912 -0.120194 -0.001187
v 0.028028 -0.122042 -0.006578
v 0.018965 -0.122339 0.020947
v 0.021221 -0.113443 -0.034781
v 0.016967 -0.111719 -0.038987
v 0.006716 -0.119686 -0.032034
v 0.002285 -0.110060 0.044048
v -0.001321 -0.117178 -0.036275
v 0.044846 -0.107834 0.010476
v 0.003811 -0.107948 0.045792
v 0.000169 -0.112196 0.042050
v 0.006088 -0.128705 0.006968
v 0.039121 -0.113453 -0.011297
v 0.006004 -0.107873 0.045607
v 0.029340 -0.112315 0.029936
v 0.035620 -0.114716 -0.016654
v 0.005244 -0.109974 0.043873
v 0.023991 -0.113826 -0.032412
v 0.003738 -0.112759 0.041303
v 0.028688 -0.120939 0.011025
v 0.044442 -0.109444 -0.004512
v 0.000752 -0.114432 0.039632
v 0.024041 -0.123733 0.008393
v 0.014036 -0.122470 -0.024229
v 0.008807 -0.107942 0.045105
v 0.037978 -0.113747 -0.013779
v 0.020343 -0.125859 0.000835
v 0.030636 -0.115188 -0.023748
v 0.026698 -0.115073 -0.028290
v 0.008396 -0.109505 0.043808
v 0.006718 -0.127519 -0.013342
v 0.006718 -0.112047 0.041665
v -0.000745 -0.116588 0.037046
v 0.015529 -0.124675 0.017439
v 0.021216 -0.123202 -0.015985
v 0.034414 -0.115893 0.015962
v 0.003736 -0.115280 0.038476
v 0.000743 -0.129392 0.001359
v 0.003735 -0.117318 -0.035910
v 0.002312 -0.117216 0.036178
v 0.022616 -0.120161 0.022640
v 0.039124 -0.114579 0.005251
v 0.014073 -0.127448 -0.005771
v 0.032209 -0.114513 -0.022970
v 0.011349 -0.107958 0.044521
v 0.041147 -0.107841 0.020672
v 0.024855 -0.122795 -0.011492
v 0.037363 -0.112330 0.018995
v 0.000751 -0.118227 0.034857
v 0.009681 -0.111223 0.041903
v 0.032905 -0.107919 0.032104
v 0.013431 -0.107910 0.043969
v 0.002235 -0.115994 -0.037729
v 0.007318 -0.114843 0.038489
v 0.013938 -0.107514 -0.044169
v 0.013160 -0.126740 0.011889
v 0.030348 -0.120803 -0.006155
v 0.012573 -0.109836 0.042488
v 0.029344 -0.114234 -0.026992
v 0.003736 -0.129211 0.003152
v 0.032466 -0.110141 0.029755
v 0.018393 -0.122757 -0.020371
v 0.016946 -0.109642 -0.041134
v 0.045872 -0.107792 -0.004321
v 0.000753 -0.119936 0.032334
v 0.010276 -0.113527 0.039333
v 0.005228 -0.117538 0.035440
v -0.001481 -0.125832 -0.020373
v 0.037980 -0.112790 -0.016555
v 0.034401 -0.114113 -0.020402
v 0.018150 -0.124062 0.016869
v 0.026697 -0.113582 -0.030565
v 0.026699 -0.122500 0.008228
v 0.043443 -0.109832 -0.008748
v 0.023223 -0.124579 0.004218
v 0.010214 -0.127847 0.009012
v 0.040244 -0.111883 -0.013214
v 0.013349 -0.112008 0.040077
v 0.032102 -0.119880 -0.004697
v 0.028030 -0.121527 -0.009892
v 0.004280 -0.119392 0.032910
v 0.029343 -0.114115 0.027176
v 0.015492 -0.109773 0.041577
v 0.020518 -0.122511 -0.018952
v 0.016825 -0.107905 0.042806
v 0.018156 -0.107435 -0.042665
v 0.025927 -0.118127 0.023551
v 0.045685 -0.107842 -0.005721
v 0.012111 -0.121228 -0.027725
v 0.006718 -0.117564 -0.035152
v 0.001491 -0.121369 0.029968
v 0.001294 -0.114698 -0.039325
v 0.026206 -0.123029 0.006184
v 0.023986 -0.111682 -0.035152
v 0.040793 -0.112984 0.005910
v 0.020517 -0.109647 -0.039480
v 0.034413 -0.118503 -0.002392
v 0.008202 -0.116814 0.035835
v 0.013567 -0.127096 -0.009458
v 0.023197 -0.110187 -0.037391
v 0.009685 -0.119344 -0.031822
v 0.015525 -0.125488 0.014620
v 0.036658 -0.112487 -0.019983
v 0.002228 -0.129366 -0.000694
v -0.001278 -0.129369 -0.002008
v 0.034199 -0.107864 0.030785
v 0.031410 -0.112521 0.027450
v 0.027543 -0.116274 0.025384
v 0.031911 -0.112927 -0.026189
v 0.002247 -0.125436 -0.021345
v 0.011156 -0.115982 0.036139
v 0.034413 -0.112441 -0.023738
v 0.042462 -0.111109 0.007496
v -0.001494 -0.122987 0.026976
v 0.027366 -0.111514 -0.032818
v 0.005229 -0.120483 0.031036
v 0.021218 -0.122002 0.019570
v 0.029343 -0.112058 -0.030299
v 0.010641 -0.127289 -0.011750
v 0.045180 -0.107822 -0.008936
v 0.008941 -0.118695 0.033028
v 0.042386 -0.109786 -0.013105
v 0.040754 -0.109518 0.018141
v 0.036812 -0.114010 0.015948
v 0.008201 -0.128666 0.004634
v 0.045269 -0.107737 0.008817
v 0.033169 -0.117774 0.012618
v 0.038109 -0.115710 0.001559
v 0.020052 -0.107989 -0.041317
v 0.003192 -0.122440 0.027886
v 0.018556 -0.109501 0.040566
v 0.014078 -0.114563 0.036908
v 0.031460 -0.111416 -0.029064
v 0.016964 -0.126744 -0.004973
v 0.009148 -0.126650 -0.015499
v 0.040242 -0.110958 -0.015873
v 0.017488 -0.111491 0.039011
v 0.006717 -0.128985 0.002387
v 0.036198 -0.107871 0.028415
v 0.032406 -0.118850 0.010272
v 0.019794 -0.107887 0.041516
v 0.019816 -0.125941 -0.003461
v 0.044514 -0.108126 -0.010804
v 0.025349 -0.121904 -0.014173
v 0.017590 -0.121567 -0.023890
v 0.027334 -0.109819 -0.034908
v 0.000971 -0.124090 0.024679
v 0.010622 -0.128064 0.006878
v 0.023772 -0.107762 -0.039504
v 0.005231 -0.129186 -0.000632
v -0.001485 -0.124721 -0.023217
v 0.039790 -0.110288 -0.018558
v 0.023678 -0.121743 -0.017321
v 0.009142 -0.120135 0.030710
v 0.015526 -0.120504 -0.027338
v 0.003737 -0.123460 0.025767
v 0.001478 -0.112760 -0.041445
v 0.003649 -0.125366 -0.021370
v 0.036834 -0.110273 -0.023925
v 0.006715 -0.121494 0.029005
v 0.034077 -0.110415 -0.027496
v 0.029342 -0.121119 0.008011
v 0.043952 -0.107848 -0.013677
v 0.014075 -0.119747 -0.029444
v 0.021194 -0.109545 0.039213
v 0.030636 -0.109874 -0.031963
v 0.005228 -0.115351 -0.038217
v 0.017782 -0.113268 0.036876
v 0.002976 -0.129210 -0.004019
v -0.000752 -0.129191 -0.005067
v 0.026052 -0.107797 -0.038005
v 0.034376 -0.110443 0.027088
v 0.028089 -0.107777 -0.036538
v 0.013160 -0.117833 0.032897
v 0.008201 -0.126162 -0.017652
v 0.040692 -0.113433 0.002284
v 0.036816 -0.116728 -0.002305
v 0.039124 -0.111824 0.016388
v 0.042316 -0.108234 -0.017315
v 0.043350 -0.107849 -0.015471
v 0.039072 -0.109549 -0.021454
v 0.012617 -0.118873 -0.031513
v 0.000749 -0.125430 0.021465
v 0.025349 -0.119869 0.020252
v 0.030955 -0.108179 -0.033705
v 0.033502 -0.107989 -0.031411
v 0.042099 -0.107804 -0.018679
v 0.040493 -0.107791 -0.021973
v 0.038034 -0.107718 -0.026094
v 0.039168 -0.107904 -0.024089
v 0.034849 -0.107958 -0.029941
v 0.004171 -0.124986 0.022246
v 0.036516 -0.107927 -0.027921
v 0.016248 -0.116030 0.034083
v 0.007461 -0.122988 0.025962
v 0.009463 -0.121345 0.028493
v 0.021218 -0.111466 0.037134
v 0.023691 -0.107935 0.039379
v -0.000752 -0.111151 -0.043072
v 0.042502 -0.107731 0.017904
v -0.033269 -0.107726 -0.031937
v -0.015526 -0.120389 0.027550
v -0.018396 -0.119293 0.027786
v -0.017683 -0.121006 0.025002
v -0.032074 -0.112894 0.026050
v -0.021220 -0.121221 0.021548
v -0.006182 -0.128798 -0.005957
v -0.003738 -0.129182 -0.003662
v -0.031866 -0.119346 -0.009508
v -0.034657 -0.116238 -0.014300
v -0.034818 -0.116709 -0.012257
v -0.036812 -0.114979 -0.012926
v -0.034147 -0.113816 0.021456
v -0.035616 -0.112161 0.022398
v -0.035678 -0.113473 0.019599
v -0.009053 -0.128080 -0.008789
v -0.011152 -0.127328 -0.010999
v -0.023390 -0.121460 0.018548
v -0.026110 -0.121303 0.015021
v -0.011782 -0.126426 -0.014542
v -0.014994 -0.124672 -0.017952
v -0.037978 -0.113191 -0.015451
v -0.040243 -0.111154 -0.015346
v -0.028028 -0.120899 0.012739
v -0.030833 -0.119741 0.010771
v -0.018393 -0.122755 -0.020379
v -0.039122 -0.111821 0.016386
v -0.039060 -0.112989 0.013201
v -0.042410 -0.110320 0.011209
v -0.033172 -0.118808 0.007667
v -0.002246 -0.124452 0.023766
v -0.003102 -0.125542 0.020991
v -0.022380 -0.119301 -0.024703
v -0.008832 -0.125805 0.018513
v -0.037599 -0.116148 0.001196
v -0.035617 -0.117533 0.003752
v -0.026027 -0.116578 -0.026403
v -0.045510 -0.107796 0.007190
v -0.012353 -0.126835 0.012290
v -0.026877 -0.114818 -0.028524
v -0.019812 -0.110402 0.039050
v -0.038995 -0.114923 -0.002501
v -0.041779 -0.112436 -0.001472
v -0.029341 -0.112439 -0.029757
v -0.031866 -0.109733 -0.030920
v -0.017542 -0.126353 0.007086
v -0.023189 -0.110242 0.037340
v -0.002245 -0.129368 0.000146
v -0.005231 -0.128621 -0.008170
v -0.021218 -0.125484 0.002241
v -0.024673 -0.111528 0.034869
v -0.026402 -0.112201 0.032712
v -0.029341 -0.112691 0.029390
v -0.025354 -0.123776 -0.001258
v -0.028838 -0.114422 0.027234
v -0.042298 -0.111502 -0.006075
v -0.044374 -0.109322 -0.006018
v -0.043451 -0.110600 -0.003584
v -0.028028 -0.122041 -0.006590
v -0.030636 -0.120667 -0.005746
v -0.029546 -0.120775 -0.009420
v -0.031915 -0.114692 0.023017
v -0.003020 -0.114605 0.039346
v -0.006497 -0.114359 0.039182
v -0.019815 -0.121220 -0.022850
v -0.021217 -0.121575 -0.020680
v -0.037980 -0.111569 0.019452
v -0.036810 -0.113588 0.017067
v -0.034403 -0.117570 -0.009771
v -0.008555 -0.117417 0.034946
v -0.011153 -0.116874 0.034948
v -0.015004 -0.119026 0.030208
v -0.025349 -0.118285 -0.023819
v -0.040325 -0.112411 0.011125
v -0.029341 -0.113890 -0.027545
v -0.040862 -0.109877 -0.017067
v -0.043447 -0.109795 0.008879
v -0.006117 -0.125512 0.020386
v -0.017516 -0.110418 0.040135
v -0.019362 -0.107884 0.041727
v -0.009679 -0.126512 0.015664
v -0.016151 -0.126129 0.011097
v -0.014079 -0.127161 0.008205
v -0.033166 -0.119191 0.004529
v -0.019015 -0.126160 0.004351
v -0.026696 -0.113847 0.030180
v -0.036812 -0.116776 -0.000496
v -0.022608 -0.124982 0.000112
v -0.027191 -0.122687 -0.004688
v -0.041338 -0.112708 -0.003765
v -0.007844 -0.127379 -0.013386
v -0.002251 -0.112772 0.041386
v -0.006714 -0.116036 0.037140
v -0.011154 -0.118988 0.031881
v -0.013351 -0.117997 0.032565
v -0.039651 -0.110455 -0.018522
v -0.042052 -0.107782 -0.018824
v -0.018396 -0.122134 0.021931
v -0.029341 -0.110877 -0.031895
v -0.009678 -0.127233 0.012754
v -0.030469 -0.120620 0.006951
v -0.044353 -0.109318 0.006154
v -0.026206 -0.113756 -0.030747
v -0.015490 -0.109871 0.041480
v -0.031053 -0.108269 -0.033515
v -0.045291 -0.108008 -0.007464
v -0.023765 -0.114384 0.031814
v -0.001494 -0.128901 -0.007730
v -0.014944 -0.123258 -0.021844
v -0.019815 -0.119678 -0.026081
v -0.023389 -0.116707 -0.028562
v -0.023505 -0.124517 -0.003381
v -0.027502 -0.121837 0.009738
v -0.031913 -0.118616 -0.012608
v -0.035617 -0.114711 -0.016655
v -0.020544 -0.112821 0.035961
v -0.016969 -0.121459 -0.024553
v -0.003737 -0.115763 0.037893
v -0.004371 -0.128223 -0.011103
v -0.036621 -0.114800 0.014073
v -0.012617 -0.120649 0.028537
v -0.008942 -0.126392 -0.016546
v -0.036811 -0.112983 -0.018570
v -0.011364 -0.125315 -0.018565
v -0.005228 -0.126631 0.017267
v -0.001684 -0.107821 0.046009
v -0.018393 -0.126512 0.000836
v -0.012618 -0.124201 -0.020931
v -0.021916 -0.122986 0.015794
v -0.006177 -0.127190 0.014961
v -0.034407 -0.118551 0.000730
v -0.015525 -0.127188 0.004517
v -0.019203 -0.126229 -0.001972
v -0.041883 -0.111717 0.007395
v -0.025957 -0.112337 -0.032905
v -0.006482 -0.118532 0.033826
v -0.028694 -0.116539 0.023568
v -0.032549 -0.116308 0.018464
v -0.019129 -0.123321 0.018134
v -0.028048 -0.109726 -0.034432
v -0.025351 -0.123275 -0.007424
v -0.029613 -0.107782 -0.035310
v -0.008943 -0.119911 0.031135
v -0.034354 -0.115914 0.016003
v -0.009680 -0.127804 0.009812
v -0.022207 -0.115280 -0.031661
v -0.024598 -0.122836 0.011881
v -0.044348 -0.109695 0.002896
v -0.026207 -0.122548 -0.009455
v -0.019811 -0.117544 -0.029821
v -0.039869 -0.113781 -0.006405
v -0.043410 -0.109863 -0.008773
v -0.045070 -0.107780 -0.009595
v -0.010796 -0.128035 0.006904
v -0.008203 -0.125695 -0.019086
v -0.013248 -0.122584 0.024448
v -0.017684 -0.119439 -0.028000
v -0.012581 -0.110287 0.042066
v -0.021218 -0.115012 0.032688
v -0.031410 -0.118152 -0.015392
v -0.024673 -0.116229 0.028253
v -0.004485 -0.127082 -0.015958
v -0.030635 -0.120833 0.004011
v -0.009682 -0.124457 -0.021830
v -0.013247 -0.121987 -0.025705
v -0.021218 -0.125376 -0.004135
v -0.017897 -0.113286 0.036798
v -0.015527 -0.122915 0.022256
v -0.028695 -0.120197 -0.014058
v -0.033350 -0.115886 -0.018087
v -0.026162 -0.116770 0.025919
v -0.027369 -0.107855 -0.037005
v -0.030636 -0.116508 0.021014
v -0.028240 -0.122034 0.005790
v -0.031916 -0.120193 0.001385
v -0.022798 -0.124515 -0.006539
v -0.003518 -0.117404 0.035811
v -0.037543 -0.111176 -0.021080
v -0.002230 -0.126797 0.017366
v -0.006719 -0.127789 0.012108
v -0.011156 -0.123036 -0.024477
v -0.015527 -0.127343 0.001588
v -0.036808 -0.116647 -0.003485
v -0.023222 -0.111881 -0.035443
v -0.041986 -0.112080 0.003917
v -0.040416 -0.107913 -0.021924
v -0.009053 -0.121918 0.027597
v -0.025375 -0.109826 -0.036336
v -0.005229 -0.126014 -0.019192
v -0.012618 -0.127942 0.003825
v -0.014079 -0.120472 -0.028167
v -0.014284 -0.112341 0.039377
v -0.038127 -0.115252 -0.006620
v -0.015004 -0.119200 -0.029922
v -0.019811 -0.115565 -0.032797
v -0.041337 -0.112005 -0.008637
v -0.011151 -0.122296 0.026038
v -0.016446 -0.117700 -0.031574
v -0.037976 -0.114750 0.010008
v -0.026697 -0.121773 -0.012017
v -0.020657 -0.113849 -0.034603
v -0.002328 -0.127101 -0.016360
v -0.033914 -0.114471 -0.020469
v -0.006717 -0.124548 -0.022677
v -0.002982 -0.118706 0.034071
v -0.016445 -0.123755 0.019396
v -0.039253 -0.107878 -0.023994
v -0.002888 -0.127953 0.012872
v -0.020727 -0.117150 0.029853
v -0.025020 -0.107762 -0.038730
v -0.005322 -0.124688 -0.022739
v -0.042843 -0.109451 -0.012667
v -0.044479 -0.107891 -0.011712
v -0.039606 -0.113997 0.006537
v -0.009688 -0.110110 0.042983
v -0.018397 -0.115383 0.033858
v -0.008200 -0.123163 -0.025352
v -0.034404 -0.118459 -0.003013
v -0.022104 -0.124448 -0.009071
v -0.016964 -0.115882 -0.033926
v -0.034555 -0.116611 0.013267
v -0.009678 -0.121611 -0.027937
v -0.037378 -0.109781 -0.023912
v -0.006716 -0.120742 0.030315
v -0.006715 -0.128328 0.009142
v -0.044854 -0.109229 -0.001175
v -0.022612 -0.109763 -0.038184
v -0.015271 -0.127393 -0.002452
v -0.019015 -0.125980 -0.006267
v -0.015525 -0.114268 0.036674
v -0.011153 -0.120288 -0.029766
v -0.023988 -0.123155 -0.011630
v -0.022890 -0.107816 -0.039977
v -0.035262 -0.116824 0.010390
v -0.012618 -0.128061 0.000859
v -0.021220 -0.124050 0.012786
v -0.028878 -0.118777 -0.018135
v -0.018395 -0.113767 -0.035947
v -0.024808 -0.123532 0.007442
v -0.025348 -0.118191 0.024011
v -0.029344 -0.118214 0.018877
v -0.032892 -0.119518 -0.002695
v -0.019815 -0.111052 -0.038367
v -0.012618 -0.118471 -0.032134
v -0.030635 -0.117352 -0.019015
v -0.005228 -0.123136 -0.026182
v -0.022608 -0.117605 0.027652
v -0.014075 -0.116508 -0.034383
v -0.022609 -0.124092 0.009901
v -0.006714 -0.121973 -0.028130
v -0.041215 -0.111418 -0.011620
v -0.046073 -0.107752 -0.001669
v -0.035616 -0.111969 -0.022759
v -0.006724 -0.109894 0.043745
v -0.003735 -0.128464 0.009930
v -0.005984 -0.107882 0.045605
v -0.010561 -0.112990 0.039852
v -0.007602 -0.128729 0.004925
v -0.024810 -0.122087 -0.014475
v -0.031915 -0.118043 0.014681
v -0.035458 -0.117393 -0.006309
v -0.014662 -0.114423 -0.036850
v -0.042411 -0.111813 0.001170
v -0.002985 -0.120341 0.031576
v -0.009679 -0.128577 0.002367
v -0.007459 -0.120218 -0.031031
v -0.012083 -0.124192 0.021287
v -0.012619 -0.114341 0.037686
v -0.016966 -0.112700 -0.037897
v -0.009149 -0.118620 -0.033076
v -0.028823 -0.122022 0.001009
v -0.002247 -0.123624 -0.025596
v -0.037080 -0.116071 0.006864
v -0.010623 -0.117129 -0.034774
v -0.019608 -0.108092 -0.041443
v -0.044126 -0.107763 -0.013308
v -0.017822 -0.117349 0.031364
v -0.018396 -0.124852 0.013713
v -0.026698 -0.118743 0.021265
v -0.012084 -0.128151 -0.002013
v -0.021219 -0.124406 -0.011162
v -0.003739 -0.121478 -0.029581
v -0.016977 -0.110207 -0.040572
v -0.015526 -0.124674 0.017445
v -0.004693 -0.128835 0.006872
v -0.014705 -0.116205 0.034553
v -0.026208 -0.120505 -0.017377
v -0.011153 -0.115196 -0.037117
v -0.030638 -0.116325 -0.021415
v -0.039121 -0.113729 -0.010161
v -0.007969 -0.112194 0.041285
v -0.014077 -0.111789 -0.040047
v -0.024756 -0.123949 0.003640
v -0.033167 -0.118083 0.011375
v -0.011745 -0.112986 -0.039524
v -0.016249 -0.126769 -0.006806
v -0.015714 -0.107931 -0.043206
v -0.005229 -0.121987 0.028417
v -0.004870 -0.118825 -0.033670
v -0.008941 -0.124047 0.023137
v -0.033169 -0.113172 -0.024139
v -0.006716 -0.117559 -0.035146
v -0.022609 -0.119263 0.024541
v -0.026695 -0.123094 0.002145
v -0.030641 -0.120932 -0.002495
v -0.009678 -0.128621 -0.000629
v -0.008204 -0.115100 -0.038006
v -0.017683 -0.125822 -0.010272
v -0.014077 -0.109673 -0.042172
v -0.034353 -0.111228 -0.025874
v -0.019813 -0.125133 0.010090
v -0.031286 -0.114393 -0.024443
v -0.035568 -0.117237 0.006822
v -0.002246 -0.119115 -0.033515
v -0.043495 -0.107793 -0.015182
v -0.038661 -0.115198 0.002893
v -0.012619 -0.127907 -0.004326
v -0.012619 -0.124880 0.019063
v -0.003822 -0.107978 0.045769
v -0.021218 -0.123770 -0.013931
v -0.005229 -0.116306 -0.037039
v -0.020896 -0.119688 0.025218
v -0.033172 -0.118929 -0.006839
v -0.011182 -0.110147 -0.042595
v -0.029344 -0.119507 0.015120
v -0.008199 -0.112598 -0.040813
v -0.036808 -0.115829 -0.009416
v -0.012764 -0.107444 -0.044565
v -0.022611 -0.122469 -0.016510
v -0.040254 -0.113882 0.000631
v -0.021835 -0.124918 0.006554
v -0.005972 -0.129105 0.001348
v -0.005230 -0.113875 -0.039934
v -0.002226 -0.115939 -0.037797
v -0.027542 -0.118152 -0.021560
v -0.010268 -0.107473 -0.045195
v -0.037637 -0.108043 0.026239
v -0.036807 -0.108044 0.027375
v -0.034957 -0.109398 -0.027890
v -0.037058 -0.107812 -0.027333
v -0.002252 -0.121764 0.029208
v -0.035660 -0.107849 0.029095
v -0.036049 -0.108044 0.028357
v -0.003736 -0.129112 0.004663
v -0.005588 -0.123628 0.025097
v -0.009281 -0.110005 -0.043176
v -0.015524 -0.125486 0.014629
v -0.031229 -0.108113 0.033538
v -0.024678 -0.120123 -0.020486
v -0.033131 -0.109287 0.030160
v -0.002225 -0.113964 -0.040104
v -0.006683 -0.110075 -0.043594
v -0.023986 -0.119905 0.021766
v -0.039125 -0.113000 -0.012943
v -0.014420 -0.126936 -0.009105
v -0.034400 -0.110060 0.027600
v -0.017878 -0.125223 -0.012861
v -0.003518 -0.112141 -0.041944
v -0.042669 -0.107961 0.017024
v -0.003737 -0.110233 -0.043787
v -0.003737 -0.110606 0.043438
v -0.038804 -0.109832 0.021413
v -0.040267 -0.108010 0.022054
v -0.029547 -0.108093 0.035039
v -0.026163 -0.120096 0.018602
v -0.036776 -0.109916 0.024594
v -0.039265 -0.108096 0.023637
v -0.004233 -0.107516 -0.046121
v -0.035516 -0.107883 -0.029235
v -0.012389 -0.127618 -0.007656
v -0.041324 -0.109965 0.015691
v -0.045896 -0.107769 -0.004236
v -0.005445 -0.112392 0.041480
v -0.009680 -0.115244 0.037469
v -0.027371 -0.108123 0.036754
v -0.028625 -0.116260 -0.024194
v -0.008834 -0.128612 -0.004309
v -0.043636 -0.107739 0.014923
v -0.022103 -0.121981 -0.018644
v -0.028029 -0.122418 -0.001898
v -0.040243 -0.110026 0.018120
v -0.005974 -0.129096 -0.001602
v -0.029993 -0.111033 0.031090
v -0.034408 -0.111726 0.024978
v -0.019017 -0.123730 -0.016984
v -0.042942 -0.107777 -0.016704
v -0.012616 -0.125774 0.016235
v -0.028030 -0.110472 0.033554
v -0.032100 -0.111630 -0.028035
v -0.031913 -0.111427 0.028528
v -0.042382 -0.109567 0.013730
v -0.044350 -0.107729 0.012654
v -0.044704 -0.107824 0.011070
v -0.023221 -0.108083 0.039533
v -0.016445 -0.125107 -0.015083
v -0.014075 -0.126416 -0.012325
v -0.021170 -0.108103 0.040638
v -0.034523 -0.107853 -0.030432
v -0.045109 -0.107756 0.009515
v -0.043500 -0.106895 -0.016496
v -0.043408 -0.107371 -0.016155
v -0.044810 -0.107274 -0.011954
v -0.043820 -0.106865 -0.015662
v -0.045542 -0.107181 -0.008958
v -0.045600 -0.107540 -0.007630
v -0.044125 -0.106900 -0.014731
v -0.045750 -0.107633 -0.006289
v -0.044055 -0.107392 -0.014264
v -0.044350 -0.106903 -0.014031
v -0.046311 -0.107334 -0.001986
v -0.046522 -0.106703 -0.002022
v -0.046506 -0.106941 0.000479
v -0.044723 -0.106962 -0.012712
v -0.044901 -0.106636 -0.012443
v -0.022236 -0.107215 -0.040826
v -0.024431 -0.107150 -0.039590
v -0.026504 -0.107038 -0.038293
v -0.026391 -0.107515 -0.038011
v -0.028387 -0.107079 -0.036881
v -0.028558 -0.107629 -0.036306
v -0.029955 -0.107060 -0.035615
v -0.045688 -0.106666 -0.009076
v -0.031404 -0.106934 -0.034420
v -0.031407 -0.107598 -0.033896
v -0.045954 -0.106966 -0.007046
v -0.018187 -0.107151 -0.042842
v -0.037571 -0.106977 -0.027452
v -0.046161 -0.106920 -0.005680
v -0.039323 -0.106573 -0.025122
v -0.041220 -0.106621 -0.021801
v -0.040300 -0.106867 -0.023307
v -0.033039 -0.107119 -0.032703
v -0.042669 -0.106602 -0.018783
v -0.042032 -0.106583 -0.020184
v -0.045938 -0.107545 -0.005203
v -0.046252 -0.107018 -0.004561
v -0.033881 -0.106940 -0.031947
v 0.000702 -0.107079 -0.046609
v -0.001694 -0.107440 -0.046334
v -0.034712 -0.107171 -0.030866
v -0.008191 -0.107331 -0.045715
v -0.036298 -0.107577 -0.028596
v -0.036524 -0.106907 -0.028886
v -0.037126 -0.107135 -0.027924
v -0.014668 -0.107301 -0.044080
v -0.040127 -0.107592 -0.022888
v -0.016715 -0.107321 -0.043323
v -0.040703 -0.107191 -0.022304
v -0.041431 -0.107444 -0.020630
v -0.041565 -0.106976 -0.020853
v -0.041335 -0.107842 -0.020252
v -0.042127 -0.107018 -0.019646
v -0.042482 -0.107374 -0.018456
v -0.043187 -0.106947 -0.017262
v -0.020236 -0.107400 -0.041728
v -0.038212 -0.106969 -0.026555
v -0.044978 -0.107459 -0.010885
v -0.045251 -0.106657 -0.011058
v -0.045419 -0.107056 -0.009770
v -0.038246 -0.107732 -0.025753
v -0.038776 -0.106960 -0.025710
v -0.039284 -0.107175 -0.024747
v -0.041872 -0.096201 -0.027181
v -0.038888 -0.042786 -0.115218
v -0.021652 -0.059788 -0.099386
v -0.019279 -0.073866 -0.074385
v -0.021772 -0.093463 -0.050933
v -0.013813 -0.093286 -0.054891
v -0.051321 -0.037019 -0.080971
v -0.053037 -0.066616 -0.013859
v -0.029920 -0.059457 -0.089100
v -0.036559 -0.098755 -0.033784
v -0.014694 -0.072600 -0.079027
v -0.049660 -0.038439 -0.084996
v -0.038728 -0.061034 -0.071607
v -0.048639 -0.074172 -0.028179
v -0.049382 -0.071327 -0.028708
v -0.045681 -0.101852 -0.013833
v -0.047602 -0.041286 -0.086795
v -0.050358 -0.056675 -0.047723
v -0.019709 -0.059847 -0.101504
v -0.043371 -0.075025 -0.042346
v -0.031735 -0.097655 -0.039959
v -0.043900 -0.042817 -0.096026
v -0.053361 -0.070459 -0.002140
v -0.036207 -0.044179 -0.122326
v -0.016535 -0.058293 -0.110287
v -0.039854 -0.075029 -0.049475
v -0.041972 -0.099572 -0.024789
v -0.033791 -0.046213 -0.122864
v -0.045602 -0.099052 -0.016341
v -0.039183 -0.043853 -0.109590
v -0.034820 -0.058883 -0.082449
v -0.030556 -0.075890 -0.061742
v -0.033240 -0.074077 -0.060817
v -0.048177 -0.095192 -0.009280
v -0.006768 -0.090462 -0.059414
v -0.041310 -0.043374 -0.103345
v -0.044147 -0.059029 -0.063255
v -0.002427 -0.088742 -0.061735
v -0.002583 -0.058089 -0.125703
v -0.002759 -0.069839 -0.087845
v -0.040347 -0.057804 -0.073992
v -0.035976 -0.074234 -0.056797
v -0.033890 -0.075421 -0.058251
v -0.007471 -0.058199 -0.121249
v -0.052036 -0.068472 -0.018749
v -0.045155 -0.097732 -0.018662
v -0.046532 -0.039754 -0.094125
v -0.053603 -0.052532 -0.039285
v -0.020117 -0.095416 -0.050251
v -0.045536 -0.075031 -0.037028
v -0.040448 -0.043308 -0.106656
v -0.036581 -0.060176 -0.077017
v -0.038654 -0.058521 -0.076153
v -0.054288 -0.039620 -0.062642
v -0.054835 -0.034689 -0.068853
v -0.018004 -0.096333 -0.050572
v -0.017990 -0.071539 -0.078836
v -0.034856 -0.099678 -0.035267
v -0.054871 -0.052611 -0.028538
v -0.050721 -0.072162 -0.021465
v -0.037925 -0.098343 -0.032198
v -0.042789 -0.041895 -0.102378
v -0.030632 -0.095435 -0.042600
v -0.026643 -0.060096 -0.092333
v -0.010616 -0.091904 -0.057158
v -0.047517 -0.056599 -0.057961
v -0.036837 -0.045416 -0.112614
v -0.046361 -0.042795 -0.087864
v -0.008310 -0.071497 -0.083497
v -0.010194 -0.071087 -0.083547
v -0.046420 -0.100691 -0.012044
v -0.033089 -0.046282 -0.127600
v -0.035224 -0.044529 -0.127232
v -0.039140 -0.098642 -0.030217
v -0.040062 -0.098810 -0.028666
v -0.053582 -0.035789 -0.073144
v -0.041895 -0.075659 -0.044804
v -0.029707 -0.098823 -0.041023
v -0.054344 -0.064427 0.000537
v -0.026031 -0.059140 -0.095341
v -0.051391 -0.074605 -0.014454
v -0.035750 -0.045521 -0.116712
v -0.015911 -0.095112 -0.052494
v -0.042716 -0.072677 -0.046626
v -0.008671 -0.058999 -0.115863
v -0.011169 -0.058466 -0.115999
v 0.000050 -0.089136 -0.061475
v -0.006861 -0.069592 -0.087451
v -0.048406 -0.060036 -0.049184
v -0.023353 -0.094957 -0.048730
v -0.025105 -0.096911 -0.046013
v -0.048658 -0.042343 -0.080876
v -0.027390 -0.095497 -0.045383
v -0.053045 -0.039482 -0.068876
v -0.023889 -0.073712 -0.071160
v -0.026191 -0.072535 -0.070771
v -0.028151 -0.097193 -0.043502
v -0.005082 -0.057798 -0.126570
v -0.003226 -0.058507 -0.122386
v -0.047315 -0.073149 -0.033960
v -0.043309 -0.098551 -0.022683
v -0.036501 -0.077297 -0.052331
v -0.037588 -0.072922 -0.055954
v -0.038067 -0.075961 -0.051438
v -0.044627 -0.072989 -0.041734
v -0.045135 -0.041438 -0.095166
v -0.030200 -0.073566 -0.065162
v -0.017949 -0.059573 -0.104302
v -0.007494 -0.092633 -0.057216
v -0.046226 -0.056962 -0.061215
v -0.000022 -0.069511 -0.088767
v -0.037470 -0.043909 -0.116764
v -0.049524 -0.073652 -0.025273
v -0.036124 -0.096257 -0.036015
v -0.052890 -0.069768 -0.009701
v -0.054176 -0.053728 -0.032183
v -0.021421 -0.073069 -0.074051
v -0.053227 -0.055341 -0.035520
v -0.004384 -0.091470 -0.058810
v -0.006519 -0.057878 -0.124401
v -0.028223 -0.074764 -0.065683
v -0.026623 -0.075641 -0.066091
v -0.015702 -0.060307 -0.104442
v -0.023645 -0.060787 -0.094512
v -0.012124 -0.070623 -0.083561
v -0.051864 -0.074095 -0.011828
v -0.040483 -0.077112 -0.045937
v -0.000044 -0.058200 -0.125336
v -0.047849 -0.100019 -0.004110
v -0.032429 -0.099700 -0.037890
v -0.033103 -0.060046 -0.083039
v -0.031509 -0.060077 -0.085453
v -0.040431 -0.061109 -0.068131
v -0.017262 -0.074649 -0.074489
v -0.051670 -0.055917 -0.043260
v -0.037332 -0.045476 -0.110511
v -0.034239 -0.046709 -0.117349
v -0.023329 -0.097886 -0.046464
v -0.010446 -0.059946 -0.110384
v -0.012306 -0.059505 -0.110403
v -0.014184 -0.059007 -0.110384
v -0.012297 -0.073269 -0.079092
v -0.037069 -0.101572 -0.031341
v -0.049893 -0.044341 -0.072528
v -0.034117 -0.061945 -0.077991
v -0.003940 -0.059297 -0.117428
v -0.013999 -0.095850 -0.052614
v -0.026533 -0.061576 -0.089280
v -0.042036 -0.061171 -0.064636
v -0.042442 -0.044329 -0.096982
v -0.011080 -0.094929 -0.054319
v -0.034242 -0.077360 -0.055447
v -0.005650 -0.071998 -0.083356
v -0.048914 -0.095922 0.000402
v -0.039149 -0.045424 -0.104418
v -0.047631 -0.075723 -0.030001
v -0.001982 -0.091977 -0.058573
v -0.031353 -0.077625 -0.058712
v -0.021863 -0.076221 -0.069281
v -0.051036 -0.074333 -0.017025
v -0.027717 -0.100607 -0.041466
v -0.030749 -0.048342 -0.124541
v -0.024349 -0.076863 -0.066507
v -0.025807 -0.100198 -0.043147
v -0.032658 -0.047481 -0.120303
v -0.043942 -0.101853 -0.018954
v -0.044892 -0.044767 -0.088293
v -0.029399 -0.062301 -0.084118
v -0.046321 -0.059800 -0.056147
v -0.045834 -0.077016 -0.034046
v -0.039444 -0.046553 -0.100241
v -0.040177 -0.102814 -0.025989
v -0.002846 -0.059050 -0.119242
v -0.046942 -0.102612 -0.007115
v -0.021321 -0.061791 -0.094788
v -0.048012 -0.100124 -0.000925
v -0.021384 -0.098892 -0.046873
v -0.053245 -0.071921 0.001044
v -0.033076 -0.102197 -0.035632
v -0.046635 -0.102286 -0.009353
v -0.044262 -0.061866 -0.058325
v -0.054830 -0.040587 -0.057821
v -0.052329 -0.075529 -0.005305
v 0.000121 -0.092082 -0.058580
v -0.006116 -0.059456 -0.115551
v 0.000266 -0.058793 -0.121325
v -0.037735 -0.046615 -0.105197
v -0.008580 -0.095586 -0.054376
v -0.004775 -0.093706 -0.056691
v -0.031472 -0.062505 -0.080890
v -0.014974 -0.075351 -0.074697
v -0.046252 -0.045451 -0.082659
v -0.041719 -0.078139 -0.042452
v -0.035656 -0.102635 -0.032482
v -0.040933 -0.045772 -0.097911
v -0.013319 -0.060993 -0.104510
v -0.028759 -0.077943 -0.061108
v -0.047386 -0.061364 -0.050371
v -0.030984 -0.102739 -0.037316
v -0.053358 -0.057189 -0.030483
v -0.035031 -0.047294 -0.111628
v -0.023199 -0.100736 -0.044510
v -0.048971 -0.060993 -0.045585
v -0.036658 -0.062729 -0.072460
v -0.052325 -0.044031 -0.063480
v -0.051284 -0.059962 -0.037512
v -0.009175 -0.074041 -0.079049
v -0.007822 -0.060468 -0.110287
v -0.043931 -0.078317 -0.037478
v -0.043318 -0.045453 -0.091599
v -0.019350 -0.061725 -0.096982
v -0.002809 -0.072437 -0.083127
v -0.030028 -0.049372 -0.120575
v -0.015637 -0.098433 -0.049948
v -0.051954 -0.059677 -0.034479
v -0.017471 -0.061340 -0.099818
v -0.053466 -0.058663 -0.026227
v -0.019327 -0.099858 -0.047243
v -0.028154 -0.049964 -0.125561
v -0.012324 -0.098432 -0.051078
v -0.029129 -0.103043 -0.038741
v -0.000002 -0.071872 -0.084405
v -0.049913 -0.076449 -0.020332
v -0.038548 -0.079128 -0.047115
v -0.032001 -0.048888 -0.115351
v -0.019172 -0.076495 -0.070760
v -0.054923 -0.060065 -0.000110
v -0.036069 -0.047982 -0.105863
v -0.038572 -0.103309 -0.028215
v -0.047258 -0.046135 -0.078096
v -0.005755 -0.096259 -0.054320
v -0.002393 -0.095083 -0.055702
v -0.033170 -0.048699 -0.112219
v -0.050155 -0.060721 -0.041399
v -0.027192 -0.078844 -0.061546
v -0.000102 -0.095041 -0.055863
v 0.000172 -0.059470 -0.117591
v -0.034802 -0.079567 -0.052200
v -0.047796 -0.078459 -0.026562
v -0.012641 -0.076072 -0.074712
v -0.016664 -0.101556 -0.047209
v -0.009884 -0.099134 -0.051187
v -0.023704 -0.103314 -0.042443
v -0.034920 -0.063988 -0.073204
v -0.027349 -0.063409 -0.084599
v -0.027786 -0.103927 -0.039257
v -0.023436 -0.063025 -0.089842
v -0.046117 -0.078854 -0.031376
v -0.053180 -0.044522 -0.058605
v -0.054886 -0.054137 -0.023654
v -0.011416 -0.061470 -0.104508
v -0.038858 -0.063213 -0.067775
v -0.042719 -0.080421 -0.038045
v -0.005036 -0.060911 -0.110061
v -0.031778 -0.079660 -0.055871
v -0.025313 -0.104045 -0.040950
v -0.052716 -0.059015 -0.031146
v -0.045734 -0.063529 -0.051835
v -0.020051 -0.103613 -0.044256
v -0.035476 -0.106987 -0.030126
v -0.040991 -0.048411 -0.091335
v -0.025953 -0.051283 -0.125477
v -0.037122 -0.080482 -0.047931
v -0.039144 -0.048592 -0.095766
v -0.039825 -0.080060 -0.043993
v -0.032439 -0.106944 -0.033432
v -0.034425 -0.049206 -0.106555
v -0.014594 -0.062490 -0.099298
v -0.052592 -0.075836 -0.000334
v -0.005867 -0.074685 -0.078924
v -0.027179 -0.051062 -0.121499
v -0.048885 -0.078440 -0.022625
v -0.029858 -0.050485 -0.114989
v -0.022432 -0.079423 -0.064767
v -0.021801 -0.104012 -0.043092
v -0.043612 -0.047667 -0.085837
v -0.020071 -0.078721 -0.067250
v -0.007123 -0.099870 -0.051182
v -0.024487 -0.080327 -0.062123
v -0.032210 -0.081675 -0.053173
v -0.040651 -0.064809 -0.061774
v -0.037276 -0.048947 -0.099694
v -0.002297 -0.060637 -0.112061
v -0.009536 -0.061891 -0.104470
v -0.004021 -0.098476 -0.052704
v -0.042196 -0.064048 -0.059721
v -0.000020 -0.097138 -0.054063
v -0.015896 -0.077721 -0.070962
v -0.017128 -0.063039 -0.095854
v -0.013599 -0.101613 -0.048291
v -0.050222 -0.079539 -0.015394
v -0.017666 -0.104528 -0.044749
v -0.041147 -0.080731 -0.040912
v -0.025687 -0.064246 -0.084937
v -0.010687 -0.076476 -0.074873
v -0.042081 -0.048479 -0.088294
v -0.039864 -0.048911 -0.093125
v -0.032863 -0.050297 -0.107149
v -0.001993 -0.098752 -0.052650
v -0.047099 -0.080857 -0.026497
v -0.028143 -0.051087 -0.117752
v -0.046433 -0.106726 -0.003397
v -0.053895 -0.058303 -0.023267
v -0.028532 -0.081307 -0.057462
v -0.014763 -0.104459 -0.045906
v -0.011209 -0.102364 -0.048449
v -0.050609 -0.053345 -0.052822
v -0.019013 -0.064175 -0.091658
v -0.044413 -0.081040 -0.033661
v -0.044389 -0.063947 -0.054765
v -0.048737 -0.047223 -0.071156
v -0.000057 -0.060215 -0.114188
v -0.021067 -0.064628 -0.088873
v -0.008828 -0.076953 -0.074790
v -0.033220 -0.065172 -0.073798
v -0.035607 -0.081854 -0.048689
v -0.035572 -0.050287 -0.100342
v -0.029421 -0.064873 -0.079413
v -0.000238 -0.099883 -0.051826
v -0.044721 -0.049307 -0.079407
v -0.023356 -0.052643 -0.125677
v -0.018054 -0.079496 -0.067488
v -0.000054 -0.073738 -0.081244
v -0.004434 -0.101596 -0.050255
v -0.003087 -0.075132 -0.078725
v -0.038994 -0.065457 -0.063994
v -0.012223 -0.104804 -0.046470
v -0.055006 0.000218 -0.126582
v -0.054954 -0.002402 -0.124402
v -0.051215 -0.081611 -0.006052
v -0.008901 -0.104122 -0.047737
v -0.054977 -0.001415 -0.117442
v -0.054865 -0.004182 -0.126852
v -0.054277 -0.058250 -0.019176
v -0.031071 -0.050859 -0.109970
v -0.045865 -0.048840 -0.077078
v -0.031241 -0.065262 -0.076400
v -0.055009 0.000059 -0.111722
v -0.037994 -0.083156 -0.043931
v -0.005414 -0.103867 -0.048493
v -0.001560 -0.102049 -0.050126
v -0.054739 -0.005581 -0.121692
v -0.025618 -0.081203 -0.060192
v -0.054884 -0.003825 -0.115535
v -0.054518 -0.007705 -0.127065
v -0.054836 -0.045018 -0.048389
v -0.054056 -0.044071 -0.055015
v -0.006884 -0.062388 -0.104348
v -0.006165 -0.107520 -0.045891
v 0.000160 -0.103709 -0.048935
v -0.002316 -0.104617 -0.048238
v -0.054598 -0.006971 -0.122445
v -0.054741 -0.005908 -0.116278
v -0.046039 -0.081977 -0.028591
v -0.054909 -0.004562 -0.110949
v -0.024063 -0.052738 -0.121993
v -0.041910 -0.082476 -0.037753
v -0.036834 -0.065743 -0.067318
v -0.054352 -0.008944 -0.122384
v -0.027624 -0.052068 -0.114492
v -0.023353 -0.065330 -0.085335
v -0.054896 -0.056549 -0.015218
v -0.011723 -0.063218 -0.099407
v -0.034161 -0.083073 -0.049363
v -0.013242 -0.079378 -0.069969
v -0.054959 -0.008147 -0.105635
v -0.053941 -0.011360 -0.125145
v -0.048992 -0.063324 -0.041740
v -0.054791 -0.007345 -0.109824
v -0.006276 -0.077544 -0.074599
v 0.000381 -0.061130 -0.110540
v -0.054374 -0.009762 -0.114994
v -0.039575 -0.083663 -0.040911
v -0.015855 -0.080273 -0.067670
v -0.033898 -0.051479 -0.100999
v -0.047528 -0.064982 -0.044277
v -0.025599 -0.052456 -0.118498
v -0.054595 -0.009152 -0.110805
v -0.014841 -0.064008 -0.095362
v -0.054053 -0.011554 -0.116874
v -0.035624 -0.084276 -0.046324
v -0.049418 -0.082143 -0.016633
v -0.048748 -0.083305 -0.018387
v -0.036997 -0.050895 -0.095377
v -0.053644 -0.013587 -0.118203
v -0.021221 -0.053545 -0.126655
v -0.021355 -0.081847 -0.062653
v -0.040739 -0.083754 -0.038798
v -0.053061 -0.015306 -0.126030
v -0.045144 -0.083631 -0.029498
v -0.054258 -0.012408 -0.109802
v -0.042895 -0.084901 -0.033579
v -0.002085 -0.061688 -0.108240
v -0.029055 -0.083678 -0.054424
v -0.053166 -0.015488 -0.119784
v -0.038851 -0.051117 -0.090537
v -0.030718 -0.052176 -0.106275
v -0.040335 -0.051870 -0.085427
v -0.035125 -0.067005 -0.068094
v -0.052528 -0.017176 -0.127716
v -0.026487 -0.066446 -0.080105
v -0.054684 -0.011928 -0.104448
v -0.004075 -0.062811 -0.104108
v -0.053860 -0.013996 -0.112006
v -0.052691 -0.017178 -0.120869
v -0.032345 -0.084434 -0.050195
v -0.041933 -0.052124 -0.081084
v -0.027980 -0.053496 -0.107985
v -0.000080 -0.075724 -0.078112
v -0.051703 -0.080239 -0.003120
v -0.027630 -0.052905 -0.110917
v -0.016594 -0.065444 -0.090910
v -0.043391 -0.051474 -0.078740
v -0.052372 -0.061918 -0.027777
v -0.032305 -0.052545 -0.101561
v -0.053394 -0.015926 -0.113310
v -0.052004 -0.018913 -0.126247
v -0.010526 -0.079241 -0.071156
v -0.050029 -0.064426 -0.035802
v -0.051944 -0.019621 -0.121527
v -0.054326 -0.014694 -0.104057
v -0.003518 -0.078003 -0.074444
v -0.051068 -0.063138 -0.033069
v -0.054914 -0.015697 -0.096762
v -0.043775 -0.084927 -0.031670
v -0.008934 -0.063866 -0.099263
v -0.054674 -0.014930 -0.100017
v -0.041934 -0.067921 -0.054562
v -0.052789 -0.018324 -0.113552
v -0.047449 -0.051177 -0.067915
v -0.035269 -0.052218 -0.096016
v -0.042007 -0.084777 -0.035516
v -0.022975 -0.053862 -0.118285
v -0.053727 -0.016988 -0.106011
v -0.024905 -0.053589 -0.114652
v -0.051360 -0.020783 -0.126503
v -0.025720 -0.083560 -0.057529
v -0.018237 -0.083058 -0.063140
v -0.018970 -0.054531 -0.126130
v -0.052153 -0.019923 -0.116177
v -0.043551 -0.066888 -0.052436
v -0.053203 -0.018376 -0.108396
v -0.012418 -0.064667 -0.095411
v -0.054035 -0.016921 -0.102933
v -0.014506 -0.065877 -0.091432
v -0.047799 -0.084911 -0.020545
v -0.021187 -0.053937 -0.123176
v -0.046411 -0.066566 -0.045377
v -0.029202 -0.067646 -0.075015
v -0.031312 -0.067534 -0.072619
v -0.050407 -0.023251 -0.126370
v -0.050891 -0.022369 -0.123215
v -0.036795 -0.052999 -0.090877
v -0.023493 -0.084097 -0.058673
v -0.051326 -0.022038 -0.117890
v -0.048695 -0.051174 -0.063911
v -0.050120 -0.023852 -0.127961
v -0.049706 -0.086580 -0.010459
v -0.030287 -0.053827 -0.102127
v -0.039167 -0.067617 -0.060476
v -0.054235 -0.019127 -0.097394
v -0.053081 -0.021517 -0.102015
v -0.007336 -0.079949 -0.071132
v -0.048269 -0.067459 -0.038122
v -0.052027 -0.021876 -0.110355
v -0.054273 -0.060549 -0.012846
v -0.050496 -0.023972 -0.119241
v -0.046130 -0.052894 -0.068689
v -0.001468 -0.063035 -0.104020
v -0.020515 -0.083629 -0.061188
v -0.052517 -0.021301 -0.107365
v -0.035740 -0.086316 -0.044279
v -0.011685 -0.081528 -0.067850
v -0.000036 -0.078194 -0.074523
v -0.046453 -0.084711 -0.025027
v -0.013912 -0.082663 -0.065654
v -0.052760 -0.053480 -0.042363
v -0.051470 -0.023370 -0.110853
v -0.037696 -0.087336 -0.040649
v -0.049281 -0.025729 -0.127380
v -0.030515 -0.085786 -0.050853
v -0.053665 -0.020343 -0.099700
v -0.033157 -0.068397 -0.068827
v -0.026193 -0.085501 -0.055128
v -0.049612 -0.025794 -0.120661
v -0.005932 -0.064189 -0.099684
v -0.050868 -0.024757 -0.111701
v -0.016410 -0.082774 -0.064420
v -0.051831 -0.080526 0.000485
v -0.048836 -0.027126 -0.122789
v -0.052800 -0.063942 -0.020839
v -0.038715 -0.053308 -0.086105
v -0.017842 -0.066742 -0.087403
v -0.033143 -0.053775 -0.096582
v -0.040257 -0.068885 -0.056629
v -0.052216 -0.064055 -0.024892
v -0.054545 -0.020948 -0.092239
v -0.037088 -0.068708 -0.062482
v -0.054875 -0.023917 -0.085804
v -0.025074 -0.054814 -0.109302
v -0.018627 -0.055272 -0.121131
v -0.048119 -0.028103 -0.126984
v -0.049180 -0.066364 -0.036347
v -0.050016 -0.086955 -0.007928
v -0.050092 -0.025922 -0.114642
v -0.032833 -0.086560 -0.047631
v -0.035049 -0.054304 -0.091525
v -0.009860 -0.082003 -0.067863
v -0.045355 -0.067936 -0.046403
v -0.051208 -0.053533 -0.049965
v -0.021031 -0.067730 -0.083023
v -0.052367 -0.023736 -0.102455
v -0.020418 -0.054847 -0.119332
v -0.053153 -0.023048 -0.098262
v -0.009290 -0.065408 -0.095332
v -0.040521 -0.087645 -0.035852
v -0.051537 -0.025140 -0.105154
v -0.027522 -0.068578 -0.075416
v -0.029042 -0.086759 -0.051374
v -0.023392 -0.067931 -0.080625
v -0.016447 -0.055427 -0.126209
v -0.053660 -0.023975 -0.093144
v -0.053772 -0.062851 -0.013655
v -0.048962 -0.027859 -0.117138
v -0.047552 -0.029526 -0.123401
v -0.021084 -0.055300 -0.115420
v -0.048106 -0.029097 -0.119446
v -0.021848 -0.055520 -0.112886
v -0.044670 -0.089897 -0.025607
v -0.044110 -0.088233 -0.028208
v -0.041930 -0.088172 -0.032846
v -0.038898 -0.087913 -0.038323
v -0.051152 -0.065549 -0.028662
v -0.049769 -0.027806 -0.110375
v -0.046487 -0.031303 -0.124053
v -0.046499 -0.030984 -0.127109
v -0.028284 -0.054965 -0.102687
v -0.044693 -0.054325 -0.070021
v -0.048870 -0.028997 -0.112978
v -0.011477 -0.066431 -0.091993
v -0.051632 -0.026820 -0.100250
v -0.000110 -0.079695 -0.072490
v -0.047453 -0.068951 -0.038821
v -0.054198 -0.025515 -0.087319
v -0.024321 -0.087372 -0.054725
v -0.003435 -0.080631 -0.070956
v -0.050513 -0.027716 -0.105284
v -0.014116 -0.056060 -0.126988
v -0.021262 -0.086218 -0.057977
v -0.052376 -0.051997 -0.047489
v -0.052235 -0.027274 -0.095568
v -0.053039 -0.026661 -0.092125
v -0.007294 -0.082601 -0.067804
v -0.016291 -0.056094 -0.121206
v -0.035413 -0.069984 -0.063288
v -0.054647 -0.060729 -0.005259
v -0.048968 -0.088367 -0.012567
v -0.049811 -0.053586 -0.055508
v -0.040350 -0.054538 -0.080052
v -0.046756 -0.032037 -0.116752
v -0.025875 -0.069423 -0.075778
v -0.043164 -0.089281 -0.029497
v -0.049632 -0.030009 -0.104405
v -0.046338 -0.088195 -0.022511
v -0.045224 -0.033044 -0.126402
v -0.043718 -0.069441 -0.048506
v -0.022833 -0.055887 -0.109590
v -0.033494 -0.088988 -0.044721
v -0.047764 -0.030826 -0.114264
v -0.032962 -0.055319 -0.093213
v -0.031008 -0.069812 -0.069504
v -0.030342 -0.055706 -0.097013
v -0.026792 -0.088185 -0.052034
v -0.030267 -0.088447 -0.048657
v -0.015683 -0.085402 -0.061825
v -0.054072 -0.063512 -0.007973
v -0.002378 -0.064544 -0.099687
v -0.006213 -0.065642 -0.095947
v -0.045691 -0.033573 -0.117773
v -0.054853 -0.049279 -0.037960
v -0.026663 -0.055839 -0.103043
v 0.000009 -0.063796 -0.102020
v -0.018907 -0.068537 -0.083245
v -0.035685 -0.089184 -0.041869
v -0.018533 -0.086324 -0.059451
v -0.050907 -0.029906 -0.097375
v -0.048477 -0.031325 -0.107582
v -0.039660 -0.089739 -0.035642
v -0.043409 -0.055664 -0.070864
v -0.038837 -0.070451 -0.057080
v -0.036649 -0.055290 -0.086263
v -0.011130 -0.084417 -0.064669
v -0.050238 -0.031088 -0.098236
v -0.046660 -0.069278 -0.040878
v -0.052896 -0.065672 -0.016833
v -0.044704 -0.034541 -0.120898
v -0.038705 -0.055716 -0.081281
v -0.048510 -0.032852 -0.102925
v -0.018602 -0.056289 -0.115585
v -0.048737 -0.055086 -0.056648
v -0.002933 -0.065907 -0.096150
v -0.047380 -0.032952 -0.108917
v -0.051476 -0.030975 -0.092095
v -0.053779 -0.029666 -0.082806
v -0.004608 -0.083111 -0.067696
v -0.047076 -0.089833 -0.018858
v -0.014473 -0.056626 -0.121422
v -0.050199 -0.067691 -0.030095
v -0.014519 -0.067785 -0.087560
v -0.029483 -0.070719 -0.069972
v -0.042426 -0.036945 -0.126635
v -0.037379 -0.091543 -0.037701
v -0.053130 -0.030685 -0.084353
v -0.042860 -0.036980 -0.121719
v -0.050739 -0.085948 -0.002335
v -0.012581 -0.086439 -0.061963
v -0.021293 -0.088376 -0.055829
v -0.023554 -0.070557 -0.076158
v -0.004838 -0.066453 -0.094470
v -0.046119 -0.034727 -0.110102
v -0.033760 -0.071220 -0.063919
v -0.054849 -0.029357 -0.077652
v -0.030809 -0.090289 -0.046517
v -0.052545 -0.031512 -0.085747
v -0.016813 -0.069258 -0.083405
v -0.044185 -0.036029 -0.116808
v -0.024374 -0.056942 -0.103570
v -0.047807 -0.093609 -0.012827
v -0.039801 -0.092621 -0.033267
v 0.000030 -0.081736 -0.069843
v -0.032725 -0.057457 -0.088878
v -0.036447 -0.071715 -0.059372
v -0.034890 -0.056582 -0.086921
v -0.041918 -0.057138 -0.071742
v -0.008420 -0.067427 -0.091206
v -0.038299 -0.092604 -0.035597
v -0.012654 -0.057140 -0.121316
v -0.030241 -0.057312 -0.093327
v -0.050484 -0.087983 0.000425
v -0.040627 -0.039116 -0.126785
v 0.000009 -0.065027 -0.098737
v -0.040957 -0.039549 -0.120216
v -0.011468 -0.056793 -0.126374
v -0.039724 -0.072188 -0.053207
v -0.044983 -0.036219 -0.111044
v -0.027795 -0.091356 -0.048369
v -0.035860 -0.092999 -0.038650
v -0.049101 -0.033923 -0.097212
v -0.016368 -0.057054 -0.115770
v -0.041481 -0.071409 -0.050835
v -0.001981 -0.083565 -0.067474
v -0.047045 -0.034999 -0.104327
v -0.021154 -0.070334 -0.078506
v -0.051532 -0.068393 -0.022116
v -0.047481 -0.091500 -0.016038
v -0.007960 -0.085202 -0.064652
v -0.015984 -0.087938 -0.059066
v -0.032505 -0.091927 -0.043406
v -0.018431 -0.089232 -0.056607
v -0.048588 -0.070936 -0.032313
v -0.042670 -0.038110 -0.116564
v -0.049739 -0.090419 -0.004524
v -0.011426 -0.068267 -0.088262
v -0.027015 -0.057307 -0.098471
v -0.034469 -0.092310 -0.040894
v -0.045712 -0.071489 -0.040728
v -0.022539 -0.090469 -0.053061
v -0.018749 -0.057531 -0.110115
v -0.045979 -0.092376 -0.020281
v -0.027816 -0.071677 -0.070387
v -0.043658 -0.037819 -0.112137
v -0.032185 -0.072321 -0.064472
v -0.050322 -0.034322 -0.090705
v -0.040915 -0.094604 -0.029994
v -0.047719 -0.035957 -0.098550
v -0.036581 -0.057608 -0.081764
v -0.009135 -0.087440 -0.061944
v -0.023842 -0.091643 -0.051149
v -0.045159 -0.037515 -0.105799
v -0.020361 -0.057774 -0.106950
v -0.040132 -0.040339 -0.121186
v -0.039010 -0.041153 -0.124431
v -0.014535 -0.069963 -0.083514
v -0.010137 -0.057711 -0.121352
v -0.041555 -0.039525 -0.116475
v -0.044935 -0.093783 -0.022097
v -0.022095 -0.057985 -0.103842
v -0.046502 -0.037505 -0.099822
v -0.005628 -0.068107 -0.090692
v -0.025810 -0.092450 -0.049035
v -0.038745 -0.041187 -0.126799
v -0.052086 -0.035078 -0.081305
v -0.000079 -0.066955 -0.094106
v -0.005310 -0.085743 -0.064571
v 0.000140 -0.084032 -0.067068
v -0.043548 -0.093168 -0.025837
v -0.008988 -0.057306 -0.126244
v -0.028195 -0.058008 -0.094908
v -0.014009 -0.057748 -0.115946
v -0.020619 -0.091376 -0.053419
v -0.030236 -0.093498 -0.044454
v -0.050549 -0.069718 -0.025589
v -0.048943 -0.036822 -0.091281
v -0.006191 -0.088077 -0.061917
v -0.016278 -0.091059 -0.055903
v -0.013377 -0.090110 -0.057954
v -0.048697 -0.094631 -0.006527
v -0.041891 -0.040733 -0.109686
v -0.045413 -0.038945 -0.100497
v -0.038370 -0.042322 -0.120701
v -0.041219 -0.073612 -0.048578
v -0.043180 -0.039813 -0.107256
v -0.050735 -0.037978 -0.081533
v -0.040190 -0.041590 -0.114231
v -0.002250 -0.086318 -0.064329
v -0.018546 -0.092282 -0.053731
v -0.032179 -0.094778 -0.041576
v -0.036812 -0.043108 -0.126844
v -0.047772 -0.038146 -0.093065
v 0.000206 -0.086554 -0.064217
v -0.002906 -0.068003 -0.091505
v -0.023954 -0.058769 -0.099114
v -0.040969 -0.041334 -0.111616
v -0.049456 -0.092665 -0.002543
v -0.009996 -0.089670 -0.059467
v -0.033924 -0.095943 -0.038850
v -0.044211 -0.040351 -0.101387
v -0.024643 -0.090827 0.043624
v -0.022535 -0.080074 0.047144
v -0.019451 -0.082544 0.048002
v -0.016710 -0.080110 0.049534
v -0.005125 -0.070905 0.053712
v -0.005459 -0.064459 0.054719
v -0.046664 -0.090023 0.018543
v -0.047852 -0.080748 0.020370
v -0.004046 -0.064902 0.054779
v -0.034892 -0.100232 0.033018
v -0.032887 -0.106748 0.032947
v -0.046346 -0.080820 0.023574
v -0.038384 -0.064537 0.039293
v -0.030403 -0.090733 0.039804
v -0.047425 -0.089938 0.016549
v -0.001561 -0.064903 0.054903
v 0.001014 -0.064874 0.054925
v 0.000954 -0.070854 0.053958
v -0.033099 -0.098909 0.035211
v -0.047658 -0.100551 0.005475
v -0.049013 -0.089585 0.011224
v -0.036146 -0.100803 0.031439
v -0.047535 -0.102226 0.002090
v -0.036052 -0.106861 0.029396
v -0.034614 -0.106834 0.031088
v -0.047731 -0.098335 0.008329
v -0.021658 -0.090829 0.045192
v -0.035741 -0.064238 0.041782
v -0.014053 -0.080112 0.050366
v -0.011886 -0.080112 0.050926
v -0.038910 -0.071149 0.037146
v -0.027400 -0.090774 0.041935
v -0.044967 -0.080993 0.026063
v -0.028831 -0.099000 0.038775
v -0.045854 -0.090077 0.020448
v -0.043534 -0.080710 0.028503
v -0.002205 -0.070858 0.053922
v -0.048244 -0.089794 0.014060
v -0.031212 -0.098946 0.036889
v -0.047215 -0.098336 0.010932
v -0.009596 -0.079851 0.051472
v -0.036950 -0.072192 0.038865
v -0.033577 -0.064324 0.043534
v -0.031018 -0.106752 0.034709
v -0.046346 -0.106929 0.004006
v -0.018862 -0.090854 0.046444
v -0.026457 -0.098971 0.040444
v -0.044740 -0.090198 0.022732
v -0.006650 -0.079324 0.052038
v -0.029569 -0.106736 0.035952
v -0.046469 -0.098460 0.013679
v -0.016084 -0.090851 0.047490
v -0.023813 -0.099046 0.042056
v -0.041218 -0.081770 0.031456
v -0.027861 -0.106682 0.037320
v -0.045906 -0.106852 0.007690
v -0.003913 -0.078519 0.052468
v -0.031689 -0.064286 0.044935
v -0.043416 -0.090301 0.025127
v -0.013540 -0.090851 0.048292
v -0.001533 -0.078298 0.052632
v -0.030009 -0.064773 0.046000
v -0.025667 -0.106706 0.038855
v -0.045250 -0.100557 0.015976
v -0.045348 -0.106780 0.010577
v 0.001061 -0.078607 0.052592
v -0.020951 -0.099020 0.043566
v -0.008453 -0.086409 0.050375
v -0.010425 -0.090695 0.049111
v -0.023849 -0.106751 0.039983
v -0.038309 -0.076433 0.036409
v -0.018260 -0.099029 0.044774
v -0.006454 -0.086623 0.050636
v -0.041901 -0.090390 0.027544
v -0.027618 -0.064809 0.047474
v -0.022504 -0.106687 0.040780
v -0.038695 -0.082178 0.034391
v -0.003997 -0.086346 0.050951
v -0.044512 -0.098593 0.019061
v -0.015589 -0.099014 0.045784
v -0.025146 -0.064865 0.048827
v -0.020261 -0.106696 0.041940
v -0.031123 -0.071654 0.043828
v -0.035510 -0.073313 0.039931
v -0.044646 -0.106789 0.013219
v 0.001008 -0.089178 0.050534
v -0.013134 -0.099022 0.046555
v -0.028518 -0.070845 0.045738
v -0.017605 -0.106724 0.043124
v -0.054869 -0.060214 0.003590
v -0.040563 -0.090466 0.029444
v -0.054557 -0.060738 0.006809
v -0.036205 -0.082270 0.037004
v -0.007389 -0.096503 0.048398
v -0.054141 -0.061503 0.009286
v -0.054101 -0.065904 0.003190
v -0.010132 -0.099036 0.047309
v -0.053906 -0.061281 0.010863
v -0.005609 -0.096497 0.048637
v -0.015189 -0.106394 0.044116
v -0.053222 -0.061750 0.013800
v -0.022064 -0.064855 0.050306
v -0.000988 -0.093564 0.049601
v -0.033888 -0.071892 0.041653
v -0.001664 -0.085542 0.051240
v -0.039221 -0.090494 0.031204
v -0.003697 -0.096503 0.048826
v -0.052357 -0.062513 0.016614
v -0.013651 -0.106809 0.044502
v -0.043086 -0.098660 0.022036
v -0.026104 -0.070882 0.047161
v -0.011410 -0.106739 0.045153
v -0.031705 -0.079940 0.041504
v -0.051349 -0.062865 0.019509
v -0.008793 -0.106701 0.045747
v -0.051910 -0.068824 0.014745
v -0.000979 -0.101120 0.047904
v -0.043202 -0.106756 0.017375
v -0.006110 -0.106660 0.046189
v -0.037417 -0.090601 0.033314
v -0.052567 -0.074398 0.006372
v -0.052050 -0.078750 0.003794
v -0.050438 -0.062682 0.021907
v -0.043841 -0.106856 0.015614
v -0.033457 -0.082323 0.039494
v -0.003648 -0.106677 0.046442
v -0.053642 -0.067123 0.006974
v -0.051664 -0.077917 0.008798
v -0.053115 -0.068620 0.009194
v -0.051024 -0.068892 0.017654
v -0.041811 -0.098720 0.024335
v -0.000901 -0.106796 0.046539
v -0.053257 -0.071210 0.004274
v -0.049397 -0.062928 0.024146
v -0.042459 -0.106874 0.019042
v -0.052684 -0.068514 0.011701
v -0.051260 -0.078067 0.010891
v -0.050324 -0.067464 0.020245
v -0.019577 -0.064429 0.051383
v -0.048886 -0.072231 0.021730
v -0.049489 -0.072976 0.019938
v -0.050649 -0.086587 0.003657
v -0.046745 -0.071837 0.026238
v -0.047939 -0.071897 0.023917
v -0.028555 -0.080001 0.043738
v -0.045728 -0.071853 0.027993
v -0.051115 -0.083130 0.005939
v -0.041644 -0.073237 0.033442
v -0.040442 -0.072831 0.035006
v -0.050872 -0.078227 0.012528
v -0.035861 -0.090618 0.034977
v -0.012914 -0.070907 0.052379
v -0.010255 -0.070919 0.052958
v -0.017543 -0.064890 0.052048
v -0.048280 -0.063221 0.026296
v -0.040351 -0.098787 0.026653
v -0.050327 -0.078411 0.014529
v -0.020269 -0.069824 0.050164
v -0.041427 -0.106871 0.021189
v -0.049294 -0.093710 0.003086
v -0.044442 -0.072091 0.029940
v -0.016206 -0.064439 0.052549
v -0.043152 -0.072466 0.031677
v -0.026282 -0.080029 0.045147
v -0.034330 -0.090663 0.036476
v -0.046295 -0.063917 0.029559
v -0.023225 -0.070857 0.048666
v -0.049482 -0.078645 0.017126
v -0.029363 -0.087695 0.041361
v -0.016164 -0.070973 0.051441
v -0.007844 -0.070914 0.053377
v -0.013561 -0.064523 0.053284
v -0.038330 -0.098870 0.029464
v -0.040033 -0.106804 0.023748
v -0.018488 -0.072809 0.050309
v -0.032364 -0.090703 0.038229
v -0.024505 -0.080049 0.046138
v -0.020568 -0.074739 0.049110
v -0.049545 -0.089509 0.008541
v -0.049060 -0.093942 0.005453
v -0.044304 -0.063727 0.032554
v -0.010823 -0.064493 0.053909
v -0.038621 -0.106841 0.025957
v -0.042594 -0.063729 0.034784
v -0.008086 -0.064486 0.054390
v -0.037243 -0.106767 0.027924
v -0.040903 -0.064398 0.036645
v -0.026014 0.048463 -0.126943
v -0.028374 0.047125 -0.126806
v -0.030945 0.045475 -0.126628
v -0.033189 0.043863 -0.126379
v -0.035307 0.042177 -0.126125
v -0.038145 0.039632 -0.125661
v -0.040091 0.037657 -0.125423
v -0.041452 0.036152 -0.125036
v -0.042785 0.034570 -0.129145
v -0.043488 0.033656 -0.123872
v -0.044604 0.032188 -0.127704
v -0.045721 0.030574 -0.123736
v -0.046737 0.028998 -0.123339
v -0.047996 0.026798 -0.121941
v -0.049668 0.023646 -0.121763
v -0.049738 0.023491 -0.129175
v -0.050864 0.020938 -0.131138
v -0.051054 0.020476 -0.120734
v -0.052135 0.017539 -0.119656
v -0.053332 0.013526 -0.118157
v -0.053787 0.011510 -0.127221
v -0.054316 0.008747 -0.116005
v -0.054538 0.007144 -0.127005
v -0.054748 0.005225 -0.114235
v -0.054911 0.003169 -0.113236
v -0.017863 -0.054261 -0.133049
v -0.034115 0.043148 -0.183526
v -0.048542 0.025866 -0.164369
v -0.049069 0.024852 -0.158232
v -0.047652 0.027471 -0.158236
v -0.024518 -0.051377 -0.132948
v -0.031238 -0.046144 -0.150374
v -0.030357 -0.047226 -0.142059
v -0.046104 0.029997 -0.167386
v -0.015269 -0.054777 -0.136572
v -0.028183 -0.048015 -0.152418
v -0.028271 -0.048489 -0.143243
v -0.022178 -0.052277 -0.135659
v -0.021862 -0.051754 -0.144475
v -0.047703 0.027384 -0.166261
v -0.049424 0.024134 -0.164499
v -0.034904 -0.042905 -0.161395
v -0.036112 -0.042317 -0.150366
v -0.036904 -0.041141 -0.162515
v -0.034263 -0.043940 -0.148927
v -0.051067 -0.021367 -0.132945
v -0.012780 -0.055788 -0.133096
v -0.051791 -0.019341 -0.134677
v -0.020542 -0.052917 -0.136455
v -0.053443 0.013016 -0.172970
v -0.052533 -0.016852 -0.142342
v -0.032640 -0.044739 -0.159336
v -0.017758 -0.053637 -0.140786
v -0.053982 0.010573 -0.167759
v -0.009602 -0.056494 -0.132956
v -0.051806 -0.019115 -0.142283
v -0.025154 -0.050375 -0.141602
v -0.024872 -0.049988 -0.149895
v -0.050808 -0.021687 -0.145945
v -0.054701 0.005769 -0.168576
v -0.053806 0.011422 -0.182294
v -0.052902 0.015099 -0.192000
v -0.055000 0.000639 -0.168674
v -0.054922 0.003054 -0.171555
v -0.054985 0.001470 -0.179396
v -0.054087 0.010003 -0.183057
v -0.029509 -0.046768 -0.162587
v -0.054320 0.008656 -0.178508
v -0.054689 0.005891 -0.180288
v -0.054956 -0.002249 -0.179291
v -0.021782 -0.051306 -0.152400
v -0.012644 -0.054870 -0.144194
v -0.054879 0.003687 -0.180507
v -0.006367 -0.056824 -0.134501
v -0.055000 -0.000547 -0.181957
v -0.054873 -0.003742 -0.179958
v -0.044851 -0.032824 -0.142930
v -0.026982 -0.048410 -0.159034
v -0.043020 -0.034380 -0.172740
v -0.002028 -0.057526 -0.130965
v -0.018468 -0.052792 -0.149433
v -0.042906 -0.035317 -0.146207
v -0.047256 -0.028776 -0.150860
v -0.011195 -0.055664 -0.138526
v -0.003477 -0.056934 -0.136225
v -0.045627 -0.031285 -0.154014
v -0.044229 -0.033376 -0.151197
v -0.024343 -0.049784 -0.159503
v -0.048705 -0.025932 -0.159137
v 0.001056 -0.057502 -0.131537
v -0.047233 -0.028591 -0.158852
v -0.043906 -0.033652 -0.156217
v -0.041052 -0.036581 -0.182540
v -0.008536 -0.055595 -0.145526
v -0.007838 -0.056230 -0.138947
v -0.048673 -0.025808 -0.167849
v -0.045961 -0.030652 -0.158157
v -0.045559 -0.031084 -0.164827
v -0.042764 -0.034547 -0.183398
v -0.046681 -0.029257 -0.168974
v -0.047463 -0.028002 -0.166996
v -0.032665 -0.044513 -0.165784
v -0.037951 -0.039940 -0.171326
v -0.014554 -0.054013 -0.149613
v -0.035061 -0.042538 -0.169826
v -0.039332 -0.038419 -0.181938
v -0.037739 -0.039978 -0.183152
v -0.016894 -0.052597 -0.165138
v -0.016313 -0.052572 -0.174486
v -0.019603 -0.051482 -0.171448
v -0.017069 -0.052284 -0.179891
v -0.014906 -0.052938 -0.181518
v -0.021797 -0.050912 -0.160852
v -0.024114 0.049433 -0.127069
v -0.024710 0.049142 -0.134762
v -0.027162 0.047830 -0.135704
v -0.029559 0.046387 -0.135541
v -0.024680 0.049157 -0.142395
v -0.024819 0.049087 -0.150929
v -0.027296 0.047753 -0.142488
v -0.029645 0.046332 -0.142416
v -0.027267 0.047770 -0.150297
v 0.000824 -0.056801 -0.138849
v -0.027563 -0.047719 -0.170924
v -0.024880 -0.049173 -0.170324
v -0.024788 0.049102 -0.158520
v -0.029698 0.046298 -0.150237
v -0.027278 0.047763 -0.158513
v -0.016902 -0.053044 -0.154549
v -0.015003 -0.053258 -0.162646
v -0.047695 0.027400 -0.132452
v -0.048829 0.025313 -0.132943
v -0.010705 -0.055151 -0.146295
v -0.013372 -0.054000 -0.155423
v -0.029672 0.046314 -0.158534
v -0.029600 0.046359 -0.166692
v -0.026380 0.048264 -0.169250
v -0.034776 -0.042596 -0.181322
v -0.022342 -0.050355 -0.171471
v -0.006194 -0.056111 -0.142904
v -0.048018 0.026823 -0.142565
v -0.049414 0.024154 -0.142080
v -0.033315 -0.043867 -0.172469
v -0.001744 -0.056733 -0.139326
v -0.003526 -0.056315 -0.143383
v -0.049104 0.024785 -0.150740
v -0.007870 -0.055211 -0.153002
v -0.030894 0.045510 -0.172804
v -0.050397 0.022043 -0.141551
v -0.032732 0.044202 -0.169786
v -0.036358 -0.041235 -0.183257
v -0.028940 0.046781 -0.181663
v -0.027048 0.047895 -0.179484
v -0.005873 -0.055729 -0.148698
v -0.047689 0.027409 -0.150777
v -0.031865 0.044838 -0.180349
v -0.036004 0.041582 -0.175711
v -0.038007 0.039764 -0.167004
v -0.038634 0.039153 -0.169100
v -0.031213 -0.045268 -0.181870
v -0.034152 0.043117 -0.171192
v -0.010083 -0.054709 -0.155606
v -0.019239 -0.051931 -0.160968
v -0.050137 0.022612 -0.155801
v -0.050777 0.021144 -0.149692
v -0.011579 -0.054199 -0.159933
v -0.029512 -0.046470 -0.175746
v -0.033307 -0.043746 -0.182474
v -0.001141 -0.056146 -0.147059
v -0.040240 0.037495 -0.168786
v -0.050734 0.021247 -0.158739
v -0.037503 0.040239 -0.181846
v -0.003104 -0.055627 -0.154052
v -0.006870 -0.055041 -0.159077
v -0.039358 0.038420 -0.180063
v -0.004816 -0.055657 -0.151457
v -0.050735 0.021243 -0.166562
v -0.053356 -0.014013 -0.130360
v -0.028370 -0.047103 -0.185538
v -0.051515 0.019276 -0.169931
v -0.052221 0.017270 -0.166130
v -0.052735 0.015635 -0.169503
v -0.053622 -0.012745 -0.137554
v -0.000675 -0.055624 -0.155710
v -0.052932 -0.015609 -0.134445
v -0.012633 -0.053612 -0.171338
v -0.024481 -0.049239 -0.182100
v -0.051659 0.018888 -0.180648
v -0.009893 -0.054294 -0.166597
v -0.052232 0.017239 -0.179375
v -0.053056 0.014530 -0.180910
v -0.002408 -0.055418 -0.159004
v -0.022375 -0.050233 -0.182043
v -0.007621 -0.054642 -0.167243
v -0.005427 -0.054998 -0.164242
v -0.047405 -0.028805 -0.142063
v -0.046204 -0.030801 -0.142038
v -0.020499 -0.051030 -0.181585
v -0.049034 -0.025491 -0.150672
v -0.048417 -0.026851 -0.145216
v 0.000020 -0.055224 -0.165325
v -0.049994 -0.023297 -0.158448
v -0.014052 -0.053279 -0.170412
v -0.050067 -0.022957 -0.167728
v -0.000777 -0.055062 -0.171978
v -0.002853 -0.055115 -0.166699
v -0.010557 -0.054032 -0.173426
v -0.003753 -0.054915 -0.173643
v -0.036477 -0.041326 -0.169527
v -0.008348 -0.054417 -0.172663
v -0.018789 -0.051687 -0.181484
v -0.022040 0.050396 -0.127144
v -0.009551 -0.054163 -0.181521
v -0.022132 0.050356 -0.136270
v -0.005107 -0.054766 -0.179237
v -0.003306 -0.054907 -0.181746
v -0.021611 0.050577 -0.142457
v -0.003620 0.054885 -0.170545
v -0.006225 0.054656 -0.172187
v -0.022108 0.050366 -0.150271
v -0.038353 0.039426 -0.133720
v -0.001694 0.054977 -0.172467
v -0.022170 0.050338 -0.158449
v -0.039824 0.037937 -0.139553
v -0.010000 0.054091 -0.170574
v -0.022077 0.050379 -0.165816
v -0.000310 0.055001 -0.192000
v -0.041028 0.036635 -0.144302
v -0.041041 0.036622 -0.138018
v -0.006443 0.054625 -0.180972
v -0.051360 0.019687 -0.137477
v -0.008687 0.054314 -0.177055
v -0.038318 0.039459 -0.148568
v -0.011601 0.053771 -0.181362
v -0.041069 0.036587 -0.150686
v -0.039826 0.037935 -0.150318
v -0.038357 0.039421 -0.158271
v -0.041085 0.036569 -0.158923
v -0.039856 0.037903 -0.158428
v -0.041475 0.036123 -0.167198
v -0.051435 0.019487 -0.146207
v -0.042780 0.034571 -0.166791
v -0.043989 -0.034842 -0.126734
v -0.046524 -0.030596 -0.134561
v -0.048045 -0.027969 -0.133815
v -0.044906 -0.033147 -0.133879
v -0.042760 0.034603 -0.173597
v -0.029701 -0.048322 -0.132911
v -0.036512 -0.042906 -0.133689
v -0.035190 -0.043754 -0.138646
v -0.044406 0.032458 -0.175956
v -0.043870 0.033175 -0.162038
v -0.033260 -0.045453 -0.136787
v -0.052917 -0.015090 -0.172239
v -0.052123 -0.017760 -0.165056
v -0.051413 0.019547 -0.157059
v -0.030966 -0.047748 -0.129151
v -0.051161 -0.020401 -0.165792
v -0.040978 0.036693 -0.179413
v -0.038483 -0.040067 -0.151175
v -0.052425 -0.016660 -0.177029
v -0.042822 0.034523 -0.180228
v -0.041958 0.035566 -0.184093
v -0.051685 -0.018848 -0.177256
v -0.043892 0.033148 -0.182873
v -0.049764 0.023429 -0.169198
v -0.050757 -0.021154 -0.184122
v -0.038213 -0.040006 -0.159627
v -0.044468 -0.032609 -0.166603
v -0.041091 -0.036707 -0.171217
v -0.040100 -0.038034 -0.161302
v -0.044439 -0.032481 -0.175015
v -0.050643 0.021469 -0.172083
v -0.044082 -0.032851 -0.183523
v -0.049913 0.023124 -0.181967
v -0.050985 0.020636 -0.182032
v -0.006257 -0.054688 -0.173663
v -0.007240 -0.054524 -0.179349
v -0.050420 -0.022508 -0.150509
v -0.000656 -0.054999 -0.178383
v -0.051124 -0.020620 -0.158599
v -0.036410 0.041227 -0.132479
v -0.019536 0.051417 -0.127230
v -0.019403 0.051467 -0.133893
v -0.012489 0.053568 -0.167757
v -0.036516 0.041134 -0.143852
v -0.019497 0.051433 -0.142572
v -0.014552 0.053043 -0.168641
v -0.042755 0.034604 -0.135886
v -0.019511 0.051427 -0.151255
v -0.012451 0.053576 -0.173512
v -0.019534 0.051418 -0.158534
v -0.019530 0.051420 -0.167265
v -0.017040 0.052302 -0.171821
v -0.000055 0.055014 -0.127613
v -0.003294 0.054906 -0.127487
v -0.006460 0.054627 -0.127436
v -0.051820 0.018442 -0.130907
v -0.009777 0.054131 -0.127415
v -0.035982 0.041596 -0.151002
v -0.042655 0.034728 -0.142596
v -0.052686 0.015801 -0.134024
v -0.013156 0.053407 -0.127381
v -0.052206 0.017314 -0.140646
v -0.016456 0.052493 -0.127337
v -0.052414 0.016666 -0.145539
v -0.013557 0.053314 -0.134706
v -0.014639 0.053018 -0.183291
v -0.036496 0.041151 -0.160904
v -0.045281 0.031228 -0.172493
v -0.042807 0.034539 -0.149760
v -0.052249 0.017188 -0.155517
v -0.042823 0.034519 -0.157946
v -0.013529 0.053323 -0.142572
v -0.054108 -0.010337 -0.134628
v -0.053623 -0.012928 -0.125775
v -0.054492 -0.007834 -0.132193
v -0.043283 -0.035484 -0.132449
v -0.054701 -0.005997 -0.140758
v -0.045207 0.031332 -0.182583
v -0.043218 -0.035185 -0.140156
v -0.013533 0.053322 -0.150369
v -0.041616 -0.037256 -0.138597
v -0.046373 0.029583 -0.182860
v -0.054103 -0.010033 -0.167456
v -0.054032 -0.010363 -0.172722
v -0.053579 -0.012551 -0.168486
v -0.038236 -0.041311 -0.132577
v -0.047698 0.027395 -0.183150
v -0.037509 -0.041476 -0.141739
v -0.049445 -0.024786 -0.145542
v -0.051230 -0.020477 -0.152282
v -0.041149 -0.037461 -0.145741
v -0.040204 -0.038235 -0.152382
v -0.053653 -0.012092 -0.181943
v -0.013537 0.053321 -0.158585
v -0.030931 -0.045830 -0.162543
v -0.050879 -0.020954 -0.175118
v -0.050237 -0.022453 -0.175794
v -0.041979 -0.036138 -0.154487
v -0.041905 -0.035939 -0.163675
v -0.016707 0.052409 -0.131888
v -0.016691 0.052414 -0.139571
v -0.016696 0.052412 -0.147308
v -0.016701 0.052411 -0.155358
v -0.046176 -0.029949 -0.175540
v -0.016602 0.052439 -0.163274
v -0.039214 -0.038740 -0.169569
v -0.052844 0.015281 -0.130880
v -0.045759 -0.030491 -0.182589
v -0.053780 0.011539 -0.134984
v -0.053262 0.013726 -0.138308
v -0.053929 0.010865 -0.142572
v -0.054175 0.009485 -0.132866
v -0.053018 0.014649 -0.142564
v -0.053932 0.010849 -0.150369
v -0.053164 0.014123 -0.147298
v -0.054175 -0.010035 -0.124580
v -0.054873 -0.003985 -0.137231
v -0.034347 0.042961 -0.134309
v -0.046776 0.028938 -0.171631
v -0.047688 0.027408 -0.173252
v -0.053169 0.014103 -0.155346
v -0.053936 0.010832 -0.158585
v -0.034299 0.042999 -0.144458
v -0.055014 -0.000469 -0.143213
v -0.055015 -0.000393 -0.134148
v -0.044487 0.032349 -0.135654
v -0.048705 0.025560 -0.173074
v -0.034313 0.042989 -0.152255
v -0.053199 0.013979 -0.163274
v -0.048579 0.025795 -0.180582
v -0.014081 0.053173 -0.176474
v -0.052187 -0.017811 -0.151037
v -0.022026 0.050404 -0.172557
v -0.052303 -0.017377 -0.155400
v -0.053269 -0.014105 -0.149982
v -0.053001 -0.014970 -0.158946
v -0.053903 -0.011200 -0.158080
v -0.044805 0.031898 -0.142690
v -0.053139 -0.014393 -0.163373
v -0.044455 0.032392 -0.149304
v -0.031586 -0.045159 -0.170805
v -0.016904 0.052344 -0.180200
v -0.019181 0.051550 -0.184137
v -0.020911 0.050876 -0.180556
v -0.034344 0.042963 -0.162402
v -0.045214 0.031326 -0.157221
v -0.041640 -0.037626 -0.131430
v -0.054524 -0.007343 -0.169798
v -0.039756 -0.039749 -0.132132
v -0.054750 -0.005281 -0.173223
v -0.040105 -0.038760 -0.142849
v -0.039138 -0.039903 -0.140692
v -0.054571 -0.006860 -0.184075
v -0.054224 -0.009239 -0.180433
v -0.053084 -0.014414 -0.179803
v -0.043732 -0.033759 -0.160513
v -0.049428 -0.024181 -0.175794
v -0.048312 -0.026294 -0.179933
v -0.054395 0.008153 -0.172178
v -0.047537 -0.027750 -0.174445
v -0.049507 -0.023923 -0.183418
v -0.047223 -0.028150 -0.183762
v -0.032037 0.044712 -0.134482
v -0.032122 0.044651 -0.142558
v -0.031607 0.045011 -0.150192
v -0.046235 0.029797 -0.134987
v -0.032123 0.044651 -0.157928
v -0.046158 0.029917 -0.142765
v -0.024214 0.049384 -0.167910
v -0.031585 0.045027 -0.165437
v -0.046185 0.029875 -0.151147
v -0.023345 0.049805 -0.182365
v -0.025169 0.048903 -0.180671
v -0.046464 0.029430 -0.158655
v -0.054994 -0.001132 -0.167947
v -0.049803 -0.024297 -0.136200
v -0.054903 -0.003330 -0.170985
v -0.054948 0.002666 -0.192000
v -0.012197 -0.053633 -0.181943
v -0.028294 0.047168 -0.169754
v -0.002050 0.054966 -0.180615
v -0.004305 0.054835 -0.178421
v -0.027219 -0.049727 -0.134778
v -0.028289 -0.063856 0.047188
v -0.054918 0.001574 -0.111420
v -0.023493 -0.063871 0.049755
v -0.001504 0.054909 -0.126490
v -0.054917 -0.005558 -0.106644
v -0.004353 0.054758 -0.126479
v -0.008024 0.054331 -0.126449
v -0.054904 -0.009813 -0.102301
v -0.010545 0.053868 -0.126286
v -0.054897 -0.015301 -0.095807
v -0.001055 -0.063904 0.055002
v -0.012838 0.053376 -0.126331
v -0.015861 0.052535 -0.126205
v -0.054908 -0.024975 -0.082753
v -0.020037 0.051114 -0.126222
v -0.054911 -0.032364 -0.071188
v -0.025829 0.048409 -0.125800
v -0.028197 0.047100 -0.125782
v -0.054895 -0.038689 -0.059655
v -0.030449 0.045694 -0.125631
v -0.054891 -0.043457 -0.049837
v -0.032004 0.044621 -0.125436
v -0.054914 -0.047765 -0.039459
v -0.034866 0.042453 -0.125190
v -0.036602 0.040920 -0.124614
v -0.054932 -0.049803 -0.033896
v -0.054957 -0.052383 -0.026240
v -0.038423 0.039274 -0.124593
v -0.040864 0.036737 -0.124092
v -0.054986 -0.055633 -0.014911
v -0.054996 -0.057809 -0.004728
v -0.055002 -0.059068 0.001033
v -0.044968 0.031577 -0.123010
v -0.046674 0.028908 -0.121970
v -0.049720 0.023366 -0.120628
v -0.052192 -0.061589 0.017415
v -0.051529 0.019043 -0.119165
v -0.052596 0.015823 -0.117922
v -0.046635 -0.062819 0.029181
v -0.053625 0.011962 -0.116406
v -0.054154 0.009058 -0.114851
v -0.039369 -0.063446 0.038438
v -0.054644 0.005651 -0.113394
v 0.043069 -0.000500 0.034266
v 0.043724 -0.063803 0.033324
v 0.045863 -0.062913 0.030380
v -0.054995 -0.013331 -0.001021
v 0.046043 -0.000500 0.030091
v -0.055004 -0.000500 0.000406
v -0.054782 -0.000500 0.005146
v 0.048346 -0.000500 0.026279
v 0.048030 -0.063177 0.026773
v 0.049365 -0.062977 0.024209
v 0.050635 -0.000500 0.021506
v 0.050724 -0.062044 0.021279
v -0.054181 -0.000500 0.009482
v 0.052182 -0.061592 0.017445
v -0.053266 -0.000500 0.013807
v 0.052631 -0.000500 0.016095
v 0.053221 -0.061752 0.013805
v -0.051681 -0.000500 0.018857
v 0.053887 -0.000500 0.011036
v 0.053897 -0.061300 0.010895
v 0.054626 -0.000500 0.006598
v 0.054573 -0.060685 0.006706
v -0.050317 -0.000500 0.022219
v 0.054833 -0.060266 0.004071
v -0.048680 -0.000500 0.025630
v 0.054960 -0.000500 0.002215
v 0.054995 -0.059136 0.001243
v 0.054991 -0.005498 0.000997
v -0.046435 -0.000500 0.029497
v 0.054993 -0.005498 -0.000996
v 0.054999 -0.000500 -0.000628
v 0.055000 -0.002505 0.000000
v -0.044388 -0.000500 0.032485
v -0.041690 -0.000500 0.035910
v -0.037687 -0.000500 0.040091
v -0.033184 -0.000500 0.043892
v -0.028805 -0.000500 0.046871
v -0.024227 -0.000500 0.049403
v -0.020211 -0.000500 0.051157
v -0.016795 -0.000500 0.052386
v -0.012510 -0.000500 0.053572
v -0.007331 -0.000500 0.054536
v -0.002031 -0.000500 0.054976
v 0.001374 -0.000500 0.054988
v 0.002658 -0.063936 0.054943
v 0.005141 -0.000500 0.054774
v 0.005917 -0.064468 0.054666
v 0.009731 -0.063874 0.054154
v 0.010417 -0.000500 0.054029
v 0.013744 -0.064486 0.053240
v 0.014621 -0.000500 0.053026
v 0.016407 -0.064502 0.052478
v 0.018825 -0.000500 0.051703
v 0.020224 -0.063904 0.051160
v 0.024196 -0.000500 0.049419
v 0.024721 -0.063844 0.049157
v 0.028172 -0.000500 0.047244
v 0.028211 -0.064383 0.047191
v 0.031108 -0.063758 0.045372
v 0.031360 -0.000500 0.045198
v 0.034009 -0.063686 0.043232
v 0.035485 -0.000500 0.042054
v 0.035806 -0.064227 0.041726
v 0.037872 -0.064135 0.039861
v 0.039227 -0.000500 0.038570
v 0.041265 -0.063335 0.036394
v -0.008549 -0.006067 -0.055581
v -0.009380 -0.006767 -0.055888
v -0.009204 -0.007308 -0.056382
v -0.000753 -0.005996 -0.056442
v -0.011785 -0.007794 -0.056295
v -0.012208 -0.007293 -0.055686
v -0.016698 -0.007787 -0.054813
v -0.003670 -0.005126 -0.055753
v -0.012233 -0.006755 -0.055252
v -0.024978 -0.010436 -0.057097
v -0.026883 -0.010658 -0.055973
v -0.002535 -0.005688 -0.056150
v -0.024353 -0.010253 -0.056125
v -0.018735 -0.009197 -0.056098
v -0.016527 -0.008347 -0.055531
v -0.011486 -0.006024 -0.054970
v 0.000257 -0.004610 -0.055670
v -0.021901 -0.009209 -0.054498
v -0.022596 -0.009635 -0.055073
v -0.001845 -0.004987 -0.055805
v -0.002595 -0.004140 -0.055425
v -0.027212 -0.010566 -0.054635
v -0.022663 -0.009872 -0.055785
v -0.025438 -0.010100 -0.054334
v -0.015500 -0.007514 -0.054960
v -0.000206 -0.003837 -0.055379
v -0.002296 -0.003310 -0.055206
v -0.019089 -0.007955 -0.054057
v 0.001113 -0.005609 -0.056178
v -0.019241 -0.008657 -0.054875
v -0.014839 -0.006880 -0.054632
v -0.005769 -0.005850 -0.055906
v -0.014608 -0.005931 -0.054121
v -0.005732 -0.005080 -0.055514
v -0.004616 -0.004169 -0.055299
v -0.001705 -0.002719 -0.055101
v -0.007224 -0.004363 -0.055051
v -0.030172 -0.011000 -0.053076
v -0.022061 -0.008720 -0.053607
v -0.025158 -0.009694 -0.053390
v -0.004252 -0.003317 -0.055101
v -0.027117 -0.010232 -0.053231
v -0.007230 -0.003427 -0.054815
v -0.019096 -0.007403 -0.053555
v -0.021306 -0.008044 -0.053169
v -0.011824 -0.004952 -0.054415
v -0.009114 -0.005190 -0.055050
v -0.010079 -0.004251 -0.054550
v -0.028642 -0.010596 -0.052984
v -0.028491 -0.010167 -0.051759
v -0.017352 -0.006736 -0.053716
v -0.004285 -0.002115 -0.054899
v -0.001632 -0.000500 -0.054979
v 0.001255 -0.000500 -0.054992
v -0.001112 -0.001858 -0.055008
v -0.017189 -0.005909 -0.053303
v -0.021738 -0.007401 -0.052400
v -0.031781 -0.011159 -0.051372
v -0.012826 -0.004366 -0.053978
v -0.023609 -0.008579 -0.052571
v -0.023409 -0.008069 -0.052131
v -0.008258 -0.002284 -0.054470
v -0.015644 -0.004879 -0.053387
v -0.019606 -0.006611 -0.052780
v -0.006264 -0.001969 -0.054712
v -0.026738 -0.009537 -0.051923
v -0.002959 -0.001884 -0.054966
v -0.025529 -0.008641 -0.051493
v -0.024825 -0.009149 -0.052601
v -0.015363 -0.003670 -0.053128
v -0.005013 -0.000500 -0.054782
v -0.025764 -0.008147 -0.050846
v -0.010631 -0.003068 -0.054167
v -0.033169 -0.011243 -0.049821
v -0.027285 -0.009326 -0.051174
v -0.030665 -0.010169 -0.049697
v -0.018275 -0.004210 -0.052314
v -0.028357 -0.009323 -0.050348
v -0.019160 -0.004801 -0.052159
v -0.024243 -0.007416 -0.051149
v -0.011188 -0.000500 -0.053854
v -0.011081 -0.001599 -0.053912
v -0.032456 -0.010746 -0.049202
v -0.030639 -0.010720 -0.051044
v -0.013791 -0.001603 -0.053287
v -0.014198 -0.002499 -0.053271
v -0.034779 -0.011719 -0.049328
v -0.021094 -0.005519 -0.051639
v -0.012711 -0.003374 -0.053773
v -0.008441 -0.000500 -0.054353
v -0.014562 -0.000500 -0.053051
v -0.033672 -0.010631 -0.047852
v -0.034206 -0.011226 -0.048521
v -0.021274 -0.006550 -0.052044
v -0.027475 -0.008463 -0.050008
v -0.029405 -0.008990 -0.049110
v -0.021420 -0.004488 -0.051143
v -0.030755 -0.009749 -0.048952
v -0.033206 -0.009981 -0.047288
v -0.016858 -0.001591 -0.052394
v -0.029039 -0.008157 -0.048648
v -0.035621 -0.011535 -0.047591
v -0.035526 -0.011095 -0.046808
v -0.017768 -0.003025 -0.052242
v -0.030622 -0.008859 -0.048073
v -0.024975 -0.005259 -0.049695
v -0.017944 -0.000500 -0.051997
v -0.023575 -0.004488 -0.050158
v -0.019978 -0.001996 -0.051311
v -0.023385 -0.006531 -0.051042
v -0.027113 -0.007437 -0.049459
v -0.037823 -0.012355 -0.046550
v -0.033027 -0.009310 -0.046707
v -0.025560 -0.004435 -0.049131
v -0.020595 -0.000500 -0.051004
v -0.037508 -0.011690 -0.045499
v -0.023051 -0.001935 -0.049997
v -0.035141 -0.010481 -0.046243
v -0.025719 -0.006548 -0.049792
v -0.028078 -0.005098 -0.047840
v -0.023145 -0.000500 -0.049898
v -0.035355 -0.009818 -0.045285
v -0.020662 -0.003251 -0.051202
v -0.039586 -0.012258 -0.043655
v -0.035031 -0.008947 -0.044782
v -0.028951 -0.004390 -0.047135
v -0.032770 -0.008327 -0.046100
v -0.034359 -0.007881 -0.044601
v -0.025569 -0.001936 -0.048749
v -0.027943 -0.006601 -0.048467
v -0.000863 -0.009354 -0.063885
v -0.026177 -0.000500 -0.048383
v -0.000013 -0.009402 -0.063082
v -0.031502 -0.007525 -0.046534
v -0.030495 -0.005859 -0.046507
v -0.001363 -0.009402 -0.062643
v -0.035764 -0.008344 -0.043695
v -0.036824 -0.009561 -0.043579
v -0.027364 -0.001447 -0.047738
v -0.040763 -0.012462 -0.042248
v 0.001313 -0.009282 -0.061591
v -0.004851 -0.009414 -0.062343
v -0.027651 -0.002879 -0.047690
v -0.031336 -0.004412 -0.045559
v -0.001286 -0.009205 -0.061182
v -0.023998 -0.003241 -0.049710
v -0.037413 -0.010344 -0.043713
v -0.032965 -0.004938 -0.044518
v -0.038699 -0.010052 -0.041989
v -0.040860 -0.011793 -0.041135
v -0.042658 -0.013307 -0.040474
v -0.005017 -0.009075 -0.060200
v -0.029535 -0.001904 -0.046442
v -0.037108 -0.008487 -0.042512
v -0.030733 -0.000500 -0.045634
v -0.034662 -0.005737 -0.043440
v -0.033326 -0.003510 -0.043977
v -0.039424 -0.009261 -0.040590
v -0.036862 -0.010991 -0.045146
v -0.042502 -0.012388 -0.039469
v -0.031930 -0.001916 -0.044834
v -0.003155 -0.008956 -0.060142
v -0.031209 -0.006655 -0.046315
v -0.034562 -0.004287 -0.043140
v -0.040570 -0.010184 -0.039927
v -0.044303 -0.012702 -0.036872
v -0.036062 -0.004354 -0.041900
v -0.042598 -0.010956 -0.037878
v -0.041396 -0.008606 -0.037912
v -0.034307 -0.000500 -0.043001
v -0.037282 -0.004898 -0.040913
v -0.033914 -0.001913 -0.043347
v -0.044135 -0.011656 -0.036164
v -0.037233 -0.003387 -0.040682
v -0.035483 -0.002322 -0.042100
v -0.045889 -0.012905 -0.034254
v -0.039185 -0.005331 -0.039146
v -0.036968 -0.000500 -0.040732
v -0.043329 -0.009980 -0.036163
v -0.037243 -0.001893 -0.040523
v -0.045751 -0.011721 -0.033544
v -0.039073 -0.011214 -0.042759
v -0.033046 -0.006523 -0.044955
v -0.044994 -0.010834 -0.034190
v -0.044196 -0.009569 -0.034695
v -0.047363 -0.013119 -0.031565
v -0.041196 -0.002932 -0.036575
v -0.041582 -0.004987 -0.036461
v -0.039669 -0.000500 -0.038116
v -0.038987 -0.003035 -0.038939
v -0.045536 -0.008791 -0.032302
v -0.046660 -0.011098 -0.031532
v -0.042600 -0.003766 -0.035022
v -0.048752 -0.013570 -0.028908
v -0.046334 -0.008282 -0.030826
v -0.048070 -0.011654 -0.029155
v -0.052747 -0.011325 -0.016670
v -0.053507 -0.009139 -0.013209
v -0.054197 -0.014265 -0.010643
v -0.052726 -0.005956 -0.015876
v -0.053037 -0.004395 -0.014679
v -0.053074 -0.000500 -0.014446
v -0.053731 -0.000500 -0.011769
v -0.053668 -0.005308 -0.012152
v -0.008738 -0.009489 -0.062312
v -0.011406 -0.009557 -0.062356
v -0.007742 -0.009435 -0.061559
v -0.008318 -0.009367 -0.060760
v -0.014947 -0.009697 -0.061722
v -0.012673 -0.009592 -0.060890
v -0.004166 -0.009306 -0.061393
v -0.007954 -0.009166 -0.059853
v -0.034914 -0.006589 -0.043545
v -0.030606 -0.003143 -0.045861
v -0.017438 -0.009837 -0.060101
v -0.012811 -0.009485 -0.059799
v -0.036602 -0.006830 -0.042149
v -0.016072 -0.009641 -0.059021
v -0.002137 -0.008547 -0.059299
v -0.004765 -0.008672 -0.059179
v -0.011874 -0.009195 -0.058845
v -0.009151 -0.008813 -0.058533
v -0.007280 -0.008840 -0.059046
v -0.006515 -0.008312 -0.058154
v -0.003311 -0.008091 -0.058366
v -0.018208 -0.009772 -0.058518
v -0.021947 -0.010122 -0.057974
v -0.021659 -0.010137 -0.059006
v -0.000868 -0.007563 -0.057883
v -0.011630 -0.008857 -0.057981
v -0.005797 -0.007663 -0.057397
v -0.009596 -0.008398 -0.057636
v -0.014993 -0.009371 -0.058309
v -0.014564 -0.009121 -0.057699
v -0.013994 -0.008823 -0.057206
v -0.001301 -0.006921 -0.057172
v -0.003490 -0.007343 -0.057396
v -0.041009 -0.011052 -0.040145
v -0.021390 -0.009881 -0.056755
v -0.017688 -0.009473 -0.057396
v -0.016754 -0.008948 -0.056446
v 0.000543 -0.002027 -0.055025
v -0.038443 -0.006966 -0.040427
v -0.010858 -0.008198 -0.057034
v -0.008483 -0.007797 -0.057042
v -0.003462 -0.006451 -0.056589
v -0.005693 -0.007023 -0.056758
v -0.013134 -0.008258 -0.056511
v -0.039395 -0.008276 -0.040035
v -0.014773 -0.008146 -0.055864
v -0.006722 -0.006464 -0.056150
v -0.040878 -0.006805 -0.037748
v -0.039462 -0.006613 -0.039250
v -0.042504 -0.007909 -0.036219
v -0.042164 -0.006388 -0.036110
v -0.043950 -0.008284 -0.034457
v -0.043304 -0.006653 -0.034748
v -0.045009 -0.006824 -0.032424
v -0.043885 -0.005853 -0.033755
v -0.042400 -0.000500 -0.035048
v -0.043558 -0.002480 -0.033676
v -0.045392 -0.005674 -0.031584
v -0.047794 -0.009031 -0.028532
v -0.044269 -0.003442 -0.032816
v -0.046782 -0.006260 -0.029510
v -0.048786 -0.010927 -0.027285
v -0.049817 -0.013123 -0.026047
v -0.044866 -0.000500 -0.031834
v -0.050508 -0.013072 -0.024261
v -0.047920 -0.007631 -0.027874
v -0.045489 -0.002944 -0.031031
v -0.050017 -0.011505 -0.024782
v -0.049165 -0.008455 -0.025639
v -0.046655 -0.003044 -0.029238
v -0.048063 -0.005865 -0.027204
v -0.051242 -0.012254 -0.021851
v -0.049267 -0.004281 -0.024666
v -0.049559 -0.007866 -0.024655
v -0.046795 -0.000500 -0.028908
v -0.050776 -0.008491 -0.021943
v -0.047973 -0.003038 -0.027013
v -0.052016 -0.013022 -0.019776
v -0.051883 -0.010585 -0.019378
v -0.051671 -0.007591 -0.019381
v -0.048640 -0.000500 -0.025706
v -0.050677 -0.003661 -0.021492
v -0.052141 -0.007009 -0.017890
v -0.051603 -0.004027 -0.019149
v -0.049547 -0.002805 -0.023960
v -0.050157 -0.000500 -0.022576
v -0.053500 -0.013160 -0.014074
v -0.051253 -0.000500 -0.019974
v -0.052307 -0.000500 -0.017017
v -0.054344 -0.012670 -0.009211
v -0.054089 -0.006869 -0.010136
v -0.054651 -0.012135 -0.006569
v -0.054316 -0.006891 -0.008783
v -0.054881 -0.012267 -0.003902
v -0.054568 -0.006632 -0.007049
v -0.054245 -0.000500 -0.009124
v -0.054842 -0.006577 -0.004262
v -0.054659 -0.004115 -0.006184
v -0.054953 -0.006344 -0.002407
v -0.054654 -0.000500 -0.006202
v -0.054930 -0.000500 -0.002962
v -0.004362 -0.009391 -0.063471
v 0.000317 -0.008769 -0.059875
v 0.000589 -0.008329 -0.058994
v -0.000790 -0.008188 -0.058745
v 0.000700 -0.006847 -0.057129
v -0.038933 -0.013774 -0.060200
v -0.038013 -0.013460 -0.059341
v -0.044256 -0.017862 -0.056748
v -0.043297 -0.016867 -0.057455
v -0.010570 -0.007183 -0.071492
v -0.024012 -0.009402 -0.067233
v -0.044645 -0.013903 -0.071444
v -0.016027 -0.001058 -0.080322
v -0.017906 0.000444 -0.081943
v -0.046836 -0.016191 -0.070077
v -0.052632 -0.022565 -0.074152
v -0.046173 -0.015550 -0.070252
v -0.006026 -0.005614 -0.073995
v 0.001746 -0.005037 -0.074726
v -0.042526 -0.012218 -0.072412
v -0.053305 -0.024603 -0.073605
v -0.034334 -0.011906 -0.062350
v -0.032702 -0.011562 -0.061855
v -0.049633 -0.020919 -0.066489
v -0.050754 -0.021186 -0.069721
v -0.049472 -0.019506 -0.069161
v -0.040769 -0.014771 -0.059729
v -0.054493 -0.034085 -0.064717
v -0.050115 -0.017207 -0.075748
v -0.013500 -0.007819 -0.070321
v -0.014335 -0.008288 -0.069152
v -0.051231 -0.019255 -0.075132
v -0.051779 -0.019134 -0.077152
v -0.046463 -0.020040 -0.057444
v -0.046771 -0.021231 -0.054287
v -0.042005 -0.015908 -0.057275
v -0.043122 -0.016110 -0.060701
v -0.054290 -0.035007 -0.061679
v -0.049842 -0.015841 -0.077623
v -0.040274 -0.014862 -0.056665
v -0.040027 -0.011918 -0.070148
v -0.004409 -0.007788 -0.069766
v -0.041944 -0.012878 -0.069931
v -0.035409 -0.012522 -0.058967
v -0.037567 -0.011088 -0.069890
v -0.052434 -0.034187 -0.050648
v -0.051009 -0.030627 -0.049108
v -0.017346 -0.002307 -0.079295
v -0.051515 -0.032544 -0.046799
v -0.002200 -0.006927 -0.071597
v -0.043181 -0.013796 -0.069266
v 0.002316 -0.005992 -0.073272
v -0.048368 -0.019947 -0.064654
v -0.047410 -0.018771 -0.064797
v -0.048921 -0.013949 -0.079013
v -0.045276 -0.016657 -0.064970
v -0.046592 -0.017610 -0.065631
v -0.045309 -0.015804 -0.067639
v -0.045266 -0.019247 -0.054828
v -0.038982 -0.014082 -0.057344
v -0.043626 -0.014964 -0.066512
v -0.022842 -0.009931 -0.063986
v -0.025744 -0.010010 -0.065180
v -0.053800 -0.032816 -0.062279
v -0.047618 -0.012782 -0.078629
v -0.044884 -0.014726 -0.069753
v -0.047984 -0.023113 -0.054009
v -0.030875 -0.011302 -0.060627
v -0.039870 -0.012708 -0.067444
v -0.012656 -0.001352 -0.079605
v -0.019186 -0.009250 -0.066451
v -0.015675 -0.008605 -0.068324
v -0.032995 -0.011859 -0.058889
v -0.044080 -0.015996 -0.064039
v -0.053080 -0.031310 -0.060748
v -0.029581 -0.010626 -0.064399
v -0.005984 -0.008361 -0.068294
v -0.027523 -0.010562 -0.062658
v -0.010226 0.000339 -0.080789
v -0.042942 -0.016888 -0.055367
v -0.046457 -0.021174 -0.052332
v -0.045264 -0.017657 -0.061538
v -0.008191 -0.001672 -0.078863
v -0.051018 -0.027327 -0.058009
v -0.051057 -0.025736 -0.061525
v -0.053231 -0.034309 -0.056020
v -0.018727 -0.009572 -0.064560
v -0.041163 -0.015584 -0.054651
v -0.045424 -0.019820 -0.052403
v -0.028449 -0.010865 -0.060798
v -0.048901 -0.021644 -0.062223
v -0.011972 -0.008914 -0.066804
v -0.033096 -0.010259 -0.068796
v -0.034293 -0.009929 -0.070646
v -0.036619 -0.011285 -0.068322
v -0.052382 -0.031683 -0.056132
v -0.052163 -0.029466 -0.059310
v -0.042482 -0.016715 -0.053123
v 0.001160 -0.007851 -0.069543
v -0.027369 -0.008383 -0.071582
v -0.031380 -0.009041 -0.071413
v -0.048842 -0.015983 -0.075059
v -0.024243 -0.010328 -0.061086
v -0.012746 -0.004172 -0.076549
v -0.050275 -0.024171 -0.061597
v -0.030577 -0.011325 -0.058582
v -0.049115 -0.022915 -0.059826
v -0.011770 -0.002748 -0.078106
v -0.006118 -0.000255 -0.079983
v -0.007462 -0.002778 -0.077713
v -0.019201 -0.009875 -0.062046
v -0.011472 -0.009227 -0.065233
v -0.030117 -0.009671 -0.068969
v -0.033616 -0.010832 -0.067120
v -0.050148 -0.025782 -0.057364
v -0.044039 -0.018235 -0.052483
v -0.043387 -0.017640 -0.050792
v -0.047266 -0.019938 -0.060906
v -0.047772 -0.015245 -0.074245
v -0.034290 -0.012246 -0.057186
v -0.050770 -0.028355 -0.054322
v -0.045954 -0.020718 -0.049905
v -0.031007 -0.010434 -0.066631
v -0.004674 -0.008984 -0.066007
v -0.033224 -0.011892 -0.054536
v -0.034853 -0.011446 -0.065777
v -0.037379 -0.011894 -0.066990
v -0.050537 -0.019161 -0.073130
v -0.049591 -0.027542 -0.046618
v -0.050479 -0.029878 -0.044921
v -0.037797 -0.013605 -0.055122
v -0.001976 -0.001170 -0.079045
v -0.001382 -0.000026 -0.079979
v -0.049150 -0.024155 -0.056790
v -0.011718 -0.009440 -0.063766
v -0.026449 -0.010654 -0.059219
v -0.036730 -0.013099 -0.053607
v -0.047398 -0.021385 -0.056994
v -0.044578 -0.018924 -0.049980
v -0.045635 -0.018644 -0.059268
v -0.035238 -0.012536 -0.054657
v -0.013573 -0.006038 -0.073905
v -0.042415 -0.016700 -0.051307
v -0.034694 -0.012206 -0.052380
v -0.048483 -0.025092 -0.046117
v -0.049611 -0.027568 -0.043705
v -0.044661 -0.018943 -0.048397
v -0.046243 -0.021115 -0.047843
v -0.032515 -0.011051 -0.065049
v -0.039852 -0.014727 -0.051852
v -0.037938 -0.013591 -0.051898
v -0.040204 -0.014829 -0.050166
v -0.007724 -0.003589 -0.076817
v -0.048613 -0.025160 -0.043712
v -0.036248 -0.012110 -0.064413
v -0.047153 -0.022552 -0.046762
v -0.008700 -0.004432 -0.075853
v -0.043124 -0.017214 -0.048727
v -0.053789 -0.038454 -0.051215
v -0.054248 -0.037786 -0.056215
v -0.049207 -0.018133 -0.071443
v -0.037240 -0.012992 -0.050046
v -0.031059 -0.011407 -0.056131
v -0.041519 -0.015740 -0.049004
v -0.045909 -0.020372 -0.045897
v -0.028396 -0.010080 -0.066397
v -0.003469 -0.001950 -0.078361
v -0.042383 -0.016258 -0.047512
v -0.051200 -0.030157 -0.052315
v -0.040421 -0.014528 -0.047565
v -0.048919 -0.025125 -0.052542
v -0.046574 -0.021303 -0.045073
v -0.047689 -0.023300 -0.044568
v -0.033715 -0.011775 -0.051608
v -0.054110 -0.043679 -0.039302
v -0.053635 -0.041737 -0.035167
v -0.054572 -0.046786 -0.036457
v -0.046950 -0.021405 -0.042904
v -0.039320 -0.013951 -0.048592
v 0.000037 -0.004133 -0.075922
v -0.038164 -0.013329 -0.049095
v -0.035942 -0.012567 -0.051276
v -0.044205 -0.016975 -0.060599
v -0.043943 -0.017835 -0.046844
v -0.036466 -0.012357 -0.048893
v -0.049349 -0.026227 -0.040543
v -0.050102 -0.028287 -0.040161
v -0.043041 -0.016364 -0.045372
v -0.048090 -0.023530 -0.042067
v -0.050795 -0.030649 -0.041299
v -0.051611 -0.033007 -0.038541
v -0.044553 -0.018429 -0.046000
v -0.045640 -0.019425 -0.043998
v -0.044247 -0.017317 -0.043903
v -0.050240 -0.027801 -0.052523
v -0.031004 -0.011003 -0.063561
v -0.002201 -0.002897 -0.077359
v -0.003808 -0.004767 -0.075145
v -0.039252 -0.013516 -0.047151
v -0.039565 -0.013314 -0.045940
v -0.054268 -0.041625 -0.047983
v -0.037541 -0.012652 -0.047912
v -0.053991 -0.043791 -0.032532
v -0.044781 -0.017365 -0.042333
v -0.047508 -0.021675 -0.040792
v -0.046232 -0.019333 -0.041330
v -0.045366 -0.017421 -0.040745
v -0.052996 -0.038547 -0.036237
v -0.053571 -0.040973 -0.031226
v -0.048252 -0.022474 -0.038901
v -0.053172 -0.038455 -0.031198
v -0.050889 -0.030238 -0.038035
v -0.051381 -0.031258 -0.035736
v -0.050318 -0.027702 -0.036878
v -0.040908 -0.013658 -0.044173
v -0.049233 -0.024603 -0.037766
v -0.046339 -0.017966 -0.038824
v -0.043817 -0.014975 -0.040672
v -0.049551 -0.026772 -0.050934
v -0.047083 -0.019992 -0.039479
v -0.047691 -0.019980 -0.037398
v -0.042114 -0.014146 -0.042786
v -0.051252 -0.028809 -0.032600
v -0.050418 -0.026288 -0.034077
v -0.049250 -0.023498 -0.036100
v -0.044913 -0.015394 -0.038916
v -0.049474 -0.022629 -0.034148
v -0.043922 -0.013696 -0.038734
v -0.050211 -0.028663 -0.049139
v -0.045920 -0.015363 -0.036708
v -0.047361 -0.017331 -0.035353
v -0.053454 -0.038238 -0.048684
v -0.048737 -0.019604 -0.033699
v -0.052149 -0.032544 -0.031325
v -0.052462 -0.030727 -0.027005
v -0.049790 -0.021369 -0.031777
v -0.045265 -0.014089 -0.036653
v -0.036655 -0.013068 -0.056857
v -0.050411 -0.023381 -0.031172
v -0.046819 -0.014848 -0.034234
v -0.048168 -0.015542 -0.031768
v -0.051429 -0.026665 -0.029506
v -0.051696 -0.025297 -0.027153
v -0.048981 -0.025902 -0.049349
v -0.050284 -0.018875 -0.028347
v -0.049094 -0.017964 -0.031287
v -0.051122 -0.021256 -0.026952
v -0.052844 -0.037088 -0.045502
v -0.051968 -0.022190 -0.024150
v -0.052685 -0.027752 -0.023620
v -0.049692 -0.015819 -0.028123
v -0.047650 -0.023237 -0.050657
v -0.050663 -0.016846 -0.025985
v -0.039497 -0.014534 -0.053977
v -0.053617 -0.030553 -0.018944
v -0.053572 -0.039921 -0.044980
v -0.053213 -0.023787 -0.018949
v -0.053692 -0.025238 -0.016532
v -0.054192 -0.032798 -0.014962
v -0.052617 -0.021953 -0.021224
v -0.054151 -0.025227 -0.013279
v -0.054451 -0.025189 -0.010652
v -0.053122 -0.015935 -0.016823
v -0.054588 -0.031947 -0.010125
v -0.054306 -0.017993 -0.010752
v -0.054680 -0.017637 -0.007346
v -0.054855 -0.028574 -0.005636
v -0.054973 -0.043613 -0.003188
v -0.052677 -0.012229 -0.090490
v -0.053216 -0.014611 -0.089008
v -0.052329 -0.013222 -0.088192
v -0.054537 -0.018876 -0.088910
v -0.054474 -0.021334 -0.085057
v -0.052798 -0.017675 -0.083096
v -0.049409 -0.012488 -0.082348
v -0.051035 -0.013660 -0.084107
v -0.050031 -0.014674 -0.080110
v -0.043156 -0.004730 -0.085293
v -0.041539 -0.002055 -0.087282
v -0.040181 -0.003933 -0.084204
v -0.041808 -0.004501 -0.084566
v -0.044029 -0.008259 -0.081338
v -0.041792 -0.007597 -0.080360
v -0.037131 -0.001133 -0.085849
v -0.053920 -0.026493 -0.073654
v -0.054379 -0.028945 -0.072524
v -0.053760 -0.028231 -0.069778
v -0.052962 -0.026188 -0.069133
v -0.052178 -0.024853 -0.068021
v -0.051869 -0.022906 -0.070427
v -0.039265 -0.009096 -0.075953
v -0.040907 -0.008979 -0.077427
v -0.037220 -0.007948 -0.076743
v -0.054136 -0.042780 -0.043185
v -0.034680 -0.007143 -0.076869
v -0.050260 -0.022518 -0.065145
v -0.028179 -0.003960 -0.079539
v -0.033646 -0.004461 -0.080528
v -0.029082 -0.004830 -0.078582
v -0.036586 -0.009366 -0.073539
v -0.027569 -0.002871 -0.080753
v -0.034821 -0.008327 -0.074711
v -0.031587 -0.007271 -0.075383
v -0.031144 -0.005982 -0.077468
v -0.028670 -0.005993 -0.076701
v -0.033310 -0.005772 -0.078551
v -0.052080 -0.034852 -0.043204
v -0.023473 -0.003142 -0.079484
v -0.022803 -0.001791 -0.080849
v -0.021375 -0.004620 -0.077155
v -0.037209 -0.010374 -0.071563
v -0.039922 -0.010992 -0.072460
v -0.033065 -0.009034 -0.072254
v -0.048063 -0.024236 -0.047760
v -0.031446 -0.008109 -0.073633
v -0.027895 -0.006784 -0.075110
v -0.020095 -0.003443 -0.078472
v -0.023338 -0.005460 -0.076284
v -0.016238 -0.003902 -0.077309
v -0.025041 -0.006763 -0.074426
v -0.040827 -0.015420 -0.052392
v -0.019985 -0.006335 -0.074236
v -0.050990 -0.031217 -0.045693
v -0.020820 -0.007140 -0.072810
v -0.041847 -0.014043 -0.065990
v -0.042020 -0.014851 -0.063172
v -0.016527 -0.005207 -0.075569
v -0.024926 -0.008271 -0.071100
v -0.011886 -0.005437 -0.074702
v -0.040953 -0.014244 -0.063254
v -0.042649 -0.015545 -0.061833
v -0.038203 -0.012412 -0.066076
v -0.051459 -0.032835 -0.042384
v -0.023917 -0.008834 -0.069232
v -0.039498 -0.013541 -0.063268
v -0.037768 -0.012833 -0.063297
v -0.019308 -0.007874 -0.070916
v -0.002610 -0.008760 -0.066848
v -0.027426 -0.009415 -0.068538
v -0.013398 -0.006761 -0.072599
v -0.019329 -0.008518 -0.069176
v -0.004878 -0.009203 -0.064933
v 0.001002 -0.008786 -0.066704
v -0.053080 -0.038811 -0.040917
v -0.008344 -0.006443 -0.072772
v -0.054475 -0.000706 -0.107748
v -0.054717 -0.003639 -0.106870
v 0.001146 -0.009119 -0.065265
v -0.053073 -0.038946 -0.037911
v -0.054345 -0.002432 -0.106001
v -0.054711 -0.007281 -0.103706
v -0.053914 -0.001827 -0.104843
v -0.052253 -0.035559 -0.039155
v -0.041631 -0.015119 -0.046036
v -0.054439 -0.006839 -0.102732
v -0.053184 -0.001089 -0.103249
v -0.042415 -0.015112 -0.044002
v -0.053724 -0.004953 -0.101633
v -0.054038 -0.006006 -0.101812
v -0.043512 -0.015968 -0.043087
v -0.053479 -0.003959 -0.101725
v -0.054516 -0.009935 -0.099867
v -0.053842 -0.015729 -0.089816
v -0.051357 -0.011938 -0.087420
v -0.052788 -0.004106 -0.099688
v -0.051826 -0.014746 -0.084524
v -0.051913 -0.016753 -0.081633
v -0.030242 -0.002590 -0.081814
v -0.027568 -0.001610 -0.082162
v -0.052367 -0.035537 -0.035799
v -0.054469 -0.046888 -0.032883
v -0.054222 -0.045241 -0.028594
v -0.052279 -0.034630 -0.034180
v -0.051013 -0.016230 -0.079924
v -0.054093 -0.010280 -0.097554
v -0.054612 -0.013416 -0.096380
v -0.053173 -0.006496 -0.098425
v -0.053627 -0.008487 -0.097799
v -0.048259 -0.019943 -0.035516
v -0.051878 -0.001075 -0.100286
v -0.054766 -0.050274 -0.026914
v -0.052205 -0.002624 -0.099661
v -0.052866 -0.036011 -0.030098
v -0.051099 -0.000335 -0.099440
v -0.054242 -0.013243 -0.094749
v -0.054565 -0.048154 -0.025158
v -0.052843 -0.034329 -0.027800
v -0.054304 -0.015695 -0.091900
v -0.054630 -0.048585 -0.021735
v -0.053746 -0.040917 -0.027084
v -0.054366 -0.043799 -0.019739
v -0.054033 -0.042565 -0.024720
v -0.054599 -0.046372 -0.017532
v -0.052308 -0.006321 -0.096326
v -0.054851 -0.051831 -0.017158
v -0.054025 -0.040184 -0.021439
v -0.053219 -0.031527 -0.022428
v -0.054249 -0.039184 -0.017331
v -0.052685 -0.008579 -0.094859
v -0.051068 -0.003234 -0.096824
v -0.053929 -0.036429 -0.019414
v -0.053623 -0.039167 -0.025787
v -0.051640 -0.017277 -0.023054
v -0.051246 -0.006192 -0.094174
v -0.054766 -0.043544 -0.010361
v -0.054857 -0.050684 -0.013063
v -0.054484 -0.042639 -0.016127
v -0.053190 -0.011136 -0.093393
v -0.052405 -0.017716 -0.020453
v -0.053719 -0.012572 -0.093429
v -0.053399 -0.035898 -0.024290
v -0.054597 -0.039834 -0.012469
v -0.051971 -0.008645 -0.092988
v -0.050198 -0.001686 -0.096772
v -0.053665 -0.016894 -0.014482
v -0.052178 -0.010870 -0.090842
v -0.050558 -0.004689 -0.094471
v -0.049284 -0.001571 -0.095539
v -0.048607 -0.001778 -0.094409
v -0.049824 -0.004692 -0.093210
v -0.054897 -0.019234 -0.004358
v -0.051144 -0.009434 -0.090234
v -0.050047 -0.007342 -0.090614
v -0.053487 -0.016660 -0.087127
v -0.053659 -0.018572 -0.085054
v -0.047357 -0.008734 -0.084535
v -0.047230 -0.006425 -0.087421
v -0.045239 -0.006183 -0.085370
v -0.050183 -0.008715 -0.089206
v -0.044340 -0.006895 -0.083539
v -0.045715 -0.007911 -0.083604
v -0.038584 -0.000296 -0.087425
v -0.042637 -0.006534 -0.082546
v -0.040170 -0.002089 -0.086355
v -0.038226 -0.002912 -0.084372
v -0.040834 -0.006287 -0.081558
v -0.046526 -0.010278 -0.081141
v -0.045200 -0.009497 -0.080702
v -0.046149 -0.011694 -0.078279
v -0.044586 -0.010974 -0.077523
v -0.047403 0.000027 -0.094629
v -0.038254 -0.004898 -0.081933
v -0.048952 -0.004991 -0.091529
v -0.048246 -0.003416 -0.092264
v -0.054936 -0.051126 -0.007815
v -0.036182 -0.002564 -0.083873
v -0.054885 -0.046859 -0.008091
v -0.047832 -0.004892 -0.090085
v -0.048575 -0.007039 -0.088554
v -0.046988 -0.001649 -0.092578
v -0.045840 -0.000231 -0.092755
v -0.036329 -0.004393 -0.081672
v -0.033002 -0.001652 -0.083708
v -0.054656 -0.024761 -0.081136
v -0.043034 -0.009411 -0.078552
v -0.039366 -0.006473 -0.080358
v -0.029455 -0.000214 -0.084095
v -0.037826 -0.006722 -0.079106
v -0.039217 -0.007883 -0.078072
v -0.042725 -0.010267 -0.076739
v -0.044899 -0.001315 -0.090777
v -0.054168 -0.019388 -0.086251
v -0.051225 -0.023150 -0.067453
v -0.042615 -0.011287 -0.074619
v -0.033325 -0.003202 -0.082030
v -0.053566 -0.021049 -0.080826
v -0.054092 -0.023895 -0.078887
v -0.025342 -0.000279 -0.082919
v -0.044266 0.000340 -0.091873
v -0.046238 -0.003814 -0.089413
v -0.039866 -0.010127 -0.074327
v -0.044529 -0.002905 -0.088720
v -0.048256 -0.017707 -0.069891
v -0.021024 0.000034 -0.082209
v -0.053015 -0.019979 -0.080198
v -0.049936 -0.010909 -0.085763
v -0.045723 -0.004928 -0.087484
v -0.042689 -0.001582 -0.088648
v -0.048740 -0.009664 -0.085370
v -0.043407 -0.002814 -0.087828
v -0.047800 -0.011105 -0.081705
v -0.054570 -0.030443 -0.071434
v -0.047219 -0.013349 -0.076939
v -0.045906 -0.013128 -0.075238
v -0.046702 -0.014467 -0.073784
v -0.035680 -0.005964 -0.079202
v -0.044563 -0.012573 -0.074381
v -0.036059 -0.012462 -0.061911
v -0.003986 0.012581 -0.086949
v -0.014046 0.043976 -0.107944
v -0.012192 0.044086 -0.107358
v -0.006767 0.007249 -0.084784
v -0.043141 0.007753 -0.096925
v -0.035601 0.036563 -0.112506
v -0.010010 0.004270 -0.083488
v -0.034846 0.035997 -0.110898
v -0.007388 0.046853 -0.109210
v -0.047533 0.020325 -0.109574
v -0.012110 0.002525 -0.082610
v -0.013209 0.000873 -0.081562
v -0.022919 0.035223 -0.103165
v -0.020450 0.034992 -0.102072
v -0.049905 0.016287 -0.109629
v -0.039562 0.015219 -0.099075
v -0.001195 0.012558 -0.086785
v -0.044683 0.006488 -0.097203
v -0.018187 0.050467 -0.121732
v -0.006883 0.010196 -0.086173
v -0.003926 0.007981 -0.084901
v -0.041463 0.009524 -0.096941
v -0.048773 0.018470 -0.109767
v -0.010793 0.045972 -0.109073
v -0.009490 0.044966 -0.107504
v -0.025260 0.045312 -0.117018
v -0.032007 0.025500 -0.100544
v -0.041489 0.029632 -0.110791
v -0.039524 0.030646 -0.109571
v -0.041674 0.012498 -0.098846
v -0.036300 0.016308 -0.097882
v -0.013443 0.052098 -0.122051
v -0.039516 0.011468 -0.096957
v -0.053852 0.006112 -0.109898
v -0.001058 0.050961 -0.114590
v -0.054554 0.003916 -0.111077
v -0.006399 0.005046 -0.083589
v -0.018302 0.037389 -0.103221
v -0.019837 0.048922 -0.119433
v -0.033973 0.021143 -0.099190
v -0.013127 0.052792 -0.124185
v -0.037008 0.034350 -0.111052
v -0.038093 0.016178 -0.098758
v -0.019884 0.037919 -0.104252
v -0.050917 0.013873 -0.109248
v -0.015309 0.042122 -0.106455
v -0.053385 0.008705 -0.110672
v -0.001721 0.050169 -0.113211
v -0.015442 0.039472 -0.104028
v -0.004295 0.005862 -0.083886
v -0.015592 0.051613 -0.122522
v -0.051688 0.012848 -0.109981
v -0.046344 0.003642 -0.096568
v -0.020290 0.047805 -0.117445
v -0.007519 0.001971 -0.081753
v -0.028297 0.043148 -0.115842
v -0.039169 0.032868 -0.111761
v -0.044740 0.004587 -0.095867
v -0.047890 0.001120 -0.096137
v -0.026561 0.043335 -0.114646
v -0.029649 0.027009 -0.100335
v -0.006283 0.003358 -0.082585
v -0.024633 0.032216 -0.101573
v -0.046184 0.022835 -0.110036
v -0.001391 0.007770 -0.084696
v -0.030605 0.041186 -0.114624
v -0.032723 0.038902 -0.113004
v -0.002296 0.048811 -0.111104
v -0.044804 0.023820 -0.109066
v -0.004256 0.048785 -0.111281
v -0.016020 0.050665 -0.120222
v -0.027286 0.029808 -0.101031
v -0.043716 0.026115 -0.109898
v -0.030847 0.039607 -0.112351
v -0.029554 0.024561 -0.098953
v -0.052709 0.009614 -0.109443
v -0.000313 0.049515 -0.112094
v -0.001626 0.005799 -0.083753
v -0.034411 0.016634 -0.097133
v -0.022515 0.046023 -0.115941
v -0.023730 0.047069 -0.119112
v -0.013096 0.041858 -0.105397
v -0.002131 0.003994 -0.082747
v -0.027151 0.026427 -0.098975
v -0.049063 0.016496 -0.108372
v -0.031610 0.021157 -0.098104
v -0.009534 0.053323 -0.123086
v 0.000407 0.005854 -0.083763
v -0.004691 0.047086 -0.109022
v -0.009847 0.043271 -0.105816
v -0.003021 0.002394 -0.081783
v -0.046309 0.021319 -0.108738
v -0.003422 0.000951 -0.080779
v -0.024357 0.030391 -0.100267
v -0.045873 0.001885 -0.094698
v -0.020393 0.033245 -0.100790
v -0.041244 0.028087 -0.108876
v -0.007042 0.045384 -0.107410
v -0.037797 0.032336 -0.109552
v -0.028516 0.041554 -0.113379
v -0.051948 0.010681 -0.108512
v -0.040728 0.036550 -0.122517
v -0.039815 0.037011 -0.120780
v -0.034447 0.042441 -0.123624
v -0.038912 0.038457 -0.122862
v -0.035956 0.040046 -0.119709
v -0.037118 0.039905 -0.122144
v -0.034983 0.041518 -0.121774
v -0.028820 0.045940 -0.122911
v -0.026365 0.047124 -0.122461
v -0.036743 0.012301 -0.095967
v -0.027178 0.045747 -0.119978
v -0.049332 0.020571 -0.113478
v -0.029457 0.044322 -0.119528
v -0.023270 0.049691 -0.125987
v -0.022815 0.049189 -0.123524
v -0.021211 0.049242 -0.121665
v -0.041463 0.007324 -0.095510
v -0.039315 0.034139 -0.113755
v -0.047895 0.022325 -0.112483
v -0.027507 0.044624 -0.117874
v -0.049717 0.018352 -0.111509
v -0.047196 0.024130 -0.113409
v -0.048541 0.020551 -0.111620
v -0.030265 0.042517 -0.116671
v -0.046948 0.022670 -0.111091
v -0.045113 0.025460 -0.111207
v -0.050628 0.017568 -0.112803
v -0.008255 0.053939 -0.124720
v -0.042890 0.028904 -0.111878
v -0.050031 0.014161 -0.107875
v -0.047323 0.018799 -0.107859
v -0.043073 0.025208 -0.108251
v -0.054130 0.003392 -0.108849
v -0.029041 0.039897 -0.111367
v -0.048533 0.015693 -0.106916
v -0.052439 0.007905 -0.107390
v -0.033299 0.036546 -0.110205
v -0.053661 0.004498 -0.108055
v -0.041642 0.025588 -0.107076
v -0.045898 0.019172 -0.106441
v -0.044918 0.021895 -0.107508
v -0.050809 0.011254 -0.106807
v -0.049831 0.012586 -0.106316
v -0.047344 0.016628 -0.106151
v -0.051651 0.009366 -0.106865
v -0.054590 0.001348 -0.109452
v -0.053066 0.007164 -0.108336
v -0.053027 0.005338 -0.106956
v -0.037478 0.031055 -0.107933
v -0.039664 0.028604 -0.107728
v -0.038080 0.029162 -0.106780
v -0.048897 0.012290 -0.104890
v -0.043781 0.020293 -0.105127
v -0.036196 0.033548 -0.109275
v -0.031527 0.037552 -0.110115
v -0.052176 0.006265 -0.105768
v -0.049948 0.010225 -0.104843
v -0.041700 0.023345 -0.105416
v -0.043434 0.022545 -0.106441
v -0.041544 0.021306 -0.103907
v -0.035972 0.029907 -0.105717
v -0.039848 0.024099 -0.104425
v -0.037650 0.027216 -0.104926
v -0.038076 0.024744 -0.103565
v -0.027178 0.035847 -0.105637
v -0.026383 0.034378 -0.103953
v -0.024203 0.036742 -0.105033
v -0.026673 0.032542 -0.102639
v -0.043186 0.004377 -0.094523
v -0.012340 0.040543 -0.104012
v -0.016487 0.049678 -0.118240
v -0.015337 0.037700 -0.102535
v -0.002768 0.047107 -0.108837
v -0.000420 0.048252 -0.110231
v -0.007752 0.043921 -0.106001
v -0.039539 0.008084 -0.094902
v -0.029233 0.021300 -0.097179
v -0.024124 0.028405 -0.098984
v -0.044494 0.002402 -0.093931
v -0.011244 0.052436 -0.121356
v -0.015928 0.035797 -0.101263
v -0.004632 0.045472 -0.107121
v -0.020507 0.030824 -0.099254
v -0.032569 0.014837 -0.095407
v -0.010302 0.040750 -0.103669
v -0.000650 0.047061 -0.108667
v -0.012784 0.051281 -0.119235
v -0.041242 0.004960 -0.093674
v -0.006037 0.054144 -0.124180
v -0.022859 0.044782 -0.114129
v -0.024459 0.042998 -0.112546
v -0.037357 0.008866 -0.094257
v -0.035011 0.033791 -0.108483
v -0.011485 0.038473 -0.102138
v -0.006325 0.042347 -0.104271
v -0.004339 0.043934 -0.105486
v -0.033491 0.011822 -0.094219
v -0.024194 0.025556 -0.097455
v -0.043280 0.002267 -0.092852
v -0.002040 0.045518 -0.106931
v -0.026803 0.021873 -0.096530
v -0.019756 0.046700 -0.114987
v -0.017015 0.033456 -0.099947
v -0.007890 0.041343 -0.103670
v -0.016925 0.048552 -0.116259
v -0.039388 0.005267 -0.092834
v -0.020495 0.028497 -0.097879
v -0.035589 0.009880 -0.094033
v -0.013247 0.050297 -0.117250
v -0.003368 0.054542 -0.124913
v -0.011532 0.036441 -0.100683
v -0.033510 0.034686 -0.108244
v -0.009445 0.052416 -0.120124
v -0.041482 0.002765 -0.092042
v -0.007962 0.039361 -0.102119
v -0.028693 0.038787 -0.109692
v -0.016098 0.031396 -0.098402
v -0.031942 0.035632 -0.108143
v -0.028958 0.014258 -0.093673
v -0.037533 0.005989 -0.092411
v -0.013604 0.033921 -0.099427
v -0.023895 0.022277 -0.095710
v -0.025087 0.041268 -0.110566
v -0.039881 0.026313 -0.106034
v 0.000507 0.045376 -0.106716
v -0.035486 0.031855 -0.107002
v -0.054042 0.000179 -0.106676
v -0.042452 0.000690 -0.090803
v -0.007037 0.053195 -0.121189
v -0.000351 0.044001 -0.105295
v -0.002716 0.043018 -0.104481
v -0.003891 0.054116 -0.123174
v -0.051073 0.008343 -0.105217
v -0.020416 0.025991 -0.096497
v -0.042279 0.034787 -0.122325
v -0.035382 0.007538 -0.092467
v -0.044538 0.031861 -0.121734
v -0.005382 0.040632 -0.102727
v -0.017321 0.047235 -0.114176
v -0.045458 0.017565 -0.104836
v -0.047849 0.013074 -0.104240
v -0.053580 0.000828 -0.105673
v -0.033361 0.008550 -0.092262
v -0.043317 0.033068 -0.120534
v -0.038639 0.003586 -0.091083
v -0.018778 0.045547 -0.112470
v -0.017072 0.028862 -0.097166
v -0.048243 0.025716 -0.119761
v -0.000596 0.043248 -0.104602
v -0.045479 0.030034 -0.119946
v -0.031383 0.011082 -0.092953
v -0.003406 0.041503 -0.103233
v -0.013681 0.049169 -0.115263
v -0.039990 0.001446 -0.089933
v -0.041465 0.035120 -0.120264
v -0.033680 0.032822 -0.106558
v -0.000814 0.054682 -0.125090
v -0.026623 0.015793 -0.093576
v -0.047145 0.027279 -0.119125
v -0.026652 0.039401 -0.109169
v -0.008005 0.036617 -0.100217
v -0.028211 0.037285 -0.107658
v -0.052403 0.003073 -0.104312
v -0.030302 0.045406 -0.124124
v -0.053024 0.001753 -0.104828
v -0.020339 0.022758 -0.094845
v -0.040777 0.000332 -0.089331
v -0.049994 0.022118 -0.118652
v -0.004763 0.053332 -0.120710
v -0.038614 0.038067 -0.120534
v -0.004501 0.038764 -0.101265
v -0.010110 0.051277 -0.117611
v -0.001026 0.041365 -0.102986
v -0.035356 0.005302 -0.090874
v -0.032461 0.043683 -0.122989
v -0.009029 0.034299 -0.098856
v -0.002228 0.040215 -0.102143
v -0.046104 0.028520 -0.118305
v -0.044262 0.031139 -0.118509
v -0.021200 0.043265 -0.110806
v -0.028714 0.010490 -0.091618
v -0.046398 0.014543 -0.103753
v -0.048645 0.024212 -0.117716
v -0.011527 0.031708 -0.097661
v -0.042777 0.033174 -0.119036
v -0.016976 0.025265 -0.095202
v -0.007620 0.052359 -0.119067
v -0.051010 0.019671 -0.117862
v -0.051653 0.004025 -0.103519
v -0.013523 0.029163 -0.096546
v -0.023460 0.014424 -0.091860
v -0.037786 0.001821 -0.089106
v -0.001194 0.054214 -0.123011
v -0.005383 0.035677 -0.099316
v -0.031986 0.033283 -0.105902
v -0.033140 0.042561 -0.120916
v -0.037680 0.038365 -0.119042
v -0.030134 0.008043 -0.090690
v -0.049978 0.004972 -0.101629
v -0.014082 0.047845 -0.113189
v -0.041337 0.034593 -0.118483
v -0.029492 0.035646 -0.106689
v -0.035444 0.003845 -0.089770
v -0.049846 0.021411 -0.116469
v -0.039237 0.036833 -0.118762
v -0.030854 0.044457 -0.122126
v -0.047367 0.025878 -0.116731
v -0.042806 0.018029 -0.102838
v -0.051730 0.017524 -0.116778
v -0.044542 0.030166 -0.117142
v -0.002229 0.053486 -0.120597
v -0.032315 0.006172 -0.090269
v -0.000998 0.038325 -0.100776
v -0.042699 0.032440 -0.117071
v -0.022533 0.041240 -0.109008
v -0.026401 0.011871 -0.091543
v -0.035926 0.002138 -0.088533
v -0.008096 0.051503 -0.117186
v -0.002954 0.036887 -0.099926
v -0.050846 0.004663 -0.102645
v -0.013166 0.025805 -0.094645
v -0.033031 0.030873 -0.104544
v -0.010677 0.049935 -0.115092
v -0.044696 0.016070 -0.103185
v -0.046088 0.027688 -0.116487
v -0.018441 0.020477 -0.093230
v -0.032379 0.004687 -0.089222
v -0.005204 0.052562 -0.118695
v -0.017871 0.044873 -0.110973
v -0.007862 0.030785 -0.096599
v -0.019516 0.013847 -0.090410
v -0.048877 0.006694 -0.101370
v -0.052582 0.000484 -0.102951
v -0.049029 0.022425 -0.115546
v -0.034375 0.040839 -0.118713
v -0.009866 0.029317 -0.096019
v -0.044909 0.028757 -0.115394
v -0.050618 0.019155 -0.115165
v -0.052662 0.014605 -0.115762
v -0.035519 0.027788 -0.103874
v -0.046463 0.010682 -0.101417
v -0.033232 0.002092 -0.087427
v -0.040296 0.035074 -0.117113
v -0.051811 0.001825 -0.102355
v -0.031389 0.043297 -0.119854
v -0.035809 0.000258 -0.086709
v -0.029529 0.033774 -0.104973
v -0.043533 0.030426 -0.115179
v -0.014309 0.022954 -0.093429
v -0.023833 0.038756 -0.106842
v -0.039221 0.035782 -0.116391
v -0.032518 0.003299 -0.088188
v -0.046923 0.025657 -0.115097
v -0.039745 0.021831 -0.102907
v -0.036918 0.038166 -0.117111
v -0.014973 0.019843 -0.092062
v -0.002647 0.033113 -0.097584
v -0.025426 0.008860 -0.089563
v -0.027391 0.006808 -0.088962
v -0.014402 0.046588 -0.111453
v -0.047777 0.008156 -0.101098
v -0.005317 0.030539 -0.096220
v -0.005639 0.051725 -0.116821
v 0.000842 0.053715 -0.121201
v -0.041814 0.032619 -0.115477
v -0.010297 0.025604 -0.094047
v -0.045688 0.026887 -0.114133
v -0.008667 0.050163 -0.114661
v -0.048126 0.023369 -0.114526
v -0.023250 0.010281 -0.089679
v -0.036382 0.025335 -0.102831
v -0.027268 0.005237 -0.087886
v -0.017162 0.043775 -0.109152
v -0.051577 0.016435 -0.114180
v -0.053141 0.012474 -0.114499
v -0.051030 0.002189 -0.101248
v -0.041246 0.017876 -0.101614
v -0.032804 0.000603 -0.085948
v -0.032337 0.041689 -0.117523
v -0.032967 0.028660 -0.102947
v -0.020515 0.012432 -0.090000
v -0.019659 0.041972 -0.108313
v -0.007749 0.025626 -0.093711
v -0.014636 0.045459 -0.110015
v -0.037311 0.022833 -0.101906
v -0.002679 0.052631 -0.118329
v -0.049119 0.004671 -0.100307
v -0.011238 0.048254 -0.112455
v -0.027197 0.003905 -0.086911
v -0.034848 0.039472 -0.116519
v -0.019666 0.050663 -0.124069
v -0.010951 0.020624 -0.091621
v -0.016179 0.013010 -0.089158
v -0.040914 0.032987 -0.114489
v -0.043856 0.011743 -0.099913
v -0.037975 0.036234 -0.115131
v -0.027229 0.002747 -0.086036
v -0.000948 0.030094 -0.095768
v -0.003338 0.028105 -0.094711
v -0.024280 0.047672 -0.121177
v -0.042586 0.030623 -0.113706
v -0.006008 0.050886 -0.115189
v -0.029716 0.031545 -0.103297
v -0.023036 0.006463 -0.087410
v -0.039612 0.018840 -0.101087
v -0.004173 0.025514 -0.093326
v -0.000512 0.052812 -0.118599
v -0.027293 0.001417 -0.084955
v -0.034190 0.025972 -0.101939
v -0.017304 0.051676 -0.124637
v -0.035931 0.037996 -0.115262
v -0.052232 0.013935 -0.112872
v -0.020356 0.008727 -0.088015
v -0.003124 0.051783 -0.116421
v -0.044182 0.027933 -0.112714
v -0.020058 0.039970 -0.106293
v -0.047766 0.005574 -0.099397
v -0.045979 0.025329 -0.112560
v -0.007235 0.020887 -0.091205
v -0.006383 0.050016 -0.113677
v -0.017868 0.008974 -0.087531
v -0.053362 0.010444 -0.112581
v -0.009234 0.048481 -0.112025
v -0.004955 0.023111 -0.092114
v -0.044651 0.008560 -0.098556
v -0.049955 0.001107 -0.098796
v -0.017238 0.042409 -0.107600
v -0.046318 0.006671 -0.098731
v -0.032775 0.040301 -0.115385
v -0.001013 0.025556 -0.093230
v -0.023157 0.003472 -0.085433
v -0.013597 0.012279 -0.088239
v -0.011842 0.012860 -0.088157
v -0.037033 0.020154 -0.100263
v -0.010551 0.047113 -0.110490
v -0.040999 0.031622 -0.112607
v -0.051131 0.015415 -0.111393
v -0.019233 0.006250 -0.086283
v -0.015893 0.008905 -0.087044
v -0.007511 0.017130 -0.089411
v -0.014264 0.009509 -0.087020
v -0.036880 0.036102 -0.113349
v -0.000948 0.051767 -0.116185
v -0.009505 0.015895 -0.089140
v -0.023248 0.001189 -0.083679
v -0.020263 0.038771 -0.105198
v -0.029649 0.029315 -0.101734
v -0.034378 0.023379 -0.100565
v -0.003655 0.050459 -0.113901
v -0.048897 0.001639 -0.097800
v -0.019225 0.004036 -0.084866
v -0.002912 0.020617 -0.090705
v -0.006819 0.048678 -0.111607
v -0.004369 0.018318 -0.089655
v -0.054052 0.007475 -0.112141
v -0.052458 0.011834 -0.110991
v -0.000645 0.020629 -0.090642
v -0.005260 0.015608 -0.088441
v -0.014801 0.004744 -0.084453
v -0.019268 0.002032 -0.083446
v -0.034363 0.038315 -0.113815
v -0.014238 0.006585 -0.085451
v -0.047801 0.003371 -0.097838
v -0.009375 0.010739 -0.086761
v -0.010189 0.008565 -0.085840
v -0.016779 0.040563 -0.105500
v -0.015786 0.003309 -0.083704
v -0.001691 0.017084 -0.088918
v -0.010118 0.006153 -0.084582
v -0.002571 0.013348 -0.087199
v -0.015786 0.001191 -0.082177
v -0.013734 -0.107409 0.044211
v -0.017235 -0.107358 0.043000
v -0.016534 -0.107913 0.042896
v -0.012540 -0.107899 0.044236
v -0.011406 -0.107403 0.044869
v -0.013973 -0.107959 0.043763
v -0.010763 -0.107956 0.044662
v -0.009142 -0.107395 0.045388
v -0.008742 -0.107928 0.045121
v -0.006313 -0.107294 0.045914
v -0.004598 -0.107315 0.046109
v -0.002527 -0.107321 0.046262
v -0.039947 -0.107507 0.023316
v -0.039150 -0.107336 0.024777
v -0.037723 -0.107642 0.026609
v -0.037623 -0.107364 0.027027
v -0.036480 -0.107746 0.028170
v -0.036014 -0.107386 0.029106
v -0.020124 -0.107318 0.041739
v -0.046216 -0.107344 0.003449
v -0.045948 -0.107369 0.005950
v -0.045603 -0.107367 0.008217
v -0.045106 -0.107335 0.010667
v -0.044434 -0.107372 0.013131
v -0.038702 -0.108017 0.024655
v -0.039067 -0.107674 0.024561
v -0.043642 -0.107372 0.015557
v -0.046308 -0.107378 0.001205
v -0.046073 -0.107797 0.000696
v -0.042836 -0.107514 0.017459
v -0.042071 -0.107357 0.019412
v -0.041004 -0.107467 0.021454
v -0.045934 -0.107763 0.003936
v -0.041515 -0.107990 0.019642
v 0.000183 -0.107387 0.046303
v -0.034360 -0.107387 0.031039
v -0.034075 -0.107923 0.030849
v -0.032622 -0.107387 0.032857
v -0.032521 -0.107949 0.032456
v -0.030747 -0.107537 0.034518
v -0.028812 -0.107537 0.036147
v -0.026301 -0.107377 0.038116
v -0.026016 -0.108104 0.037737
v -0.022888 -0.107480 0.040205
v -0.051237 0.020050 -0.192000
v -0.000467 -0.055011 -0.192000
v -0.005348 -0.054756 -0.192000
v -0.049562 0.023857 -0.192000
v -0.009944 -0.054100 -0.192000
v -0.047682 0.027448 -0.192000
v -0.014971 -0.052940 -0.192000
v -0.045520 0.030878 -0.192000
v -0.042894 0.034469 -0.192000
v -0.019898 -0.051268 -0.192000
v -0.038946 0.038868 -0.192000
v -0.024411 -0.049284 -0.192000
v -0.035329 0.042168 -0.192000
v -0.028500 -0.047015 -0.192000
v -0.031467 0.045135 -0.192000
v -0.031975 -0.044726 -0.192000
v -0.035809 -0.041724 -0.192000
v -0.025982 0.048519 -0.192000
v -0.039334 -0.038404 -0.192000
v -0.019634 0.051415 -0.192000
v -0.041855 -0.035632 -0.192000
v -0.044648 -0.032095 -0.192000
v -0.013700 0.053288 -0.192000
v -0.009640 0.054155 -0.192000
v -0.048041 -0.026790 -0.192000
v -0.005220 0.054775 -0.192000
v -0.051106 -0.020362 -0.192000
v -0.053140 -0.014224 -0.192000
v -0.054182 -0.009477 -0.192000
v -0.054798 -0.004900 -0.192000
v -0.054996 -0.000947 -0.192000
v -0.054482 0.007657 -0.192000
v -0.053739 0.011737 -0.192000
v 0.045446 -0.002893 -0.192000
v 0.019706 -0.051335 -0.192000
v 0.016241 -0.052547 -0.192000
v 0.050134 -0.022646 -0.192000
v 0.045701 -0.003172 -0.192000
v 0.023575 -0.049688 -0.192000
v 0.047256 -0.028115 -0.192000
v 0.028413 -0.047083 -0.192000
v 0.045435 0.002879 -0.192000
v 0.042429 0.035005 -0.192000
v 0.052480 0.016527 -0.192000
v 0.045707 0.003175 -0.192000
v 0.023181 0.049893 -0.192000
v 0.018287 0.051893 -0.192000
v 0.013334 0.053377 -0.192000
v 0.008582 0.054339 -0.192000
v 0.003590 0.054906 -0.192000
v 0.044093 -0.032853 -0.192000
v 0.033149 -0.043874 -0.192000
v 0.040529 -0.037153 -0.192000
v 0.037080 -0.040587 -0.192000
v 0.053921 0.010927 -0.192000
v 0.049679 0.003474 -0.192000
v 0.050561 0.021705 -0.192000
v 0.048002 0.026882 -0.192000
v 0.054678 0.005990 -0.191999
v 0.054972 0.001957 -0.192000
v 0.049823 -0.000197 -0.192000
v 0.044959 0.031711 -0.192000
v 0.054945 -0.002573 -0.192000
v 0.004493 -0.054836 -0.192000
v 0.049679 -0.003474 -0.192000
v 0.054748 -0.005265 -0.192000
v 0.054376 -0.008253 -0.192000
v 0.010686 -0.053984 -0.192000
v 0.053869 -0.011073 -0.192000
v 0.039913 0.037859 -0.192000
v 0.036466 0.041198 -0.192000
v 0.053099 -0.014296 -0.192000
v 0.032425 0.044450 -0.192000
v 0.027812 0.047467 -0.192000
v 0.052312 -0.016959 -0.192000
v 0.031853 -0.000503 -0.044828
v 0.037161 -0.000500 -0.040570
v 0.045832 -0.000500 -0.030413
v 0.040045 -0.000500 -0.037712
v 0.044247 -0.000500 -0.032676
v 0.054931 -0.000500 -0.002975
v 0.003772 -0.000503 -0.054876
v 0.007634 -0.000500 -0.054478
v 0.054607 -0.000500 -0.006608
v 0.054165 -0.000500 -0.009570
v 0.010999 -0.000500 -0.053894
v 0.053647 -0.000500 -0.012147
v 0.053062 -0.000500 -0.014482
v 0.052156 -0.000500 -0.017474
v 0.013831 -0.000500 -0.053239
v 0.016671 -0.000500 -0.052419
v 0.019392 -0.000500 -0.051474
v 0.051152 -0.000500 -0.020225
v 0.022047 -0.000500 -0.050394
v 0.050044 -0.000500 -0.022828
v 0.048815 -0.000500 -0.025351
v 0.024545 -0.000500 -0.049224
v 0.027011 -0.000500 -0.047917
v 0.029543 -0.000500 -0.046399
v 0.047387 -0.000500 -0.027929
v 0.034064 -0.000502 -0.043185
v 0.042338 -0.000500 -0.035120
v 0.054393 0.008157 -0.191999
v 0.045656 0.030675 -0.180404
v 0.053789 0.011492 -0.183243
v 0.049665 0.023635 -0.182459
v 0.054156 -0.009581 -0.188227
v 0.053564 -0.012459 -0.186119
v 0.053467 0.012898 -0.177622
v 0.052447 -0.016566 -0.179006
v 0.051566 -0.019085 -0.184726
v 0.054849 0.004087 -0.183262
v 0.054992 0.000998 -0.187002
v 0.054994 -0.000997 -0.187002
v 0.054387 -0.008233 -0.180585
v 0.053788 -0.011481 -0.182641
v 0.050596 -0.021521 -0.184166
v 0.049584 -0.023768 -0.182688
v 0.048108 -0.026608 -0.183926
v 0.047166 -0.028241 -0.184141
v 0.045604 -0.030704 -0.184272
v 0.044119 -0.032791 -0.184469
v 0.039386 -0.038350 -0.183856
v 0.036273 -0.041309 -0.183591
v 0.034721 -0.042621 -0.183278
v 0.031038 -0.045385 -0.182357
v 0.027773 -0.047445 -0.185101
v 0.025087 -0.048922 -0.185495
v 0.007010 -0.054551 -0.180957
v 0.005849 -0.054691 -0.177912
v 0.009960 0.054092 -0.177066
v 0.012071 0.053665 -0.181492
v 0.055000 0.000000 -0.189994
v 0.014714 0.052999 -0.182634
v 0.017531 0.052133 -0.180332
v 0.025902 0.048521 -0.183739
v 0.027604 0.047575 -0.179852
v 0.029554 0.046391 -0.180916
v 0.033683 0.043483 -0.180204
v 0.037704 0.040049 -0.182114
v 0.041642 0.035937 -0.181767
v 0.043938 0.033089 -0.184251
v 0.008323 -0.107333 0.045574
v 0.005904 -0.106820 0.046162
v 0.027339 -0.107363 0.037381
v 0.026548 -0.106800 0.038225
v 0.025152 -0.107520 0.038795
v 0.025897 -0.107737 0.038136
v 0.024721 -0.106832 0.039420
v 0.003509 -0.107368 0.046175
v 0.006035 -0.107386 0.045905
v 0.002465 -0.106808 0.046488
v 0.023833 -0.107369 0.039707
v 0.023489 -0.106772 0.040192
v 0.021353 -0.107388 0.041088
v 0.022093 -0.106783 0.040970
v 0.020541 -0.106771 0.041779
v 0.019133 -0.107369 0.042180
v 0.012943 -0.106775 0.044726
v 0.046235 -0.107372 0.003018
v 0.046451 -0.106896 0.002506
v 0.046322 -0.106898 0.004303
v 0.013398 -0.107339 0.044348
v 0.045882 -0.107582 0.005685
v 0.046046 -0.106927 0.006580
v 0.045681 -0.107364 0.007771
v 0.011260 -0.107357 0.044928
v 0.045429 -0.106968 0.009991
v 0.010868 -0.106702 0.045296
v 0.009806 -0.107474 0.045201
v 0.009104 -0.106842 0.045635
v 0.044633 -0.107365 0.012445
v 0.041938 -0.107350 0.019709
v 0.042248 -0.106835 0.019528
v 0.042922 -0.107281 0.017569
v 0.041063 -0.106806 0.021916
v 0.040774 -0.107360 0.021998
v 0.040269 -0.106940 0.023255
v 0.039849 -0.107364 0.023620
v 0.038958 -0.107096 0.025280
v 0.046513 -0.106902 0.000324
v 0.036779 -0.106668 0.028575
v 0.037851 -0.107108 0.026892
v 0.037948 -0.106649 0.027003
v 0.037837 -0.107426 0.026669
v 0.036380 -0.107377 0.028658
v 0.035762 -0.106846 0.029752
v 0.035295 -0.107400 0.029959
v 0.034666 -0.106849 0.031023
v 0.034071 -0.107395 0.031351
v 0.033264 -0.106887 0.032500
v 0.032778 -0.107404 0.032687
v 0.031468 -0.107416 0.033943
v 0.044770 -0.106784 0.012801
v 0.028495 -0.106820 0.036786
v 0.028711 -0.107400 0.036310
v 0.044123 -0.106811 0.014840
v 0.030012 -0.107411 0.035239
v 0.022085 -0.107748 0.040460
v 0.016257 -0.106734 0.043639
v 0.016031 -0.107357 0.043456
v 0.032872 -0.107579 -0.032489
v 0.032639 -0.107046 -0.033162
v 0.045033 -0.107513 -0.010524
v 0.030991 -0.107533 -0.034337
v 0.031520 -0.106982 -0.034279
v 0.044779 -0.107141 -0.012275
v 0.044406 -0.106580 -0.014184
v 0.044562 -0.107576 -0.012222
v 0.044231 -0.107138 -0.014112
v 0.029547 -0.107607 -0.035526
v 0.029842 -0.106959 -0.035780
v 0.043853 -0.107243 -0.015108
v 0.046386 -0.107192 -0.001543
v 0.042924 -0.107618 -0.017035
v 0.046229 -0.107272 -0.003652
v 0.043153 -0.106908 -0.017404
v 0.042488 -0.106874 -0.018996
v 0.045755 -0.107039 -0.008103
v 0.042450 -0.107403 -0.018479
v 0.045401 -0.106695 -0.010393
v 0.045451 -0.107025 -0.009668
v 0.041308 -0.107716 -0.020513
v 0.041429 -0.106705 -0.021335
v 0.040303 -0.106904 -0.023277
v 0.040018 -0.107529 -0.023155
v 0.041257 -0.107032 -0.021428
v 0.039391 -0.106856 -0.024837
v 0.038469 -0.106916 -0.026206
v 0.038696 -0.107539 -0.025293
v 0.037372 -0.106929 -0.027758
v 0.037537 -0.107506 -0.027021
v 0.035871 -0.106916 -0.029701
v 0.046292 -0.106910 -0.004533
v 0.036292 -0.107418 -0.028763
v 0.045902 -0.107415 -0.006067
v 0.034038 -0.106992 -0.031751
v 0.034768 -0.107404 -0.030606
v 0.045436 -0.107363 -0.009034
v 0.028381 -0.107127 -0.036854
v 0.026998 -0.107102 -0.037906
v 0.022691 -0.107240 -0.040554
v 0.020953 -0.107214 -0.041511
v 0.015887 -0.107272 -0.043668
v 0.039467 -0.107418 -0.024198
v 0.006100 -0.107465 -0.045952
v 0.003121 -0.107050 -0.046530
v 0.045526 -0.107727 -0.007345
v 0.019336 0.047665 -0.116385
v 0.011855 0.035644 -0.100204
v 0.040805 0.000667 -0.089677
v 0.040652 0.002675 -0.091459
v 0.008083 0.039568 -0.102297
v 0.010506 0.052777 -0.121891
v 0.020263 0.024824 -0.095849
v 0.054418 0.001528 -0.108828
v 0.054748 -0.000545 -0.109168
v 0.034971 0.010458 -0.094105
v 0.053209 0.006158 -0.107958
v 0.036979 0.031909 -0.108307
v 0.032580 0.010686 -0.093216
v 0.017854 0.027561 -0.096637
v 0.050686 0.012818 -0.107855
v 0.001326 0.041706 -0.103270
v 0.045586 0.020333 -0.107008
v 0.046946 0.019577 -0.108040
v 0.016933 0.030073 -0.097829
v 0.014099 0.032677 -0.098748
v 0.053748 0.005354 -0.108941
v 0.004042 0.040258 -0.102298
v 0.004353 0.041511 -0.103318
v 0.014304 0.050748 -0.119028
v 0.037856 0.003807 -0.090860
v 0.038999 0.029447 -0.107856
v 0.033983 0.035425 -0.109420
v 0.035915 0.034344 -0.109903
v 0.029409 0.012402 -0.092892
v 0.007251 0.053858 -0.123692
v 0.008035 0.035801 -0.099680
v 0.008199 0.037983 -0.101168
v 0.036792 0.006134 -0.092152
v 0.025058 0.041902 -0.111401
v 0.028797 0.040716 -0.112342
v 0.034763 0.006542 -0.091523
v 0.022880 0.021328 -0.094931
v 0.011104 0.051892 -0.119705
v 0.049539 0.013822 -0.106836
v 0.048712 0.016277 -0.107647
v 0.014129 0.029174 -0.096667
v 0.045354 0.022295 -0.108372
v 0.027867 0.016206 -0.094221
v 0.047532 0.017086 -0.106728
v 0.035200 0.033580 -0.108430
v 0.017886 0.049279 -0.118490
v 0.043890 0.023381 -0.107587
v 0.038422 0.001987 -0.089574
v 0.031855 0.036884 -0.109524
v 0.032708 0.037351 -0.110766
v 0.042106 0.025773 -0.107692
v 0.011489 0.031748 -0.097676
v 0.050771 0.010674 -0.106324
v 0.051629 0.010379 -0.107589
v 0.004025 0.038866 -0.101294
v 0.043897 0.021275 -0.105945
v 0.042432 0.023636 -0.106300
v 0.004271 0.054735 -0.126265
v 0.006634 0.054510 -0.126378
v 0.023338 0.045002 -0.114844
v 0.025532 0.042983 -0.113299
v 0.052811 0.005998 -0.106881
v 0.015910 0.049085 -0.116553
v 0.007552 0.053106 -0.121145
v 0.020656 0.045618 -0.113849
v 0.039782 0.026953 -0.106436
v 0.028839 0.039273 -0.110389
v 0.030637 0.039685 -0.112301
v 0.053723 0.003438 -0.107564
v 0.048303 0.014279 -0.105575
v 0.019364 0.021215 -0.093826
v 0.046866 0.016026 -0.105195
v 0.032469 0.006931 -0.090856
v 0.052152 0.007139 -0.106272
v 0.054315 -0.000543 -0.107206
v 0.029394 0.010084 -0.091629
v 0.025007 0.014107 -0.092205
v 0.037188 0.029805 -0.106569
v 0.050076 0.010282 -0.105035
v 0.039576 0.000002 -0.088267
v 0.003994 0.054103 -0.123133
v 0.034839 0.004392 -0.089956
v 0.053858 0.000471 -0.106256
v 0.001254 0.054917 -0.126482
v 0.005105 0.035960 -0.099478
v 0.016714 0.024034 -0.094516
v 0.000758 0.039560 -0.101621
v 0.011745 0.050764 -0.117337
v 0.009046 0.031825 -0.097356
v 0.022176 0.043821 -0.112199
v 0.035947 0.002385 -0.088762
v 0.033519 0.033840 -0.107398
v 0.001875 0.037789 -0.100453
v 0.030189 0.036750 -0.108250
v 0.045392 0.018617 -0.105504
v 0.032345 0.035500 -0.108283
v 0.035604 0.031377 -0.106660
v 0.048932 0.011419 -0.104360
v 0.016090 0.048102 -0.114843
v 0.001486 0.054609 -0.124772
v 0.041533 0.023316 -0.105241
v 0.051169 0.008335 -0.105362
v 0.029298 0.007371 -0.089983
v 0.037124 0.000475 -0.087496
v 0.033047 0.004196 -0.089105
v 0.005980 0.031867 -0.097042
v 0.053137 0.001214 -0.104767
v 0.013823 0.024233 -0.093966
v 0.020595 0.014514 -0.091035
v 0.034354 0.032402 -0.106656
v 0.025589 0.010745 -0.090665
v 0.008261 0.052185 -0.118896
v 0.011272 0.026811 -0.094845
v 0.018703 0.045019 -0.111658
v 0.002930 0.033747 -0.097982
v 0.033599 0.001692 -0.087216
v 0.044363 0.017802 -0.103987
v 0.037495 0.028044 -0.105423
v 0.022289 0.012020 -0.090305
v 0.034469 0.000239 -0.086164
v 0.016338 0.047151 -0.113403
v 0.046032 0.014942 -0.103660
v 0.005476 0.053296 -0.120849
v 0.047621 0.012545 -0.103675
v 0.052541 0.002679 -0.104346
v 0.023592 0.041215 -0.109591
v 0.029383 0.005219 -0.088574
v 0.031904 0.003035 -0.087777
v 0.039112 0.025260 -0.104655
v 0.016283 0.019423 -0.092182
v 0.007898 0.026864 -0.094392
v 0.025339 0.007929 -0.088995
v 0.000635 0.033692 -0.097890
v 0.051702 0.003623 -0.103356
v 0.025968 0.038704 -0.107950
v 0.008920 0.051148 -0.116736
v 0.030650 0.034699 -0.106413
v 0.001019 0.054168 -0.122823
v 0.039940 0.022726 -0.103588
v 0.043047 0.018595 -0.103382
v 0.003399 0.053382 -0.120499
v 0.050724 0.004582 -0.102409
v 0.013391 0.019335 -0.091478
v 0.027764 0.003425 -0.086736
v 0.032219 0.032899 -0.105712
v 0.033181 0.031097 -0.104808
v 0.002038 0.029406 -0.095393
v 0.010918 0.021811 -0.092206
v 0.035346 0.029268 -0.104804
v 0.025213 0.005704 -0.087557
v 0.018825 0.012487 -0.089566
v 0.013004 0.049393 -0.115300
v 0.043438 0.033727 -0.123915
v 0.004409 0.027018 -0.094164
v 0.041057 0.036497 -0.123960
v 0.039533 0.038174 -0.124459
v 0.044839 0.031341 -0.121305
v 0.044943 0.031630 -0.123027
v 0.022176 0.008341 -0.088288
v 0.039048 0.038373 -0.123020
v 0.036291 0.041328 -0.125411
v 0.047227 0.028156 -0.122458
v 0.042464 0.034525 -0.122057
v 0.046360 0.029104 -0.121019
v 0.037051 0.026407 -0.103949
v 0.036943 0.040307 -0.123119
v 0.034803 0.042513 -0.125250
v 0.005247 0.052501 -0.118535
v 0.047517 0.027008 -0.119992
v 0.048616 0.025675 -0.121762
v 0.015702 0.046386 -0.111869
v 0.019160 0.042951 -0.109210
v 0.028269 0.001402 -0.085236
v 0.042012 0.018526 -0.102540
v 0.026554 0.036683 -0.106119
v 0.035552 0.041462 -0.123156
v 0.049052 0.024164 -0.119346
v 0.049363 0.024101 -0.120896
v 0.007566 0.021853 -0.091724
v 0.049823 0.005950 -0.102044
v 0.010260 0.049559 -0.114212
v 0.015952 0.012652 -0.088935
v 0.040930 0.036133 -0.121714
v 0.033752 0.043044 -0.124001
v 0.031147 0.045243 -0.125618
v 0.029663 -0.000767 -0.083614
v 0.023010 0.039530 -0.107262
v 0.039852 0.036983 -0.120816
v 0.042050 0.034351 -0.119926
v 0.050406 0.021826 -0.120126
v 0.044929 0.012494 -0.101210
v 0.047631 0.026266 -0.118519
v 0.044632 0.030854 -0.119016
v 0.018769 0.008676 -0.087576
v 0.045908 0.029055 -0.118902
v 0.043505 0.032545 -0.119708
v 0.012812 0.048054 -0.112858
v 0.051919 0.000376 -0.101495
v 0.026902 -0.000083 -0.083501
v 0.022896 0.005449 -0.086725
v 0.030250 0.032953 -0.104651
v 0.030874 0.044987 -0.123882
v 0.039456 0.021057 -0.102244
v 0.048807 0.006614 -0.101230
v 0.038429 0.038360 -0.120909
v 0.005546 0.051793 -0.116944
v 0.002564 0.024324 -0.092611
v 0.010675 0.017340 -0.090013
v 0.028003 0.047192 -0.125670
v 0.013122 0.012451 -0.088219
v 0.023740 0.002772 -0.085057
v 0.051391 0.019379 -0.119261
v 0.034634 0.027609 -0.103200
v 0.050582 0.020397 -0.117403
v 0.046198 0.008820 -0.100025
v 0.037117 0.024082 -0.102524
v 0.033882 0.042355 -0.121845
v 0.004611 0.021896 -0.091460
v 0.040637 0.035549 -0.119034
v 0.001782 0.052894 -0.118865
v 0.015263 0.045144 -0.109918
v 0.036236 0.040348 -0.121186
v 0.020095 0.005713 -0.086167
v 0.043786 0.012582 -0.100367
v 0.048350 0.024271 -0.116745
v 0.000626 0.024222 -0.092511
v 0.023987 0.001360 -0.084001
v 0.024866 0.048958 -0.126097
v 0.021132 0.003334 -0.084809
v 0.019775 0.041146 -0.107428
v 0.051692 0.017501 -0.116522
v 0.052331 0.016592 -0.117998
v 0.049857 0.021358 -0.116396
v 0.008054 0.016370 -0.089133
v 0.015677 0.008942 -0.087022
v 0.038420 0.037835 -0.119374
v 0.049613 0.003275 -0.099964
v 0.005992 0.051058 -0.115510
v 0.031961 0.029791 -0.103183
v 0.045414 0.028740 -0.116636
v 0.042673 0.032819 -0.117856
v 0.041110 0.016989 -0.101019
v 0.050750 0.001029 -0.099943
v 0.036944 0.039252 -0.119745
v 0.047523 0.006532 -0.099807
v 0.016950 0.005954 -0.085609
v 0.040896 0.034543 -0.117301
v 0.026184 0.047584 -0.123584
v 0.046751 0.026632 -0.116353
v 0.010231 0.009883 -0.086498
v 0.005148 0.018028 -0.089576
v 0.021851 -0.000495 -0.081899
v 0.013036 0.046324 -0.110429
v 0.035361 0.040302 -0.119177
v 0.039314 0.036334 -0.117764
v 0.012780 0.009144 -0.086558
v 0.002086 0.019116 -0.089916
v 0.053140 0.013926 -0.117225
v 0.026373 0.034691 -0.104208
v 0.010354 0.048093 -0.111833
v 0.023031 0.037971 -0.105665
v 0.042155 0.032783 -0.116509
v 0.037617 0.020949 -0.101034
v 0.020560 0.001436 -0.083260
v 0.031707 0.043676 -0.121385
v 0.001683 0.052125 -0.116991
v 0.015866 0.043470 -0.108157
v 0.028291 0.032605 -0.103421
v 0.048585 0.003870 -0.099117
v 0.028394 0.046052 -0.122521
v 0.016759 0.003285 -0.083854
v 0.019547 -0.000468 -0.081468
v 0.034766 0.024467 -0.101377
v 0.005905 0.014211 -0.087868
v 0.033647 0.041528 -0.119151
v 0.007695 0.050126 -0.114257
v 0.032207 0.027905 -0.102072
v 0.023715 0.048933 -0.124037
v 0.015625 0.004689 -0.084576
v 0.047759 0.023992 -0.114532
v 0.039487 0.017320 -0.100173
v 0.029595 0.030490 -0.102492
v 0.044677 0.028879 -0.115082
v 0.012681 0.006216 -0.084991
v 0.028781 0.045211 -0.120790
v 0.049333 0.021338 -0.114649
v 0.016663 0.001514 -0.082564
v 0.019304 0.039971 -0.105959
v 0.021500 0.050515 -0.126226
v 0.020826 0.050394 -0.124713
v 0.003525 0.013550 -0.087345
v 0.023232 0.036606 -0.104477
v 0.043802 0.031076 -0.117023
v 0.053048 0.013283 -0.115422
v 0.051058 0.017882 -0.114636
v 0.006801 0.009180 -0.085698
v 0.000136 0.017032 -0.088865
v 0.037467 0.037822 -0.117361
v 0.002236 0.051181 -0.115075
v 0.016745 0.000349 -0.081659
v 0.053894 0.010650 -0.115821
v 0.001623 0.014828 -0.087844
v 0.041344 0.033047 -0.115354
v 0.004339 0.050220 -0.113584
v 0.039441 0.035398 -0.116082
v 0.009958 0.006266 -0.084633
v 0.012666 0.003923 -0.083613
v 0.018496 0.051688 -0.126255
v 0.042969 0.031091 -0.115158
v 0.042246 0.010380 -0.097984
v 0.007939 0.049109 -0.112598
v 0.046191 0.026417 -0.114550
v 0.008585 0.047875 -0.110915
v 0.052387 0.014580 -0.114455
v 0.035162 0.021340 -0.099885
v 0.010377 0.046324 -0.109381
v 0.044756 0.008601 -0.098666
v 0.012812 0.044942 -0.108579
v 0.029652 0.044125 -0.119349
v 0.019734 0.038543 -0.104765
v 0.011497 0.002256 -0.082342
v 0.032098 0.042131 -0.118150
v 0.048285 0.022333 -0.113370
v 0.034078 0.040229 -0.116922
v 0.043235 0.029989 -0.113919
v 0.037231 0.018143 -0.099319
v 0.006574 0.006312 -0.084287
v 0.003409 0.007446 -0.084627
v 0.050098 0.019112 -0.113467
v 0.001218 0.011438 -0.086289
v 0.009884 0.003960 -0.083288
v 0.045818 0.005946 -0.097768
v 0.025177 0.047300 -0.121323
v 0.049636 0.000227 -0.097612
v 0.053565 0.011092 -0.114553
v 0.011567 0.000591 -0.081118
v 0.021173 0.049748 -0.123074
v 0.039801 0.034193 -0.114604
v 0.017437 0.051740 -0.125047
v 0.026603 0.031258 -0.101697
v 0.029631 0.028238 -0.101056
v 0.016010 0.041384 -0.105989
v 0.004668 0.049269 -0.112073
v 0.041488 0.031873 -0.113702
v 0.023359 0.035020 -0.103186
v 0.031819 0.025735 -0.100595
v 0.052079 0.014259 -0.112756
v 0.006476 0.003997 -0.082987
v 0.036073 0.038256 -0.115941
v 0.019908 0.037173 -0.103619
v 0.001575 0.007656 -0.084654
v 0.024807 0.033199 -0.102354
v 0.040552 0.010954 -0.097267
v 0.053035 0.011899 -0.113161
v 0.045081 0.026937 -0.112991
v 0.047578 0.002993 -0.097318
v 0.006489 0.001812 -0.081575
v 0.054523 0.006762 -0.113999
v 0.002970 0.005516 -0.083635
v 0.038372 0.013975 -0.097729
v 0.013384 0.043394 -0.107042
v 0.001932 0.003925 -0.082704
v 0.033107 0.022578 -0.099511
v 0.048622 0.000023 -0.096103
v 0.051236 0.016040 -0.112510
v 0.015003 0.052814 -0.126377
v 0.006347 -0.000345 -0.079920
v 0.038081 0.035910 -0.114712
v 0.026828 0.045208 -0.118350
v 0.006106 0.047748 -0.110122
v 0.003182 0.001790 -0.081386
v 0.043738 0.008295 -0.097701
v 0.001030 0.050209 -0.113240
v 0.021343 0.049091 -0.121404
v 0.000219 0.002305 -0.081661
v 0.002953 -0.000160 -0.079916
v 0.049136 0.019951 -0.112169
v 0.008182 0.046763 -0.109305
v 0.017950 0.050818 -0.122511
v 0.010846 0.044015 -0.106846
v 0.000320 0.001133 -0.080850
v 0.046194 0.002939 -0.095879
v 0.053920 0.008588 -0.112830
v 0.046765 0.024281 -0.112704
v 0.026626 0.028735 -0.100099
v 0.029483 0.025848 -0.099615
v 0.050453 0.016907 -0.111497
v 0.020616 0.034760 -0.101945
v 0.043948 0.027629 -0.111929
v 0.012495 0.053456 -0.126325
v 0.029098 0.043660 -0.117644
v 0.004154 0.047835 -0.109920
v 0.036361 0.036888 -0.113942
v 0.032525 0.040448 -0.115361
v 0.022221 0.048162 -0.120042
v 0.041553 0.030862 -0.112395
v 0.014023 0.052531 -0.124067
v 0.030379 0.042211 -0.116210
v 0.051533 0.013908 -0.110723
v 0.024228 0.046880 -0.119227
v 0.047201 0.021912 -0.110684
v 0.015587 0.039049 -0.103704
v 0.044575 0.025044 -0.109970
v 0.022586 0.047068 -0.118001
v 0.051018 0.014357 -0.109949
v 0.013859 0.041781 -0.105589
v 0.048334 0.020596 -0.111266
v 0.049402 0.017982 -0.110428
v 0.047983 0.019284 -0.109256
v 0.001221 0.048991 -0.111304
v 0.045963 0.023992 -0.110924
v 0.029469 0.041565 -0.114181
v 0.040642 0.030342 -0.110536
v 0.042580 0.028368 -0.110798
v 0.042283 0.027098 -0.109096
v 0.052325 0.011631 -0.110375
v 0.051757 0.011791 -0.109103
v 0.054807 0.003615 -0.112362
v 0.049722 0.015934 -0.108933
v 0.054348 0.003959 -0.110111
v 0.034348 0.038361 -0.113866
v 0.032319 0.039310 -0.113235
v 0.022462 0.031752 -0.100468
v 0.040623 0.028702 -0.108802
v 0.039442 0.032146 -0.111198
v 0.052995 0.008569 -0.109285
v 0.053874 0.006798 -0.110623
v 0.046185 0.022100 -0.109305
v 0.032993 0.019180 -0.097746
v 0.052141 0.009723 -0.108139
v 0.039282 0.033492 -0.112775
v 0.038363 0.031792 -0.109541
v 0.054897 0.001290 -0.111044
v 0.047644 0.000365 -0.095204
v 0.034399 0.036615 -0.111307
v 0.043682 0.005395 -0.095651
v 0.030087 0.022403 -0.098065
v 0.053229 0.009871 -0.111368
v 0.044777 0.003939 -0.095410
v 0.035355 0.014986 -0.096741
v 0.014048 0.040369 -0.104366
v 0.042200 0.007299 -0.095965
v 0.008930 0.045200 -0.107618
v 0.005430 0.046229 -0.108083
v 0.001974 0.047815 -0.109685
v 0.037433 0.034987 -0.112432
v 0.026453 0.026324 -0.098664
v 0.054362 0.005907 -0.112019
v 0.007636 0.044274 -0.106325
v 0.010944 0.042182 -0.105075
v 0.016960 0.036628 -0.102183
v 0.013909 0.037823 -0.102240
v 0.014569 0.035355 -0.100607
v 0.011505 0.039994 -0.103337
v 0.008725 0.041656 -0.104092
v 0.011360 0.038358 -0.102033
v 0.037890 0.010710 -0.095630
v 0.035727 0.036154 -0.112048
v 0.039730 0.008016 -0.094942
v 0.027112 0.043733 -0.115795
v 0.023389 0.029315 -0.099271
v 0.014695 0.051585 -0.121564
v 0.046455 0.000073 -0.093666
v 0.017818 0.034322 -0.100752
v 0.042236 0.004775 -0.094174
v 0.044889 0.001277 -0.093281
v 0.043607 0.002864 -0.093618
v 0.017146 0.050137 -0.119870
v 0.008749 0.054226 -0.126487
v 0.027768 0.022582 -0.097234
v 0.002091 0.046234 -0.107740
v 0.037315 0.034027 -0.111005
v 0.004024 0.045186 -0.106742
v 0.043567 0.025626 -0.109232
v 0.017965 0.032341 -0.099472
v 0.009854 0.053557 -0.124266
v 0.005697 0.043723 -0.105450
v 0.040546 0.005249 -0.093481
v 0.022959 0.046122 -0.116498
v 0.022346 0.027042 -0.097635
v 0.031646 0.014902 -0.095042
v 0.020022 0.029722 -0.098446
v 0.024832 0.023053 -0.096396
v 0.036507 0.008747 -0.093764
v 0.042359 0.002192 -0.092134
v 0.043891 -0.000901 -0.090332
v 0.006940 0.041400 -0.103560
v 0.042986 0.000463 -0.090967
v 0.038735 0.005697 -0.092807
v 0.002673 0.044007 -0.105410
v 0.003808 0.042419 -0.104025
v 0.054911 -0.007856 -0.104436
v 0.010970 -0.064888 0.053822
v 0.008229 -0.064905 0.054306
v 0.054916 -0.015550 -0.096950
v 0.054899 -0.013863 -0.097623
v 0.004050 -0.064906 0.054778
v 0.003242 0.054909 -0.127475
v 0.054878 -0.023281 -0.086678
v 0.054901 -0.021673 -0.087408
v 0.006286 0.054647 -0.127414
v 0.054911 -0.026619 -0.080224
v 0.054848 -0.030109 -0.076451
v 0.008799 0.054294 -0.127446
v 0.054907 -0.034556 -0.067416
v 0.011389 0.053813 -0.127405
v 0.054833 -0.035250 -0.067892
v 0.014728 0.053002 -0.127341
v 0.054830 -0.040339 -0.058305
v 0.018090 0.051946 -0.127290
v 0.054888 -0.042528 -0.051932
v 0.020133 0.051183 -0.127213
v 0.054836 -0.044365 -0.049823
v 0.022092 0.050373 -0.127126
v 0.054844 -0.047506 -0.042462
v 0.025097 0.048951 -0.127031
v 0.054912 -0.047382 -0.040429
v 0.028022 0.047332 -0.126836
v 0.054945 -0.051003 -0.030510
v 0.054864 -0.051870 -0.030837
v 0.030523 0.045760 -0.126593
v 0.032579 0.044316 -0.126511
v 0.034287 0.043010 -0.126255
v 0.054974 -0.054059 -0.020672
v 0.054894 -0.055244 -0.019941
v 0.037437 0.040300 -0.125965
v 0.054901 -0.056949 -0.013681
v 0.039473 0.038311 -0.125474
v 0.054997 -0.057749 -0.005692
v 0.054914 -0.058907 -0.005411
v 0.041464 0.036144 -0.125104
v 0.054926 -0.060147 0.001013
v 0.045386 0.031071 -0.123924
v 0.054254 -0.061427 0.008580
v 0.052378 -0.062495 0.016547
v 0.050429 0.021996 -0.121262
v 0.051544 -0.062792 0.018983
v 0.052228 0.017308 -0.119603
v 0.053449 0.013000 -0.117840
v 0.054314 0.008771 -0.116051
v 0.041784 -0.064372 0.035629
v 0.039689 -0.064454 0.037962
v 0.054786 0.004897 -0.114139
v 0.055001 0.001230 -0.112332
v 0.032869 -0.064677 0.044017
v 0.030007 -0.064773 0.046001
v 0.026457 -0.064818 0.048132
v 0.054994 -0.001499 -0.110751
v 0.024086 -0.064846 0.049361
v 0.054914 -0.004382 -0.107502
v 0.021566 -0.064881 0.050513
v 0.018874 -0.064886 0.051580
v 0.054958 -0.007799 -0.105928
v 0.052931 -0.029506 -0.023085
v 0.053242 -0.033219 -0.023420
v 0.016724 -0.009410 -0.065055
v 0.011196 -0.008944 -0.066613
v 0.006034 -0.008826 -0.066741
v 0.006114 -0.008332 -0.068377
v 0.045144 -0.019582 -0.048197
v 0.053945 -0.037381 -0.019967
v 0.049277 -0.024983 -0.055141
v 0.049493 -0.026195 -0.052587
v 0.042421 -0.016611 -0.049522
v 0.054223 -0.042894 -0.021623
v 0.040318 -0.014303 -0.047092
v 0.051179 -0.015293 -0.081924
v 0.039878 -0.013389 -0.045557
v 0.050603 -0.029437 -0.038711
v 0.051310 -0.030841 -0.035656
v 0.054813 -0.051268 -0.018403
v 0.054909 -0.052023 -0.011380
v 0.053507 -0.039659 -0.045011
v 0.054243 -0.042434 -0.045588
v 0.019456 -0.005321 -0.075815
v 0.053443 -0.021874 -0.078900
v 0.049823 -0.014216 -0.080416
v 0.050627 -0.029676 -0.049040
v 0.050049 -0.012243 -0.084040
v 0.048715 -0.012322 -0.081342
v 0.053512 -0.031134 -0.020060
v 0.052152 -0.017049 -0.081889
v 0.051998 -0.020011 -0.076328
v 0.052854 -0.021422 -0.077097
v 0.050015 -0.015441 -0.027005
v 0.053170 -0.037076 -0.049236
v 0.047394 -0.011114 -0.081062
v 0.049760 -0.011948 -0.025588
v 0.053544 -0.025691 -0.017601
v 0.053991 -0.026236 -0.074479
v 0.054594 -0.046953 -0.018509
v 0.050573 -0.017786 -0.026791
v 0.051834 -0.019706 -0.023487
v 0.052738 -0.021280 -0.020454
v 0.054045 -0.033378 -0.016590
v 0.051019 -0.017694 -0.077358
v 0.054781 -0.047131 -0.012396
v 0.054536 -0.040484 -0.013675
v 0.054139 -0.043278 -0.041390
v 0.053258 -0.039436 -0.041720
v 0.053662 -0.020202 -0.015413
v 0.052324 -0.035677 -0.043179
v 0.054857 -0.039517 -0.007136
v 0.054403 -0.027151 -0.011436
v 0.054447 -0.036049 -0.013058
v 0.054929 -0.027107 -0.003957
v 0.054288 -0.016591 -0.010599
v 0.054777 -0.023232 -0.006636
v 0.054583 -0.017412 -0.008313
v 0.049702 -0.016285 -0.076459
v 0.054686 -0.012132 -0.006226
v 0.054550 -0.023578 -0.082226
v 0.054146 -0.022510 -0.081445
v 0.053897 -0.020149 -0.083781
v 0.042055 -0.001524 -0.088248
v 0.040865 -0.001914 -0.086989
v 0.039190 -0.001754 -0.086185
v 0.043241 -0.007241 -0.082071
v 0.041343 -0.007150 -0.080697
v 0.054509 -0.029269 -0.072897
v 0.040504 -0.004916 -0.083172
v 0.049446 -0.027149 -0.043626
v 0.050038 -0.028671 -0.046149
v 0.050541 -0.030025 -0.043158
v 0.052500 -0.024663 -0.069766
v 0.042725 -0.008308 -0.080056
v 0.053855 -0.027562 -0.071461
v 0.038605 -0.005271 -0.081597
v 0.051946 -0.034439 -0.039988
v 0.039287 -0.006544 -0.080179
v 0.038823 -0.003355 -0.084150
v 0.036693 -0.004312 -0.081933
v 0.053333 -0.025179 -0.072762
v 0.048722 -0.025398 -0.043743
v 0.051818 -0.022331 -0.071335
v 0.048799 -0.025143 -0.041796
v 0.047605 -0.023161 -0.044658
v 0.033597 -0.002649 -0.082798
v 0.033797 -0.001239 -0.084432
v 0.036140 -0.002837 -0.083524
v 0.041630 -0.008982 -0.078013
v 0.049723 -0.017845 -0.073446
v 0.043301 -0.010443 -0.077039
v 0.039280 -0.007706 -0.078403
v 0.048088 -0.014049 -0.077203
v 0.030506 -0.002264 -0.082261
v 0.050801 -0.020009 -0.072312
v 0.042137 -0.010146 -0.076402
v 0.049415 -0.019585 -0.068813
v 0.048526 -0.016479 -0.073302
v 0.037461 -0.006795 -0.078788
v 0.030189 -0.003921 -0.080153
v 0.032680 -0.004249 -0.080482
v 0.033626 -0.005359 -0.079272
v 0.047563 -0.016023 -0.072127
v 0.028159 -0.002852 -0.080933
v 0.046389 -0.012599 -0.076998
v 0.046255 -0.013639 -0.074723
v 0.053105 -0.027995 -0.066675
v 0.052370 -0.027623 -0.063751
v 0.024695 -0.001344 -0.081715
v 0.033276 -0.006732 -0.076978
v 0.047395 -0.017128 -0.035068
v 0.048311 -0.019432 -0.034812
v 0.049084 -0.020997 -0.033871
v 0.042107 -0.011531 -0.073521
v 0.043668 -0.012107 -0.074143
v 0.039910 -0.009879 -0.074894
v 0.054489 -0.034127 -0.064637
v 0.046685 -0.015241 -0.072033
v 0.048246 -0.016204 -0.032106
v 0.053659 -0.030194 -0.065904
v 0.051614 -0.025101 -0.065147
v 0.029472 -0.005270 -0.078054
v 0.041124 -0.011416 -0.072672
v 0.034335 -0.007182 -0.076649
v 0.050486 -0.022772 -0.065383
v 0.042019 -0.012658 -0.070654
v 0.046477 -0.016356 -0.068809
v 0.040941 -0.012055 -0.070857
v 0.045328 -0.013639 -0.073209
v 0.018355 -0.002131 -0.079632
v 0.042575 -0.013535 -0.069022
v 0.023304 -0.002403 -0.080293
v 0.029614 -0.006153 -0.076702
v 0.045422 -0.014770 -0.070667
v 0.053922 -0.033215 -0.062331
v 0.033220 -0.008392 -0.073826
v 0.014090 -0.001085 -0.080018
v 0.025565 -0.005004 -0.077458
v 0.054425 -0.037374 -0.058363
v 0.037699 -0.010425 -0.071861
v 0.039065 -0.011556 -0.070075
v 0.029173 -0.007255 -0.074590
v 0.025730 -0.006716 -0.074664
v 0.043875 -0.014724 -0.067789
v 0.024919 -0.005825 -0.076035
v 0.050161 -0.024096 -0.061275
v 0.036031 -0.011049 -0.068604
v 0.052980 -0.030152 -0.062258
v 0.052869 -0.032518 -0.057305
v 0.041164 -0.013480 -0.066793
v 0.048367 -0.019418 -0.066047
v 0.046623 -0.018774 -0.062266
v 0.030482 -0.008439 -0.072537
v 0.012250 -0.002187 -0.078742
v 0.020177 -0.003711 -0.078162
v 0.016704 -0.004003 -0.077243
v 0.054974 -0.049084 -0.004359
v 0.034453 -0.010207 -0.069946
v 0.037305 -0.011569 -0.068106
v 0.039275 -0.012382 -0.067738
v 0.053420 -0.035521 -0.054871
v 0.042932 -0.014819 -0.065475
v 0.013038 -0.003017 -0.077939
v 0.048381 -0.021649 -0.060273
v 0.047273 -0.020043 -0.060619
v 0.029656 -0.009346 -0.069738
v 0.032365 -0.009444 -0.070856
v 0.009293 -0.001440 -0.079175
v 0.051132 -0.025870 -0.061574
v 0.032646 -0.010290 -0.068375
v 0.052094 -0.030874 -0.056154
v 0.039072 -0.012915 -0.065366
v 0.019394 -0.006501 -0.073839
v 0.021846 -0.007223 -0.072840
v 0.036990 -0.011975 -0.066145
v 0.006604 -0.003583 -0.076783
v 0.011725 -0.004529 -0.075960
v 0.041033 -0.014074 -0.064166
v 0.014821 -0.005185 -0.075373
v 0.054149 -0.040849 -0.048722
v 0.024388 -0.008244 -0.071030
v 0.042538 -0.015409 -0.062112
v 0.017033 -0.005997 -0.074383
v 0.030990 -0.010360 -0.066949
v 0.025824 -0.008828 -0.069827
v 0.044520 -0.002652 -0.089000
v 0.043475 -0.002774 -0.087941
v 0.044351 -0.016372 -0.063429
v 0.044952 -0.017065 -0.062628
v 0.045025 -0.004189 -0.087660
v 0.045166 -0.018441 -0.058125
v 0.019891 -0.007876 -0.071019
v 0.014683 -0.007786 -0.070522
v 0.042245 -0.003785 -0.085745
v 0.046508 -0.019999 -0.057752
v 0.035247 -0.011876 -0.064125
v 0.044300 -0.005895 -0.084824
v 0.007383 -0.005180 -0.074743
v 0.042355 -0.005341 -0.083891
v 0.054047 -0.038886 -0.052427
v 0.005054 -0.003046 -0.077300
v 0.044157 -0.017179 -0.059535
v 0.040281 -0.003178 -0.085174
v 0.039987 -0.014250 -0.060391
v 0.037086 -0.012640 -0.062993
v 0.039592 -0.013711 -0.062475
v 0.009679 -0.006437 -0.072867
v 0.024353 -0.009359 -0.067532
v 0.027771 -0.009710 -0.067593
v 0.015116 -0.006950 -0.072412
v 0.036478 -0.001157 -0.085531
v 0.048236 -0.022919 -0.055968
v 0.034458 -0.012025 -0.061546
v 0.051762 -0.032546 -0.049563
v 0.015482 -0.008414 -0.068906
v 0.037944 -0.013377 -0.059937
v 0.009181 -0.007152 -0.071463
v 0.042735 -0.016437 -0.057336
v 0.043132 -0.016292 -0.059831
v 0.054568 -0.003304 -0.106331
v 0.035734 -0.012532 -0.060251
v 0.039822 -0.014528 -0.057300
v 0.040326 -0.014569 -0.059376
v 0.044253 -0.017729 -0.057332
v 0.043021 -0.016958 -0.055358
v 0.005801 -0.007733 -0.069969
v 0.054640 -0.006237 -0.104288
v 0.023917 -0.009754 -0.065575
v 0.026476 -0.010242 -0.064202
v 0.003945 -0.006814 -0.071871
v 0.054302 -0.005475 -0.103344
v 0.038210 -0.013653 -0.058140
v 0.054051 -0.003185 -0.104271
v 0.051983 -0.033928 -0.046811
v 0.053629 -0.003070 -0.102969
v 0.021239 -0.009864 -0.063478
v 0.044755 -0.011945 -0.075902
v 0.045419 -0.019475 -0.054559
v 0.046797 -0.021102 -0.054975
v 0.054660 -0.009676 -0.100931
v 0.030384 -0.011261 -0.059627
v 0.031739 -0.011328 -0.062039
v 0.020558 -0.009537 -0.065426
v 0.030620 -0.011030 -0.062811
v 0.053184 -0.001540 -0.102888
v 0.036523 -0.005747 -0.079908
v 0.036047 -0.012818 -0.057587
v 0.050879 -0.030920 -0.045592
v 0.054397 -0.008495 -0.100831
v 0.053986 -0.007106 -0.100520
v 0.041168 -0.015534 -0.055426
v 0.053735 -0.005671 -0.101000
v 0.013729 -0.008754 -0.067602
v 0.027430 -0.010653 -0.061802
v 0.038909 -0.008848 -0.076162
v 0.033061 -0.011854 -0.059206
v 0.054647 -0.013518 -0.096434
v 0.044019 -0.018087 -0.053861
v 0.052892 -0.004316 -0.099770
v 0.025010 -0.010383 -0.061487
v 0.044955 -0.019203 -0.052832
v 0.052562 -0.001896 -0.101085
v 0.054122 -0.012438 -0.095196
v 0.047360 -0.018107 -0.066410
v 0.029845 -0.011195 -0.057184
v 0.039762 -0.014679 -0.054555
v 0.038485 -0.013934 -0.055585
v 0.039119 -0.010774 -0.072249
v 0.041693 -0.016049 -0.053270
v 0.046103 -0.017104 -0.065808
v 0.046079 -0.020789 -0.051369
v 0.045364 -0.015835 -0.067697
v 0.024987 -0.010477 -0.059264
v 0.044435 -0.018785 -0.049978
v 0.046535 -0.021602 -0.049199
v 0.053732 -0.009654 -0.096865
v 0.018610 -0.009798 -0.062593
v 0.042155 -0.016477 -0.051304
v 0.043464 -0.017698 -0.051062
v 0.015443 -0.009731 -0.060872
v 0.053225 -0.006623 -0.098464
v 0.020889 -0.010039 -0.061086
v 0.019129 -0.009942 -0.059408
v 0.032170 -0.011675 -0.056229
v 0.008809 -0.009277 -0.064666
v 0.011536 -0.009528 -0.062779
v 0.014962 -0.009520 -0.063731
v 0.052030 -0.002487 -0.099382
v 0.021936 -0.010145 -0.058287
v 0.044278 -0.015528 -0.066146
v 0.051877 -0.005784 -0.095925
v 0.040952 -0.015484 -0.051258
v 0.051010 -0.002199 -0.097668
v 0.052649 -0.008798 -0.094510
v 0.052493 -0.006887 -0.096191
v 0.047535 -0.023160 -0.049895
v 0.051212 -0.004584 -0.095776
v 0.035392 -0.012584 -0.054352
v 0.033980 -0.012159 -0.055540
v 0.046957 -0.022255 -0.047623
v 0.048196 -0.024524 -0.046483
v 0.050740 -0.005068 -0.094388
v 0.025750 -0.010517 -0.056636
v 0.027603 -0.010829 -0.058930
v 0.050153 -0.003128 -0.095353
v 0.049554 -0.001911 -0.095596
v 0.049452 -0.004684 -0.092637
v 0.048149 -0.002695 -0.092899
v 0.049779 -0.006444 -0.091180
v 0.043738 -0.017920 -0.048833
v 0.036752 -0.013086 -0.053101
v 0.031902 -0.011489 -0.053931
v 0.048228 -0.005286 -0.090172
v 0.050814 -0.008606 -0.090540
v 0.038368 -0.013887 -0.052914
v 0.048805 -0.006663 -0.089392
v 0.045803 -0.001185 -0.091789
v 0.046828 -0.004318 -0.089499
v 0.027936 -0.010713 -0.054581
v 0.046224 -0.002753 -0.090574
v 0.036277 -0.012681 -0.051096
v 0.051646 -0.033424 -0.042946
v 0.029920 -0.010943 -0.053024
v 0.037836 -0.013415 -0.050697
v 0.048011 -0.007810 -0.086720
v 0.046792 -0.006207 -0.087139
v 0.045676 -0.020031 -0.046028
v 0.047404 -0.008795 -0.084530
v 0.039500 -0.014434 -0.050910
v 0.054532 -0.046086 -0.038191
v 0.051208 -0.031956 -0.041083
v 0.031879 -0.011247 -0.051745
v 0.048586 -0.010114 -0.084449
v 0.045538 -0.006601 -0.085173
v 0.053227 -0.039610 -0.038928
v 0.054345 -0.045486 -0.036178
v 0.037699 -0.013032 -0.049017
v 0.054346 -0.016846 -0.090606
v 0.050999 -0.027784 -0.056917
v 0.046614 -0.021472 -0.045483
v 0.044433 -0.018429 -0.046741
v 0.034619 -0.012186 -0.052582
v 0.039339 -0.014035 -0.048854
v 0.042007 -0.015952 -0.047760
v 0.053378 -0.011714 -0.093293
v 0.044992 -0.018676 -0.044796
v 0.040895 -0.015289 -0.049450
v 0.046443 -0.007948 -0.084421
v 0.050115 -0.028616 -0.041521
v 0.052929 -0.038178 -0.035614
v 0.033961 -0.011657 -0.050346
v 0.053752 -0.042349 -0.034801
v 0.054572 -0.019005 -0.088912
v 0.010995 -0.003890 -0.076717
v 0.047847 -0.022674 -0.041244
v 0.033838 -0.010927 -0.066948
v 0.042846 -0.016123 -0.045286
v 0.041565 -0.014871 -0.045512
v 0.035442 -0.012115 -0.049916
v 0.052543 -0.036611 -0.037265
v 0.051692 -0.033052 -0.037328
v 0.043364 -0.017200 -0.047062
v 0.038987 -0.013427 -0.047458
v 0.047131 -0.021532 -0.042264
v 0.050251 -0.026648 -0.055778
v 0.054334 -0.046150 -0.031182
v 0.045836 -0.009438 -0.081549
v 0.046384 -0.020598 -0.043678
v 0.045744 -0.019096 -0.042713
v 0.001658 -0.001398 -0.078833
v 0.043680 -0.016902 -0.044710
v 0.035913 -0.011868 -0.048095
v 0.049199 -0.025476 -0.039777
v 0.044513 -0.007583 -0.082785
v 0.037474 -0.012523 -0.047610
v 0.053782 -0.015352 -0.090064
v 0.044653 -0.017730 -0.043503
v 0.033687 -0.011293 -0.065109
v 0.052522 -0.035587 -0.033440
v 0.046384 -0.018918 -0.040052
v 0.045212 -0.017240 -0.040860
v 0.048506 -0.022901 -0.038445
v 0.038576 -0.011797 -0.044265
v 0.037773 -0.012054 -0.045868
v 0.041765 -0.013977 -0.043160
v 0.042765 -0.014811 -0.042641
v 0.047930 -0.020631 -0.037373
v 0.047194 -0.020226 -0.039423
v 0.053099 -0.038211 -0.031674
v 0.053722 -0.041947 -0.031298
v 0.040540 -0.012843 -0.043251
v 0.051061 -0.028818 -0.033870
v 0.049697 -0.025351 -0.036615
v 0.028364 -0.010209 -0.065743
v 0.044207 -0.009096 -0.080241
v 0.052434 -0.012172 -0.089901
v 0.041410 -0.012443 -0.041215
v 0.030083 -0.010685 -0.064553
v 0.043740 -0.014189 -0.039712
v 0.043931 -0.016255 -0.042555
v 0.048704 -0.021311 -0.035506
v 0.047026 -0.018404 -0.037455
v 0.054603 -0.048619 -0.027063
v 0.052138 -0.032881 -0.032010
v 0.042024 -0.012165 -0.039892
v 0.044843 -0.014998 -0.038564
v 0.054246 -0.045179 -0.026661
v 0.049542 -0.023927 -0.035346
v 0.048037 -0.023508 -0.052726
v 0.043445 -0.012613 -0.038211
v 0.045714 -0.010935 -0.079007
v 0.051714 -0.029335 -0.030362
v 0.053629 -0.039988 -0.027006
v 0.046027 -0.016627 -0.037918
v 0.045621 -0.014132 -0.036005
v 0.045196 -0.012843 -0.035456
v 0.050047 -0.023908 -0.033198
v 0.051503 -0.030442 -0.053534
v 0.044668 -0.010480 -0.078488
v 0.053023 -0.013596 -0.089738
v 0.050923 -0.026255 -0.031515
v 0.050790 -0.022102 -0.028732
v 0.046802 -0.013068 -0.032650
v 0.046793 -0.015059 -0.034482
v 0.054607 -0.048373 -0.021977
v 0.049982 -0.021039 -0.030841
v 0.051484 -0.024506 -0.027511
v 0.052299 -0.028953 -0.026595
v 0.051865 -0.009879 -0.091298
v 0.048084 -0.013521 -0.030351
v 0.047040 -0.022071 -0.052072
v 0.052187 -0.024600 -0.024374
v 0.048877 -0.012857 -0.028127
v 0.050848 -0.029159 -0.052612
v 0.051150 -0.017811 -0.024962
v 0.053546 -0.018320 -0.084984
v 0.051998 -0.012905 -0.019763
v 0.048935 -0.025723 -0.049937
v 0.053934 -0.027815 -0.015547
v 0.052627 -0.012986 -0.017622
v 0.053253 -0.013447 -0.015293
v 0.053533 -0.013288 -0.013946
v 0.051614 -0.011571 -0.088554
v 0.053933 -0.012587 -0.011681
v 0.049342 -0.026920 -0.047396
v 0.054954 -0.012498 -0.002488
v 0.053034 -0.017357 -0.084443
v 0.051163 -0.021228 -0.071082
v 0.044155 -0.013734 -0.071059
v 0.039739 -0.014679 -0.052719
v 0.052343 -0.015066 -0.085567
v 0.036839 -0.007817 -0.076759
v 0.036963 -0.013217 -0.056091
v 0.050344 -0.010250 -0.087505
v 0.035646 -0.008088 -0.075615
v 0.049316 -0.008621 -0.087785
v 0.024824 -0.003701 -0.079082
v 0.049008 -0.020775 -0.064715
v 0.036498 -0.009251 -0.073728
v 0.035312 -0.009933 -0.071311
v 0.049157 -0.022635 -0.060743
v 0.003907 -0.009378 -0.063618
v 0.026734 -0.007882 -0.072553
v 0.051356 -0.013454 -0.085230
v 0.021620 -0.008710 -0.069034
v 0.041692 -0.015434 -0.059091
v 0.018711 -0.009090 -0.067021
v 0.003937 -0.002173 -0.078158
v 0.052619 -0.033191 -0.028298
v 0.053337 -0.035840 -0.024903
v 0.049292 -0.018818 -0.031361
v 0.051131 -0.013140 -0.022563
v 0.007261 -0.006788 -0.056301
v 0.008987 -0.006002 -0.055462
v 0.011042 -0.006605 -0.055424
v 0.003769 -0.005302 -0.055831
v 0.002758 -0.004376 -0.055502
v 0.001833 -0.004883 -0.055757
v 0.005369 -0.004682 -0.055405
v 0.004401 -0.003510 -0.055131
v 0.012958 -0.005611 -0.054421
v 0.025154 -0.010268 -0.055334
v 0.024904 -0.009972 -0.054335
v 0.005848 -0.005519 -0.055706
v 0.017823 -0.008050 -0.054678
v 0.015619 -0.007796 -0.055195
v 0.006530 -0.006186 -0.055989
v 0.014926 -0.007292 -0.054940
v 0.017320 -0.008431 -0.055364
v 0.024776 -0.009597 -0.053468
v 0.021567 -0.009073 -0.054424
v 0.020207 -0.008601 -0.054348
v 0.019893 -0.008053 -0.053822
v 0.001497 -0.002903 -0.055135
v 0.022428 -0.009500 -0.054807
v 0.013844 -0.006432 -0.054623
v 0.027410 -0.010280 -0.053130
v 0.002664 -0.003492 -0.055233
v 0.018560 -0.007479 -0.053834
v 0.015867 -0.006724 -0.054217
v 0.009043 -0.005086 -0.055019
v 0.008273 -0.004265 -0.054861
v 0.025033 -0.009292 -0.052718
v 0.027469 -0.010046 -0.052387
v 0.005953 -0.003691 -0.055018
v 0.028131 -0.010572 -0.053506
v 0.021702 -0.008065 -0.052997
v 0.010790 -0.004625 -0.054510
v 0.009049 -0.003448 -0.054541
v 0.029627 -0.010426 -0.051285
v 0.015665 -0.005897 -0.053785
v 0.023157 -0.008414 -0.052626
v 0.004422 -0.002483 -0.054943
v 0.013560 -0.004238 -0.053771
v 0.013708 -0.004910 -0.053936
v 0.022347 -0.007389 -0.052118
v 0.006519 -0.001996 -0.054680
v 0.030808 -0.010907 -0.051547
v 0.008019 -0.002308 -0.054510
v 0.022991 -0.008853 -0.053295
v 0.018508 -0.006598 -0.053201
v 0.017939 -0.005169 -0.052722
v 0.011588 -0.002237 -0.053863
v 0.016282 -0.004548 -0.053066
v 0.027836 -0.009576 -0.051143
v 0.024186 -0.008022 -0.051662
v 0.033133 -0.011225 -0.049804
v 0.026052 -0.008126 -0.050640
v 0.025418 -0.008744 -0.051675
v 0.004161 -0.001481 -0.054873
v 0.011131 -0.001613 -0.053903
v 0.031332 -0.010473 -0.049672
v 0.019513 -0.004492 -0.051920
v 0.028242 -0.008142 -0.049197
v 0.028272 -0.008692 -0.049666
v 0.014211 -0.002039 -0.053204
v 0.034203 -0.011273 -0.048652
v 0.020738 -0.005523 -0.051790
v 0.029652 -0.009639 -0.049718
v 0.031620 -0.009998 -0.048595
v 0.013022 -0.003377 -0.053709
v 0.033614 -0.010624 -0.047891
v 0.020572 -0.006563 -0.052354
v 0.021610 -0.004797 -0.051158
v 0.022535 -0.003564 -0.050447
v 0.016874 -0.002001 -0.052411
v 0.027717 -0.008998 -0.050419
v 0.030296 -0.009028 -0.048469
v 0.023492 -0.005137 -0.050390
v 0.032950 -0.009893 -0.047388
v 0.018737 -0.001576 -0.051749
v 0.022065 -0.006325 -0.051567
v 0.035761 -0.011465 -0.047263
v 0.035284 -0.010820 -0.046609
v 0.026407 -0.007432 -0.049911
v 0.023413 -0.006577 -0.051045
v 0.020171 -0.002002 -0.051231
v 0.033801 -0.009049 -0.045866
v 0.016913 -0.003290 -0.052585
v 0.025068 -0.005177 -0.049601
v 0.025307 -0.004202 -0.049214
v 0.022301 -0.001928 -0.050332
v 0.034497 -0.010024 -0.046265
v 0.026754 -0.004474 -0.048471
v 0.027476 -0.005816 -0.048436
v 0.037065 -0.011003 -0.044921
v 0.025291 -0.006555 -0.050038
v 0.023757 -0.001536 -0.049637
v 0.035388 -0.008968 -0.044482
v 0.024998 -0.002927 -0.049150
v 0.029058 -0.005072 -0.047219
v 0.036059 -0.010040 -0.044821
v 0.020297 -0.003265 -0.051352
v 0.025788 -0.001497 -0.048610
v 0.030458 -0.004420 -0.046159
v 0.027565 -0.001938 -0.047642
v 0.026942 -0.006713 -0.049146
v 0.031856 -0.005850 -0.045571
v 0.030596 -0.007520 -0.047159
v 0.036964 -0.009070 -0.043042
v 0.036157 -0.008164 -0.043236
v 0.037808 -0.010300 -0.043218
v 0.032545 -0.004951 -0.044828
v 0.038420 -0.009497 -0.041847
v 0.029472 -0.001917 -0.046486
v 0.033347 -0.003938 -0.044019
v 0.028926 -0.006588 -0.047820
v 0.031403 -0.002891 -0.045292
v 0.032830 -0.008337 -0.046065
v 0.040673 -0.011141 -0.040648
v 0.001376 -0.009391 -0.062507
v 0.038331 -0.008170 -0.041102
v 0.035265 -0.004849 -0.042695
v 0.039816 -0.009538 -0.040321
v 0.004354 -0.009382 -0.061953
v 0.042571 -0.011359 -0.038279
v 0.035061 -0.003114 -0.042549
v 0.041520 -0.009959 -0.038547
v 0.037047 -0.004915 -0.041136
v 0.037322 -0.003395 -0.040605
v 0.004733 -0.009259 -0.061020
v 0.044325 -0.011648 -0.035861
v 0.035168 -0.001898 -0.042341
v 0.043357 -0.010428 -0.036415
v 0.033934 -0.007809 -0.044903
v 0.032074 -0.006692 -0.045731
v 0.002462 -0.009001 -0.060356
v 0.027654 -0.003365 -0.047760
v 0.039027 -0.004956 -0.039228
v 0.043084 -0.008602 -0.035773
v 0.037499 -0.001879 -0.040288
v 0.039778 -0.003459 -0.038184
v 0.046024 -0.011807 -0.033131
v 0.045118 -0.010528 -0.033817
v 0.041031 -0.004939 -0.037074
v 0.044443 -0.008579 -0.033863
v 0.038792 -0.002676 -0.039099
v 0.040859 -0.002869 -0.036939
v 0.046033 -0.010192 -0.032129
v 0.042535 -0.003027 -0.035002
v 0.042848 -0.005540 -0.035041
v 0.047477 -0.011507 -0.030244
v 0.052397 -0.008569 -0.017340
v 0.052809 -0.007418 -0.015732
v 0.051776 -0.004591 -0.018724
v 0.054296 -0.010935 -0.009235
v 0.039168 -0.011304 -0.042757
v 0.053398 -0.008926 -0.013643
v 0.052806 -0.003528 -0.015457
v 0.053677 -0.007186 -0.012251
v 0.053947 -0.005859 -0.010843
v 0.054819 -0.010780 -0.004596
v 0.054580 -0.006409 -0.006937
v 0.054802 -0.003948 -0.004734
v 0.054941 -0.004176 -0.002623
v 0.035503 -0.007378 -0.043397
v 0.011890 -0.009581 -0.061882
v 0.007004 -0.009378 -0.061262
v 0.008659 -0.009467 -0.061667
v 0.008709 -0.009331 -0.060407
v 0.012722 -0.009555 -0.060374
v 0.005097 -0.009099 -0.060283
v 0.034387 -0.006462 -0.043913
v 0.004853 -0.008806 -0.059486
v 0.008530 -0.009115 -0.059544
v 0.009302 -0.008845 -0.058577
v 0.016503 -0.009715 -0.059350
v 0.004927 -0.008316 -0.058473
v 0.006643 -0.008624 -0.058710
v 0.011377 -0.009133 -0.058785
v 0.012824 -0.009409 -0.059383
v 0.013381 -0.008890 -0.057538
v 0.014212 -0.009241 -0.058188
v 0.020835 -0.009926 -0.057439
v 0.008499 -0.008272 -0.057676
v 0.038124 -0.006924 -0.040731
v 0.002564 -0.008208 -0.058646
v 0.004543 -0.007848 -0.057848
v 0.001359 -0.007551 -0.057861
v 0.016534 -0.009531 -0.058240
v 0.016044 -0.008936 -0.056699
v 0.035773 -0.006118 -0.042622
v 0.012486 -0.008435 -0.056972
v 0.020541 -0.009789 -0.056945
v 0.008145 -0.007652 -0.056942
v 0.018376 -0.008982 -0.055819
v 0.018456 -0.009352 -0.056659
v 0.024647 -0.010322 -0.056239
v 0.002906 -0.007105 -0.057227
v 0.003571 -0.006575 -0.056683
v 0.004785 -0.007274 -0.057138
v 0.008776 -0.007073 -0.056252
v 0.003548 -0.005949 -0.056230
v 0.001324 -0.006126 -0.056513
v 0.037111 -0.006446 -0.041534
v 0.021857 -0.009645 -0.055560
v 0.040338 -0.007955 -0.038826
v 0.039543 -0.006462 -0.039107
v 0.042082 -0.007990 -0.036783
v 0.041294 -0.006440 -0.037167
v 0.043218 -0.006767 -0.034902
v 0.045568 -0.008140 -0.031999
v 0.044506 -0.006816 -0.033148
v 0.044725 -0.005689 -0.032558
v 0.047409 -0.009046 -0.029234
v 0.046569 -0.008010 -0.030351
v 0.044212 -0.003044 -0.032844
v 0.046565 -0.005932 -0.029817
v 0.048855 -0.011321 -0.027354
v 0.048237 -0.008608 -0.027534
v 0.045888 -0.003005 -0.030440
v 0.048951 -0.008965 -0.026237
v 0.050341 -0.012170 -0.024250
v 0.047842 -0.005807 -0.027595
v 0.049288 -0.008090 -0.025291
v 0.048385 -0.003756 -0.026307
v 0.047131 -0.002868 -0.028450
v 0.050722 -0.009437 -0.022331
v 0.051292 -0.011847 -0.021559
v 0.049753 -0.006564 -0.023951
v 0.050869 -0.007402 -0.021512
v 0.049292 -0.003026 -0.024491
v 0.051826 -0.008715 -0.019125
v 0.050303 -0.003333 -0.022356
v 0.054417 -0.007772 -0.008193
v 0.006295 -0.009434 -0.062902
v 0.011291 -0.008038 -0.056705
v 0.014272 -0.008137 -0.056021
v 0.012059 -0.007552 -0.055971
v 0.012064 -0.007076 -0.055543
v 0.049605 -0.084921 0.012606
v 0.048943 -0.084496 0.015287
v 0.028907 -0.098990 0.038722
v 0.021949 -0.085110 0.046348
v 0.046592 -0.097189 0.014253
v 0.048260 -0.090089 0.013766
v 0.048163 -0.099008 0.003595
v 0.024255 -0.096863 0.042361
v 0.025563 -0.088020 0.043742
v 0.023199 -0.091166 0.044329
v 0.031760 -0.106836 0.033999
v 0.034304 -0.102324 0.032949
v 0.035811 -0.070512 0.040317
v 0.034316 -0.072785 0.041098
v 0.013048 -0.080074 0.050646
v 0.016126 -0.080083 0.049742
v 0.009519 -0.074045 0.052558
v 0.007866 -0.070929 0.053369
v 0.051981 -0.073060 0.011540
v 0.052556 -0.072636 0.008743
v 0.051250 -0.074748 0.013492
v 0.027404 -0.090737 0.041942
v 0.037714 -0.070458 0.038538
v 0.019002 -0.090325 0.046506
v 0.019061 -0.080530 0.048578
v 0.050340 -0.083497 0.010561
v 0.031304 -0.098913 0.036820
v 0.047828 -0.098239 0.007875
v 0.047321 -0.103352 0.000678
v 0.030202 -0.106780 0.035410
v 0.033109 -0.098890 0.035207
v 0.047498 -0.097156 0.010847
v 0.048653 -0.091636 0.010911
v 0.010009 -0.080912 0.051192
v 0.026459 -0.098953 0.040448
v 0.031941 -0.072072 0.043135
v 0.045271 -0.073753 0.028106
v 0.049630 -0.089340 0.008210
v 0.006775 -0.078030 0.052260
v 0.047682 -0.100221 0.005852
v 0.045685 -0.089943 0.020878
v 0.016099 -0.090809 0.047494
v 0.020959 -0.096476 0.044196
v 0.047527 -0.089989 0.016199
v 0.043187 -0.076127 0.030510
v 0.003920 -0.078493 0.052473
v 0.045932 -0.106776 0.007632
v 0.046557 -0.091194 0.018173
v 0.013352 -0.090322 0.048463
v 0.044185 -0.091026 0.023427
v 0.046027 -0.102067 0.012305
v 0.009984 -0.090407 0.049260
v 0.019112 -0.098979 0.044422
v 0.037461 -0.079856 0.036380
v 0.045484 -0.096825 0.017679
v 0.039541 -0.083675 0.032960
v 0.043108 -0.090867 0.025417
v 0.007684 -0.090605 0.049637
v 0.005641 -0.085818 0.050903
v 0.044561 -0.096889 0.019845
v 0.016629 -0.100937 0.044954
v 0.036022 -0.079252 0.037971
v 0.002873 -0.085917 0.051113
v 0.011693 -0.096491 0.047535
v 0.038540 -0.082546 0.034455
v 0.043508 -0.097776 0.021634
v 0.014465 -0.099000 0.046159
v 0.029463 -0.070880 0.045122
v 0.018384 -0.106705 0.042795
v 0.041580 -0.090724 0.027902
v 0.009823 -0.098992 0.047381
v 0.013973 -0.106432 0.044508
v 0.003661 -0.096346 0.048864
v 0.027135 -0.070926 0.046561
v 0.006590 -0.097249 0.048352
v 0.039886 -0.089832 0.030568
v 0.053766 -0.067799 0.004354
v 0.054135 -0.065886 0.001978
v 0.043597 -0.106609 0.016467
v 0.053615 -0.067095 0.007275
v 0.007925 -0.106388 0.045986
v 0.031246 -0.079921 0.041867
v 0.001468 -0.100996 0.047918
v 0.033961 -0.082600 0.038995
v 0.005349 -0.106507 0.046325
v 0.052387 -0.077254 0.001386
v 0.052742 -0.074886 -0.000476
v 0.053656 -0.069149 -0.000003
v 0.044285 -0.101095 0.018151
v 0.024822 -0.070937 0.047841
v 0.041800 -0.099199 0.024157
v 0.052992 -0.067688 0.010750
v 0.052296 -0.077340 0.003802
v 0.052505 -0.067302 0.013339
v 0.052103 -0.077350 0.006180
v 0.051803 -0.080447 -0.000779
v 0.051644 -0.068064 0.016101
v 0.050412 -0.063241 0.021783
v 0.050091 -0.069203 0.020092
v 0.050469 -0.087990 0.001390
v 0.050382 -0.088426 -0.000209
v 0.048537 -0.069461 0.023595
v 0.050659 -0.086532 0.003655
v 0.022893 -0.073489 0.048320
v 0.048931 -0.076078 0.019906
v 0.048543 -0.074135 0.021695
v 0.048697 -0.096968 0.000315
v 0.045297 -0.063937 0.031068
v 0.044038 -0.066354 0.032203
v 0.028558 -0.079966 0.043743
v 0.049937 -0.089346 0.005890
v 0.046802 -0.082834 0.021770
v 0.043336 -0.071638 0.031667
v 0.045303 -0.070030 0.029266
v 0.037777 -0.090768 0.032847
v 0.048700 -0.081381 0.017862
v 0.041368 -0.073729 0.033648
v 0.047599 -0.083010 0.019852
v 0.040907 -0.083006 0.031462
v 0.042453 -0.083231 0.029256
v 0.036568 -0.088078 0.034988
v 0.038986 -0.098374 0.028767
v 0.040646 -0.097024 0.026907
v 0.038065 -0.106606 0.026857
v 0.039286 -0.106643 0.025033
v 0.020390 -0.073512 0.049436
v 0.051310 -0.080353 0.008261
v 0.026306 -0.079999 0.045140
v 0.034709 -0.090649 0.036121
v 0.042822 -0.102871 0.020467
v 0.037734 -0.097186 0.030796
v 0.047127 -0.069745 0.026260
v 0.046588 -0.063807 0.029096
v 0.047526 -0.074939 0.023566
v 0.049300 -0.093687 0.003071
v 0.017239 -0.071001 0.051081
v 0.039975 -0.069046 0.036534
v 0.024177 -0.080496 0.046219
v 0.039692 -0.073983 0.035553
v 0.032681 -0.091317 0.037793
v 0.050568 -0.075018 0.015790
v 0.043864 -0.083171 0.027112
v 0.035832 -0.096776 0.033124
v 0.014707 -0.071009 0.051873
v 0.005141 -0.070873 0.053716
v 0.029964 -0.090716 0.040151
v 0.050472 -0.071235 0.018110
v 0.042366 -0.067873 0.034000
v 0.045870 -0.083381 0.023445
v 0.012141 -0.070996 0.052542
v 0.003070 -0.070859 0.053874
v 0.046363 -0.075084 0.025753
v 0.045204 -0.082719 0.024979
v 0.016130 -0.060172 -0.104426
v 0.018368 -0.059423 -0.104280
v 0.013766 -0.104396 -0.046284
v 0.054187 -0.039315 -0.063713
v 0.048224 -0.078940 -0.024575
v 0.002927 -0.101870 -0.050196
v 0.016185 -0.105262 -0.044861
v 0.018749 -0.105310 -0.043771
v 0.052365 -0.056664 -0.038114
v 0.050025 -0.075541 -0.020811
v 0.038811 -0.045497 -0.105279
v 0.039398 -0.062810 -0.067367
v 0.053314 -0.069879 -0.004348
v 0.039686 -0.078902 -0.045419
v 0.031271 -0.061051 -0.083896
v 0.033263 -0.059942 -0.082984
v 0.011278 -0.105067 -0.046546
v 0.010232 -0.102660 -0.048481
v 0.040231 -0.044435 -0.103870
v 0.035216 -0.079234 -0.052001
v 0.027292 -0.061189 -0.089116
v 0.032491 -0.047206 -0.123224
v 0.024289 -0.076830 -0.066590
v 0.008042 -0.104245 -0.047816
v 0.047288 -0.041888 -0.086641
v 0.031217 -0.079120 -0.057096
v 0.010817 -0.059861 -0.110386
v 0.012640 -0.059424 -0.110402
v 0.007776 -0.059148 -0.115890
v 0.033107 -0.078323 -0.055782
v 0.037455 -0.044731 -0.113017
v 0.003156 -0.071688 -0.084409
v 0.036747 -0.046778 -0.107826
v 0.052764 -0.057573 -0.033778
v 0.048785 -0.041227 -0.082678
v 0.002971 -0.059161 -0.118564
v 0.045914 -0.078819 -0.031956
v 0.047705 -0.075674 -0.029818
v 0.034567 -0.046011 -0.119783
v 0.049114 -0.078647 -0.021453
v 0.053349 -0.057082 -0.030808
v 0.045966 -0.041140 -0.092907
v 0.015641 -0.076850 -0.072250
v 0.017683 -0.074512 -0.074442
v 0.017893 -0.061195 -0.099794
v 0.020154 -0.061030 -0.097859
v 0.002846 -0.073293 -0.081723
v 0.044123 -0.062014 -0.058419
v 0.051028 -0.059110 -0.040334
v 0.041770 -0.042913 -0.103096
v 0.023843 -0.062466 -0.090582
v 0.025977 -0.059703 -0.094072
v 0.005236 -0.104420 -0.048119
v 0.042283 -0.060887 -0.064544
v 0.050014 -0.043161 -0.074354
v 0.043825 -0.078412 -0.037630
v 0.045630 -0.075800 -0.035895
v 0.053772 -0.057226 -0.027006
v 0.041122 -0.078078 -0.043672
v 0.041402 -0.045323 -0.097667
v 0.042983 -0.043677 -0.096901
v 0.037467 -0.080458 -0.047432
v 0.053201 -0.040211 -0.066826
v 0.014226 -0.074868 -0.075801
v 0.050164 -0.057095 -0.047752
v 0.042464 -0.080452 -0.038561
v 0.052494 -0.042627 -0.065446
v 0.044511 -0.042123 -0.095672
v 0.052452 -0.074912 -0.005046
v 0.007336 -0.072900 -0.081432
v 0.048744 -0.059579 -0.048793
v 0.045753 -0.058754 -0.059456
v 0.050891 -0.073929 -0.018319
v 0.051467 -0.075026 -0.013377
v 0.035441 -0.063639 -0.072967
v 0.038054 -0.061316 -0.072377
v 0.044283 -0.044919 -0.089850
v 0.002275 -0.104567 -0.048274
v 0.054508 -0.055301 -0.024735
v 0.052198 -0.072643 -0.011335
v 0.035899 -0.045402 -0.116636
v 0.027770 -0.063192 -0.084503
v 0.029455 -0.062267 -0.084100
v 0.010272 -0.075882 -0.075905
v 0.010106 -0.073818 -0.079089
v 0.013988 -0.060808 -0.104499
v 0.018172 -0.077713 -0.069715
v 0.020286 -0.075231 -0.071753
v 0.033852 -0.047440 -0.115329
v 0.032429 -0.048027 -0.118066
v 0.020206 -0.078675 -0.067223
v 0.022680 -0.075862 -0.069150
v 0.005066 -0.059560 -0.115652
v 0.021811 -0.061529 -0.094883
v 0.040893 -0.060964 -0.067420
v 0.026513 -0.078829 -0.062198
v 0.047237 -0.059999 -0.053074
v 0.011755 -0.061392 -0.104511
v 0.032195 -0.063122 -0.078799
v 0.045936 -0.032263 -0.123654
v 0.045354 -0.032814 -0.126988
v 0.033444 -0.080702 -0.052721
v 0.046840 -0.030401 -0.127095
v 0.029732 -0.048960 -0.125171
v 0.046563 -0.031783 -0.119967
v 0.044776 -0.035034 -0.117492
v 0.035353 -0.061080 -0.077514
v 0.045775 -0.045224 -0.084591
v 0.046082 -0.033364 -0.115916
v 0.044171 -0.037140 -0.112016
v 0.045680 -0.034941 -0.111908
v 0.006409 -0.060707 -0.110176
v 0.008854 -0.060278 -0.110325
v 0.044048 -0.038680 -0.107152
v 0.022229 -0.079521 -0.064794
v 0.043325 -0.041229 -0.102295
v 0.044811 -0.039634 -0.101033
v 0.035182 -0.047181 -0.111553
v 0.005884 -0.074837 -0.078710
v 0.027555 -0.080119 -0.059718
v 0.029159 -0.077689 -0.061008
v 0.002386 -0.059933 -0.114984
v 0.042145 -0.046399 -0.092835
v 0.050034 -0.087016 -0.007715
v 0.046701 -0.091960 -0.018406
v 0.047383 -0.095370 -0.012996
v 0.047138 -0.093869 -0.015298
v 0.048466 -0.091500 -0.011825
v 0.048925 -0.091278 -0.009584
v 0.045172 -0.106134 -0.011895
v 0.029743 -0.080568 -0.057058
v 0.046548 -0.079951 -0.029049
v 0.013509 -0.077494 -0.072359
v 0.050028 -0.060535 -0.042241
v 0.024369 -0.079893 -0.062734
v 0.036474 -0.047998 -0.104673
v 0.050410 -0.079640 -0.014273
v 0.047290 -0.080835 -0.025925
v 0.039826 -0.046815 -0.098427
v 0.015055 -0.062354 -0.099282
v 0.030896 -0.049074 -0.118576
v 0.040648 -0.081326 -0.041258
v 0.038122 -0.081679 -0.045183
v 0.045911 -0.062930 -0.052270
v 0.035750 -0.081726 -0.048623
v 0.047196 -0.045872 -0.078814
v 0.043917 -0.081867 -0.034058
v 0.033326 -0.048704 -0.111699
v 0.028338 -0.049550 -0.128722
v 0.048731 -0.047120 -0.071354
v 0.017043 -0.063092 -0.095816
v 0.039660 -0.064905 -0.063594
v 0.003900 -0.061057 -0.109951
v 0.031801 -0.081949 -0.053334
v 0.010730 -0.078246 -0.072410
v 0.009909 -0.061810 -0.104477
v 0.037834 -0.064875 -0.066966
v 0.025699 -0.064241 -0.084935
v 0.041614 -0.064768 -0.059894
v 0.027729 -0.050554 -0.122656
v 0.051588 -0.061247 -0.033646
v 0.001925 -0.075280 -0.078642
v 0.049752 -0.080644 -0.016601
v 0.038296 -0.048155 -0.099121
v 0.006078 -0.076743 -0.075818
v 0.028990 -0.050271 -0.119209
v 0.047558 -0.063449 -0.046503
v 0.048849 -0.062319 -0.043877
v 0.026370 -0.051224 -0.123730
v 0.034581 -0.049096 -0.106487
v 0.033736 -0.083944 -0.049017
v 0.033378 -0.065065 -0.073745
v 0.015782 -0.080287 -0.067687
v 0.025825 -0.082349 -0.058733
v 0.041099 -0.083426 -0.038446
v 0.030885 -0.050030 -0.113930
v 0.007927 -0.062207 -0.104398
v 0.018450 -0.064132 -0.092252
v 0.044758 -0.083803 -0.030311
v 0.020432 -0.064843 -0.089025
v 0.051607 -0.078120 -0.008109
v 0.029897 -0.083108 -0.054171
v 0.054291 -0.058764 -0.017510
v 0.027905 -0.083568 -0.055598
v 0.043605 -0.047716 -0.085758
v 0.040455 -0.047997 -0.093742
v 0.044240 -0.065347 -0.052996
v 0.031394 -0.066144 -0.074719
v 0.029471 -0.065564 -0.078130
v 0.017508 -0.080549 -0.066498
v 0.022112 -0.064866 -0.087445
v 0.012378 -0.062839 -0.099986
v 0.046216 -0.065003 -0.048245
v 0.042457 -0.083831 -0.035431
v 0.038345 -0.083884 -0.042722
v 0.041960 -0.049276 -0.086867
v 0.020133 -0.081353 -0.064016
v 0.021902 -0.083006 -0.060978
v 0.032745 -0.050375 -0.107208
v 0.024664 -0.051975 -0.125611
v 0.035679 -0.083969 -0.046522
v 0.036085 -0.049881 -0.100201
v 0.023692 -0.065174 -0.085286
v 0.023110 -0.083810 -0.059255
v 0.050829 -0.052389 -0.053751
v 0.047711 -0.084490 -0.021205
v 0.013711 -0.080972 -0.067766
v 0.007601 -0.079014 -0.072279
v 0.044591 -0.048379 -0.081625
v 0.031524 -0.084373 -0.051186
v 0.052366 -0.061308 -0.028910
v 0.045941 -0.084777 -0.026404
v 0.030335 -0.051321 -0.110221
v 0.053112 -0.045398 -0.057180
v 0.038443 -0.049769 -0.094667
v 0.050835 -0.084302 -0.005015
v 0.053809 -0.059635 -0.020866
v 0.050472 -0.063667 -0.035047
v 0.045643 -0.049094 -0.077234
v 0.035632 -0.066665 -0.067841
v 0.054068 -0.044559 -0.053947
v 0.027801 -0.065767 -0.079798
v 0.005460 -0.062615 -0.104233
v 0.002177 -0.077379 -0.075510
v 0.040275 -0.050147 -0.089262
v 0.051420 -0.081824 -0.003215
v 0.043559 -0.085587 -0.031592
v 0.017982 -0.082691 -0.063705
v 0.018412 -0.065654 -0.089076
v 0.026743 -0.051993 -0.117399
v 0.010008 -0.063395 -0.099958
v 0.011149 -0.080826 -0.068928
v 0.021969 -0.053245 -0.126348
v 0.014186 -0.064188 -0.095396
v 0.048548 -0.065220 -0.040426
v 0.027632 -0.052194 -0.113883
v 0.039326 -0.086102 -0.039156
v 0.046893 -0.085050 -0.023408
v 0.005188 -0.079483 -0.072161
v 0.037377 -0.086369 -0.041944
v 0.049246 -0.065662 -0.037126
v 0.048609 -0.084868 -0.017544
v 0.041266 -0.086849 -0.035156
v 0.024466 -0.084593 -0.057424
v 0.034055 -0.051373 -0.100935
v 0.047152 -0.050182 -0.070687
v 0.000117 -0.062253 -0.106637
v 0.024974 -0.086277 -0.055339
v 0.012017 -0.064486 -0.096064
v 0.019614 -0.084031 -0.061286
v 0.023739 -0.052889 -0.122012
v 0.032765 -0.086256 -0.047982
v 0.044148 -0.089030 -0.027524
v 0.041620 -0.067353 -0.056073
v 0.002901 -0.062945 -0.104013
v 0.016194 -0.065125 -0.091878
v 0.024994 -0.052989 -0.117338
v 0.014834 -0.083548 -0.064272
v 0.038271 -0.051563 -0.090875
v 0.042399 -0.087152 -0.032743
v 0.053148 -0.061768 -0.022282
v 0.054968 -0.002107 -0.126597
v 0.055000 0.000575 -0.127402
v 0.002692 -0.079903 -0.071975
v 0.031134 -0.087028 -0.049046
v 0.054967 -0.001867 -0.120920
v 0.047219 -0.067276 -0.041893
v 0.025528 -0.066879 -0.080356
v 0.054888 -0.003587 -0.122658
v 0.029042 -0.086785 -0.051352
v 0.021131 -0.054232 -0.121167
v 0.034931 -0.087094 -0.044625
v 0.039750 -0.067950 -0.058900
v 0.054617 -0.006843 -0.126347
v 0.035788 -0.051822 -0.095865
v 0.029919 -0.052660 -0.106537
v 0.054918 -0.003602 -0.112462
v 0.007379 -0.063912 -0.099853
v 0.032183 -0.052622 -0.101615
v 0.054699 -0.006420 -0.116322
v 0.042905 -0.051964 -0.079035
v 0.037263 -0.067762 -0.063578
v 0.008356 -0.082421 -0.067770
v 0.011240 -0.083429 -0.065743
v 0.033601 -0.068103 -0.068650
v 0.054798 -0.005990 -0.112407
v 0.044648 -0.067278 -0.049182
v 0.038050 -0.088406 -0.039235
v 0.009622 -0.065051 -0.095993
v 0.022527 -0.054104 -0.118155
v 0.053982 -0.011278 -0.122709
v 0.054369 -0.009661 -0.115407
v 0.054187 -0.010527 -0.117704
v 0.021274 -0.066922 -0.084310
v 0.053734 -0.012339 -0.129672
v 0.027938 -0.068351 -0.075325
v 0.027330 -0.053667 -0.108749
v 0.013491 -0.065932 -0.091943
v 0.054550 -0.009711 -0.110559
v 0.027264 -0.087896 -0.051899
v 0.018981 -0.054548 -0.125901
v 0.017687 -0.086092 -0.060127
v 0.053536 -0.013338 -0.125272
v 0.025249 -0.053597 -0.113795
v 0.053208 -0.014705 -0.126251
v 0.054653 -0.011712 -0.105381
v 0.042459 -0.068219 -0.053034
v 0.053662 -0.013632 -0.117559
v 0.032627 -0.088942 -0.045757
v 0.021630 -0.088805 -0.055177
v 0.045610 -0.089271 -0.023679
v 0.040144 -0.052441 -0.084702
v 0.035688 -0.089739 -0.041409
v 0.020121 -0.087562 -0.057297
v 0.022733 -0.069026 -0.079340
v 0.039389 -0.089459 -0.036308
v 0.038265 -0.069248 -0.059738
v 0.005938 -0.082862 -0.067766
v 0.052967 -0.015607 -0.128022
v 0.054231 -0.012498 -0.109956
v 0.053944 -0.013680 -0.111534
v 0.051910 -0.052112 -0.049540
v 0.030341 -0.053780 -0.102143
v 0.053108 -0.015776 -0.119491
v 0.040148 -0.090376 -0.034353
v 0.052198 -0.064459 -0.024282
v 0.042852 -0.089283 -0.030165
v 0.029762 -0.068969 -0.072276
v 0.049969 -0.051974 -0.057900
v 0.004906 -0.064312 -0.099676
v 0.035578 -0.053910 -0.091365
v 0.016079 -0.066969 -0.088165
v 0.051857 -0.019352 -0.127161
v 0.043768 -0.054077 -0.072866
v 0.051154 -0.065419 -0.028863
v 0.031696 -0.069338 -0.069353
v 0.029863 -0.089912 -0.047740
v 0.033738 -0.053287 -0.096588
v 0.053434 -0.015825 -0.113080
v 0.054152 -0.062269 -0.009998
v 0.019033 -0.055119 -0.121102
v 0.014862 -0.085877 -0.061680
v 0.052492 -0.017933 -0.120658
v 0.025472 -0.088300 -0.052984
v 0.040629 -0.093059 -0.031565
v 0.054735 -0.014182 -0.100526
v 0.045640 -0.053314 -0.069303
v 0.054187 -0.015950 -0.103257
v 0.040690 -0.054484 -0.079395
v 0.051913 -0.019469 -0.123265
v 0.038120 -0.053849 -0.086258
v 0.025402 -0.054670 -0.109157
v 0.006998 -0.065567 -0.095862
v 0.052812 -0.017952 -0.114696
v 0.035549 -0.069880 -0.063228
v 0.053667 -0.016687 -0.107500
v 0.003517 -0.083301 -0.067624
v 0.044791 -0.069484 -0.045801
v 0.044273 -0.092359 -0.024752
v 0.046122 -0.068709 -0.043226
v 0.025884 -0.069427 -0.075763
v 0.052251 -0.019944 -0.114622
v 0.054422 -0.017662 -0.098217
v 0.028697 -0.054743 -0.102565
v 0.034410 -0.091603 -0.041495
v 0.051094 -0.021952 -0.122056
v 0.045832 -0.092302 -0.020750
v 0.050482 -0.023013 -0.127413
v 0.020679 -0.069127 -0.080908
v 0.037538 -0.091808 -0.037297
v 0.051396 -0.021896 -0.117612
v 0.052835 -0.019402 -0.109593
v 0.008959 -0.084957 -0.064680
v 0.052674 -0.053784 -0.042237
v 0.012065 -0.086599 -0.061962
v 0.022248 -0.055008 -0.114325
v 0.016411 -0.055515 -0.125520
v 0.021626 -0.056389 -0.109844
v 0.002319 -0.064653 -0.099406
v 0.027372 -0.090376 -0.049580
v 0.053314 -0.063619 -0.016959
v 0.053605 -0.018563 -0.103870
v 0.023368 -0.090008 -0.052929
v 0.050169 -0.024256 -0.122419
v 0.031846 -0.054525 -0.097225
v 0.051351 -0.023043 -0.113344
v 0.049322 -0.025670 -0.126915
v 0.010646 -0.066632 -0.091957
v 0.017890 -0.068903 -0.083326
v 0.016996 -0.055845 -0.121274
v 0.023639 -0.055519 -0.109468
v 0.013878 -0.067620 -0.088244
v 0.043027 -0.092748 -0.027245
v 0.025091 -0.090923 -0.050888
v 0.032741 -0.092210 -0.042922
v 0.053795 -0.020708 -0.097977
v 0.036264 -0.071122 -0.060424
v 0.052853 -0.021768 -0.103222
v 0.016091 -0.088280 -0.058662
v 0.053715 -0.062907 -0.014250
v 0.051751 -0.022893 -0.109896
v 0.050450 -0.024961 -0.114962
v 0.017860 -0.089403 -0.056730
v 0.033501 -0.055367 -0.092078
v 0.050318 -0.067582 -0.029708
v 0.040863 -0.071030 -0.052549
v 0.047879 -0.068883 -0.037530
v 0.038610 -0.092688 -0.035080
v 0.053344 -0.021828 -0.099270
v 0.011207 -0.068142 -0.088596
v 0.048087 -0.028163 -0.126930
v 0.047867 -0.053358 -0.062640
v 0.049719 -0.026124 -0.117612
v 0.004477 -0.066256 -0.094993
v 0.006883 -0.086393 -0.063559
v 0.048151 -0.028494 -0.122852
v 0.052640 -0.065695 -0.018912
v 0.048668 -0.027831 -0.120475
v 0.054480 -0.020944 -0.092670
v 0.026669 -0.055828 -0.103068
v 0.033913 -0.071108 -0.063864
v 0.051588 -0.024873 -0.105480
v 0.009594 -0.087256 -0.062014
v 0.023895 -0.070372 -0.076139
v 0.035733 -0.093559 -0.038409
v 0.042844 -0.071122 -0.048277
v 0.013793 -0.056233 -0.126186
v 0.052302 -0.024482 -0.101162
v 0.039201 -0.055525 -0.080619
v 0.027634 -0.092467 -0.047595
v 0.018358 -0.056401 -0.115515
v 0.014866 -0.056518 -0.121383
v 0.038715 -0.071868 -0.055425
v 0.013338 -0.088660 -0.059411
v 0.019932 -0.055963 -0.114645
v 0.050690 -0.026851 -0.106482
v 0.031023 -0.093678 -0.043549
v 0.008096 -0.067107 -0.092016
v 0.048770 -0.055149 -0.056420
v 0.049264 -0.028285 -0.112601
v 0.029868 -0.056390 -0.096087
v 0.003952 -0.085925 -0.064573
v 0.048427 -0.029343 -0.115126
v 0.041488 -0.095109 -0.028619
v 0.049345 -0.092933 -0.003463
v 0.054361 -0.024674 -0.087705
v 0.049644 -0.028875 -0.107791
v 0.015569 -0.069659 -0.083466
v 0.054201 -0.063269 -0.006525
v 0.052792 -0.026037 -0.094728
v 0.028228 -0.071444 -0.070295
v 0.031615 -0.056143 -0.093713
v 0.044704 -0.096305 -0.020891
v 0.051626 -0.026838 -0.100248
v 0.044524 -0.055270 -0.068772
v 0.048589 -0.070949 -0.032291
v 0.053335 -0.026981 -0.089810
v 0.035421 -0.056197 -0.086748
v 0.001986 -0.066277 -0.095461
v 0.053855 -0.025880 -0.088732
v 0.021372 -0.092881 -0.051660
v 0.050638 -0.069590 -0.025320
v 0.019447 -0.091917 -0.053588
v 0.047446 -0.030992 -0.115991
v 0.029276 -0.072457 -0.067719
v 0.048626 -0.094476 -0.007300
v 0.036421 -0.095978 -0.035805
v 0.024710 -0.056801 -0.103447
v 0.032050 -0.072438 -0.064487
v 0.022988 -0.094032 -0.049688
v 0.013512 -0.091025 -0.057051
v 0.037010 -0.097014 -0.034324
v 0.015352 -0.092160 -0.055283
v 0.039163 -0.095579 -0.032217
v 0.029281 -0.094919 -0.044216
v 0.037146 -0.056948 -0.081994
v 0.051898 -0.029125 -0.093745
v 0.016505 -0.056991 -0.115884
v 0.028321 -0.056605 -0.098166
v 0.041806 -0.057131 -0.072019
v 0.012476 -0.057168 -0.121437
v 0.051003 -0.029730 -0.097254
v 0.049675 -0.030522 -0.102786
v 0.007026 -0.069109 -0.088294
v 0.004786 -0.087801 -0.062434
v 0.043897 -0.034919 -0.127359
v 0.048219 -0.031661 -0.108106
v 0.044293 -0.034755 -0.123539
v 0.052040 -0.068285 -0.019015
v 0.052584 -0.067933 -0.015492
v 0.010726 -0.090835 -0.058112
v 0.050353 -0.030895 -0.098082
v 0.019162 -0.057376 -0.110089
v 0.046575 -0.071233 -0.038597
v 0.033313 -0.096137 -0.039390
v 0.017424 -0.092677 -0.053926
v 0.051543 -0.069410 -0.020541
v 0.024270 -0.095595 -0.047595
v 0.039361 -0.073366 -0.052378
v 0.004854 -0.068193 -0.090714
v 0.009675 -0.057140 -0.126619
v 0.011543 -0.056988 -0.124388
v 0.012781 -0.069738 -0.084868
v 0.007891 -0.089644 -0.059986
v 0.027729 -0.095902 -0.044788
v 0.026197 -0.072547 -0.070750
v 0.046936 -0.033590 -0.109361
v 0.053127 -0.066790 -0.012667
v 0.037759 -0.097673 -0.032874
v 0.041341 -0.073570 -0.048397
v 0.042648 -0.036981 -0.123703
v 0.043868 -0.097744 -0.021936
v 0.022916 -0.057627 -0.103731
v 0.043104 -0.036676 -0.121563
v 0.046212 -0.098576 -0.014717
v 0.048613 -0.032754 -0.102662
v 0.043950 -0.073877 -0.042316
v 0.017740 -0.071702 -0.078719
v 0.052739 -0.031490 -0.084849
v 0.019901 -0.072056 -0.076697
v 0.049450 -0.070559 -0.029436
v 0.014236 -0.057672 -0.116035
v 0.001924 -0.088322 -0.062214
v 0.043044 -0.037297 -0.118401
v 0.033339 -0.057637 -0.087461
v 0.034851 -0.098367 -0.036126
v 0.005552 -0.090156 -0.059918
v 0.045172 -0.072996 -0.040343
v 0.009286 -0.069836 -0.086143
v 0.036447 -0.073893 -0.056525
v 0.040250 -0.057898 -0.074028
v 0.026272 -0.057671 -0.098649
v 0.041387 -0.038272 -0.126109
v 0.030288 -0.073599 -0.065012
v 0.042557 -0.099101 -0.023921
v 0.052104 -0.032708 -0.085650
v 0.030224 -0.058869 -0.089880
v 0.030730 -0.097457 -0.041059
v 0.039606 -0.100033 -0.028622
v 0.022283 -0.072749 -0.073861
v 0.053925 -0.052624 -0.036913
v 0.025782 -0.096988 -0.045470
v 0.034336 -0.074186 -0.059184
v 0.045225 -0.100580 -0.016335
v 0.049116 -0.033895 -0.097212
v 0.037556 -0.058273 -0.078692
v 0.053650 -0.031142 -0.080962
v 0.018703 -0.094542 -0.051715
v 0.047501 -0.034877 -0.102380
v 0.016956 -0.058153 -0.110265
v 0.028039 -0.058648 -0.093616
v 0.051217 -0.032917 -0.089467
v 0.044489 -0.101982 -0.017417
v 0.042974 -0.038063 -0.114996
v 0.045623 -0.036456 -0.106845
v 0.031386 -0.058682 -0.088482
v 0.047205 -0.073420 -0.033976
v 0.046578 -0.035689 -0.104582
v 0.034962 -0.058784 -0.082397
v 0.041452 -0.039047 -0.119714
v 0.006849 -0.057630 -0.126283
v 0.039109 -0.058191 -0.075846
v 0.024201 -0.073469 -0.071236
v 0.008823 -0.057961 -0.121344
v 0.008755 -0.092310 -0.057244
v 0.047165 -0.055772 -0.060516
v 0.033237 -0.098819 -0.037620
v 0.020754 -0.058530 -0.104033
v 0.050852 -0.070668 -0.022737
v 0.012311 -0.094467 -0.054355
v 0.002781 -0.090670 -0.059764
v 0.043112 -0.074159 -0.043942
v 0.001783 -0.068145 -0.091377
v 0.019839 -0.096778 -0.049336
v 0.047631 -0.036584 -0.097373
v 0.016133 -0.095470 -0.052110
v 0.040461 -0.040105 -0.120340
v 0.015424 -0.072434 -0.078908
v 0.039450 -0.040450 -0.126591
v 0.050159 -0.034654 -0.090715
v 0.046734 -0.101355 -0.009918
v 0.047535 -0.101119 -0.004981
v 0.028814 -0.098796 -0.041811
v 0.031001 -0.100599 -0.038674
v 0.039665 -0.075151 -0.049676
v 0.023377 -0.059051 -0.099165
v 0.006451 -0.092852 -0.057209
v 0.043991 -0.058798 -0.064014
v 0.040988 -0.101330 -0.025499
v 0.031586 -0.075692 -0.060812
v 0.011663 -0.071976 -0.081478
v 0.051569 -0.055639 -0.044280
v 0.010251 -0.058097 -0.118908
v 0.013807 -0.095970 -0.052583
v 0.014844 -0.058815 -0.110366
v 0.035248 -0.101690 -0.033539
v 0.046289 -0.037855 -0.099810
v 0.011135 -0.058579 -0.115506
v 0.048907 -0.037251 -0.090485
v 0.047801 -0.100859 -0.002224
v 0.038666 -0.041885 -0.121554
v 0.047372 -0.099684 -0.008422
v 0.006369 -0.058366 -0.121175
v 0.041249 -0.040485 -0.113750
v 0.038403 -0.102228 -0.029096
v 0.051315 -0.036747 -0.081511
v 0.048741 -0.074392 -0.027531
v 0.042312 -0.040276 -0.109464
v 0.036783 -0.102058 -0.031431
v 0.024075 -0.099698 -0.044675
v 0.031927 -0.102467 -0.036610
v 0.021870 -0.099298 -0.046293
v 0.027014 -0.100070 -0.042364
v 0.042097 -0.076123 -0.043851
v 0.009818 -0.095261 -0.054365
v 0.013207 -0.073088 -0.078977
v 0.003720 -0.093399 -0.057092
v 0.036698 -0.076396 -0.053095
v 0.050800 -0.037864 -0.081487
v 0.026132 -0.075927 -0.066171
v 0.053778 -0.035415 -0.072869
v 0.028209 -0.075572 -0.064661
v 0.033721 -0.102694 -0.034639
v 0.039844 -0.041910 -0.114527
v 0.049679 -0.073489 -0.024788
v 0.016374 -0.098183 -0.049846
v 0.038062 -0.043209 -0.117390
v 0.004182 -0.070012 -0.087270
v 0.047452 -0.039020 -0.092335
v 0.050085 -0.038103 -0.083949
v 0.028054 -0.102777 -0.039777
v 0.007557 -0.095838 -0.054369
v 0.036831 -0.043577 -0.122412
v 0.001658 -0.069941 -0.087800
v 0.019895 -0.099613 -0.047137
v 0.040665 -0.076280 -0.046530
v 0.046019 -0.103227 -0.011245
v 0.006670 -0.071089 -0.084717
v 0.032560 -0.076895 -0.058138
v 0.036064 -0.043761 -0.127357
v 0.002005 -0.058123 -0.125626
v 0.011269 -0.097578 -0.052075
v 0.003852 -0.058439 -0.122488
v 0.034808 -0.076966 -0.055139
v 0.024006 -0.060336 -0.095136
v 0.025430 -0.102507 -0.041861
v 0.035268 -0.044879 -0.123495
v 0.029411 -0.103458 -0.038253
v 0.040503 -0.042701 -0.108553
v 0.016771 -0.100325 -0.048076
v 0.001890 -0.095183 -0.055649
v 0.004878 -0.096428 -0.054296
v 0.037164 -0.077712 -0.050875
v 0.012690 -0.099500 -0.050163
v 0.034524 -0.045166 -0.126858
v 0.046865 -0.103444 -0.006318
v 0.039485 -0.043356 -0.110256
v 0.008888 -0.099408 -0.051199
v 0.023683 -0.103782 -0.042148
v 0.019376 -0.103210 -0.044855
v 0.021343 -0.103507 -0.043669
v 0.033514 -0.045763 -0.129742
v 0.016953 -0.102858 -0.046185
v 0.046002 -0.106561 -0.007446
v 0.025401 -0.107093 -0.039010
v 0.006271 -0.100054 -0.051176
v 0.012968 -0.101840 -0.048329
v 0.002342 -0.098762 -0.052626
v 0.046492 -0.106797 -0.002184
v 0.054919 0.003064 -0.127450
v 0.054702 0.005764 -0.127342
v 0.054367 0.008345 -0.126946
v 0.053860 0.011165 -0.127187
v 0.053163 0.014122 -0.127224
v 0.052360 0.016849 -0.127553
v 0.051464 0.019418 -0.127487
v 0.050365 0.022116 -0.127106
v 0.049105 0.024782 -0.127320
v 0.047895 0.027045 -0.127440
v 0.046544 0.029312 -0.127503
v 0.044459 0.032381 -0.127156
v 0.043144 0.034118 -0.127353
v 0.053338 -0.013548 -0.168434
v 0.048596 -0.026820 -0.136031
v 0.047130 -0.029607 -0.133975
v 0.053032 0.014589 -0.180928
v 0.052480 0.016472 -0.182766
v 0.036368 -0.042633 -0.140123
v 0.035512 -0.043821 -0.133392
v 0.052058 0.017765 -0.181132
v 0.015899 -0.054916 -0.133185
v 0.022947 -0.051978 -0.134987
v 0.019674 -0.053615 -0.132726
v 0.023553 -0.051059 -0.143405
v 0.054241 0.009140 -0.173170
v 0.020097 -0.052468 -0.144659
v 0.034280 0.043017 -0.171894
v 0.032320 0.044504 -0.175472
v 0.052940 -0.014949 -0.176927
v 0.039349 -0.039583 -0.142734
v 0.028348 0.047139 -0.169306
v 0.025958 0.048493 -0.167504
v 0.054245 0.009114 -0.181020
v 0.043787 -0.034108 -0.147676
v 0.054644 -0.006236 -0.187427
v 0.053935 -0.011017 -0.156248
v 0.053359 -0.013598 -0.158028
v 0.026197 -0.049363 -0.148690
v 0.045427 -0.032385 -0.133423
v 0.048658 -0.026453 -0.143331
v 0.012510 -0.055586 -0.135868
v 0.046608 -0.030122 -0.142897
v 0.040836 -0.037705 -0.148168
v 0.047682 -0.028259 -0.143581
v 0.045282 -0.032232 -0.141929
v 0.051038 -0.020814 -0.159286
v 0.035308 -0.043262 -0.145315
v 0.043730 -0.033896 -0.155819
v 0.048574 -0.026197 -0.158444
v 0.048604 -0.025975 -0.166194
v 0.050750 -0.021429 -0.164786
v 0.049810 -0.023477 -0.169506
v 0.051976 -0.018036 -0.175566
v 0.033467 -0.045079 -0.140115
v 0.017623 -0.053692 -0.140694
v 0.029198 -0.048080 -0.140681
v 0.051228 -0.020080 -0.175597
v 0.050425 -0.022029 -0.175357
v 0.030695 0.045645 -0.168646
v 0.039129 -0.039340 -0.152982
v 0.010668 -0.055894 -0.136982
v 0.053269 -0.013695 -0.179764
v 0.036959 0.040732 -0.174436
v 0.029013 -0.047712 -0.148539
v 0.039275 -0.038640 -0.171056
v 0.038166 -0.039852 -0.166455
v 0.037341 -0.041290 -0.148351
v 0.030650 -0.046255 -0.156752
v 0.036465 -0.041313 -0.170774
v 0.032382 -0.044761 -0.164453
v 0.034185 -0.043369 -0.165147
v 0.030655 -0.045939 -0.165388
v 0.037697 -0.040154 -0.172956
v 0.033318 -0.043734 -0.182542
v 0.009363 -0.055982 -0.138850
v 0.037771 -0.039941 -0.183482
v 0.022720 -0.050893 -0.152341
v 0.020699 -0.051073 -0.170546
v 0.018658 -0.051943 -0.166843
v 0.038424 0.039360 -0.172875
v 0.042849 -0.034887 -0.160234
v 0.016122 -0.052845 -0.164936
v 0.016780 -0.052446 -0.172866
v 0.014965 -0.054549 -0.140515
v 0.019290 -0.051572 -0.173526
v 0.019907 -0.051260 -0.182248
v 0.018207 -0.051896 -0.180292
v 0.016377 -0.052500 -0.180765
v 0.040718 0.036978 -0.171849
v 0.047429 -0.028055 -0.167277
v 0.042342 0.035110 -0.171986
v 0.039560 0.038217 -0.182348
v 0.039511 0.038267 -0.169797
v 0.027550 -0.048178 -0.157027
v 0.004762 -0.057807 -0.126769
v 0.006130 -0.056741 -0.135716
v 0.039965 -0.038142 -0.162529
v 0.044565 -0.032390 -0.170239
v 0.043050 -0.034361 -0.171766
v 0.045635 0.030706 -0.172112
v 0.046961 0.028640 -0.171255
v 0.033416 -0.044661 -0.148033
v 0.031309 -0.046391 -0.144735
v 0.003647 -0.056831 -0.137203
v 0.044539 0.032269 -0.176073
v 0.046680 -0.029229 -0.170776
v 0.054619 -0.006813 -0.131236
v 0.048529 0.025895 -0.171342
v 0.048575 -0.025859 -0.176316
v 0.054259 -0.009509 -0.128039
v 0.043831 -0.033525 -0.163813
v 0.012641 -0.054796 -0.145280
v 0.041709 -0.036179 -0.163253
v 0.047211 -0.028268 -0.176553
v 0.042822 0.034516 -0.180772
v 0.017138 -0.053138 -0.151110
v 0.035356 -0.042747 -0.155420
v 0.049827 0.023299 -0.170277
v 0.040582 -0.037279 -0.170339
v 0.045872 -0.030399 -0.176479
v 0.050927 0.020787 -0.172056
v 0.051784 0.018535 -0.173330
v 0.054443 -0.008092 -0.145759
v 0.022598 -0.050544 -0.161203
v 0.025650 -0.049064 -0.161107
v 0.014437 -0.054002 -0.150368
v 0.043871 0.033178 -0.168041
v 0.019543 -0.052062 -0.155567
v 0.051337 0.019745 -0.182253
v 0.042304 -0.035105 -0.184624
v 0.007057 -0.056174 -0.140830
v 0.054427 -0.008144 -0.152801
v 0.050475 0.021860 -0.182287
v 0.053990 -0.010835 -0.146590
v 0.008141 -0.055479 -0.148124
v 0.010935 -0.054969 -0.148300
v 0.027719 -0.047756 -0.165904
v 0.011600 -0.053810 -0.173993
v 0.009373 -0.054296 -0.170440
v 0.011112 -0.054079 -0.166011
v 0.040457 -0.037224 -0.183080
v 0.008174 -0.054418 -0.175161
v 0.011203 -0.053845 -0.181957
v 0.009102 -0.054240 -0.181838
v 0.001966 0.054968 -0.173369
v 0.016050 0.052605 -0.176107
v 0.018061 0.051956 -0.173757
v 0.020052 0.051224 -0.168685
v 0.049854 -0.024112 -0.138750
v 0.005042 -0.055978 -0.146300
v 0.018429 -0.052250 -0.160339
v 0.023540 0.049713 -0.171585
v 0.051826 -0.018839 -0.152605
v 0.051777 -0.018807 -0.162313
v 0.035213 -0.042404 -0.169783
v 0.019692 0.051360 -0.183418
v 0.021426 0.050657 -0.177023
v 0.033334 -0.043881 -0.170910
v 0.022659 -0.050225 -0.170848
v 0.002662 -0.056517 -0.141487
v 0.021672 -0.050535 -0.182631
v 0.015901 -0.053230 -0.156875
v 0.023487 -0.049718 -0.182511
v 0.054821 -0.004693 -0.126053
v 0.054908 -0.003451 -0.131381
v 0.054994 -0.001079 -0.134457
v 0.054989 0.001114 -0.134787
v 0.051475 -0.020304 -0.131810
v 0.051119 -0.021091 -0.138395
v 0.050912 -0.021500 -0.143057
v 0.049799 -0.024008 -0.146585
v 0.031474 -0.045179 -0.174344
v 0.054923 0.003019 -0.172057
v 0.054996 0.000708 -0.168840
v 0.054992 -0.001162 -0.169861
v 0.042447 -0.036884 -0.126966
v 0.054914 -0.003122 -0.177823
v 0.029410 -0.046540 -0.174789
v 0.050843 -0.021491 -0.150580
v 0.047826 0.027174 -0.176111
v 0.040552 -0.038844 -0.132449
v 0.013281 -0.053911 -0.157578
v 0.048613 -0.026310 -0.151109
v 0.020428 -0.051384 -0.163408
v 0.054590 -0.006837 -0.169254
v 0.046857 0.028804 -0.180996
v 0.042604 -0.036151 -0.136506
v 0.049774 -0.023808 -0.156768
v 0.037780 -0.042135 -0.127283
v 0.054787 -0.005062 -0.147026
v 0.054993 -0.001565 -0.142073
v 0.026739 -0.048091 -0.177469
v 0.054988 -0.001660 -0.150370
v 0.048550 0.025856 -0.180684
v 0.054802 -0.004682 -0.175424
v 0.007137 -0.055181 -0.155528
v 0.010604 -0.054633 -0.155135
v 0.041085 -0.037884 -0.138563
v 0.025592 -0.048746 -0.174451
v 0.037374 -0.042091 -0.133647
v 0.039204 -0.040213 -0.134179
v 0.008081 -0.054763 -0.161961
v 0.054015 -0.010404 -0.175162
v 0.054378 -0.008319 -0.174082
v 0.055001 0.000446 -0.179932
v 0.002530 -0.055954 -0.149187
v 0.054799 -0.004877 -0.154717
v 0.054947 -0.002542 -0.158181
v 0.055000 0.000000 -0.158573
v 0.052058 -0.018366 -0.143434
v 0.052354 -0.017626 -0.133774
v 0.054983 -0.001469 -0.182578
v 0.042250 -0.036097 -0.147082
v 0.052408 0.016702 -0.168989
v 0.052620 -0.016300 -0.158100
v 0.052770 -0.015724 -0.163287
v 0.053749 -0.011788 -0.168234
v 0.013501 -0.053548 -0.165681
v 0.027098 -0.049361 -0.140645
v 0.025609 -0.050657 -0.134577
v 0.003827 -0.055512 -0.155443
v 0.023967 -0.049601 -0.171706
v 0.053080 0.014423 -0.170775
v 0.045007 -0.032029 -0.159383
v 0.002091 -0.055430 -0.158891
v 0.045660 -0.030877 -0.167481
v 0.007063 -0.054639 -0.170555
v 0.004664 -0.055097 -0.163449
v 0.033245 -0.044405 -0.156340
v 0.042082 -0.035568 -0.170428
v 0.036793 -0.041342 -0.159129
v 0.038203 -0.040004 -0.160050
v 0.014451 -0.053151 -0.171793
v 0.054680 0.005992 -0.168948
v 0.014729 -0.052986 -0.181717
v 0.002765 -0.055134 -0.166141
v 0.012729 -0.053501 -0.182277
v 0.005223 -0.054845 -0.170825
v 0.023585 0.049694 -0.180458
v 0.025108 0.048940 -0.172867
v 0.053397 -0.013567 -0.148496
v 0.002277 -0.054996 -0.173775
v 0.004225 -0.054839 -0.177847
v 0.002052 -0.054965 -0.180854
v 0.007030 0.054551 -0.175014
v 0.008791 0.054294 -0.175049
v 0.003814 0.054869 -0.175147
v 0.002110 0.054964 -0.180596
v 0.010938 0.053904 -0.170357
v 0.031147 0.045334 -0.182852
v 0.005802 0.054696 -0.181420
v 0.044611 -0.033441 -0.136798
v 0.047587 -0.028086 -0.154617
v 0.046500 -0.030034 -0.150525
v 0.031482 -0.047643 -0.126017
v 0.045260 -0.031950 -0.150221
v 0.030877 -0.047592 -0.131947
v 0.054656 0.006205 -0.180745
v 0.046153 -0.030331 -0.159292
v 0.044519 -0.032348 -0.176935
v 0.035864 0.041702 -0.169258
v 0.005539 0.054722 -0.171587
v 0.035503 0.042015 -0.182432
v 0.014506 0.053061 -0.167976
v 0.012646 0.053530 -0.174249
v 0.053836 0.011283 -0.168676
v 0.052683 -0.016239 -0.148808
v 0.054950 0.002396 -0.179852
v 0.038422 -0.040751 -0.138715
v 0.054600 0.000000 -0.189972
v 0.054600 0.000988 -0.187009
v 0.054600 -0.000988 -0.187009
v 0.054600 -0.002528 0.000000
v 0.054600 -0.005491 -0.000988
v 0.054600 -0.005491 0.000988
vn 0.3975 -0.8692 0.2940
vn 0.3520 -0.8932 0.2797
vn 0.3645 -0.9023 0.2301
vn 0.4161 -0.9093 -0.0110
vn 0.4460 -0.8938 0.0480
vn 0.3967 -0.9176 0.0236
vn 0.0892 -0.7029 -0.7056
vn 0.0854 -0.7331 -0.6748
vn 0.0257 -0.7216 -0.6918
vn 0.0379 -0.6804 -0.7318
vn 0.3765 -0.9206 -0.1036
vn 0.3769 -0.9253 -0.0421
vn 0.3297 -0.9424 -0.0560
vn 0.3056 -0.9349 -0.1804
vn 0.3191 -0.9398 -0.1223
vn 0.2674 -0.9518 -0.1501
vn 0.2803 -0.9560 0.0861
vn 0.2336 -0.9625 0.1380
vn 0.2338 -0.9693 0.0759
vn 0.2515 -0.9413 -0.2250
vn 0.2097 -0.9523 -0.2216
vn 0.2092 -0.9375 -0.2782
vn 0.6158 -0.7800 -0.1112
vn 0.6131 -0.7890 -0.0395
vn 0.5763 -0.8092 -0.1142
vn 0.0569 -0.9611 0.2701
vn 0.0451 -0.9460 0.3211
vn 0.0086 -0.9549 0.2966
vn 0.1542 -0.9208 -0.3582
vn 0.1377 -0.9454 -0.2953
vn 0.1098 -0.9377 -0.3297
vn 0.3933 -0.7183 0.5738
vn 0.4063 -0.6749 0.6160
vn 0.3533 -0.7012 0.6193
vn 0.1263 -0.9892 -0.0742
vn 0.0876 -0.9961 -0.0119
vn 0.0511 -0.9965 -0.0656
vn 0.4125 -0.8298 -0.3758
vn 0.4237 -0.8488 -0.3163
vn 0.3773 -0.8611 -0.3407
vn 0.0441 -0.9840 -0.1724
vn -0.0244 -0.9911 -0.1307
vn -0.0237 -0.9796 -0.1996
vn 0.2588 -0.8242 0.5036
vn 0.2079 -0.8420 0.4978
vn 0.2275 -0.8641 0.4490
vn 0.0435 -0.9920 -0.1187
vn 0.5840 -0.7041 0.4040
vn 0.5717 -0.6848 0.4519
vn 0.5237 -0.7471 0.4093
vn 0.1966 -0.7660 -0.6121
vn 0.2117 -0.7970 -0.5656
vn 0.1604 -0.7972 -0.5820
vn 0.1625 -0.9064 0.3898
vn 0.1844 -0.8815 0.4346
vn 0.1227 -0.8927 0.4336
vn 0.4792 -0.8776 0.0132
vn 0.4865 -0.8693 0.0870
vn 0.1340 -0.7276 -0.6728
vn 0.1368 -0.7624 -0.6325
vn 0.4585 -0.8416 0.2855
vn 0.4206 -0.8420 0.3377
vn 0.7420 -0.6619 0.1063
vn 0.8109 -0.5813 0.0672
vn 0.8487 -0.5184 0.1046
vn 0.0369 -0.9727 0.2291
vn -0.0112 -0.9694 0.2452
vn 0.3440 -0.7542 0.5593
vn 0.3303 -0.7385 0.5878
vn 0.6539 -0.7536 -0.0679
vn 0.6529 -0.7572 -0.0159
vn 0.2246 -0.9615 -0.1581
vn 0.1540 -0.9538 -0.2579
vn 0.1970 -0.9246 -0.3259
vn 0.3092 -0.8120 0.4951
vn 0.3050 -0.7877 0.5353
vn 0.0799 -0.8876 -0.4536
vn 0.0373 -0.9103 -0.4123
vn 0.0135 -0.8957 -0.4445
vn 0.3524 -0.8558 -0.3787
vn 0.2580 -0.7804 -0.5697
vn 0.2742 -0.8167 -0.5077
vn 0.2115 -0.8240 -0.5257
vn 0.0972 -0.9469 0.3065
vn 0.3543 -0.7760 0.5219
vn 0.0116 -0.6106 -0.7919
vn -0.0163 -0.6632 -0.7483
vn 0.3316 -0.9259 0.1811
vn 0.2956 -0.9322 0.2086
vn 0.2814 -0.9478 0.1496
vn 0.1354 -0.9363 0.3241
vn 0.1131 -0.9180 0.3802
vn 0.0702 -0.9264 0.3699
vn 0.2209 -0.9751 0.0207
vn 0.1898 -0.9793 0.0698
vn 0.1621 -0.9864 0.0252
vn 0.1361 -0.9905 -0.0221
vn 0.0364 -0.8685 -0.4943
vn -0.0143 -0.8794 -0.4758
vn 0.6973 -0.6743 0.2433
vn 0.6533 -0.7066 0.2719
vn 0.6621 -0.7187 0.2122
vn 0.5459 -0.7515 0.3705
vn 0.4919 -0.7855 0.3755
vn 0.0876 -0.6687 -0.7384
vn 0.5744 -0.8117 0.1056
vn 0.5395 -0.8248 0.1693
vn 0.5302 -0.8413 0.1055
vn 0.7274 -0.6862 0.0069
vn 0.6792 -0.7330 0.0376
vn 0.6911 -0.7224 -0.0221
vn 0.4770 -0.8122 0.3358
vn 0.7163 -0.6948 0.0654
vn 0.5102 -0.8589 0.0457
vn 0.0098 -0.9823 0.1871
vn 0.5430 -0.8239 -0.1623
vn 0.5047 -0.8449 -0.1771
vn 0.5129 -0.8288 -0.2238
vn 0.1868 -0.9817 -0.0359
vn 0.0988 -0.9142 -0.3930
vn 0.0987 -0.9873 -0.1244
vn 0.1750 -0.9233 0.3418
vn 0.8014 -0.5267 0.2835
vn 0.6792 -0.6687 0.3027
vn 0.0620 -0.6159 -0.7854
vn 0.7546 -0.6550 0.0389
vn 0.4268 -0.9014 -0.0733
vn 0.2801 -0.8452 0.4552
vn 0.4673 -0.8249 -0.3182
vn 0.4553 -0.8470 -0.2743
vn 0.3472 -0.8359 -0.4250
vn 0.2234 -0.8945 0.3872
vn 0.3422 -0.8028 -0.4883
vn 0.3060 -0.8377 -0.4524
vn 0.1855 -0.7364 -0.6506
vn 0.4465 -0.6782 0.5837
vn 0.4841 -0.5932 0.6433
vn 0.4024 -0.7438 0.5338
vn 0.6155 -0.6642 0.4244
vn 0.5947 -0.7892 0.1533
vn 0.5123 -0.8114 -0.2813
vn 0.4672 -0.8534 -0.2313
vn 0.4229 -0.8724 0.2451
vn -0.0220 -0.8508 -0.5251
vn 0.5536 -0.7960 -0.2447
vn 0.6427 -0.7515 0.1490
vn 0.5934 -0.7787 0.2039
vn 0.5304 -0.7857 0.3182
vn 0.6251 -0.7526 0.2069
vn 0.0953 -0.9693 0.2266
vn 0.3326 -0.9339 0.1312
vn 0.3520 -0.8050 0.4776
vn 0.1347 -0.6790 -0.7217
vn 0.3093 -0.9242 -0.2239
vn 0.5845 -0.7910 -0.1808
vn 0.0540 -0.9755 -0.2132
vn 0.0121 -0.9702 -0.2422
vn 0.3849 -0.8091 -0.4440
vn 0.3065 -0.7942 -0.5247
vn 0.3755 -0.9121 0.1646
vn 0.3557 -0.9199 -0.1651
vn 0.1165 -0.9595 0.2566
vn 0.4573 -0.7020 0.5459
vn 0.1355 -0.8960 -0.4230
vn 0.1779 -0.7067 -0.6848
vn 0.4228 -0.8848 0.1958
vn 0.4771 -0.8776 -0.0463
vn 0.4989 -0.6700 0.5497
vn 0.5157 -0.5949 0.6166
vn 0.2691 -0.9242 -0.2709
vn 0.2776 -0.8744 0.3981
vn 0.0357 -0.8443 -0.5347
vn 0.6992 -0.5599 0.4445
vn 0.6636 -0.5931 0.4560
vn 0.5995 -0.7164 0.3567
vn 0.6551 -0.7449 -0.1266
vn 0.0651 -0.9819 0.1777
vn 0.4009 -0.7701 0.4962
vn 0.4753 -0.8019 -0.3618
vn 0.3244 -0.8402 0.4345
vn 0.2490 -0.7416 -0.6229
vn 0.1069 -0.6038 -0.7900
vn 0.6982 -0.7099 -0.0926
vn 0.0465 -0.9894 0.1375
vn -0.0169 -0.9885 0.1500
vn -0.0123 -0.9941 0.1078
vn 0.7793 -0.5858 0.2228
vn 0.6423 -0.6721 0.3684
vn 0.4423 -0.7303 0.5205
vn 0.5552 -0.8298 0.0570
vn 0.5198 -0.8094 0.2732
vn 0.3055 -0.7599 -0.5738
vn 0.7246 -0.6878 -0.0448
vn 0.1610 -0.9482 0.2740
vn 0.1865 -0.8989 -0.3964
vn 0.7097 -0.6780 0.1913
vn 0.8107 -0.5852 -0.0171
vn 0.8529 -0.5217 0.0201
vn 0.2578 -0.9111 -0.3215
vn 0.2861 -0.9577 0.0310
vn 0.4542 -0.7908 -0.4103
vn 0.0137 -0.8167 -0.5768
vn 0.7058 -0.5799 0.4069
vn 0.1872 -0.6754 -0.7133
vn 0.5729 -0.7527 0.3244
vn 0.6236 -0.7613 -0.1775
vn 0.4676 -0.8524 0.2339
vn 0.5555 -0.5873 0.5886
vn 0.5125 -0.7891 -0.3385
vn 0.3416 -0.9360 0.0854
vn 0.2332 -0.7067 -0.6680
vn 0.2515 -0.9055 0.3419
vn 0.1867 -0.9777 -0.0958
vn 0.2091 -0.9283 0.3073
vn 0.0862 -0.8630 -0.4978
vn 0.1214 -0.9766 -0.1775
vn 0.6157 -0.7831 0.0871
vn 0.3543 -0.7688 -0.5324
vn 0.4106 -0.8999 -0.1468
vn 0.3665 -0.9041 -0.2198
vn 0.1345 -0.8640 -0.4852
vn 0.2318 -0.9715 -0.0486
vn 0.1621 -0.9776 -0.1345
vn 0.5950 -0.7704 -0.2291
vn 0.3984 -0.7720 -0.4952
vn 0.4194 -0.7917 -0.4442
vn 0.3897 -0.8088 0.4404
vn 0.5463 -0.8375 0.0125
vn 0.3336 -0.8559 0.3952
vn 0.1135 -0.9781 0.1745
vn 0.2723 -0.9620 -0.0211
vn 0.0373 -0.9954 0.0879
vn -0.0223 -0.9982 0.0559
vn 0.4411 -0.7629 0.4726
vn 0.0750 -0.9590 -0.2733
vn 0.6858 -0.7111 0.1546
vn 0.1509 -0.6026 -0.7836
vn 0.5509 -0.7737 -0.3128
vn 0.1617 -0.9636 0.2129
vn 0.2482 -0.8959 -0.3685
vn 0.1608 -0.8759 -0.4550
vn 0.0694 -0.8304 -0.5528
vn 0.2098 -0.9432 0.2576
vn 0.5082 -0.8294 0.2319
vn 0.1925 -0.6011 -0.7756
vn 0.6900 -0.7068 -0.1556
vn 0.5942 -0.8037 0.0312
vn 0.3213 -0.7139 -0.6222
vn 0.2359 -0.6697 -0.7042
vn 0.5273 -0.8494 -0.0222
vn 0.4636 -0.8790 -0.1117
vn 0.3989 -0.9069 0.1358
vn 0.3080 -0.9082 -0.2832
vn 0.3140 -0.8835 0.3476
vn 0.3544 -0.7326 -0.5811
vn 0.2833 -0.7049 -0.6503
vn 0.1119 -0.8374 -0.5351
vn 0.0389 -0.6788 0.7333
vn 0.0278 -0.5867 0.8093
vn -0.0149 -0.6725 0.7399
vn 0.7405 -0.6677 -0.0771
vn 0.8206 -0.5696 -0.0465
vn 0.0676 -0.5908 0.8040
vn 0.0036 -0.7119 0.7022
vn 0.1020 -0.9879 0.1165
vn 0.5934 -0.7548 -0.2795
vn 0.4899 -0.7143 0.4998
vn 0.0253 -0.9534 -0.3007
vn 0.0884 -0.6755 0.7321
vn 0.4010 -0.7393 -0.5409
vn 0.0626 -0.7230 0.6881
vn 0.1086 -0.5890 0.8008
vn 0.4799 -0.8579 0.1836
vn 0.1498 -0.5936 0.7907
vn 0.2331 -0.8818 -0.4099
vn 0.6327 -0.7390 -0.2315
vn 0.3385 -0.9409 0.0144
vn 0.5067 -0.7659 -0.3958
vn 0.4479 -0.7599 -0.4711
vn 0.1400 -0.6678 0.7311
vn 0.0130 -0.7516 0.6595
vn 0.1114 -0.9682 -0.2241
vn 0.1126 -0.7121 0.6930
vn 0.6548 -0.7325 -0.1861
vn 0.2585 -0.9206 0.2928
vn 0.3546 -0.8967 -0.2650
vn 0.5751 -0.7735 0.2663
vn 0.0636 -0.7636 0.6425
vn 0.0140 -0.9996 0.0243
vn 0.0612 -0.7988 -0.5985
vn 0.8204 -0.5663 -0.0792
vn 0.0393 -0.7951 0.6052
vn -0.0112 -0.7853 0.6190
vn 0.3772 -0.8456 0.3778
vn 0.6520 -0.7532 0.0872
vn 0.2339 -0.9674 -0.0967
vn 0.5370 -0.7531 -0.3801
vn 0.1991 -0.5972 0.7770
vn 0.7278 -0.5796 0.3666
vn 0.4147 -0.8894 -0.1924
vn 0.6238 -0.7150 0.3155
vn 0.0104 -0.8159 0.5781
vn 0.1639 -0.6959 0.6992
vn 0.5756 -0.5944 0.5616
vn 0.0351 -0.7778 -0.6276
vn -0.0226 -0.7962 -0.6046
vn 0.7979 -0.5741 0.1839
vn 0.1204 -0.7566 0.6427
vn 0.2449 -0.5951 -0.7655
vn 0.2218 -0.9551 0.1966
vn 0.2074 -0.6734 0.7096
vn 0.0633 -0.9966 0.0523
vn 0.4883 -0.7472 -0.4508
vn 0.5410 -0.6776 0.4982
vn 0.3058 -0.8884 -0.3423
vn 0.2821 -0.6681 -0.6885
vn 0.3875 -0.9190 0.0726
vn 0.2426 -0.5894 0.7705
vn 0.1718 -0.7356 0.6553
vn 0.0894 -0.8016 0.5912
vn 0.6336 -0.7224 -0.2770
vn 0.5735 -0.7453 -0.3400
vn 0.2010 -0.8632 -0.4631
vn 0.3050 -0.9098 0.2814
vn 0.4460 -0.7364 -0.5087
vn 0.4473 -0.8832 0.1412
vn 0.7247 -0.6738 -0.1443
vn 0.1690 -0.9736 0.1532
vn 0.6721 -0.7072 -0.2194
vn 0.2242 -0.7112 0.6662
vn 0.5370 -0.8399 -0.0789
vn 0.5072 -0.8552 -0.1066
vn 0.4671 -0.8686 -0.1656
vn 0.0716 -0.8321 0.5499
vn 0.0112 -0.8417 0.5399
vn 0.4879 -0.7457 0.4537
vn 0.3429 -0.8841 -0.3173
vn 0.2579 -0.6727 0.6935
vn 0.2998 -0.5779 0.7590
vn 0.3177 -0.5801 -0.7500
vn 0.8031 -0.5873 -0.1009
vn 0.1135 -0.8020 -0.5865
vn 0.0211 -0.7546 -0.6558
vn 0.4022 -0.7039 -0.5854
vn 0.6808 -0.7257 0.0997
vn 0.3424 -0.6700 -0.6587
vn 0.4372 -0.8938 0.1002
vn 0.5757 -0.8167 -0.0411
vn 0.1371 -0.7897 0.5980
vn 0.3883 -0.6791 -0.6229
vn 0.1625 -0.8325 -0.5297
vn 0.2591 -0.9349 0.2424
vn 0.6125 -0.7164 -0.3341
vn 0.7113 -0.6911 0.1280
vn 0.0367 -0.9993 -0.0124
vn -0.0195 -0.9992 -0.0342
vn 0.6034 -0.5896 0.5368
vn 0.5276 -0.7173 0.4552
vn 0.4598 -0.7805 0.4236
vn 0.4310 -0.8126 0.3923
vn 0.5330 -0.7249 -0.4363
vn 0.1758 -0.9647 -0.1961
vn 0.0235 -0.8658 0.4998
vn 0.1869 -0.7763 0.6020
vn 0.0271 -0.9335 -0.3576
vn -0.0258 -0.9408 -0.3380
vn 0.5754 -0.7154 -0.3963
vn 0.4558 -0.7016 -0.5478
vn 0.0877 -0.8513 0.5173
vn 0.4872 -0.7129 -0.5044
vn 0.7963 -0.5851 -0.1534
vn 0.1492 -0.8203 0.5522
vn 0.7067 -0.6734 -0.2173
vn 0.6122 -0.7440 0.2676
vn 0.5543 -0.8046 0.2128
vn 0.6353 -0.7718 0.0263
vn 0.3412 -0.6279 -0.6995
vn 0.0532 -0.8835 0.4654
vn -0.0240 -0.8930 0.4494
vn 0.3099 -0.6676 0.6769
vn 0.2353 -0.7515 0.6163
vn 0.5268 -0.6978 -0.4854
vn 0.2826 -0.9556 -0.0834
vn 0.2943 -0.8687 -0.3983
vn 0.6734 -0.6908 -0.2634
vn 0.2897 -0.7018 0.6508
vn 0.1105 -0.9931 0.0400
vn 0.6353 -0.5881 0.5005
vn 0.3558 -0.8749 0.3286
vn 0.3495 -0.5882 0.7293
vn 0.4199 -0.8760 -0.2372
vn 0.7565 -0.6266 -0.1871
vn 0.0164 -0.9109 0.4122
vn 0.4556 -0.6718 -0.5841
vn 0.1779 -0.9775 0.1136
vn 0.1361 -0.9876 0.0782
vn 0.4114 -0.6030 -0.6835
vn -0.0226 -0.9216 -0.3876
vn 0.6636 -0.6803 -0.3112
vn 0.3944 -0.8733 -0.2858
vn 0.2600 -0.8528 -0.4528
vn 0.1538 -0.8439 0.5139
vn 0.0652 -0.9013 0.4283
vn 0.0633 -0.9333 -0.3535
vn 0.6141 -0.6798 -0.4009
vn 0.1094 -0.8692 0.4822
vn 0.5706 -0.6813 -0.4585
vn 0.4493 -0.6091 -0.6535
vn 0.4906 -0.8608 0.1358
vn 0.7802 -0.5766 -0.2425
vn 0.3533 -0.6686 0.6543
vn 0.3981 -0.5619 0.7251
vn 0.5111 -0.6739 -0.5334
vn 0.2939 -0.7315 0.6153
vn -0.0111 -0.9964 -0.0841
vn 0.0877 -0.7649 -0.6381
vn 0.2186 -0.8059 0.5502
vn 0.7141 -0.6369 -0.2907
vn 0.6513 -0.6695 -0.3572
vn 0.4892 -0.6021 -0.6310
vn 0.7646 -0.5839 -0.2727
vn 0.8079 -0.5670 0.1607
vn 0.5203 -0.5773 -0.6294
vn 0.5226 -0.6349 -0.5691
vn 0.2324 -0.8388 -0.4923
vn 0.5772 -0.6141 -0.5383
vn 0.7397 -0.5827 -0.3367
vn 0.7472 -0.5561 -0.3640
vn 0.7225 -0.5712 -0.3894
vn 0.6786 -0.5661 -0.4681
vn 0.6788 -0.6034 -0.4185
vn 0.6017 -0.6116 -0.5138
vn 0.6320 -0.6087 -0.4797
vn 0.2703 -0.7770 0.5686
vn 0.1614 -0.8663 0.4727
vn 0.0099 -0.9339 0.3575
vn 0.4132 -0.5993 0.6857
vn 0.7537 -0.5753 0.3178
vn -0.0128 -0.6975 -0.7165
vn 0.4649 -0.5667 0.6802
vn -0.2578 -0.8513 0.4570
vn -0.3085 -0.8293 0.4660
vn -0.2930 -0.8611 0.4156
vn -0.5740 -0.7817 -0.2438
vn -0.5777 -0.7907 -0.2027
vn -0.6161 -0.7577 -0.2152
vn -0.5655 -0.7427 0.3586
vn -0.5967 -0.7101 0.3738
vn -0.5939 -0.7362 0.3245
vn -0.3884 -0.8682 0.3089
vn -0.4389 -0.8441 0.3081
vn -0.4334 -0.8652 0.2521
vn -0.1988 -0.9491 -0.2444
vn -0.2711 -0.9292 -0.2513
vn -0.2493 -0.9210 -0.2994
vn -0.0388 -0.9172 0.3966
vn -0.0939 -0.9039 0.4173
vn -0.0509 -0.9354 0.3498
vn -0.6262 -0.7794 0.0191
vn -0.5947 -0.8015 0.0620
vn -0.6466 -0.7609 0.0540
vn -0.6512 -0.7577 -0.0426
vn -0.6707 -0.7416 0.0111
vn -0.6979 -0.7158 -0.0246
vn -0.4886 -0.7164 -0.4981
vn -0.5344 -0.7040 -0.4678
vn -0.5334 -0.6717 -0.5142
vn -0.0860 -0.9868 -0.1371
vn -0.1006 -0.9901 -0.0981
vn -0.1487 -0.9779 -0.1469
vn -0.7056 -0.7012 -0.1018
vn -0.7270 -0.6842 -0.0583
vn -0.7415 -0.6640 -0.0970
vn -0.4701 -0.8756 -0.1115
vn -0.5109 -0.8543 -0.0956
vn -0.4922 -0.8558 -0.1595
vn -0.5320 -0.7536 0.3861
vn -0.5323 -0.7268 0.4340
vn -0.5726 -0.7061 0.4166
vn -0.3306 -0.8631 -0.3817
vn -0.3038 -0.8900 -0.3399
vn -0.3551 -0.8675 -0.3485
vn -0.6330 -0.7026 0.3252
vn -0.6139 -0.7368 0.2833
vn -0.5316 -0.8317 -0.1604
vn -0.5723 -0.8037 -0.1629
vn -0.3754 -0.8303 -0.4120
vn -0.4214 -0.8150 -0.3977
vn -0.4336 -0.7863 -0.4402
vn -0.6524 -0.7245 0.2226
vn -0.6889 -0.6768 0.2595
vn -0.6740 -0.7156 0.1835
vn -0.4482 -0.7572 -0.4752
vn -0.4896 -0.7427 -0.4568
vn -0.2921 -0.6837 0.6687
vn -0.2857 -0.5887 0.7562
vn -0.3395 -0.5824 0.7386
vn -0.2080 -0.9567 0.2035
vn -0.2699 -0.9451 0.1841
vn -0.2319 -0.9630 0.1370
vn -0.5536 -0.8294 0.0750
vn -0.5522 -0.8237 0.1290
vn -0.5903 -0.7992 0.1135
vn -0.3172 -0.9050 -0.2835
vn -0.1288 -0.9669 -0.2205
vn -0.1853 -0.9651 -0.1850
vn -0.7390 -0.6661 0.1011
vn -0.7256 -0.6719 0.1486
vn -0.8030 -0.5825 0.1257
vn -0.1854 -0.8269 0.5310
vn -0.1876 -0.7902 0.5834
vn -0.2247 -0.8097 0.5421
vn -0.6594 -0.6837 -0.3126
vn -0.6883 -0.6691 -0.2804
vn -0.7427 -0.5808 -0.3333
vn -0.3090 -0.8777 0.3662
vn -0.3461 -0.8382 0.4215
vn -0.3526 -0.8642 0.3590
vn -0.4884 -0.6914 -0.5323
vn -0.1590 -0.9637 0.2145
vn -0.1615 -0.9519 0.2604
vn -0.0632 -0.9960 -0.0632
vn -0.2937 -0.9481 0.1216
vn -0.5091 -0.8524 0.1195
vn -0.5131 -0.8393 0.1798
vn -0.3930 -0.9178 -0.0570
vn -0.3769 -0.9263 0.0015
vn -0.4242 -0.9054 -0.0178
vn -0.3886 -0.7896 -0.4750
vn -0.8149 -0.5750 0.0721
vn -0.6877 -0.7232 -0.0641
vn -0.2571 -0.6732 0.6933
vn -0.4355 -0.7401 -0.5125
vn -0.6333 -0.7290 -0.2599
vn -0.6721 -0.6960 -0.2526
vn -0.5230 -0.6409 -0.5619
vn -0.5893 -0.5805 -0.5619
vn -0.3469 -0.7230 0.5974
vn -0.3332 -0.6825 0.6505
vn -0.3866 -0.6805 0.6224
vn -0.3950 -0.7492 0.5317
vn -0.4104 -0.7021 0.5820
vn -0.4416 -0.7137 0.5438
vn -0.2510 -0.8261 0.5045
vn -0.2510 -0.8963 -0.3656
vn -0.3324 -0.8356 -0.4374
vn -0.4525 -0.8885 -0.0761
vn -0.4592 -0.8737 0.1606
vn -0.4688 -0.8578 0.2107
vn -0.5324 -0.8204 -0.2086
vn -0.5944 -0.7549 -0.2770
vn -0.2814 -0.8678 -0.4096
vn -0.4820 -0.7508 0.4517
vn -0.0648 -0.7748 0.6289
vn -0.0491 -0.7516 0.6578
vn -0.1108 -0.7478 0.6547
vn -0.1111 -0.7784 0.6178
vn -0.1431 -0.8009 0.5815
vn -0.0769 -0.9793 -0.1872
vn -0.6126 -0.7553 0.2328
vn -0.6512 -0.7088 0.2711
vn -0.2086 -0.8538 0.4769
vn -0.2512 -0.5975 0.7615
vn -0.4459 -0.7410 0.5022
vn -0.4888 -0.7216 0.4902
vn -0.6134 -0.7259 -0.3112
vn -0.7215 -0.5963 -0.3520
vn -0.1914 -0.9321 -0.3075
vn -0.6123 -0.7905 -0.0121
vn -0.0854 -0.9538 0.2881
vn -0.1028 -0.9334 0.3439
vn -0.1487 -0.9389 0.3103
vn -0.0278 -0.5744 0.8181
vn -0.3061 -0.9519 0.0139
vn -0.3171 -0.9457 0.0718
vn -0.3557 -0.9338 0.0377
vn -0.0381 -0.7213 0.6916
vn -0.6979 -0.7053 0.1245
vn -0.7074 -0.6814 0.1880
vn -0.1467 -0.9499 -0.2759
vn -0.2104 -0.9126 -0.3505
vn -0.3667 -0.8928 0.2617
vn -0.1020 -0.9628 0.2501
vn -0.5740 -0.8187 0.0124
vn -0.2580 -0.9631 0.0764
vn -0.3197 -0.9469 -0.0335
vn -0.4312 -0.7151 -0.5501
vn -0.4799 -0.7843 0.3931
vn -0.5432 -0.7810 0.3083
vn -0.3208 -0.8981 0.3007
vn -0.4668 -0.6723 -0.5746
vn -0.4200 -0.8994 -0.1210
vn -0.6654 -0.7389 -0.1061
vn -0.7239 -0.6735 -0.1496
vn -0.1508 -0.8409 0.5198
vn -0.5730 -0.7739 0.2697
vn -0.1653 -0.9729 0.1616
vn -0.4104 -0.8898 0.1994
vn -0.3748 -0.7619 -0.5282
vn -0.7397 -0.6713 0.0471
vn -0.4369 -0.8856 -0.1580
vn -0.3313 -0.8027 -0.4959
vn -0.7738 -0.6202 -0.1290
vn -0.8002 -0.5747 -0.1715
vn -0.5172 -0.5952 -0.6151
vn -0.1068 -0.8197 0.5627
vn -0.1801 -0.9768 0.1157
vn -0.1343 -0.9378 -0.3201
vn -0.2225 -0.8850 0.4090
vn -0.2936 -0.8341 -0.4670
vn -0.2090 -0.6819 0.7010
vn -0.2961 -0.7300 0.6159
vn -0.3537 -0.7585 0.5474
vn -0.5257 -0.8107 -0.2576
vn -0.0801 -0.9615 -0.2628
vn -0.4123 -0.7781 0.4739
vn -0.5099 -0.8577 0.0658
vn -0.1613 -0.9172 -0.3643
vn -0.2221 -0.8756 -0.4291
vn -0.2581 -0.8918 0.3715
vn -0.4789 -0.8463 -0.2334
vn -0.5550 -0.7759 -0.2998
vn -0.4355 -0.7887 0.4339
vn -0.5106 -0.7852 0.3505
vn -0.4681 -0.8785 0.0956
vn -0.5321 -0.8464 0.0212
vn -0.3807 -0.9183 -0.1084
vn -0.8174 -0.5760 0.0108
vn -0.2173 -0.5931 0.7753
vn -0.0612 -0.7987 0.5986
vn -0.1862 -0.5989 0.7789
vn -0.0397 -0.9563 0.2898
vn -0.1117 -0.9731 0.2015
vn -0.1864 -0.8941 -0.4072
vn -0.2603 -0.9652 0.0250
vn -0.3531 -0.9332 -0.0672
vn -0.6146 -0.7866 -0.0591
vn -0.6991 -0.7119 0.0667
vn -0.7062 -0.5968 -0.3809
vn -0.4245 -0.6733 -0.6053
vn -0.1494 -0.8753 0.4599
vn -0.0870 -0.9433 -0.3204
vn -0.2098 -0.9755 0.0665
vn -0.2340 -0.8529 -0.4667
vn -0.3860 -0.7095 -0.5896
vn -0.4730 -0.6082 -0.6375
vn -0.2397 -0.7149 0.6569
vn -0.6346 -0.7650 -0.1098
vn -0.6274 -0.6949 -0.3515
vn -0.6891 -0.7099 -0.1453
vn -0.1856 -0.8821 0.4329
vn -0.2762 -0.8036 -0.5273
vn -0.4482 -0.8711 -0.2009
vn -0.3465 -0.7381 -0.5790
vn -0.6339 -0.7550 0.1676
vn -0.0358 -0.9613 -0.2732
vn -0.5659 -0.7493 -0.3439
vn -0.2491 -0.8295 -0.4999
vn -0.3259 -0.7716 -0.5463
vn -0.1183 -0.9187 -0.3768
vn -0.0480 -0.8219 0.5677
vn -0.2716 -0.9053 0.3267
vn -0.6610 -0.7423 0.1097
vn -0.0487 -0.9752 0.2159
vn -0.4353 -0.6033 -0.6683
vn -0.3467 -0.7954 0.4972
vn -0.0859 -0.9216 -0.3786
vn -0.7141 -0.6669 -0.2128
vn -0.7759 -0.5980 -0.2009
vn -0.1622 -0.6781 0.7169
vn -0.3060 -0.7663 0.5650
vn -0.5777 -0.8147 -0.0511
vn -0.1373 -0.8961 -0.4222
vn -0.3672 -0.9180 -0.1496
vn -0.2838 -0.7731 -0.5672
vn -0.1639 -0.8700 -0.4650
vn -0.6241 -0.6705 -0.4010
vn -0.1147 -0.9820 0.1504
vn -0.3754 -0.6725 -0.6379
vn -0.7462 -0.6654 -0.0202
vn -0.2587 -0.9650 -0.0420
vn -0.3171 -0.9426 -0.1048
vn -0.1865 -0.8476 -0.4968
vn -0.3990 -0.8963 -0.1936
vn -0.5904 -0.7884 0.1726
vn -0.2119 -0.9772 0.0144
vn -0.1473 -0.5948 0.7903
vn -0.3549 -0.9100 0.2144
vn -0.4164 -0.9006 0.1245
vn -0.4212 -0.8132 0.4017
vn -0.5478 -0.8354 -0.0450
vn -0.4892 -0.8141 0.3129
vn -0.5761 -0.7870 0.2208
vn -0.3322 -0.6934 -0.6394
vn -0.2104 -0.8176 -0.5359
vn -0.1087 -0.8546 0.5079
vn -0.3070 -0.7393 -0.5994
vn -0.5128 -0.7974 -0.3179
vn -0.0844 -0.8958 -0.4363
vn -0.2585 -0.7469 0.6127
vn -0.6889 -0.5898 -0.4214
vn -0.2336 -0.7850 -0.5738
vn -0.3916 -0.6129 -0.6863
vn -0.1123 -0.8753 -0.4704
vn -0.6873 -0.7001 -0.1935
vn -0.4797 -0.8237 -0.3023
vn -0.8166 -0.5765 -0.0287
vn -0.5920 -0.7119 -0.3777
vn -0.0611 -0.9843 0.1656
vn -0.1113 -0.6736 0.7307
vn -0.1074 -0.5858 0.8033
vn -0.1761 -0.7253 0.6655
vn -0.4141 -0.8773 -0.2427
vn -0.5307 -0.8110 0.2461
vn -0.5919 -0.7991 -0.1052
vn -0.2437 -0.7499 -0.6150
vn -0.0506 -0.8488 0.5263
vn -0.1609 -0.9861 0.0413
vn -0.7099 -0.7041 0.0185
vn -0.1226 -0.8466 -0.5179
vn -0.2006 -0.9127 0.3559
vn -0.2109 -0.7499 0.6270
vn -0.2816 -0.7203 -0.6339
vn -0.3757 -0.8052 0.4588
vn -0.3773 -0.9114 0.1644
vn -0.1520 -0.8211 -0.5502
vn -0.4816 -0.8762 0.0177
vn -0.0390 -0.9023 -0.4294
vn -0.1277 -0.9883 0.0834
vn -0.6212 -0.7754 0.1137
vn -0.1771 -0.7935 -0.5823
vn -0.3290 -0.6364 -0.6977
vn -0.2956 -0.7990 0.5237
vn -0.3076 -0.9229 0.2318
vn -0.4483 -0.8204 0.3549
vn -0.2009 -0.9791 -0.0326
vn -0.3505 -0.9177 -0.1871
vn -0.0640 -0.8671 -0.4941
vn -0.2841 -0.6792 -0.6767
vn -0.2605 -0.9216 0.2878
vn -0.0777 -0.9902 0.1159
vn -0.2467 -0.7792 0.5761
vn -0.1875 -0.7631 -0.6185
vn -0.4364 -0.8519 -0.2896
vn -0.5126 -0.7808 -0.3571
vn -0.6517 -0.7396 -0.1680
vn -0.7879 -0.5678 -0.2384
vn -0.1341 -0.7130 0.6882
vn -0.2696 -0.9568 -0.1089
vn -0.2357 -0.7069 -0.6669
vn -0.4112 -0.9095 0.0603
vn -0.5512 -0.8125 0.1898
vn -0.1941 -0.7259 -0.6598
vn -0.2665 -0.6318 -0.7279
vn -0.0867 -0.8772 0.4723
vn -0.0804 -0.8244 -0.5603
vn -0.1481 -0.9106 0.3858
vn -0.5548 -0.7285 -0.4019
vn -0.6794 -0.5701 -0.4620
vn -0.1141 -0.8015 -0.5870
vn -0.3827 -0.8287 0.4083
vn -0.4456 -0.8946 0.0351
vn -0.5090 -0.8598 -0.0408
vn -0.1580 -0.9874 -0.0102
vn -0.1377 -0.7615 -0.6334
vn -0.2964 -0.9400 -0.1691
vn -0.2334 -0.6702 -0.7045
vn -0.5740 -0.6971 -0.4296
vn -0.3283 -0.9298 0.1663
vn -0.5220 -0.7488 -0.4083
vn -0.0389 -0.8279 -0.5595
vn -0.7682 -0.5807 -0.2697
vn -0.2111 -0.9743 -0.0786
vn -0.2109 -0.9246 0.3174
vn -0.0657 -0.5955 0.8007
vn -0.3532 -0.9060 -0.2333
vn -0.0847 -0.7822 -0.6172
vn -0.1891 -0.6792 -0.7091
vn -0.5521 -0.8262 -0.1120
vn -0.4899 -0.8338 0.2546
vn -0.1361 -0.7186 -0.6820
vn -0.6150 -0.7727 -0.1573
vn -0.2218 -0.5952 -0.7723
vn -0.0982 -0.9949 0.0246
vn -0.0887 -0.7396 -0.6671
vn -0.0373 -0.7734 -0.6328
vn -0.4600 -0.8128 -0.3575
vn -0.1784 -0.6008 -0.7792
vn -0.0315 -0.6067 -0.7943
vn -0.5843 -0.6653 -0.4648
vn -0.1516 -0.6748 -0.7223
vn -0.6565 -0.5875 -0.4731
vn -0.0361 -0.8715 0.4890
vn -0.0638 -0.9953 0.0734
vn -0.2586 -0.9346 0.2443
vn -0.3787 -0.8841 -0.2738
vn -0.4110 -0.8447 -0.3428
vn -0.5512 -0.6651 0.5039
vn -0.5981 -0.5921 0.5401
vn -0.6222 -0.5842 0.5211
vn -0.0342 -0.7419 -0.6696
vn -0.1108 -0.6773 -0.7273
vn -0.3995 -0.8420 0.3626
vn -0.6531 -0.7259 -0.2159
vn -0.5746 -0.6772 0.4595
vn -0.6076 -0.6334 0.4791
vn -0.2996 -0.9294 -0.2156
vn -0.6280 -0.6224 0.4671
vn -0.0619 -0.7119 -0.6996
vn -0.3627 -0.9256 0.1082
vn -0.1094 -0.6069 -0.7873
vn -0.5696 -0.5973 0.5646
vn -0.0631 -0.6780 -0.7323
vn -0.0613 -0.6853 0.7257
vn -0.6135 -0.6753 0.4093
vn -0.6482 -0.6166 0.4468
vn -0.6450 -0.6755 0.3574
vn -0.6958 -0.6098 0.3796
vn -0.7204 -0.6043 0.3403
vn -0.0755 -0.6047 -0.7929
vn -0.5397 -0.6147 0.5752
vn -0.6216 -0.5895 -0.5158
vn -0.2046 -0.9710 -0.1239
vn -0.6415 -0.6600 0.3911
vn -0.2411 -0.9581 -0.1544
vn -0.8223 -0.5646 -0.0711
vn -0.0893 -0.7163 0.6920
vn -0.7292 -0.6191 0.2914
vn -0.1610 -0.7631 0.6260
vn -0.4766 -0.7802 -0.4051
vn -0.1488 -0.9862 -0.0729
vn -0.3693 -0.8760 -0.3102
vn -0.4678 -0.8833 -0.0315
vn -0.6724 -0.6748 0.3042
vn -0.0996 -0.9946 -0.0277
vn -0.5001 -0.6917 0.5210
vn -0.8435 -0.0920 0.5293
vn -0.2095 -0.9400 0.2693
vn -0.7761 -0.5737 0.2618
vn -0.4679 -0.6821 0.5620
vn -0.5072 -0.6160 0.6028
vn -0.5321 -0.7011 0.4746
vn -0.4751 -0.5978 0.6456
vn -0.7062 -0.6709 0.2262
vn -0.4484 -0.6076 0.6555
vn -0.4074 -0.6079 0.6815
vn -0.7850 -0.5788 0.2209
vn -0.2372 -0.9493 -0.2063
vn -0.0421 -0.9991 0.0048
vn -0.7841 -0.5885 0.1974
vn -0.7600 -0.5769 -0.2992
vn -0.6018 -0.5963 -0.5312
vn -0.8400 -0.5308 -0.1126
vn -0.8007 -0.5753 0.1669
vn -0.3648 -0.6087 0.7046
vn -0.8339 -0.4571 -0.3093
vn -0.8176 -0.4562 -0.3513
vn -0.8859 -0.3220 -0.3340
vn -0.8712 -0.3457 -0.3485
vn -0.8929 -0.3221 -0.3145
vn -0.8988 -0.3199 -0.2995
vn -0.8451 -0.4592 -0.2739
vn -0.8563 -0.4962 -0.1432
vn -0.9055 -0.3166 -0.2825
vn -0.9029 -0.3402 -0.2629
vn -0.9316 -0.2644 -0.2496
vn -0.9050 -0.4234 -0.0412
vn -0.4523 -0.5172 -0.7266
vn -0.4049 -0.5357 -0.7410
vn -0.4723 -0.5679 -0.6741
vn -0.5018 -0.4872 -0.7147
vn -0.5364 -0.4846 -0.6910
vn -0.8755 -0.4238 -0.2323
vn -0.5054 -0.5808 -0.6382
vn -0.8536 -0.4793 -0.2042
vn -0.9006 -0.3979 -0.1751
vn -0.5708 -0.4744 -0.6702
vn -0.9480 -0.2595 -0.1843
vn -0.9150 -0.3482 -0.2038
vn -0.6039 -0.4504 -0.6576
vn -0.5662 -0.5581 -0.6066
vn -0.9517 -0.2724 -0.1417
vn -0.6279 -0.4456 -0.6381
vn -0.9425 -0.3117 -0.1204
vn -0.6309 -0.4693 -0.6179
vn -0.8673 -0.4878 -0.0991
vn -0.9383 -0.3346 -0.0878
vn -0.6628 -0.4317 -0.6118
vn 0.0142 -0.5663 -0.8240
vn -0.6615 -0.4673 -0.5866
vn -0.6906 -0.4322 -0.5799
vn -0.1361 -0.6258 -0.7680
vn -0.9607 -0.2685 -0.0709
vn -0.6654 -0.5322 -0.5234
vn -0.7226 -0.4004 -0.5634
vn -0.9634 -0.2650 -0.0399
vn -0.7114 -0.4618 -0.5299
vn -0.7386 -0.4118 -0.5338
vn -0.9493 -0.3142 0.0075
vn -0.2578 -0.5759 -0.7758
vn -0.7421 -0.5171 -0.4266
vn -0.8075 -0.3635 -0.4646
vn -0.7622 -0.4396 -0.4752
vn -0.3017 -0.5714 -0.7632
vn -0.7925 -0.4340 -0.4286
vn -0.7824 -0.4845 -0.3912
vn -0.8403 -0.3783 -0.3884
vn -0.3303 -0.5565 -0.7624
vn -0.3670 -0.5583 -0.7441
vn -0.9196 -0.3231 -0.2237
vn -0.7525 -0.4066 -0.5181
vn -0.7652 -0.3980 -0.5060
vn -0.8013 -0.3268 -0.5011
vn -0.3090 0.9489 -0.0637
vn -0.8413 -0.3133 -0.4404
vn -0.8328 -0.3657 -0.4155
vn -0.8645 -0.2895 -0.4110
vn -0.8772 -0.2967 -0.3774
vn -0.9168 -0.3160 -0.2442
vn -0.9265 -0.2863 -0.2441
vn -0.9320 -0.2846 -0.2244
vn -0.8152 -0.5436 -0.1997
vn -0.7822 -0.5780 -0.2326
vn -0.8024 -0.5521 -0.2268
vn -0.7919 -0.5745 -0.2069
vn -0.9848 -0.1621 -0.0618
vn -0.9870 -0.1527 -0.0496
vn -0.9884 -0.1464 -0.0408
vn -0.5956 -0.6489 -0.4735
vn -0.5782 -0.6419 -0.5036
vn -0.6244 -0.6183 -0.4773
vn -0.5611 -0.6647 -0.4932
vn -0.7150 -0.6839 -0.1451
vn -0.7140 -0.6754 -0.1844
vn -0.7361 -0.6598 -0.1509
vn -0.3513 -0.6195 -0.7020
vn -0.3416 -0.5862 -0.7346
vn -0.3892 -0.5807 -0.7151
vn -0.8978 -0.3877 -0.2087
vn -0.9140 -0.3588 -0.1893
vn -0.8992 -0.3877 -0.2026
vn -0.6013 -0.4747 -0.6427
vn -0.6294 -0.4411 -0.6397
vn -0.6394 -0.4560 -0.6190
vn -0.4656 -0.8161 -0.3422
vn -0.4801 -0.8003 -0.3592
vn -0.5097 -0.7943 -0.3306
vn -0.8256 -0.5199 -0.2194
vn -0.8149 -0.5260 -0.2433
vn -0.8469 -0.4875 -0.2125
vn -0.8332 -0.4994 -0.2372
vn -0.5576 -0.4879 -0.6716
vn -0.5854 -0.4577 -0.6692
vn -0.9654 -0.2164 -0.1455
vn -0.9698 -0.1948 -0.1465
vn -0.9726 -0.2042 -0.1109
vn -0.9764 -0.1872 -0.1075
vn -0.8085 -0.4565 -0.3715
vn -0.8040 -0.4486 -0.3902
vn -0.8294 -0.4163 -0.3725
vn -0.8743 -0.4263 -0.2320
vn -0.8696 -0.4238 -0.2533
vn -0.8857 -0.4090 -0.2195
vn -0.8584 -0.4470 -0.2516
vn -0.8707 -0.4420 -0.2155
vn -0.8655 -0.4551 -0.2094
vn -0.8463 -0.4767 -0.2378
vn -0.6766 -0.5748 -0.4603
vn -0.6968 -0.5391 -0.4732
vn -0.7106 -0.5531 -0.4348
vn -0.7289 -0.5208 -0.4445
vn -0.7653 -0.6207 -0.1705
vn -0.7320 -0.6517 -0.1986
vn -0.7483 -0.6293 -0.2096
vn -0.1348 -0.6942 -0.7071
vn -0.1428 -0.6678 -0.7305
vn -0.1894 -0.6904 -0.6982
vn -0.2019 -0.6644 -0.7196
vn -0.2564 -0.6407 -0.7237
vn -0.3023 -0.6121 -0.7307
vn -0.3055 -0.6459 -0.6996
vn -0.9433 -0.2175 -0.2506
vn -0.9364 -0.2273 -0.2673
vn -0.9501 -0.2164 -0.2246
vn -0.7236 -0.3897 -0.5696
vn -0.6962 -0.3875 -0.6043
vn -0.7357 -0.3671 -0.5693
vn -0.2496 -0.6731 -0.6961
vn -0.1214 -0.7147 -0.6888
vn -0.0957 -0.6890 -0.7184
vn -0.4218 -0.5875 -0.6906
vn -0.4477 -0.5576 -0.6990
vn -0.8233 -0.3221 -0.4673
vn -0.8116 -0.3117 -0.4942
vn -0.8437 -0.2978 -0.4467
vn -0.3512 -0.9045 -0.2418
vn -0.2941 -0.9083 -0.2974
vn -0.3301 -0.8969 -0.2944
vn -0.3122 -0.9185 -0.2427
vn -0.7460 -0.5250 -0.4098
vn -0.7590 -0.4960 -0.4217
vn -0.7858 -0.4772 -0.3935
vn -0.7792 -0.4665 -0.4187
vn -0.9730 -0.1967 -0.1204
vn -0.9747 -0.2064 -0.0853
vn -0.9786 -0.1864 -0.0871
vn -0.9195 -0.3433 -0.1915
vn -0.9235 -0.3394 -0.1790
vn -0.9724 -0.2041 -0.1129
vn -0.6767 -0.4242 -0.6017
vn -0.6534 -0.4186 -0.6307
vn -0.1128 -0.8944 -0.4329
vn -0.0727 -0.8830 -0.4638
vn -0.1338 -0.8763 -0.4627
vn -0.7157 -0.6105 -0.3393
vn -0.7235 -0.5916 -0.3559
vn -0.7433 -0.5824 -0.3290
vn -0.3230 -0.8037 -0.4998
vn -0.3112 -0.7845 -0.5365
vn -0.3494 -0.7758 -0.5254
vn -0.6940 -0.6958 -0.1849
vn -0.6750 -0.7306 -0.1026
vn -0.6354 -0.7594 -0.1398
vn -0.6619 -0.7355 -0.1444
vn -0.4506 -0.5335 -0.7158
vn -0.4888 -0.5246 -0.6970
vn -0.2670 -0.9438 -0.1950
vn -0.2012 -0.9465 -0.2523
vn -0.2345 -0.9392 -0.2507
vn -0.2193 -0.9557 -0.1964
vn -0.9458 -0.2632 -0.1905
vn -0.9396 -0.2617 -0.2207
vn -0.9551 -0.2333 -0.1829
vn -0.3794 -0.8860 -0.2666
vn -0.3632 -0.8772 -0.3139
vn -0.2212 -0.8472 -0.4830
vn -0.2207 -0.8244 -0.5212
vn -0.2613 -0.8386 -0.4780
vn -0.2667 -0.8164 -0.5122
vn -0.7469 -0.3489 -0.5660
vn -0.7636 -0.3510 -0.5420
vn -0.6191 -0.7822 -0.0700
vn -0.6289 -0.7710 -0.1002
vn -0.6587 -0.7498 -0.0624
vn -0.0655 -0.7148 -0.6963
vn -0.0483 -0.9907 -0.1269
vn -0.0675 -0.9866 -0.1483
vn -0.0915 -0.9895 -0.1121
vn -0.8601 -0.4520 -0.2366
vn -0.8818 -0.4195 -0.2155
vn -0.6509 -0.6731 -0.3510
vn -0.6092 -0.6905 -0.3900
vn -0.6520 -0.6615 -0.3705
vn -0.6209 -0.6948 -0.3630
vn -0.1228 -0.9842 -0.1278
vn -0.0877 -0.9777 -0.1908
vn -0.1532 -0.9759 -0.1553
vn -0.2614 -0.6151 -0.7439
vn -0.9579 -0.2396 -0.1583
vn -0.4760 -0.7917 -0.3830
vn -0.5426 -0.7707 -0.3342
vn -0.5341 -0.7630 -0.3641
vn -0.7658 -0.5616 -0.3134
vn -0.7566 -0.5577 -0.3414
vn -0.7878 -0.5296 -0.3145
vn -0.7708 -0.6015 -0.2100
vn -0.7575 -0.6069 -0.2406
vn -0.2121 -0.6362 -0.7418
vn -0.6404 -0.5988 -0.4809
vn -0.6513 -0.5762 -0.4939
vn -0.1126 -0.8589 -0.4997
vn -0.1549 -0.8556 -0.4939
vn -0.6751 -0.7169 -0.1739
vn -0.1715 -0.9645 -0.2008
vn -0.1960 -0.9685 -0.1535
vn -0.8468 -0.4085 -0.3406
vn -0.8739 -0.3669 -0.3190
vn -0.8659 -0.3924 -0.3103
vn -0.9752 -0.1815 -0.1269
vn -0.7009 -0.6778 -0.2220
vn -0.9796 -0.1921 -0.0584
vn -0.9110 -0.3035 -0.2792
vn -0.8980 -0.3377 -0.2821
vn -0.9075 -0.3704 -0.1982
vn -0.4101 -0.8657 -0.2868
vn -0.3960 -0.8581 -0.3270
vn -0.0739 -0.9010 -0.4276
vn -0.0059 -0.8907 -0.4545
vn -0.0541 -0.6869 -0.7247
vn -0.5947 -0.6171 -0.5153
vn -0.3878 -0.7645 -0.5150
vn -0.3994 -0.7357 -0.5470
vn -0.4358 -0.7356 -0.5186
vn -0.9626 -0.2118 -0.1690
vn -0.9807 -0.1712 -0.0946
vn -0.5409 -0.4679 -0.6990
vn -0.5774 -0.8117 -0.0886
vn -0.4772 -0.7218 -0.5013
vn -0.4503 -0.7055 -0.5472
vn -0.4919 -0.6927 -0.5275
vn -0.5013 -0.4929 -0.7112
vn -0.5392 -0.5121 -0.6686
vn -0.9029 -0.2531 -0.3474
vn -0.9007 -0.2487 -0.3561
vn -0.9149 -0.2397 -0.3248
vn -0.8788 -0.2665 -0.3958
vn -0.7918 -0.5549 -0.2552
vn -0.5255 -0.7537 -0.3947
vn -0.5604 -0.7402 -0.3716
vn -0.8191 -0.4963 -0.2878
vn -0.8276 -0.4796 -0.2915
vn -0.8418 -0.4672 -0.2703
vn -0.8842 -0.3392 -0.3212
vn -0.7066 -0.6657 -0.2400
vn 0.0018 -0.7147 -0.6994
vn -0.1228 -0.9702 -0.2091
vn -0.8200 -0.2989 -0.4881
vn -0.8530 -0.2845 -0.4374
vn -0.0600 -0.9828 -0.1747
vn -0.5983 -0.7903 -0.1321
vn -0.9652 -0.2016 -0.1664
vn -0.9673 -0.2129 -0.1379
vn -0.5810 -0.8112 -0.0666
vn -0.3878 -0.8463 -0.3651
vn -0.4385 -0.8396 -0.3205
vn -0.4295 -0.8295 -0.3570
vn -0.9775 -0.2094 -0.0265
vn -0.9796 -0.2008 -0.0035
vn -0.4115 -0.5419 -0.7328
vn -0.9902 -0.1394 -0.0118
vn -0.9881 -0.1538 -0.0007
vn -0.6558 -0.3939 -0.6440
vn -0.9547 -0.2080 -0.2129
vn -0.9593 -0.2142 -0.1837
vn -0.6916 -0.6223 -0.3666
vn -0.7994 -0.5090 -0.3191
vn -0.9730 -0.2068 -0.1030
vn -0.9833 -0.1640 -0.0795
vn 0.0075 -0.6877 -0.7260
vn -0.0045 -0.9914 -0.1309
vn 0.0070 -0.9867 -0.1621
vn -0.6836 -0.6965 -0.2181
vn -0.1614 -0.6391 -0.7520
vn -0.0994 -0.6667 -0.7387
vn -0.5647 -0.7237 -0.3967
vn -0.5918 -0.7146 -0.3731
vn -0.2695 -0.7941 -0.5448
vn -0.8096 -0.5275 -0.2575
vn -0.8052 -0.4299 -0.4084
vn -0.7216 -0.3604 -0.5911
vn -0.7321 -0.6355 -0.2455
vn -0.2714 -0.9307 -0.2454
vn -0.2514 -0.9195 -0.3024
vn -0.7829 -0.3217 -0.5325
vn -0.7914 -0.3275 -0.5162
vn -0.5462 -0.6476 -0.5312
vn -0.5248 -0.6795 -0.5126
vn -0.8548 -0.4404 -0.2744
vn -0.6144 -0.4190 -0.6686
vn -0.9433 -0.3037 -0.1337
vn -0.9506 -0.2830 -0.1278
vn -0.9529 -0.2815 -0.1130
vn -0.6424 -0.7430 -0.1878
vn -0.6868 -0.7133 -0.1394
vn -0.4483 -0.5129 -0.7321
vn -0.8862 -0.3982 -0.2369
vn -0.6862 -0.6368 -0.3516
vn -0.6596 -0.6445 -0.3868
vn -0.9013 -0.3793 -0.2092
vn -0.8958 -0.3938 -0.2059
vn -0.9225 -0.3381 -0.1862
vn -0.9261 -0.3399 -0.1638
vn -0.1702 -0.8309 -0.5297
vn -0.1872 -0.8522 -0.4886
vn -0.1558 -0.9542 -0.2553
vn -0.8544 -0.3780 -0.3566
vn -0.7656 -0.5906 -0.2551
vn -0.3522 -0.8671 -0.3523
vn -0.0710 -0.8600 -0.5053
vn -0.5634 -0.8158 -0.1305
vn -0.9358 -0.3119 -0.1643
vn -0.9378 -0.3165 -0.1427
vn -0.2877 -0.5832 -0.7597
vn -0.3183 -0.8871 -0.3342
vn -0.9588 -0.2596 -0.1158
vn -0.9831 -0.1715 -0.0645
vn -0.3677 -0.5500 -0.7499
vn -0.5318 -0.8427 -0.0839
vn -0.2347 -0.6001 -0.7647
vn -0.5750 -0.4386 -0.6907
vn -0.0004 -0.8708 -0.4916
vn -0.9527 -0.2264 -0.2028
vn -0.7493 -0.4841 -0.4520
vn -0.5898 -0.7899 -0.1682
vn -0.3486 -0.7559 -0.5542
vn -0.6554 -0.7222 -0.2213
vn -0.8242 -0.5046 -0.2571
vn -0.1102 -0.6406 -0.7599
vn -0.0593 -0.6593 -0.7495
vn -0.6150 -0.7664 -0.1855
vn -0.8915 -0.4007 -0.2114
vn -0.9059 -0.3656 -0.2138
vn -0.5077 -0.6629 -0.5502
vn 0.0074 -0.9800 -0.1989
vn -0.9264 -0.2317 -0.2968
vn -0.6671 -0.5477 -0.5050
vn -0.9265 -0.2742 -0.2576
vn -0.2322 -0.7991 -0.5545
vn -0.3108 -0.5533 -0.7729
vn -0.1846 -0.6035 -0.7757
vn -0.0057 -0.6636 -0.7480
vn -0.4566 -0.4867 -0.7447
vn -0.6293 -0.6650 -0.4023
vn -0.4926 -0.7703 -0.4050
vn -0.5404 -0.4463 -0.7133
vn -0.4250 -0.8172 -0.3892
vn -0.8941 -0.3136 -0.3197
vn -0.9096 -0.3706 -0.1880
vn -0.2165 -0.9277 -0.3041
vn -0.7013 -0.6065 -0.3747
vn -0.8345 -0.3861 -0.3930
vn -0.1069 -0.9592 -0.2619
vn -0.6051 -0.5923 -0.5320
vn -0.4958 -0.4647 -0.7336
vn -0.9452 -0.2913 -0.1475
vn -0.3824 -0.5146 -0.7674
vn -0.0046 -0.9736 -0.2281
vn -0.7285 -0.6282 -0.2732
vn -0.7212 -0.5007 -0.4788
vn -0.6953 -0.6662 -0.2698
vn -0.7761 -0.4503 -0.4415
vn -0.6274 -0.7455 -0.2252
vn -0.2708 -0.8994 -0.3431
vn -0.9863 -0.1613 -0.0343
vn -0.1188 -0.8350 -0.5373
vn -0.5107 -0.8504 -0.1269
vn -0.9385 -0.2456 -0.2428
vn -0.5550 -0.8132 -0.1751
vn -0.4184 -0.7034 -0.5746
vn -0.4143 -0.4952 -0.7636
vn -0.7649 -0.5815 -0.2771
vn -0.3703 -0.7285 -0.5764
vn -0.1318 -0.6044 -0.7857
vn -0.4586 -0.6767 -0.5760
vn -0.6210 -0.5699 -0.5381
vn -0.7396 -0.5626 -0.3694
vn -0.6716 -0.6953 -0.2559
vn -0.0618 -0.9678 -0.2439
vn -0.1816 -0.9346 -0.3059
vn -0.0832 -0.6257 -0.7756
vn -0.7676 -0.5362 -0.3511
vn -0.2901 -0.7674 -0.5718
vn -0.3103 -0.8755 -0.3705
vn -0.2578 -0.5678 -0.7817
vn -0.3308 -0.5225 -0.7859
vn -0.8041 -0.4180 -0.4227
vn -0.4568 -0.7863 -0.4160
vn -0.1967 -0.8045 -0.5605
vn -0.7445 -0.6068 -0.2782
vn -0.7122 -0.6480 -0.2700
vn -0.0055 -0.6438 -0.7652
vn -0.6004 -0.7670 -0.2266
vn -0.0480 -0.6262 -0.7782
vn -0.9177 -0.2733 -0.2882
vn -0.5214 -0.8396 -0.1520
vn -0.9662 -0.2390 -0.0963
vn -0.9863 -0.1568 -0.0515
vn -0.8462 -0.4710 -0.2492
vn -0.2770 -0.5381 -0.7960
vn -0.5452 -0.6213 -0.5628
vn -0.2112 -0.5748 -0.7905
vn -0.3420 -0.8531 -0.3940
vn -0.8676 -0.3401 -0.3628
vn -0.8091 -0.4935 -0.3192
vn -0.8330 -0.4626 -0.3034
vn -0.9624 -0.2006 -0.1829
vn -0.9794 -0.1756 -0.1001
vn -0.3766 -0.8307 -0.4100
vn -0.1640 -0.8074 -0.5668
vn -0.6920 -0.5148 -0.5060
vn -0.5978 -0.6837 -0.4187
vn -0.6411 -0.7219 -0.2606
vn -0.5257 -0.7378 -0.4234
vn -0.0007 -0.6158 -0.7879
vn -0.7841 -0.5537 -0.2805
vn -0.3297 -0.7365 -0.5906
vn 0.0026 -0.8508 -0.5255
vn -0.0822 -0.5950 -0.7995
vn -0.0751 -0.8371 -0.5418
vn -0.7103 -0.5883 -0.3864
vn -0.2241 -0.5478 -0.8060
vn -0.1638 -0.5666 -0.8075
vn -0.9992 -0.0403 0.0017
vn -0.9996 -0.0280 -0.0005
vn -0.9999 0.0124 -0.0002
vn -0.9994 0.0198 0.0275
vn -0.5716 -0.7938 -0.2075
vn -0.5646 -0.7097 -0.4215
vn -0.9225 -0.3476 -0.1680
vn -0.7436 -0.4617 -0.4837
vn -0.9985 -0.0542 -0.0109
vn -0.1010 -0.5783 -0.8095
vn -0.0396 -0.5990 -0.7998
vn -0.9973 -0.0738 0.0002
vn -0.9964 -0.0847 -0.0036
vn -0.4908 -0.6527 -0.5772
vn 0.0039 -0.5834 -0.8121
vn -0.1397 -0.9408 -0.3089
vn -0.0474 -0.5732 -0.8181
vn -0.9939 -0.1103 -0.0038
vn -0.9966 -0.0811 -0.0134
vn -0.9925 -0.1223 -0.0018
vn -0.9019 -0.2915 -0.3189
vn -0.4544 -0.8822 -0.1237
vn -0.4924 -0.8663 -0.0842
vn -0.9991 -0.0373 -0.0200
vn -0.8180 -0.3865 -0.4260
vn -0.6718 -0.6229 -0.4010
vn -0.9903 -0.1391 -0.0046
vn -0.5147 -0.8368 -0.1865
vn -0.4210 -0.8014 -0.4248
vn -0.9735 -0.2146 -0.0786
vn -0.9889 -0.1416 -0.0448
vn -0.2188 -0.9119 -0.3471
vn -0.6641 -0.5284 -0.5290
vn -0.2433 -0.7674 -0.5932
vn -0.8018 -0.5294 -0.2773
vn -0.9872 -0.1592 -0.0052
vn -0.9994 -0.0301 -0.0149
vn -0.8926 -0.3779 -0.2460
vn -0.9964 -0.0737 -0.0415
vn -0.1231 -0.8095 -0.5740
vn 0.0191 -0.9654 -0.2600
vn -0.9915 -0.1263 -0.0314
vn -0.7780 -0.4253 -0.4624
vn -0.2910 -0.7440 -0.6015
vn -0.6142 -0.7433 -0.2650
vn -0.8750 -0.4034 -0.2676
vn -0.4821 -0.8631 -0.1501
vn -0.9939 -0.1020 -0.0413
vn -0.0033 -0.8344 -0.5511
vn -0.2714 -0.8846 -0.3792
vn -0.9863 -0.1622 -0.0315
vn -0.6987 -0.4934 -0.5180
vn -0.9556 -0.2089 -0.2078
vn -0.6625 -0.6935 -0.2833
vn -0.9471 -0.2210 -0.2326
vn -0.9801 -0.1958 -0.0327
vn -0.4004 -0.6928 -0.5998
vn -0.8010 -0.4000 -0.4455
vn -0.9724 -0.2333 -0.0044
vn -0.9689 -0.2471 -0.0107
vn -0.9773 -0.2116 -0.0077
vn -0.8840 -0.3042 -0.3551
vn -0.9828 -0.1844 -0.0075
vn -0.9879 -0.1434 -0.0592
vn -0.9747 -0.2031 -0.0931
vn -0.8486 -0.3435 -0.4024
vn -0.0630 -0.9585 -0.2781
vn -0.5622 -0.5932 -0.5763
vn -0.9902 -0.1168 -0.0759
vn -0.9714 -0.2346 -0.0351
vn -0.6886 -0.6621 -0.2956
vn -0.5614 -0.7907 -0.2442
vn -0.4425 -0.8917 -0.0948
vn -0.7122 -0.6329 -0.3037
vn -0.6392 -0.6432 -0.4215
vn -0.4758 -0.7618 -0.4397
vn -0.0925 -0.9447 -0.3147
vn -0.9819 -0.1795 -0.0597
vn -0.9639 -0.2637 -0.0369
vn -0.6313 -0.5429 -0.5538
vn -0.7381 -0.6019 -0.3047
vn -0.5145 -0.8234 -0.2391
vn -0.9832 -0.1701 -0.0661
vn -0.4998 -0.8391 -0.2147
vn -0.3001 -0.8610 -0.4106
vn -0.9514 -0.2725 -0.1437
vn -0.7615 -0.5742 -0.3006
vn -0.5843 -0.7651 -0.2706
vn -0.9745 -0.2152 -0.0632
vn -0.1939 -0.7821 -0.5922
vn -0.9179 -0.3344 -0.2136
vn -0.9498 -0.3099 -0.0441
vn -0.9593 -0.2822 -0.0104
vn -0.9842 -0.1552 -0.0850
vn -0.0790 -0.8114 -0.5792
vn -0.9290 -0.3157 -0.1929
vn -0.9959 -0.0758 -0.0500
vn -0.8658 -0.3219 -0.3830
vn -0.9478 -0.3179 -0.0237
vn -0.1697 -0.9199 -0.3535
vn -0.7781 -0.5115 -0.3646
vn -0.9643 -0.2549 -0.0715
vn -0.8280 -0.4936 -0.2661
vn -0.6308 -0.7196 -0.2901
vn -0.8291 -0.3696 -0.4196
vn -0.4321 -0.8870 -0.1627
vn -0.9749 -0.2037 -0.0902
vn -0.4674 -0.8634 -0.1901
vn -0.4916 -0.6312 -0.6000
vn -0.3428 -0.7062 -0.6195
vn -0.9537 -0.2937 -0.0650
vn -0.9809 -0.1639 -0.1046
vn -0.8028 -0.4861 -0.3453
vn -0.4037 -0.9102 -0.0927
vn -0.4075 -0.9064 -0.1112
vn -0.9683 -0.2348 -0.0853
vn -0.2274 -0.8956 -0.3823
vn -0.9769 -0.1889 -0.0998
vn -0.2602 -0.8739 -0.4106
vn 0.0085 -0.9555 -0.2948
vn -0.9342 -0.2352 -0.2683
vn -0.8586 -0.4211 -0.2923
vn -0.5298 -0.7201 -0.4481
vn -0.5674 -0.6941 -0.4430
vn -0.9402 -0.3401 -0.0180
vn -0.9340 -0.3549 -0.0408
vn -0.6555 -0.6896 -0.3079
vn -0.4432 -0.6535 -0.6136
vn -0.9385 -0.3383 -0.0683
vn -0.8408 -0.4743 -0.2609
vn -0.9687 -0.1904 -0.1594
vn -0.9230 -0.3837 -0.0284
vn -0.5491 -0.7892 -0.2752
vn -0.7159 -0.5733 -0.3985
vn -0.9721 -0.2004 -0.1217
vn -0.9575 -0.2619 -0.1204
vn -0.1406 -0.7854 -0.6028
vn -0.8999 -0.3569 -0.2506
vn -0.9481 -0.3033 -0.0956
vn -0.9255 -0.3727 -0.0677
vn -0.8084 -0.5163 -0.2827
vn -0.0566 -0.9464 -0.3181
vn -0.9549 -0.2797 -0.0994
vn -0.7070 -0.4728 -0.5260
vn -0.2151 -0.7562 -0.6179
vn -0.0050 -0.8145 -0.5801
vn -0.9139 -0.2663 -0.3064
vn -0.2567 -0.7344 -0.6283
vn -0.9375 -0.3325 -0.1029
vn -0.7449 -0.4309 -0.5094
vn -0.9161 -0.4007 -0.0140
vn -0.9051 -0.4244 -0.0253
vn -0.5948 -0.5563 -0.5803
vn -0.9650 -0.2323 -0.1213
vn -0.6037 -0.6632 -0.4424
vn -0.5076 -0.6126 -0.6059
vn -0.9128 -0.4032 -0.0651
vn -0.1219 -0.9286 -0.3506
vn -0.9284 -0.3576 -0.1008
vn -0.3012 -0.7220 -0.6229
vn -0.8967 -0.4385 -0.0607
vn -0.9656 -0.2297 -0.1220
vn -0.6844 -0.6577 -0.3148
vn -0.3179 -0.8421 -0.4357
vn -0.5952 -0.7472 -0.2959
vn -0.7475 -0.5404 -0.3864
vn -0.9552 -0.2573 -0.1462
vn -0.6859 -0.5975 -0.4155
vn -0.9699 -0.2023 -0.1355
vn -0.9860 -0.1386 -0.0926
vn -0.3856 -0.6805 -0.6230
vn -0.4683 -0.8523 -0.2328
vn -0.3538 -0.9247 -0.1405
vn -0.8839 -0.4665 -0.0349
vn -0.9086 -0.3307 -0.2550
vn -0.9743 -0.1857 -0.1275
vn -0.9153 -0.3913 -0.0948
vn -0.6444 -0.5169 -0.5635
vn -0.6246 -0.7140 -0.3162
vn -0.1817 -0.7582 -0.6261
vn -0.8422 -0.4366 -0.3163
vn -0.3772 -0.8088 -0.4511
vn -0.9462 -0.2981 -0.1262
vn -0.3932 -0.9059 -0.1575
vn -0.9654 -0.2315 -0.1202
vn -0.9851 -0.1717 -0.0094
vn -0.1752 -0.9042 -0.3895
vn -0.9781 -0.1941 -0.0752
vn -0.8045 -0.3750 -0.4605
vn -0.9334 -0.3363 -0.1254
vn -0.9123 -0.3665 -0.1824
vn -0.4982 -0.7341 -0.4614
vn -0.5638 -0.5683 -0.5993
vn -0.4215 -0.7834 -0.4567
vn -0.9537 -0.2612 -0.1492
vn -0.8989 -0.4292 -0.0881
vn -0.8749 -0.4801 -0.0637
vn -0.4125 -0.8864 -0.2101
vn -0.8932 -0.2726 -0.3576
vn -0.8731 -0.3004 -0.3840
vn -0.8317 -0.3446 -0.4354
vn -0.3577 -0.9283 -0.1014
vn 0.0032 -0.9418 -0.3363
vn -0.7753 -0.4015 -0.4876
vn -0.9435 -0.2822 -0.1736
vn -0.9074 -0.4032 -0.1183
vn -0.8563 -0.5126 -0.0634
vn -0.8582 -0.5121 -0.0349
vn -0.8817 -0.4649 -0.0807
vn -0.5204 -0.8087 -0.2743
vn -0.7870 -0.5401 -0.2981
vn -0.8920 -0.4376 -0.1131
vn -0.2107 -0.8866 -0.4117
vn -0.0034 -0.7987 -0.6017
vn -0.9299 -0.3382 -0.1443
vn -0.8852 -0.3724 -0.2787
vn -0.9524 -0.2588 -0.1612
vn -0.4640 -0.6172 -0.6355
vn -0.0796 -0.7867 -0.6122
vn -0.3878 -0.9017 -0.1909
vn -0.9149 -0.3803 -0.1353
vn -0.4033 -0.6545 -0.6395
vn -0.9323 -0.3255 -0.1577
vn -0.9424 -0.2949 -0.1581
vn -0.1412 -0.7609 -0.6333
vn -0.9786 -0.1888 -0.0814
vn -0.3128 -0.9389 -0.1433
vn -0.6541 -0.6182 -0.4360
vn -0.9945 -0.1044 -0.0128
vn -0.9619 -0.1984 -0.1879
vn -0.7111 -0.6227 -0.3264
vn -0.8566 -0.5049 -0.1060
vn -0.4652 -0.7480 -0.4734
vn -0.8580 -0.3114 -0.4086
vn -0.8975 -0.4154 -0.1480
vn -0.8739 -0.4730 -0.1121
vn -0.9160 -0.2494 -0.3144
vn -0.4308 -0.8711 -0.2360
vn -0.8152 -0.4647 -0.3457
vn -0.6607 -0.4869 -0.5713
vn -0.5892 -0.7419 -0.3201
vn -0.5467 -0.7783 -0.3088
vn -0.5165 -0.5818 -0.6282
vn -0.5942 -0.5383 -0.5977
vn -0.8351 -0.5482 -0.0456
vn -0.2938 -0.7005 -0.6504
vn -0.0683 -0.9322 -0.3554
vn -0.8395 -0.5337 -0.1019
vn -0.1232 -0.9132 -0.3885
vn -0.4831 -0.8285 -0.2833
vn -0.3396 -0.8201 -0.4605
vn -0.7072 -0.4469 -0.5479
vn -0.3484 -0.6750 -0.6504
vn -0.9085 -0.3812 -0.1710
vn -0.3126 -0.9442 -0.1033
vn -0.8772 -0.4572 -0.1463
vn -0.7856 -0.3762 -0.4913
vn -0.7204 -0.5573 -0.4128
vn -0.6521 -0.6824 -0.3304
vn -0.2050 -0.7320 -0.6497
vn -0.8998 -0.4027 -0.1680
vn -0.8749 -0.3952 -0.2799
vn -0.8213 -0.5634 -0.0897
vn -0.6838 -0.6484 -0.3345
vn -0.8732 -0.4571 -0.1689
vn -0.3538 -0.9153 -0.1926
vn -0.0821 -0.9194 -0.3846
vn -0.8599 -0.4899 -0.1433
vn -0.9104 -0.3722 -0.1809
vn -0.9359 -0.3030 -0.1798
vn -0.0988 -0.7627 -0.6391
vn -0.5697 -0.6799 -0.4618
vn -0.9311 -0.2311 -0.2821
vn -0.9786 -0.1900 -0.0785
vn -0.2758 -0.9499 -0.1469
vn -0.9321 -0.2987 -0.2047
vn -0.2621 -0.8569 -0.4439
vn -0.5396 -0.6952 -0.4750
vn -0.7440 -0.4066 -0.5302
vn -0.9276 -0.3245 -0.1849
vn 0.0010 -0.7810 -0.6246
vn -0.8146 -0.5784 -0.0432
vn -0.7903 -0.6056 -0.0935
vn -0.9816 -0.1809 -0.0608
vn -0.2332 -0.7075 -0.6671
vn -0.4086 -0.6310 -0.6594
vn -0.4252 -0.7625 -0.4877
vn -0.8415 -0.5210 -0.1433
vn -0.6252 -0.6335 -0.4558
vn -0.9785 -0.1759 -0.1075
vn -0.6047 -0.5140 -0.6084
vn -0.9178 -0.3502 -0.1869
vn -0.2989 -0.8300 -0.4710
vn -0.8115 -0.5724 -0.1173
vn -0.4491 -0.8473 -0.2835
vn -0.7969 -0.3515 -0.4913
vn -0.5832 -0.7346 -0.3468
vn -0.6799 -0.5876 -0.4387
vn -0.6205 -0.7055 -0.3424
vn -0.1626 -0.8915 -0.4228
vn -0.7661 -0.3796 -0.5186
vn -0.2679 -0.9581 -0.1013
vn -0.2415 -0.9587 -0.1505
vn -0.9825 -0.1860 -0.0093
vn 0.0035 -0.9289 -0.3703
vn -0.7868 -0.6152 -0.0505
vn -0.7574 -0.6439 -0.1084
vn -0.8187 -0.5547 -0.1482
vn -0.5481 -0.5422 -0.6369
vn -0.7146 -0.4180 -0.5609
vn -0.8778 -0.4429 -0.1823
vn -0.3113 -0.9302 -0.1942
vn -0.7823 -0.4940 -0.3794
vn -0.0582 -0.7618 -0.6452
vn -0.8478 -0.5011 -0.1736
vn -0.3788 -0.7882 -0.4850
vn -0.1540 -0.7363 -0.6589
vn -0.3056 -0.6764 -0.6701
vn -0.3507 -0.6482 -0.6759
vn -0.7860 -0.6057 -0.1236
vn -0.2061 -0.8702 -0.4475
vn -0.4907 -0.8130 -0.3133
vn -0.0944 -0.9066 -0.4113
vn -0.6813 -0.4478 -0.5790
vn -0.4289 -0.6070 -0.6690
vn -0.5093 -0.7088 -0.4881
vn -0.7993 -0.5834 -0.1441
vn -0.8887 -0.4136 -0.1978
vn -0.8542 -0.4841 -0.1894
vn -0.6406 -0.4790 -0.6001
vn -0.1742 -0.7121 -0.6801
vn -0.4637 -0.5820 -0.6680
vn -0.8170 -0.5493 -0.1756
vn -0.7551 -0.6532 -0.0564
vn -0.7419 -0.6633 -0.0984
vn -0.2195 -0.9696 -0.1078
vn -0.7676 -0.6286 -0.1251
vn -0.9185 -0.2399 -0.3144
vn -0.5003 -0.5546 -0.6650
vn -0.7212 -0.6902 -0.0585
vn -0.7208 -0.6885 -0.0802
vn -0.0063 -0.9132 -0.4075
vn -0.1079 -0.7386 -0.6654
vn 0.0073 -0.7579 -0.6524
vn -0.8705 -0.2829 -0.4027
vn -0.3939 -0.6130 -0.6849
vn -0.5943 -0.4965 -0.6327
vn -0.8320 -0.5189 -0.1965
vn -0.7088 -0.6963 -0.1126
vn -0.7855 -0.5928 -0.1778
vn -0.0622 -0.7381 -0.6718
vn -0.6880 -0.7231 -0.0621
vn -0.1719 -0.9789 -0.1102
vn 0.0089 -0.7378 -0.6750
vn -0.7467 -0.6452 -0.1616
vn -0.3737 -0.1922 0.9074
vn -0.3204 -0.1863 0.9288
vn -0.3407 -0.1738 0.9240
vn -0.0989 -0.0753 0.9922
vn -0.0949 -0.1666 0.9815
vn -0.0656 -0.1106 0.9917
vn 0.0187 -0.1109 0.9937
vn -0.0311 -0.1201 0.9923
vn 0.0148 -0.1659 0.9860
vn -0.7362 -0.3022 0.6055
vn -0.7096 -0.2996 0.6377
vn -0.7391 -0.2174 0.6376
vn -0.4638 -0.1861 0.8662
vn -0.4284 -0.2036 0.8803
vn -0.4255 -0.1864 0.8855
vn -0.4853 -0.2034 0.8504
vn -0.2695 -0.1866 0.9447
vn -0.2271 -0.1861 0.9559
vn -0.2395 -0.1675 0.9563
vn -0.6304 -0.2149 0.7459
vn -0.5849 -0.2156 0.7820
vn -0.6349 -0.2024 0.7456
vn -0.9122 -0.1975 0.3589
vn -0.8945 -0.1970 0.4014
vn -0.9066 -0.1820 0.3806
vn -0.5980 -0.2047 0.7749
vn -0.0393 -0.1667 0.9852
vn -0.9689 -0.1918 0.1566
vn -0.9527 -0.2111 0.2187
vn -0.9575 -0.1932 0.2143
vn -0.7072 -0.2158 0.6732
vn -0.9639 -0.2096 0.1645
vn -0.6745 -0.2951 0.6768
vn -0.6703 -0.2140 0.7105
vn -0.1819 -0.1836 0.9660
vn -0.1899 -0.1669 0.9675
vn -0.7167 -0.1707 0.6761
vn -0.6833 -0.1726 0.7094
vn -0.6928 -0.1146 0.7119
vn -0.6362 -0.3032 0.7095
vn -0.8219 -0.1846 0.5389
vn -0.7967 -0.1706 0.5798
vn -0.8199 -0.1699 0.5467
vn -0.5706 -0.1966 0.7973
vn -0.3735 -0.2040 0.9049
vn -0.1445 -0.1664 0.9754
vn -0.5367 -0.2156 0.8158
vn -0.5373 -0.2051 0.8180
vn -0.9474 -0.3088 0.0839
vn -0.9758 -0.2151 0.0388
vn -0.8738 -0.1980 0.4442
vn -0.8787 -0.1830 0.4408
vn -0.1269 -0.1828 0.9749
vn -0.7815 -0.1875 0.5950
vn -0.7712 -0.1735 0.6124
vn -0.6068 -0.3044 0.7342
vn -0.6556 -0.1773 0.7340
vn -0.6523 -0.0818 0.7535
vn -0.9711 -0.2138 0.1064
vn -0.9381 -0.2102 0.2752
vn -0.9429 -0.1948 0.2703
vn -0.3194 -0.2041 0.9254
vn -0.4834 -0.2166 0.8482
vn -0.5714 -0.3016 0.7632
vn -0.9415 -0.2997 0.1540
vn -0.0756 -0.1813 0.9805
vn -0.6217 -0.1731 0.7639
vn -0.8478 -0.1993 0.4914
vn -0.8518 -0.1848 0.4902
vn -0.2669 -0.2042 0.9418
vn -0.0282 -0.1806 0.9831
vn -0.5217 -0.3036 0.7972
vn -0.6110 -0.0842 0.7871
vn -0.9205 -0.2160 0.3256
vn -0.9270 -0.1963 0.3195
vn -0.9323 -0.2908 0.2153
vn 0.0202 -0.1816 0.9832
vn -0.4272 -0.2177 0.8775
vn -0.5735 -0.1737 0.8006
vn -0.2069 -0.2049 0.9567
vn -0.1684 -0.1966 0.9659
vn -0.4953 -0.3142 0.8099
vn -0.3724 -0.2184 0.9020
vn -0.8191 -0.2004 0.5375
vn -0.5751 -0.0792 0.8142
vn -0.4558 -0.2989 0.8384
vn -0.7155 -0.1802 0.6750
vn -0.7369 -0.1898 0.6488
vn -0.7464 -0.1731 0.6426
vn -0.1249 -0.1987 0.9721
vn -0.0781 -0.1981 0.9771
vn -0.8979 -0.2124 0.3855
vn -0.3186 -0.2188 0.9223
vn -0.4158 -0.2931 0.8609
vn -0.5432 -0.1197 0.8310
vn -0.9169 -0.2931 0.2708
vn -0.0290 -0.1940 0.9806
vn 0.0210 -0.2031 0.9789
vn -0.2661 -0.2193 0.9387
vn -0.3634 -0.3038 0.8807
vn -0.5246 -0.1726 0.8337
vn -0.7937 -0.2014 0.5739
vn -0.1539 -0.2164 0.9641
vn -0.6875 -0.1903 0.7008
vn -0.2071 -0.2211 0.9530
vn -0.9891 -0.1412 0.0424
vn -0.9838 -0.1449 0.1055
vn -0.9959 -0.0710 0.0568
vn -0.9912 -0.0681 0.1136
vn -0.4959 -0.1256 0.8593
vn -0.1121 -0.2165 0.9698
vn -0.3176 -0.2789 0.9063
vn -0.0197 -0.2115 0.9772
vn -0.9839 -0.0992 0.1487
vn -0.7645 -0.2001 0.6128
vn -0.0721 -0.2171 0.9735
vn -0.9766 -0.1524 0.1517
vn -0.2798 -0.3140 0.9073
vn -0.8698 -0.2143 0.4444
vn -0.9676 -0.1526 0.2011
vn -0.9798 -0.0672 0.1885
vn -0.4787 -0.1730 0.8608
vn -0.2325 -0.3062 0.9231
vn -0.9678 -0.0726 0.2412
vn -0.1769 -0.3056 0.9356
vn -0.9539 -0.1566 0.2561
vn -0.4599 -0.1092 0.8812
vn -0.0237 -0.2271 0.9736
vn -0.5950 -0.1858 0.7820
vn -0.8861 -0.2978 0.3552
vn -0.1256 -0.2929 0.9478
vn -0.9518 -0.1146 0.2845
vn -0.7337 -0.2009 0.6491
vn -0.9844 -0.1678 0.0535
vn -0.9813 -0.1600 0.1074
vn -0.9863 -0.1536 0.0598
vn -0.8988 -0.3007 0.3190
vn -0.6387 -0.1912 0.7454
vn -0.0731 -0.2977 0.9519
vn -0.9739 -0.1694 0.1508
vn -0.9376 -0.1578 0.3100
vn -0.8433 -0.2144 0.4929
vn -0.4278 -0.1717 0.8874
vn -0.0182 -0.3148 0.9490
vn -0.9341 -0.0980 0.3433
vn -0.8685 -0.3065 0.3896
vn -0.9782 -0.1791 0.1052
vn -0.9662 -0.1715 0.1923
vn -0.9202 -0.1550 0.3595
vn -0.9811 -0.1848 0.0566
vn -0.9789 -0.1980 0.0509
vn -0.3972 -0.1152 0.9105
vn -0.9583 -0.1711 0.2289
vn -0.7025 -0.2023 0.6823
vn -0.9179 -0.0740 0.3898
vn -0.8133 -0.2142 0.5409
vn -0.5456 -0.1869 0.8170
vn -0.9481 -0.1728 0.2670
vn -0.9037 -0.1641 0.3955
vn -0.3736 -0.1668 0.9125
vn -0.9202 -0.1659 0.3546
vn -0.8465 -0.3065 0.4354
vn -0.8863 -0.1649 0.4329
vn -0.8985 -0.0780 0.4321
vn -0.5000 -0.1873 0.8455
vn -0.6707 -0.2022 0.7137
vn -0.9319 -0.1759 0.3171
vn -0.8774 -0.0813 0.4728
vn -0.3558 -0.0766 0.9314
vn -0.7749 -0.2137 0.5949
vn -0.8645 -0.1665 0.4743
vn -0.8213 -0.2993 0.4857
vn -0.3221 -0.1281 0.9380
vn -0.8398 -0.1197 0.5295
vn -0.2952 -0.1687 0.9404
vn -0.3849 -0.1784 0.9056
vn -0.8433 -0.1681 0.5104
vn -0.2930 -0.0767 0.9530
vn -0.7900 -0.3065 0.5310
vn -0.9740 -0.2004 0.1058
vn -0.2454 -0.0821 0.9660
vn -0.8070 -0.0826 0.5847
vn -0.7631 -0.2948 0.5751
vn -0.1970 -0.0805 0.9771
vn -0.7735 -0.0777 0.6290
vn -0.1479 -0.0803 0.9857
vn -0.7437 -0.1135 0.6588
vn -0.6870 0.7259 0.0326
vn -0.6424 0.7656 0.0348
vn -0.6622 0.7493 -0.0006
vn -0.7818 0.6197 0.0694
vn -0.7551 0.6550 0.0296
vn -0.7793 0.6267 0.0004
vn -0.8093 0.5874 0.0012
vn -0.8260 0.5625 0.0355
vn -0.8619 0.5005 0.0818
vn -0.8473 0.5299 0.0349
vn -0.8671 0.4981 0.0005
vn -0.8866 0.4625 0.0010
vn -0.8970 0.4407 0.0336
vn -0.9055 0.4244 -0.0001
vn -0.9247 0.3807 0.0008
vn -0.9208 0.3873 0.0454
vn -0.9428 0.3333 0.0004
vn -0.9443 0.3267 0.0396
vn -0.9614 0.2751 0.0002
vn -0.9648 0.2597 0.0427
vn -0.9770 0.2133 -0.0012
vn -0.9839 0.1746 0.0381
vn -0.9851 0.1720 -0.0010
vn -0.9916 0.1297 -0.0005
vn -0.9934 0.1111 0.0292
vn -0.9962 0.0766 0.0424
vn -0.3337 -0.9383 -0.0907
vn -0.8453 0.5342 0.0003
vn -0.8648 0.5021 -0.0005
vn -0.8672 0.4980 0.0007
vn -0.8830 0.4693 0.0001
vn -0.8416 0.5402 0.0007
vn -0.2863 -0.9545 -0.0833
vn -0.5143 -0.8566 -0.0411
vn -0.5611 -0.8261 -0.0525
vn -0.5723 -0.8190 -0.0417
vn -0.4056 -0.9118 -0.0637
vn -0.4140 -0.9071 -0.0754
vn -0.4632 -0.8840 -0.0633
vn -0.4601 -0.8844 -0.0787
vn -0.6332 -0.7735 -0.0272
vn -0.6633 -0.7476 -0.0341
vn -0.6704 -0.7416 -0.0236
vn -0.6223 -0.7817 -0.0410
vn -0.5179 -0.8537 -0.0542
vn -0.2356 -0.9673 -0.0941
vn -0.9669 0.2550 -0.0001
vn -0.9713 0.2377 0.0011
vn -0.9809 0.1943 0.0009
vn -0.5971 -0.8015 -0.0326
vn -0.3778 -0.9227 -0.0765
vn -0.9463 -0.3232 -0.0079
vn -0.9462 -0.3228 -0.0212
vn -0.9333 -0.3588 -0.0103
vn -0.4538 -0.8896 -0.0517
vn -0.9290 -0.3700 -0.0085
vn -0.3262 -0.9427 -0.0702
vn -0.1797 -0.9789 -0.0970
vn -0.9771 0.2128 0.0006
vn -0.9635 0.2678 -0.0026
vn -0.9602 0.2793 -0.0004
vn -0.5632 -0.8258 -0.0285
vn -0.9999 0.0141 -0.0005
vn -0.9984 0.0570 0.0007
vn -0.9996 0.0265 -0.0000
vn -0.5347 -0.8445 -0.0289
vn -0.3989 -0.9158 -0.0462
vn -0.9997 -0.0225 -0.0004
vn -0.1205 -0.9881 -0.0957
vn -1.0000 -0.0082 -0.0000
vn -0.9982 -0.0600 0.0001
vn -0.9992 -0.0411 -0.0007
vn -0.9973 -0.0737 -0.0012
vn -0.2316 -0.9701 -0.0723
vn -0.4876 -0.8723 -0.0362
vn -0.0333 -0.9943 -0.1012
vn -0.7946 -0.6065 -0.0276
vn -0.8204 -0.5713 -0.0234
vn -0.7866 -0.6170 -0.0246
vn -0.3359 -0.9402 -0.0562
vn -0.1954 -0.9771 -0.0842
vn -0.1935 -0.9788 -0.0674
vn -0.0719 -0.9930 -0.0933
vn 0.0183 -0.9947 -0.1013
vn -0.7807 -0.6247 -0.0116
vn -0.7470 -0.6648 -0.0051
vn -0.7476 -0.6640 -0.0137
vn -0.8098 -0.5864 -0.0208
vn -0.8328 -0.5533 -0.0177
vn -0.8005 -0.5991 -0.0184
vn -0.1549 -0.9853 -0.0723
vn -0.4433 -0.8956 -0.0356
vn -0.8276 -0.5611 -0.0131
vn -0.1535 -0.9845 -0.0851
vn -0.8445 -0.5354 -0.0137
vn -0.8494 -0.5277 -0.0096
vn -0.8658 -0.5002 -0.0107
vn -0.8617 -0.5072 -0.0122
vn -0.7129 -0.7011 -0.0154
vn -0.6876 -0.7260 -0.0119
vn -0.2812 -0.9578 -0.0586
vn -0.7772 -0.6293 -0.0047
vn -0.3549 -0.9347 -0.0193
vn -0.2946 -0.9556 -0.0102
vn -0.3060 -0.9516 -0.0276
vn -0.3096 -0.9508 -0.0062
vn -0.2696 -0.9630 -0.0023
vn -0.7161 -0.6979 -0.0071
vn -0.3955 -0.9178 -0.0338
vn -0.4937 0.8696 -0.0007
vn -0.5115 0.8576 0.0537
vn -0.4711 0.8801 0.0593
vn -0.6873 -0.7263 -0.0057
vn -0.5382 0.8428 -0.0007
vn -0.1101 -0.9907 -0.0796
vn -0.4956 0.8686 -0.0001
vn -0.5397 0.8419 -0.0001
vn -0.3436 -0.9384 -0.0375
vn -0.5390 0.8423 -0.0000
vn -0.0271 -0.9959 -0.0858
vn 0.0154 -0.9960 -0.0877
vn -0.4960 0.8683 -0.0000
vn -0.5041 -0.8635 -0.0171
vn -0.4520 -0.8917 -0.0212
vn -0.5396 0.8419 0.0003
vn -0.2967 -0.9537 -0.0487
vn -0.4961 0.8683 0.0004
vn -0.2744 -0.9611 -0.0331
vn -0.5395 0.8420 0.0009
vn -0.4043 -0.9144 -0.0179
vn -0.6625 -0.7489 -0.0172
vn -0.5158 0.8567 -0.0008
vn -0.4783 0.8782 0.0001
vn -0.8771 0.4803 -0.0002
vn -0.9007 0.4344 -0.0005
vn -0.8923 0.4513 -0.0001
vn -0.6353 -0.7721 -0.0157
vn -0.6324 -0.7746 -0.0085
vn -0.6041 -0.7968 -0.0132
vn -0.1397 -0.9886 -0.0559
vn -0.5589 0.8293 0.0007
vn -0.6625 -0.7491 -0.0039
vn -0.4904 0.8715 0.0001
vn -0.1122 -0.9915 -0.0655
vn -0.5297 0.8482 -0.0005
vn -0.2424 -0.9689 -0.0497
vn -0.8671 0.4981 -0.0003
vn -0.5681 -0.8229 -0.0073
vn -0.5646 -0.8252 -0.0174
vn -0.1842 -0.9816 -0.0510
vn -0.0687 -0.9946 -0.0781
vn -0.0175 -0.9973 -0.0710
vn -0.5775 0.8164 -0.0007
vn -0.5399 -0.8417 -0.0076
vn -0.6041 -0.7969 -0.0052
vn -0.8912 0.4535 0.0011
vn -0.2213 -0.9743 -0.0408
vn -0.8977 0.4405 -0.0000
vn -0.0874 -0.9943 -0.0608
vn -0.1249 -0.9913 -0.0418
vn -0.2558 -0.9664 -0.0258
vn -0.2305 -0.9729 -0.0196
vn -0.5143 -0.8576 -0.0039
vn -0.0582 -0.9967 -0.0563
vn -0.0110 -0.9986 -0.0514
vn -0.9507 0.3099 -0.0100
vn -0.9595 0.2817 0.0002
vn -0.9503 0.3113 0.0017
vn -0.9633 -0.2680 -0.0134
vn -0.9653 -0.2610 -0.0047
vn -0.1749 -0.9841 -0.0300
vn -0.4515 -0.8922 -0.0058
vn -0.9876 0.1571 -0.0002
vn -0.9892 0.1463 0.0009
vn -0.9946 0.1040 -0.0000
vn -0.9941 0.1080 -0.0000
vn -0.1435 -0.9893 -0.0251
vn -0.4078 -0.9131 -0.0044
vn -0.9415 0.3371 -0.0022
vn -0.9833 0.1819 0.0007
vn -0.9977 0.0678 -0.0002
vn -0.0938 -0.9950 -0.0340
vn -0.3751 -0.9270 -0.0044
vn -0.0437 -0.9980 -0.0454
vn 0.0013 -0.9994 -0.0337
vn -0.3397 -0.9405 -0.0051
vn -0.8621 -0.5065 -0.0162
vn -0.8872 -0.4612 -0.0112
vn -0.8865 -0.4627 -0.0079
vn -0.0470 -0.9986 -0.0258
vn -0.0125 -0.9998 -0.0181
vn -0.1127 -0.9935 -0.0134
vn -0.0646 -0.9978 -0.0141
vn -0.2225 -0.9749 -0.0034
vn -0.5966 -0.8022 -0.0217
vn -0.1884 -0.9820 -0.0104
vn -0.1738 -0.9848 -0.0030
vn -0.1514 -0.9883 -0.0159
vn -0.4355 0.8982 0.0596
vn -0.4485 0.8938 -0.0005
vn -0.4493 0.8934 -0.0001
vn -0.4505 0.8928 -0.0001
vn -0.0345 0.9994 -0.0005
vn -0.0401 0.9992 -0.0006
vn -0.0766 0.9971 0.0001
vn -0.1171 0.9931 0.0014
vn -0.1584 0.9874 -0.0005
vn -0.1773 0.9842 0.0009
vn -0.4503 0.8929 0.0005
vn -0.4404 0.8978 -0.0002
vn -0.7476 0.6641 -0.0001
vn -0.7482 0.6635 -0.0000
vn -0.7227 0.6912 -0.0001
vn -0.9166 0.3998 -0.0007
vn -0.9341 0.3570 -0.0012
vn -0.9354 0.3536 0.0007
vn -0.9238 0.3829 -0.0005
vn -0.9125 0.4090 0.0003
vn -0.6225 0.7826 -0.0000
vn -0.5944 0.8041 -0.0000
vn -0.6176 0.7865 0.0001
vn -0.6540 0.7565 0.0004
vn -0.6930 0.7210 0.0005
vn -0.6621 0.7494 0.0005
vn -0.9226 0.3856 0.0022
vn -0.9343 0.3566 0.0014
vn -0.5449 -0.8360 -0.0650
vn -0.7779 0.6283 -0.0003
vn -0.8043 0.5943 0.0002
vn -0.7990 0.6014 -0.0002
vn -0.7755 0.6313 0.0008
vn -0.9672 -0.2539 -0.0040
vn -0.9625 -0.2714 -0.0023
vn -0.9491 -0.3149 -0.0040
vn -0.9529 -0.3032 -0.0043
vn -0.9401 -0.3409 -0.0046
vn -0.9308 -0.3654 -0.0054
vn -0.9220 0.3872 -0.0003
vn -0.9051 0.4252 -0.0002
vn -0.6139 -0.7875 -0.0548
vn -0.6509 -0.7577 -0.0470
vn -0.7458 0.6662 0.0002
vn -0.7626 0.6469 -0.0009
vn -0.7775 0.6288 0.0005
vn -0.7973 0.6035 -0.0019
vn -0.8848 0.4660 0.0015
vn -0.6981 -0.7155 -0.0250
vn -0.7309 -0.6822 -0.0198
vn -0.7629 -0.6463 -0.0153
vn -0.9214 0.3885 0.0002
vn -0.9365 0.3507 -0.0002
vn -0.1309 -0.9914 -0.0051
vn -0.8462 -0.5324 -0.0207
vn -0.0977 -0.9952 -0.0041
vn -0.0561 -0.9984 -0.0008
vn -0.0116 -0.9999 -0.0038
vn -0.8854 -0.4646 -0.0147
vn -0.8963 -0.4434 -0.0116
vn -0.6964 0.7177 0.0001
vn -0.7230 0.6902 0.0296
vn -0.9105 -0.4135 -0.0099
vn -0.9101 -0.4144 -0.0062
vn -0.0671 0.9977 0.0003
vn -0.0102 0.9999 -0.0027
vn -0.4019 0.9157 0.0002
vn -0.3976 0.9154 0.0629
vn -0.3826 0.9239 0.0001
vn -0.4025 0.9154 -0.0002
vn -0.2253 0.9743 0.0010
vn -0.2647 0.9643 0.0028
vn -0.2274 0.9738 0.0032
vn -0.4030 0.9152 0.0002
vn -0.1204 0.9927 -0.0000
vn -0.6959 0.7181 -0.0000
vn -0.3097 0.9508 -0.0005
vn -0.2991 0.9542 -0.0008
vn -0.4001 0.9165 0.0001
vn -0.7768 0.6298 -0.0000
vn -0.9502 0.3115 0.0010
vn -0.9565 0.2916 -0.0008
vn -0.7489 0.6626 -0.0002
vn -0.7231 0.6908 -0.0001
vn -0.6822 0.7311 0.0001
vn -0.7084 0.7058 0.0032
vn -0.7544 0.6564 -0.0015
vn -0.7152 0.6989 -0.0001
vn -0.7322 0.6810 -0.0006
vn -0.1794 0.9826 0.0480
vn -0.2443 0.9697 0.0005
vn -0.2406 0.9693 0.0500
vn -0.9508 0.3099 -0.0002
vn -0.6965 0.7175 -0.0001
vn -0.9557 0.2943 -0.0003
vn -0.8253 0.5647 -0.0002
vn -0.7492 0.6624 0.0004
vn -0.7235 0.6904 -0.0002
vn -0.2435 0.9699 -0.0000
vn -0.9852 -0.1714 -0.0028
vn -0.8813 -0.4723 -0.0178
vn -0.8548 -0.5185 -0.0219
vn -0.9778 -0.2097 -0.0025
vn -0.8266 -0.5620 -0.0279
vn -0.0013 0.9994 0.0359
vn -0.7982 -0.6014 -0.0341
vn -0.8664 -0.4989 -0.0186
vn -0.0589 0.9975 0.0383
vn -0.2436 0.9699 -0.0000
vn -0.8520 0.5235 0.0002
vn -0.8437 0.5369 0.0005
vn -0.8656 0.5007 0.0008
vn -0.1172 0.9919 0.0491
vn -0.9260 -0.3775 -0.0053
vn -0.9191 -0.3938 -0.0088
vn -0.9046 -0.4261 -0.0114
vn -0.2445 0.9696 -0.0004
vn -0.9316 -0.3634 -0.0070
vn -0.6896 -0.7231 -0.0386
vn -0.7015 -0.7120 -0.0304
vn -0.3478 0.9359 0.0560
vn -0.2995 0.9522 0.0600
vn -0.3532 0.9355 -0.0001
vn -0.3023 0.9532 0.0007
vn -0.7664 -0.6420 -0.0237
vn -0.3531 0.9356 -0.0000
vn -0.3032 0.9529 -0.0000
vn -0.3034 0.9529 -0.0000
vn -0.3545 0.9351 -0.0001
vn -0.3036 0.9528 -0.0000
vn -0.3551 0.9348 -0.0000
vn -0.8109 -0.5850 -0.0137
vn -0.8384 -0.5450 -0.0080
vn -0.8101 -0.5863 -0.0088
vn -0.8320 -0.5548 -0.0061
vn -0.3546 0.9350 0.0008
vn -0.8022 -0.5970 -0.0038
vn -0.9851 0.1672 -0.0409
vn -0.9687 0.2483 -0.0001
vn -0.9793 0.2026 0.0004
vn -0.9646 0.2638 0.0016
vn -0.9667 0.2560 -0.0001
vn -0.9800 0.1988 -0.0000
vn -0.5997 0.7988 0.0471
vn -0.6243 0.7812 -0.0008
vn -0.9922 -0.1250 -0.0014
vn -0.9978 -0.0663 0.0011
vn -0.8693 0.4941 0.0129
vn -0.9664 0.2572 -0.0001
vn -0.9801 0.1983 -0.0001
vn -0.6627 0.7489 0.0002
vn -0.9950 -0.1003 -0.0000
vn -1.0000 -0.0077 0.0003
vn -1.0000 -0.0033 -0.0006
vn -0.7779 0.6283 -0.0002
vn -0.6241 0.7814 0.0003
vn -0.8212 0.5706 -0.0005
vn -0.8852 0.4652 -0.0001
vn -0.9070 0.4212 -0.0002
vn -0.6231 0.7821 -0.0003
vn -0.6475 0.7621 -0.0001
vn -0.2119 0.9773 -0.0000
vn -0.9256 0.3784 0.0007
vn -0.9509 -0.3094 -0.0039
vn -0.9350 -0.3546 -0.0067
vn -0.4003 0.9164 0.0011
vn -0.9545 -0.2982 -0.0054
vn -0.2596 0.9657 -0.0005
vn -0.9662 -0.2577 0.0062
vn -0.9788 -0.2047 -0.0004
vn -0.9681 -0.2503 -0.0060
vn -0.2653 0.9642 0.0005
vn -0.9747 -0.2237 0.0002
vn -0.9834 -0.1817 -0.0001
vn -0.7783 0.6279 -0.0001
vn -0.6252 0.7804 0.0006
vn -0.7771 0.6294 0.0006
vn -0.7696 -0.6373 -0.0392
vn -0.7667 -0.6412 -0.0328
vn -0.9910 -0.1340 -0.0013
vn -0.9829 -0.1840 -0.0010
vn -0.7377 -0.6743 -0.0330
vn -0.7383 -0.6731 -0.0420
vn -0.7577 -0.6520 -0.0287
vn -0.6813 -0.7304 -0.0490
vn -0.7087 -0.7040 -0.0458
vn -0.9924 -0.1233 0.0002
vn -0.9956 -0.0941 -0.0004
vn -0.9653 -0.2611 -0.0013
vn -0.7348 -0.6778 -0.0270
vn -0.9130 -0.4079 -0.0054
vn -0.7962 -0.6048 -0.0174
vn -0.8797 -0.4756 -0.0060
vn -0.8982 -0.4395 -0.0069
vn -0.9185 -0.3954 -0.0009
vn -0.8629 -0.5053 -0.0077
vn -0.5825 0.8128 -0.0010
vn -0.5584 0.8284 0.0431
vn -0.5833 0.8122 0.0001
vn -0.5835 0.8121 0.0002
vn -0.5654 0.8248 0.0001
vn -0.8214 0.5703 -0.0001
vn -0.8092 0.5876 -0.0002
vn -0.8087 0.5882 0.0005
vn -0.3067 0.9518 0.0002
vn -0.8224 0.5689 -0.0006
vn -0.9128 -0.4081 -0.0134
vn -0.7170 -0.6960 -0.0392
vn -0.9761 -0.2171 -0.0009
vn -0.9854 -0.1704 -0.0018
vn -0.9014 -0.4330 -0.0047
vn -0.8543 -0.5198 -0.0029
vn -0.8401 0.5424 -0.0005
vn -0.8397 0.5431 -0.0001
vn -0.4571 0.8894 0.0011
vn -0.3445 0.9388 0.0031
vn -0.3827 0.9239 -0.0007
vn -0.5697 0.8219 -0.0001
vn -0.8398 0.5429 0.0009
vn -0.9986 0.0526 -0.0023
vn -0.4220 0.9066 -0.0012
vn -0.5064 -0.8597 -0.0673
vn -0.5135 -0.0454 0.8569
vn -0.4290 -0.0473 0.9020
vn -0.0295 0.9925 0.1187
vn 0.0246 0.9927 0.1182
vn -0.9918 0.0787 0.1010
vn -0.9898 0.0892 0.1108
vn -0.0838 0.9884 0.1264
vn -0.1446 0.9801 0.1358
vn -0.9903 0.1000 0.0967
vn -0.1960 0.9677 0.1586
vn -0.9913 0.1023 0.0824
vn -0.0221 -0.0383 0.9990
vn -0.2312 0.9594 0.1613
vn -0.2820 0.9431 0.1763
vn -0.9958 0.0765 0.0510
vn -0.3560 0.9178 0.1757
vn -0.9979 0.0544 0.0340
vn -0.4078 0.8937 0.1872
vn -0.4512 0.8723 0.1882
vn -0.4919 0.8537 0.1710
vn -0.9960 0.0792 0.0426
vn -0.5299 0.8343 0.1521
vn -0.9958 0.0856 0.0328
vn -0.5641 0.8127 0.1464
vn -0.9982 0.0588 0.0137
vn -0.6160 0.7789 0.1180
vn -0.6467 0.7525 0.1247
vn -0.9994 0.0334 0.0036
vn -0.6850 0.7208 0.1058
vn -1.0000 0.0023 -0.0078
vn -0.7296 0.6771 0.0966
vn -0.9994 -0.0318 -0.0139
vn -0.9996 -0.0284 -0.0082
vn -0.9991 -0.0381 0.0174
vn -0.8053 0.5861 0.0896
vn -0.8281 0.5462 0.1258
vn -0.8849 0.4506 0.1181
vn -0.9479 -0.0403 0.3161
vn -0.9173 0.3823 0.1114
vn -0.9388 0.3263 0.1098
vn -0.9616 0.2554 0.1000
vn -0.8483 -0.0376 0.5281
vn -0.9663 0.2227 0.1288
vn -0.7168 -0.0455 0.6958
vn -0.9807 0.1589 0.1143
vn 0.7816 0.0007 0.6238
vn 0.7947 -0.0797 0.6017
vn 0.8345 -0.0378 0.5498
vn 0.8359 0.0001 0.5489
vn -0.9999 0.0011 0.0129
vn -0.9998 0.0009 -0.0211
vn -0.9957 0.0003 0.0923
vn 0.8797 0.0001 0.4754
vn 0.8730 -0.0779 0.4815
vn 0.8973 -0.0777 0.4345
vn 0.9209 0.0005 0.3898
vn 0.9232 -0.0371 0.3824
vn -0.9851 0.0002 0.1722
vn 0.9488 -0.0408 0.3133
vn -0.9674 0.0005 0.2533
vn 0.9559 0.0005 0.2938
vn 0.9677 -0.0731 0.2411
vn -0.9410 0.0004 0.3383
vn 0.9793 0.0001 0.2026
vn 0.9799 -0.0678 0.1877
vn 0.9927 -0.0000 0.1204
vn 0.9913 -0.0666 0.1131
vn -0.9146 -0.0000 0.4045
vn 0.9955 -0.0700 0.0639
vn -0.8839 0.0001 0.4677
vn 0.9990 0.0013 0.0457
vn 0.9993 -0.0327 0.0201
vn 0.9999 0.0005 0.0156
vn -0.8454 -0.0001 0.5342
vn 0.9998 0.0011 -0.0195
vn 0.9999 -0.0038 -0.0112
vn 0.9967 0.0274 0.0762
vn -0.8058 -0.0001 0.5921
vn -0.7550 0.0006 0.6557
vn -0.6845 0.0008 0.7290
vn -0.6045 0.0004 0.7966
vn -0.5238 0.0004 0.8518
vn -0.4426 0.0004 0.8967
vn -0.3694 0.0002 0.9293
vn -0.3029 -0.0000 0.9530
vn -0.2252 0.0002 0.9743
vn -0.1331 0.0004 0.9911
vn -0.0431 0.0004 0.9991
vn 0.0266 0.0004 0.9996
vn 0.0490 -0.0412 0.9980
vn 0.0984 0.0004 0.9952
vn 0.1096 -0.0764 0.9910
vn 0.1770 -0.0417 0.9833
vn 0.1863 0.0002 0.9825
vn 0.2486 -0.0790 0.9654
vn 0.2663 0.0001 0.9639
vn 0.2987 -0.0797 0.9510
vn 0.3460 0.0005 0.9382
vn 0.3677 -0.0425 0.9290
vn 0.4363 0.0005 0.8998
vn 0.4492 -0.0439 0.8923
vn 0.5104 0.0002 0.8599
vn 0.5121 -0.0796 0.8552
vn 0.5650 -0.0454 0.8238
vn 0.5735 0.0004 0.8192
vn 0.6185 -0.0409 0.7847
vn 0.6447 0.0005 0.7645
vn 0.6512 -0.0856 0.7540
vn 0.6902 -0.0800 0.7192
vn 0.7143 0.0007 0.6998
vn 0.7485 -0.0457 0.6616
vn -0.1648 0.7374 -0.6551
vn -0.1899 0.6513 -0.7347
vn -0.1479 0.6766 -0.7214
vn -0.2410 0.7139 -0.6575
vn -0.1827 0.7743 -0.6059
vn -0.2133 0.7963 -0.5661
vn -0.1647 0.9755 -0.1458
vn -0.1306 0.9899 -0.0544
vn -0.1609 0.9846 -0.0680
vn -0.1948 0.4632 -0.8646
vn -0.1488 0.4921 -0.8577
vn -0.1569 0.5927 -0.7900
vn -0.0782 0.4134 -0.9072
vn -0.1149 0.4020 -0.9084
vn -0.0897 0.3078 -0.9472
vn -0.1992 0.5670 -0.7993
vn -0.2464 0.8605 -0.4459
vn -0.1858 0.9020 -0.3897
vn -0.2263 0.9176 -0.3269
vn -0.0614 0.5131 -0.8561
vn -0.0348 0.4433 -0.8957
vn -0.0162 0.5792 -0.8150
vn -0.1163 0.4920 -0.8628
vn -0.0843 0.6182 -0.7815
vn -0.1365 0.5692 -0.8108
vn -0.1981 0.9698 -0.1426
vn -0.1971 0.9458 -0.2580
vn -0.2322 0.9373 -0.2599
vn -0.2305 0.6619 -0.7132
vn -0.0069 0.2922 -0.9563
vn -0.0452 0.3249 -0.9447
vn -0.0311 0.2146 -0.9762
vn -0.0027 0.3970 -0.9178
vn -0.2749 0.7000 -0.6591
vn -0.2434 0.8078 -0.5368
vn 0.0241 0.5112 -0.8591
vn -0.0131 0.1648 -0.9862
vn -0.2302 0.5634 -0.7935
vn -0.2405 0.4466 -0.8618
vn -0.2994 0.7782 -0.5521
vn 0.0184 0.1653 -0.9861
vn -0.2819 0.8792 -0.3840
vn -0.2972 0.6023 -0.7409
vn -0.3098 0.6799 -0.6646
vn -0.2115 0.3581 -0.9094
vn -0.0740 0.2088 -0.9752
vn -0.1351 0.2862 -0.9486
vn -0.1338 0.2000 -0.9706
vn -0.2706 0.9157 -0.2971
vn -0.2627 0.9371 -0.2297
vn -0.3365 0.8728 -0.3535
vn -0.2888 0.5226 -0.8021
vn -0.0751 0.1003 -0.9921
vn -0.0249 0.0240 -0.9994
vn 0.0272 0.0083 -0.9996
vn -0.0110 0.0654 -0.9978
vn -0.2980 0.4200 -0.8572
vn -0.1808 0.2702 -0.9457
vn -0.1593 0.3844 -0.9093
vn -0.0493 0.0854 -0.9951
vn -0.3535 0.5715 -0.7405
vn -0.1913 0.1670 -0.9672
vn -0.2344 0.2553 -0.9380
vn -0.3410 0.7163 -0.6088
vn -0.3601 0.6432 -0.6757
vn -0.1580 0.1021 -0.9822
vn -0.1095 0.0900 -0.9899
vn -0.3354 0.8201 -0.4637
vn -0.3270 0.7947 -0.5113
vn -0.2756 0.3136 -0.9087
vn -0.3224 0.4939 -0.8075
vn -0.3833 0.6949 -0.6084
vn -0.2784 0.2131 -0.9365
vn -0.0885 0.0440 -0.9951
vn -0.3146 0.9081 -0.2765
vn -0.3655 0.8554 -0.3671
vn -0.3736 0.7866 -0.4916
vn -0.3973 0.8030 -0.4442
vn -0.3259 0.2219 -0.9190
vn -0.4298 0.7088 -0.5594
vn -0.4161 0.6104 -0.6740
vn -0.4068 0.5277 -0.7457
vn -0.2033 0.0662 -0.9769
vn -0.2063 0.0352 -0.9779
vn -0.3452 0.2998 -0.8894
vn -0.3297 0.9103 -0.2503
vn -0.2459 0.0652 -0.9671
vn -0.2580 0.1209 -0.9586
vn -0.3698 0.3516 -0.8600
vn -0.2233 0.2009 -0.9538
vn -0.1545 0.0500 -0.9867
vn -0.2676 0.0265 -0.9632
vn -0.3875 0.8572 -0.3391
vn -0.3678 0.9005 -0.2319
vn -0.3643 0.4542 -0.8130
vn -0.4337 0.6529 -0.6210
vn -0.4652 0.6380 -0.6137
vn -0.3847 0.2474 -0.8893
vn -0.3027 0.0641 -0.9509
vn -0.4260 0.7832 -0.4530
vn -0.3197 0.1483 -0.9358
vn -0.4321 0.7227 -0.5394
vn -0.4758 0.6010 -0.6422
vn -0.4586 0.6969 -0.5514
vn -0.4228 0.2147 -0.8804
vn -0.4503 0.2975 -0.8419
vn -0.3262 0.0306 -0.9448
vn -0.4383 0.8342 -0.3348
vn -0.4764 0.7664 -0.4309
vn -0.4849 0.5343 -0.6924
vn -0.3605 0.0779 -0.9295
vn -0.3955 0.4268 -0.8133
vn -0.4772 0.4673 -0.7442
vn -0.4933 0.5986 -0.6311
vn -0.3782 0.0359 -0.9250
vn -0.4721 0.2039 -0.8576
vn -0.5274 0.7545 -0.3906
vn -0.5066 0.8028 -0.3146
vn -0.4954 0.6954 -0.5207
vn -0.4646 0.3897 -0.7952
vn -0.4166 0.0710 -0.9063
vn -0.4226 0.0358 -0.9056
vn -0.5424 0.6047 -0.5832
vn -0.5616 0.5139 -0.6485
vn -0.3729 0.1539 -0.9150
vn -0.5026 0.2530 -0.8266
vn -0.5229 0.1698 -0.8353
vn -0.5872 0.7036 -0.4001
vn -0.5500 0.6825 -0.4813
vn -0.5227 0.4989 -0.6913
vn -0.5683 0.4078 -0.7146
vn -0.5040 0.3518 -0.7888
vn -0.4652 0.0570 -0.8834
vn -0.4787 0.0336 -0.8773
vn -0.0015 0.9997 0.0233
vn 0.0085 0.9960 0.0893
vn -0.0029 0.9937 0.1119
vn -0.5269 0.4023 -0.7487
vn -0.5368 0.2534 -0.8048
vn -0.6101 0.5084 -0.6077
vn -0.6035 0.5865 -0.5402
vn -0.6006 0.4280 -0.6753
vn -0.0034 0.9983 -0.0585
vn 0.0030 0.9983 -0.0579
vn -0.6363 0.6541 -0.4089
vn -0.6158 0.6157 -0.4917
vn 0.0080 0.9856 -0.1686
vn -0.5040 0.0595 -0.8616
vn -0.5647 0.1661 -0.8084
vn -0.5036 0.1016 -0.8579
vn -0.0145 0.9771 -0.2124
vn -0.4372 0.1426 -0.8880
vn -0.0245 0.9879 -0.1530
vn -0.0190 0.9990 -0.0396
vn -0.5821 0.2004 -0.7880
vn -0.6589 0.5853 -0.4726
vn -0.6470 0.5054 -0.5710
vn -0.7034 0.5835 -0.4059
vn -0.5322 0.0545 -0.8448
vn -0.5569 0.0256 -0.8302
vn -0.5994 0.1164 -0.7919
vn -0.7076 0.5394 -0.4565
vn -0.5323 0.3257 -0.7814
vn -0.6167 0.1584 -0.7711
vn -0.6124 0.2345 -0.7549
vn -0.6900 0.4397 -0.5750
vn -0.6781 0.4072 -0.6119
vn -0.5807 0.0553 -0.8123
vn -0.6837 0.5122 -0.5198
vn -0.7409 0.4260 -0.5193
vn -0.6544 0.1370 -0.7437
vn -0.7337 0.3182 -0.6003
vn -0.6209 0.0315 -0.7832
vn -0.6723 0.1758 -0.7191
vn -0.7648 0.4666 -0.4442
vn -0.7754 0.4023 -0.4866
vn -0.6148 0.0504 -0.7871
vn -0.6444 0.0707 -0.7614
vn -0.6764 0.1053 -0.7290
vn -0.6741 0.0290 -0.7381
vn -0.7708 0.3345 -0.5422
vn -0.7097 0.1699 -0.6837
vn -0.7060 0.0831 -0.7034
vn -0.8110 0.3904 -0.4358
vn -0.8145 0.3465 -0.4654
vn -0.5693 0.2971 -0.7666
vn -0.6792 0.0473 -0.7324
vn -0.7486 0.0712 -0.6591
vn -0.7202 0.0379 -0.6927
vn -0.7907 0.2751 -0.5469
vn -0.8045 0.3108 -0.5061
vn -0.7540 0.1338 -0.6431
vn -0.8513 0.3168 -0.4183
vn -0.8419 0.2642 -0.4705
vn -0.8220 0.2202 -0.5252
vn -0.7726 0.0967 -0.6275
vn -0.8863 0.2571 -0.3853
vn -0.8684 0.2395 -0.4343
vn -0.8424 0.1798 -0.5079
vn -0.9645 0.0684 -0.2549
vn -0.9769 0.0596 -0.2051
vn -0.9759 0.0297 -0.2162
vn -0.9866 0.0425 -0.1573
vn -0.9661 0.0129 -0.2579
vn -0.9509 0.0106 -0.3094
vn -0.9591 0.0265 -0.2817
vn -0.9651 0.0069 -0.2616
vn -0.9761 0.0108 -0.2169
vn -0.9770 0.0044 -0.2131
vn -0.0452 0.9985 0.0311
vn -0.0488 0.9973 -0.0554
vn -0.0228 0.9988 0.0425
vn -0.0502 0.9868 -0.1538
vn -0.0297 0.9967 -0.0757
vn -0.0652 0.9633 -0.2605
vn -0.0279 0.9994 -0.0182
vn -0.0565 0.9560 -0.2879
vn -0.6144 0.2984 -0.7304
vn -0.5537 0.1046 -0.8261
vn -0.6432 0.2963 -0.7061
vn -0.0749 0.9070 -0.4143
vn -0.0480 0.9371 -0.3459
vn -0.0880 0.9846 -0.1509
vn -0.0735 0.9845 -0.1593
vn -0.0659 0.9974 -0.0286
vn -0.0339 0.8928 -0.4492
vn -0.0897 0.9556 -0.2807
vn -0.0990 0.9123 -0.3973
vn -0.0846 0.9207 -0.3809
vn -0.0696 0.8293 -0.5545
vn -0.0170 0.8341 -0.5513
vn -0.1118 0.9834 -0.1431
vn -0.6464 0.3985 -0.6506
vn -0.1011 0.8492 -0.5184
vn -0.1185 0.9891 -0.0874
vn -0.0897 0.9959 -0.0086
vn -0.0254 0.7739 -0.6328
vn -0.1220 0.8476 -0.5164
vn -0.1096 0.7588 -0.6420
vn -0.1186 0.9029 -0.4132
vn -0.1281 0.9287 -0.3479
vn -0.1116 0.9604 -0.2551
vn -0.0835 0.7289 -0.6795
vn -0.0432 0.6821 -0.7300
vn -0.1463 0.8828 -0.4464
vn -0.1549 0.9661 -0.2064
vn 0.0025 0.0807 -0.9967
vn -0.1421 0.9506 -0.2760
vn -0.1756 0.8831 -0.4350
vn -0.6882 0.2652 -0.6753
vn -0.1286 0.7655 -0.6304
vn -0.1149 0.6713 -0.7322
vn -0.1625 0.8180 -0.5518
vn -0.6940 0.3335 -0.6381
vn -0.7313 0.2260 -0.6436
vn -0.2352 0.9652 -0.1145
vn -0.7229 0.1741 -0.6686
vn -0.2834 0.9386 -0.1968
vn -0.7606 0.2477 -0.6001
vn -0.7616 0.1852 -0.6211
vn -0.7915 0.2285 -0.5668
vn -0.7822 0.1906 -0.5931
vn -0.8131 0.1628 -0.5589
vn -0.7963 0.1281 -0.5912
vn -0.7714 0.0317 -0.6356
vn -0.7920 0.0431 -0.6090
vn -0.8663 0.1659 -0.4712
vn -0.8052 0.0857 -0.5868
vn -0.8243 0.1124 -0.5549
vn -0.8917 0.1853 -0.4130
vn -0.9041 0.2152 -0.3693
vn -0.8523 0.1109 -0.5111
vn -0.8151 0.0268 -0.5788
vn -0.8729 0.1310 -0.4700
vn -0.8266 0.0541 -0.5602
vn -0.9140 0.1562 -0.3744
vn -0.9188 0.1882 -0.3469
vn -0.8923 0.1300 -0.4323
vn -0.8488 0.0503 -0.5264
vn -0.8769 0.0819 -0.4737
vn -0.9052 0.0997 -0.4132
vn -0.8512 0.0261 -0.5241
vn -0.8740 0.0411 -0.4842
vn -0.9362 0.1358 -0.3243
vn -0.8929 0.0542 -0.4471
vn -0.9265 0.0791 -0.3679
vn -0.9004 0.0286 -0.4342
vn -0.9424 0.0521 -0.3305
vn -0.9448 0.0828 -0.3170
vn -0.8846 0.0173 -0.4660
vn -0.9231 0.0318 -0.3831
vn -0.9459 0.1242 -0.2998
vn -0.9504 0.0441 -0.3078
vn -0.9402 0.0229 -0.3399
vn -0.9715 0.0815 -0.2224
vn -0.9114 0.0169 -0.4111
vn -0.9324 0.0143 -0.3612
vn -0.9898 0.0277 -0.1399
vn -0.9835 0.0125 -0.1806
vn -0.9880 0.0087 -0.1539
vn -0.9947 0.0140 -0.1022
vn -0.9981 0.0053 -0.0619
vn -0.9926 0.0024 -0.1218
vn -0.9863 0.0018 -0.1651
vn -0.9969 0.0006 -0.0792
vn -0.9938 0.0029 -0.1112
vn -0.9992 0.0008 -0.0400
vn -0.9936 0.0019 -0.1127
vn -0.9986 0.0023 -0.0529
vn -0.0050 0.9973 0.0728
vn 0.0075 0.9210 -0.3895
vn 0.0113 0.8983 -0.4392
vn 0.0164 0.6789 -0.7341
vn 0.0369 0.7664 -0.6412
vn -0.1323 0.8212 -0.5551
vn -0.9640 0.2309 0.1321
vn -0.5352 0.7823 0.3187
vn -0.4417 0.8294 0.3421
vn -0.5118 0.7773 0.3659
vn -0.0263 0.8411 0.5402
vn 0.0100 0.8543 0.5197
vn 0.0057 0.8183 0.5748
vn -0.8052 0.5422 0.2403
vn -0.7803 0.5721 0.2526
vn -0.8343 0.4959 0.2408
vn -0.8281 0.4961 0.2610
vn -0.8065 0.5094 0.3000
vn -0.8538 0.4534 0.2557
vn -0.5719 0.8126 0.1121
vn -0.4929 0.8608 0.1269
vn -0.5725 0.8025 0.1684
vn -0.0382 0.9282 0.3701
vn -0.0145 0.9244 0.3813
vn -0.0349 0.9008 0.4329
vn -0.3007 0.9456 0.1238
vn -0.3784 0.9209 0.0938
vn -0.3065 0.9499 0.0614
vn -0.1100 0.6721 0.7322
vn -0.1065 0.6123 0.7834
vn -0.1382 0.6265 0.7671
vn -0.9261 0.3265 0.1891
vn -0.9491 0.2675 0.1660
vn -0.9467 0.2758 0.1666
vn -0.7739 0.5606 0.2947
vn -0.9443 0.3093 0.1119
vn -0.9459 0.3183 0.0625
vn -0.9307 0.3552 0.0872
vn -0.5168 0.8529 0.0739
vn -0.0076 0.8924 0.4513
vn -0.4991 0.8184 0.2849
vn -0.7050 0.6167 0.3504
vn -0.7580 0.5590 0.3360
vn -0.7542 0.5770 0.3134
vn -0.4397 0.8890 0.1280
vn -0.4469 0.8919 0.0691
vn -0.0800 0.9868 0.1406
vn -0.0881 0.9687 0.2319
vn -0.1083 0.9787 0.1741
vn -0.9517 0.2665 0.1526
vn -0.9596 0.2447 0.1390
vn -0.5607 0.7778 0.2839
vn -0.6043 0.7405 0.2940
vn -0.3765 0.8913 0.2528
vn -0.3693 0.8775 0.3058
vn -0.4261 0.8535 0.2998
vn -0.0880 0.6742 0.7333
vn -0.2412 0.9695 0.0431
vn -0.2567 0.9582 0.1266
vn -0.3095 0.9193 0.2432
vn -0.2946 0.9075 0.2994
vn -0.2156 0.9708 0.1049
vn -0.1305 0.9851 0.1120
vn -0.1543 0.9741 0.1655
vn -0.0777 0.6227 0.7786
vn -0.6303 0.7636 0.1398
vn -0.6382 0.7639 0.0954
vn -0.8011 0.5837 0.1325
vn -0.8374 0.5280 0.1412
vn -0.8112 0.5779 0.0890
vn -0.6660 0.7181 0.2017
vn -0.6722 0.6986 0.2451
vn -0.7199 0.6523 0.2372
vn -0.6265 0.7448 0.2297
vn -0.1875 0.9796 0.0718
vn -0.9469 0.2886 0.1417
vn -0.9592 0.2534 0.1253
vn -0.0536 0.6819 0.7295
vn -0.5774 0.8146 0.0561
vn -0.7736 0.6296 0.0715
vn -0.7481 0.6524 0.1216
vn -0.1526 0.9862 0.0649
vn -0.1029 0.9928 0.0614
vn -0.0238 0.9724 0.2321
vn -0.0184 0.9483 0.3168
vn -0.0387 0.9585 0.2824
vn -0.2033 0.9375 0.2826
vn -0.2224 0.9182 0.3279
vn -0.2585 0.9282 0.2677
vn -0.7642 0.6007 0.2349
vn -0.7158 0.6425 0.2735
vn -0.6229 0.7622 0.1766
vn -0.6507 0.7579 0.0459
vn 0.0051 0.9282 0.3721
vn -0.7177 0.6220 0.3132
vn -0.1904 0.9816 0.0153
vn -0.0685 0.7321 0.6777
vn -0.0650 0.7847 0.6164
vn -0.0419 0.7614 0.6470
vn -0.0431 0.6333 0.7727
vn -0.0407 0.7272 0.6853
vn -0.7175 0.6942 0.0566
vn -0.9368 0.3072 0.1677
vn -0.8725 0.4333 0.2257
vn -0.8980 0.3843 0.2141
vn -0.2177 0.9476 0.2338
vn -0.8754 0.4467 0.1849
vn -0.8597 0.4642 0.2131
vn -0.8864 0.4159 0.2035
vn -0.2163 0.9758 -0.0317
vn -0.6670 0.6718 0.3223
vn -0.6433 0.6657 0.3781
vn -0.8130 0.5819 0.0212
vn -0.8565 0.5114 0.0700
vn -0.1715 0.9598 0.2224
vn -0.1516 0.9463 0.2855
vn -0.5702 0.7929 0.2148
vn -0.5956 0.7583 0.2650
vn -0.8350 0.5110 0.2041
vn -0.2892 0.9572 0.0149
vn -0.2746 0.9601 -0.0525
vn -0.2461 0.9482 0.2007
vn -0.0103 0.9772 0.2121
vn -0.0076 0.9615 0.2747
vn -0.8012 0.5362 0.2658
vn -0.9164 0.3994 0.0255
vn -0.9169 0.3910 0.0799
vn -0.9381 0.3460 0.0163
vn -0.8986 0.3998 0.1808
vn -0.4372 0.8993 0.0092
vn -0.3951 0.9180 -0.0331
vn -0.3657 0.9303 0.0275
vn -0.0168 0.6684 0.7436
vn -0.0127 0.6231 0.7820
vn -0.8637 0.4719 0.1768
vn -0.1317 0.9912 0.0100
vn -0.7554 0.6212 0.2086
vn -0.7949 0.5813 0.1739
vn -0.7610 0.6263 0.1690
vn -0.7651 0.6439 -0.0039
vn -0.8007 0.5580 0.2180
vn -0.1986 0.9638 0.1776
vn -0.0588 0.9959 0.0683
vn -0.7141 0.6760 0.1819
vn -0.3300 0.9434 -0.0343
vn -0.9712 0.2033 0.1240
vn -0.0071 0.9863 0.1650
vn -0.0197 0.9849 0.1722
vn -0.0221 0.9935 0.1119
vn -0.9053 0.3947 0.1571
vn 0.0128 0.6681 0.7440
vn -0.6661 0.7457 -0.0181
vn -0.5963 0.8027 -0.0068
vn -0.3429 0.9359 -0.0809
vn -0.7842 0.6176 -0.0596
vn -0.8379 0.5452 -0.0273
vn -0.9022 0.4112 0.1302
vn -0.9049 0.4250 -0.0227
vn -0.9309 0.3634 -0.0365
vn -0.9163 0.3946 -0.0691
vn -0.8708 0.4889 -0.0517
vn -0.8851 0.4648 0.0235
vn -0.3916 0.9112 -0.1278
vn -0.0467 0.7963 0.6031
vn -0.0119 0.8066 0.5909
vn -0.7205 0.6891 -0.0783
vn -0.7162 0.6978 -0.0122
vn -0.7561 0.5928 0.2773
vn -0.8368 0.5375 -0.1046
vn -0.1268 0.9679 0.2171
vn -0.0311 0.6914 0.7218
vn -0.2928 0.9393 0.1786
vn -0.9342 0.3207 0.1561
vn -0.9229 0.3616 0.1322
vn -0.8773 0.4642 0.1217
vn -0.5034 0.8459 -0.1759
vn -0.4743 0.8778 -0.0672
vn -0.5839 0.8073 -0.0857
vn -0.6943 0.7019 -0.1588
vn -0.6466 0.7555 -0.1056
vn -0.8634 0.4931 -0.1061
vn -0.8930 0.4426 -0.0810
vn -0.3100 0.9403 -0.1405
vn -0.9795 0.1978 0.0392
vn -0.9843 0.1712 0.0434
vn -0.9831 0.1829 0.0019
vn -0.8793 0.4501 -0.1558
vn -0.5617 0.8063 -0.1853
vn -0.7576 0.6403 -0.1264
vn -0.7350 0.6404 -0.2229
vn -0.0028 0.7748 0.6322
vn -0.0192 0.7230 0.6906
vn -0.9612 0.2354 0.1436
vn -0.9099 0.3926 -0.1341
vn -0.9515 0.3050 -0.0404
vn -0.9648 0.2585 -0.0480
vn -0.9593 0.2696 -0.0844
vn -0.7956 0.5893 -0.1405
vn -0.9342 0.3390 -0.1115
vn -0.8371 0.5170 -0.1788
vn -0.7856 0.5729 -0.2336
vn -0.1731 0.9757 0.1341
vn -0.9459 0.2799 0.1644
vn -0.5535 0.7942 -0.2506
vn -0.6179 0.7583 -0.2078
vn -0.5781 0.7573 -0.3039
vn -0.9658 0.2438 0.0877
vn -0.9578 0.2636 0.1145
vn -0.4807 0.8398 -0.2522
vn -0.4371 0.8726 -0.2180
vn -0.9883 0.1524 -0.0086
vn -0.9888 0.1480 0.0205
vn -0.8078 0.5260 -0.2661
vn -0.8920 0.4083 -0.1941
vn -0.8585 0.4545 -0.2375
vn -0.8240 0.4813 -0.2988
vn -0.9537 0.2675 -0.1376
vn -0.9465 0.3110 -0.0861
vn -0.9672 0.2332 -0.1009
vn -0.9151 0.3516 -0.1974
vn -0.9358 0.3047 -0.1771
vn -0.8555 0.4190 -0.3043
vn -0.7614 0.5410 -0.3573
vn -0.8838 0.3958 -0.2496
vn -0.9878 0.1530 -0.0288
vn -0.9856 0.1605 -0.0539
vn -0.9793 0.2013 -0.0219
vn -0.8974 0.3468 -0.2728
vn -0.6874 0.6336 -0.3549
vn -0.9676 0.1996 -0.1545
vn -0.9545 0.2332 -0.1858
vn -0.6414 0.6894 -0.3366
vn -0.9338 0.2860 -0.2150
vn -0.8988 0.4266 0.1008
vn -0.7987 0.4752 -0.3691
vn -0.9352 0.2574 -0.2434
vn -0.7498 0.5206 -0.4083
vn -0.9191 0.3525 0.1759
vn -0.9225 0.3364 0.1892
vn -0.9672 0.1683 -0.1903
vn -0.9123 0.2779 -0.3007
vn -0.9091 0.3065 -0.2821
vn -0.9772 0.1776 -0.1159
vn -0.9805 0.1296 -0.1479
vn -0.9342 0.2273 -0.2749
vn -0.7954 0.4512 -0.4047
vn -0.9511 0.1998 -0.2355
vn -0.8427 0.3697 -0.3914
vn -0.8300 0.4167 -0.3708
vn -0.8767 0.3446 -0.3356
vn -0.8799 0.2988 -0.3695
vn -0.8960 0.4386 0.0691
vn -0.9360 0.1932 -0.2943
vn -0.9679 0.1399 -0.2089
vn -0.9120 0.2504 -0.3248
vn -0.9589 0.2680 0.0930
vn -0.9544 0.1549 -0.2553
vn -0.9588 0.2762 0.0666
vn -0.9664 0.2472 0.0704
vn -0.9658 0.1154 -0.2320
vn -0.9803 0.0973 -0.1721
vn -0.9138 0.2242 -0.3386
vn -0.9347 0.1751 -0.3094
vn -0.5153 0.8569 0.0131
vn -0.9820 0.0634 -0.1777
vn -0.9894 0.0600 -0.1321
vn -0.9877 0.0436 -0.1501
vn -0.9945 0.0365 -0.0983
vn -0.9944 0.0175 -0.1040
vn -0.9914 0.0292 -0.1275
vn -0.9969 0.0161 -0.0770
vn -0.9908 0.0271 -0.1328
vn -0.9957 0.0148 -0.0911
vn -0.8703 0.3902 0.3007
vn -0.8945 0.3610 0.2638
vn -0.8566 0.4171 0.3037
vn -0.4601 0.6921 0.5561
vn -0.4043 0.7138 0.5719
vn -0.4149 0.6835 0.6005
vn -0.4754 0.6729 0.5667
vn -0.4312 0.7249 0.5372
vn -0.4777 0.7270 0.4933
vn -0.3974 0.7658 0.5056
vn -0.2590 0.7282 0.6345
vn -0.2826 0.6757 0.6809
vn -0.2972 0.7014 0.6478
vn -0.8957 0.3929 0.2083
vn -0.3128 0.8421 0.4393
vn -0.3225 0.8109 0.4883
vn -0.3746 0.8061 0.4581
vn -0.2697 0.8419 0.4674
vn -0.2790 0.8045 0.5243
vn -0.8665 0.4472 0.2218
vn -0.2182 0.8452 0.4880
vn -0.2411 0.8046 0.5426
vn -0.9723 0.2225 0.0719
vn -0.1559 0.7856 0.5987
vn -0.2082 0.7865 0.5814
vn -0.1583 0.8139 0.5591
vn -0.2619 0.8794 0.3976
vn -0.2174 0.8741 0.4344
vn -0.1742 0.8687 0.4637
vn -0.1727 0.8349 0.5226
vn -0.1412 0.8442 0.5171
vn -0.1064 0.8403 0.5316
vn -0.1027 0.8025 0.5878
vn -0.1397 0.7576 0.6376
vn -0.8363 0.4995 0.2261
vn -0.1951 0.9050 0.3781
vn -0.1645 0.8960 0.4124
vn -0.1302 0.8649 0.4848
vn -0.1077 0.7672 0.6323
vn -0.1490 0.7118 0.6863
vn -0.2787 0.8945 0.3496
vn -0.3599 0.8614 0.3583
vn -0.1070 0.7224 0.6832
vn -0.0476 0.9880 0.1473
vn -0.1565 0.6516 0.7423
vn -0.9600 0.2786 0.0282
vn -0.0862 0.7775 0.6229
vn -0.1635 0.9218 0.3514
vn -0.1089 0.8783 0.4656
vn -0.5302 0.8123 0.2430
vn -0.0772 0.8700 0.4870
vn -0.9394 0.3401 0.0421
vn -0.1228 0.9234 0.3638
vn -0.5049 0.8411 0.1940
vn -0.4627 0.8558 0.2314
vn -0.0750 0.8247 0.5605
vn -0.0760 0.8993 0.4307
vn -0.1026 0.9324 0.3466
vn -0.0518 0.8306 0.5545
vn -0.4525 0.8712 0.1904
vn -0.5388 0.8230 0.1800
vn -0.9554 0.2953 0.0013
vn -0.0854 0.9499 0.3007
vn -0.4014 0.8998 0.1712
vn -0.3352 0.9182 0.2109
vn -0.3419 0.9261 0.1594
vn -0.0568 0.9266 0.3718
vn -0.0552 0.8585 0.5098
vn -0.1148 0.9531 0.2802
vn -0.0545 0.9441 0.3252
vn -0.5362 0.8431 -0.0403
vn -0.0337 0.9424 0.3329
vn -0.0311 0.8694 0.4931
vn -0.0551 0.9783 0.1997
vn -0.6790 0.7212 0.1372
vn -0.9701 0.2405 0.0322
vn -0.0003 0.9704 0.2415
vn 0.0002 0.9815 0.1915
vn -0.9725 0.1383 0.1875
vn -0.9626 0.1505 0.2253
vn -0.9707 0.1226 0.2068
vn -0.9578 0.1703 0.2317
vn -0.9437 0.1787 0.2783
vn -0.9701 0.1681 0.1751
vn -0.9401 0.1980 0.2775
vn -0.9761 0.2174 0.0027
vn -0.9584 0.1948 0.2086
vn -0.4500 0.8811 -0.1455
vn -0.9701 0.2420 -0.0166
vn -0.9004 0.2653 0.3448
vn -0.9227 0.2058 0.3259
vn -0.9299 0.2479 0.2716
vn -0.9454 0.2191 0.2412
vn -0.6662 0.7043 -0.2452
vn -0.9131 0.2736 0.3024
vn -0.9615 0.2029 0.1854
vn -0.9743 0.2180 -0.0560
vn -0.8796 0.3231 0.3492
vn -0.8510 0.4474 0.2750
vn -0.8393 0.4546 0.2980
vn -0.8859 0.3920 0.2480
vn -0.7256 0.5804 0.3697
vn -0.7975 0.5063 0.3281
vn -0.1583 0.7546 0.6368
vn -0.1850 0.7511 0.6338
vn -0.1785 0.7156 0.6753
vn -0.3478 0.8464 0.4034
vn -0.0533 0.8746 0.4820
vn -0.9947 0.1017 0.0123
vn -0.9927 0.1203 -0.0113
vn -0.9613 0.2105 0.1776
vn -0.7036 0.6457 -0.2967
vn -0.7576 0.5821 -0.2953
vn -0.9766 0.2016 -0.0747
vn -0.9365 0.2623 0.2328
vn -0.8543 0.3405 0.3928
vn -0.8718 0.2855 0.3981
vn -0.8959 0.3126 0.3158
vn -0.9185 0.2876 0.2716
vn -0.8327 0.3494 0.4297
vn -0.9842 0.1544 -0.0869
vn -0.9954 0.0948 -0.0147
vn -0.9434 0.2569 0.2097
vn -0.9847 0.1390 -0.1050
vn -0.9940 0.0994 -0.0452
vn -0.9978 0.0650 -0.0087
vn -0.9920 0.1156 -0.0507
vn -0.9969 0.0653 -0.0441
vn -0.9984 0.0469 -0.0304
vn -0.8517 0.3819 0.3589
vn -0.9990 0.0441 -0.0040
vn -0.9946 0.0763 -0.0699
vn -0.9964 0.0487 -0.0695
vn -0.8779 0.3562 0.3200
vn -0.9871 0.0880 -0.1339
vn -0.9201 0.3071 0.2432
vn -0.7994 0.4174 0.4321
vn -0.9932 0.0638 -0.0970
vn -0.9737 0.0858 -0.2110
vn -0.9517 0.1348 -0.2758
vn -0.8067 0.4356 0.3994
vn -0.9915 0.1100 -0.0700
vn -0.9990 0.0180 -0.0403
vn -0.9994 0.0288 -0.0172
vn -0.9978 0.0441 -0.0496
vn -0.8950 0.3430 0.2851
vn -0.9439 0.2606 0.2029
vn -0.9634 0.1051 -0.2465
vn -0.9537 0.2434 0.1767
vn -0.9899 0.1013 -0.0992
vn -0.9980 0.0247 -0.0580
vn -0.8425 0.4052 0.3550
vn -0.9268 0.2996 0.2265
vn -0.5452 0.1638 -0.8221
vn -0.9816 0.0558 -0.1827
vn -0.8482 0.4148 0.3294
vn -0.7723 0.4560 0.4422
vn -0.8038 0.4610 0.3759
vn -0.6823 0.5044 0.5292
vn -0.6587 0.4909 0.5702
vn -0.7040 0.4458 0.5529
vn -0.7273 0.4627 0.5068
vn -0.7343 0.4989 0.4603
vn -0.9987 0.0041 -0.0507
vn -0.9996 0.0120 -0.0238
vn -0.9999 0.0024 -0.0140
vn -0.9987 0.0043 -0.0504
vn -0.9605 0.2299 0.1565
vn -0.7447 0.5075 0.4335
vn -0.9168 0.3248 0.2324
vn -0.7593 0.4339 0.4851
vn -0.8001 0.3809 0.4634
vn -0.9419 0.2775 0.1891
vn -0.9223 0.3217 0.2142
vn -0.7517 0.4091 0.5173
vn -0.8141 0.4687 0.3430
vn -0.9140 0.3469 0.2104
vn -0.6300 0.6323 0.4509
vn -0.6252 0.6137 0.4822
vn -0.6964 0.5586 0.4506
vn -0.5456 0.6625 0.5132
vn -0.5599 0.6742 0.4816
vn -0.4968 0.6949 0.5200
vn -0.3511 0.7257 0.5917
vn -0.3696 0.7015 0.6094
vn -0.7557 0.5139 0.4061
vn -0.7031 0.5323 0.4715
vn -0.3055 0.7232 0.6194
vn -0.3633 0.7527 0.5490
vn -0.5881 0.6797 0.4384
vn -0.5057 0.7548 0.4178
vn -0.5276 0.7129 0.4619
vn -0.6334 0.5152 0.5773
vn -0.5724 0.7122 0.4064
vn -0.3408 0.6770 0.6524
vn -0.6712 0.5399 0.5080
vn -0.9999 0.0099 -0.0111
vn -0.3009 0.7601 0.5759
vn -0.2209 0.7160 0.6623
vn -0.2385 0.6689 0.7040
vn -0.6439 0.5818 0.4968
vn -0.6201 0.5558 0.5537
vn -0.5791 0.5593 0.5931
vn -0.2552 0.7675 0.5881
vn -0.4452 0.7677 0.4609
vn -0.9676 0.2114 0.1378
vn -0.3342 0.7785 0.5313
vn -0.2088 0.6810 0.7018
vn -0.4343 0.7935 0.4263
vn -0.5374 0.6077 0.5846
vn -0.2149 0.7558 0.6186
vn -0.9237 0.3245 0.2038
vn -0.5927 0.6061 0.5304
vn -0.1806 0.6706 0.7195
vn -0.4339 0.8124 0.3895
vn -0.5216 0.6454 0.5581
vn -0.5172 0.5864 0.6234
vn -0.2026 0.8138 0.5447
vn -0.4596 0.6144 0.6414
vn -0.7533 0.5395 0.3761
vn -0.4648 0.6509 0.6002
vn -0.6968 0.5844 0.4160
vn -0.5826 0.6331 0.5097
vn -0.4072 0.6495 0.6421
vn -0.6531 0.6364 0.4105
vn -0.6013 0.7062 0.3738
vn -0.5688 0.7383 0.3625
vn -0.6303 0.7063 0.3223
vn -0.6544 0.7007 0.2843
vn -0.5782 0.6836 0.4453
vn -0.5711 0.6471 0.5050
vn -0.5342 0.7003 0.4735
vn -0.2134 0.7623 0.6110
vn -0.1402 0.7801 0.6098
vn -0.2112 0.7926 0.5720
vn -0.8294 0.3869 0.4030
vn -0.8069 0.4212 0.4142
vn -0.8598 0.3910 0.3285
vn -0.3688 0.8716 0.3230
vn -0.3493 0.8604 0.3711
vn -0.3278 0.8903 0.3162
vn -0.1048 0.4137 0.9044
vn -0.0572 0.4228 0.9044
vn -0.0728 0.4076 0.9103
vn -0.9702 0.1589 0.1831
vn -0.5049 0.4799 0.7175
vn -0.4713 0.4661 0.7487
vn -0.5254 0.4394 0.7286
vn -0.4914 0.4358 0.7540
vn -0.2274 0.7208 0.6548
vn -0.1754 0.7338 0.6564
vn -0.6484 0.5752 0.4987
vn -0.6026 0.5826 0.5454
vn -0.6140 0.6245 0.4827
vn -0.4366 0.4542 0.7766
vn -0.4582 0.4283 0.7789
vn -0.9416 0.2205 0.2545
vn -0.9556 0.2224 0.1932
vn -0.1143 0.4766 0.8717
vn -0.0686 0.4873 0.8705
vn -0.0874 0.4444 0.8916
vn -0.2844 0.6377 0.7159
vn -0.2366 0.6347 0.7357
vn -0.2718 0.6669 0.6938
vn -0.1058 0.5659 0.8176
vn -0.3924 0.8378 0.3797
vn -0.3534 0.8365 0.4187
vn -0.0639 0.5740 0.8164
vn -0.0991 0.5189 0.8491
vn -0.0528 0.4598 0.8865
vn -0.6034 0.4884 0.6304
vn -0.5478 0.5044 0.6674
vn -0.6030 0.4477 0.6602
vn -0.5495 0.4809 0.6832
vn -0.0563 0.5293 0.8465
vn -0.2668 0.6896 0.6732
vn -0.2595 0.7302 0.6320
vn -0.0198 0.4189 0.9078
vn -0.0483 0.4152 0.9084
vn -0.0827 0.8263 0.5571
vn -0.0450 0.8249 0.5635
vn -0.0727 0.8693 0.4890
vn -0.0349 0.8594 0.5102
vn -0.7242 0.4948 0.4802
vn -0.6861 0.5008 0.5277
vn -0.7205 0.5245 0.4537
vn -0.2240 0.6697 0.7081
vn -0.2974 0.8904 0.3447
vn -0.2842 0.9148 0.2869
vn 0.0230 0.8628 0.5051
vn -0.0189 0.8833 0.4684
vn -0.5565 0.4452 0.7015
vn -0.0193 0.4103 0.9117
vn 0.0209 0.4059 0.9137
vn -0.4705 0.7376 0.4843
vn -0.4338 0.7440 0.5083
vn -0.4919 0.7622 0.4207
vn -0.4482 0.7692 0.4555
vn -0.3840 0.4537 0.8042
vn -0.3472 0.4346 0.8310
vn -0.3530 0.4732 0.8071
vn -0.5078 0.6842 0.5234
vn -0.0188 0.4618 0.8868
vn -0.4062 0.4249 0.8090
vn -0.3880 0.4181 0.8214
vn -0.4406 0.4227 0.7920
vn -0.3973 0.4209 0.8155
vn -0.2959 0.5984 0.7446
vn -0.2549 0.6117 0.7489
vn -0.6555 0.4546 0.6030
vn -0.3958 0.8135 0.4261
vn -0.3719 0.8101 0.4532
vn -0.0243 0.5095 0.8601
vn -0.3199 0.4564 0.8303
vn -0.3604 0.5044 0.7847
vn -0.3290 0.5065 0.7970
vn -0.5154 0.7288 0.4509
vn -0.4143 0.7958 0.4417
vn -0.3894 0.7897 0.4741
vn -0.4208 0.8147 0.3989
vn -0.7606 0.4341 0.4827
vn -0.7745 0.4500 0.4446
vn -0.3666 0.4182 0.8311
vn -0.4152 0.4359 0.7985
vn -0.1836 0.9489 0.2565
vn -0.9271 0.2695 0.2604
vn 0.0042 0.4591 0.8884
vn -0.0901 0.7818 0.6170
vn -0.1341 0.8254 0.5484
vn -0.1771 0.6854 0.7063
vn -0.0335 0.5536 0.8321
vn -0.2921 0.5105 0.8088
vn -0.2984 0.5479 0.7815
vn 0.0219 0.5134 0.8579
vn -0.0084 0.8436 0.5369
vn -0.0306 0.5906 0.8064
vn -0.2568 0.5467 0.7970
vn -0.2672 0.5800 0.7695
vn 0.0018 0.5515 0.8342
vn -0.5766 0.6041 0.5501
vn -0.2432 0.9380 0.2470
vn 0.0040 0.5855 0.8106
vn -0.3987 0.7689 0.4999
vn -0.7160 0.6784 0.1647
vn -0.6806 0.7130 0.1683
vn -0.6882 0.6913 0.2203
vn -0.5920 0.7812 0.1981
vn -0.6358 0.7434 0.2075
vn -0.5892 0.7720 0.2386
vn -0.5938 0.7515 0.2875
vn -0.4780 0.8360 0.2695
vn -0.4372 0.8498 0.2945
vn -0.6928 0.6266 0.3569
vn -0.6780 0.6626 0.3183
vn -0.7300 0.6175 0.2930
vn -0.7057 0.6546 0.2711
vn -0.3962 0.4479 0.8015
vn -0.8416 0.4712 0.2640
vn -0.8624 0.4515 0.2288
vn -0.8336 0.4540 0.3146
vn -0.4386 0.4223 0.7933
vn -0.8730 0.4208 0.2465
vn -0.4666 0.8152 0.3431
vn -0.4318 0.8330 0.3460
vn -0.4571 0.5040 0.7329
vn -0.8154 0.4917 0.3056
vn -0.8579 0.4148 0.3031
vn -0.8218 0.4365 0.3663
vn -0.7919 0.4839 0.3724
vn -0.7943 0.4649 0.3911
vn -0.4590 0.7907 0.4051
vn -0.7567 0.4917 0.4309
vn -0.7857 0.5060 0.3558
vn -0.7527 0.5247 0.3976
vn -0.7483 0.4685 0.4697
vn -0.1564 0.9631 0.2191
vn -0.9341 0.2830 0.2178
vn -0.8973 0.3019 0.3221
vn -0.8997 0.3280 0.2881
vn -0.6256 0.5430 0.5602
vn -0.6773 0.5310 0.5093
vn -0.6864 0.5680 0.4541
vn -0.7054 0.4775 0.5238
vn -0.7828 0.4036 0.4737
vn -0.8569 0.3401 0.3873
vn -0.8666 0.3602 0.3453
vn -0.7143 0.4563 0.5306
vn -0.9046 0.2627 0.3358
vn -0.6623 0.4781 0.5769
vn -0.9503 0.1720 0.2597
vn -0.8691 0.2916 0.3996
vn -0.4619 0.6966 0.5491
vn -0.6431 0.5097 0.5715
vn -0.6039 0.5059 0.6159
vn -0.9245 0.2108 0.3175
vn -0.6589 0.4576 0.5970
vn -0.1253 0.7386 0.6624
vn -0.7978 0.3654 0.4796
vn -0.7515 0.3937 0.5293
vn -0.8301 0.3280 0.4509
vn -0.6214 0.4786 0.6203
vn -0.5484 0.5743 0.6078
vn -0.5837 0.5415 0.6050
vn -0.5434 0.5387 0.6439
vn -0.5778 0.5257 0.6244
vn -0.8908 0.2444 0.3830
vn -0.7249 0.4244 0.5426
vn -0.7035 0.3976 0.5891
vn -0.6035 0.4534 0.6559
vn -0.3899 0.7435 0.5434
vn -0.4173 0.7124 0.5642
vn -0.3817 0.7162 0.5843
vn -0.8452 0.2837 0.4529
vn -0.5791 0.4757 0.6620
vn -0.7414 0.3660 0.5624
vn -0.4892 0.5410 0.6841
vn -0.5619 0.5038 0.6561
vn -0.5343 0.4704 0.7023
vn -0.5528 0.4504 0.7011
vn -0.5131 0.5010 0.6969
vn -0.5034 0.4624 0.7299
vn -0.3448 0.6480 0.6792
vn -0.3316 0.6024 0.7260
vn -0.3204 0.6459 0.6930
vn -0.3305 0.5609 0.7591
vn -0.4932 0.5323 0.6880
vn -0.3100 0.8668 0.3907
vn -0.0515 0.7814 0.6219
vn -0.1350 0.6996 0.7017
vn -0.4209 0.4984 0.7580
vn -0.3372 0.4149 0.8451
vn -0.2872 0.4783 0.8299
vn -0.0126 0.8093 0.5873
vn -0.5345 0.5463 0.6449
vn -0.2160 0.6025 0.7683
vn -0.2190 0.9280 0.3014
vn -0.2565 0.9210 0.2933
vn -0.2151 0.5720 0.7916
vn -0.0872 0.7377 0.6694
vn 0.0285 0.8313 0.5551
vn -0.2042 0.6327 0.7470
vn -0.2486 0.5105 0.8232
vn -0.1724 0.6325 0.7551
vn -0.0122 0.7778 0.6284
vn -0.2502 0.9008 0.3549
vn -0.5359 0.6236 0.5692
vn -0.4412 0.5438 0.7139
vn -0.1180 0.9675 0.2236
vn -0.6792 0.4344 0.5916
vn -0.3645 0.7909 0.4916
vn -0.3673 0.7674 0.5256
vn -0.3897 0.4897 0.7800
vn -0.1769 0.5919 0.7864
vn -0.1108 0.6600 0.7430
vn -0.0802 0.6978 0.7118
vn -0.3547 0.4509 0.8191
vn -0.2879 0.4416 0.8498
vn -0.4881 0.5744 0.6571
vn -0.0402 0.7367 0.6751
vn -0.4977 0.6264 0.5999
vn -0.3116 0.4189 0.8529
vn -0.3480 0.4259 0.8352
vn -0.3492 0.8087 0.4734
vn -0.1387 0.6376 0.7578
vn -0.3181 0.8405 0.4387
vn -0.2216 0.5362 0.8145
vn -0.4047 0.5501 0.7305
vn -0.2474 0.4761 0.8439
vn -0.3640 0.4771 0.7999
vn -0.2620 0.8756 0.4059
vn -0.0625 0.9784 0.1973
vn -0.1611 0.5623 0.8111
vn -0.4554 0.6452 0.6134
vn -0.1891 0.9249 0.3298
vn -0.4349 0.5883 0.6817
vn -0.1292 0.5892 0.7976
vn -0.2020 0.5090 0.8367
vn -0.4115 0.6662 0.6220
vn -0.3219 0.4250 0.8460
vn -0.3705 0.5452 0.7520
vn -0.1753 0.5354 0.8262
vn -0.2842 0.4202 0.8618
vn -0.3606 0.7445 0.5618
vn 0.0111 0.7348 0.6782
vn -0.4970 0.5785 0.6468
vn -0.7907 0.3296 0.5159
vn -0.1403 0.9456 0.2936
vn -0.0053 0.6974 0.7167
vn -0.0777 0.9659 0.2470
vn -0.2482 0.4506 0.8575
vn -0.7486 0.6452 0.1526
vn -0.0918 0.6121 0.7854
vn -0.3202 0.8128 0.4866
vn -0.7858 0.5974 0.1602
vn -0.0517 0.6715 0.7392
vn -0.6624 0.4123 0.6255
vn -0.3463 0.5196 0.7811
vn -0.7601 0.6196 0.1956
vn -0.3752 0.5937 0.7119
vn -0.3350 0.7827 0.5246
vn -0.2112 0.4788 0.8522
vn -0.8485 0.4987 0.1770
vn -0.7989 0.5689 0.1949
vn -0.0072 0.6688 0.7434
vn -0.3224 0.4614 0.8265
vn -0.0637 0.6340 0.7707
vn -0.6224 0.4390 0.6479
vn -0.2714 0.8474 0.4564
vn -0.7195 0.6594 0.2180
vn -0.3954 0.6281 0.6702
vn -0.4508 0.5943 0.6660
vn -0.3308 0.4967 0.8024
vn -0.2997 0.4167 0.8582
vn -0.8255 0.5285 0.1982
vn -0.3587 0.7193 0.5949
vn -0.1154 0.5536 0.8247
vn -0.3653 0.6853 0.6300
vn -0.8606 0.2701 0.4317
vn -0.8949 0.2423 0.3747
vn -0.2509 0.4252 0.8696
vn -0.8772 0.4455 0.1790
vn -0.0967 0.9473 0.3054
vn -0.6555 0.7172 0.2365
vn -0.0735 0.5690 0.8191
vn -0.2046 0.8970 0.3919
vn -0.0158 0.9812 0.1925
vn -0.0173 0.6276 0.7784
vn -0.3299 0.5642 0.7569
vn -0.5426 0.8066 0.2344
vn -0.1187 0.5275 0.8412
vn -0.0403 0.5943 0.8033
vn -0.8000 0.5537 0.2310
vn -0.7673 0.5936 0.2429
vn -0.2994 0.4631 0.8342
vn -0.6264 0.4230 0.6547
vn -0.8471 0.4836 0.2201
vn -0.1459 0.5088 0.8484
vn -0.2125 0.4490 0.8679
vn -0.1540 0.9225 0.3539
vn -0.5130 0.8285 0.2245
vn -0.8228 0.3033 0.4806
vn -0.1690 0.4843 0.8584
vn -0.2711 0.4241 0.8641
vn 0.0250 0.6370 0.7705
vn -0.3376 0.6408 0.6895
vn -0.0247 0.9689 0.2461
vn -0.0730 0.5314 0.8440
vn -0.7549 0.6087 0.2441
vn -0.4044 0.6044 0.6864
vn -0.5406 0.7929 0.2810
vn -0.6264 0.7243 0.2881
vn -0.2941 0.5007 0.8142
vn -0.7458 0.3689 0.5546
vn -0.2762 0.8174 0.5055
vn 0.0306 0.9792 0.2008
vn -0.3755 0.6512 0.6595
vn -0.3178 0.5989 0.7351
vn -0.8925 0.4125 0.1824
vn -0.6618 0.6940 0.2837
vn -0.5116 0.8151 0.2717
vn -0.3426 0.7518 0.5635
vn -0.8201 0.5107 0.2582
vn -0.5564 0.4352 0.7078
vn -0.7620 0.5852 0.2773
vn -0.0435 0.9500 0.3091
vn -0.2985 0.5412 0.7861
vn -0.0170 0.5524 0.8334
vn 0.0148 0.5829 0.8124
vn -0.3361 0.7251 0.6010
vn -0.2895 0.4429 0.8486
vn -0.3089 0.6347 0.7083
vn -0.1655 0.9005 0.4021
vn -0.0400 0.5370 0.8426
vn -0.7812 0.3363 0.5259
vn -0.9068 0.3777 0.1874
vn -0.1693 0.4605 0.8714
vn -0.4261 0.5466 0.7208
vn -0.2175 0.8625 0.4569
vn -0.5874 0.4300 0.6856
vn -0.7883 0.5474 0.2811
vn -0.2808 0.5764 0.7674
vn -0.1049 0.9268 0.3605
vn -0.0967 0.5008 0.8601
vn -0.2422 0.4226 0.8734
vn -0.6988 0.3860 0.6023
vn -0.5513 0.7667 0.3290
vn -0.1254 0.4872 0.8642
vn -0.7610 0.5602 0.3270
vn 0.0283 0.5444 0.8384
vn -0.4618 0.5019 0.7313
vn -0.6122 0.4175 0.6715
vn -0.2601 0.6356 0.7269
vn -0.8365 0.3131 0.4497
vn -0.9256 0.3325 0.1809
vn -0.5022 0.8023 0.3228
vn -0.2321 0.4193 0.8777
vn -0.3689 0.6031 0.7073
vn -0.7314 0.5866 0.3478
vn -0.1887 0.4372 0.8794
vn -0.3309 0.6867 0.6472
vn -0.2638 0.6066 0.7500
vn -0.5091 0.4489 0.7344
vn -0.5969 0.7249 0.3439
vn -0.2002 0.4212 0.8846
vn -0.0334 0.5150 0.8566
vn -0.2714 0.4813 0.8335
vn -0.3187 0.7665 0.5576
vn -0.2708 0.5163 0.8125
vn -0.2785 0.7892 0.5474
vn -0.6554 0.4049 0.6376
vn -0.0661 0.4994 0.8639
vn -0.1135 0.9056 0.4086
vn -0.6446 0.6798 0.3499
vn -0.8047 0.5046 0.3128
vn 0.0159 0.9551 0.2958
vn 0.0227 0.9681 0.2497
vn -0.1354 0.4630 0.8760
vn -0.1760 0.8662 0.4676
vn -0.2568 0.4608 0.8495
vn -0.3935 0.8761 0.2785
vn -0.4645 0.4663 0.7529
vn -0.2561 0.5474 0.7968
vn -0.3085 0.7383 0.5998
vn -0.7973 0.3528 0.4898
vn -0.5134 0.4277 0.7440
vn -0.5025 0.7805 0.3720
vn -0.7642 0.5354 0.3596
vn -0.4128 0.5039 0.7587
vn -0.2477 0.4372 0.8646
vn 0.0055 0.5180 0.8554
vn -0.9340 0.3006 0.1933
vn -0.1003 0.4706 0.8766
vn -0.8927 0.3794 0.2433
vn -0.2763 0.7634 0.5839
vn -0.4682 0.4445 0.7637
vn -0.0552 0.9273 0.3703
vn -0.2315 0.8221 0.5202
vn -0.2408 0.5777 0.7799
vn -0.5433 0.7517 0.3738
vn -0.1550 0.4335 0.8877
vn -0.2070 0.4259 0.8808
vn -0.6095 0.6887 0.3926
vn -0.3254 0.7192 0.6138
vn -0.2271 0.6071 0.7615
vn -0.0117 0.4990 0.8665
vn -0.0426 0.4894 0.8710
vn -0.0110 0.9320 0.3622
vn -0.7051 0.4089 0.5794
vn -0.4108 0.8477 0.3355
vn -0.6991 0.5866 0.4087
vn -0.1206 0.8845 0.4507
vn -0.3666 0.5526 0.7485
vn -0.2336 0.5142 0.8253
vn -0.4815 0.4268 0.7655
vn -0.0561 0.4743 0.8786
vn -0.6670 0.6306 0.3968
vn -0.2098 0.6383 0.7406
vn -0.4264 0.4654 0.7757
vn -0.3078 0.9180 0.2501
vn -0.9026 0.3463 0.2557
vn -0.2227 0.4751 0.8513
vn -0.3484 0.8978 0.2694
vn -0.6288 0.6508 0.4255
vn -0.0637 0.9044 0.4219
vn -0.7214 0.5531 0.4167
vn -0.3049 0.6859 0.6608
vn -0.6563 0.4290 0.6206
vn -0.1074 0.4446 0.8893
vn -0.1285 0.8575 0.4981
vn -0.2042 0.4631 0.8625
vn -0.1806 0.8268 0.5327
vn -0.0708 0.4590 0.8856
vn -0.5610 0.7232 0.4028
vn -0.0139 0.4764 0.8791
vn -0.2094 0.5740 0.7916
vn -0.1827 0.4221 0.8880
vn -0.1685 0.4154 0.8939
vn -0.6565 0.6064 0.4486
vn -0.1998 0.5067 0.8386
vn -0.1913 0.4500 0.8723
vn -0.1174 0.4254 0.8974
vn -0.0170 0.9047 0.4256
vn -0.1481 0.4161 0.8972
vn -0.1677 0.4460 0.8792
vn -0.2968 0.7077 0.6411
vn -0.1852 0.6231 0.7599
vn -0.2793 0.6617 0.6958
vn -0.1797 0.5511 0.8148
vn -0.0432 0.4524 0.8908
vn -0.0702 0.4361 0.8972
vn 0.0362 0.9126 0.4073
vn -0.0078 0.4540 0.8910
vn -0.0865 0.4205 0.9032
vn -0.1439 0.5206 0.8416
vn -0.1620 0.5953 0.7870
vn -0.1457 0.4876 0.8608
vn -0.1297 0.4203 0.8981
vn 0.0091 0.4684 0.8835
vn -0.1318 0.4396 0.8885
vn -0.1452 0.5584 0.8168
vn -0.0307 0.4324 0.9012
vn -0.1272 0.5874 0.7993
vn 0.0024 0.4330 0.9014
vn -0.3275 -0.4523 0.8295
vn -0.2185 -0.4636 0.8587
vn -0.2710 -0.4623 0.8443
vn -0.1764 -0.4589 0.8708
vn -0.0895 -0.4404 0.8933
vn -0.1296 -0.4385 0.8893
vn -0.0506 -0.4383 0.8974
vn -0.6636 -0.5469 0.5104
vn -0.7300 -0.4318 0.5297
vn -0.6955 -0.5311 0.4839
vn -0.6945 -0.4461 0.5645
vn -0.8966 -0.4395 0.0544
vn -0.8904 -0.4410 0.1125
vn -0.8799 -0.4453 0.1659
vn -0.8752 -0.4364 0.2087
vn -0.8598 -0.4419 0.2559
vn -0.6747 -0.5954 0.4362
vn -0.7085 -0.5469 0.4461
vn -0.8426 -0.4441 0.3046
vn -0.8964 -0.4420 0.0327
vn -0.7562 -0.4851 0.4391
vn -0.8088 -0.4852 0.3322
vn -0.1936 -0.9744 0.1140
vn -0.8062 -0.4576 0.3750
vn -0.7772 -0.4771 0.4103
vn -0.7640 -0.4207 0.4892
vn 0.0068 -0.4575 0.8892
vn -0.6600 -0.4538 0.5987
vn -0.6270 -0.4489 0.6367
vn -0.5824 -0.4802 0.6559
vn -0.5463 -0.4800 0.6864
vn -0.5067 -0.4504 0.7351
vn -0.4348 -0.4753 0.7649
vn -0.3927 -0.4428 0.8060
vn -0.9325 0.3611 -0.0021
vn -0.0083 -1.0000 -0.0033
vn -0.0972 -0.9953 -0.0031
vn -0.9011 0.4336 -0.0022
vn -0.1826 -0.9832 -0.0034
vn -0.8668 0.4987 -0.0023
vn -0.2738 -0.9618 -0.0036
vn -0.8268 0.5625 -0.0022
vn -0.7773 0.6292 -0.0023
vn -0.3619 -0.9322 -0.0039
vn -0.7098 0.7044 -0.0035
vn -0.4452 -0.8954 -0.0026
vn -0.6423 0.7664 -0.0035
vn -0.5185 -0.8551 -0.0012
vn -0.5686 0.8226 -0.0044
vn -0.5826 -0.8127 -0.0029
vn -0.6516 -0.7586 -0.0047
vn -0.4712 0.8820 -0.0057
vn -0.7135 -0.7006 -0.0046
vn -0.3580 0.9337 -0.0050
vn -0.7628 -0.6467 -0.0043
vn -0.8141 -0.5807 -0.0051
vn -0.2545 0.9671 -0.0033
vn -0.1736 0.9848 -0.0022
vn -0.8738 -0.4863 -0.0071
vn -0.0932 0.9956 -0.0024
vn -0.9282 -0.3720 -0.0064
vn -0.9644 -0.2644 -0.0044
vn -0.9847 -0.1741 -0.0037
vn -0.9958 -0.0910 -0.0025
vn -0.9998 -0.0183 -0.0017
vn -0.9907 0.1362 -0.0030
vn -0.9773 0.2119 -0.0010
vn -0.0000 -0.0000 -1.0000
vn 0.0001 -0.0001 -1.0000
vn 0.0004 -0.0002 -1.0000
vn 0.0001 0.0001 -1.0000
vn -0.0000 0.0001 -1.0000
vn -0.0000 1.0000 -0.0000
vn 0.0001 1.0000 -0.0002
vn -0.0000 1.0000 -0.0004
vn 0.0004 1.0000 -0.0010
vn -0.0001 1.0000 -0.0007
vn 0.0007 1.0000 -0.0000
vn -0.0003 1.0000 -0.0000
vn 0.0002 1.0000 -0.0015
vn 0.0024 0.9996 -0.0292
vn 0.0013 1.0000 -0.0001
vn -0.0004 1.0000 -0.0003
vn -0.0023 1.0000 0.0005
vn 0.0011 1.0000 -0.0003
vn 0.0004 1.0000 -0.0014
vn 0.0004 1.0000 -0.0008
vn -0.0010 1.0000 0.0032
vn -0.0022 1.0000 0.0021
vn 0.0004 1.0000 -0.0003
vn 0.8296 0.5584 -0.0017
vn 0.8530 0.5219 -0.0027
vn 0.8721 0.4893 -0.0036
vn 0.9888 0.1492 -0.0006
vn 0.9781 0.2081 -0.0020
vn 0.9864 0.1642 0.0005
vn 0.9785 0.2063 0.0011
vn 0.9013 0.4332 -0.0010
vn 0.9184 0.3957 -0.0042
vn 0.8816 0.4719 -0.0009
vn 0.9887 -0.1499 -0.0034
vn 0.9834 -0.1816 -0.0000
vn 0.9788 -0.2048 -0.0029
vn 0.9180 0.3966 0.0005
vn 0.9346 0.3558 -0.0020
vn 0.9544 0.2985 -0.0032
vn 0.9526 0.3042 -0.0011
vn 0.9748 -0.2232 -0.0022
vn 0.9659 -0.2589 -0.0025
vn 0.9659 0.2588 -0.0030
vn 0.9717 0.2362 -0.0005
vn 0.9542 -0.2990 -0.0050
vn 0.9479 -0.3186 -0.0042
vn 0.9367 -0.3501 -0.0030
vn 0.9997 -0.0234 -0.0002
vn 0.9990 -0.0441 -0.0053
vn 0.9998 -0.0177 -0.0000
vn 0.9881 -0.1535 -0.0011
vn 0.9931 -0.1173 -0.0005
vn 0.9787 -0.2052 -0.0003
vn 0.9677 -0.2522 -0.0027
vn 0.9107 -0.4130 -0.0053
vn 0.9210 -0.3895 -0.0016
vn 0.8998 -0.4362 -0.0048
vn 0.8775 -0.4796 -0.0038
vn 0.8597 -0.5108 -0.0057
vn 0.8559 -0.5172 -0.0023
vn 0.8302 -0.5574 -0.0046
vn 0.8018 -0.5975 -0.0059
vn 0.8008 -0.5989 -0.0025
vn 0.7704 -0.6375 -0.0036
vn 0.7377 -0.6751 -0.0048
vn 0.7392 -0.6735 -0.0064
vn 0.7126 -0.7016 -0.0058
vn 0.6887 -0.7250 -0.0063
vn 0.6746 -0.7382 -0.0039
vn 0.6593 -0.7519 -0.0057
vn 0.6330 -0.7741 -0.0061
vn 0.6023 -0.7982 -0.0050
vn 0.6031 -0.7976 -0.0055
vn 0.5628 -0.8266 -0.0068
vn 0.5180 -0.8554 -0.0045
vn 0.5071 -0.8619 -0.0026
vn 0.4640 -0.8858 -0.0022
vn 0.4325 -0.9016 -0.0041
vn 0.4301 -0.9028 -0.0034
vn 0.3944 -0.9189 -0.0043
vn 0.3609 -0.9326 -0.0030
vn 0.3641 -0.9314 -0.0033
vn 0.3289 -0.9443 -0.0064
vn 0.2910 -0.9567 -0.0033
vn 0.2998 -0.9540 -0.0045
vn 0.2671 -0.9637 -0.0048
vn 0.1940 -0.9810 -0.0039
vn 0.2356 -0.9718 -0.0034
vn 0.2028 -0.9792 -0.0008
vn 0.0336 0.9994 0.0005
vn 0.0681 0.9977 -0.0024
vn 0.1644 -0.9864 -0.0020
vn 0.0698 0.9976 0.0001
vn 0.1105 0.9939 0.0003
vn 0.1301 -0.9915 -0.0029
vn 0.0854 -0.9963 -0.0040
vn 0.1560 0.9877 -0.0028
vn 0.1061 -0.9943 -0.0049
vn 0.1584 0.9874 -0.0001
vn 0.0765 -0.9971 -0.0058
vn 0.1868 0.9824 0.0007
vn 0.0352 -0.9994 -0.0009
vn 0.2190 0.9757 -0.0006
vn 0.2428 0.9701 -0.0028
vn 0.9993 0.0373 -0.0068
vn 0.9999 0.0163 0.0008
vn 1.0000 -0.0033 -0.0078
vn 0.2688 0.9632 -0.0004
vn 0.3328 0.9430 -0.0033
vn 0.3193 0.9477 -0.0003
vn 0.3617 0.9323 -0.0004
vn 0.4213 0.9069 -0.0040
vn 0.3927 0.9196 -0.0000
vn 0.4297 0.9030 -0.0000
vn 0.9947 0.1026 -0.0018
vn 0.9972 0.0747 -0.0004
vn 0.4682 0.8836 -0.0005
vn 0.5065 0.8622 -0.0044
vn 0.5008 0.8656 0.0004
vn 0.5363 0.8440 -0.0007
vn 0.5882 0.8087 -0.0035
vn 0.5615 0.8275 -0.0012
vn 0.5893 0.8079 0.0008
vn 0.6146 0.7888 -0.0003
vn 0.6455 0.7638 -0.0008
vn 0.6620 0.7495 -0.0029
vn 0.9952 -0.0974 -0.0019
vn 0.6849 0.7286 -0.0005
vn 0.7238 0.6901 -0.0024
vn 0.7203 0.6936 -0.0004
vn 0.7543 0.6566 -0.0001
vn 0.7718 0.6359 -0.0027
vn 0.7788 0.6273 -0.0003
vn 0.7997 0.6004 0.0004
vn 0.8205 0.5716 -0.0028
vn 0.1201 -0.3307 0.9361
vn 0.1499 -0.4473 0.8817
vn 0.1897 -0.3146 0.9301
vn 0.1622 -0.2699 0.9491
vn 0.1154 -0.4566 0.8822
vn 0.4772 -0.4822 0.7347
vn 0.5291 -0.4420 0.7243
vn 0.5418 -0.3087 0.7817
vn 0.5101 -0.3071 0.8034
vn 0.0715 -0.4449 0.8927
vn 0.0469 -0.3264 0.9441
vn 0.4570 -0.4522 0.7659
vn 0.1021 -0.2732 0.9565
vn 0.4781 -0.3038 0.8241
vn 0.4091 -0.4529 0.7922
vn 0.4550 -0.3051 0.8366
vn 0.4200 -0.3035 0.8552
vn 0.3649 -0.4528 0.8135
vn 0.8939 -0.4449 0.0552
vn 0.9468 -0.3089 0.0902
vn 0.9524 -0.3016 0.0434
vn 0.9418 -0.3112 0.1274
vn 0.8821 -0.4462 0.1509
vn 0.2186 -0.4507 0.8655
vn 0.2620 -0.3113 0.9135
vn 0.2205 -0.3009 0.9278
vn 0.9170 -0.3432 0.2030
vn 0.8651 -0.4402 0.2405
vn 0.8479 -0.4009 0.3470
vn 0.8674 -0.2965 0.3997
vn 0.8077 -0.4479 0.3834
vn 0.8982 -0.2761 0.3420
vn 0.7875 -0.4479 0.4233
vn 0.7680 -0.4450 0.4606
vn 0.7752 -0.3745 0.5087
vn 0.8225 -0.3102 0.4767
vn 0.8149 -0.2610 0.5175
vn 0.7187 -0.4729 0.5098
vn 0.9499 -0.3125 0.0059
vn 0.7598 -0.3541 0.5452
vn 0.7084 -0.4336 0.5569
vn 0.6768 -0.4588 0.5757
vn 0.7322 -0.2994 0.6117
vn 0.6551 -0.4488 0.6078
vn 0.9455 -0.2836 0.1600
vn 0.7112 -0.3007 0.6355
vn 0.6285 -0.4542 0.6314
vn 0.6808 -0.3056 0.6657
vn 0.6013 -0.4556 0.6564
vn 0.9178 -0.2958 0.2647
vn 0.6512 -0.3020 0.6962
vn 0.9017 -0.3098 0.3015
vn 0.5797 -0.4513 0.6784
vn 0.5544 -0.4587 0.6944
vn 0.5844 -0.3027 0.7529
vn 0.8449 -0.2938 0.4470
vn 0.2675 -0.4469 0.8536
vn 0.1892 -0.4772 0.8582
vn 0.7580 -0.2821 0.5881
vn 0.7777 -0.2977 0.5536
vn -0.1330 0.9873 -0.0872
vn 0.3715 -0.3077 0.8760
vn 0.2992 -0.4577 0.8372
vn 0.3341 -0.3046 0.8920
vn 0.6200 -0.2961 0.7266
vn 0.2964 -0.2694 0.9163
vn 0.5902 -0.5570 -0.5843
vn 0.6291 -0.4514 -0.6329
vn 0.6621 -0.4375 -0.6085
vn 0.8472 -0.4916 -0.2016
vn 0.5594 -0.5513 -0.6190
vn 0.6081 -0.4511 -0.6532
vn 0.8183 -0.5287 -0.2254
vn 0.5726 -0.4624 -0.6770
vn 0.9174 -0.3971 -0.0267
vn 0.7942 -0.5209 -0.3129
vn 0.8605 -0.4124 -0.2990
vn 0.8740 -0.3434 -0.3439
vn 0.8102 -0.4661 -0.3554
vn 0.8545 -0.3464 -0.3871
vn 0.9199 -0.3402 -0.1951
vn 0.9365 -0.2782 -0.2135
vn 0.9244 -0.3455 -0.1619
vn 0.8779 -0.4464 -0.1733
vn 0.9019 -0.3547 -0.2465
vn 0.8730 -0.4012 -0.2771
vn 0.9163 -0.2743 -0.2916
vn 0.8142 -0.3988 -0.4220
vn 0.8090 -0.3654 -0.4604
vn 0.8526 -0.2988 -0.4286
vn 0.7464 -0.5075 -0.4304
vn 0.7237 -0.5064 -0.4688
vn 0.9608 -0.2731 -0.0488
vn 0.7086 -0.4979 -0.5000
vn 0.7400 -0.3980 -0.5422
vn 0.6761 -0.5065 -0.5351
vn 0.7053 -0.4109 -0.5777
vn 0.8937 -0.4324 -0.1194
vn 0.9479 -0.3033 -0.0972
vn 0.9064 -0.4167 -0.0693
vn 0.9554 -0.2558 -0.1478
vn 0.6484 -0.5063 -0.5686
vn 0.5379 -0.4950 -0.6824
vn 0.5054 -0.5014 -0.7022
vn 0.4719 -0.5102 -0.7191
vn 0.4112 -0.5433 -0.7319
vn 0.3851 -0.5469 -0.7433
vn 0.2805 -0.5877 -0.7589
vn 0.7465 -0.4840 -0.4565
vn 0.7880 -0.3700 -0.4922
vn 0.7624 -0.3892 -0.5169
vn 0.0570 -0.5692 -0.8202
vn 0.8110 -0.5696 -0.1331
vn 0.4087 0.6394 0.6512
vn 0.4510 0.5920 0.6680
vn 0.4119 0.5980 0.6876
vn 0.4718 0.6127 0.6341
vn 0.9613 0.1445 0.2344
vn 0.9701 0.1295 0.2051
vn 0.9867 0.0931 0.1330
vn 0.0676 0.6595 0.7487
vn 0.0469 0.6972 0.7153
vn 0.6642 0.4650 0.5853
vn 0.6951 0.4429 0.5662
vn 0.7071 0.4627 0.5347
vn 0.0806 0.6299 0.7725
vn 0.3639 0.7533 0.5478
vn 0.3897 0.7607 0.5191
vn 0.4196 0.7740 0.4742
vn 0.3802 0.7731 0.5077
vn 0.2193 0.9140 0.3414
vn 0.2736 0.9116 0.3068
vn 0.2056 0.9356 0.2869
vn 0.1765 0.4846 0.8568
vn 0.2236 0.5260 0.8206
vn 0.1829 0.5206 0.8340
vn 0.2011 0.5014 0.8415
vn 0.3595 0.6315 0.6870
vn 0.3638 0.5902 0.7206
vn 0.2182 0.4658 0.8576
vn 0.2442 0.4927 0.8353
vn 0.2718 0.4167 0.8675
vn 0.2925 0.4259 0.8562
vn 0.2482 0.4400 0.8630
vn 0.3334 0.5361 0.7755
vn 0.3802 0.4970 0.7800
vn 0.3608 0.4719 0.8044
vn 0.1422 0.5095 0.8487
vn 0.1591 0.5506 0.8195
vn 0.3916 0.5463 0.7404
vn 0.3606 0.5458 0.7564
vn 0.0689 0.5676 0.8204
vn 0.1209 0.5681 0.8141
vn 0.1300 0.5983 0.7907
vn 0.0708 0.6001 0.7968
vn 0.6168 0.4639 0.6358
vn 0.6481 0.4916 0.5816
vn 0.6056 0.4853 0.6307
vn 0.6186 0.5113 0.5965
vn 0.2999 0.8541 0.4250
vn 0.3458 0.8281 0.4412
vn 0.3313 0.8601 0.3880
vn 0.1517 0.9425 0.2977
vn 0.1876 0.9545 0.2320
vn 0.1371 0.9617 0.2374
vn 0.2694 0.4594 0.8464
vn 0.3512 0.7943 0.4957
vn 0.3716 0.7948 0.4799
vn 0.2742 0.8881 0.3689
vn 0.3169 0.8811 0.3510
vn 0.5035 0.6187 0.6031
vn 0.5349 0.6432 0.5478
vn 0.4763 0.6666 0.5734
vn 0.3846 0.7272 0.5685
vn 0.4252 0.7434 0.5163
vn 0.2422 0.4198 0.8747
vn 0.3032 0.5283 0.7930
vn 0.3348 0.4661 0.8190
vn 0.6361 0.4484 0.6279
vn 0.3135 0.4387 0.8422
vn 0.3476 0.4237 0.8364
vn 0.3147 0.4144 0.8539
vn 0.3041 0.4703 0.8285
vn 0.7464 0.3680 0.5544
vn 0.7830 0.3692 0.5007
vn 0.8059 0.3812 0.4530
vn 0.2843 0.4240 0.8599
vn 0.7516 0.4034 0.5219
vn 0.6971 0.4150 0.5847
vn 0.0815 0.9667 0.2425
vn 0.1215 0.9815 0.1478
vn 0.0799 0.9865 0.1429
vn 0.3135 0.5849 0.7481
vn 0.9344 0.1923 0.2999
vn 0.9278 0.1964 0.3171
vn 0.9568 0.1616 0.2417
vn 0.3707 0.6647 0.6486
vn 0.0704 0.5358 0.8414
vn 0.1101 0.5389 0.8351
vn 0.2112 0.4402 0.8727
vn 0.2347 0.8849 0.4023
vn 0.1145 0.5076 0.8539
vn 0.3538 0.7656 0.5373
vn 0.3106 0.6297 0.7121
vn 0.4480 0.6235 0.6408
vn 0.3830 0.6855 0.6192
vn 0.4187 0.7001 0.5784
vn 0.6545 0.4320 0.6204
vn 0.6989 0.3927 0.5978
vn 0.3071 0.8275 0.4701
vn 0.4956 0.5687 0.6565
vn 0.5277 0.5458 0.6508
vn 0.5434 0.5901 0.5971
vn 0.5722 0.4710 0.6714
vn 0.5689 0.5135 0.6424
vn 0.2862 0.5134 0.8090
vn 0.3126 0.6668 0.6765
vn 0.2829 0.5876 0.7581
vn 0.8995 0.2389 0.3658
vn 0.8820 0.2570 0.3950
vn 0.0735 0.5069 0.8589
vn 0.1797 0.4478 0.8759
vn 0.2581 0.4163 0.8718
vn 0.2804 0.4559 0.8447
vn 0.1681 0.9189 0.3568
vn 0.1431 0.4709 0.8705
vn 0.7975 0.3274 0.5068
vn 0.4235 0.6619 0.6185
vn 0.0378 0.5174 0.8549
vn 0.2559 0.6416 0.7231
vn 0.5945 0.4370 0.6750
vn 0.2538 0.6752 0.6926
vn 0.3128 0.8060 0.5025
vn 0.6150 0.4232 0.6653
vn 0.6509 0.4091 0.6395
vn 0.8678 0.2631 0.4216
vn 0.3444 0.7343 0.5850
vn 0.2671 0.5553 0.7876
vn 0.5291 0.4809 0.6992
vn 0.2149 0.4181 0.8826
vn 0.1026 0.4765 0.8732
vn 0.2613 0.4973 0.8273
vn 0.3308 0.7682 0.5481
vn 0.2557 0.4426 0.8595
vn 0.3517 0.7017 0.6197
vn 0.8264 0.3069 0.4721
vn 0.8459 0.2948 0.4445
vn 0.1819 0.8925 0.4128
vn 0.3840 0.6366 0.6688
vn 0.2517 0.6071 0.7537
vn 0.5666 0.4424 0.6952
vn 0.0671 0.9482 0.3107
vn 0.1134 0.9472 0.2999
vn 0.7798 0.3421 0.5243
vn 0.1861 0.4228 0.8869
vn 0.2405 0.5896 0.7710
vn 0.4136 0.5948 0.6893
vn 0.4285 0.5518 0.7154
vn 0.4650 0.5875 0.6623
vn 0.0261 0.4956 0.8682
vn 0.1505 0.4406 0.8850
vn 0.4708 0.5256 0.7086
vn 0.5174 0.5132 0.6848
vn 0.2424 0.5330 0.8106
vn 0.0586 0.4816 0.8744
vn 0.2293 0.4304 0.8730
vn 0.8170 0.5543 0.1591
vn 0.8480 0.5249 0.0732
vn 0.8030 0.5883 0.0958
vn 0.2388 0.4859 0.8408
vn 0.5264 0.4568 0.7171
vn 0.6821 0.7128 0.1632
vn 0.7046 0.7033 0.0938
vn 0.6507 0.7551 0.0796
vn 0.7511 0.6406 0.1595
vn 0.7810 0.6209 0.0675
vn 0.7330 0.6724 0.1025
vn 0.6453 0.7430 0.1775
vn 0.6111 0.7823 0.1206
vn 0.2211 0.6416 0.7345
vn 0.7894 0.5904 0.1681
vn 0.8361 0.5204 0.1735
vn 0.8731 0.4817 0.0750
vn 0.7166 0.6730 0.1829
vn 0.3240 0.7372 0.5930
vn 0.3467 0.6588 0.6677
vn 0.6098 0.7684 0.1942
vn 0.8614 0.4747 0.1807
vn 0.8809 0.4619 0.1032
vn 0.1101 0.4490 0.8868
vn 0.7366 0.3645 0.5697
vn 0.5348 0.4362 0.7236
vn 0.2089 0.8548 0.4751
vn 0.2590 0.8537 0.4518
vn 0.2046 0.4245 0.8820
vn 0.5761 0.7950 0.1899
vn 0.5504 0.8227 0.1419
vn 0.2033 0.6938 0.6908
vn 0.6878 0.6908 0.2229
vn 0.8018 0.5562 0.2188
vn 0.5724 0.4287 0.6990
vn 0.2082 0.4734 0.8559
vn 0.7593 0.6144 0.2145
vn 0.2569 0.8195 0.5123
vn 0.8406 0.3250 0.4333
vn 0.2256 0.5348 0.8143
vn 0.7291 0.6456 0.2270
vn 0.1935 0.6651 0.7213
vn 0.2983 0.7870 0.5401
vn 0.1056 0.9254 0.3640
vn 0.8952 0.4273 0.1267
vn 0.8301 0.5142 0.2159
vn 0.7772 0.5872 0.2260
vn 0.3285 0.6981 0.6362
vn 0.4972 0.4379 0.7491
vn 0.6928 0.3912 0.6058
vn 0.1576 0.4213 0.8931
vn 0.1799 0.4188 0.8901
vn 0.2093 0.5881 0.7812
vn 0.4423 0.4904 0.7509
vn 0.6019 0.4278 0.6743
vn 0.4727 0.4542 0.7552
vn 0.4911 0.4827 0.7252
vn 0.5641 0.7865 0.2514
vn 0.6106 0.7533 0.2444
vn 0.0662 0.4557 0.8877
vn 0.3749 0.5864 0.7181
vn 0.4888 0.8544 0.1760
vn 0.5223 0.8209 0.2311
vn 0.6539 0.7215 0.2276
vn 0.0359 0.4689 0.8825
vn 0.8833 0.4256 0.1967
vn 0.9160 0.3867 0.1072
vn 0.6946 0.6712 0.2590
vn 0.0369 0.9342 0.3548
vn 0.2942 0.7557 0.5850
vn 0.1984 0.5191 0.8313
vn 0.5419 0.4318 0.7211
vn 0.1907 0.6256 0.7565
vn 0.1880 0.5678 0.8014
vn 0.3138 0.7070 0.6338
vn 0.6447 0.4247 0.6356
vn 0.9044 0.3795 0.1952
vn 0.9310 0.3413 0.1291
vn 0.8650 0.4456 0.2308
vn 0.1265 0.4219 0.8978
vn 0.7509 0.5936 0.2893
vn 0.8368 0.4883 0.2476
vn 0.1807 0.4595 0.8696
vn 0.6475 0.7111 0.2740
vn 0.7335 0.3984 0.5507
vn 0.3968 0.5238 0.7538
vn 0.7809 0.5573 0.2823
vn 0.7880 0.3750 0.4882
vn 0.1725 0.5068 0.8446
vn 0.6897 0.6551 0.3084
vn 0.4419 0.8559 0.2686
vn 0.4369 0.8830 0.1716
vn 0.8037 0.5272 0.2761
vn 0.4707 0.8376 0.2774
vn 0.5175 0.8073 0.2837
vn 0.1372 0.4279 0.8934
vn 0.0810 0.4331 0.8977
vn 0.7319 0.6260 0.2690
vn 0.2545 0.7804 0.5711
vn 0.6188 0.7357 0.2754
vn 0.5759 0.7570 0.3087
vn 0.6545 0.6903 0.3085
vn 0.1590 0.4457 0.8810
vn 0.0336 0.4438 0.8955
vn 0.3348 0.6108 0.7175
vn 0.2099 0.8160 0.5387
vn 0.5015 0.4293 0.7511
vn 0.3147 0.6659 0.6764
vn 0.1669 0.6107 0.7741
vn 0.1537 0.6693 0.7269
vn 0.1095 0.9070 0.4066
vn 0.2910 0.7243 0.6251
vn 0.6915 0.4265 0.5831
vn 0.1508 0.5562 0.8173
vn 0.1384 0.6641 0.7348
vn 0.3471 0.5699 0.7448
vn 0.0992 0.4141 0.9048
vn 0.5398 0.7797 0.3173
vn 0.3956 0.4869 0.7787
vn 0.7098 0.6258 0.3234
vn 0.4287 0.4480 0.7845
vn 0.4684 0.4262 0.7739
vn 0.3613 0.5284 0.7683
vn 0.1368 0.4880 0.8621
vn 0.1353 0.5972 0.7906
vn 0.2930 0.6754 0.6767
vn 0.1410 0.5293 0.8366
vn 0.0638 0.4139 0.9081
vn 0.3054 0.6329 0.7114
vn 0.4567 0.4322 0.7776
vn 0.8803 0.4036 0.2496
vn 0.0996 0.4195 0.9023
vn 0.6109 0.7171 0.3354
vn 0.0455 0.8889 0.4559
vn 0.1192 0.8872 0.4457
vn 0.8406 0.4593 0.2871
vn 0.9353 0.3087 0.1727
vn 0.9479 0.2994 0.1092
vn 0.1281 0.6272 0.7683
vn 0.0276 0.4235 0.9055
vn 0.7511 0.5650 0.3415
vn 0.0851 0.8648 0.4949
vn 0.1543 0.8654 0.4768
vn 0.1101 0.4745 0.8733
vn 0.1237 0.5293 0.8394
vn 0.7240 0.5936 0.3513
vn 0.9657 0.2391 0.1012
vn 0.4883 0.4527 0.7461
vn 0.6849 0.6307 0.3649
vn 0.9127 0.3501 0.2109
vn 0.4191 0.4253 0.8022
vn 0.2044 0.7703 0.6040
vn 0.5565 0.4466 0.7006
vn 0.2430 0.7442 0.6222
vn 0.4702 0.8121 0.3455
vn 0.4988 0.7893 0.3579
vn 0.4621 0.8267 0.3210
vn 0.2861 0.6522 0.7020
vn 0.1003 0.5701 0.8154
vn 0.8091 0.4794 0.3399
vn 0.8125 0.4924 0.3121
vn 0.5347 0.7577 0.3741
vn 0.7144 0.5804 0.3909
vn 0.4335 0.4189 0.7979
vn 0.0783 0.4612 0.8838
vn 0.0505 0.4265 0.9031
vn 0.8523 0.4310 0.2962
vn 0.0922 0.5241 0.8466
vn 0.6103 0.6829 0.4013
vn 0.6479 0.6746 0.3538
vn 0.5846 0.4668 0.6636
vn 0.4173 0.8489 0.3245
vn 0.4051 0.8737 0.2694
vn 0.7408 0.4265 0.5190
vn 0.1661 0.8085 0.5645
vn 0.3836 0.4532 0.8047
vn 0.0897 0.6188 0.7804
vn 0.6483 0.6495 0.3974
vn 0.3619 0.8967 0.2547
vn 0.3822 0.9072 0.1757
vn 0.3289 0.9280 0.1749
vn 0.3222 0.5314 0.7835
vn 0.3545 0.4886 0.7972
vn 0.2725 0.6764 0.6842
vn 0.0911 0.8384 0.5374
vn 0.1537 0.8394 0.5214
vn 0.6709 0.6160 0.4127
vn 0.2951 0.6017 0.7422
vn 0.8971 0.3553 0.2624
vn 0.9464 0.2722 0.1740
vn 0.0647 0.5159 0.8542
vn 0.2770 0.6196 0.7344
vn 0.5246 0.4632 0.7143
vn 0.0215 0.4140 0.9100
vn 0.4568 0.4503 0.7672
vn 0.9262 0.3037 0.2236
vn 0.6411 0.4711 0.6058
vn 0.0589 0.5738 0.8169
vn 0.0391 0.4695 0.8821
vn 0.2436 0.7069 0.6640
vn 0.3061 0.9194 0.2470
vn 0.3890 0.4275 0.8161
vn 0.6922 0.4749 0.5434
vn 0.8701 0.3960 0.2935
vn 0.0487 0.6350 0.7709
vn 0.4182 0.8216 0.3873
vn 0.1189 0.8018 0.5856
vn 0.0312 0.5697 0.8213
vn 0.3070 0.5668 0.7645
vn 0.5674 0.7297 0.3815
vn 0.4254 0.4348 0.7937
vn 0.2761 0.9469 0.1651
vn 0.3230 0.8987 0.2967
vn 0.1998 0.7115 0.6737
vn 0.0257 0.6212 0.7832
vn 0.5973 0.5026 0.6250
vn 0.9527 0.2406 0.1858
vn 0.9793 0.1743 0.1032
vn 0.7707 0.5068 0.3864
vn 0.3164 0.4895 0.8126
vn 0.3475 0.4503 0.8225
vn 0.8411 0.4158 0.3459
vn 0.3688 0.8828 0.2911
vn 0.2676 0.5762 0.7722
vn 0.7784 0.5295 0.3373
vn 0.5149 0.7309 0.4479
vn 0.7434 0.5381 0.3973
vn 0.3682 0.8696 0.3289
vn 0.7064 0.5481 0.4478
vn 0.8172 0.4538 0.3554
vn 0.7850 0.4686 0.4053
vn 0.0748 0.8000 0.5954
vn 0.4441 0.8045 0.3944
vn 0.5638 0.7039 0.4321
vn 0.4865 0.7638 0.4242
vn 0.3759 0.8532 0.3615
vn 0.6630 0.5958 0.4532
vn 0.4547 0.7862 0.4185
vn 0.8687 0.3718 0.3273
vn 0.3996 0.8364 0.3752
vn 0.7338 0.5071 0.4521
vn 0.6686 0.5569 0.4928
vn 0.2406 0.6303 0.7381
vn 0.6947 0.5164 0.5008
vn 0.3749 0.8335 0.4059
vn 0.7548 0.4846 0.4420
vn 0.4671 0.7431 0.4791
vn 0.8377 0.3923 0.3799
vn 0.2360 0.6713 0.7026
vn 0.8010 0.4389 0.4071
vn 0.7515 0.4588 0.4740
vn 0.1534 0.7756 0.6123
vn 0.7168 0.4860 0.5001
vn 0.6301 0.5815 0.5146
vn 0.8919 0.3303 0.3089
vn 0.8532 0.3556 0.3816
vn 0.7911 0.4217 0.4430
vn 0.6821 0.4869 0.5456
vn 0.9610 0.1674 0.2200
vn 0.9861 0.1214 0.1133
vn 0.9655 0.1892 0.1791
vn 0.2746 0.5298 0.8025
vn 0.6427 0.5354 0.5479
vn 0.6108 0.5507 0.5689
vn 0.6174 0.6137 0.4920
vn 0.5832 0.5963 0.5516
vn 0.9059 0.2796 0.3180
vn 0.9259 0.2842 0.2490
vn 0.9436 0.2293 0.2388
vn 0.6253 0.6360 0.4521
vn 0.3790 0.4143 0.8275
vn 0.9343 0.2154 0.2841
vn 0.8693 0.3126 0.3828
vn 0.7409 0.4325 0.5138
vn 0.5412 0.6870 0.4849
vn 0.4975 0.7013 0.5106
vn 0.6488 0.5062 0.5682
vn 0.5753 0.5530 0.6027
vn 0.4514 0.7152 0.5335
vn 0.9055 0.2501 0.3428
vn 0.2554 0.9331 0.2533
vn 0.6684 0.5178 0.5340
vn 0.8339 0.3416 0.4336
vn 0.5172 0.5078 0.6889
vn 0.3509 0.4225 0.8357
vn 0.5496 0.5148 0.6580
vn 0.3888 0.4278 0.8160
vn 0.2277 0.6424 0.7317
vn 0.4738 0.4970 0.7270
vn 0.1012 0.7574 0.6450
vn 0.0384 0.7971 0.6026
vn 0.5883 0.6614 0.4653
vn 0.1655 0.7397 0.6522
vn 0.3107 0.4539 0.8351
vn 0.2347 0.5923 0.7708
vn 0.1378 0.7077 0.6929
vn 0.1912 0.6669 0.7202
vn 0.1512 0.6481 0.7464
vn 0.2025 0.5941 0.7785
vn 0.1971 0.5575 0.8064
vn 0.2313 0.5529 0.8005
vn 0.1859 0.6216 0.7609
vn 0.1704 0.5877 0.7909
vn 0.4064 0.4618 0.7884
vn 0.4246 0.4986 0.7557
vn 0.4030 0.7973 0.4494
vn 0.2246 0.9611 0.1605
vn 0.2844 0.4900 0.8240
vn 0.6008 0.5439 0.5858
vn 0.4655 0.5396 0.7015
vn 0.5462 0.5582 0.6245
vn 0.5037 0.5542 0.6627
vn 0.5777 0.6386 0.5084
vn 0.3236 0.4210 0.8474
vn 0.0415 0.7575 0.6515
vn 0.0741 0.7293 0.6802
vn 0.1621 0.9765 0.1420
vn 0.4261 0.5433 0.7233
vn 0.3765 0.8144 0.4416
vn 0.1037 0.6911 0.7153
vn 0.1168 0.6360 0.7628
vn 0.5080 0.6175 0.6005
vn 0.1476 -0.1187 0.9819
vn 0.2017 -0.1173 0.9724
vn 0.9969 -0.0640 -0.0451
vn 0.9996 -0.0268 -0.0097
vn 0.9917 0.0897 0.0916
vn 0.9915 0.0981 0.0850
vn 0.0706 -0.1180 0.9905
vn 0.0585 0.9974 0.0422
vn 0.9874 -0.1317 -0.0877
vn 0.9942 0.0882 0.0617
vn 0.1122 0.9927 0.0442
vn 0.9963 0.0726 0.0469
vn 0.9778 -0.1793 -0.1084
vn 0.1610 0.9862 0.0388
vn 0.9976 0.0590 0.0365
vn 0.2063 0.9770 0.0539
vn 0.9712 -0.2086 -0.1153
vn 0.2682 0.9619 0.0533
vn 0.9729 -0.2067 -0.1039
vn 0.3199 0.9458 0.0558
vn 0.9958 0.0845 0.0361
vn 0.3639 0.9296 0.0590
vn 0.9752 -0.2012 -0.0924
vn 0.4042 0.9127 0.0591
vn 0.9778 -0.1927 -0.0825
vn 0.4555 0.8887 0.0526
vn 0.9979 0.0620 0.0162
vn 0.5041 0.8619 0.0552
vn 0.9998 0.0203 -0.0036
vn 0.9810 -0.1809 -0.0701
vn 0.5455 0.8365 0.0515
vn 0.5898 0.8061 0.0490
vn 0.6169 0.7861 0.0383
vn 0.9998 -0.0125 -0.0141
vn 0.9874 -0.1508 -0.0485
vn 0.9908 -0.1296 -0.0397
vn 0.7129 0.7007 0.0279
vn 0.6849 0.7279 0.0333
vn 0.9993 -0.0358 -0.0103
vn 0.9931 -0.1130 -0.0299
vn 0.7520 0.6586 0.0290
vn 0.9946 -0.1034 -0.0004
vn 0.8252 0.5642 0.0263
vn 0.9851 -0.0948 0.1436
vn 0.9525 -0.1147 0.2822
vn 0.9123 0.4079 0.0370
vn 0.9361 -0.1065 0.3353
vn 0.9161 -0.1174 0.3833
vn 0.9441 0.3269 0.0421
vn 0.9683 0.2470 0.0370
vn 0.8498 -0.1131 0.5148
vn 0.8213 -0.1173 0.5583
vn 0.9837 0.1747 0.0416
vn 0.7603 -0.1270 0.6370
vn 0.7205 -0.1091 0.6848
vn 0.9940 0.1034 0.0357
vn 0.9984 0.0427 0.0359
vn 0.5959 -0.1168 0.7945
vn 0.5448 -0.1248 0.8292
vn 0.4793 -0.1187 0.8696
vn 0.9996 0.0099 0.0261
vn 0.4316 -0.1266 0.8931
vn 0.9902 0.0831 0.1125
vn 0.3949 -0.1126 0.9118
vn 0.3404 -0.1174 0.9329
vn 0.0376 0.9855 0.1657
vn 0.0511 0.9705 0.2355
vn 0.0105 0.9887 0.1497
vn 0.0219 0.9759 0.2173
vn 0.9895 0.1035 -0.1009
vn 0.9938 0.0661 -0.0889
vn 0.9957 0.0768 -0.0516
vn 0.6279 0.7714 -0.1038
vn 0.6843 0.7257 -0.0713
vn 0.6597 0.7514 -0.0136
vn 0.9984 0.0548 -0.0121
vn 0.9998 0.0200 -0.0077
vn 0.9639 0.2488 0.0951
vn 0.9648 0.2531 0.0712
vn 0.9687 0.2328 0.0858
vn 0.1101 0.7767 0.6202
vn 0.0648 0.8251 0.5613
vn 0.0889 0.8318 0.5479
vn 0.9254 0.3231 0.1981
vn 0.9282 0.3220 0.1863
vn 0.9479 0.2673 0.1734
vn 0.9891 0.0653 -0.1317
vn 0.9887 0.0893 -0.1204
vn 0.9834 0.0943 -0.1549
vn 0.8553 0.4438 0.2676
vn 0.8635 0.4406 0.2455
vn 0.8938 0.3751 0.2460
vn 0.8986 0.3790 0.2213
vn 0.9544 0.2800 0.1037
vn 0.6944 0.5920 0.4091
vn 0.6269 0.6601 0.4139
vn 0.6940 0.6123 0.3788
vn 0.9071 0.1898 -0.3757
vn 0.9354 0.1840 -0.3018
vn 0.9193 0.2129 -0.3310
vn 0.9201 0.1705 -0.3526
vn 0.9860 0.0548 -0.1572
vn 0.7567 0.5456 0.3602
vn 0.7483 0.5704 0.3387
vn 0.9489 0.2693 0.1643
vn 0.0178 0.9477 0.3188
vn 0.9610 0.1210 -0.2485
vn 0.9742 0.0831 -0.2099
vn 0.9719 0.1079 -0.2094
vn 0.9938 0.0436 -0.1024
vn 0.8108 0.4986 0.3066
vn 0.8133 0.5081 0.2835
vn 0.9760 0.2102 0.0575
vn 0.9700 0.2400 0.0390
vn 0.9978 0.0355 -0.0559
vn 0.9990 0.0105 -0.0425
vn 0.9994 0.0246 -0.0258
vn 0.9988 0.0032 -0.0480
vn 0.9970 0.0242 -0.0734
vn 0.9628 0.2686 0.0308
vn 0.6706 0.6524 0.3531
vn 0.9977 0.0067 -0.0678
vn 0.7511 0.5842 0.3075
vn 0.0158 0.9639 0.2657
vn 0.9943 0.0227 -0.1045
vn 0.9949 0.0173 -0.0995
vn 0.9969 0.0062 -0.0790
vn 0.9946 0.0158 -0.1024
vn 0.9989 0.0030 -0.0459
vn 0.9628 0.2246 0.1500
vn 0.9359 0.2948 0.1926
vn 0.4360 0.6654 0.6059
vn 0.3389 0.6978 0.6311
vn 0.3905 0.6895 0.6100
vn 0.8193 0.5143 0.2536
vn 0.3854 0.7608 0.5222
vn 0.4530 0.7231 0.5215
vn 0.4233 0.7167 0.5541
vn 0.9485 0.2726 0.1612
vn 0.9650 0.2235 0.1374
vn 0.5915 0.7073 0.3870
vn 0.9290 0.3692 0.0248
vn 0.9288 0.3688 -0.0361
vn 0.9446 0.3281 -0.0110
vn 0.4343 0.7602 0.4831
vn 0.9660 0.2582 -0.0137
vn 0.3148 0.7292 0.6076
vn 0.2588 0.7645 0.5904
vn 0.2980 0.7667 0.5686
vn 0.3616 0.7388 0.5686
vn 0.3210 0.7805 0.5365
vn 0.8731 0.4314 0.2271
vn 0.9048 0.3741 0.2034
vn 0.9154 0.3964 -0.0707
vn 0.9219 0.3728 -0.1051
vn 0.8927 0.4430 -0.0823
vn 0.2294 0.7105 0.6652
vn 0.2206 0.7410 0.6343
vn 0.2584 0.7341 0.6280
vn 0.3870 0.7941 0.4686
vn 0.7661 0.5765 0.2840
vn 0.4562 0.7814 0.4257
vn 0.4126 0.8074 0.4217
vn 0.7851 0.5651 0.2534
vn 0.7136 0.6317 0.3028
vn 0.2780 0.8103 0.5158
vn 0.3245 0.8048 0.4969
vn 0.1907 0.7365 0.6490
vn 0.1716 0.7823 0.5988
vn 0.2564 0.7953 0.5493
vn 0.1984 0.7828 0.5898
vn 0.2061 0.8093 0.5500
vn 0.6655 0.6839 0.2990
vn 0.5933 0.7257 0.3484
vn 0.9300 0.3196 0.1814
vn 0.9142 0.3571 0.1919
vn 0.1614 0.7057 0.6899
vn 0.1904 0.8475 0.4954
vn 0.9021 0.3404 -0.2653
vn 0.8748 0.3430 -0.3422
vn 0.9074 0.2985 -0.2958
vn 0.1651 0.7518 0.6384
vn 0.4241 0.8272 0.3687
vn 0.4804 0.7928 0.3751
vn 0.6271 0.7169 0.3047
vn 0.8873 0.2919 -0.3572
vn 0.9247 0.2645 -0.2736
vn 0.1576 0.8199 0.5505
vn 0.1541 0.8480 0.5071
vn 0.9430 0.2866 0.1688
vn 0.9359 0.3076 0.1718
vn 0.3833 0.8520 0.3567
vn 0.3766 0.8647 0.3323
vn 0.6326 0.7232 0.2771
vn 0.1111 0.7172 0.6879
vn 0.3860 0.8480 0.3631
vn 0.4788 0.8304 0.2850
vn 0.1275 0.8179 0.5610
vn 0.5549 0.7593 0.3398
vn 0.5756 0.7609 0.2997
vn 0.8856 0.4135 0.2115
vn 0.8443 0.4858 0.2259
vn 0.8656 0.4535 0.2124
vn 0.1357 0.7405 0.6582
vn 0.1367 0.7812 0.6091
vn 0.9595 0.2489 0.1319
vn 0.1443 0.8801 0.4524
vn 0.1117 0.8772 0.4669
vn 0.1936 0.8885 0.4160
vn 0.1100 0.8498 0.5155
vn 0.9524 0.2653 0.1501
vn 0.9366 0.3080 0.1673
vn 0.7029 0.6778 0.2158
vn 0.7490 0.6160 0.2440
vn 0.7050 0.6639 0.2493
vn 0.0752 0.7108 0.6994
vn 0.1013 0.6663 0.7387
vn 0.9606 0.2526 0.1162
vn 0.4252 0.8705 0.2480
vn 0.3590 0.8967 0.2589
vn 0.9999 0.0043 -0.0110
vn 0.3413 0.8882 0.3077
vn 0.2991 0.9203 0.2521
vn 0.2594 0.9260 0.2743
vn 0.9493 0.2844 0.1340
vn 0.5065 0.8322 0.2254
vn 0.5377 0.8010 0.2630
vn 0.0770 0.7425 0.6654
vn 0.0885 0.7919 0.6043
vn 0.7576 0.6181 0.2098
vn 0.7966 0.5598 0.2281
vn 0.1434 0.9410 0.3064
vn 0.1844 0.9232 0.3373
vn 0.1550 0.9112 0.3817
vn 0.0521 0.7796 0.6241
vn 0.0756 0.8692 0.4886
vn 0.0681 0.8576 0.5098
vn 0.3702 0.9054 0.2077
vn 0.2994 0.9287 0.2190
vn 0.0343 0.7608 0.6481
vn 0.0581 0.7941 0.6051
vn 0.1965 0.9413 0.2745
vn 0.4519 0.8706 0.1944
vn 0.5296 0.8288 0.1808
vn 0.1713 0.9575 0.2321
vn 0.1026 0.9429 0.3169
vn 0.5253 0.6361 0.5652
vn 0.4817 0.6645 0.5714
vn 0.5403 0.6519 0.5321
vn 0.0589 0.9281 0.3676
vn 0.0807 0.9030 0.4219
vn 0.0407 0.9245 0.3791
vn 0.7992 0.5657 0.2032
vn 0.7517 0.6379 0.1675
vn 0.2631 0.9507 0.1639
vn 0.2232 0.9569 0.1860
vn 0.4977 0.6839 0.5335
vn 0.0329 0.8210 0.5700
vn 0.4154 0.7017 0.5788
vn 0.6449 0.7451 0.1699
vn 0.7030 0.6934 0.1583
vn 0.6441 0.7364 0.2070
vn 0.5887 0.7920 0.1615
vn 0.3654 0.7104 0.6015
vn 0.4559 0.8795 0.1367
vn 0.3948 0.9054 0.1562
vn 0.0380 0.8690 0.4933
vn 0.0512 0.8942 0.4447
vn 0.0871 0.9646 0.2491
vn 0.1215 0.9601 0.2521
vn 0.2800 0.7008 0.6562
vn 0.8321 0.5265 0.1742
vn 0.8274 0.5219 0.2076
vn 0.8657 0.4729 0.1638
vn 0.2564 0.9605 0.1078
vn 0.3256 0.9329 0.1540
vn 0.0182 0.8912 0.4532
vn 0.9375 0.3306 0.1087
vn 0.9683 0.1498 0.2000
vn 0.0375 0.9484 0.3147
vn 0.0308 0.8975 0.4400
vn 0.6103 0.7825 0.1238
vn 0.6626 0.7372 0.1323
vn 0.3040 0.9483 0.0911
vn 0.4831 0.8721 0.0774
vn 0.5356 0.8349 0.1271
vn 0.4906 0.8650 0.1053
vn 0.0206 0.9231 0.3841
vn 0.9701 0.1626 0.1804
vn 0.3348 0.9417 0.0332
vn 0.3775 0.9205 0.1011
vn 0.9548 0.1969 0.2227
vn 0.9439 0.2082 0.2565
vn 0.4107 0.9090 0.0711
vn 0.6408 0.7606 0.1038
vn 0.9227 0.2464 0.2966
vn 0.5236 0.7587 0.3876
vn 0.5528 0.7205 0.4187
vn 0.0693 0.9908 0.1159
vn 0.1129 0.9841 0.1374
vn 0.0879 0.9783 0.1879
vn 0.1998 0.9734 0.1122
vn 0.1883 0.9810 0.0471
vn 0.2413 0.9696 0.0408
vn 0.9655 0.1915 0.1766
vn 0.9668 0.2214 0.1278
vn 0.0619 0.9832 0.1718
vn 0.9037 0.2588 0.3410
vn 0.7006 0.7086 0.0841
vn 0.9540 0.2139 0.2101
vn 0.9414 0.3356 0.0329
vn 0.5687 0.8197 0.0682
vn 0.9319 0.2454 0.2670
vn 0.0286 0.9606 0.2765
vn 0.1484 0.9887 0.0196
vn 0.1371 0.9866 0.0890
vn 0.7502 0.6496 0.1237
vn 0.8013 0.5951 0.0606
vn 0.7970 0.5865 0.1446
vn 0.9357 0.2468 0.2521
vn 0.3086 0.8387 0.4487
vn 0.1025 0.9920 0.0738
vn 0.7557 0.6509 0.0718
vn 0.8720 0.3129 0.3764
vn 0.9628 0.2071 0.1737
vn 0.9052 0.3007 0.3005
vn 0.1853 0.9825 -0.0172
vn 0.6212 0.7831 0.0314
vn 0.9386 0.2649 0.2208
vn 0.6532 0.7172 0.2428
vn 0.5937 0.7607 0.2623
vn 0.7624 0.6471 0.0008
vn 0.5173 0.7964 0.3134
vn 0.9188 0.2930 0.2645
vn 0.7086 0.7055 0.0103
vn 0.3346 0.8703 0.3613
vn 0.0515 0.9986 -0.0086
vn 0.0521 0.9959 0.0743
vn 0.0223 0.9969 0.0753
vn 0.0743 0.9962 0.0454
vn 0.0746 0.9965 -0.0389
vn 0.2366 0.9714 -0.0204
vn 0.8805 0.3238 0.3462
vn 0.8619 0.3696 0.3472
vn 0.0314 0.9921 0.1215
vn 0.8457 0.3519 0.4012
vn 0.5562 0.7967 0.2365
vn 0.1106 0.9927 -0.0474
vn 0.6082 0.7929 -0.0369
vn 0.8809 0.3533 0.3150
vn 0.8338 0.3943 0.3865
vn 0.7930 0.4095 0.4510
vn 0.1136 0.9935 0.0111
vn 0.8568 0.5153 -0.0200
vn 0.8955 0.4450 -0.0079
vn 0.8621 0.5040 0.0526
vn 0.8030 0.4166 0.4261
vn 0.1463 0.9871 -0.0647
vn 0.7334 0.4685 0.4926
vn 0.7648 0.4540 0.4572
vn 0.2461 0.9664 -0.0743
vn 0.7839 0.4525 0.4251
vn 0.8013 0.5963 -0.0477
vn 0.8340 0.5511 0.0262
vn 0.7246 0.5074 0.4663
vn 0.6659 0.5326 0.5225
vn 0.7405 0.5054 0.4430
vn 0.7499 0.6581 -0.0671
vn 0.6676 0.5645 0.4854
vn 0.2876 0.9575 -0.0223
vn 0.7040 0.5481 0.4516
vn 0.3299 0.9396 -0.0913
vn 0.4090 0.9112 -0.0487
vn 0.3483 0.9369 -0.0315
vn 0.1936 0.9746 -0.1126
vn 0.5478 0.5931 0.5900
vn 0.5893 0.5941 0.5475
vn 0.6146 0.5974 0.5151
vn 0.0628 0.6793 0.7312
vn 0.9269 0.3398 0.1595
vn 0.9543 0.2985 0.0153
vn 0.5953 0.7750 0.2120
vn 0.4779 0.8703 -0.1189
vn 0.4790 0.8773 -0.0303
vn 0.4069 0.9059 -0.1174
vn 0.2307 0.9620 -0.1459
vn 0.6154 0.6162 0.4916
vn 0.6667 0.5927 0.4518
vn 0.5412 0.8366 -0.0847
vn 0.9566 0.2900 -0.0296
vn 0.2713 0.9505 -0.1516
vn 0.5520 0.6633 0.5052
vn 0.9756 0.2191 0.0143
vn 0.9849 0.1708 0.0292
vn 0.9810 0.1872 0.0508
vn 0.4814 0.8556 -0.1904
vn 0.9471 0.2566 0.1928
vn 0.9022 0.3938 0.1760
vn 0.7259 0.5444 0.4205
vn 0.5544 0.8158 -0.1644
vn 0.2155 0.9255 0.3116
vn 0.6310 0.6317 0.4504
vn 0.9046 0.3298 0.2701
vn 0.6038 0.6452 0.4681
vn 0.7826 0.6109 -0.1194
vn 0.8318 0.5443 -0.1089
vn 0.9431 0.3263 -0.0636
vn 0.3292 0.9232 -0.1982
vn 0.2070 0.9529 0.2215
vn 0.7227 0.6505 -0.2336
vn 0.6784 0.7178 -0.1568
vn 0.6649 0.6982 -0.2656
vn 0.3830 0.9008 -0.2047
vn 0.9737 0.2257 -0.0328
vn 0.9799 0.1977 -0.0268
vn 0.0297 0.7275 0.6855
vn 0.8109 0.5586 -0.1744
vn 0.8575 0.4929 -0.1474
vn 0.8624 0.4981 -0.0903
vn 0.8588 0.4682 0.2082
vn 0.3790 0.8666 -0.3245
vn 0.9596 0.2257 0.1678
vn 0.8817 0.4410 -0.1678
vn 0.9085 0.3866 -0.1586
vn 0.4318 0.8573 -0.2802
vn 0.8877 0.4284 0.1687
vn 0.9844 0.1759 -0.0031
vn 0.9553 0.2816 -0.0899
vn 0.5593 0.6891 0.4608
vn 0.4757 0.8370 -0.2703
vn 0.9223 0.3090 0.2323
vn 0.9322 0.3331 -0.1414
vn 0.9908 0.1352 0.0061
vn 0.9685 0.2417 -0.0602
vn 0.7997 0.5509 -0.2386
vn 0.7683 0.5988 -0.2264
vn 0.7747 0.5601 -0.2934
vn 0.7195 0.6081 -0.3353
vn 0.9790 0.1935 -0.0635
vn 0.8601 0.4341 -0.2681
vn 0.8450 0.4873 -0.2202
vn 0.8198 0.4894 -0.2974
vn 0.9192 0.3370 -0.2038
vn 0.5463 0.8001 -0.2480
vn 0.5184 0.7749 -0.3616
vn 0.5929 0.7432 -0.3099
vn 0.4985 0.7028 0.5074
vn 0.5622 0.7173 -0.4116
vn 0.6741 0.6530 -0.3452
vn 0.6212 0.6840 -0.3825
vn 0.8897 0.3895 -0.2381
vn 0.9848 0.1654 -0.0528
vn 0.9667 0.2332 -0.1057
vn 0.9889 0.1472 -0.0216
vn 0.9438 0.2793 -0.1767
vn 0.1319 0.9714 0.1973
vn 0.8269 0.4335 0.3581
vn 0.4920 0.7354 0.4660
vn 0.6538 0.6205 -0.4330
vn 0.8602 0.4050 0.3098
vn 0.1621 0.9732 0.1630
vn 0.7494 0.5379 -0.3862
vn 0.9201 0.2953 -0.2574
vn 0.8735 0.3772 -0.3076
vn 0.9947 0.1024 0.0080
vn 0.7913 0.4790 -0.3799
vn 0.9940 0.1077 -0.0213
vn 0.9637 0.2192 -0.1525
vn 0.9766 0.1834 -0.1126
vn 0.8523 0.5097 0.1169
vn 0.6946 0.5589 -0.4528
vn 0.9830 0.1392 -0.1200
vn 0.9475 0.2324 -0.2195
vn 0.9317 0.2864 -0.2234
vn 0.7306 0.5112 -0.4527
vn 0.9911 0.1210 -0.0559
vn 0.8489 0.3649 -0.3823
vn 0.8400 0.4213 -0.3420
vn 0.8090 0.4292 -0.4017
vn 0.9606 0.1951 -0.1977
vn 0.9728 0.1678 -0.1594
vn 0.7897 0.4283 -0.4392
vn 0.8878 0.3700 0.2737
vn 0.9170 0.3722 0.1434
vn 0.7891 0.4699 0.3955
vn 0.5108 0.7440 0.4308
vn 0.1686 0.9760 0.1380
vn 0.8351 0.3499 -0.4244
vn 0.9976 0.0682 -0.0144
vn 0.9388 0.2107 -0.2727
vn 0.9514 0.1715 -0.2558
vn 0.9183 0.2434 -0.3124
vn 0.9656 0.1462 -0.2148
vn 0.9499 0.3061 0.0641
vn 0.9770 0.1326 -0.1668
vn 0.8632 0.3042 -0.4029
vn 0.8324 0.5468 0.0902
vn 0.8851 0.2415 -0.3979
vn 0.9123 0.3867 0.1347
vn 0.9982 0.0515 -0.0313
vn 0.9476 0.1498 -0.2821
vn 0.9169 0.3321 0.2215
vn 0.8874 0.4424 0.1299
vn 0.8935 0.4428 0.0744
vn 0.9244 0.3723 0.0828
vn 0.9497 0.1139 -0.2916
vn 0.9830 0.0506 -0.1765
vn 0.9909 0.0402 -0.1286
vn 0.9620 0.0876 -0.2587
vn 0.9717 0.0796 -0.2226
vn 0.8210 0.4587 0.3399
vn 0.9772 0.0598 -0.2036
vn 0.9897 0.0326 -0.1395
vn 0.9830 0.0408 -0.1791
vn 0.9136 0.4054 0.0300
vn 0.8500 0.4718 0.2343
vn 0.5353 0.8445 -0.0150
vn 0.5105 0.8596 0.0234
vn 0.3439 0.8443 0.4109
vn 0.2244 0.8487 0.4790
vn 0.8570 0.4254 0.2909
vn 0.2626 0.8355 0.4828
vn 0.3932 0.9193 0.0154
vn 0.7692 0.5136 0.3802
vn 0.2425 0.8610 0.4470
vn 0.4515 0.8917 0.0301
vn 0.2597 0.8801 0.3976
vn 0.2919 0.8898 0.3508
vn 0.2336 0.9094 0.3441
vn 0.1178 0.9087 0.4004
vn 0.8138 0.4817 0.3252
vn 0.0901 0.9284 0.3604
vn 0.0707 0.9497 0.3050
vn 0.0253 0.7031 0.7106
vn 0.6121 0.7581 -0.2252
vn 0.7428 0.6538 -0.1446
vn 0.9350 0.1521 -0.3204
vn 0.0508 0.3398 -0.9391
vn 0.0408 0.4341 -0.8999
vn 0.1023 0.3485 -0.9317
vn 0.0718 0.2361 -0.9691
vn 0.0819 0.4530 -0.8878
vn 0.2209 0.4197 -0.8804
vn 0.1746 0.5491 -0.8173
vn 0.1646 0.4722 -0.8660
vn 0.1768 0.6954 -0.6965
vn 0.1874 0.6238 -0.7588
vn 0.2164 0.6354 -0.7413
vn 0.1909 0.9662 -0.1730
vn 0.2458 0.9495 -0.1952
vn 0.2378 0.9274 -0.2886
vn 0.2535 0.8901 -0.3789
vn 0.2838 0.8712 -0.4005
vn 0.2622 0.5334 -0.8042
vn 0.0487 0.2824 -0.9581
vn 0.2836 0.7040 -0.6511
vn 0.2635 0.7811 -0.5661
vn 0.2085 0.8028 -0.5587
vn 0.2369 0.4961 -0.8353
vn 0.2651 0.9233 -0.2779
vn 0.2852 0.6182 -0.7324
vn 0.2333 0.6915 -0.6837
vn 0.2452 0.7265 -0.6419
vn 0.1210 0.5280 -0.8406
vn 0.1598 0.3859 -0.9086
vn 0.1473 0.2902 -0.9456
vn 0.1122 0.4387 -0.8916
vn 0.2510 0.8576 -0.4489
vn 0.3224 0.8113 -0.4877
vn 0.3241 0.6717 -0.6662
vn 0.3206 0.7609 -0.5641
vn 0.1946 0.3125 -0.9297
vn 0.1169 0.2324 -0.9656
vn 0.3155 0.8757 -0.3655
vn 0.2873 0.9320 -0.2208
vn 0.3391 0.8798 -0.3332
vn 0.2667 0.4264 -0.8643
vn 0.3392 0.7194 -0.6062
vn 0.0727 0.1341 -0.9883
vn 0.1645 0.2004 -0.9658
vn 0.3652 0.5607 -0.7432
vn 0.2426 0.3276 -0.9131
vn 0.2455 0.2501 -0.9366
vn 0.1507 0.1075 -0.9827
vn 0.1114 0.1019 -0.9885
vn 0.3029 0.4970 -0.8132
vn 0.2034 0.1057 -0.9734
vn 0.3786 0.7957 -0.4728
vn 0.2899 0.2789 -0.9155
vn 0.3307 0.9070 -0.2609
vn 0.3101 0.3625 -0.8789
vn 0.4249 0.6930 -0.5823
vn 0.3773 0.7138 -0.5900
vn 0.4279 0.5941 -0.6811
vn 0.2012 0.0361 -0.9789
vn 0.1948 0.0544 -0.9793
vn 0.3768 0.8369 -0.3970
vn 0.4268 0.7370 -0.5240
vn 0.3431 0.2503 -0.9053
vn 0.4888 0.6151 -0.6187
vn 0.4790 0.5537 -0.6811
vn 0.0860 0.0575 -0.9946
vn 0.3628 0.3565 -0.8610
vn 0.2343 0.1832 -0.9548
vn 0.2513 0.0451 -0.9668
vn 0.4211 0.7882 -0.4488
vn 0.3479 0.4650 -0.8141
vn 0.1358 0.0516 -0.9894
vn 0.0741 0.0387 -0.9965
vn 0.3853 0.2604 -0.8853
vn 0.3790 0.6307 -0.6772
vn 0.4303 0.7434 -0.5120
vn 0.2634 0.0846 -0.9610
vn 0.4099 0.1721 -0.8957
vn 0.3029 0.0387 -0.9522
vn 0.4687 0.6287 -0.6205
vn 0.4195 0.2953 -0.8584
vn 0.4533 0.6893 -0.5651
vn 0.3084 0.0848 -0.9475
vn 0.4598 0.8094 -0.3654
vn 0.4808 0.7356 -0.4773
vn 0.4591 0.4890 -0.7417
vn 0.4061 0.4275 -0.8077
vn 0.3355 0.0166 -0.9419
vn 0.3639 0.0801 -0.9280
vn 0.5205 0.5512 -0.6521
vn 0.3511 0.0384 -0.9355
vn 0.3073 0.1687 -0.9365
vn 0.3865 0.3661 -0.8465
vn 0.4608 0.1928 -0.8663
vn 0.4566 0.2824 -0.8437
vn 0.4011 0.0360 -0.9153
vn 0.4961 0.6589 -0.5655
vn 0.4847 0.1977 -0.8521
vn 0.4984 0.2920 -0.8163
vn 0.5534 0.6847 -0.4744
vn 0.4075 0.0748 -0.9101
vn 0.4495 0.3922 -0.8026
vn 0.4287 0.0469 -0.9022
vn 0.4470 0.0251 -0.8942
vn 0.4531 0.1159 -0.8839
vn 0.5754 0.5021 -0.6456
vn 0.5645 0.6086 -0.5576
vn 0.5279 0.2223 -0.8197
vn 0.3675 0.1523 -0.9175
vn 0.5026 0.1269 -0.8551
vn 0.4716 0.0475 -0.8805
vn 0.5599 0.4151 -0.7171
vn 0.5448 0.1668 -0.8218
vn 0.4920 0.0276 -0.8702
vn 0.6098 0.6387 -0.4692
vn 0.5008 0.0651 -0.8631
vn 0.4766 0.4054 -0.7801
vn 0.5569 0.2526 -0.7912
vn 0.5196 0.4136 -0.7476
vn 0.6185 0.5596 -0.5516
vn 0.5735 0.2071 -0.7926
vn 0.5395 0.0246 -0.8416
vn 0.5375 0.0472 -0.8420
vn 0.6213 0.4012 -0.6731
vn 0.6246 0.4610 -0.6304
vn 0.5975 0.1486 -0.7880
vn 0.6581 0.4481 -0.6051
vn 0.5163 0.3332 -0.7889
vn 0.5148 0.4922 -0.7020
vn 0.6716 0.5272 -0.5206
vn 0.6310 0.1823 -0.7540
vn 0.5778 0.0448 -0.8150
vn 0.5697 0.0825 -0.8177
vn 0.6826 0.4186 -0.5990
vn 0.7276 0.4620 -0.5070
vn 0.6344 0.0997 -0.7665
vn 0.0157 0.9959 -0.0893
vn 0.6180 0.0440 -0.7850
vn 0.6425 0.2495 -0.7246
vn 0.6676 0.1745 -0.7238
vn 0.6765 0.1044 -0.7290
vn 0.0376 0.9812 -0.1895
vn 0.7780 0.3984 -0.4858
vn 0.6551 0.0584 -0.7533
vn 0.5495 0.3240 -0.7701
vn 0.6759 0.0222 -0.7366
vn 0.7051 0.1587 -0.6911
vn 0.7746 0.2666 -0.5735
vn 0.7679 0.3535 -0.5343
vn 0.7242 0.3904 -0.5684
vn 0.7193 0.1092 -0.6861
vn 0.8226 0.3263 -0.4657
vn 0.6829 0.0466 -0.7291
vn 0.7410 0.1354 -0.6577
vn 0.8072 0.3012 -0.5077
vn 0.8020 0.2286 -0.5518
vn 0.7258 0.0356 -0.6869
vn 0.7041 0.0558 -0.7079
vn 0.7418 0.0690 -0.6670
vn 0.8604 0.2541 -0.4418
vn 0.8327 0.2540 -0.4921
vn 0.7730 0.0691 -0.6306
vn 0.7761 0.1349 -0.6160
vn 0.8284 0.1896 -0.5271
vn 0.9568 0.0519 -0.2861
vn 0.9619 0.0327 -0.2715
vn 0.9491 0.0119 -0.3147
vn 0.9423 0.0269 -0.3336
vn 0.9299 0.0133 -0.3674
vn 0.9889 0.0208 -0.1473
vn 0.9725 0.0333 -0.2304
vn 0.9599 0.0106 -0.2800
vn 0.9771 0.0190 -0.2120
vn 0.9650 0.0057 -0.2621
vn 0.9815 0.0090 -0.1913
vn 0.9747 0.0001 -0.2237
vn 0.9964 0.0011 -0.0843
vn 0.9988 -0.0006 -0.0481
vn 0.9928 0.0047 -0.1195
vn 0.9928 0.0013 -0.1195
vn 0.0351 0.9971 -0.0682
vn 0.0182 0.9998 0.0039
vn 0.0320 0.9923 -0.1196
vn 0.0317 0.9995 0.0066
vn 0.0311 0.9590 -0.2816
vn 0.0586 0.9935 -0.0975
vn 0.0546 0.9838 -0.1707
vn 0.0554 0.9587 -0.2791
vn 0.6139 0.3367 -0.7139
vn 0.0685 0.9203 -0.3853
vn 0.5939 0.2930 -0.7493
vn 0.0875 0.9897 -0.1133
vn 0.0719 0.9577 -0.2788
vn 0.0933 0.8623 -0.4977
vn 0.0954 0.8882 -0.4495
vn 0.1011 0.9116 -0.3985
vn 0.1162 0.8366 -0.5353
vn 0.1293 0.9815 -0.1414
vn 0.1130 0.9708 -0.2117
vn 0.0882 0.9501 -0.2991
vn 0.1323 0.9036 -0.4075
vn 0.6773 0.2973 -0.6729
vn 0.0923 0.7933 -0.6018
vn 0.1076 0.7113 -0.6946
vn 0.0572 0.8481 -0.5267
vn 0.6745 0.3546 -0.6475
vn 0.1338 0.7357 -0.6640
vn 0.1739 0.8826 -0.4368
vn 0.1656 0.9270 -0.3365
vn 0.1171 0.9451 -0.3050
vn 0.1542 0.9785 -0.1371
vn 0.0893 0.6237 -0.7765
vn 0.0757 0.6882 -0.7216
vn 0.1301 0.6216 -0.7725
vn 0.1507 0.6607 -0.7354
vn 0.2000 0.8735 -0.4438
vn 0.1790 0.7902 -0.5862
vn 0.0862 0.5438 -0.8348
vn 0.0350 0.5920 -0.8052
vn 0.6564 0.1496 -0.7394
vn 0.2023 0.9273 -0.3150
vn 0.7124 0.3002 -0.6343
vn 0.7080 0.2219 -0.6705
vn 0.7516 0.2660 -0.6036
vn 0.0805 0.9768 -0.1982
vn 0.7430 0.2024 -0.6379
vn 0.1443 0.8447 -0.5154
vn 0.1518 0.9620 -0.2268
vn 0.7817 0.1947 -0.5925
vn 0.8016 0.1703 -0.5731
vn 0.7701 0.0331 -0.6371
vn 0.8120 0.1196 -0.5713
vn 0.8629 0.1766 -0.4735
vn 0.8416 0.1344 -0.5231
vn 0.8036 0.0633 -0.5917
vn 0.8785 0.1424 -0.4561
vn 0.8884 0.2003 -0.4132
vn 0.8465 0.1045 -0.5220
vn 0.8045 0.0276 -0.5934
vn 0.8330 0.0547 -0.5505
vn 0.8880 0.1383 -0.4385
vn 0.8333 0.0247 -0.5523
vn 0.8704 0.0849 -0.4849
vn 0.8995 0.1058 -0.4239
vn 0.8809 0.0475 -0.4710
vn 0.8577 0.0437 -0.5123
vn 0.9236 0.0996 -0.3701
vn 0.8611 0.0235 -0.5078
vn 0.9093 0.0733 -0.4096
vn 0.9450 0.1240 -0.3027
vn 0.9283 0.0707 -0.3649
vn 0.8889 0.0202 -0.4576
vn 0.8987 0.0316 -0.4375
vn 0.9449 0.0667 -0.3206
vn 0.9159 0.0268 -0.4005
vn 0.9085 0.0135 -0.4176
vn 0.9900 0.0057 -0.1409
vn 0.9852 0.0051 -0.1715
vn 0.9985 0.0013 -0.0552
vn 0.1440 0.7769 -0.6129
vn 0.9350 -0.2097 0.2860
vn 0.9570 -0.2007 0.2093
vn 0.9442 -0.1973 0.2637
vn 0.9544 -0.2074 0.2150
vn 0.4870 -0.2150 0.8465
vn 0.4975 -0.1966 0.8449
vn 0.4578 -0.2038 0.8654
vn 0.9667 -0.1621 0.1981
vn 0.9762 -0.1594 0.1470
vn 0.9729 -0.1473 0.1784
vn 0.6935 -0.1720 0.6996
vn 0.3754 -0.2032 0.9043
vn 0.4226 -0.1941 0.8853
vn 0.3662 -0.1867 0.9116
vn 0.6715 -0.2150 0.7092
vn 0.6317 -0.2155 0.7446
vn 0.9535 -0.1841 0.2388
vn 0.9648 -0.1797 0.1921
vn 0.5371 -0.2167 0.8152
vn 0.5864 -0.2151 0.7809
vn 0.5895 -0.2022 0.7821
vn 0.5392 -0.2032 0.8173
vn 0.9763 -0.2163 0.0094
vn 0.9691 -0.1922 0.1545
vn 0.1294 -0.1814 0.9748
vn 0.1796 -0.1739 0.9683
vn 0.1452 -0.1647 0.9756
vn 0.7031 -0.2205 0.6760
vn 0.9698 -0.2141 0.1166
vn 0.9758 -0.2088 0.0648
vn 0.6605 -0.1705 0.7312
vn 0.0978 -0.1663 0.9812
vn 0.8095 -0.1880 0.5563
vn 0.8390 -0.1737 0.5157
vn 0.8058 -0.1784 0.5647
vn 0.3198 -0.2044 0.9252
vn 0.3077 -0.1853 0.9333
vn 0.8364 -0.1865 0.5154
vn 0.4259 -0.2143 0.8790
vn 0.9292 -0.1961 0.3132
vn 0.0749 -0.1811 0.9806
vn 0.9651 -0.2089 0.1578
vn 0.0553 -0.1657 0.9846
vn 0.2629 -0.2020 0.9435
vn 0.1894 -0.1884 0.9637
vn 0.6330 -0.1765 0.7537
vn 0.2494 -0.1852 0.9505
vn 0.8671 -0.2002 0.4562
vn 0.8914 -0.1968 0.4082
vn 0.8925 -0.1845 0.4115
vn 0.8763 -0.1879 0.4436
vn 0.7807 -0.1880 0.5959
vn 0.7677 -0.1757 0.6162
vn 0.8602 -0.1842 0.4755
vn 0.1143 -0.1954 0.9740
vn 0.2016 -0.2033 0.9581
vn 0.5872 -0.1738 0.7905
vn 0.9433 -0.2193 0.2494
vn 0.7081 -0.1853 0.6814
vn 0.7324 -0.1686 0.6597
vn 0.3877 -0.2194 0.8953
vn 0.9132 -0.2102 0.3491
vn 0.9127 -0.1997 0.3566
vn 0.7547 -0.1906 0.6278
vn 0.8426 -0.2006 0.4998
vn 0.1490 -0.2057 0.9672
vn 0.8933 -0.2088 0.3981
vn 0.3415 -0.2224 0.9132
vn 0.6766 -0.1836 0.7131
vn 0.0574 -0.1954 0.9790
vn 0.7333 -0.1879 0.6535
vn 0.7337 -0.1764 0.6562
vn 0.8729 -0.2118 0.4396
vn 0.2391 -0.2157 0.9467
vn 0.2923 -0.2195 0.9308
vn 0.5427 -0.1721 0.8221
vn 0.8126 -0.2009 0.5471
vn 0.1358 -0.2181 0.9664
vn 0.1956 -0.2224 0.9551
vn 0.0715 -0.2155 0.9739
vn 0.4994 -0.1729 0.8490
vn 0.9898 -0.1414 0.0158
vn 0.9885 -0.1498 -0.0204
vn 0.9871 -0.1483 0.0601
vn 0.9826 -0.1455 0.1157
vn 0.5919 -0.1875 0.7839
vn 0.0329 -0.2265 0.9735
vn 0.9863 -0.1648 0.0077
vn 0.9866 -0.1592 -0.0365
vn 0.9029 -0.2191 0.3698
vn 0.4599 -0.1712 0.8713
vn 0.8448 -0.2157 0.4897
vn 0.9845 -0.1662 0.0553
vn 0.6436 -0.1917 0.7410
vn 0.9618 -0.1482 0.2304
vn 0.8156 -0.2112 0.5387
vn 0.9805 -0.1677 0.1027
vn 0.9563 -0.1672 0.2397
vn 0.9846 -0.1712 -0.0351
vn 0.7778 -0.1999 0.5958
vn 0.9472 -0.1512 0.2829
vn 0.9187 -0.1571 0.3624
vn 0.8928 -0.1593 0.4213
vn 0.9030 -0.1679 0.3954
vn 0.4257 -0.1764 0.8875
vn 0.9827 -0.1846 0.0161
vn 0.9817 -0.1799 0.0624
vn 0.9788 -0.1981 0.0528
vn 0.9156 -0.1723 0.3632
vn 0.8018 -0.1622 0.5751
vn 0.5423 -0.1867 0.8192
vn 0.9793 -0.2022 -0.0057
vn 0.7991 -0.1700 0.5767
vn 0.8330 -0.1641 0.5284
vn 0.9089 -0.1851 0.3738
vn 0.9262 -0.1797 0.3314
vn 0.7719 -0.1657 0.6138
vn 0.9822 -0.1853 -0.0292
vn 0.9327 -0.1609 0.3227
vn 0.7858 -0.2148 0.5799
vn 0.7969 -0.2212 0.5622
vn 0.3737 -0.1755 0.9108
vn 0.9739 -0.1754 0.1438
vn 0.4990 -0.1858 0.8465
vn 0.6806 -0.2026 0.7041
vn 0.7094 -0.1965 0.6769
vn 0.7550 -0.2128 0.6202
vn 0.8789 -0.2211 0.4227
vn 0.7407 -0.2017 0.6409
vn 0.3201 -0.1700 0.9320
vn 0.4587 -0.1869 0.8687
vn 0.6387 -0.2037 0.7420
vn 0.9761 -0.1904 0.1050
vn 0.8655 -0.1607 0.4745
vn 0.7162 -0.2122 0.6648
vn 0.2712 -0.1692 0.9475
vn 0.9428 -0.1690 0.2872
vn 0.8846 -0.1726 0.4333
vn 0.2241 -0.1678 0.9600
vn 0.9400 -0.1837 0.2875
vn 0.5361 -0.7568 0.3739
vn 0.8630 -0.1747 0.4741
vn 0.3000 -0.5256 -0.7961
vn 0.3474 -0.5123 -0.7854
vn 0.6797 -0.5418 -0.4944
vn 0.7013 -0.5428 -0.4621
vn 0.7152 -0.5204 -0.4665
vn 0.5482 -0.6468 -0.5302
vn 0.5960 -0.6298 -0.4981
vn 0.5975 -0.6042 -0.5272
vn 0.2585 -0.5443 -0.7980
vn 0.1501 -0.5682 -0.8091
vn 0.1940 -0.5745 -0.7952
vn 0.2065 -0.5499 -0.8093
vn 0.0950 -0.5741 -0.8133
vn 0.0582 -0.5954 -0.8013
vn 0.1139 -0.6049 -0.7882
vn 0.4303 -0.8171 -0.3837
vn 0.4691 -0.8103 -0.3512
vn 0.4878 -0.7860 -0.3798
vn 0.0551 -0.6269 -0.7771
vn 0.8635 -0.4475 -0.2326
vn 0.8747 -0.4339 -0.2161
vn 0.8828 -0.4174 -0.2153
vn 0.7402 -0.6266 -0.2437
vn 0.7774 -0.5944 -0.2060
vn 0.7668 -0.5965 -0.2372
vn 0.7536 -0.6226 -0.2109
vn 0.8513 -0.4698 -0.2337
vn 0.9156 -0.3515 -0.1951
vn 0.8919 -0.3951 -0.2199
vn 0.9113 -0.3651 -0.1905
vn 0.4355 -0.8296 -0.3494
vn 0.6398 -0.6568 -0.3990
vn 0.6307 -0.6769 -0.3795
vn 0.6775 -0.6329 -0.3747
vn 0.7789 -0.5726 -0.2558
vn 0.7928 -0.5640 -0.2308
vn 0.8146 -0.5325 -0.2299
vn 0.0447 -0.5748 -0.8171
vn 0.4963 -0.7686 -0.4036
vn 0.5337 -0.7671 -0.3561
vn 0.5271 -0.7519 -0.3959
vn 0.1883 -0.8090 -0.5568
vn 0.1837 -0.8292 -0.5279
vn 0.2562 -0.8006 -0.5416
vn 0.6723 -0.7119 -0.2030
vn 0.7159 -0.6748 -0.1795
vn 0.6997 -0.6813 -0.2149
vn 0.6248 -0.7642 -0.1601
vn 0.6418 -0.7567 -0.1241
vn 0.6652 -0.7326 -0.1442
vn 0.6047 -0.7839 -0.1407
vn 0.6109 -0.7857 -0.0978
vn 0.9295 -0.2606 -0.2609
vn 0.9286 -0.2804 -0.2431
vn 0.9439 -0.2370 -0.2299
vn 0.2238 -0.9263 -0.3032
vn 0.2811 -0.9269 -0.2486
vn 0.2615 -0.9170 -0.3012
vn 0.2430 -0.9371 -0.2506
vn 0.0779 -0.9865 -0.1444
vn 0.6438 -0.5586 -0.5230
vn 0.6286 -0.5875 -0.5096
vn 0.6653 -0.5698 -0.4825
vn 0.8480 -0.5260 -0.0658
vn 0.8374 -0.5447 -0.0442
vn 0.8624 -0.5049 -0.0369
vn 0.8213 -0.5595 -0.1113
vn 0.8560 -0.5095 -0.0878
vn 0.8046 -0.5352 -0.2571
vn 0.8315 -0.5027 -0.2366
vn 0.8460 -0.5216 -0.1107
vn 0.8073 -0.5720 -0.1449
vn 0.8322 -0.5364 -0.1406
vn 0.1304 -0.9575 -0.2574
vn 0.1570 -0.9660 -0.2054
vn 0.1739 -0.9517 -0.2528
vn 0.7976 -0.5766 -0.1770
vn 0.8284 -0.3919 -0.4003
vn 0.7938 -0.4414 -0.4184
vn 0.8116 -0.4370 -0.3878
vn 0.4137 -0.7039 -0.5774
vn 0.4107 -0.7323 -0.5432
vn 0.4508 -0.7065 -0.5456
vn 0.8054 -0.5579 -0.2000
vn 0.6462 -0.7400 -0.1865
vn 0.6898 -0.7047 -0.1661
vn 0.1198 -0.8335 -0.5394
vn 0.1413 -0.8481 -0.5106
vn 0.5267 -0.6415 -0.5578
vn 0.5011 -0.6667 -0.5517
vn 0.0631 -0.9745 -0.2154
vn 0.1261 -0.9798 -0.1553
vn 0.1062 -0.9724 -0.2079
vn 0.0646 -0.9805 -0.1858
vn 0.7483 -0.6116 -0.2570
vn 0.9475 -0.2171 -0.2348
vn 0.9533 -0.2103 -0.2167
vn 0.9429 -0.2166 -0.2530
vn 0.9307 -0.2278 -0.2862
vn 0.9347 -0.2542 -0.2486
vn 0.6182 -0.6039 -0.5031
vn 0.5648 -0.6118 -0.5538
vn 0.9052 -0.2954 -0.3055
vn 0.9129 -0.3028 -0.2738
vn 0.2433 -0.7823 -0.5733
vn 0.2843 -0.7754 -0.5638
vn 0.8899 -0.3237 -0.3213
vn 0.3934 -0.8447 -0.3629
vn 0.9035 -0.3719 -0.2132
vn 0.4557 -0.6803 -0.5741
vn 0.4869 -0.6939 -0.5305
vn 0.6639 -0.7115 -0.2302
vn 0.9654 -0.1959 -0.1723
vn 0.9608 -0.2167 -0.1729
vn 0.9710 -0.1907 -0.1443
vn 0.3160 -0.7828 -0.5360
vn 0.3299 -0.7529 -0.5695
vn 0.0745 -0.8531 -0.5164
vn 0.7132 -0.6550 -0.2495
vn 0.7268 -0.6520 -0.2159
vn 0.2773 -0.8977 -0.3425
vn 0.3414 -0.8932 -0.2926
vn 0.3273 -0.8850 -0.3310
vn 0.3022 -0.9059 -0.2966
vn 0.5718 -0.8076 -0.1443
vn 0.7951 -0.4240 -0.4335
vn 0.9790 -0.1725 -0.1084
vn 0.9766 -0.1810 -0.1161
vn 0.9832 -0.1649 -0.0790
vn 0.3706 -0.7290 -0.5755
vn 0.7388 -0.4692 -0.4837
vn 0.7300 -0.4949 -0.4713
vn 0.7668 -0.4668 -0.4405
vn 0.3689 -0.7563 -0.5403
vn 0.9219 -0.3431 -0.1801
vn 0.5794 -0.7103 -0.3997
vn 0.5600 -0.7342 -0.3839
vn 0.5935 -0.7128 -0.3737
vn 0.8316 -0.4668 -0.3009
vn 0.8157 -0.4964 -0.2969
vn 0.8489 -0.4522 -0.2735
vn 0.6953 -0.5156 -0.5007
vn 0.8229 -0.5068 -0.2569
vn 0.8608 -0.3461 -0.3731
vn 0.8495 -0.3786 -0.3674
vn 0.8769 -0.3558 -0.3233
vn 0.9667 -0.2412 -0.0855
vn 0.0784 -0.8675 -0.4911
vn 0.6117 -0.7677 -0.1909
vn 0.9861 -0.1553 -0.0598
vn 0.8446 -0.4735 -0.2499
vn 0.3083 -0.8764 -0.3700
vn 0.3672 -0.8648 -0.3424
vn 0.9203 -0.2609 -0.2914
vn 0.0845 -0.9611 -0.2631
vn 0.6139 -0.5716 -0.5444
vn 0.1966 -0.7893 -0.5817
vn 0.9510 -0.2827 -0.1251
vn 0.9589 -0.2614 -0.1103
vn 0.1898 -0.9332 -0.3052
vn 0.2095 -0.9449 -0.2516
vn 0.4613 -0.7852 -0.4132
vn 0.7596 -0.5437 -0.3570
vn 0.7831 -0.5355 -0.3161
vn 0.7917 -0.5151 -0.3284
vn 0.7619 -0.5507 -0.3410
vn 0.5189 -0.8471 -0.1145
vn 0.5326 -0.8429 -0.0765
vn 0.5581 -0.8246 -0.0919
vn 0.0605 -0.8374 -0.5432
vn 0.9344 -0.3119 -0.1720
vn 0.9303 -0.3274 -0.1653
vn 0.9413 -0.3046 -0.1457
vn 0.9575 -0.2086 -0.1993
vn 0.6844 -0.6832 -0.2547
vn 0.9523 -0.2304 -0.2000
vn 0.1227 -0.8149 -0.5665
vn 0.5471 -0.8258 -0.1366
vn 0.5855 -0.8066 -0.0815
vn 0.8676 -0.4187 -0.2684
vn 0.8746 -0.4158 -0.2495
vn 0.6864 -0.6137 -0.3901
vn 0.7087 -0.6002 -0.3708
vn 0.8870 -0.3923 -0.2434
vn 0.6307 -0.7424 -0.2258
vn 0.6598 -0.5258 -0.5369
vn 0.6022 -0.6810 -0.4166
vn 0.2896 -0.7455 -0.6003
vn 0.4879 -0.6467 -0.5863
vn 0.7178 -0.5837 -0.3795
vn 0.7314 -0.5853 -0.3500
vn 0.8092 -0.3969 -0.4332
vn 0.5719 -0.8005 -0.1789
vn 0.1553 -0.9388 -0.3074
vn 0.3327 -0.8573 -0.3929
vn 0.8819 -0.3094 -0.3556
vn 0.3691 -0.8330 -0.4122
vn 0.5760 -0.5882 -0.5677
vn 0.5340 -0.6098 -0.5856
vn 0.7187 -0.6423 -0.2664
vn 0.8085 -0.4864 -0.3311
vn 0.4935 -0.8637 -0.1023
vn 0.5336 -0.7299 -0.4272
vn 0.3221 -0.7302 -0.6025
vn 0.2323 -0.9116 -0.3390
vn 0.9227 -0.3472 -0.1677
vn 0.8493 -0.4409 -0.2903
vn 0.7655 -0.4412 -0.4684
vn 0.7417 -0.6063 -0.2868
vn 0.3750 -0.7064 -0.6003
vn 0.4091 -0.6780 -0.6107
vn 0.9759 -0.2054 -0.0735
vn 0.5973 -0.7690 -0.2279
vn 0.9745 -0.1859 -0.1257
vn 0.7007 -0.4900 -0.5186
vn 0.6508 -0.7136 -0.2594
vn 0.8374 -0.3619 -0.4097
vn 0.4243 -0.8009 -0.4225
vn 0.8895 -0.4038 -0.2140
vn 0.8922 -0.4002 -0.2094
vn 0.4434 -0.6568 -0.6100
vn 0.9335 -0.2385 -0.2676
vn 0.2494 -0.7518 -0.6104
vn 0.1495 -0.7916 -0.5925
vn 0.7807 -0.5599 -0.2776
vn 0.7584 -0.5879 -0.2815
vn 0.6133 -0.5568 -0.5602
vn 0.9493 -0.2777 -0.1472
vn 0.9024 -0.2785 -0.3290
vn 0.5596 -0.8014 -0.2111
vn 0.9099 -0.3703 -0.1869
vn 0.9091 -0.3668 -0.1973
vn 0.5687 -0.7010 -0.4303
vn 0.6835 -0.6756 -0.2765
vn 0.9797 -0.1791 -0.0905
vn 0.3955 -0.8174 -0.4188
vn 0.9694 -0.2270 -0.0933
vn 0.9239 -0.3259 -0.2004
vn 0.7985 -0.5343 -0.2772
vn 0.6500 -0.6367 -0.4148
vn 0.4975 -0.7530 -0.4307
vn 0.1152 -0.9434 -0.3111
vn 0.0642 -0.8176 -0.5722
vn 0.7126 -0.6393 -0.2890
vn 0.8609 -0.3247 -0.3917
vn 0.3309 -0.7109 -0.6206
vn 0.3315 -0.8447 -0.4203
vn 0.4982 -0.8518 -0.1620
vn 0.1892 -0.9194 -0.3447
vn 0.2052 -0.7656 -0.6098
vn 0.2620 -0.8870 -0.3803
vn 0.8942 -0.3734 -0.2470
vn 0.5177 -0.8344 -0.1888
vn 0.7792 -0.4088 -0.4751
vn 0.8970 -0.3917 -0.2049
vn 0.9825 -0.1727 -0.0690
vn 0.9199 -0.2549 -0.2980
vn 0.1062 -0.7931 -0.5998
vn 0.7367 -0.4478 -0.5067
vn 0.9088 -0.3461 -0.2330
vn 0.8177 -0.3639 -0.4461
vn 0.4563 -0.6382 -0.6201
vn 0.6164 -0.7417 -0.2646
vn 0.8241 -0.4997 -0.2668
vn 0.4781 -0.6194 -0.6227
vn 0.2223 -0.8982 -0.3792
vn 0.3693 -0.6850 -0.6280
vn 0.4479 -0.8854 -0.1246
vn 0.4613 -0.8828 -0.0883
vn 0.6425 -0.5202 -0.5627
vn 0.8773 -0.2925 -0.3806
vn 0.7690 -0.5243 -0.3657
vn 0.0726 -0.9458 -0.3165
vn 0.2903 -0.8670 -0.4049
vn 0.4664 -0.8690 -0.1652
vn 0.2735 -0.7227 -0.6348
vn 0.6780 -0.6717 -0.2986
vn 0.9647 -0.2376 -0.1136
vn 0.0665 -0.7936 -0.6048
vn 0.9994 -0.0351 -0.0001
vn 0.9995 -0.0326 -0.0012
vn 1.0000 0.0080 -0.0020
vn 0.8781 -0.3916 -0.2750
vn 0.8417 -0.3377 -0.4213
vn 0.4590 -0.7700 -0.4432
vn 0.9984 -0.0560 0.0022
vn 0.5683 -0.5675 -0.5958
vn 0.4017 -0.9058 -0.1348
vn 0.4165 -0.9044 -0.0930
vn 0.6890 -0.4797 -0.5433
vn 0.7353 -0.5564 -0.3871
vn 0.9970 -0.0775 0.0006
vn 0.6431 -0.7101 -0.2867
vn 0.5481 -0.7996 -0.2453
vn 0.9992 -0.0385 -0.0123
vn 0.1464 -0.9253 -0.3497
vn 0.5843 -0.7656 -0.2689
vn 0.6078 -0.5383 -0.5838
vn 0.9961 -0.0871 -0.0139
vn 0.7503 -0.5875 -0.3032
vn 0.6850 -0.6013 -0.4114
vn 0.1627 -0.7599 -0.6293
vn 0.2113 -0.7387 -0.6400
vn 0.6137 -0.6579 -0.4365
vn 0.8292 -0.4572 -0.3217
vn 0.9975 -0.0655 -0.0260
vn 0.1805 -0.9058 -0.3834
vn 0.4250 -0.8909 -0.1601
vn 0.9842 -0.1765 -0.0134
vn 0.9880 -0.1547 -0.0013
vn 0.9935 -0.1141 0.0023
vn 0.9918 -0.1243 -0.0301
vn 0.9880 -0.1523 -0.0241
vn 0.3798 -0.8129 -0.4415
vn 0.5020 -0.7335 -0.4583
vn 0.5081 -0.8293 -0.2328
vn 0.7524 -0.4161 -0.5107
vn 0.9786 -0.2055 -0.0041
vn 0.9599 -0.2052 -0.1910
vn 0.2462 -0.8785 -0.4094
vn 0.9930 -0.1079 -0.0473
vn 0.5278 -0.5793 -0.6211
vn 0.3296 -0.6829 -0.6519
vn 0.4760 -0.8578 -0.1938
vn 0.9908 -0.1165 -0.0686
vn 0.8724 -0.4307 -0.2314
vn 0.7888 -0.4964 -0.3624
vn 0.9804 -0.1939 -0.0347
vn 0.9760 -0.2176 -0.0084
vn 0.6421 -0.4972 -0.5835
vn 0.4198 -0.6250 -0.6581
vn 0.9048 -0.2612 -0.3363
vn 0.7061 -0.6351 -0.3132
vn 0.7147 -0.4427 -0.5416
vn 0.3785 -0.6523 -0.6567
vn 0.4092 -0.7826 -0.4691
vn 0.7068 -0.5752 -0.4117
vn 0.1189 -0.7631 -0.6352
vn 0.9876 -0.1459 -0.0577
vn 0.9832 -0.1725 -0.0591
vn 0.5526 -0.7873 -0.2734
vn 0.9713 -0.2348 -0.0383
vn 0.9671 -0.1967 -0.1616
vn 0.7944 -0.3658 -0.4848
vn 0.9565 -0.2529 -0.1456
vn 0.8524 -0.3190 -0.4144
vn 0.5420 -0.7047 -0.4578
vn 0.1050 -0.9292 -0.3544
vn 0.9606 -0.2750 -0.0399
vn 0.9727 -0.2320 -0.0100
vn 0.6363 -0.7049 -0.3136
vn 0.2866 -0.8529 -0.4363
vn 0.7718 -0.5597 -0.3017
vn 0.7746 -0.3945 -0.4944
vn 0.9433 -0.2822 -0.1748
vn 0.5782 -0.6774 -0.4548
vn 0.6066 -0.7383 -0.2948
vn 0.9752 -0.2115 -0.0648
vn 0.5864 -0.5277 -0.6146
vn 0.9782 -0.1908 -0.0817
vn 0.3626 -0.9213 -0.1403
vn 0.9661 -0.2581 -0.0105
vn 0.4947 -0.5963 -0.6322
vn 0.8185 -0.3336 -0.4677
vn 0.9868 -0.1321 -0.0932
vn 0.7997 -0.5255 -0.2905
vn 0.2769 -0.7023 -0.6558
vn 0.9800 -0.1754 -0.0942
vn 0.9500 -0.3105 -0.0330
vn 0.9482 -0.3170 -0.0175
vn 0.6742 -0.6653 -0.3207
vn 0.4716 -0.8500 -0.2347
vn 0.1391 -0.9117 -0.3867
vn 0.9653 -0.2524 -0.0669
vn 0.6555 -0.6161 -0.4368
vn 0.9747 -0.2070 -0.0839
vn 0.0772 -0.7636 -0.6410
vn 0.8382 -0.4356 -0.3280
vn 0.8855 -0.2711 -0.3773
vn 0.8606 -0.4095 -0.3027
vn 0.9060 -0.3773 -0.1917
vn 0.3601 -0.9271 -0.1034
vn 0.4682 -0.7468 -0.4723
vn 0.9549 -0.2881 -0.0716
vn 0.9771 -0.1811 -0.1114
vn 0.9838 -0.1680 -0.0634
vn 0.5201 -0.8071 -0.2794
vn 0.6813 -0.4514 -0.5763
vn 0.7203 -0.6149 -0.3209
vn 0.9173 -0.2417 -0.3165
vn 0.9351 -0.3510 -0.0489
vn 0.9258 -0.3774 -0.0234
vn 0.3686 -0.8019 -0.4702
vn 0.7491 -0.3971 -0.5302
vn 0.9413 -0.3307 -0.0670
vn 0.9617 -0.2606 -0.0851
vn 0.1711 -0.7356 -0.6555
vn 0.9255 -0.3416 -0.1634
vn 0.2275 -0.7076 -0.6690
vn 0.4088 -0.8899 -0.2025
vn 0.4033 -0.8829 -0.2404
vn 0.0645 -0.9313 -0.3585
vn 0.5334 -0.5584 -0.6354
vn 0.9731 -0.2068 -0.1012
vn 0.9690 -0.2232 -0.1055
vn 0.4522 -0.5993 -0.6606
vn 0.9205 -0.3876 -0.0487
vn 0.5750 -0.7620 -0.2980
vn 0.9368 -0.3379 -0.0907
vn 0.1965 -0.8894 -0.4127
vn 0.3239 -0.8248 -0.4634
vn 0.3241 -0.9355 -0.1411
vn 0.4368 -0.8665 -0.2417
vn 0.2511 -0.8626 -0.4392
vn 0.6501 -0.4720 -0.5955
vn 0.9657 -0.2265 -0.1272
vn 0.6779 -0.5920 -0.4358
vn 0.9547 -0.2719 -0.1206
vn 0.2976 -0.6734 -0.6767
vn 0.9053 -0.4236 -0.0317
vn 0.9455 -0.3116 -0.0942
vn 0.9233 -0.3740 -0.0871
vn 0.3373 -0.6500 -0.6810
vn 0.6009 -0.7312 -0.3229
vn 0.9334 -0.2960 -0.2029
vn 0.7654 -0.5121 -0.3897
vn 0.8951 -0.3580 -0.2659
vn 0.7733 -0.3698 -0.5150
vn 0.9595 -0.2522 -0.1252
vn 0.8394 -0.4769 -0.2608
vn 0.3109 -0.9444 -0.1071
vn 0.4888 -0.5750 -0.6561
vn 0.0945 -0.9123 -0.3985
vn 0.9102 -0.4060 -0.0818
vn 0.1345 -0.7289 -0.6713
vn 0.9437 -0.3040 -0.1302
vn 0.9685 -0.2172 -0.1217
vn 0.8974 -0.4354 -0.0712
vn 0.9663 -0.2159 -0.1402
vn 0.4888 -0.8263 -0.2798
vn 0.6271 -0.6323 -0.4549
vn 0.9363 -0.3284 -0.1245
vn 0.1795 -0.7111 -0.6798
vn 0.4393 -0.7578 -0.4825
vn 0.7119 -0.4152 -0.5664
vn 0.8071 -0.4657 -0.3631
vn 0.8851 -0.4642 -0.0349
vn 0.8791 -0.4721 -0.0647
vn 0.6924 -0.6412 -0.3308
vn 0.5361 -0.5339 -0.6539
vn 0.3523 -0.9160 -0.1918
vn 0.7286 -0.5448 -0.4151
vn 0.2813 -0.9483 -0.1472
vn 0.2542 -0.6857 -0.6821
vn 0.3780 -0.9027 -0.2054
vn 0.1996 -0.8739 -0.4433
vn 0.9412 -0.3082 -0.1382
vn 0.9193 -0.3717 -0.1298
vn 0.6140 -0.4844 -0.6232
vn 0.1567 -0.8963 -0.4149
vn 0.8596 -0.4458 -0.2498
vn 0.8994 -0.4218 -0.1149
vn 0.5400 -0.7794 -0.3177
vn 0.8641 -0.2921 -0.4099
vn 0.0865 -0.7408 -0.6661
vn 0.8854 -0.4526 -0.1060
vn 0.8371 -0.3076 -0.4525
vn 0.9784 -0.1929 -0.0740
vn 0.9021 -0.4112 -0.1308
vn 0.2756 -0.8363 -0.4739
vn 0.9873 -0.1492 -0.0547
vn 0.9390 -0.3067 -0.1557
vn 0.5109 -0.7092 -0.4858
vn 0.5710 -0.7535 -0.3258
vn 0.9019 -0.2500 -0.3522
vn 0.9315 -0.3344 -0.1427
vn 0.7923 -0.5296 -0.3029
vn 0.9162 -0.3163 -0.2462
vn 0.9419 -0.2931 -0.1641
vn 0.6315 -0.6978 -0.3381
vn 0.0621 -0.9181 -0.3916
vn 0.9491 -0.2701 -0.1622
vn 0.9540 -0.2528 -0.1610
vn 0.4066 -0.5962 -0.6923
vn 0.8693 -0.4835 -0.1023
vn 0.9470 -0.2611 -0.1870
vn 0.3702 -0.6203 -0.6915
vn 0.5423 -0.6853 -0.4861
vn 0.9720 -0.1968 -0.1282
vn 0.8339 -0.4805 -0.2715
vn 0.7247 -0.3931 -0.5660
vn 0.4559 -0.8443 -0.2816
vn 0.5919 -0.6487 -0.4783
vn 0.4376 -0.5712 -0.6945
vn 0.2521 -0.6613 -0.7065
vn 0.7434 -0.3721 -0.5557
vn 0.2890 -0.6422 -0.7099
vn 0.7864 -0.3476 -0.5107
vn 0.5763 -0.4958 -0.6496
vn 0.6593 -0.6687 -0.3436
vn 0.9246 -0.3422 -0.1674
vn 0.3135 -0.9305 -0.1893
vn 0.5102 -0.8021 -0.3103
vn 0.7430 -0.5828 -0.3290
vn 0.2497 -0.9573 -0.1457
vn 0.2656 -0.9587 -0.1023
vn 0.9104 -0.3778 -0.1686
vn 0.8944 -0.4189 -0.1568
vn 0.1413 -0.8803 -0.4529
vn 0.0961 -0.7178 -0.6896
vn 0.8754 -0.4621 -0.1423
vn 0.8198 -0.5685 -0.0683
vn 0.9664 -0.2163 -0.1388
vn 0.9732 -0.1963 -0.1196
vn 0.2026 -0.6748 -0.7096
vn 0.9007 -0.4008 -0.1674
vn 0.8123 -0.5815 -0.0449
vn 0.3606 -0.9005 -0.2432
vn 0.8792 -0.3726 -0.2968
vn 0.6616 -0.4341 -0.6115
vn 0.3305 -0.6236 -0.7085
vn 0.9602 -0.2286 -0.1606
vn 0.4771 -0.5413 -0.6924
vn 0.1017 -0.8956 -0.4330
vn 0.2321 -0.8520 -0.4692
vn 0.1528 -0.6975 -0.7001
vn 0.5431 -0.5055 -0.6704
vn 0.4792 -0.7207 -0.5009
vn 0.8542 -0.5000 -0.1426
vn 0.9787 -0.1805 -0.0981
vn 0.7446 -0.5205 -0.4180
vn 0.7644 -0.3528 -0.5397
vn 0.7828 -0.4777 -0.3986
vn 0.7926 -0.6049 -0.0761
vn 0.8871 -0.2605 -0.3811
vn 0.4202 -0.8604 -0.2884
vn 0.7868 -0.6150 -0.0519
vn 0.9390 -0.2227 -0.2622
vn 0.8761 -0.4530 -0.1650
vn 0.8371 -0.4178 -0.3532
vn 0.9211 -0.3409 -0.1880
vn 0.3594 -0.7843 -0.5057
vn 0.9310 -0.2866 -0.2262
vn 0.2709 -0.9432 -0.1924
vn 0.0576 -0.7207 -0.6909
vn 0.7918 -0.6036 -0.0939
vn 0.7942 -0.5975 -0.1109
vn 0.5948 -0.7240 -0.3495
vn 0.6944 -0.3950 -0.6015
vn 0.1106 -0.6978 -0.7077
vn 0.8591 -0.3913 -0.3300
vn 0.6871 -0.5686 -0.4523
vn 0.4750 -0.8208 -0.3172
vn 0.5655 -0.6574 -0.4980
vn 0.2194 -0.9682 -0.1202
vn 0.8645 -0.2761 -0.4200
vn 0.9122 -0.3627 -0.1905
vn 0.6102 -0.4576 -0.6468
vn 0.8028 -0.3172 -0.5049
vn 0.4015 -0.7599 -0.5113
vn 0.5054 -0.5153 -0.6922
vn 0.6442 -0.6023 -0.4715
vn 0.9247 -0.2330 -0.3011
vn 0.6682 -0.6549 -0.3530
vn 0.8784 -0.4422 -0.1813
vn 0.9312 -0.3150 -0.1835
vn 0.3532 -0.6013 -0.7167
vn 0.8548 -0.4879 -0.1767
vn 0.7650 -0.6410 -0.0622
vn 0.3199 -0.9150 -0.2460
vn 0.5025 -0.7927 -0.3450
vn 0.9005 -0.3902 -0.1919
vn 0.3189 -0.8054 -0.4997
vn 0.9119 -0.2427 -0.3310
vn 0.7881 -0.6011 -0.1326
vn 0.8256 -0.5389 -0.1675
vn 0.5660 -0.7437 -0.3556
vn 0.1741 -0.8638 -0.4729
vn 0.8983 -0.3348 -0.2845
vn 0.8411 -0.5127 -0.1723
vn 0.6221 -0.6940 -0.3625
vn 0.7673 -0.6324 -0.1066
vn 0.6960 -0.6284 -0.3474
vn 0.7142 -0.6114 -0.3408
vn 0.4436 -0.7334 -0.5150
vn 0.1685 -0.9741 -0.1507
vn 0.1754 -0.9784 -0.1098
vn 0.1629 -0.6661 -0.7278
vn 0.3819 -0.8771 -0.2913
vn 0.9547 -0.2353 -0.1822
vn 0.2334 -0.6372 -0.7345
vn 0.0664 -0.6981 -0.7129
vn 0.8250 -0.4405 -0.3542
vn 0.0634 -0.9007 -0.4298
vn 0.3755 -0.5715 -0.7296
vn 0.8517 -0.4865 -0.1948
vn 0.3084 -0.6091 -0.7307
vn 0.7430 -0.6610 -0.1047
vn 0.2793 -0.8151 -0.5075
vn 0.8845 -0.4220 -0.1990
vn 0.9581 -0.2133 -0.1912
vn 0.9731 -0.2072 -0.1009
vn 0.5689 -0.4712 -0.6741
vn 0.6114 -0.4337 -0.6619
vn 0.6602 -0.4160 -0.6253
vn 0.8350 -0.2913 -0.4668
vn 0.7571 -0.4958 -0.4255
vn 0.4270 -0.8453 -0.3211
vn 0.1250 -0.6703 -0.7315
vn 0.2090 -0.8398 -0.5011
vn 0.1950 -0.9652 -0.1739
vn 0.2617 -0.6155 -0.7434
vn 0.7077 -0.3719 -0.6006
vn 0.8281 -0.5242 -0.1988
vn 0.2148 -0.9549 -0.2052
vn 0.8624 -0.4592 -0.2129
vn 0.9767 -0.2090 -0.0491
vn 0.7176 -0.6891 -0.1006
vn 0.7350 -0.6754 -0.0595
vn 0.9658 -0.2060 -0.1578
vn 0.7552 -0.6385 -0.1485
vn 0.7775 -0.3252 -0.5383
vn 0.7718 -0.6132 -0.1686
vn 0.7429 -0.3486 -0.5715
vn 0.4699 -0.5087 -0.7214
vn 0.6312 -0.4098 -0.6586
vn 0.4200 -0.5347 -0.7333
vn 0.5236 -0.4820 -0.7025
vn 0.1854 -0.6393 -0.7463
vn 0.1347 -0.9748 -0.1778
vn 0.2332 -0.8232 -0.5176
vn 0.0782 -0.6715 -0.7369
vn 0.9148 -0.3514 -0.1990
vn 0.5227 -0.6723 -0.5241
vn 0.6745 -0.3851 -0.6298
vn 0.7293 -0.6685 -0.1455
vn 0.9421 -0.2563 -0.2161
vn 0.3089 -0.5824 -0.7519
vn 0.7014 -0.7000 -0.1346
vn 0.0933 -0.8793 -0.4671
vn 0.8398 -0.4965 -0.2195
vn 0.5498 -0.4483 -0.7048
vn 0.1428 -0.6400 -0.7550
vn 0.6865 -0.7205 -0.0977
vn 0.7057 -0.7061 -0.0581
vn 0.0576 -0.8832 -0.4654
vn 0.3786 -0.5491 -0.7451
vn 0.7845 -0.4664 -0.4087
vn 0.9497 -0.2196 -0.2235
vn 0.1244 -0.8645 -0.4871
vn 0.2110 -0.6154 -0.7594
vn 0.4977 -0.4764 -0.7248
vn 0.6573 -0.7483 -0.0895
vn 0.6757 -0.7347 -0.0612
vn 0.5854 -0.4231 -0.6916
vn 0.7402 -0.6469 -0.1836
vn 0.3142 -0.5604 -0.7663
vn 0.0523 -0.6567 -0.7523
vn 0.0952 -0.6419 -0.7609
vn 0.2393 -0.5907 -0.7706
vn 0.0940 -0.9886 -0.1173
vn 0.6487 -0.7579 -0.0692
vn 0.9682 -0.2144 -0.1290
vn 0.4510 -0.4870 -0.7480
vn 0.1706 -0.6047 -0.7780
vn 0.3686 -0.5190 -0.7712
vn 0.4083 -0.5051 -0.7604
vn 0.3173 -0.5424 -0.7779
vn 0.0444 -0.9912 -0.1243
vn 0.2463 -0.5662 -0.7866
vn 0.6214 -0.7809 -0.0639
vn 0.9984 0.0565 -0.0003
vn 0.9945 0.1046 -0.0002
vn 0.9883 0.1525 -0.0005
vn 0.9791 0.2032 -0.0006
vn 0.9666 0.2563 -0.0002
vn 0.9522 0.3056 -0.0009
vn 0.9354 0.3536 -0.0003
vn 0.9154 0.4027 -0.0007
vn 0.8931 0.4499 0.0012
vn 0.8707 0.4918 0.0014
vn 0.8474 0.5309 0.0015
vn 0.8070 0.5906 0.0014
vn 0.7837 0.6212 0.0013
vn 0.5284 -0.8478 -0.0445
vn 0.5756 -0.8163 -0.0488
vn 0.5365 -0.8417 -0.0600
vn 0.9964 -0.0849 -0.0001
vn 0.9984 -0.0568 -0.0001
vn 0.9867 0.1628 -0.0001
vn 0.9778 0.2098 0.0002
vn 0.4271 -0.9011 -0.0754
vn 0.3733 -0.9255 -0.0637
vn 0.4322 -0.8997 -0.0613
vn 0.6213 0.7836 0.0004
vn 0.9620 -0.2729 -0.0048
vn 0.9705 -0.2411 0.0013
vn 0.2995 -0.9499 -0.0898
vn 0.9764 -0.2159 -0.0000
vn 0.3668 -0.9264 -0.0849
vn 0.9732 -0.2295 -0.0140
vn 0.9722 -0.2342 -0.0033
vn 0.9600 -0.2801 -0.0057
vn 0.4791 -0.8763 -0.0499
vn 0.4968 -0.8655 -0.0636
vn 0.7238 -0.6891 -0.0358
vn 0.7027 -0.7103 -0.0413
vn 0.6834 -0.7292 -0.0341
vn 0.2388 -0.9670 -0.0892
vn 0.8650 -0.5014 -0.0207
vn 0.8390 -0.5436 -0.0241
vn 0.8525 -0.5223 -0.0202
vn 0.9578 -0.2875 -0.0045
vn 0.8725 -0.4884 -0.0165
vn 0.6479 -0.7606 -0.0418
vn 0.6677 -0.7432 -0.0433
vn 0.6217 -0.7816 -0.0504
vn 0.8012 -0.5981 -0.0194
vn 0.8195 -0.5728 -0.0151
vn 0.8264 -0.5628 -0.0196
vn 0.6510 0.7591 0.0002
vn 0.9050 -0.4254 -0.0066
vn 0.8869 -0.4618 -0.0102
vn 0.8849 -0.4658 -0.0097
vn 0.9065 -0.4221 -0.0094
vn 0.9446 -0.3281 -0.0043
vn 0.9428 -0.3332 -0.0061
vn 0.3224 -0.9436 -0.0758
vn 0.9319 -0.3627 -0.0048
vn 0.9241 -0.3821 -0.0064
vn 0.9175 -0.3977 -0.0059
vn 0.2069 -0.9742 -0.0906
vn 0.6725 0.7401 0.0001
vn 0.6944 -0.7194 -0.0185
vn 0.6869 -0.7266 -0.0116
vn 0.7132 -0.7008 -0.0141
vn 0.6625 -0.7489 -0.0138
vn 0.6054 -0.7958 -0.0151
vn 0.6151 -0.7881 -0.0240
vn 0.5884 -0.8081 -0.0269
vn 0.1703 -0.9818 -0.0842
vn 0.4154 -0.9084 -0.0482
vn 0.6966 0.7175 -0.0000
vn 0.5571 -0.8297 -0.0348
vn 0.3356 -0.9417 -0.0258
vn 0.2912 -0.9562 -0.0305
vn 0.3048 -0.9523 -0.0150
vn 0.2785 -0.9574 -0.0769
vn 0.7796 -0.6260 -0.0188
vn 0.7478 -0.6633 -0.0289
vn 0.7570 -0.6532 -0.0177
vn 0.7989 -0.6012 -0.0141
vn 0.7190 0.6950 0.0003
vn 0.5109 -0.8588 -0.0390
vn 0.1179 -0.9883 -0.0964
vn 0.7272 -0.6861 -0.0210
vn 0.7423 0.6701 0.0002
vn 0.8081 -0.5890 -0.0092
vn 0.8084 -0.5885 -0.0117
vn 0.7859 -0.6182 -0.0107
vn 0.7150 -0.6986 -0.0257
vn 0.6952 -0.7183 -0.0248
vn 0.0687 -0.9934 -0.0924
vn 0.6437 -0.7647 -0.0309
vn 0.6046 -0.7959 -0.0311
vn 0.7694 0.6388 0.0005
vn 0.2293 -0.9709 -0.0697
vn 0.8589 -0.5121 -0.0083
vn 0.8827 -0.4698 -0.0070
vn 0.8644 -0.5026 -0.0099
vn 0.3108 -0.9490 -0.0536
vn 0.8481 -0.5297 -0.0091
vn 0.7627 -0.6466 -0.0128
vn 0.7387 -0.6739 -0.0142
vn 0.5531 -0.8328 -0.0251
vn 0.4127 -0.9102 -0.0343
vn 0.4600 -0.8872 -0.0341
vn 0.2627 -0.9631 -0.0578
vn 0.7993 0.6009 -0.0000
vn 0.8348 -0.5505 -0.0088
vn 0.3612 -0.9314 -0.0441
vn 0.9405 0.3398 0.0008
vn 0.9257 0.3781 0.0005
vn 0.9530 0.3030 0.0003
vn 0.9450 0.3269 -0.0058
vn 0.5032 -0.8638 -0.0254
vn 0.2073 -0.9782 -0.0121
vn 0.2033 -0.9787 -0.0299
vn 0.1666 -0.9858 -0.0224
vn 0.9825 -0.1862 -0.0025
vn 0.9813 -0.1924 -0.0035
vn 0.1300 -0.9913 -0.0205
vn 0.1535 -0.9881 -0.0104
vn 0.9658 0.2594 0.0007
vn 0.8289 0.5593 0.0007
vn 0.9901 -0.1400 -0.0013
vn 0.9120 -0.4100 -0.0126
vn 0.2272 0.9738 -0.0009
vn 0.2695 0.9630 0.0004
vn 0.8904 -0.4548 -0.0168
vn 0.2947 0.9556 0.0008
vn 0.3237 0.9461 0.0013
vn 0.0941 -0.9930 -0.0715
vn 0.1274 -0.9888 -0.0775
vn 0.8905 -0.4548 -0.0142
vn 0.2024 -0.9771 -0.0652
vn 0.8549 0.5189 0.0008
vn 0.1488 -0.9867 -0.0655
vn 0.2845 -0.9575 -0.0471
vn 0.3294 -0.9434 -0.0395
vn 0.4059 -0.9137 -0.0196
vn 0.3520 -0.9359 -0.0127
vn 0.3805 -0.9245 -0.0246
vn 0.8821 0.4711 0.0009
vn 0.9939 -0.1100 -0.0007
vn 0.9411 -0.3379 -0.0098
vn 0.9986 -0.0533 -0.0001
vn 0.2431 -0.9690 -0.0442
vn 0.9999 -0.0097 0.0134
vn 0.9999 0.0170 0.0021
vn 0.6375 -0.7703 -0.0179
vn 0.9295 -0.3687 -0.0102
vn 0.9091 -0.4163 -0.0112
vn 0.5708 -0.8210 -0.0133
vn 0.5334 -0.8457 -0.0145
vn 0.8126 0.5829 0.0001
vn 0.7857 -0.6178 -0.0308
vn 0.8685 0.4957 -0.0004
vn 0.7515 -0.6586 -0.0389
vn 0.9055 0.4244 -0.0000
vn 0.8877 -0.4603 -0.0125
vn 0.3709 -0.9282 -0.0312
vn 0.9274 -0.3741 -0.0079
vn 0.0414 -0.9957 -0.0831
vn 0.7557 -0.6541 -0.0333
vn 0.4856 -0.8741 -0.0105
vn 0.9963 -0.0862 -0.0009
vn 0.9995 -0.0316 -0.0008
vn 0.9997 -0.0264 -0.0009
vn 0.1285 -0.9903 -0.0535
vn 0.1885 -0.9807 -0.0523
vn 0.8015 -0.5976 -0.0232
vn 0.8154 -0.5783 -0.0263
vn 0.4598 -0.8880 -0.0122
vn 0.7249 -0.6876 -0.0410
vn 0.9905 -0.1378 -0.0019
vn 0.6928 -0.7196 -0.0472
vn 0.6596 -0.7498 -0.0519
vn 0.9991 0.0416 0.0001
vn 1.0000 0.0088 0.0001
vn 0.1408 -0.9893 -0.0379
vn 0.9338 -0.3576 -0.0086
vn 0.9967 -0.0811 -0.0005
vn 0.9993 -0.0368 0.0119
vn 1.0000 -0.0086 0.0021
vn 0.9481 -0.3179 -0.0066
vn 0.9559 -0.2935 -0.0092
vn 0.9875 -0.1577 0.0033
vn 0.9831 -0.1830 -0.0006
vn 0.2429 -0.9696 -0.0308
vn 0.7738 -0.6328 -0.0276
vn 0.9441 -0.3297 -0.0057
vn 0.0796 -0.9953 -0.0553
vn 0.0382 -0.9973 -0.0626
vn 0.9616 -0.2745 -0.0029
vn 0.2582 -0.9659 -0.0175
vn 0.9329 -0.3600 -0.0071
vn 0.4744 -0.8774 -0.0713
vn 0.4396 -0.8981 -0.0132
vn 0.6110 -0.7906 -0.0404
vn 0.8301 -0.5575 -0.0133
vn 0.0879 -0.9956 -0.0335
vn 0.6712 -0.7408 -0.0262
vn 0.0353 -0.9984 -0.0447
vn 0.9940 0.1097 -0.0000
vn 0.3710 0.9286 0.0002
vn 0.0922 -0.9956 -0.0192
vn 0.0440 -0.9986 -0.0299
vn 0.4588 0.8885 -0.0000
vn 0.4228 0.9062 0.0020
vn 0.4724 0.8814 0.0003
vn 0.9984 0.0557 0.0003
vn 0.0385 -0.9992 -0.0120
vn 0.9999 0.0150 -0.0001
vn 0.0350 0.9994 -0.0001
vn 0.1960 0.9806 -0.0001
vn 0.1305 0.9914 -0.0013
vn 0.5794 -0.8127 -0.0616
vn 0.9933 0.1155 0.0001
vn 0.9998 -0.0200 -0.0001
vn 0.9918 -0.1275 -0.0010
vn 0.5152 0.8571 0.0009
vn 0.5562 0.8311 0.0004
vn 0.0990 0.9951 -0.0000
vn 0.8474 -0.5307 -0.0179
vn 0.8671 -0.4979 -0.0141
vn 0.8311 -0.5556 -0.0245
vn 0.8417 -0.5397 -0.0130
vn 0.0175 -0.9485 0.3164
vn 0.0176 -0.9485 0.3162
vn 0.0174 -0.9485 0.3164
vn 0.0162 0.9485 0.3163
vn 0.0173 0.9486 0.3161
vn 0.0164 0.9485 0.3162
vn 0.0174 0.9486 0.3161
vn 0.0179 -0.0000 -0.9998
vn 0.0174 -0.0000 -0.9998
vn 0.0171 -0.0000 -0.9999
vn 1.0000 -0.0000 -0.0000
vn 0.0150 -0.3162 0.9486
vn 0.0172 -0.3159 0.9486
vn 0.0148 -0.3162 0.9486
vn 0.0177 -0.3158 0.9486
vn 0.0184 0.9998 -0.0000
vn 0.0179 0.9998 -0.0000
vn 0.0178 0.9998 -0.0000
vn 0.0174 0.9998 -0.0001
vn 0.0177 -0.3162 -0.9485
vn 0.0174 -0.3162 -0.9485
vn 0.0172 -0.3162 -0.9485
vn 0.0182 -0.3160 -0.9486
s 1
usemtl Part__Feature_001
f 3//1 4//2 5//3
f 6//4 68//5 7//6
f 13//7 14//8 390//9
f 13//7 390//9 15//10
f 18//11 19//12 375//13
f 21//14 22//15 23//16
f 25//17 26//18 27//19
f 31//20 32//21 33//22
f 29//23 410//24 30//25
f 34//26 35//27 36//28
f 39//29 408//30 40//31
f 42//32 75//33 430//34
f 43//35 383//36 402//37
f 92//38 47//39 48//40
f 49//41 541//42 50//43
f 51//44 52//45 12//46
f 49//41 89//47 541//42
f 54//48 405//49 55//50
f 63//51 1//52 64//53
f 66//54 11//55 428//56
f 67//57 2//58 68//5
f 69//59 8//60 14//8
f 65//61 417//62 3//1
f 71//63 74//64 3816//65
f 72//66 36//28 73//67
f 78//68 42//32 79//69
f 80//70 28//71 410//24
f 31//20 23//16 332//72
f 33//22 368//73 84//74
f 82//75 44//76 51//44
f 90//77 45//78 91//79
f 92//38 48//40 93//80
f 96//81 59//82 415//83
f 96//81 415//83 1//52
f 70//84 35//27 34//26
f 100//85 78//68 44//76
f 101//86 15//10 102//87
f 16//88 5//3 17//89
f 25//17 81//90 26//18
f 103//91 24//92 425//93
f 103//91 425//93 70//84
f 104//94 83//95 41//96
f 84//74 408//30 39//29
f 34//26 36//28 72//66
f 43//35 87//97 383//36
f 105//98 91//79 106//99
f 95//100 411//101 53//102
f 97//103 55//50 60//104
f 107//105 13//7 15//10
f 108//106 373//107 99//108
f 109//109 409//110 77//111
f 65//61 61//112 417//62
f 109//109 20//113 409//110
f 110//114 2//58 67//57
f 72//66 73//67 111//115
f 16//88 17//89 81//90
f 18//11 375//13 22//15
f 37//116 38//117 85//118
f 21//14 23//16 31//20
f 113//119 41//96 87//97
f 39//29 40//31 86//120
f 125//121 402//37 89//47
f 90//77 86//120 45//78
f 125//121 43//35 402//37
f 69//59 14//8 13//7
f 114//122 66//54 24//92
f 115//123 356//124 95//100
f 116//125 15//10 101//86
f 114//122 24//92 103//91
f 97//103 54//48 55//50
f 118//126 71//63 20//113
f 118//126 74//64 71//63
f 80//70 410//24 29//23
f 119//127 6//4 19//12
f 120//128 51//44 12//46
f 121//129 88//130 47//39
f 92//38 93//80 56//131
f 122//132 11//55 66//54
f 123//133 57//134 59//82
f 104//94 27//19 83//95
f 124//135 8//60 69//59
f 124//135 63//51 8//60
f 112//136 76//137 75//33
f 105//98 90//77 91//79
f 126//138 42//32 78//68
f 54//48 94//139 405//49
f 77//111 28//71 80//70
f 62//140 373//107 108//106
f 127//141 46//142 88//130
f 127//141 85//118 46//142
f 99//108 2//58 110//114
f 128//143 3//1 5//3
f 67//57 68//5 6//4
f 112//136 75//33 42//32
f 104//94 41//96 113//119
f 107//105 15//10 116//125
f 120//128 82//75 51//44
f 105//98 106//99 130//144
f 122//132 12//46 11//55
f 131//145 37//116 85//118
f 132//146 58//147 62//140
f 133//148 60//104 61//112
f 132//146 98//149 58//147
f 133//148 97//103 60//104
f 134//150 34//26 72//66
f 123//133 56//131 57//134
f 135//151 16//88 81//90
f 136//152 44//76 82//75
f 136//152 100//85 44//76
f 137//153 69//59 13//7
f 118//126 20//113 109//109
f 138//154 21//14 31//20
f 122//132 66//54 114//122
f 139//155 30//25 37//116
f 140//156 50//43 141//157
f 140//156 49//41 50//43
f 121//129 47//39 92//38
f 148//158 92//38 56//131
f 126//138 78//68 100//85
f 129//159 123//133 59//82
f 96//81 1//52 63//51
f 128//143 65//61 3//1
f 142//160 5//3 16//88
f 119//127 19//12 18//11
f 143//161 22//15 21//14
f 144//162 34//26 134//150
f 139//155 37//116 131//145
f 144//162 70//84 34//26
f 127//141 88//130 121//129
f 146//163 112//136 42//32
f 147//164 86//120 90//77
f 148//158 56//131 123//133
f 129//159 59//82 96//81
f 125//121 89//47 49//41
f 151//165 69//59 137//153
f 152//166 128//143 5//3
f 153//167 67//57 6//4
f 153//167 6//4 119//127
f 139//155 29//23 30//25
f 154//168 155//169 76//137
f 131//145 85//118 127//141
f 154//168 76//137 112//136
f 156//170 31//20 33//22
f 158//171 12//46 122//132
f 158//171 120//128 12//46
f 137//153 13//7 107//105
f 159//172 105//98 130//144
f 160//173 117//174 94//139
f 161//175 54//48 97//103
f 162//176 80//70 29//23
f 163//177 72//66 111//115
f 164//178 126//138 100//85
f 165//179 121//129 92//38
f 176//180 82//75 120//128
f 143//161 18//11 22//15
f 135//151 81//90 25//17
f 138//154 31//20 156//170
f 150//181 96//81 63//51
f 151//165 124//135 69//59
f 113//119 87//97 43//35
f 107//105 116//125 3898//182
f 147//164 39//29 86//120
f 166//183 77//111 80//70
f 167//184 111//115 145//185
f 167//184 145//185 168//186
f 95//100 169//187 115//123
f 170//188 94//139 54//48
f 171//189 146//163 42//32
f 171//189 42//32 126//138
f 175//190 99//108 110//114
f 173//191 61//112 65//61
f 176//180 120//128 158//171
f 142//160 16//88 135//151
f 177//192 129//159 96//81
f 150//181 63//51 124//135
f 178//193 109//109 77//111
f 179//194 103//91 70//84
f 179//194 70//84 144//162
f 84//74 39//29 157//195
f 163//177 134//150 72//66
f 154//168 112//136 146//163
f 149//196 95//100 53//102
f 136//152 82//75 176//180
f 181//197 118//126 109//109
f 152//166 5//3 142//160
f 181//197 182//198 118//126
f 163//177 111//115 167//184
f 183//199 33//22 84//74
f 184//200 25//17 27//19
f 164//178 100//85 136//152
f 184//200 27//19 104//94
f 183//199 156//170 33//22
f 157//195 39//29 147//164
f 165//179 92//38 174//201
f 159//172 130//144 186//202
f 179//194 114//122 103//91
f 170//188 160//173 94//139
f 170//188 187//203 160//173
f 188//204 151//165 137//153
f 161//175 97//103 172//205
f 133//148 61//112 173//191
f 166//183 80//70 162//176
f 175//190 108//106 99//108
f 190//206 29//23 139//155
f 189//207 65//61 128//143
f 154//168 191//208 155//169
f 192//209 121//129 165//179
f 192//209 127//141 121//129
f 174//201 92//38 148//158
f 193//210 135//151 25//17
f 195//211 124//135 151//165
f 196//212 122//132 114//122
f 197//213 113//119 43//35
f 195//211 150//181 124//135
f 196//212 114//122 180//214
f 198//215 90//77 105//98
f 199//216 125//121 49//41
f 198//215 105//98 159//172
f 149//196 169//187 95//100
f 132//146 53//102 98//149
f 170//188 54//48 161//175
f 200//217 62//140 108//106
f 172//205 97//103 133//148
f 201//218 123//133 129//159
f 201//218 129//159 177//192
f 212//219 119//127 18//11
f 202//220 21//14 138//154
f 202//220 143//161 21//14
f 158//171 122//132 196//212
f 3898//182 137//153 107//105
f 180//214 114//122 179//194
f 204//221 147//164 90//77
f 204//221 90//77 198//215
f 162//176 29//23 190//206
f 205//222 104//94 113//119
f 207//223 43//35 125//121
f 206//224 139//155 131//145
f 208//225 185//226 148//158
f 208//225 148//158 123//133
f 209//227 164//178 136//152
f 210//228 110//114 67//57
f 211//229 176//180 158//171
f 212//219 18//11 143//161
f 213//230 134//150 163//177
f 184//200 104//94 194//231
f 214//232 168//186 215//233
f 214//232 167//184 168//186
f 185//226 174//201 148//158
f 216//234 126//138 164//178
f 216//234 171//189 126//138
f 177//192 96//81 150//181
f 218//235 140//156 141//157
f 217//236 53//102 132//146
f 203//237 137//153 3898//182
f 200//217 132//146 62//140
f 178//193 77//111 166//183
f 206//224 190//206 139//155
f 189//207 128//143 152//166
f 219//238 131//145 127//141
f 220//239 144//162 134//150
f 220//239 179//194 144//162
f 222//240 84//74 157//195
f 223//241 147//164 204//221
f 194//231 104//94 205//222
f 181//197 109//109 178//193
f 230//242 198//215 159//172
f 197//213 43//35 207//223
f 225//243 180//214 179//194
f 199//216 49//41 140//156
f 210//228 175//190 110//114
f 208//225 123//133 201//218
f 227//244 173//191 65//61
f 227//244 65//61 189//207
f 228//245 137//153 203//237
f 228//245 188//204 137//153
f 229//246 166//183 162//176
f 193//210 142//160 135//151
f 230//242 159//172 186//202
f 149//196 53//102 217//236
f 207//223 125//121 199//216
f 231//247 108//106 175//190
f 232//248 177//192 150//181
f 213//230 163//177 167//184
f 233//249 151//165 188//204
f 234//250 210//228 67//57
f 233//249 195//211 151//165
f 234//250 67//57 153//167
f 235//251 153//167 119//127
f 209//227 136//152 176//180
f 212//219 143//161 202//220
f 219//238 127//141 192//209
f 256//252 152//166 142//160
f 221//253 138//154 156//170
f 222//240 183//199 84//74
f 236//254 158//171 196//212
f 223//241 157//195 147//164
f 237//255 201//218 177//192
f 238//256 150//181 195//211
f 239//257 198//215 230//242
f 240//258 10//259 9//260
f 254//261 181//197 178//193
f 220//239 134//150 213//230
f 254//261 224//262 181//197
f 240//258 243//263 10//259
f 240//258 9//260 244//264
f 245//265 167//184 214//232
f 249//266 206//224 131//145
f 248//267 146//163 171//189
f 218//235 141//157 226//268
f 250//269 243//263 240//258
f 251//270 208//225 201//218
f 252//271 240//258 244//264
f 250//269 247//272 243//263
f 253//273 189//207 152//166
f 221//253 156//170 183//199
f 254//261 178//193 166//183
f 256//252 142//160 193//210
f 250//269 240//258 252//271
f 225//243 179//194 220//239
f 258//274 247//272 250//269
f 257//275 222//240 157//195
f 259//276 190//206 206//224
f 260//277 193//210 25//17
f 260//277 25//17 184//200
f 261//278 165//179 174//201
f 262//279 185//226 208//225
f 263//280 258//274 250//269
f 200//217 108//106 231//247
f 238//256 232//248 150//181
f 252//271 244//264 255//281
f 264//282 199//216 140//156
f 265//283 250//269 252//271
f 236//254 211//229 158//171
f 246//284 162//176 190//206
f 267//285 196//212 180//214
f 268//286 138//154 221//253
f 268//286 202//220 138//154
f 269//287 172//205 133//148
f 245//265 213//230 167//184
f 265//283 263//280 250//269
f 237//255 177//192 232//248
f 270//288 252//271 255//281
f 204//221 198//215 239//257
f 271//289 214//232 215//233
f 248//267 154//168 146//163
f 272//290 230//242 186//202
f 254//261 297//291 224//262
f 216//234 164//178 209//227
f 273//292 255//281 266//293
f 274//294 209//227 176//180
f 274//294 176//180 211//229
f 275//295 132//146 200//217
f 246//284 190//206 259//276
f 276//296 205//222 113//119
f 231//247 175//190 210//228
f 276//296 113//119 197//213
f 249//266 131//145 219//238
f 277//297 192//209 165//179
f 277//297 165//179 261//278
f 262//279 174//201 185//226
f 270//288 255//281 273//292
f 278//298 258//274 263//280
f 251//270 201//218 237//255
f 235//251 119//127 212//219
f 170//188 279//299 187//203
f 280//300 212//219 202//220
f 281//301 161//175 172//205
f 273//292 266//293 282//302
f 283//303 263//280 265//283
f 229//246 162//176 246//284
f 284//304 191//208 154//168
f 259//276 206//224 249//266
f 248//267 171//189 216//234
f 286//305 186//202 241//306
f 283//303 278//298 263//280
f 242//307 169//187 149//196
f 287//308 252//271 270//288
f 287//308 265//283 252//271
f 288//309 233//249 188//204
f 288//309 188//204 228//245
f 289//310 225//243 220//239
f 277//297 219//238 192//209
f 291//311 278//298 283//303
f 293//312 214//232 271//289
f 292//313 174//201 262//279
f 294//314 154//168 248//267
f 170//188 161//175 281//301
f 295//315 221//253 183//199
f 296//316 238//256 195//211
f 296//316 195//211 233//249
f 308//317 256//252 193//210
f 291//311 285//318 278//298
f 267//285 180//214 225//243
f 299//319 283//303 265//283
f 299//319 265//283 287//308
f 300//320 270//288 273//292
f 264//282 140//156 218//235
f 302//321 259//276 249//266
f 303//322 219//238 277//297
f 322//323 157//195 223//241
f 300//320 287//308 270//288
f 269//287 133//148 173//191
f 292//313 261//278 174//201
f 304//324 196//212 267//285
f 305//325 262//279 208//225
f 305//325 208//225 251//270
f 227//244 189//207 253//273
f 272//290 186//202 286//305
f 304//324 236//254 196//212
f 306//326 152//166 256//252
f 307//327 166//183 229//246
f 309//328 220//239 213//230
f 310//329 246//284 259//276
f 311//330 283//303 299//319
f 311//330 291//311 283//303
f 309//328 213//230 245//265
f 312//331 234//250 153//167
f 312//331 153//167 290//332
f 293//312 245//265 214//232
f 294//314 284//304 154//168
f 313//333 235//251 212//219
f 314//334 282//302 298//335
f 314//334 273//292 282//302
f 315//336 248//267 216//234
f 317//337 221//253 295//315
f 296//316 233//249 288//309
f 316//338 318//339 285//318
f 316//338 285//318 291//311
f 296//316 288//309 319//340
f 321//341 297//291 254//261
f 322//323 223//241 204//221
f 281//301 172//205 269//287
f 303//322 249//266 219//238
f 323//342 239//257 230//242
f 286//305 241//306 325//343
f 327//344 251//270 237//255
f 328//345 217//236 132//146
f 329//346 232//248 238//256
f 328//345 132//146 275//295
f 326//347 256//252 308//317
f 329//346 238//256 296//316
f 300//320 273//292 314//334
f 307//327 254//261 166//183
f 330//348 210//228 234//250
f 310//329 229//246 246//284
f 290//332 153//167 235//251
f 332//72 197//213 207//223
f 331//349 287//308 300//320
f 316//338 291//311 311//330
f 333//350 237//255 232//248
f 295//315 183//199 222//240
f 322//323 257//275 157//195
f 334//351 204//221 239//257
f 335//352 267//285 225//243
f 336//353 249//266 303//322
f 306//326 253//273 152//166
f 292//313 262//279 305//325
f 346//354 149//196 217//236
f 337//355 271//289 338//356
f 321//341 254//261 307//327
f 339//357 284//304 294//314
f 260//277 184//200 194//231
f 340//358 248//267 315//336
f 341//359 209//227 320//360
f 341//359 216//234 209//227
f 342//361 261//278 292//313
f 352//362 207//223 199//216
f 317//337 268//286 221//253
f 274//294 211//229 236//254
f 327//344 237//255 333//350
f 324//363 314//334 298//335
f 344//364 299//319 287//308
f 343//365 226//268 301//366
f 302//321 249//266 336//353
f 344//364 287//308 331//349
f 345//367 303//322 277//297
f 346//354 217//236 328//345
f 348//368 305//325 251//270
f 330//348 231//247 210//228
f 306//326 256//252 326//347
f 313//333 212//219 280//300
f 308//317 193//210 260//277
f 310//329 259//276 302//321
f 320//360 209//227 274//294
f 277//297 261//278 342//361
f 349//369 314//334 324//363
f 351//370 292//313 305//325
f 332//72 276//296 197//213
f 352//362 199//216 264//282
f 353//371 321//341 307//327
f 354//372 331//349 300//320
f 354//372 300//320 314//334
f 355//373 229//246 310//329
f 334//351 322//323 204//221
f 289//310 220//239 309//328
f 356//124 170//188 281//301
f 323//342 230//242 272//290
f 357//374 281//301 269//287
f 242//307 149//196 346//354
f 360//375 173//191 227//244
f 337//355 293//312 271//289
f 361//376 200//217 231//247
f 362//377 296//316 319//340
f 340//358 294//314 248//267
f 362//377 329//346 296//316
f 330//348 234//250 312//331
f 363//378 324//363 347//379
f 364//380 318//339 316//338
f 365//381 311//330 299//319
f 366//382 292//313 351//370
f 365//381 299//319 344//364
f 367//383 194//231 205//222
f 348//368 251//270 327//344
f 367//383 205//222 276//296
f 329//346 333//350 232//248
f 335//352 225//243 289//310
f 378//384 295//315 222//240
f 352//362 332//72 207//223
f 355//373 307//327 229//246
f 368//73 264//282 218//235
f 369//385 310//329 302//321
f 336//353 303//322 345//367
f 370//386 316//338 311//330
f 351//370 305//325 348//368
f 371//387 245//265 293//312
f 294//314 372//388 339//357
f 373//107 227//244 253//273
f 354//372 314//334 349//369
f 366//382 342//361 292//313
f 350//389 274//294 236//254
f 364//380 374//390 318//339
f 375//13 260//277 194//231
f 304//324 267//285 335//352
f 344//364 331//349 354//372
f 377//391 280//300 202//220
f 376//392 307//327 355//373
f 376//392 353//371 307//327
f 378//384 222//240 257//275
f 345//367 277//297 342//361
f 380//393 363//378 347//379
f 379//394 348//368 327//344
f 370//386 364//380 316//338
f 381//395 245//265 358//396
f 329//346 362//377 382//397
f 381//395 309//328 245//265
f 383//36 293//312 337//355
f 343//365 301//366 384//398
f 356//124 279//299 170//188
f 361//376 275//295 200//217
f 341//359 315//336 216//234
f 269//287 173//191 360//375
f 363//378 349//369 324//363
f 355//373 310//329 369//385
f 370//386 311//330 365//381
f 385//399 302//321 336//353
f 350//389 236//254 304//324
f 386//400 202//220 268//286
f 333//350 329//346 382//397
f 388//401 257//275 322//323
f 387//402 354//372 349//369
f 389//403 363//378 380//393
f 358//396 245//265 371//387
f 368//73 352//362 264//282
f 379//394 327//344 333//350
f 71//63 242//307 346//354
f 391//404 226//268 343//365
f 391//404 218//235 226//268
f 385//399 369//385 302//321
f 392//405 336//353 345//367
f 393//406 349//369 363//378
f 394//407 342//361 366//382
f 333//350 382//397 404//408
f 360//375 227//244 373//107
f 395//409 253//273 306//326
f 290//332 235//251 313//333
f 396//410 376//392 355//373
f 371//387 293//312 383//36
f 334//351 239//257 323//342
f 398//411 374//390 364//380
f 394//407 345//367 342//361
f 398//411 3851//412 374//390
f 399//413 351//370 348//368
f 401//414 370//386 365//381
f 402//37 338//356 403//415
f 402//37 337//355 338//356
f 400//416 272//290 286//305
f 404//408 379//394 333//350
f 408//30 368//73 218//235
f 409//110 275//295 361//376
f 407//417 344//364 354//372
f 410//24 231//247 330//348
f 393//406 387//402 349//369
f 411//101 281//301 357//374
f 412//418 355//373 369//385
f 412//418 369//385 385//399
f 414//419 336//353 392//405
f 414//419 385//399 336//353
f 377//391 202//220 386//400
f 399//413 366//382 351//370
f 379//394 404//408 406//420
f 378//384 257//275 388//401
f 7//6 308//317 260//277
f 415//83 322//323 334//351
f 375//13 194//231 367//383
f 399//413 348//368 379//394
f 413//421 355//373 412//418
f 413//421 396//410 355//373
f 23//16 276//296 332//72
f 359//422 242//307 71//63
f 392//405 345//367 394//407
f 20//113 346//354 328//345
f 407//417 365//381 344//364
f 417//62 320//360 274//294
f 379//394 406//420 3863//423
f 40//31 218//235 391//404
f 4//2 350//389 304//324
f 45//78 343//365 384//398
f 46//142 313//333 280//300
f 46//142 280//300 377//391
f 17//89 335//352 289//310
f 386//400 268//286 317//337
f 398//411 364//380 370//386
f 418//424 399//413 379//394
f 418//424 379//394 3863//423
f 68//5 326//347 308//317
f 388//401 322//323 397//425
f 419//426 366//382 399//413
f 412//418 385//399 420//427
f 400//416 323//342 272//290
f 405//49 372//388 294//314
f 3875//428 420//427 385//399
f 3875//428 385//399 414//419
f 3875//428 414//419 421//429
f 392//405 422//430 423//431
f 424//432 366//382 419//426
f 409//110 328//345 275//295
f 424//432 394//407 366//382
f 425//93 389//403 380//393
f 421//429 414//419 423//431
f 426//433 392//405 394//407
f 3//1 274//294 350//389
f 410//24 361//376 231//247
f 419//426 399//413 418//424
f 423//431 414//419 392//405
f 427//434 365//381 407//417
f 424//432 426//433 394//407
f 422//430 392//405 426//433
f 38//117 290//332 313//333
f 411//101 356//124 281//301
f 118//126 182//198 74//64
f 428//56 363//378 389//403
f 428//56 393//406 363//378
f 397//425 322//323 415//83
f 395//409 306//326 326//347
f 64//53 334//351 323//342
f 400//416 286//305 325//343
f 405//49 294//314 340//358
f 55//50 315//336 341//359
f 429//435 387//402 393//406
f 23//16 367//383 276//296
f 408//30 218//235 40//31
f 430//34 398//411 370//386
f 430//34 370//386 401//414
f 17//89 304//324 335//352
f 93//80 295//315 378//384
f 391//404 343//365 45//78
f 93//80 317//337 295//315
f 427//434 401//414 365//381
f 26//18 309//328 381//395
f 407//417 354//372 387//402
f 26//18 289//310 309//328
f 58//147 269//287 360//375
f 373//107 253//273 395//409
f 383//36 337//355 402//37
f 425//93 380//393 416//436
f 431//437 3851//412 398//411
f 20//113 328//345 409//110
f 60//104 341//359 320//360
f 417//62 274//294 3//1
f 37//116 290//332 38//117
f 386//400 317//337 48//40
f 45//78 384//398 91//79
f 429//435 393//406 428//56
f 71//63 346//354 20//113
f 68//5 308//317 7//6
f 19//12 260//277 375//13
f 55//50 340//358 315//336
f 22//15 367//383 23//16
f 30//25 330//348 312//331
f 3//1 350//389 4//2
f 32//21 332//72 352//362
f 88//130 377//391 386//400
f 52//45 407//417 387//402
f 48//40 317//337 93//80
f 57//134 378//384 388//401
f 83//95 381//395 358//396
f 98//149 269//287 58//147
f 98//149 357//374 269//287
f 14//8 325//343 390//9
f 14//8 400//416 325//343
f 75//33 431//437 398//411
f 89//47 403//415 541//42
f 2//58 395//409 326//347
f 89//47 402//37 403//415
f 55//50 341//359 60//104
f 37//116 312//331 290//332
f 24//92 389//403 425//93
f 32//21 352//362 368//73
f 24//92 428//56 389//403
f 35//27 416//436 36//28
f 1//52 415//83 334//351
f 1//52 334//351 64//53
f 8//60 323//342 400//416
f 356//124 433//438 279//299
f 41//96 358//396 371//387
f 71//63 3816//65 359//422
f 28//71 361//376 410//24
f 99//108 373//107 395//409
f 60//104 320//360 61//112
f 79//69 430//34 401//414
f 6//4 260//277 19//12
f 6//4 7//6 260//277
f 46//142 377//391 88//130
f 5//3 304//324 17//89
f 52//45 387//402 429//435
f 5//3 4//2 304//324
f 22//15 375//13 367//383
f 56//131 378//384 57//134
f 81//90 289//310 26//18
f 81//90 17//89 289//310
f 35//27 425//93 416//436
f 86//120 40//31 391//404
f 15//10 390//9 432//439
f 75//33 398//411 430//34
f 87//97 371//387 383//36
f 79//69 401//414 427//434
f 51//44 407//417 52//45
f 11//55 429//435 428//56
f 30//25 312//331 37//116
f 38//117 313//333 46//142
f 61//112 320//360 417//62
f 88//130 386//400 47//39
f 8//60 64//53 323//342
f 41//96 83//95 358//396
f 86//120 391//404 45//78
f 28//71 409//110 361//376
f 410//24 330//348 30//25
f 405//49 340//358 55//50
f 75//33 3800//440 431//437
f 47//39 386//400 48//40
f 2//58 326//347 68//5
f 56//131 93//80 378//384
f 59//82 388//401 397//425
f 51//44 427//434 407//417
f 12//46 429//435 11//55
f 12//46 52//45 429//435
f 8//60 400//416 14//8
f 27//19 26//18 381//395
f 27//19 381//395 83//95
f 33//22 32//21 368//73
f 41//96 371//387 87//97
f 78//68 79//69 427//434
f 78//68 427//434 44//76
f 356//124 115//123 433//438
f 94//139 117//174 372//388
f 94//139 372//388 405//49
f 53//102 411//101 357//374
f 53//102 357//374 98//149
f 62//140 58//147 360//375
f 62//140 360//375 373//107
f 99//108 395//409 2//58
f 59//82 397//425 415//83
f 63//51 64//53 8//60
f 76//137 3800//440 75//33
f 42//32 430//34 79//69
f 15//10 432//439 102//87
f 31//20 332//72 32//21
f 44//76 427//434 51//44
f 84//74 368//73 408//30
f 77//111 409//110 28//71
f 66//54 428//56 24//92
f 85//118 38//117 46//142
f 95//100 356//124 411//101
f 70//84 425//93 35//27
f 59//82 57//134 388//401
f 435//441 436//442 437//443
f 443//444 444//445 445//446
f 446//447 447//448 448//449
f 451//450 798//451 452//452
f 453//453 828//454 454//455
f 464//456 778//457 465//458
f 468//459 469//460 749//461
f 475//462 763//463 476//464
f 477//465 822//466 478//467
f 482//468 440//469 449//470
f 489//471 491//472 490//473
f 492//474 493//475 494//476
f 495//477 438//478 817//479
f 495//477 817//479 446//447
f 498//480 459//481 499//482
f 448//449 500//483 501//484
f 442//485 502//486 444//445
f 466//487 506//488 470//489
f 461//490 804//491 507//492
f 473//493 508//494 477//465
f 512//495 3611//496 513//497
f 472//498 515//499 516//500
f 517//501 463//502 746//503
f 454//455 818//504 459//481
f 517//501 746//503 469//460
f 524//505 449//470 450//506
f 524//505 450//506 453//453
f 535//507 510//508 471//509
f 527//510 504//511 528//512
f 529//513 509//514 530//515
f 464//456 380//393 347//379
f 531//516 755//517 439//518
f 531//516 437//443 755//517
f 532//519 477//465 478//467
f 533//520 514//521 472//498
f 403//415 338//356 441//522
f 516//500 515//499 479//523
f 534//524 458//525 463//502
f 545//526 521//527 487//528
f 475//462 468//459 763//463
f 544//529 466//487 470//489
f 535//507 471//509 3641//530
f 489//471 523//531 491//472
f 537//532 3611//496 512//495
f 536//533 473//493 477//465
f 529//513 455//534 456//535
f 538//536 478//467 434//537
f 549//538 474//539 480//540
f 529//513 456//535 509//514
f 540//541 484//542 485//543
f 541//42 441//522 440//469
f 541//42 440//469 482//468
f 527//510 528//512 505//544
f 542//545 454//455 459//481
f 543//546 498//480 466//487
f 544//529 470//489 473//493
f 545//526 487//528 522//547
f 546//548 457//549 458//525
f 547//550 442//485 444//445
f 549//538 480//540 484//542
f 548//551 445//446 455//534
f 550//552 459//481 498//480
f 475//462 476//464 523//531
f 488//553 438//478 495//477
f 532//519 478//467 538//536
f 551//554 496//555 497//556
f 403//415 441//522 541//42
f 551//554 497//556 526//557
f 503//558 504//511 527//510
f 552//559 482//468 449//470
f 553//560 460//561 461//490
f 553//560 501//484 460//561
f 552//559 449//470 524//505
f 554//562 505//544 435//441
f 3614//563 3611//496 537//532
f 536//533 477//465 532//519
f 488//553 519//564 486//565
f 556//566 455//534 529//513
f 529//513 530//515 884//567
f 464//456 416//436 380//393
f 557//568 453//453 454//455
f 520//569 468//459 475//462
f 558//570 511//571 467//572
f 542//545 459//481 550//552
f 9//260 10//259 559//573
f 544//529 473//493 536//533
f 560//574 518//575 483//576
f 525//577 255//281 244//264
f 567//578 462//579 510//508
f 524//505 453//453 555//580
f 561//581 454//455 542//545
f 550//552 498//480 543//546
f 540//541 485//543 519//564
f 443//444 445//446 548//551
f 562//582 451//450 452//452
f 563//583 467//572 514//521
f 534//524 463//502 517//501
f 555//580 453//453 557//568
f 564//584 468//459 520//569
f 565//585 479//523 518//575
f 564//584 469//460 468//459
f 566//586 483//576 521//527
f 567//578 510//508 535//507
f 568//587 536//533 532//519
f 549//538 484//542 540//541
f 552//559 541//42 482//468
f 548//551 455//534 556//566
f 554//562 527//510 505//544
f 570//588 488//553 495//477
f 557//568 454//455 561//581
f 543//546 466//487 544//529
f 571//589 446//447 448//449
f 572//590 439//518 451//450
f 507//492 462//579 567//578
f 546//548 458//525 534//524
f 573//591 532//519 538//536
f 574//592 522//547 492//474
f 494//476 442//485 547//550
f 584//593 475//462 523//531
f 585//594 489//471 490//473
f 576//595 503//558 527//510
f 465//458 416//436 464//456
f 577//596 448//449 501//484
f 558//570 467//572 563//583
f 578//597 533//520 472//498
f 565//585 516//500 479//523
f 580//598 457//549 546//548
f 560//574 483//576 566//586
f 579//599 544//529 536//533
f 581//600 535//507 3641//530
f 580//598 452//452 457//549
f 568//587 532//519 573//591
f 582//601 492//474 494//476
f 564//584 517//501 469//460
f 584//593 523//531 489//471
f 583//602 543//546 544//529
f 571//589 495//477 446//447
f 585//594 539//603 586//604
f 465//458 511//571 558//570
f 573//591 538//536 575//605
f 585//594 490//473 539//603
f 563//583 514//521 533//520
f 496//555 255//281 525//577
f 569//606 526//557 503//558
f 587//607 472//498 516//500
f 588//608 555//580 557//568
f 576//595 527//510 554//562
f 589//609 435//441 437//443
f 566//586 521//527 545//526
f 590//610 550//552 543//546
f 572//590 531//516 439//518
f 591//611 3614//563 537//532
f 574//592 545//526 522//547
f 600//612 512//495 474//539
f 600//612 474//539 549//538
f 592//613 549//538 540//541
f 50//43 541//42 552//559
f 593//614 547//550 444//445
f 593//614 444//445 443//444
f 595//615 524//505 555//580
f 594//616 519//564 488//553
f 596//617 534//524 517//501
f 597//618 557//568 561//581
f 598//619 542//545 550//552
f 571//589 448//449 577//596
f 590//610 543//546 583//602
f 579//599 536//533 568//587
f 569//606 503//558 576//595
f 574//592 492//474 582//601
f 583//602 544//529 579//599
f 601//620 437//443 531//516
f 602//621 494//476 547//550
f 603//622 443//444 548//551
f 572//590 451//450 562//582
f 604//623 488//553 570//588
f 595//615 552//559 524//505
f 606//624 495//477 571//589
f 607//625 546//548 534//524
f 588//608 557//568 597//618
f 465//458 36//28 416//436
f 608//626 517//501 564//584
f 577//596 501//484 553//560
f 578//597 472//498 587//607
f 609//627 545//526 574//592
f 581//600 3641//530 3637//628
f 591//611 3612//629 3614//563
f 610//630 551//554 526//557
f 591//611 3615//631 3612//629
f 610//630 526//557 569//606
f 589//609 554//562 435//441
f 594//616 540//541 519//564
f 612//632 465//458 558//570
f 50//43 552//559 595//615
f 613//633 563//583 533//520
f 614//634 561//581 542//545
f 614//634 542//545 598//619
f 615//635 565//585 518//575
f 615//635 518//575 560//574
f 599//636 566//586 545//526
f 616//637 520//569 475//462
f 618//638 535//507 581//600
f 618//638 567//578 535//507
f 593//614 443//444 603//622
f 496//555 266//293 255//281
f 619//639 529//513 884//567
f 604//623 594//616 488//553
f 621//640 568//587 573//591
f 620//641 576//595 554//562
f 606//624 570//588 495//477
f 589//609 437//443 601//620
f 622//642 555//580 588//608
f 622//642 595//615 555//580
f 597//618 561//581 614//634
f 623//643 516//500 565//585
f 580//598 562//582 452//452
f 624//644 598//619 550//552
f 624//644 550//552 590//610
f 599//636 545//526 609//627
f 617//645 579//599 568//587
f 596//617 517//501 608//626
f 605//646 573//591 575//605
f 602//621 547//550 593//614
f 625//647 537//532 512//495
f 626//648 475//462 584//593
f 611//649 556//566 529//513
f 612//632 36//28 465//458
f 629//650 489//471 585//594
f 617//645 568//587 621//640
f 630//651 554//562 589//609
f 631//652 590//610 583//602
f 633//653 582//601 494//476
f 634//654 579//599 617//645
f 633//653 494//476 602//621
f 632//655 461//490 507//492
f 621//640 573//591 605//646
f 635//656 50//43 595//615
f 635//656 141//157 50//43
f 636//657 548//551 556//566
f 611//649 529//513 619//639
f 624//644 590//610 627//658
f 612//632 558//570 563//583
f 628//659 583//602 579//599
f 613//633 533//520 578//597
f 587//607 516//500 623//643
f 637//660 588//608 597//618
f 638//661 610//630 569//606
f 627//658 590//610 631//652
f 628//659 579//599 634//654
f 639//662 531//516 572//590
f 647//663 507//492 567//578
f 591//611 537//532 625//647
f 631//652 583//602 628//659
f 641//664 563//583 613//633
f 623//643 565//585 615//635
f 643//665 621//640 605//646
f 635//656 226//268 141//157
f 642//666 592//613 540//541
f 644//667 622//642 588//608
f 616//637 475//462 626//648
f 644//667 588//608 637//660
f 629//650 584//593 489//471
f 645//668 586//604 646//669
f 645//668 585//594 586//604
f 266//293 551//554 610//630
f 266//293 496//555 551//554
f 632//655 553//560 461//490
f 620//641 554//562 630//651
f 635//656 595//615 622//642
f 603//622 548//551 636//657
f 648//670 3615//631 591//611
f 625//647 512//495 600//612
f 649//671 600//612 549//538
f 651//672 520//569 616//637
f 649//671 549//538 592//613
f 650//673 597//618 614//634
f 651//672 564//584 520//569
f 652//674 574//592 582//601
f 652//674 609//627 574//592
f 653//675 631//652 628//659
f 655//676 614//634 598//619
f 656//677 611//649 619//639
f 632//655 507//492 647//663
f 641//664 612//632 563//583
f 658//678 613//633 578//597
f 660//679 617//645 621//640
f 639//662 601//620 531//516
f 659//680 581//600 3637//628
f 661//681 560//574 566//586
f 661//681 615//635 560//574
f 301//366 635//656 622//642
f 650//673 637//660 597//618
f 662//682 599//636 609//627
f 664//683 598//619 624//644
f 665//684 582//601 633//653
f 607//625 534//524 596//617
f 650//673 614//634 655//676
f 667//685 553//560 632//655
f 653//675 628//659 634//654
f 668//686 623//643 615//635
f 301//366 226//268 635//656
f 655//676 598//619 664//683
f 648//670 3617//687 3615//631
f 669//688 562//582 580//598
f 672//689 546//548 607//625
f 660//679 621//640 643//665
f 642//666 540//541 594//616
f 301//366 622//642 644//667
f 673//690 604//623 570//588
f 73//67 612//632 641//664
f 73//67 36//28 612//632
f 675//691 564//584 651//672
f 674//692 606//624 571//589
f 664//683 624//644 627//658
f 577//596 553//560 654//693
f 676//694 634//654 617//645
f 662//682 566//586 599//636
f 652//674 582//601 665//684
f 677//695 627//658 631//652
f 657//696 569//606 576//595
f 671//697 653//675 634//654
f 647//663 567//578 618//638
f 678//698 593//614 603//622
f 679//699 637//660 650//673
f 663//700 625//647 600//612
f 636//657 556//566 611//649
f 656//677 619//639 640//701
f 681//702 631//652 653//675
f 671//697 634//654 676//694
f 658//678 578//597 587//607
f 666//703 660//679 643//665
f 384//398 301//366 644//667
f 683//704 650//673 655//676
f 677//695 664//683 627//658
f 662//682 609//627 652//674
f 654//693 553//560 667//685
f 676//694 617//645 660//679
f 684//705 629//650 585//594
f 684//705 585//594 645//668
f 602//621 593//614 670//706
f 644//667 637//660 679//699
f 659//680 3637//628 685//707
f 677//695 631//652 681//702
f 686//708 611//649 656//677
f 657//696 576//595 620//641
f 688//709 613//633 658//678
f 688//709 641//664 613//633
f 687//710 689//711 3617//687
f 687//710 3617//687 648//670
f 690//712 591//611 625//647
f 663//700 600//612 649//671
f 668//686 615//635 661//681
f 679//699 650//673 683//704
f 672//689 580//598 546//548
f 674//692 570//588 606//624
f 692//713 633//653 602//621
f 693//714 571//589 577//596
f 675//691 608//626 564//584
f 670//706 593//614 678//698
f 694//715 616//637 626//648
f 695//716 653//675 671//697
f 697//717 569//606 657//696
f 698//718 587//607 623//643
f 697//717 638//661 569//606
f 696//719 618//638 581//600
f 699//720 655//676 664//683
f 700//721 589//609 601//620
f 701//722 625//647 663//700
f 702//723 671//697 676//694
f 680//724 642//666 594//616
f 669//688 580//598 682//725
f 703//726 664//683 677//695
f 695//716 681//702 653//675
f 704//727 596//617 608//626
f 686//708 636//657 611//649
f 705//728 384//398 644//667
f 705//728 644//667 679//699
f 699//720 683//704 655//676
f 691//729 658//678 587//607
f 706//730 632//655 647//663
f 707//731 677//695 681//702
f 702//723 695//716 671//697
f 708//732 660//679 666//703
f 661//681 566//586 662//682
f 708//732 676//694 660//679
f 638//661 266//293 610//630
f 638//661 282//302 266//293
f 699//720 664//683 703//726
f 692//713 665//684 633//653
f 690//712 648//670 591//611
f 710//733 592//613 642//666
f 710//733 649//671 592//613
f 711//734 572//590 562//582
f 711//734 562//582 669//688
f 705//728 91//79 384//398
f 680//724 594//616 604//623
f 682//725 580//598 672//689
f 703//726 677//695 707//731
f 712//735 570//588 674//692
f 691//729 587//607 698//718
f 713//736 668//686 661//681
f 694//715 651//672 616//637
f 714//737 652//674 665//684
f 715//738 679//699 683//704
f 716//739 702//723 676//694
f 641//664 111//115 73//67
f 690//712 625//647 701//722
f 717//740 639//662 572//590
f 718//741 658//678 691//729
f 719//742 663//700 649//671
f 698//718 623//643 668//686
f 704//727 607//625 596//617
f 715//738 705//728 679//699
f 693//714 577//596 654//693
f 721//743 707//731 681//702
f 721//743 681//702 695//716
f 667//685 632//655 706//730
f 720//744 602//621 670//706
f 722//745 603//622 636//657
f 723//746 629//650 684//705
f 722//745 678//698 603//622
f 715//738 683//704 699//720
f 696//719 581//600 659//680
f 723//746 584//593 629//650
f 645//668 646//669 709//747
f 716//739 676//694 708//732
f 724//748 648//670 690//712
f 106//99 705//728 715//738
f 106//99 91//79 705//728
f 729//749 661//681 662//682
f 700//721 601//620 639//662
f 725//750 695//716 702//723
f 712//735 673//690 570//588
f 725//750 702//723 716//739
f 726//751 672//689 607//625
f 674//692 571//589 693//714
f 727//752 654//693 667//685
f 718//741 688//709 658//678
f 728//753 695//716 725//750
f 716//739 708//732 730//754
f 638//661 298//335 282//302
f 731//755 657//696 620//641
f 732//756 699//720 703//726
f 733//757 630//651 589//609
f 720//744 692//713 602//621
f 734//758 636//657 686//708
f 656//677 640//701 893//759
f 735//760 703//726 707//731
f 728//753 721//743 695//716
f 736//761 680//724 604//623
f 737//762 607//625 704//727
f 736//761 604//623 673//690
f 738//763 608//626 675//691
f 732//756 715//738 699//720
f 739//764 698//718 668//686
f 740//765 707//731 721//743
f 741//766 652//674 714//737
f 741//766 662//682 652//674
f 723//746 626//648 584//593
f 130//144 106//99 715//738
f 735//760 732//756 703//726
f 742//767 725//750 716//739
f 130//144 715//738 732//756
f 743//768 686//708 656//677
f 735//760 707//731 740//765
f 724//748 687//710 648//670
f 717//740 572//590 711//734
f 744//769 669//688 682//725
f 719//742 649//671 710//733
f 693//714 654//693 727//752
f 742//767 716//739 730//754
f 745//770 636//657 734//758
f 746//503 667//685 706//730
f 747//771 130//144 732//756
f 645//668 709//747 748//772
f 749//461 647//663 618//638
f 731//755 697//717 657//696
f 750//773 713//736 661//681
f 740//765 721//743 728//753
f 733//757 620//641 630//651
f 751//774 700//721 639//662
f 752//775 689//711 687//710
f 741//766 729//749 662//682
f 753//776 665//684 692//713
f 751//774 639//662 717//740
f 747//771 186//202 130//144
f 753//776 714//737 665//684
f 719//742 701//722 663//700
f 754//777 735//760 740//765
f 726//751 607//625 737//762
f 734//758 686//708 743//768
f 755//517 680//724 736//761
f 738//763 704//727 608//626
f 145//185 111//115 641//664
f 145//185 641//664 688//709
f 757//778 728//753 725//750
f 757//778 725//750 742//767
f 756//779 651//672 694//715
f 758//780 674//692 693//714
f 754//777 732//756 735//760
f 739//764 668//686 713//736
f 759//781 740//765 728//753
f 760//782 626//648 723//746
f 742//767 730//754 761//783
f 697//717 298//335 638//661
f 733//757 589//609 700//721
f 241//306 747//771 732//756
f 763//463 618//638 696//719
f 241//306 732//756 754//777
f 745//770 722//745 636//657
f 711//734 669//688 744//769
f 759//781 728//753 757//778
f 765//784 691//729 698//718
f 241//306 186//202 747//771
f 766//785 754//777 740//765
f 798//451 712//735 674//692
f 767//786 241//306 754//777
f 768//787 678//698 722//745
f 757//778 742//767 761//783
f 757//778 761//783 769//788
f 768//787 670//706 678//698
f 101//86 102//87 872//789
f 772//790 656//677 893//759
f 779//791 759//781 757//778
f 772//790 893//759 773//792
f 774//793 697//717 731//755
f 777//794 718//741 691//729
f 766//785 740//765 759//781
f 778//457 620//641 733//757
f 750//773 661//681 729//749
f 767//786 754//777 766//785
f 780//795 717//740 711//734
f 753//776 692//713 762//796
f 767//786 325//343 241//306
f 782//797 720//744 670//706
f 675//691 651//672 756//779
f 783//798 3645//799 775//800
f 769//788 779//791 757//778
f 784//801 767//786 766//785
f 755//517 642//666 680//724
f 785//802 759//781 779//791
f 760//782 694//715 626//648
f 145//185 688//709 718//741
f 786//803 673//690 712//735
f 787//804 723//746 684//705
f 785//802 766//785 759//781
f 789//805 775//800 776//806
f 790//807 714//737 753//776
f 790//807 741//766 714//737
f 789//805 776//806 771//808
f 762//796 692//713 720//744
f 791//809 766//785 785//802
f 784//801 390//9 325//343
f 784//801 325//343 767//786
f 749//461 618//638 763//463
f 791//809 784//801 766//785
f 772//790 743//768 656//677
f 764//810 682//725 672//689
f 785//802 779//791 769//788
f 476//464 696//719 659//680
f 785//802 769//788 1244//811
f 783//798 3647//812 3645//799
f 793//813 791//809 785//802
f 794//814 752//775 687//710
f 799//815 771//808 770//816
f 795//817 796//818 3642//819
f 765//784 698//718 739//764
f 432//439 784//801 791//809
f 783//798 775//800 789//805
f 432//439 390//9 784//801
f 801//820 793//813 785//802
f 801//820 785//802 1244//811
f 697//717 324//363 298//335
f 432//439 791//809 793//813
f 778//457 731//755 620//641
f 102//87 432//439 793//813
f 781//821 3647//812 783//798
f 772//790 773//792 802//822
f 102//87 801//820 872//789
f 102//87 793//813 801//820
f 777//794 691//729 765//784
f 706//730 647//663 749//461
f 803//823 750//773 729//749
f 789//805 771//808 799//815
f 764//810 672//689 726//751
f 770//816 800//824 799//815
f 803//823 729//749 788//825
f 659//680 685//707 805//826
f 806//827 687//710 724//748
f 804//491 3642//819 792//828
f 782//797 670//706 768//787
f 807//829 690//712 701//722
f 809//830 722//745 745//770
f 436//442 642//666 755//517
f 168//186 718//741 777//794
f 168//186 145//185 718//741
f 786//803 736//761 673//690
f 798//451 674//692 758//780
f 810//831 713//736 750//773
f 458//525 693//714 727//752
f 788//825 729//749 741//766
f 764//810 744//769 682//725
f 812//832 762//796 720//744
f 812//832 720//744 782//797
f 799//815 800//824 795//817
f 813//833 704//727 738//763
f 814//834 3642//819 804//491
f 490//473 659//680 805//826
f 800//824 796//818 795//817
f 815//835 765//784 739//764
f 816//836 781//821 783//798
f 504//511 701//722 719//742
f 817//479 789//805 799//815
f 818//504 753//776 762//796
f 770//837 796//837 800//837
f 786//803 712//735 798//451
f 809//830 768//787 722//745
f 820//838 717//740 780//795
f 804//491 792//828 811//839
f 820//838 751//774 717//740
f 821//840 797//841 781//821
f 515//499 711//734 744//769
f 822//466 734//758 743//768
f 823//842 783//798 789//805
f 810//831 739//764 713//736
f 814//834 795//817 3642//819
f 476//464 659//680 491//472
f 445//446 760//782 723//746
f 445//446 723//746 787//804
f 794//814 687//710 806//827
f 456//535 684//705 645//668
f 774//793 324//363 697//717
f 467//572 700//721 751//774
f 436//442 710//733 642//666
f 810//831 750//773 803//823
f 758//780 693//714 458//525
f 818//504 790//807 753//776
f 808//843 797//841 821//840
f 463//502 667//685 746//503
f 816//836 783//798 823//842
f 493//475 738//763 675//691
f 745//770 734//758 822//466
f 493//475 675//691 756//779
f 502//486 694//715 760//782
f 215//233 777//794 765//784
f 500//483 795//817 814//834
f 476//464 763//463 696//719
f 810//831 815//835 739//764
f 509//514 645//668 748//772
f 491//472 659//680 490//473
f 804//491 811//839 824//844
f 347//379 774//793 731//755
f 9//260 559//573 752//775
f 347//379 731//755 778//457
f 9//260 752//775 794//814
f 480//540 3651//845 808//843
f 480//540 827//846 3651//845
f 807//829 701//722 504//511
f 821//840 781//821 816//836
f 528//512 710//733 505//544
f 528//512 719//742 710//733
f 515//499 780//795 711//734
f 447//448 799//815 795//817
f 452//452 798//451 758//780
f 824//844 811//839 825//847
f 828//454 790//807 818//504
f 444//445 760//782 445//446
f 506//488 768//787 809//830
f 787//804 684//705 456//535
f 467//572 733//757 700//721
f 215//233 168//186 777//794
f 497//556 724//748 690//712
f 497//556 690//712 807//829
f 449//470 810//831 803//823
f 504//511 719//742 528//512
f 829//848 788//825 741//766
f 505//544 710//733 436//442
f 829//848 741//766 790//807
f 487//528 737//762 704//727
f 487//528 704//727 813//833
f 817//479 799//815 447//448
f 502//486 756//779 694//715
f 463//502 727//752 667//685
f 481//849 215//233 765//784
f 456//535 645//668 509//514
f 469//460 706//730 749//461
f 774//793 347//379 324//363
f 467//572 751//774 820//838
f 812//832 818//504 762//796
f 782//797 768//787 506//488
f 479//523 744//769 764//810
f 438//478 789//805 817//479
f 438//478 823//842 789//805
f 822//466 743//768 772//790
f 447//448 795//817 500//483
f 460//561 814//834 804//491
f 502//486 760//782 444//445
f 439//518 736//761 786//803
f 462//579 825//847 826//850
f 462//579 824//844 825//847
f 484//542 808//843 821//840
f 499//482 812//832 782//797
f 509//514 748//772 819//851
f 486//565 816//836 823//842
f 508//494 745//770 822//466
f 511//571 733//757 467//572
f 772//790 802//822 831//852
f 487//528 726//751 737//762
f 829//848 790//807 828//454
f 522//547 813//833 738//763
f 522//547 738//763 493//475
f 497//556 806//827 724//748
f 437//443 436//442 755//517
f 451//450 786//803 798//451
f 481//849 765//784 815//835
f 500//483 814//834 460//561
f 450//506 803//823 788//825
f 450//506 788//825 829//848
f 458//525 727//752 463//502
f 472//498 820//838 780//795
f 472//498 780//795 515//499
f 746//503 706//730 469//460
f 479//523 515//499 744//769
f 468//459 749//461 763//463
f 483//576 764//810 726//751
f 508//494 809//830 745//770
f 484//542 480//540 808//843
f 523//531 476//464 491//472
f 490//473 805//826 840//853
f 490//473 840//853 539//603
f 525//577 794//814 806//827
f 448//449 447//448 500//483
f 526//557 497//556 807//829
f 435//441 505//544 436//442
f 755//517 736//761 439//518
f 511//571 778//457 733//757
f 470//489 506//488 809//830
f 514//521 467//572 820//838
f 485//543 484//542 821//840
f 457//549 758//780 458//525
f 481//849 271//289 215//233
f 518//575 479//523 764//810
f 440//469 815//835 810//831
f 521//527 726//751 487//528
f 450//506 449//470 803//823
f 459//481 812//832 499//482
f 459//481 818//504 812//832
f 442//485 493//475 756//779
f 466//487 782//797 506//488
f 470//489 809//830 508//494
f 510//508 826//850 832//854
f 455//534 787//804 456//535
f 496//555 806//827 497//556
f 503//558 807//829 504//511
f 509//514 819//851 530//515
f 338//356 481//849 815//835
f 338//356 815//835 441//522
f 464//456 347//379 778//457
f 440//469 810//831 449//470
f 485//543 821//840 816//836
f 454//455 828//454 818//504
f 439//518 786//803 451//450
f 518//575 764//810 483//576
f 492//474 522//547 493//475
f 478//467 772//790 831//852
f 478//467 822//466 772//790
f 441//522 815//835 440//469
f 474//539 830//855 827//846
f 442//485 756//779 502//486
f 474//539 827//846 480//540
f 453//453 829//848 828//454
f 465//458 778//457 511//571
f 466//487 499//482 782//797
f 244//264 794//814 525//577
f 244//264 9//260 794//814
f 477//465 508//494 822//466
f 481//849 338//356 271//289
f 461//490 460//561 804//491
f 462//579 826//850 510//508
f 483//576 726//751 521//527
f 487//528 813//833 522//547
f 494//476 493//475 442//485
f 457//549 452//452 758//780
f 488//553 486//565 823//842
f 488//553 823//842 438//478
f 473//493 470//489 508//494
f 455//534 445//446 787//804
f 446//447 817//479 447//448
f 501//484 500//483 460//561
f 507//492 824//844 462//579
f 507//492 804//491 824//844
f 453//453 450//506 829//848
f 514//521 820//838 472//498
f 510//508 832//854 471//509
f 512//495 830//855 474//539
f 498//480 499//482 466//487
f 525//577 806//827 496//555
f 512//495 513//497 830//855
f 526//557 807//829 503//558
f 519//564 816//836 486//565
f 478//467 831//852 434//537
f 519//564 485//543 816//836
f 819//851 834//856 886//857
f 833//858 887//859 834//856
f 836//860 833//858 834//856
f 819//851 748//772 834//856
f 839//861 836//860 841//862
f 840//853 838//863 539//603
f 839//861 841//862 842//864
f 846//865 847//866 842//864
f 3637//628 843//867 685//707
f 849//868 848//869 666//703
f 643//665 849//868 666//703
f 643//665 851//870 849//868
f 850//871 849//868 851//870
f 850//871 851//870 852//872
f 646//669 835//873 709//747
f 605//646 852//872 851//870
f 605//646 853//874 852//872
f 890//875 586//604 837//876
f 853//874 605//646 575//605
f 852//872 853//874 854//877
f 853//874 575//605 854//877
f 837//876 855//878 892//879
f 856//880 854//877 857//881
f 575//605 857//881 854//877
f 858//882 855//878 837//876
f 575//605 538//536 857//881
f 586//604 838//863 837//876
f 586//604 539//603 838//863
f 858//882 837//876 838//863
f 1161//883 856//880 857//881
f 858//882 838//863 840//853
f 861//884 858//882 840//853
f 1161//883 857//881 865//885
f 434//537 857//881 538//536
f 434//537 865//885 857//881
f 840//853 868//886 861//884
f 869//887 861//884 868//886
f 870//888 865//885 434//537
f 101//86 872//789 871//889
f 870//888 434//537 873//890
f 873//890 1155//891 870//888
f 868//886 840//853 805//826
f 434//537 831//852 873//890
f 805//826 869//887 868//886
f 805//826 843//867 869//887
f 831//852 802//822 873//890
f 1155//891 873//890 802//822
f 874//892 1244//811 769//788
f 843//867 1197//893 869//887
f 802//822 875//894 1155//891
f 876//895 1155//891 875//894
f 844//896 1197//893 843//867
f 685//707 843//867 805//826
f 877//897 860//898 876//895
f 877//897 876//895 875//894
f 845//899 844//896 843//867
f 878//900 761//783 730//754
f 879//901 864//902 895//903
f 879//901 895//903 640//701
f 880//904 878//900 730//754
f 881//905 619//639 882//906
f 773//792 875//894 802//822
f 885//907 882//906 886//857
f 773//792 877//897 875//894
f 880//904 730//754 708//732
f 859//908 880//904 708//732
f 834//856 841//862 836//860
f 834//856 748//772 841//862
f 773//792 860//898 877//897
f 709//747 841//862 748//772
f 888//909 859//908 708//732
f 841//862 709//747 835//873
f 841//862 846//865 842//864
f 841//862 835//873 846//865
f 773//792 893//759 860//898
f 890//875 835//873 646//669
f 888//909 708//732 666//703
f 892//879 891//910 835//873
f 860//898 893//759 889//911
f 848//869 888//909 666//703
f 890//875 892//879 835//873
f 891//910 892//879 855//878
f 646//669 586//604 890//875
f 892//879 890//875 837//876
f 894//912 889//911 893//759
f 894//912 862//913 889//911
f 851//870 643//665 605//646
f 894//912 893//759 895//903
f 891//910 847//866 846//865
f 891//910 846//865 835//873
f 895//903 862//913 894//912
f 891//914 855//914 847//914
f 864//902 862//913 895//903
f 640//701 895//903 893//759
f 879//901 640//701 619//639
f 879//901 881//905 864//902
f 881//905 863//915 864//902
f 619//639 881//905 879//901
f 883//916 863//915 881//905
f 883//916 881//905 882//906
f 883//916 867//917 863//915
f 884//567 882//906 619//639
f 885//907 883//916 882//906
f 885//907 867//917 883//916
f 885//907 866//918 867//917
f 884//567 530//515 882//906
f 886//857 882//906 530//515
f 834//856 887//859 886//857
f 885//907 886//857 887//859
f 866//918 885//907 887//859
f 530//515 819//851 886//857
f 1555//919 909//920 910//921
f 1604//922 917//923 1001//924
f 1622//925 917//923 1604//922
f 1471//926 918//927 1451//928
f 1567//929 927//930 928//931
f 1002//932 927//930 1567//929
f 897//933 925//934 1609//935
f 1611//936 951//937 944//938
f 913//939 1030//940 1405//941
f 958//942 916//943 1612//944
f 975//945 959//946 1593//947
f 942//948 963//949 1614//950
f 1614//950 963//949 912//951
f 992//952 973//953 958//942
f 940//954 976//955 1490//956
f 1490//956 976//955 903//957
f 979//958 972//959 915//960
f 1453//961 984//962 1202//963
f 1495//964 984//962 1453//961
f 907//965 1598//966 987//967
f 937//968 997//969 998//970
f 998//970 997//969 999//971
f 1603//972 946//973 931//974
f 930//975 1004//976 1620//977
f 1620//977 1004//976 960//978
f 901//979 978//980 1600//981
f 1550//982 911//983 966//984
f 1009//985 953//986 905//987
f 960//978 901//979 1601//988
f 1599//989 1014//990 930//975
f 900//991 944//938 985//992
f 1569//993 970//994 896//995
f 1563//996 1018//997 1003//998
f 920//999 1018//997 1563//996
f 1539//1000 999//971 921//1001
f 1606//1002 1022//1003 972//959
f 1602//1004 1024//1005 1557//1006
f 971//1007 949//1008 950//1009
f 1621//1010 1025//1011 953//986
f 916//943 1025//1011 1621//1010
f 1584//1012 935//1013 983//1014
f 936//1015 1028//1016 1529//1017
f 952//1018 1029//1019 899//1020
f 978//980 951//937 1611//936
f 897//933 1031//1021 925//934
f 919//1022 1032//1023 977//1024
f 985//992 1033//1025 986//1026
f 1594//1027 1034//1028 1035//1029
f 981//1030 1034//1028 1594//1027
f 1597//1031 1008//1032 955//1033
f 1575//1034 1003//998 914//1035
f 1020//1036 1037//1037 1578//1038
f 1578//1038 1037//1037 906//1039
f 958//942 973//953 916//943
f 905//987 1038//1040 956//1041
f 967//1042 923//1043 968//1044
f 933//1045 1014//990 1599//989
f 934//1046 994//1047 993//1048
f 907//965 1039//1049 1608//1050
f 1571//1051 1040//1052 947//1053
f 926//1054 1040//1052 1571//1051
f 1015//1055 1041//1056 939//1057
f 901//979 1042//1058 978//980
f 1549//1059 955//1033 940//954
f 959//946 1043//1060 1533//1061
f 1533//1061 1043//1060 904//1062
f 1484//1063 1044//1064 932//1065
f 1529//1017 1044//1064 1484//1063
f 957//1066 1045//1067 1622//925
f 960//978 1046//1068 901//979
f 1622//925 1045//1067 917//923
f 938//1069 1047//1070 937//968
f 983//1014 1048//1071 964//1072
f 962//1073 1031//1021 897//933
f 939//1057 980//1074 1579//1075
f 1000//1076 945//1077 1561//1078
f 903//957 976//955 1021//1079
f 925//934 1050//1080 946//973
f 1024//1005 1619//1081 1557//1006
f 1555//919 1051//1082 909//920
f 995//1083 1051//1082 1555//919
f 921//1001 1022//1003 1606//1002
f 971//1007 989//1084 949//1008
f 1582//1085 914//1035 898//1086
f 1616//1087 1006//1088 935//1013
f 933//1045 1052//1089 1014//990
f 923//1043 1032//1023 919//1022
f 928//931 1053//1090 938//1069
f 1598//966 912//951 987//967
f 1012//1091 1054//1092 990//1093
f 940//954 1055//1094 976//955
f 903//957 1021//1079 1010//1095
f 992//952 1056//1096 973//953
f 967//1042 1057//1097 923//1043
f 991//1098 1058//1099 1017//1100
f 990//1093 1058//1099 991//1098
f 986//1026 1059//1101 988//1102
f 988//1102 1059//1101 992//952
f 930//975 1014//990 1004//976
f 1581//1103 1061//1104 941//1105
f 996//1106 1061//1104 1581//1103
f 1001//924 1062//1107 942//948
f 942//948 1062//1107 963//949
f 904//1062 1063//1108 1027//1109
f 1005//1110 1064//1111 961//1112
f 945//1077 1065//1113 995//1083
f 946//973 1066//1114 931//974
f 982//1115 1052//1089 933//1045
f 939//1057 1080//1116 980//1074
f 896//995 1067//1117 922//1118
f 1015//1055 1068//1119 1041//1056
f 970//994 1067//1117 896//995
f 994//1047 1068//1119 1015//1055
f 923//1043 1060//1120 1032//1023
f 929//1121 1069//1122 1602//1004
f 2066//1123 1057//1097 967//1042
f 898//1086 1070//1124 1617//1125
f 1617//1125 1070//1124 1019//1126
f 1619//1081 1071//1127 1049//1128
f 907//965 987//967 1039//1049
f 944//938 1072//1129 985//992
f 985//992 1072//1129 1033//1025
f 974//1130 918//927 1073//1131
f 1025//1011 1074//1132 953//986
f 1523//1133 1075//1134 929//1121
f 936//1015 908//1135 1028//1016
f 932//1065 1076//1136 1005//1110
f 927//930 1053//1090 928//931
f 1005//1110 1076//1136 1064//1111
f 975//945 1019//1126 959//946
f 950//1009 949//1008 1077//1137
f 1010//1095 1078//1138 1471//926
f 901//979 1046//1068 1042//1058
f 1079//1139 1052//1089 982//1115
f 1023//1140 1081//1141 934//1046
f 934//1046 1081//1141 994//1047
f 925//934 1082//1142 1050//1080
f 1004//976 1083//1143 960//978
f 960//978 1083//1143 1046//1068
f 1014//990 1084//1144 1004//976
f 937//968 1047//1070 997//969
f 1027//1109 1085//1145 1026//1146
f 952//1018 1086//1147 1029//1019
f 906//1039 1086//1147 952//1018
f 963//949 1087//1148 912//951
f 972//959 1088//1149 915//960
f 953//986 1089//1150 905//987
f 957//1066 1090//1151 1045//1067
f 931//974 1090//1151 957//1066
f 1036//1152 1091//1153 920//999
f 956//1041 1124//1154 969//1155
f 929//1121 1075//1134 1069//1122
f 920//999 1091//1153 1018//997
f 1002//932 1092//1156 927//930
f 1016//1157 1092//1156 1002//932
f 1495//964 1093//1158 984//962
f 961//1112 1093//1158 1495//964
f 973//953 1094//1159 916//943
f 916//943 1094//1159 1025//1011
f 1013//1160 1095//1161 1011//1162
f 977//1024 1096//1163 1007//1164
f 986//1026 1097//1165 1059//1101
f 1033//1025 1097//1165 986//1026
f 1007//1164 1096//1163 962//1073
f 1523//1133 966//984 1075//1134
f 1202//963 1098//1166 913//939
f 984//962 1098//1166 1202//963
f 948//1167 1099//1168 908//1135
f 947//1053 1099//1168 948//1167
f 1587//1169 1100//1170 989//1084
f 1030//940 1101//1171 1372//1172
f 1020//1036 1102//1173 1037//1037
f 965//1174 1102//1173 1020//1036
f 981//1030 1103//1175 1034//1028
f 946//973 1050//1080 1066//1114
f 1000//1076 1104//1176 945//1077
f 915//960 1104//1176 1000//1076
f 917//923 1105//1177 1001//924
f 1001//924 1105//1177 1062//1107
f 910//921 909//920 1008//1032
f 1059//1101 1056//1096 992//952
f 914//1035 1106//1178 898//1086
f 955//1033 1055//1094 940//954
f 935//1013 1107//1179 983//1014
f 983//1014 1107//1179 1048//1071
f 1057//1097 1108//1180 923//1043
f 923//1043 1108//1180 1060//1120
f 1372//1172 1110//1181 943//1182
f 978//980 1109//1183 951//937
f 943//1182 1110//1181 1013//1160
f 956//1041 1038//1040 1124//1154
f 1619//1081 1024//1005 1071//1127
f 1031//1021 1082//1142 925//934
f 1003//998 1111//1184 914//1035
f 905//987 1089//1150 1038//1040
f 1011//1162 1112//1185 954//1186
f 951//937 1113//1187 944//938
f 944//938 1113//1187 1072//1129
f 1114//1188 1057//1097 2066//1123
f 1046//1068 1115//1189 1042//1058
f 1529//1017 1028//1016 1044//1064
f 973//953 1116//1190 1094//1159
f 939//1057 1041//1056 1080//1116
f 935//1013 1006//1088 1117//1191
f 1008//1032 1118//1192 955//1033
f 999//971 1119//1193 921//1001
f 921//1001 1119//1193 1022//1003
f 1060//1120 1120//1194 1032//1023
f 931//974 1066//1114 1090//1151
f 1026//1146 1040//1052 926//1054
f 980//1074 1103//1175 981//1030
f 1012//1091 1121//1195 1054//1092
f 899//1020 1121//1195 1012//1091
f 969//1155 1124//1154 970//994
f 970//994 1124//1154 1067//1117
f 1031//1021 1123//1196 1082//1142
f 912//951 1125//1197 987//967
f 938//1069 1053//1090 1047//1070
f 1042//1058 1109//1183 978//980
f 1004//976 1126//1198 1083//1143
f 1084//1144 1126//1198 1004//976
f 995//1083 1065//1113 1051//1082
f 1014//990 1127//1199 1084//1144
f 1052//1089 1127//1199 1014//990
f 990//1093 1054//1092 1058//1099
f 964//1072 1102//1173 965//1174
f 996//1106 866//918 1061//1104
f 1032//1023 1128//1200 977//1024
f 977//1024 1128//1200 1096//1163
f 1587//1169 902//1201 1100//1170
f 1022//1003 1088//1149 972//959
f 913//939 1129//1202 1030//940
f 1017//1100 1130//1203 1016//1157
f 1016//1157 1130//1203 1092//1156
f 1072//1129 1097//1165 1033//1025
f 1101//1171 1110//1181 1372//1172
f 1025//1011 1094//1159 1074//1132
f 914//1035 1111//1184 1106//1178
f 994//1047 1132//1204 1068//1119
f 1081//1141 1132//1204 994//1047
f 1056//1096 1116//1190 973//953
f 953//986 870//888 1089//1150
f 1117//1191 1107//1179 935//1013
f 898//1086 1106//1178 1070//1124
f 961//1112 1064//1111 1093//1158
f 922//1118 863//915 996//1106
f 941//1105 836//860 924//1205
f 1045//1067 1105//1177 917//923
f 1047//1070 1133//1206 997//969
f 1051//1082 1134//1207 909//920
f 1029//1019 1121//1195 899//1020
f 1037//1037 1135//1208 906//1039
f 906//1039 1135//1208 1086//1147
f 1027//1109 1063//1108 1085//1145
f 1109//1183 1136//1209 951//937
f 951//937 1136//1209 1113//1187
f 1046//1068 1137//1210 1115//1189
f 1083//1143 1137//1210 1046//1068
f 962//1073 1123//1196 1031//1021
f 1052//1089 1131//1211 1127//1199
f 1079//1139 1131//1211 1052//1089
f 1097//1165 1138//1212 1059//1101
f 1074//1132 870//888 953//986
f 947//1053 1139//1213 1099//1168
f 1040//1052 1139//1213 947//1053
f 904//1062 1140//1214 1063//1108
f 1043//1060 1140//1214 904//1062
f 1056//1096 1141//1215 1116//1190
f 1019//1126 1142//1216 959//946
f 912//951 1087//1148 1125//1197
f 959//946 1142//1216 1043//1060
f 1065//1113 1143//1217 1051//1082
f 989//1084 1144//1218 949//1008
f 927//930 1092//1156 1053//1090
f 1042//1058 1115//1189 1109//1183
f 1036//1152 1146//1219 1091//1153
f 1035//1029 1146//1219 1036//1152
f 1069//1122 1024//1005 1602//1004
f 908//1135 1147//1220 1028//1016
f 1129//1202 1101//1171 1030//940
f 1061//1104 836//860 941//1105
f 1088//1149 1148//1221 915//960
f 915//960 1148//1221 1104//1176
f 980//1074 1149//1222 1103//1175
f 1080//1116 1149//1222 980//1074
f 1053//1090 1150//1223 1047//1070
f 1084//1144 1127//1199 1126//1198
f 1059//1101 1151//1224 1056//1096
f 1013//1160 1152//1225 1095//1161
f 1113//1187 1154//1226 1072//1129
f 1072//1129 1154//1226 1097//1165
f 909//920 1134//1207 1008//1032
f 870//888 1155//891 1089//1150
f 1068//1119 1207//1227 1041//1056
f 1045//1067 1156//1228 1105//1177
f 999//971 1158//1229 1119//1193
f 997//969 1158//1229 999//971
f 913//939 1098//1166 1129//1202
f 1032//1023 1120//1194 1128//1200
f 1067//1117 863//915 922//1118
f 1026//1146 1085//1145 1040//1052
f 1066//1114 1159//1230 1090//1151
f 945//1077 1104//1176 1065//1113
f 996//1106 867//917 866//918
f 863//915 867//917 996//1106
f 1022//1003 1160//1231 1088//1149
f 1074//1132 1161//883 870//888
f 962//1073 1162//1232 1123//1196
f 1096//1163 1162//1232 962//1073
f 1018//997 1163//1233 1003//998
f 1003//998 1163//1233 1111//1184
f 1073//1131 918//927 1164//1234
f 955//1033 1118//1192 1055//1094
f 964//1072 1165//1235 1102//1173
f 1048//1071 1165//1235 964//1072
f 1011//1162 1095//1161 1112//1185
f 1114//1188 1166//1236 1057//1097
f 1138//1212 1151//1224 1059//1101
f 1008//1032 1167//1237 1118//1192
f 1108//1180 1168//1238 1060//1120
f 1060//1120 1168//1238 1120//1194
f 1038//1040 876//895 1124//1154
f 1054//1092 1169//1239 1058//1099
f 1056//1096 1151//1224 1141//1215
f 1097//1165 1170//1240 1138//1212
f 1105//1177 1171//1241 1062//1107
f 1121//1195 1172//1242 1054//1092
f 1126//1198 1173//1243 1083//1143
f 1083//1143 1173//1243 1137//1210
f 1058//1099 1174//1244 1017//1100
f 1017//1100 1174//1244 1130//1203
f 1067//1117 864//902 863//915
f 862//913 1124//1154 889//911
f 1067//1117 1124//1154 862//913
f 889//911 1124//1154 860//898
f 1150//1223 1175//1245 1047//1070
f 1028//1016 1176//1246 1044//1064
f 1047//1070 1175//1245 1133//1206
f 911//983 847//866 966//984
f 1074//1132 856//880 1161//883
f 1094//1159 856//880 1074//1132
f 1089//1150 876//895 1038//1040
f 1155//891 876//895 1089//1150
f 1090//1151 1156//1228 1045//1067
f 1471//926 1078//1138 918//927
f 1132//1204 1207//1227 1068//1119
f 1050//1080 1177//1247 1066//1114
f 1041//1056 1178//1248 1080//1116
f 1082//1142 1177//1247 1050//1080
f 1035//1029 1179//1249 1146//1219
f 1034//1028 1179//1249 1035//1029
f 1119//1193 1160//1231 1022//1003
f 876//895 860//898 1124//1154
f 1127//1199 1180//1250 1126//1198
f 1061//1104 866//918 887//859
f 924//1205 839//861 911//983
f 836//860 839//861 924//1205
f 1044//1064 1181//1251 932//1065
f 932//1065 1181//1251 1076//1136
f 966//984 855//878 1075//1134
f 1029//1019 1183//1252 1121//1195
f 1111//1184 1184//1253 1106//1178
f 1109//1183 1185//1254 1136//1209
f 1115//1189 1185//1254 1109//1183
f 1067//1117 862//913 864//902
f 1136//1209 1187//1255 1113//1187
f 1113//1187 1187//1255 1154//1226
f 1088//1149 1188//1256 1148//1221
f 865//885 870//888 1161//883
f 1043//1060 1189//1257 1140//1214
f 1154//1226 1170//1240 1097//1165
f 1061//1104 833//858 836//860
f 887//859 833//858 1061//1104
f 989//1084 1100//1170 1144//1218
f 1102//1173 1190//1258 1037//1037
f 1105//1177 1191//1259 1171//1241
f 1037//1037 1190//1258 1135//1208
f 847//866 855//878 966//984
f 1090//1151 1192//1260 1156//1228
f 854//877 856//880 1094//1159
f 911//983 842//864 847//866
f 839//861 842//864 911//983
f 1116//1190 854//877 1094//1159
f 852//872 854//877 1141//1215
f 1141//1215 854//877 1116//1190
f 1182//1261 1127//1199 1131//1211
f 1069//1122 861//884 1024//1005
f 1057//1097 1166//1236 1108//1180
f 1075//1134 855//878 1069//1122
f 1096//1163 1193//1262 1162//1232
f 1127//1199 1194//1263 1180//1250
f 1128//1200 1193//1262 1096//1163
f 1151//1224 850//871 1141//1215
f 1051//1082 1195//1264 1134//1207
f 1108//1180 1196//1265 1168//1238
f 1143//1217 1195//1264 1051//1082
f 1024//1005 1197//893 1071//1127
f 1126//1198 1180//1250 1173//1243
f 850//871 852//872 1141//1215
f 1147//1220 1176//1246 1028//1016
f 861//884 1197//893 1024//1005
f 954//1186 1198//1266 1145//1267
f 1112//1185 1198//1266 954//1186
f 987//967 1125//1197 1206//1268
f 1185//1254 1200//1269 1136//1209
f 1092//1156 1199//1270 1053//1090
f 1115//1189 1201//1271 1185//1254
f 1137//1210 1201//1271 1115//1189
f 1086//1147 1183//1252 1029//1019
f 849//868 850//871 1151//1224
f 1090//1151 1159//1230 1192//1260
f 1608//1050 1202//963 902//1201
f 1127//1199 1182//1261 1194//1263
f 1106//1178 1203//1272 1070//1124
f 1104//1176 1204//1273 1065//1113
f 1064//1111 1205//1274 1153//1275
f 1076//1136 1205//1274 1064//1111
f 1186//1276 976//955 1055//1094
f 987//967 1206//1268 1039//1049
f 858//882 861//884 855//878
f 855//878 861//884 1069//1122
f 861//884 869//887 1197//893
f 1021//1079 1225//1277 1010//1095
f 1138//1212 849//868 1151//1224
f 1138//1212 848//869 849//868
f 1170//1240 848//869 1138//1212
f 1156//1228 1191//1259 1105//1177
f 1070//1124 1208//1278 1019//1126
f 1102//1173 1209//1279 1190//1258
f 1019//1126 1208//1278 1142//1216
f 1071//1127 844//896 845//899
f 1133//1206 1211//1280 997//969
f 997//969 1211//1280 1158//1229
f 1040//1052 1210//1281 1139//1213
f 1123//1196 1212//1282 1082//1142
f 1082//1142 1212//1282 1177//1247
f 1063//1108 1213//1283 1085//1145
f 1182//1261 1214//1284 1194//1263
f 963//949 1215//1285 1087//1148
f 1062//1107 1215//1285 963//949
f 1121//1195 1217//1286 1172//1242
f 1197//893 844//896 1071//1127
f 888//909 1154//1226 859//908
f 1117//1191 1218//1287 1107//1179
f 1170//1240 1154//1226 888//909
f 1180//1250 1219//1288 1173//1243
f 1107//1179 1220//1289 1048//1071
f 1048//1071 1220//1289 1165//1235
f 1080//1116 1178//1248 1149//1222
f 888//909 848//869 1170//1240
f 1147//1220 1221//1290 1176//1246
f 1201//1271 1222//1291 1185//1254
f 1185//1254 1222//1291 1200//1269
f 1136//1209 1200//1269 1187//1255
f 1010//1095 1225//1277 1078//1138
f 1173//1243 1226//1292 1137//1210
f 1137//1210 1226//1292 1201//1271
f 1160//1231 1188//1256 1088//1149
f 1118//1192 1186//1276 1055//1094
f 1224//1293 1227//1294 1223//1295
f 1223//1295 1227//1294 1233//1296
f 1091//1153 1163//1233 1018//997
f 1187//1255 859//908 1154//1226
f 859//908 1187//1255 880//904
f 1054//1092 1172//1242 1169//1239
f 1008//1032 1134//1207 1167//1237
f 1120//1194 1230//1297 1128//1200
f 1207//1227 1178//1248 1041//1056
f 1194//1263 1219//1288 1180//1250
f 1064//1111 1153//1275 1093//1158
f 1085//1145 1232//1298 1040//1052
f 949//1008 1144//1218 1242//1299
f 1200//1269 880//904 1187//1255
f 1119//1193 1234//1300 1160//1231
f 1201//1271 1226//1292 1222//1291
f 1058//1099 1169//1239 1174//1244
f 1224//1293 1239//1301 1227//1294
f 1173//1243 1235//1302 1226//1292
f 1219//1288 1235//1302 1173//1243
f 1214//1284 1236//1303 1194//1263
f 1194//1263 1236//1303 1219//1288
f 1200//1269 878//900 880//904
f 1135//1208 1183//1252 1086//1147
f 1228//1304 1237//1305 1224//1293
f 1608//1050 1039//1049 1202//963
f 1174//1244 1238//1306 1130//1203
f 1222//1291 878//900 1200//1269
f 761//783 1222//1291 769//788
f 1065//1113 1204//1273 1143//1217
f 1214//1284 1245//1307 1236//1303
f 1222//1291 761//783 878//900
f 949//1008 1242//1299 1077//1137
f 1226//1292 769//788 1222//1291
f 1034//1028 1243//1308 1179//1249
f 1103//1175 1243//1308 1034//1028
f 1235//1302 1244//811 1226//1292
f 1128//1200 1230//1297 1193//1262
f 1236//1303 1246//1309 1219//1288
f 1219//1288 1246//1309 1235//1302
f 1228//1304 1247//1310 1237//1305
f 1130//1203 1199//1270 1092//1156
f 1244//811 874//892 1226//1292
f 1224//1293 1248//1311 1239//1301
f 1053//1090 1199//1270 1150//1223
f 1226//1292 874//892 769//788
f 1245//1307 1246//1309 1236//1303
f 1013//1160 1110//1181 1152//1225
f 1183//1252 1217//1286 1121//1195
f 1228//1304 1240//1312 1247//1310
f 1235//1302 1246//1309 1244//811
f 1246//1309 801//820 1244//811
f 1143//1217 1249//1313 1195//1264
f 801//820 1246//1309 872//789
f 1158//1229 1234//1300 1119//1193
f 1245//1307 872//789 1246//1309
f 871//889 872//789 1245//1307
f 1114//1188 1251//1314 1166//1236
f 1157//1315 1251//1314 1114//1188
f 1227//1294 1250//1316 1233//1296
f 1166//1236 1196//1265 1108//1180
f 1111//1184 1163//1233 1184//1253
f 1188//1256 1252//1317 1148//1221
f 1099//1168 1253//1318 908//1135
f 908//1135 1253//1318 1147//1220
f 1224//1293 1237//1305 1248//1311
f 902//1201 1405//941 1100//1170
f 1240//1312 1254//1319 1247//1310
f 1196//1265 1255//1320 1168//1238
f 1142//1216 1256//1321 1043//1060
f 1043//1060 1256//1321 1189//1257
f 1044//1064 1176//1246 1181//1251
f 1227//1294 1239//1301 1250//1316
f 1145//1267 1229//1322 1257//1323
f 1091//1153 1258//1324 1163//1233
f 1133//1206 1259//1325 1211//1280
f 1135//1208 1260//1326 1183//1252
f 1087//1148 1231//1327 1125//1197
f 1240//1312 2167//1328 1254//1319
f 1233//1296 1250//1316 1261//1329
f 1106//1178 1184//1253 1203//1272
f 1062//1107 1171//1241 1215//1285
f 1098//1166 1263//1330 1129//1202
f 1040//1052 1232//1298 1210//1281
f 1239//1301 1264//1331 1250//1316
f 1104//1176 1148//1221 1204//1273
f 1165//1235 1265//1332 1102//1173
f 1102//1173 1265//1332 1209//1279
f 1266//1333 1178//1248 1207//1227
f 1237//1305 1267//1334 1248//1311
f 1160//1231 1268//1335 1188//1256
f 1248//1311 1264//1331 1239//1301
f 1183//1252 1269//1336 1217//1286
f 1162//1232 1270//1337 1123//1196
f 1123//1196 1270//1337 1212//1282
f 984//962 1271//1338 1098//1166
f 1166//1236 1272//1339 1196//1265
f 1248//1311 1273//1340 1264//1331
f 1247//1310 1267//1334 1237//1305
f 1120//1194 1168//1238 1230//1297
f 1107//1179 1304//1341 1220//1289
f 1218//1287 1304//1341 1107//1179
f 1250//1316 1264//1331 1261//1329
f 1163//1233 1274//1342 1184//1253
f 1254//1319 1275//1343 1247//1310
f 1247//1310 1275//1343 1267//1334
f 1248//1311 1267//1334 1273//1340
f 1158//1229 1276//1344 1234//1300
f 1118//1192 1277//1345 1186//1276
f 1070//1124 1203//1272 1208//1278
f 1066//1114 1279//1346 1159//1230
f 1167//1237 1278//1347 1118//1192
f 1177//1247 1279//1346 1066//1114
f 2167//1328 1280//1348 1254//1319
f 1254//1319 1280//1348 1275//1343
f 1145//1267 1198//1266 1229//1322
f 1175//1245 1259//1325 1133//1206
f 1085//1145 1213//1283 1232//1298
f 1172//1242 1282//1349 1169//1239
f 1146//1219 1258//1324 1091//1153
f 1188//1256 1283//1350 1252//1317
f 1987//1351 1284//1352 2125//1353
f 1143//1217 1285//1354 1249//1313
f 1204//1273 1285//1354 1143//1217
f 1262//1355 1280//1348 2167//1328
f 1267//1334 1286//1356 1273//1340
f 1077//1137 1242//1299 1241//1357
f 1148//1221 1287//1358 1204//1273
f 1178//1248 1288//1359 1149//1222
f 1199//1270 1289//1360 1150//1223
f 1150//1223 1289//1360 1175//1245
f 1130//1203 1238//1306 1199//1270
f 1273//1340 1297//1361 1264//1331
f 1262//1355 1290//1362 1280//1348
f 2125//1353 1290//1362 1262//1355
f 1192//1260 1291//1363 1156//1228
f 1234//1300 1268//1335 1160//1231
f 1230//1297 1292//1364 1193//1262
f 1216//1365 1251//1314 1157//1315
f 1087//1148 1215//1285 1231//1327
f 1156//1228 1293//1366 1191//1259
f 1099//1168 1294//1367 1253//1318
f 1139//1213 1294//1367 1099//1168
f 1251//1314 1272//1339 1166//1236
f 1140//1214 1296//1368 1063//1108
f 1063//1108 1296//1368 1213//1283
f 1264//1331 1297//1361 1261//1329
f 1103//1175 1298//1369 1243//1308
f 1149//1222 1298//1369 1103//1175
f 1275//1343 1299//1370 1267//1334
f 1284//1352 1300//1371 2125//1353
f 1175//1245 1301//1372 1259//1325
f 2125//1353 1300//1371 1290//1362
f 1191//1259 1302//1373 1171//1241
f 1168//1238 1303//1374 1230//1297
f 1078//1138 1305//1375 918//927
f 1211//1280 1276//1344 1158//1229
f 1255//1320 1306//1376 1168//1238
f 1278//1347 1277//1345 1118//1192
f 1159//1230 1291//1363 1192//1260
f 1184//1253 1307//1377 1203//1272
f 1267//1334 1299//1370 1286//1356
f 1152//1225 1309//1378 1095//1161
f 1095//1161 1309//1378 1112//1185
f 1171//1241 1308//1379 1215//1285
f 1193//1262 1310//1380 1162//1232
f 1162//1232 1310//1380 1270//1337
f 1280//1348 1311//1381 1275//1343
f 1275//1343 1311//1381 1299//1370
f 1190//1258 1313//1382 1135//1208
f 1135//1208 1313//1382 1260//1326
f 1209//1279 1313//1382 1190//1258
f 1129//1202 1314//1383 1101//1171
f 1284//1352 1315//1384 1300//1371
f 1295//1385 1315//1384 1284//1352
f 1273//1340 1316//1386 1297//1361
f 1286//1356 1316//1386 1273//1340
f 1165//1235 1317//1387 1265//1332
f 1220//1289 1317//1387 1165//1235
f 1101//1171 1318//1388 1110//1181
f 1261//1329 1297//1361 1319//1389
f 1147//1220 1253//1318 1221//1290
f 1204//1273 1320//1390 1285//1354
f 1183//1252 1260//1326 1269//1336
f 1169//1239 1282//1349 1174//1244
f 1093//1158 1271//1338 984//962
f 1295//1385 1312//1391 1315//1384
f 1146//1219 1321//1392 1258//1324
f 1179//1249 1321//1392 1146//1219
f 1142//1216 1208//1278 1256//1321
f 1181//1251 1323//1393 1076//1136
f 1076//1136 1323//1393 1205//1274
f 1290//1362 1324//1394 1280//1348
f 1280//1348 1324//1394 1311//1381
f 1125//1197 1325//1395 1206//1268
f 1212//1282 1326//1396 1177//1247
f 1177//1247 1326//1396 1279//1346
f 1134//1207 1195//1264 1167//1237
f 1252//1317 1327//1397 1148//1221
f 1148//1221 1327//1397 1287//1358
f 1251//1314 1328//1398 1272//1339
f 1299//1370 1329//1399 1286//1356
f 1305//1375 1164//1234 918//927
f 1272//1339 1330//1400 1196//1265
f 1188//1256 1268//1335 1283//1350
f 1238//1306 1332//1401 1199//1270
f 1172//1242 1333//1402 1282//1349
f 1217//1286 1333//1402 1172//1242
f 1300//1371 1335//1403 1290//1362
f 1290//1362 1335//1403 1324//1394
f 1297//1361 1322//1404 1319//1389
f 1205//1274 1336//1405 1153//1275
f 1281//1406 1342//1407 1216//1365
f 1311//1381 1337//1408 1299//1370
f 1299//1370 1337//1408 1329//1399
f 1297//1361 1316//1386 1322//1404
f 1258//1324 1338//1409 1163//1233
f 1286//1356 1339//1410 1316//1386
f 1163//1233 1338//1409 1274//1342
f 1329//1399 1339//1410 1286//1356
f 1184//1253 1340//1411 1307//1377
f 1178//1248 5562//1412 1288//1359
f 1266//1333 5562//1412 1178//1248
f 1168//1238 1306//1376 1303//1374
f 1167//1237 1341//1413 1278//1347
f 1216//1365 1342//1407 1251//1314
f 1093//1158 1343//1414 1271//1338
f 1213//1283 1344//1415 1232//1298
f 1287//1358 1320//1390 1204//1273
f 1315//1384 1335//1403 1300//1371
f 1189//1257 1296//1368 1140//1214
f 1232//1298 1345//1416 1210//1281
f 1259//1325 1276//1344 1211//1280
f 1331//1417 1347//1418 1312//1391
f 1312//1391 1347//1418 1315//1384
f 1279//1346 1348//1419 1159//1230
f 1159//1230 1348//1419 1291//1363
f 1311//1381 1324//1394 1337//1408
f 1174//1244 1349//1420 1238//1306
f 902//1201 1202//963 1405//941
f 1315//1384 1350//1421 1335//1403
f 1206//1268 1351//1422 1039//1049
f 976//955 1353//1423 1021//1079
f 1346//1424 1347//1418 1331//1417
f 1292//1364 1354//1425 1193//1262
f 1193//1262 1354//1425 1310//1380
f 1196//1265 1330//1400 1255//1320
f 1221//1290 1355//1426 1176//1246
f 1191//1259 1293//1366 1302//1373
f 1316//1386 1356//1427 1322//1404
f 1337//1408 1357//1428 1329//1399
f 1265//1332 1358//1429 1209//1279
f 1209//1279 1358//1429 1313//1382
f 1129//1202 1359//1430 1314//1383
f 1263//1330 1359//1430 1129//1202
f 1335//1403 1360//1431 1324//1394
f 1347//1418 1362//1432 1315//1384
f 1315//1384 1362//1432 1350//1421
f 1291//1363 1293//1366 1156//1228
f 1125//1197 1363//1433 1325//1395
f 1098//1166 1271//1338 1263//1330
f 1288//1359 1364//1434 1149//1222
f 1149//1222 1364//1434 1298//1369
f 1324//1394 1366//1435 1337//1408
f 1230//1297 1303//1374 1292//1364
f 1316//1386 1339//1410 1356//1427
f 1276//1344 1367//1436 1234//1300
f 1274//1342 1340//1411 1184//1253
f 1313//1382 1368//1437 1260//1326
f 1304//1341 1369//1438 1220//1289
f 1220//1289 1369//1438 1317//1387
f 1249//1313 1370//1439 1195//1264
f 1260//1326 1371//1440 1269//1336
f 1242//1299 1372//1172 1241//1357
f 1335//1403 1373//1441 1360//1431
f 1234//1300 1374//1442 1268//1335
f 1352//1443 1375//1444 1346//1424
f 1175//1245 1376//1445 1301//1372
f 1289//1360 1376//1445 1175//1245
f 1329//1399 1377//1446 1339//1410
f 1139//1213 1378//1447 1294//1367
f 1210//1281 1378//1447 1139//1213
f 1110//1181 1309//1378 1152//1225
f 1282//1349 1349//1420 1174//1244
f 1324//1394 1360//1431 1366//1435
f 1199//1270 1379//1448 1289//1360
f 1332//1401 1379//1448 1199//1270
f 1347//1418 1380//1449 1362//1432
f 1346//1424 1380//1449 1347//1418
f 1179//1249 1381//1450 1321//1392
f 1243//1308 1381//1450 1179//1249
f 1335//1403 1382//1451 1373//1441
f 1217//1286 1383//1452 1333//1402
f 1350//1421 1382//1451 1335//1403
f 1269//1336 1383//1452 1217//1286
f 1375//1444 1385//1453 1346//1424
f 1198//1266 1386//1454 1229//1322
f 1078//1138 1225//1277 1305//1375
f 1291//1363 1387//1455 1293//1366
f 1231//1327 1363//1433 1125//1197
f 1186//1276 1353//1423 976//955
f 1195//1264 1341//1413 1167//1237
f 1329//1399 1357//1428 1377//1446
f 1238//1306 1349//1420 1332//1401
f 1203//1272 1388//1456 1208//1278
f 1212//1282 1389//1457 1326//1396
f 1270//1337 1389//1457 1212//1282
f 1176//1246 1390//1458 1181//1251
f 1181//1251 1390//1458 1323//1393
f 1309//1378 1391//1459 1112//1185
f 1272//1339 1328//1398 1330//1400
f 1253//1318 1393//1460 1221//1290
f 1322//1404 1392//1461 1319//1389
f 1319//1389 1392//1461 1394//1462
f 1333//1402 1365//1463 1282//1349
f 1171//1241 1302//1373 1308//1379
f 1346//1424 1385//1453 1380//1449
f 1255//1320 1395//1464 1306//1376
f 1281//1406 1396//1465 1342//1407
f 1339//1410 1377//1446 1356//1427
f 1397//1466 1385//1453 1375//1444
f 1323//1393 1336//1405 1205//1274
f 1359//1430 1398//1467 1314//1383
f 1353//1423 1399//1468 1021//1079
f 1350//1421 1400//1469 1382//1451
f 1362//1432 1400//1469 1350//1421
f 1259//1325 1401//1470 1276//1344
f 1301//1372 1401//1470 1259//1325
f 1356//1427 1392//1461 1322//1404
f 1279//1346 1402//1471 1348//1419
f 1326//1396 1402//1471 1279//1346
f 5562//1412 1364//1434 1288//1359
f 1313//1382 1403//1472 1368//1437
f 1101//1171 1314//1383 1318//1388
f 1153//1275 1404//1473 1093//1158
f 1093//1158 1404//1473 1343//1414
f 1100//1170 1405//941 1144//1218
f 1208//1278 1406//1474 1256//1321
f 1366//1435 1407//1475 1337//1408
f 1337//1408 1407//1475 1357//1428
f 1342//1407 1408//1476 1251//1314
f 1251//1314 1408//1476 1328//1398
f 1282//1349 1365//1463 1349//1420
f 1338//1409 1340//1411 1274//1342
f 1357//1428 1409//1477 1377//1446
f 1164//1234 1305//1375 1384//1478
f 1258//1324 1410//1479 1338//1409
f 1229//1322 1361//1480 1257//1323
f 1283//1350 1411//1481 1252//1317
f 1252//1317 1411//1481 1327//1397
f 1360//1431 1412//1482 1366//1435
f 1144//1218 1445//1483 1242//1299
f 1296//1368 1413//1484 1213//1283
f 1213//1283 1413//1484 1344//1415
f 1373//1441 1412//1482 1360//1431
f 1289//1360 1414//1485 1376//1445
f 1189//1257 1415//1486 1296//1368
f 1256//1321 1415//1486 1189//1257
f 1112//1185 1386//1454 1198//1266
f 1377//1446 1417//1487 1356//1427
f 1380//1449 1419//1488 1362//1432
f 1362//1432 1419//1488 1400//1469
f 1397//1466 1420//1489 1385//1453
f 1366//1435 1412//1482 1407//1475
f 1328//1398 1423//1490 1330//1400
f 1285//1354 1424//1491 1249//1313
f 1249//1313 1424//1491 1370//1439
f 1320//1390 1425//1492 1285//1354
f 1327//1397 1426//1493 1287//1358
f 1334//1494 1396//1465 1281//1406
f 1358//1429 1403//1472 1313//1382
f 1477//1495 1364//1434 5562//1412
f 1268//1335 1427//1496 1283//1350
f 1374//1442 1427//1496 1268//1335
f 1318//1388 1428//1497 1110//1181
f 1110//1181 1428//1497 1309//1378
f 1400//1469 1429//1498 1382//1451
f 1210//1281 1345//1416 1378//1447
f 1260//1326 1368//1437 1371//1440
f 1330//1400 1395//1464 1255//1320
f 1377//1446 1409//1477 1417//1487
f 1385//1453 1419//1488 1380//1449
f 1232//1298 1344//1415 1345//1416
f 1310//1380 1389//1457 1270//1337
f 1195//1264 1370//1439 1341//1413
f 1397//1466 1430//1499 1420//1489
f 1431//1500 1430//1499 1397//1466
f 1269//1336 1371//1440 1383//1452
f 1385//1453 1420//1489 1422//1501
f 1303//1374 1432//1502 1292//1364
f 1292//1364 1432//1502 1354//1425
f 1355//1426 1390//1458 1176//1246
f 1215//1285 1433//1503 1231//1327
f 1231//1327 1433//1503 1363//1433
f 1419//1488 1434//1504 1400//1469
f 1367//1436 1374//1442 1234//1300
f 1385//1453 1422//1501 1419//1488
f 1338//1409 1435//1505 1340//1411
f 1369//1438 1437//1506 1317//1387
f 1412//1482 1436//1507 1407//1475
f 1263//1330 1438//1508 1359//1430
f 1271//1338 1438//1508 1263//1330
f 1356//1427 1439//1509 1392//1461
f 1321//1392 1410//1479 1258//1324
f 1332//1401 1440//1510 1379//1448
f 1349//1420 1440//1510 1332//1401
f 1265//1332 1441//1511 1358//1429
f 1317//1387 1441//1511 1265//1332
f 1408//1476 1421//1512 1328//1398
f 1382//1451 1442//1513 1373//1441
f 1373//1441 1442//1513 1412//1482
f 1365//1463 1444//1514 1349//1420
f 1407//1475 1446//1515 1357//1428
f 1307//1377 1388//1456 1203//1272
f 1298//1369 1381//1450 1243//1308
f 1409//1477 1447//1516 1417//1487
f 1358//1429 1448//1517 1403//1472
f 1229//1322 1418//1518 1361//1480
f 1356//1427 1417//1487 1439//1509
f 1421//1512 1423//1490 1328//1398
f 1334//1494 1449//1519 1396//1465
f 1294//1367 1450//1520 1253//1318
f 1253//1318 1450//1520 1393//1460
f 1257//1323 1451//928 1122//1521
f 1277//1345 1452//1522 1186//1276
f 1039//1049 1453//961 1202//963
f 1021//1079 1399//1468 1225//1277
f 1293//1366 1454//1523 1302//1373
f 1283//1350 1427//1496 1411//1481
f 1420//1489 1455//1524 1422//1501
f 1296//1368 1456//1525 1413//1484
f 1320//1390 1457//1526 1425//1492
f 1391//1459 1386//1454 1112//1185
f 1287//1358 1457//1526 1320//1390
f 1429//1498 1458//1527 1382//1451
f 1382//1451 1458//1527 1442//1513
f 1434//1504 1429//1498 1400//1469
f 1422//1501 1464//1528 1419//1488
f 1370//1439 1459//1529 1341//1413
f 1330//1400 1462//1530 1395//1464
f 1336//1405 1461//1531 1153//1275
f 1153//1275 1461//1531 1404//1473
f 1342//1407 1396//1465 1408//1476
f 1276//1344 1463//1532 1367//1436
f 1401//1470 1463//1532 1276//1344
f 1407//1475 1436//1507 1446//1515
f 1291//1363 1348//1419 1387//1455
f 1221//1290 1393//1460 1355//1426
f 1419//1488 1464//1528 1434//1504
f 1306//1376 1395//1464 1303//1374
f 1389//1457 1465//1533 1326//1396
f 1327//1397 1411//1481 1426//1493
f 1326//1396 1465//1533 1402//1471
f 1310//1380 1467//1534 1389//1457
f 1289//1360 1468//1535 1414//1485
f 1379//1448 1468//1535 1289//1360
f 1376//1445 1469//1536 1301//1372
f 1301//1372 1469//1536 1401//1470
f 1431//1500 1460//1537 1430//1499
f 1383//1452 1470//1538 1333//1402
f 1257//1323 1471//926 1451//928
f 1144//1218 1405//941 1445//1483
f 1298//1369 1472//1539 1381//1450
f 1430//1499 1474//1540 1420//1489
f 1381//1450 1473//1541 1321//1392
f 1420//1489 1474//1540 1455//1524
f 1445//1483 1372//1172 1242//1299
f 1303//1374 1476//1542 1432//1502
f 1357//1428 1447//1516 1409//1477
f 1285//1354 1425//1492 1424//1491
f 1388//1456 1478//1543 1208//1278
f 1208//1278 1478//1543 1406//1474
f 1367//1436 1479//1544 1374//1442
f 1333//1402 1480//1545 1365//1463
f 1422//1501 1455//1524 1464//1528
f 1412//1482 1481//1546 1436//1507
f 1416//1547 1449//1519 1334//1494
f 1434//1504 1482//1548 1429//1498
f 1357//1428 1446//1515 1447//1516
f 1354//1425 1467//1534 1310//1380
f 1427//1496 1483//1549 1411//1481
f 1308//1379 1484//1063 1215//1285
f 1256//1321 1406//1474 1415//1486
f 1215//1285 1484//1063 1433//1503
f 1355//1426 1485//1550 1390//1458
f 1348//1419 1486//1551 1387//1455
f 1368//1437 1487//1552 1371//1440
f 1442//1513 1488//1553 1412//1482
f 1412//1482 1488//1553 1481//1546
f 1271//1338 1489//1554 1438//1508
f 1206//1268 1325//1395 1351//1422
f 1423//1490 1462//1530 1330//1400
f 1229//1322 1490//956 1418//1518
f 1430//1499 1491//1555 1474//1540
f 1460//1537 1491//1555 1430//1499
f 1387//1455 1492//1556 1293//1366
f 1293//1366 1492//1556 1454//1523
f 1186//1276 1452//1522 1353//1423
f 1429//1498 1493//1557 1458//1527
f 1371//1440 1470//1538 1383//1452
f 1349//1420 1444//1514 1440//1510
f 1408//1476 1494//1558 1421//1512
f 1287//1358 1426//1493 1457//1526
f 1437//1506 1441//1511 1317//1387
f 1351//1422 1495//964 1039//1049
f 1039//1049 1495//964 1453//961
f 1472//1539 1496//1559 1381//1450
f 1434//1504 1497//1560 1482//1548
f 1464//1528 1497//1560 1434//1504
f 1436//1507 1498//1561 1446//1515
f 1417//1487 1499//1562 1439//1509
f 1441//1511 1500//1563 1358//1429
f 1358//1429 1500//1563 1448//1517
f 1414//1485 1469//1536 1376//1445
f 1466//1564 1378//1447 1345//1416
f 1459//1529 1501//1565 1341//1413
f 1321//1392 1473//1541 1410//1479
f 1429//1498 1482//1548 1493//1557
f 1410//1479 1435//1505 1338//1409
f 1241//1357 943//1182 1475//1566
f 1442//1513 1458//1527 1488//1553
f 1309//1378 1428//1497 1391//1459
f 1392//1461 1439//1509 1394//1462
f 1257//1323 1361//1480 1471//926
f 1416//1547 1502//1567 1449//1519
f 1318//1388 1503//1568 1428//1497
f 1314//1383 1503//1568 1318//1388
f 1365//1463 1480//1545 1444//1514
f 1307//1377 1504//1569 1388//1456
f 1345//1416 1505//1570 1466//1564
f 1344//1415 1505//1570 1345//1416
f 1403//1472 1487//1552 1368//1437
f 1374//1442 1507//1571 1427//1496
f 1343//1414 1489//1554 1271//1338
f 1447//1516 1508//1572 1417//1487
f 1417//1487 1508//1572 1499//1562
f 1437//1506 1525//1573 1441//1511
f 2052//1574 1509//1575 1460//1537
f 1460//1537 1509//1575 1491//1555
f 1364//1434 1472//1539 1298//1369
f 1477//1495 1472//1539 1364//1434
f 1305//1375 1510//1576 1384//1478
f 1371//1440 1511//1577 1470//1538
f 1379//1448 1440//1510 1468//1535
f 1436//1507 1481//1546 1498//1561
f 1444//1514 1512//1578 1440//1510
f 1367//1436 1463//1532 1479//1544
f 1415//1486 1513//1579 1296//1368
f 1296//1368 1513//1579 1456//1525
f 1396//1465 1494//1558 1408//1476
f 1333//1402 1470//1538 1480//1545
f 1455//1524 1515//1580 1464//1528
f 1464//1528 1515//1580 1497//1560
f 1378//1447 1516//1581 1294//1367
f 1294//1367 1516//1581 1450//1520
f 1439//1509 1517//1582 1394//1462
f 1469//1536 1518//1583 1401//1470
f 1401//1470 1518//1583 1463//1532
f 1447//1516 1519//1584 1508//1572
f 1388//1456 1520//1585 1478//1543
f 1491//1555 1521//1586 1474//1540
f 1395//1464 1522//1587 1303//1374
f 1303//1374 1522//1587 1476//1542
f 1278//1347 1523//1133 1277//1345
f 1411//1481 1524//1588 1426//1493
f 1381//1450 1496//1559 1473//1541
f 1465//1533 1526//1589 1402//1471
f 1355//1426 1527//1590 1485//1550
f 1393//1460 1527//1590 1355//1426
f 1402//1471 1528//1591 1348//1419
f 1348//1419 1528//1591 1486//1551
f 1308//1379 1529//1017 1484//1063
f 1410//1479 1530//1592 1435//1505
f 1302//1373 1529//1017 1308//1379
f 1446//1515 1519//1584 1447//1516
f 1427//1496 1531//1593 1483//1549
f 1443//1594 1532//1595 1416//1547
f 1416//1547 1532//1595 1502//1567
f 1467//1534 1533//1061 1389//1457
f 1487//1552 1511//1577 1371//1440
f 1384//1478 1510//1576 1534//1596
f 1340//1411 1504//1569 1307//1377
f 1477//1495 1536//1597 1472//1539
f 1439//1509 1499//1562 1517//1582
f 1506//1598 1537//1599 2052//1574
f 1387//1455 1486//1551 1492//1556
f 1455//1524 1540//1600 1515//1580
f 1474//1540 1540//1600 1455//1524
f 1411//1481 1483//1549 1524//1588
f 1468//1535 1541//1601 1414//1485
f 1414//1485 1541//1601 1469//1536
f 1479//1544 1542//1602 1374//1442
f 1458//1527 1543//1603 1488//1553
f 1374//1442 1542//1602 1507//1571
f 1396//1465 1544//1604 1494//1558
f 1323//1393 1545//1605 1336//1405
f 1449//1519 1544//1604 1396//1465
f 1336//1405 1545//1605 1461//1531
f 1441//1511 1546//1606 1500//1563
f 1277//1345 1523//1133 1452//1522
f 1225//1277 1510//1576 1305//1375
f 1370//1439 1424//1491 1459//1529
f 1482//1548 1547//1607 1493//1557
f 1497//1560 1547//1607 1482//1548
f 1406//1474 1548//1608 1415//1486
f 1391//1459 1549//1059 1386//1454
f 1341//1413 1550//982 1278//1347
f 1501//1565 1550//982 1341//1413
f 1448//1517 1551//1609 1403//1472
f 1403//1472 1551//1609 1487//1552
f 1470//1538 1552//1610 1480//1545
f 1390//1458 1545//1605 1323//1393
f 1229//1322 1386//1454 1490//956
f 1480//1545 1554//1611 1444//1514
f 1537//1599 1509//1575 2052//1574
f 1398//1467 1555//919 1314//1383
f 1314//1383 1555//919 1503//1568
f 1509//1575 1556//1612 1491//1555
f 1491//1555 1556//1612 1521//1586
f 1446//1515 1498//1561 1519//1584
f 1399//1468 1557//1006 1225//1277
f 1507//1571 1531//1593 1427//1496
f 1325//1395 961//1112 1351//1422
f 1435//1505 1558//1613 1340//1411
f 1354//1425 1559//1614 1467//1534
f 1432//1502 1559//1614 1354//1425
f 1473//1541 1530//1592 1410//1479
f 1496//1559 1514//1615 1473//1541
f 1463//1532 1560//1616 1479//1544
f 1493//1557 1543//1603 1458//1527
f 1404//1473 1561//1078 1343//1414
f 1343//1414 1561//1078 1489//1554
f 1512//1578 1562//1617 1440//1510
f 1421//1512 1563//996 1423//1490
f 1525//1573 1546//1606 1441//1511
f 1389//1457 1533//1061 1465//1533
f 1340//1411 1558//1613 1504//1569
f 1344//1415 1565//1618 1505//1570
f 1413//1484 1565//1618 1344//1415
f 1474//1540 1566//1619 1540//1600
f 1521//1586 1566//1619 1474//1540
f 1485//1550 1539//1000 1390//1458
f 1378//1447 1567//929 1516//1581
f 1481//1546 1568//1620 1498//1561
f 1426//1493 1569//993 1457//1526
f 1225//1277 1557//1006 1510//1576
f 1493//1557 1570//1621 1543//1603
f 1539//1000 1545//1605 1390//1458
f 1486//1551 1571//1051 1492//1556
f 1554//1611 1512//1578 1444//1514
f 1518//1583 1553//1622 1463//1532
f 1487//1552 1572//1623 1511//1577
f 1440//1510 1573//1624 1468//1535
f 1515//1580 1574//1625 1497//1560
f 1497//1560 1574//1625 1547//1607
f 1423//1490 1575//1034 1462//1530
f 1535//1626 1576//1627 1506//1598
f 1278//1347 1550//982 1523//1133
f 1504//1569 1578//1038 1388//1456
f 1388//1456 1578//1038 1520//1585
f 1479//1544 1560//1616 1542//1602
f 1450//1520 1527//1590 1393//1460
f 1538//1628 1579//1075 1443//1594
f 1443//1594 1579//1075 1532//1595
f 1509//1575 1580//1629 1556//1612
f 1424//1491 1581//1103 1459//1529
f 1459//1529 1581//1103 1564//1630
f 1415//1486 1548//1608 1513//1579
f 1462//1530 1582//1085 1395//1464
f 1395//1464 1582//1085 1522//1587
f 1494//1558 1563//996 1421//1512
f 1488//1553 1568//1620 1481//1546
f 961//1112 1495//964 1351//1422
f 1473//1541 1584//1012 1530//1592
f 1302//1373 936//1015 1529//1017
f 1454//1523 936//1015 1302//1373
f 1468//1535 1585//1631 1541//1601
f 1586//1632 1577//1633 1535//1626
f 1536//1597 1588//1634 1472//1539
f 1472//1539 1588//1634 1496//1559
f 1480//1545 1552//1610 1554//1611
f 1500//1563 1589//1635 1448//1517
f 1448//1517 1589//1635 1551//1609
f 1553//1622 1560//1616 1463//1532
f 1476//1542 1559//1614 1432//1502
f 1547//1607 1570//1621 1493//1557
f 1402//1471 1526//1589 1528//1591
f 1525//1573 1590//1636 1546//1606
f 1325//1395 1363//1433 961//1112
f 1469//1536 1541//1601 1518//1583
f 1425//1492 1591//1637 1424//1491
f 1457//1526 1591//1637 1425//1492
f 1361//1480 1418//1518 1471//926
f 1521//1586 1556//1612 1566//1619
f 1490//956 903//957 1418//1518
f 1535//1626 1577//1633 1576//1627
f 1527//1590 998//970 1485//1550
f 1506//1598 1576//1627 1537//1599
f 1449//1519 1594//1027 1544//1604
f 1512//1578 1595//1638 1562//1617
f 1466//1564 1567//929 1378//1447
f 1551//1609 1572//1623 1487//1552
f 1562//1617 1573//1624 1440//1510
f 1540//1600 1574//1625 1515//1580
f 1518//1583 1596//1639 1553//1622
f 1509//1575 1537//1599 1580//1629
f 1547//1607 1583//1640 1570//1621
f 1428//1497 1597//1031 1391//1459
f 1413//1484 991//1098 1565//1618
f 1456//1525 991//1098 1413//1484
f 1488//1553 1598//966 1568//1620
f 1473//1541 1514//1615 1584//1012
f 1543//1603 1598//966 1488//1553
f 1549//1059 940//954 1386//1454
f 1524//1588 1569//993 1426//1493
f 1459//1529 1564//1630 1501//1565
f 1406//1474 952//1018 1548//1608
f 1478//1543 952//1018 1406//1474
f 1386//1454 940//954 1490//956
f 1461//1531 1000//1076 1404//1473
f 1404//1473 1000//1076 1561//1078
f 1551//1609 1599//989 1572//1623
f 1573//1624 1585//1631 1468//1535
f 1533//1061 1526//1589 1465//1533
f 1498//1561 902//1201 1519//1584
f 1519//1584 902//1201 1587//1169
f 1483//1549 1531//1593 1524//1588
f 1494//1558 920//999 1563//996
f 1511//1577 1601//988 1470//1538
f 1470//1538 1601//988 1552//1610
f 1435//1505 1530//1592 1558//1613
f 1359//1430 1555//919 1398//1467
f 1499//1562 950//1009 1517//1582
f 1466//1564 1002//932 1567//929
f 1486//1551 926//1054 1571//1051
f 1528//1591 926//1054 1486//1551
f 1555//919 910//921 1503//1568
f 1241//1357 1372//1172 943//1182
f 1467//1534 1593//947 1533//1061
f 1399//1468 1602//1004 1557//1006
f 1454//1523 948//1167 936//1015
f 1492//1556 948//1167 1454//1523
f 1423//1490 1563//996 1575//1034
f 1502//1567 1594//1027 1449//1519
f 1556//1612 1603//972 1566//1619
f 1532//1595 1594//1027 1502//1567
f 1559//1614 1593//947 1467//1534
f 1574//1625 1604//922 1547//1607
f 1547//1607 1604//922 1583//1640
f 1577//1633 1605//1641 1576//1627
f 1545//1605 1606//1002 1461//1531
f 1540//1600 1607//1642 1574//1625
f 1566//1619 1607//1642 1540//1600
f 1510//1576 1557//1006 1534//1596
f 1503//1568 1597//1031 1428//1497
f 1552//1610 1600//981 1554//1611
f 1568//1620 1608//1050 1498//1561
f 1451//928 974//1130 1122//1521
f 1391//1459 1597//1031 1549//1059
f 943//1182 1013//1160 1475//1566
f 1537//1599 1609//935 1580//1629
f 1500//1563 1610//1643 1589//1635
f 1546//1606 1610//1643 1500//1563
f 1554//1611 1611//936 1512//1578
f 1512//1578 1611//936 1595//1638
f 1504//1569 1020//1036 1578//1038
f 1558//1613 1020//1036 1504//1569
f 1553//1622 1612//944 1560//1616
f 1613//1644 919//1022 1586//1632
f 1586//1632 919//1022 1577//1633
f 1589//1635 1599//989 1551//1609
f 1538//1628 939//1057 1579//1075
f 1592//1645 939//1057 1538//1628
f 1543//1603 1614//950 1598//966
f 1505//1570 1002//932 1466//1564
f 1570//1621 1614//950 1543//1603
f 1457//1526 896//995 1591//1637
f 1452//1522 929//1121 1353//1423
f 1615//1646 1546//1606 1590//1636
f 1499//1562 971//1007 950//1009
f 1564//1630 924//1205 1501//1565
f 1544//1604 920//999 1494//1558
f 1581//1103 941//1105 1564//1630
f 1496//1559 1616//1087 1514//1615
f 1596//1639 958//942 1553//1622
f 1541//1601 1596//1639 1518//1583
f 1533//1061 904//1062 1526//1589
f 1527//1590 937//968 998//970
f 1462//1530 1575//1034 1582//1085
f 1498//1561 1608//1050 902//1201
f 1476//1542 1617//1125 1559//1614
f 1516//1581 928//931 1450//1520
f 1522//1587 1617//1125 1476//1542
f 1450//1520 928//931 1527//1590
f 1556//1612 1618//1647 1603//972
f 1580//1629 1618//1647 1556//1612
f 1445//1483 1030//940 1372//1172
f 1530//1592 983//1014 1558//1613
f 1557//1006 1619//1081 1534//1596
f 1568//1620 907//965 1608//1050
f 1572//1623 1620//977 1511//1577
f 1511//1577 1620//977 1601//988
f 1552//1610 1601//988 1600//981
f 1548//1608 1012//1091 1513//1579
f 1353//1423 929//1121 1399//1468
f 1560//1616 1621//1010 1542//1602
f 1532//1595 981//1030 1594//1027
f 1574//1625 1622//925 1604//922
f 1363//1433 1005//1110 961//1112
f 1520//1585 952//1018 1478//1543
f 1489//1554 1561//1078 1438//1508
f 1438//1508 995//1083 1359//1430
f 1359//1430 995//1083 1555//919
f 1461//1531 979//958 1000//1076
f 1508//1572 971//1007 1499//1562
f 1456//1525 990//1093 991//1098
f 1513//1579 990//1093 1456//1525
f 1537//1599 897//933 1609//935
f 1576//1627 897//933 1537//1599
f 1569//993 896//995 1457//1526
f 1485//1550 998//970 1539//1000
f 1606//1002 979//958 1461//1531
f 1363//1433 932//1065 1005//1110
f 1433//1503 932//1065 1363//1433
f 1566//1619 1603//972 1607//1642
f 958//942 1612//944 1553//1622
f 1615//1646 1610//1643 1546//1606
f 1541//1601 988//1102 1596//1639
f 1507//1571 1009//985 1531//1593
f 1559//1614 975//945 1593//947
f 1562//1617 900//991 1573//1624
f 1570//1621 942//948 1614//950
f 1514//1615 1616//1087 1584//1012
f 1534//1596 1619//1081 1049//1128
f 1202//963 913//939 1405//941
f 1519//1584 971//1007 1508//1572
f 1544//1604 1036//1152 920//999
f 1545//1605 921//1001 1606//1002
f 1580//1629 1609//935 1618//1647
f 1577//1633 919//1022 1605//1641
f 896//995 922//1118 1591//1637
f 1503//1568 910//921 1597//1031
f 1598//966 907//965 1568//1620
f 1554//1611 1600//981 1611//936
f 1524//1588 969//1155 1569//993
f 1583//1640 942//948 1570//1621
f 1612//944 1621//1010 1560//1616
f 1542//1602 1009//985 1507//1571
f 1610//1643 933//1045 1589//1635
f 1589//1635 933//1045 1599//989
f 1605//1641 897//933 1576//1627
f 1539//1000 921//1001 1545//1605
f 1573//1624 985//992 1585//1631
f 1519//1584 989//1084 971//1007
f 1579//1075 981//1030 1532//1595
f 1595//1638 900//991 1562//1617
f 979//958 915//960 1000//1076
f 1531//1593 956//1041 1524//1588
f 1574//1625 957//1066 1622//925
f 1607//1642 957//1066 1574//1625
f 1591//1637 996//1106 1424//1491
f 1424//1491 996//1106 1581//1103
f 1528//1591 1026//1146 926//1054
f 1526//1589 1026//1146 1528//1591
f 1585//1631 988//1102 1541//1601
f 1475//1566 1011//1162 954//1186
f 1405//941 1030//940 1445//1483
f 1523//1133 929//1121 1452//1522
f 1567//929 928//931 1516//1581
f 1620//977 960//978 1601//988
f 1605//1641 1007//1164 897//933
f 1597//1031 955//1033 1549//1059
f 1475//1566 1013//1160 1011//1162
f 1558//1613 965//1174 1020//1036
f 1550//982 966//984 1523//1133
f 1519//1584 1587//1169 989//1084
f 1563//996 1003//998 1575//1034
f 1565//1618 1016//1157 1505//1570
f 1505//1570 1016//1157 1002//932
f 1418//1518 1010//1095 1471//926
f 1594//1027 1036//1152 1544//1604
f 1593//947 959//946 1533//1061
f 998//970 999//971 1539//1000
f 1496//1559 1588//1634 1616//1087
f 1592//1645 1015//1055 939//1057
f 1584//1012 983//1014 1530//1592
f 988//1102 992//952 1596//1639
f 1595//1638 944//938 900//991
f 1612//944 916//943 1621//1010
f 1618//1647 946//973 1603//972
f 1399//1468 929//1121 1602//1004
f 1451//928 918//927 974//1130
f 1009//985 956//1041 1531//1593
f 1583//1640 1001//924 942//948
f 1604//922 1001//924 1583//1640
f 1524//1588 956//1041 969//1155
f 1599//989 930//975 1572//1623
f 928//931 938//1069 1527//1590
f 1572//1623 930//975 1620//977
f 1527//1590 938//1069 937//968
f 1621//1010 1009//985 1542//1602
f 1575//1034 914//1035 1582//1085
f 1609//935 925//934 1618//1647
f 1578//1038 906//1039 1520//1585
f 1520//1585 906//1039 952//1018
f 1579//1075 980//1074 981//1030
f 1522//1587 898//1086 1617//1125
f 1582//1085 898//1086 1522//1587
f 1548//1608 899//1020 1012//1091
f 952//1018 899//1020 1548//1608
f 1614//950 912//951 1598//966
f 1601//988 901//979 1600//981
f 900//991 985//992 1573//1624
f 1492//1556 947//1053 948//1167
f 1571//1051 947//1053 1492//1556
f 903//957 1010//1095 1418//1518
f 922//1118 996//1106 1591//1637
f 1484//1063 932//1065 1433//1503
f 969//1155 970//994 1569//993
f 1009//985 905//987 956//1041
f 983//1014 964//1072 1558//1613
f 1558//1613 964//1072 965//1174
f 1501//1565 911//983 1550//982
f 924//1205 911//983 1501//1565
f 1564//1630 941//1105 924//1205
f 1513//1579 1012//1091 990//1093
f 948//1167 908//1135 936//1015
f 1613//1644 923//1043 919//1022
f 968//1044 923//1043 1613//1644
f 1611//936 944//938 1595//1638
f 1610//1643 982//1115 933//1045
f 1615//1646 982//1115 1610//1643
f 1616//1087 935//1013 1584//1012
f 1607//1642 931//974 957//1066
f 1603//972 931//974 1607//1642
f 1596//1639 992//952 958//942
f 993//1048 994//1047 1015//1055
f 1559//1614 1019//1126 975//945
f 1617//1125 1019//1126 1559//1614
f 1588//1634 1006//1088 1616//1087
f 1561//1078 945//1077 1438//1508
f 1438//1508 945//1077 995//1083
f 1526//1589 904//1062 1027//1109
f 1585//1631 986//1026 988//1102
f 985//992 986//1026 1585//1631
f 1594//1027 1035//1029 1036//1152
f 1600//981 978//980 1611//936
f 1007//1164 962//1073 897//933
f 1618//1647 925//934 946//973
f 1565//1618 1017//1100 1016//1157
f 991//1098 1017//1100 1565//1618
f 1605//1641 977//1024 1007//1164
f 919//1022 977//1024 1605//1641
f 1606//1002 972//959 979//958
f 1621//1010 953//986 1009//985
f 910//921 1008//1032 1597//1031
f 1526//1589 1027//1109 1026//1146
f 1625//1648 1626//1649 1797//1650
f 1628//1651 1627//1652 1631//1653
f 1639//1654 1638//1655 1640//1656
f 1646//1657 1647//1658 1644//1659
f 1799//1660 1649//1661 1624//1662
f 1623//1663 1649//1661 1799//1660
f 1651//1664 1652//1665 1774//1666
f 1661//1667 1656//1668 1798//1669
f 1629//1670 1657//1671 1630//1672
f 1798//1669 1656//1668 1636//1673
f 1627//1652 1659//1674 1631//1653
f 1801//1675 1662//1676 1643//1677
f 1644//1659 1647//1658 1632//1678
f 1648//1679 1662//1676 1801//1675
f 1632//1678 1633//1680 1641//1681
f 1652//1665 1663//1682 1774//1666
f 1774//1666 1663//1682 1775//1683
f 1653//1684 1664//1685 1635//1686
f 1631//1653 1659//1674 1638//1655
f 1647//1658 1633//1680 1632//1678
f 1633//1680 1666//1687 1641//1681
f 1638//1655 1659//1674 1640//1656
f 1658//1688 1785//1689 1783//1690
f 1636//1673 1656//1668 1791//1691
f 1624//1662 1668//1692 1625//1648
f 1649//1661 1668//1692 1624//1662
f 1775//1683 1663//1682 1793//1693
f 1641//1681 1666//1687 1661//1667
f 1656//1668 1669//1694 1791//1691
f 1791//1691 1669//1694 1654//1695
f 845//899 1667//1696 1645//1697
f 1630//1672 1670//1698 1634//1699
f 1657//1671 1670//1698 1630//1672
f 1663//1682 1671//1700 1793//1693
f 1785//1689 1676//1701 1770//1702
f 1666//1687 1672//1703 1661//1667
f 1664//1685 1706//1704 1635//1686
f 1635//1686 1706//1704 1650//1705
f 1793//1693 1671//1700 1627//1652
f 1645//1697 1667//1696 1642//1706
f 1662//1676 1673//1707 1643//1677
f 1643//1677 1673//1707 1660//1708
f 1668//1692 1674//1709 1625//1648
f 1625//1648 1674//1709 1626//1649
f 1654//1695 1675//1710 1623//1663
f 1658//1688 1676//1701 1785//1689
f 1669//1694 1675//1710 1654//1695
f 1672//1703 1677//1711 1661//1667
f 1661//1667 1677//1711 1656//1668
f 1642//1706 1678//1712 1648//1679
f 1671//1700 1679//1713 1627//1652
f 1706//1704 1726//1714 1650//1705
f 1627//1652 1679//1713 1659//1674
f 1670//1698 1681//1715 1634//1699
f 1634//1699 1681//1715 1655//1716
f 1674//1709 1682//1717 1626//1649
f 1626//1649 1682//1717 1651//1664
f 1679//1713 1683//1718 1659//1674
f 1667//1696 1678//1712 1642//1706
f 1656//1668 1685//1719 1669//1694
f 1677//1711 1685//1719 1656//1668
f 1650//1705 1726//1714 1665//1720
f 1673//1707 1686//1721 1660//1708
f 1660//1708 1686//1721 1637//1722
f 1659//1674 1683//1718 1640//1656
f 1678//1712 1687//1723 1648//1679
f 1640//1656 1683//1718 1688//1724
f 1675//1710 1689//1725 1623//1663
f 1623//1663 1689//1725 1649//1661
f 1648//1679 1687//1723 1662//1676
f 1726//1714 1705//1726 1665//1720
f 1651//1664 1691//1727 1652//1665
f 1682//1717 1691//1727 1651//1664
f 1690//1728 1671//1700 1663//1682
f 1685//1719 1692//1729 1669//1694
f 1669//1694 1692//1729 1675//1710
f 1652//1665 1691//1727 1663//1682
f 1689//1725 1694//1730 1649//1661
f 1649//1661 1694//1730 1668//1692
f 1655//1716 1696//1731 1658//1688
f 1681//1715 1696//1731 1655//1716
f 1665//1720 1705//1726 1680//1732
f 1692//1729 1698//1733 1675//1710
f 1693//1734 1664//1685 1653//1684
f 1770//1702 1699//1735 1771//1736
f 1676//1701 1699//1735 1770//1702
f 1695//1737 1700//1738 1671//1700
f 1671//1700 1700//1738 1679//1713
f 1686//1721 1701//1739 1637//1722
f 1637//1722 1701//1739 1629//1670
f 1694//1730 1702//1740 1668//1692
f 1668//1692 1702//1740 1674//1709
f 1698//1733 1704//1741 1675//1710
f 1675//1710 1704//1741 1689//1725
f 1680//1732 1705//1726 1684//1742
f 1687//1723 1707//1743 1662//1676
f 1662//1676 1707//1743 1673//1707
f 1700//1738 1727//1744 1679//1713
f 1679//1713 1727//1744 1683//1718
f 1771//1736 1699//1735 1693//1734
f 1688//1724 1727//1744 1708//1745
f 1683//1718 1727//1744 1688//1724
f 1629//1670 1701//1739 1657//1671
f 1702//1740 1709//1746 1674//1709
f 1674//1709 1709//1746 1682//1717
f 1704//1741 1711//1747 1689//1725
f 1689//1725 1711//1747 1694//1730
f 1705//1726 1710//1748 1684//1742
f 1658//1688 1713//1749 1676//1701
f 1696//1731 1713//1749 1658//1688
f 1691//1727 1716//1750 1690//1728
f 1699//1735 1715//1751 1693//1734
f 1690//1728 1716//1750 1695//1737
f 1682//1717 1719//1752 1691//1727
f 1718//1753 1749//1754 1712//1755
f 1712//1755 1749//1754 1714//1756
f 1709//1746 1719//1752 1682//1717
f 1684//1742 1710//1748 1697//1757
f 1716//1750 1721//1758 1695//1737
f 1694//1730 1722//1759 1702//1740
f 1711//1747 1722//1759 1694//1730
f 1700//1738 1725//1760 1727//1744
f 1714//1756 1749//1754 1717//1761
f 1727//1744 1725//1760 1708//1745
f 1707//1743 1686//1721 1673//1707
f 1713//1749 1728//1762 1676//1701
f 1721//1758 1729//1763 1695//1737
f 1695//1737 1729//1763 1700//1738
f 1749//1754 1751//1764 1717//1761
f 1719//1752 1716//1750 1691//1727
f 1702//1740 1731//1765 1709//1746
f 1701//1739 1732//1766 1657//1671
f 1722//1759 1731//1765 1702//1740
f 1657//1671 1732//1766 1670//1698
f 1693//1734 1715//1751 1664//1685
f 1717//1761 1758//1767 1720//1768
f 1751//1764 1758//1767 1717//1761
f 1710//1748 1733//1769 1697//1757
f 1729//1763 1725//1760 1700//1738
f 1731//1765 1734//1770 1709//1746
f 1709//1746 1734//1770 1719//1752
f 1720//1768 1758//1767 1723//1771
f 1164//1234 1384//1478 1073//1131
f 1664//1685 1715//1751 1706//1704
f 1734//1770 1737//1772 1719//1752
f 1758//1767 1738//1773 1723//1771
f 1697//1757 1733//1769 1703//1774
f 1729//1763 1739//1775 1725//1760
f 1726//1714 1735//1776 1705//1726
f 1719//1752 1737//1772 1716//1750
f 1686//1721 1740//1777 1701//1739
f 1737//1772 1741//1778 1716//1750
f 1723//1771 1738//1773 1730//1779
f 1728//1762 1742//1780 1676//1701
f 1676//1701 1742//1780 1699//1735
f 1716//1750 1741//1778 1721//1758
f 1744//1781 1743//1782 1755//1783
f 1384//1478 1744//1781 1073//1131
f 1073//1131 1744//1781 1755//1783
f 1707//1743 1746//1784 1686//1721
f 1715//1751 1747//1785 1706//1704
f 1741//1778 1748//1786 1721//1758
f 1749//1754 1750//1787 1751//1764
f 1721//1758 1748//1786 1729//1763
f 1743//1782 1750//1787 1749//1754
f 1738//1773 1752//1788 1730//1779
f 1732//1766 1753//1789 1670//1698
f 1670//1698 1753//1789 1681//1715
f 1748//1786 1739//1775 1729//1763
f 1733//1769 1789//1790 1703//1774
f 1748//1786 1754//1791 1739//1775
f 1712//1755 974//1130 1718//1753
f 1122//1521 974//1130 1712//1755
f 1730//1779 1752//1788 1736//1792
f 1749//1754 1755//1783 1743//1782
f 1740//1777 1757//1793 1701//1739
f 1744//1781 1769//1794 1743//1782
f 1751//1764 1759//1795 1758//1767
f 1750//1787 1759//1795 1751//1764
f 1752//1788 1760//1796 1736//1792
f 1706//1704 1747//1785 1726//1714
f 1764//1797 1534//1596 1782//1798
f 1703//1774 1789//1790 1724//1799
f 1782//1798 1049//1128 1645//1697
f 1746//1784 1740//1777 1686//1721
f 1759//1795 1772//1800 1758//1767
f 1742//1780 1773//1801 1699//1735
f 1769//1794 1750//1787 1743//1782
f 1699//1735 1773//1801 1715//1751
f 1736//1792 1760//1796 1745//1802
f 1755//1783 1718//1753 1073//1131
f 1073//1131 1718//1753 974//1130
f 1747//1785 1735//1776 1726//1714
f 1755//1783 1749//1754 1718//1753
f 1681//1715 1778//1803 1696//1731
f 1753//1789 1778//1803 1681//1715
f 1705//1726 1767//1804 1710//1748
f 1772//1800 1779//1805 1758//1767
f 1758//1767 1779//1805 1738//1773
f 1760//1796 1762//1806 1745//1802
f 1789//1790 1780//1807 1724//1799
f 1763//1808 1760//1796 1752//1788
f 1701//1739 1781//1809 1732//1766
f 1757//1793 1781//1809 1701//1739
f 1534//1596 1764//1797 1384//1478
f 1384//1478 1764//1797 1744//1781
f 1745//1802 1766//1810 1756//1811
f 1762//1806 1766//1810 1745//1802
f 1767//1804 1786//1812 1710//1748
f 1773//1801 1787//1813 1715//1751
f 1744//1781 1764//1797 1769//1794
f 1779//1805 1790//1814 1738//1773
f 1738//1773 1790//1814 1752//1788
f 1735//1776 1791//1691 1705//1726
f 1756//1811 1766//1810 1777//1815
f 1724//1799 1780//1807 1761//1816
f 1710//1748 1786//1812 1733//1769
f 1760//1796 1763//1808 1762//1806
f 1778//1803 1795//1817 1696//1731
f 1696//1731 1795//1817 1713//1749
f 1766//1810 1765//1818 1777//1815
f 1791//1691 1767//1804 1705//1726
f 1732//1766 1796//1819 1753//1789
f 1781//1809 1796//1819 1732//1766
f 1761//1816 1797//1650 1776//1820
f 1780//1807 1797//1650 1761//1816
f 1787//1813 1798//1669 1715//1751
f 1790//1814 1763//1808 1752//1788
f 1715//1751 1798//1669 1747//1785
f 1786//1812 1799//1660 1733//1769
f 1713//1749 1795//1817 1728//1762
f 1777//1815 1765//1818 1788//1821
f 1797//1650 1792//1822 1776//1820
f 1769//1794 1801//1675 1750//1787
f 1733//1769 1624//1662 1789//1790
f 1799//1660 1624//1662 1733//1769
f 1789//1790 1800//1823 1780//1807
f 1780//1807 1800//1823 1797//1650
f 1765//1818 1768//1824 1788//1821
f 1049//1128 1782//1798 1534//1596
f 1776//1820 1792//1822 1784//1825
f 1753//1789 1805//1826 1778//1803
f 1796//1819 1805//1826 1753//1789
f 1750//1787 1643//1677 1759//1795
f 1747//1785 1636//1673 1735//1776
f 1798//1669 1636//1673 1747//1785
f 1801//1675 1643//1677 1750//1787
f 1768//1824 1783//1690 1788//1821
f 1795//1817 1644//1659 1728//1762
f 1728//1762 1644//1659 1742//1780
f 1782//1798 1802//1827 1764//1797
f 1764//1797 1802//1827 1769//1794
f 1792//1822 1774//1666 1784//1825
f 1784//1825 1774//1666 1794//1828
f 1790//1814 1630//1672 1763//1808
f 1624//1662 1800//1823 1789//1790
f 1788//1821 1783//1690 1803//1829
f 1691//1727 1690//1728 1663//1682
f 1771//1736 1693//1734 1653//1684
f 1759//1795 1643//1677 1772//1800
f 1644//1659 1632//1678 1742//1780
f 1636//1673 1791//1691 1735//1776
f 1690//1728 1695//1737 1671//1700
f 1805//1826 1808//1830 1778//1803
f 1778//1803 1808//1830 1795//1817
f 1783//1690 1785//1689 1803//1829
f 1630//1672 1766//1810 1762//1806
f 1763//1808 1630//1672 1762//1806
f 1742//1780 1632//1678 1773//1801
f 1802//1827 1801//1675 1769//1794
f 1643//1677 1660//1708 1772//1800
f 1772//1800 1660//1708 1779//1805
f 1791//1691 1654//1695 1767//1804
f 1774//1666 1775//1683 1794//1828
f 1794//1828 1775//1683 1804//1831
f 1785//1689 1770//1702 1803//1829
f 1803//1829 1770//1702 1806//1832
f 1632//1678 1641//1681 1773//1801
f 1773//1801 1641//1681 1787//1813
f 1634//1699 1765//1818 1766//1810
f 1808//1830 1646//1657 1795//1817
f 1630//1672 1634//1699 1766//1810
f 1775//1683 1793//1693 1804//1831
f 1804//1831 1793//1693 1807//1833
f 1624//1662 1625//1648 1800//1823
f 1660//1708 1637//1722 1779//1805
f 1797//1650 1626//1649 1792//1822
f 1779//1805 1637//1722 1790//1814
f 1654//1695 1623//1663 1767//1804
f 1767//1804 1623//1663 1786//1812
f 1806//1832 1771//1736 1809//1834
f 1770//1702 1771//1736 1806//1832
f 1646//1657 1644//1659 1795//1817
f 1626//1649 1651//1664 1792//1822
f 1765//1818 1655//1716 1768//1824
f 1641//1681 1661//1667 1787//1813
f 1787//1813 1661//1667 1798//1669
f 1071//1127 1645//1697 1049//1128
f 1800//1823 1625//1648 1797//1650
f 1771//1736 1653//1684 1809//1834
f 1782//1798 1642//1706 1802//1827
f 1793//1693 1627//1652 1807//1833
f 1807//1833 1627//1652 1628//1651
f 1645//1697 1642//1706 1782//1798
f 1642//1706 1648//1679 1802//1827
f 1802//1827 1648//1679 1801//1675
f 1637//1722 1629//1670 1790//1814
f 1790//1814 1629//1670 1630//1672
f 1786//1812 1623//1663 1799//1660
f 1792//1822 1651//1664 1774//1666
f 1634//1699 1655//1716 1765//1818
f 1655//1716 1658//1688 1768//1824
f 1768//1824 1658//1688 1783//1690
f 1809//1834 1653//1684 1635//1686
f 845//899 1645//1697 1071//1127
f 1815//1835 1814//1836 2091//1837
f 1819//1838 1817//1839 1818//1840
f 1820//1841 1819//1838 1818//1840
f 1821//1842 1819//1838 1820//1841
f 1823//1843 1822//1844 1940//1845
f 1823//1843 1940//1845 1941//1846
f 1824//1847 1823//1843 1941//1846
f 1824//1847 1941//1846 1825//1848
f 1824//1847 1825//1848 1826//1849
f 1827//1850 1824//1847 1826//1849
f 1827//1850 1826//1849 2107//1851
f 1828//1852 1827//1850 2107//1851
f 2158//1853 1828//1852 2107//1851
f 1829//1854 1828//1852 2158//1853
f 1829//1854 2158//1853 1830//1855
f 1831//1856 1829//1854 1830//1855
f 1831//1856 1830//1855 2163//1857
f 1831//1856 2163//1857 1832//1858
f 1833//1859 1831//1856 1832//1858
f 1233//1296 1834//1860 1223//1295
f 1334//1494 1835//1861 1416//1547
f 2225//1862 1849//1863 1839//1864
f 1839//1864 1849//1863 1837//1865
f 2225//1862 1843//1866 1849//1863
f 1835//1861 1844//1867 1416//1547
f 1845//1868 1842//1869 1841//1870
f 1848//1871 1847//1872 1866//1873
f 1866//1873 1847//1872 1840//1874
f 1851//1875 1852//1876 1853//1877
f 1416//1547 1844//1867 1443//1594
f 1851//1875 1854//1878 1852//1876
f 1845//1868 1846//1879 1842//1869
f 1844//1867 1856//1880 1443//1594
f 2180//1881 1859//1882 1863//1883
f 1861//1884 1854//1878 1851//1875
f 1848//1871 1858//1885 1847//1872
f 1857//1886 1865//1887 1855//1888
f 1443//1594 1856//1880 1538//1628
f 1845//1868 1866//1873 1846//1879
f 1867//1889 1866//1873 1845//1868
f 1854//1878 1861//1884 1841//1870
f 1865//1887 1868//1890 1855//1888
f 1858//1885 1862//1891 1835//1861
f 1856//1880 1864//1892 1538//1628
f 1870//1893 2000//1894 1871//1895
f 2146//1896 1841//1870 1861//1884
f 1538//1628 1864//1892 1592//1645
f 1872//1897 1873//1898 1874//1899
f 1876//1900 1841//1870 2146//1896
f 1862//1891 1844//1867 1835//1861
f 1867//1889 1848//1871 1866//1873
f 1880//1901 1848//1871 1867//1889
f 1874//1899 2226//1902 1872//1897
f 1592//1645 1883//1903 1015//1055
f 2226//1902 1874//1899 1884//1904
f 1864//1892 1883//1903 1592//1645
f 1876//1900 1845//1868 1841//1870
f 2228//1905 1879//1906 1885//1907
f 1844//1867 1881//1908 1856//1880
f 1884//1904 1879//1906 2226//1902
f 1015//1055 1883//1903 993//1048
f 1887//1909 1845//1868 1876//1900
f 993//1048 1889//1910 934//1046
f 2130//1911 1886//1912 1891//1913
f 1880//1901 1890//1914 1848//1871
f 1848//1871 1890//1914 1858//1885
f 1881//1908 1893//1915 1856//1880
f 1856//1880 1893//1915 1864//1892
f 1942//1916 1893//1915 1881//1908
f 1894//1917 993//1048 1883//1903
f 1858//1885 1890//1914 1862//1891
f 1845//1868 1887//1909 1867//1889
f 1023//1140 934//1046 1899//1918
f 1888//1919 1902//1920 2079//1921
f 1896//1922 1895//1923 1901//1924
f 1903//1925 1893//1915 1942//1916
f 1897//1926 1867//1889 1887//1909
f 1907//1927 1901//1924 1895//1923
f 1903//1925 1904//1928 1893//1915
f 1906//1929 1909//1930 1907//1927
f 1910//1931 1909//1930 1900//1932
f 1900//1932 1909//1930 1906//1929
f 2157//1933 1912//1934 1853//1877
f 1890//1914 1913//1935 1862//1891
f 1862//1891 1913//1935 1844//1867
f 1908//1936 1902//1920 1888//1919
f 1844//1867 1913//1935 1881//1908
f 1919//1937 1918//1938 1917//1939
f 1918//1938 1920//1940 1921//1941
f 2079//1921 1915//1942 2157//1933
f 1922//1943 1880//1901 1897//1926
f 1897//1926 1880//1901 1867//1889
f 1925//1944 1811//1945 1810//1946
f 1915//1942 1916//1947 2157//1933
f 2157//1933 1916//1947 1912//1934
f 1925//1944 1926//1948 1811//1945
f 1904//1928 1949//1949 1883//1903
f 1925//1944 1929//1950 1926//1948
f 1926//1948 1929//1950 1930//1951
f 1902//1920 1915//1942 2079//1921
f 1972//1952 1890//1914 1922//1943
f 1922//1943 1890//1914 1880//1901
f 1930//1951 1929//1950 1936//1953
f 1889//1910 1953//1954 1899//1918
f 1894//1917 1953//1954 1889//1910
f 1899//1918 1953//1954 1932//1955
f 1931//1956 1936//1953 1929//1950
f 1933//1957 1934//1958 1887//1909
f 1887//1909 1934//1958 1897//1926
f 1936//1953 1931//1956 1944//1959
f 1972//1952 1938//1960 1890//1914
f 1937//1961 1944//1959 1931//1956
f 1939//1962 1938//1960 1972//1952
f 1944//1959 1937//1961 1945//1963
f 1948//1964 1897//1926 1934//1958
f 1912//1934 1916//1947 2018//1965
f 2231//1966 1937//1961 1946//1967
f 1903//1925 1949//1949 1904//1928
f 2231//1966 1945//1963 1937//1961
f 1950//1968 1941//1846 1940//1845
f 1951//1969 1941//1846 1955//1970
f 1914//1971 1947//1972 1952//1973
f 1941//1846 1950//1968 1955//1970
f 1948//1964 1922//1943 1897//1926
f 1956//1974 1903//1925 1942//1916
f 1945//1963 2231//1966 1957//1975
f 2018//1965 1960//1976 1914//1971
f 1914//1971 1960//1976 1947//1972
f 1916//1947 1960//1976 2018//1965
f 1962//1977 2231//1966 1946//1967
f 1963//1978 1903//1925 1956//1974
f 1961//1979 2231//1966 1962//1977
f 1913//1935 1938//1960 1943//1980
f 1943//1980 1938//1960 1939//1962
f 1950//1968 1964//1981 1955//1970
f 1919//1937 1922//1943 1948//1964
f 1961//1979 1957//1975 2231//1966
f 1903//1925 1963//1978 1949//1949
f 1952//1973 1969//1982 2192//1983
f 1943//1980 1971//1984 1942//1916
f 1919//1937 1972//1952 1922//1943
f 1954//1985 1978//1986 1953//1954
f 1953//1954 1978//1986 1932//1955
f 1961//1979 1965//1987 1957//1975
f 1969//1982 1976//1988 2192//1983
f 1947//1972 1977//1989 1952//1973
f 1964//1981 1838//1990 1955//1970
f 1952//1973 1977//1989 1969//1982
f 1943//1980 1975//1991 1971//1984
f 1964//1981 1839//1864 1838//1990
f 1971//1984 1956//1974 1942//1916
f 1839//1864 1837//1865 1838//1990
f 1838//1990 1837//1865 1850//1992
f 1919//1937 1917//1939 1972//1952
f 1956//1974 1985//1993 1963//1978
f 1983//1994 1956//1974 1971//1984
f 1956//1974 1983//1994 1985//1993
f 1855//1888 1331//1417 1857//1886
f 1857//1886 1331//1417 1312//1391
f 1312//1391 1295//1385 1857//1886
f 2012//1995 1939//1962 1917//1939
f 1939//1962 1975//1991 1943//1980
f 1995//1996 1939//1962 2012//1995
f 1976//1988 1988//1997 1933//1957
f 1982//1998 1993//1999 1978//1986
f 1999//2000 1991//2001 1990//2002
f 1857//1886 1860//2003 1865//1887
f 1994//2004 1860//2003 1295//1385
f 1295//1385 1860//2003 1857//1886
f 2180//1881 1991//2001 1859//1882
f 1995//1996 1975//1991 1939//1962
f 1975//1991 1998//2005 1971//1984
f 1988//1997 1996//2006 1933//1957
f 1933//1957 1996//2006 1934//1958
f 1998//2005 1975//1991 1995//1996
f 1877//2007 2210//2008 1863//1883
f 1998//2005 1983//1994 1971//1984
f 1869//2009 2210//2008 1878//2010
f 1998//2005 2003//2011 1983//1994
f 1934//1958 2002//2012 1948//1964
f 1996//2006 2002//2012 1934//1958
f 1997//2013 2000//1894 1999//2000
f 1877//2007 1878//2010 2210//2008
f 1948//1964 2002//2012 1919//1937
f 1870//1893 1875//2014 1877//2007
f 1878//2010 1882//2015 1869//2009
f 1869//2009 1882//2015 1873//1898
f 1873//1898 1882//2015 1874//1899
f 1983//1994 2004//2016 1982//1998
f 1919//1937 1920//1940 1918//1938
f 2003//2011 2004//2016 1983//1994
f 2002//2012 2007//2017 1919//1937
f 1993//1999 2001//2018 2010//2019
f 2007//2017 2020//2020 1919//1937
f 1919//1937 2020//2020 1920//1940
f 1886//1912 1896//1922 1891//1913
f 1895//1923 1896//1922 1886//1912
f 1892//2021 1900//1932 1895//1923
f 1895//1923 1900//1932 1906//1929
f 1918//1938 1995//1996 2012//1995
f 1898//2022 1905//2023 1900//1932
f 1900//1932 1905//2023 1910//1931
f 2010//2019 2015//2024 2014//2025
f 1918//1938 1921//1941 1995//1996
f 2086//2026 2017//2027 2004//2016
f 2004//2016 2017//2027 2015//2024
f 1921//1941 2230//2028 1995//1996
f 1911//2029 1861//1884 1851//1875
f 1912//1934 2018//1965 1853//1877
f 1914//1971 1911//2029 1851//1875
f 1995//1996 2230//2028 2016//2030
f 2016//2030 2022//2031 2019//2032
f 2230//2028 2022//2031 2016//2030
f 2017//2027 2014//2025 2015//2024
f 1923//2033 1924//2034 1810//1946
f 1924//2034 1925//1944 1810//1946
f 1925//1944 1927//2035 1929//1950
f 1924//2034 1927//2035 1925//1944
f 1927//2035 1928//2036 1929//1950
f 1929//1950 1928//2036 1931//1956
f 2031//2037 2232//2038 2233//2039
f 1931//1956 1928//2036 1937//1961
f 2028//2040 2041//2041 2034//2042
f 1935//2043 1937//1961 1928//2036
f 1937//1961 1935//2043 1946//1967
f 1946//1967 1935//2043 2220//2044
f 2037//2045 2038//2046 2033//2047
f 1825//1848 1951//1969 1958//2048
f 1941//1846 1951//1969 1825//1848
f 1958//2048 2040//2049 1826//1849
f 2050//2050 2040//2049 1958//2048
f 1974//2051 1958//2048 1973//2052
f 1970//2053 1959//2054 1836//2055
f 1951//1969 1955//1970 1958//2048
f 1958//2048 1955//1970 1973//2052
f 1974//2051 2050//2050 1958//2048
f 1836//2055 1959//2054 1965//1987
f 1965//1987 1959//2054 1957//1975
f 1966//2056 1967//2057 2118//2058
f 1970//2053 1836//2055 1966//2056
f 1980//2059 2065//2060 1973//2052
f 1973//2052 2065//2060 1974//2051
f 1955//1970 1838//1990 1973//2052
f 1974//2051 2065//2060 2050//2050
f 1114//1188 2066//1123 2057//2061
f 2051//2062 2060//2063 2061//2064
f 2056//2065 2060//2063 2051//2062
f 2190//2066 2063//2067 2064//2068
f 1838//1990 1850//1992 1973//2052
f 2063//2067 2070//2069 2064//2068
f 2064//2068 2073//2070 2067//2071
f 1980//2059 1973//2052 1986//2072
f 1986//2072 2065//2060 1980//2059
f 1986//2072 1973//2052 2075//2073
f 1973//2052 1850//1992 2075//2073
f 2062//2074 2059//2075 1854//1878
f 2068//2076 2072//2077 2071//2078
f 2071//2078 2072//2077 2074//2079
f 2178//2080 2075//2073 1850//1992
f 1852//1876 2077//2081 1853//1877
f 1994//2004 1295//1385 1284//1352
f 2079//1921 2080//2082 2150//2083
f 2157//1933 2080//2082 2079//1921
f 1986//2072 2082//2084 1989//2085
f 1894//1917 1889//1910 993//1048
f 934//1046 1889//1910 1899//1918
f 1989//2085 1999//2000 1990//2002
f 1864//1892 1904//1928 1883//1903
f 1893//1915 1904//1928 1864//1892
f 1949//1949 1894//1917 1883//1903
f 1942//1916 1881//1908 1943//1980
f 1943//1980 1881//1908 1913//1935
f 1890//1914 1938//1960 1913//1935
f 1963//1978 1954//1985 1949//1949
f 1939//1962 1972//1952 1917//1939
f 1983//1994 1982//1998 1985//1993
f 2001//2018 1993//1999 1982//1998
f 2004//2016 2001//2018 1982//1998
f 2015//2024 2001//2018 2004//2016
f 1863//1883 1859//1882 1870//1893
f 2004//2016 2003//2011 2086//2026
f 2001//2018 2015//2024 2010//2019
f 1859//1882 2000//1894 1870//1893
f 1870//1893 1877//2007 1863//1883
f 2019//2032 2087//2086 2086//2026
f 2022//2031 2087//2086 2019//2032
f 1895//1923 2006//2087 1892//2021
f 2017//2027 2024//2088 2025//2089
f 2025//2089 2089//2090 2017//2027
f 2009//2091 1898//2022 1892//2021
f 2008//2092 1898//2022 2009//2091
f 1895//1923 1886//1912 2006//2087
f 1815//1835 2091//1837 2030//2093
f 2030//2093 1816//2094 1815//1835
f 1898//2022 1900//1932 1892//2021
f 1898//2022 2011//2095 1905//2023
f 2013//2096 1905//2023 2011//2095
f 2030//2093 2033//2047 1816//2094
f 1817//1839 1816//2094 2038//2046
f 2038//2046 1816//2094 2033//2047
f 2233//2039 2028//2040 2027//2097
f 2036//2098 2232//2038 2031//2037
f 2023//2099 1924//2034 2021//2100
f 2021//2100 1924//2034 1923//2033
f 1924//2034 2023//2099 1927//2035
f 2026//2101 2029//2102 2023//2099
f 2023//2099 2029//2102 1927//2035
f 2100//2103 2097//2104 2094//2105
f 2029//2102 1928//2036 1927//2035
f 1928//2036 2032//2106 1935//2043
f 2029//2102 2032//2106 1928//2036
f 2233//2039 2039//2107 2028//2040
f 2042//2108 2033//2047 2030//2093
f 1935//2043 2032//2106 2220//2044
f 2097//2104 2103//2109 2156//2110
f 2035//2111 2220//2044 2032//2106
f 1826//1849 1825//1848 1958//2048
f 2040//2049 2107//1851 1826//1849
f 2037//2045 2110//2112 2038//2046
f 2107//1851 2113//2113 2111//2114
f 2050//2050 2113//2113 2040//2049
f 2044//2115 2037//2045 2045//2116
f 2042//2108 2045//2116 2033//2047
f 2033//2047 2045//2116 2037//2045
f 1967//2057 1981//2117 1968//2118
f 1966//2056 1981//2117 1967//2057
f 2056//2065 2051//2062 2049//2119
f 1984//2120 1979//2121 1968//2118
f 2108//2122 2116//2123 2112//2124
f 2049//2119 1979//2121 2056//2065
f 1981//2117 1984//2120 1968//2118
f 2050//2050 2121//2125 2113//2113
f 2065//2060 2121//2125 2050//2050
f 2042//2108 2046//2126 2045//2116
f 1979//2121 2068//2076 2056//2065
f 2113//2113 2121//2125 2115//2127
f 2060//2063 2119//2128 2061//2064
f 2047//2129 2044//2115 2048//2130
f 1984//2120 2068//2076 1979//2121
f 2045//2116 2048//2130 2044//2115
f 2046//2126 2048//2130 2045//2116
f 2046//2126 1967//2057 2048//2130
f 2108//2122 2123//2131 2116//2123
f 2049//2119 2047//2129 1979//2121
f 1262//1355 2124//2132 2125//1353
f 1967//2057 1979//2121 2048//2130
f 2048//2130 1979//2121 2047//2129
f 1850//1992 1837//1865 2178//2080
f 1968//2118 1979//2121 1967//2057
f 1989//2085 2065//2060 1986//2072
f 1849//1863 2178//2080 1837//1865
f 2054//2133 2053//2134 1431//1500
f 1284//1352 1987//1351 1994//2004
f 2053//2134 1460//1537 1431//1500
f 1992//2135 1987//1351 2125//1353
f 1460//1537 2055//2136 2052//1574
f 1989//2085 1990//2002 2065//2060
f 1460//1537 2053//2134 2055//2136
f 2036//2098 2031//2037 2104//2137
f 2075//2073 2082//2084 1986//2072
f 2052//1574 2127//2138 1506//1598
f 2005//2139 2006//2087 2053//2134
f 2031//2037 2027//2097 2104//2137
f 2104//2137 2027//2097 2105//2140
f 2006//2087 2055//2136 2053//2134
f 2108//2122 2131//2141 2123//2131
f 2055//2136 2130//1911 2127//2138
f 2055//2136 2006//2087 1886//1912
f 2170//2142 2133//2143 2138//2144
f 2027//2097 2028//2040 2105//2140
f 2105//2140 2028//2040 2106//2145
f 1997//2013 1999//2000 1989//2085
f 2000//1894 1991//2001 1999//2000
f 1859//1882 1991//2001 2000//1894
f 2028//2040 2034//2042 2106//2145
f 2106//2145 2034//2042 2108//2122
f 2073//2070 2147//2146 2067//2071
f 2006//2087 2005//2139 1892//2021
f 1892//2021 2005//2139 2009//2091
f 2088//2147 2011//2095 2140//2148
f 2140//2148 2011//2095 2008//2092
f 2108//2122 2145//2149 2131//2141
f 2011//2095 1898//2022 2008//2092
f 2034//2042 2145//2149 2108//2122
f 2011//2095 2090//2150 2013//2096
f 2067//2071 2013//2096 2090//2150
f 1852//1876 2139//2151 2069//2152
f 2069//2152 2077//2081 1852//1876
f 2092//2153 2114//2154 2093//2155
f 2112//2124 2151//2156 2114//2154
f 2116//2123 2151//2156 2112//2124
f 2114//2154 2151//2156 2093//2155
f 2149//2157 2150//2083 2080//2082
f 2093//2155 2151//2156 2096//2158
f 2093//2155 2023//2099 2092//2153
f 2092//2153 2023//2099 2021//2100
f 2116//2123 2152//2159 2151//2156
f 2123//2131 2152//2159 2116//2123
f 2151//2156 2152//2159 2096//2158
f 2023//2099 2096//2158 2026//2101
f 2093//2155 2096//2158 2023//2099
f 2123//2131 2153//2160 2152//2159
f 2152//2159 2153//2160 2096//2158
f 2131//2141 2153//2160 2123//2131
f 2096//2158 2153//2160 2099//2161
f 2026//2101 2096//2158 2029//2102
f 2099//2161 2029//2102 2096//2158
f 2145//2149 2154//2162 2131//2141
f 2131//2141 2154//2162 2153//2160
f 2153//2160 2154//2162 2099//2161
f 2029//2102 2099//2161 2032//2106
f 2099//2161 2154//2162 2101//2163
f 2078//2164 2155//2165 2081//2166
f 2081//2166 2155//2165 2159//2167
f 2101//2163 2032//2106 2099//2161
f 2034//2042 2094//2105 2145//2149
f 2101//2163 2154//2162 2102//2168
f 2145//2149 2156//2110 2154//2162
f 2097//2104 2156//2110 2094//2105
f 2081//2166 1888//1919 2078//2164
f 2154//2162 2156//2110 2102//2168
f 2094//2105 2156//2110 2145//2149
f 2080//2082 2157//1933 2077//2081
f 2032//2106 2102//2168 2035//2111
f 2101//2163 2102//2168 2032//2106
f 2102//2168 2156//2110 2103//2109
f 2081//2166 2083//2169 1888//1919
f 1888//1919 2083//2169 1908//1936
f 1830//1855 2158//1853 2160//2170
f 2160//2170 2158//1853 2161//2171
f 2107//1851 2111//2114 2158//1853
f 2158//1853 2111//2114 2161//2171
f 2040//2049 2113//2113 2107//1851
f 2113//2113 2161//2171 2111//2114
f 2163//1857 2161//2171 2162//2172
f 2160//2170 2161//2171 2163//1857
f 2115//2127 2164//2173 2113//2113
f 2113//2113 2164//2173 2161//2171
f 1894//1917 1954//1985 1953//1954
f 2161//2171 2164//2173 2162//2172
f 1954//1985 1985//1993 1978//1986
f 1978//1986 1985//1993 1982//1998
f 2164//2173 2166//2174 2162//2172
f 2115//2127 2166//2174 2164//2173
f 2162//2172 2166//2174 2165//2175
f 2086//2026 2003//2011 2019//2032
f 2056//2065 2068//2076 2071//2078
f 2121//2125 2166//2174 2115//2127
f 2087//2086 2024//2088 2086//2026
f 2086//2026 2024//2088 2017//2027
f 2089//2090 2014//2025 2017//2027
f 1813//2176 2169//2177 1814//1836
f 1228//1304 2126//2178 1240//1312
f 2167//1328 2126//2178 2124//2132
f 2168//2179 2126//2178 1228//1304
f 1240//1312 2126//2178 2167//1328
f 1262//1355 2167//1328 2124//2132
f 2119//2128 2170//2142 1843//1866
f 1849//1863 2170//2142 2178//2080
f 2178//2080 2170//2142 2171//2180
f 1843//1866 2170//2142 1849//1863
f 2121//2125 2172//2181 2166//2174
f 2165//2175 2172//2181 2173//2182
f 2166//2174 2172//2181 2165//2175
f 2091//1837 2095//2183 2030//2093
f 2126//2178 2168//2179 2128//2184
f 2030//2093 2095//2183 2042//2108
f 2175//2185 2168//2179 2176//2186
f 2094//2105 2034//2042 2100//2103
f 1818//1840 2038//2046 2098//2187
f 1817//1839 2038//2046 1818//1840
f 2071//2078 2060//2063 2056//2065
f 2169//2177 2174//2188 2095//2183
f 2065//2060 1990//2002 2121//2125
f 1990//2002 2172//2181 2121//2125
f 2074//2079 2060//2063 2071//2078
f 2039//2107 2041//2041 2028//2040
f 1992//2135 2125//1353 2124//2132
f 2060//2063 2129//2189 2119//2128
f 2170//2142 2129//2189 2133//2143
f 2119//2128 2129//2189 2170//2142
f 2138//2144 2171//2180 2170//2142
f 2074//2079 2129//2189 2060//2063
f 1990//2002 2180//1881 2172//2181
f 2173//2182 2180//1881 1863//1883
f 2172//2181 2180//1881 2173//2182
f 1991//2001 2180//1881 1990//2002
f 2171//2180 2181//2190 2178//2080
f 2138//2144 2181//2190 2171//2180
f 2038//2046 2110//2112 2098//2187
f 2082//2084 2075//2073 2084//2191
f 2178//2080 2181//2190 2084//2191
f 2084//2191 2075//2073 2178//2080
f 2174//2188 2179//2192 2109//2193
f 2041//2041 2043//2194 2034//2042
f 1989//2085 2082//2084 1997//2013
f 2085//2195 2082//2084 2084//2191
f 1997//2013 2082//2084 2085//2195
f 2183//2196 1868//1890 1860//2003
f 2141//2197 1868//1890 2183//2196
f 1860//2003 1868//1890 1865//1887
f 2102//2168 2184//2198 2035//2111
f 2141//2197 2088//2147 1868//1890
f 2183//2196 2185//2199 2141//2197
f 2100//2103 2043//2194 2182//2200
f 2187//2201 2185//2199 2188//2202
f 2186//2203 2185//2199 2183//2196
f 2188//2202 2185//2199 2186//2203
f 1868//1890 2088//2147 2140//2148
f 2140//2148 2008//2092 2009//2091
f 2109//2193 2118//2058 2095//2183
f 2095//2183 2118//2058 2042//2108
f 2042//2108 2118//2058 2046//2126
f 2141//2197 2185//2199 2090//2150
f 2141//2197 2090//2150 2088//2147
f 2088//2147 2090//2150 2011//2095
f 2117//2204 2182//2200 2043//2194
f 2185//2199 2187//2201 2064//2068
f 2136//2205 2190//2066 2134//2206
f 2188//2202 2190//2066 2187//2201
f 2187//2201 2190//2066 2064//2068
f 2134//2206 2190//2066 2188//2202
f 2037//2045 2044//2115 2110//2112
f 2110//2112 2044//2115 2120//2207
f 2179//2192 2196//2208 2118//2058
f 2090//2150 2064//2068 2067//2071
f 2185//2199 2064//2068 2090//2150
f 1861//1884 1911//2029 2146//1896
f 1914//1971 1952//1973 1911//2029
f 1887//1909 1876//1900 1933//1957
f 1933//1957 2192//1983 1976//1988
f 2146//1896 2192//1983 1876//1900
f 1876//1900 2192//1983 1933//1957
f 1952//1973 2192//1983 1911//2029
f 1911//2029 2192//1983 2146//1896
f 1976//1988 1969//1982 1988//1997
f 2046//2126 2118//2058 1967//2057
f 2120//2207 2047//2129 2122//2209
f 2044//2115 2047//2129 2120//2207
f 2047//2129 2049//2119 2122//2209
f 2122//2209 2049//2119 2051//2062
f 1397//1466 2054//2133 1431//1500
f 2009//2091 2005//2139 2054//2133
f 2054//2133 2005//2139 2053//2134
f 2055//2136 2127//2138 2052//1574
f 2127//2138 2198//2210 1506//1598
f 1506//1598 2198//2210 1535//1626
f 2132//2211 2198//2210 2127//2138
f 1886//1912 2130//1911 2055//2136
f 2130//1911 2132//2211 2127//2138
f 2134//2206 2199//2212 2135//2213
f 2132//2211 2202//2214 2200//2215
f 2135//2213 2136//2205 2134//2206
f 1891//1913 2132//2211 2130//1911
f 2202//2214 2132//2211 2142//2216
f 2059//2075 968//1044 2058//2217
f 2190//2066 2136//2205 2063//2067
f 2058//2217 2139//2151 2059//2075
f 2137//2218 2139//2151 2058//2217
f 2160//2170 2163//1857 1830//1855
f 2204//2219 2201//2220 1885//1907
f 2062//2074 2066//1123 967//1042
f 2206//2221 2063//2067 2136//2205
f 2142//2216 2149//2157 2143//2222
f 2206//2221 2070//2069 2063//2067
f 2064//2068 2070//2069 2073//2070
f 2067//2071 2147//2146 2013//2096
f 1854//1878 2059//2075 1852//1876
f 2059//2075 2139//2151 1852//1876
f 2013//2096 2147//2146 2148//2223
f 2149//2157 2207//2224 2150//2083
f 1834//1860 2176//2186 1223//1295
f 2209//2225 1905//2023 2208//2226
f 2080//2082 2069//2152 2143//2222
f 2077//2081 2069//2152 2080//2082
f 2162//2172 2210//2008 2163//1857
f 2163//1857 2210//2008 1832//1858
f 2076//2227 2148//2223 2147//2146
f 2150//2083 2207//2224 1888//1919
f 1888//1919 2207//2224 2078//2164
f 2076//2227 2147//2146 2073//2070
f 2209//2225 2211//2228 1905//2023
f 2210//2008 1869//2009 1832//1858
f 1907//1927 2155//2165 2078//2164
f 1909//1930 2155//2165 1907//1927
f 1223//1295 2176//2186 1224//1293
f 1832//1858 1869//2009 1833//1859
f 2176//2186 2168//2179 1224//1293
f 1224//1293 2168//2179 1228//1304
f 1888//1919 2079//1921 2150//2083
f 2157//1933 1853//1877 2077//2081
f 1869//2009 1834//1860 1833//1859
f 2081//2166 2159//2167 2083//2169
f 1894//1917 1949//1949 1954//1985
f 1954//1985 1963//1978 1985//1993
f 1998//2005 2019//2032 2003//2011
f 1998//2005 2016//2030 2019//2032
f 1834//1860 2175//2185 2176//2186
f 1813//2176 2214//2229 2169//2177
f 1812//2230 2214//2229 1813//2176
f 1814//1836 2169//2177 2091//1837
f 2165//2175 2210//2008 2162//2172
f 2214//2229 2215//2231 2169//2177
f 2091//1837 2169//2177 2095//2183
f 2095//2183 2174//2188 2109//2193
f 2215//2231 2218//2232 2179//2192
f 2216//2233 2218//2232 2215//2231
f 2097//2104 2100//2103 2182//2200
f 2182//2200 2103//2109 2097//2104
f 2043//2194 2100//2103 2034//2042
f 2189//2234 2177//2235 2191//2236
f 2193//2237 2103//2109 2182//2200
f 2109//2193 2179//2192 2118//2058
f 2035//2111 2184//2198 2220//2044
f 2117//2204 2193//2237 2182//2200
f 2173//2182 2210//2008 2165//2175
f 1869//2009 1873//1898 1834//1860
f 2197//2238 2191//2236 2061//2064
f 2197//2238 2061//2064 2119//2128
f 1834//1860 1872//1897 2175//2185
f 1873//1898 1872//1897 1834//1860
f 1872//1897 2226//1902 2175//2185
f 2054//2133 1397//1466 1375//1444
f 1863//1883 2210//2008 2173//2182
f 2054//2133 2140//2148 2009//2091
f 1375//1444 2140//2148 2054//2133
f 2227//2239 2140//2148 1375//1444
f 2124//2132 2188//2202 1992//2135
f 2226//1902 2168//2179 2175//2185
f 2188//2202 2186//2203 1992//2135
f 1992//2135 2186//2203 1987//1351
f 2137//2218 1613//1644 1586//1632
f 2132//2211 2200//2215 2198//2210
f 967//1042 968//1044 2062//2074
f 1987//1351 2186//2203 1994//2004
f 2202//2214 2203//2240 2200//2215
f 2137//2218 2203//2240 2139//2151
f 2200//2215 2203//2240 2137//2218
f 2186//2203 2183//2196 1994//2004
f 1994//2004 2183//2196 1860//2003
f 2059//2075 2062//2074 968//1044
f 2126//2178 2188//2202 2124//2132
f 2144//2241 2136//2205 2135//2213
f 2206//2221 2136//2205 2144//2241
f 1896//1922 1901//1924 1891//1913
f 1891//1913 1901//1924 2149//2157
f 2226//1902 2228//1905 2168//2179
f 2203//2240 2069//2152 2139//2151
f 2202//2214 2069//2152 2203//2240
f 2135//2213 2205//2242 2144//2241
f 2168//2179 2201//2220 2128//2184
f 2228//1905 2201//2220 2168//2179
f 2143//2222 2149//2157 2080//2082
f 2013//2096 2208//2226 1905//2023
f 2148//2223 2208//2226 2013//2096
f 2201//2220 2199//2212 2128//2184
f 1910//1931 2211//2228 1909//1930
f 1905//2023 2211//2228 1910//1931
f 2076//2227 2212//2243 2148//2223
f 2148//2223 2212//2243 2208//2226
f 2155//2165 1909//1930 2211//2228
f 2212//2243 2209//2225 2208//2226
f 2128//2184 2199//2212 2126//2178
f 2199//2212 2134//2206 2126//2178
f 2211//2228 2213//2244 2155//2165
f 2209//2225 2213//2244 2211//2228
f 2126//2178 2134//2206 2188//2202
f 1853//1877 2018//1965 1851//1875
f 2016//2030 1998//2005 1995//1996
f 2169//2177 2215//2231 2174//2188
f 1820//1841 1818//1840 2177//2235
f 2174//2188 2215//2231 2179//2192
f 2177//2235 1818//1840 2098//2187
f 1821//1842 2177//2235 2217//2245
f 1820//1841 2177//2235 1821//1842
f 2179//2192 2218//2232 2196//2208
f 2098//2187 2110//2112 2177//2235
f 2177//2235 2110//2112 2191//2236
f 2177//2235 2219//2246 2217//2245
f 1946//1967 2220//2044 2224//2247
f 2103//2109 2193//2237 2102//2168
f 2102//2168 2193//2237 2194//2248
f 2177//2235 2189//2234 2219//2246
f 2110//2112 2120//2207 2191//2236
f 2102//2168 2195//2249 2184//2198
f 2194//2248 2195//2249 2102//2168
f 2221//2250 1959//2054 2218//2232
f 2218//2232 1959//2054 2196//2208
f 2189//2234 2191//2236 2219//2246
f 2219//2246 2191//2236 2222//2251
f 1945//1963 1957//1975 2221//2250
f 2120//2207 2122//2209 2191//2236
f 2191//2236 2122//2209 2061//2064
f 2225//1862 2222//2251 2197//2238
f 2191//2236 2197//2238 2222//2251
f 2051//2062 2061//2064 2122//2209
f 2119//2128 1843//1866 2197//2238
f 2197//2238 1843//1866 2225//1862
f 1331//1417 1855//1888 1346//1424
f 1346//1424 1855//1888 1352//1443
f 1375//1444 1352//1443 2227//2239
f 1352//1443 1868//1890 2227//2239
f 1855//1888 1868//1890 1352//1443
f 2140//2148 2227//2239 1868//1890
f 1535//1626 2200//2215 1586//1632
f 2198//2210 2200//2215 1535//1626
f 1586//1632 2200//2215 2137//2218
f 2226//1902 1879//1906 2228//1905
f 2201//2220 2228//1905 1885//1907
f 2137//2218 2058//2217 1613//1644
f 2058//2217 968//1044 1613//1644
f 1874//1899 1882//2015 2229//2252
f 2199//2212 2201//2220 2204//2219
f 2132//2211 1891//1913 2142//2216
f 2135//2213 2199//2212 2205//2242
f 2205//2242 2199//2212 2204//2219
f 2142//2216 1891//1913 2149//2157
f 1907//1927 1895//1923 1906//1929
f 2143//2222 2202//2214 2142//2216
f 2069//2152 2202//2214 2143//2222
f 2149//2157 1901//1924 2207//2224
f 1907//1927 2207//2224 1901//1924
f 2207//2224 1907//1927 2078//2164
f 2213//2244 2159//2167 2155//2165
f 2018//1965 1914//1971 1851//1875
f 1917//1939 1918//1938 2012//1995
f 1926//1948 1812//2230 1811//1945
f 1926//1948 2214//2229 1812//2230
f 1926//1948 1930//1951 2214//2229
f 2214//2229 1930//1951 2215//2231
f 1930//1951 1936//1953 2215//2231
f 2215//2231 1936//1953 2216//2233
f 2217//2245 1822//1844 1821//1842
f 2216//2233 1936//1953 2218//2232
f 2217//2245 1940//1845 1822//1844
f 1944//1959 2218//2232 1936//1953
f 2218//2232 1944//1959 2221//2250
f 1950//1968 1940//1845 1964//1981
f 2217//2245 2219//2246 1940//1845
f 1940//1845 2219//2246 1964//1981
f 1945//1963 2221//2250 1944//1959
f 2184//2198 2223//2253 2220//2044
f 2195//2249 2223//2253 2184//2198
f 2223//2253 2224//2247 2220//2044
f 1957//1975 1959//2054 2221//2250
f 2031//2037 2233//2039 2027//2097
f 2219//2246 2222//2251 1964//1981
f 2224//2247 1962//1977 1946//1967
f 1959//2054 1970//2053 2196//2208
f 2057//2061 2234//2254 1114//1188
f 1114//1188 2234//2254 1157//1315
f 1842//1869 2062//2074 1841//1870
f 1157//1315 1840//1874 1216//1365
f 2234//2254 1840//1874 1157//1315
f 2062//2074 1842//1869 2066//1123
f 2066//1123 1842//1869 2057//2061
f 1840//1874 1847//1872 1216//1365
f 1970//2053 1966//2056 2196//2208
f 2196//2208 1966//2056 2118//2058
f 1842//1869 1846//1879 2057//2061
f 1216//1365 1858//1885 1281//1406
f 1847//1872 1858//1885 1216//1365
f 1846//1879 2234//2254 2057//2061
f 2222//2251 1839//1864 1964//1981
f 2222//2251 2225//1862 1839//1864
f 1281//1406 1858//1885 1334//1494
f 2234//2254 1866//1873 1840//1874
f 1846//1879 1866//1873 2234//2254
f 1854//1878 1841//1870 2062//2074
f 1858//1885 1835//1861 1334//1494
f 1697//1757 2235//2255 1684//1742
f 1703//1774 2237//2256 2235//2255
f 1703//1774 2235//2255 1697//1757
f 2238//2257 3984//2258 2104//2137
f 1724//1799 2237//2256 1703//1774
f 2239//2259 2236//2260 1233//1296
f 2105//2140 2240//2261 2238//2257
f 1724//1799 1761//1816 2237//2256
f 2105//2140 2238//2257 2104//2137
f 1261//1329 2239//2259 1233//1296
f 1776//1820 1784//1825 1761//1816
f 2106//2145 2240//2261 2105//2140
f 2106//2145 2241//2262 2240//2261
f 1261//1329 2242//2263 2239//2259
f 2108//2122 2241//2262 2106//2145
f 2108//2122 2243//2264 2241//2262
f 1319//1389 2242//2263 1261//1329
f 2244//2265 2242//2263 1319//1389
f 2112//2124 2243//2264 2108//2122
f 1631//1653 2245//2266 1628//1651
f 2112//2124 2246//2267 2243//2264
f 1638//1655 2245//2266 1631//1653
f 2114//2154 2246//2267 2112//2124
f 1394//1462 2244//2265 1319//1389
f 2114//2154 2247//2268 2246//2267
f 1394//1462 2248//2269 2244//2265
f 1639//1654 2245//2266 1638//1655
f 2114//2154 2249//2270 2247//2268
f 2092//2153 2249//2270 2114//2154
f 1517//1582 2248//2269 1394//1462
f 2021//2100 2249//2270 2092//2153
f 1517//1582 2250//2271 2248//2269
f 2021//2100 3251//2272 2249//2270
f 950//1009 2250//2271 1517//1582
f 1923//2033 3251//2272 2021//2100
f 2251//2273 3251//2272 1923//2033
f 1810//1946 2251//2273 1923//2033
f 1811//1945 2252//2274 2251//2273
f 1811//1945 2251//2273 1810//1946
f 2253//2275 2250//2271 950//1009
f 1077//1137 2253//2275 950//1009
f 1811//1945 2254//2276 2252//2274
f 2255//2277 2253//2275 1077//1137
f 1812//2230 2254//2276 1811//1945
f 1241//1357 2255//2277 1077//1137
f 1812//2230 2256//2278 2254//2276
f 1813//2176 2256//2278 1812//2230
f 1241//1357 2257//2279 2255//2277
f 1813//2176 2258//2280 2256//2278
f 1475//1566 2257//2279 1241//1357
f 1814//1836 2258//2280 1813//2176
f 1814//1836 2259//2281 2258//2280
f 2260//2282 2257//2279 1475//1566
f 1815//1835 2259//2281 1814//1836
f 1815//1835 2262//2283 2259//2281
f 954//1186 2260//2282 1475//1566
f 2261//2284 2260//2282 954//1186
f 1816//2094 2263//2285 2262//2283
f 1816//2094 2262//2283 1815//1835
f 1145//1267 2261//2284 954//1186
f 2264//2286 2261//2284 1145//1267
f 1257//1323 2264//2286 1145//1267
f 1817//1839 2263//2285 1816//2094
f 1817//1839 1819//1838 2263//2285
f 1122//1521 2265//2287 2264//2286
f 1122//1521 2264//2286 1257//1323
f 2266//2288 2265//2287 1122//1521
f 1821//1842 2267//2289 1819//1838
f 1821//1842 2268//2290 2267//2289
f 1712//1755 2266//2288 1122//1521
f 1822//1844 2268//2290 1821//1842
f 1822//1844 1823//1843 2268//2290
f 1717//1761 1720//1768 1714//1756
f 1824//1847 2269//2291 1823//1843
f 1730//1779 2270//2292 1723//1771
f 1827//1850 2269//2291 1824//1847
f 2271//2293 2269//2291 1827//1850
f 1736//1792 2270//2292 1730//1779
f 1736//1792 1745//1802 2270//2292
f 1828//1852 2271//2293 1827//1850
f 1828//1852 2272//2294 2271//2293
f 1829//1854 2272//2294 1828//1852
f 1829//1854 2274//2295 2272//2294
f 1788//1821 2273//2296 1777//1815
f 1788//1821 1803//1829 2273//2296
f 1831//1856 2274//2295 1829//1854
f 1831//1856 2275//2297 2274//2295
f 1809//1834 2276//2298 1806//1832
f 1831//1856 2277//2299 2275//2297
f 1635//1686 2276//2298 1809//1834
f 1833//1859 2277//2299 1831//1856
f 1635//1686 1650//1705 2276//2298
f 1834//1860 2277//2299 1833//1859
f 1834//1860 2236//2260 2277//2299
f 1233//1296 2236//2260 1834//1860
f 1684//1742 2235//2255 1680//1732
f 2278//2300 2279//2301 2280//2302
f 2282//2303 2278//2300 2280//2302
f 2283//2304 2281//2305 2266//2288
f 2284//2306 2266//2288 1712//1755
f 2284//2306 2283//2304 2266//2288
f 2285//2307 2280//2302 2286//2308
f 2285//2307 2282//2303 2280//2302
f 2284//2306 1712//1755 1714//1756
f 2285//2307 2286//2308 2287//2309
f 2288//2310 2287//2309 2289//2311
f 2288//2310 2285//2307 2287//2309
f 2290//2312 1714//1756 1720//1768
f 2290//2312 2284//2306 1714//1756
f 2288//2310 2289//2311 2291//2313
f 2292//2314 2290//2312 1720//1768
f 2292//2314 1720//1768 1723//1771
f 2293//2315 2288//2310 2291//2313
f 2292//2314 1723//1771 2270//2292
f 2293//2315 2291//2313 2294//2316
f 2295//2317 2292//2314 2270//2292
f 2296//2318 2293//2315 2294//2316
f 2296//2318 2294//2316 2297//2319
f 2295//2317 2270//2292 1745//1802
f 2298//2320 2296//2318 2297//2319
f 2298//2320 2297//2319 2299//2321
f 2300//2322 2295//2317 1745//1802
f 2300//2322 1745//1802 1756//1811
f 2298//2320 2299//2321 2301//2323
f 2302//2324 2300//2322 1756//1811
f 2302//2324 1756//1811 1777//1815
f 2303//2325 2298//2320 2301//2323
f 2303//2325 2301//2323 2304//2326
f 2302//2324 1777//1815 2273//2296
f 2305//2327 2303//2325 2304//2326
f 2306//2328 2302//2324 2273//2296
f 2307//2329 2305//2327 2304//2326
f 2308//2330 2305//2327 2309//2331
f 2306//2328 2273//2296 1803//1829
f 2308//2330 2303//2325 2305//2327
f 2310//2332 2306//2328 1803//1829
f 2310//2332 1803//1829 1806//1832
f 2311//2333 2310//2332 1806//1832
f 2311//2333 1806//1832 2276//2298
f 2312//2334 2311//2333 2276//2298
f 2312//2334 2276//2298 1650//1705
f 2313//2335 2312//2334 1650//1705
f 2313//2335 1650//1705 1665//1720
f 2313//2335 1665//1720 1680//1732
f 2314//2336 2313//2335 1680//1732
f 2314//2336 1680//1732 2235//2255
f 2315//2337 2314//2336 2235//2255
f 2315//2337 2235//2255 2237//2256
f 2316//2338 2315//2337 2237//2256
f 2316//2338 2237//2256 1761//1816
f 2317//2339 2316//2338 1761//1816
f 2317//2339 1761//1816 1784//1825
f 2317//2339 1784//1825 1794//1828
f 2318//2340 2317//2339 1794//1828
f 2318//2340 1794//1828 1804//1831
f 2319//2341 1804//1831 1807//1833
f 2319//2341 2318//2340 1804//1831
f 2319//2341 1807//1833 1628//1651
f 2320//2342 2319//2341 1628//1651
f 2320//2342 1628//1651 2245//2266
f 2321//2343 2320//2342 2245//2266
f 2321//2343 2245//2266 2322//2344
f 2323//2345 2321//2343 2322//2344
f 2323//2345 2322//2344 2324//2346
f 2323//2345 2324//2346 2325//2347
f 2326//2348 2323//2345 2325//2347
f 2326//2348 2325//2347 2327//2349
f 2328//2350 2326//2348 2327//2349
f 2328//2350 2327//2349 2329//2351
f 2330//2352 2328//2350 2329//2351
f 2330//2352 2329//2351 2331//2353
f 2332//2354 2331//2353 2333//2355
f 2332//2354 2330//2352 2331//2353
f 2334//2356 2332//2354 2333//2355
f 2334//2356 2333//2355 2335//2357
f 2334//2356 2335//2357 2336//2358
f 2337//2359 2334//2356 2336//2358
f 2337//2359 2336//2358 2338//2360
f 2339//2361 2337//2359 2338//2360
f 2339//2361 2338//2360 2340//2362
f 2339//2361 2340//2362 2341//2363
f 2342//2364 2339//2361 2341//2363
f 2342//2364 2341//2363 2343//2365
f 2278//2300 2342//2364 2343//2365
f 2278//2300 2343//2365 2279//2301
f 2348//2366 2349//2367 2346//2368
f 2350//2369 2593//2370 2358//2371
f 2356//2372 2353//2373 2354//2374
f 2359//2375 2344//2376 2345//2377
f 2351//2378 2377//2379 2378//2380
f 2346//2368 2352//2381 2345//2377
f 2361//2382 2357//2383 2362//2384
f 2355//2385 2363//2386 2347//2387
f 2359//2375 2345//2377 2352//2381
f 2349//2367 2352//2381 2346//2368
f 2375//2388 2351//2378 2355//2385
f 2375//2388 2589//2389 2594//2390
f 2365//2391 2356//2372 2354//2374
f 2366//2392 2356//2372 2367//2393
f 2368//2394 2349//2367 2348//2366
f 2368//2394 2348//2366 2593//2370
f 2369//2395 2364//2396 2370//2397
f 2369//2395 2360//2398 2364//2396
f 2364//2396 2363//2386 2351//2378
f 2364//2396 2351//2378 2378//2380
f 2371//2399 2358//2371 2373//2400
f 2362//2384 2366//2392 2367//2393
f 2363//2386 2360//2398 2372//2401
f 2364//2396 2378//2380 2370//2397
f 2371//2399 2350//2369 2358//2371
f 2369//2395 2370//2397 2379//2402
f 2374//2403 2352//2381 2349//2367
f 2368//2394 2593//2370 2350//2369
f 2376//2404 2359//2375 2352//2381
f 2374//2403 2349//2367 2368//2394
f 2373//2400 2382//2405 2371//2399
f 2376//2404 2352//2381 2374//2403
f 4946//2406 2369//2395 2379//2402
f 2383//2407 2362//2384 2367//2393
f 2350//2369 2387//2408 2368//2394
f 2350//2369 2371//2399 2387//2408
f 2388//2409 2371//2399 2382//2405
f 2389//2410 2344//2376 2359//2375
f 2384//2411 2370//2397 2378//2380
f 2380//2412 2386//2413 2378//2380
f 2385//2414 2392//2415 2393//2416
f 2394//2417 2374//2403 2368//2394
f 2385//2414 2383//2407 2367//2393
f 2384//2411 2386//2413 2395//2418
f 2384//2411 2378//2380 2386//2413
f 2396//2419 2397//2420 2398//2421
f 2379//2402 2398//2421 4946//2406
f 2399//2422 2376//2404 2374//2403
f 2388//2409 2387//2408 2371//2399
f 2389//2410 2391//2423 2390//2424
f 2370//2397 2384//2411 2395//2418
f 2370//2397 2395//2418 2410//2425
f 2394//2417 2368//2394 2387//2408
f 2388//2409 2400//2426 2387//2408
f 2399//2422 2374//2403 2394//2417
f 2380//2412 2416//2427 2386//2413
f 2389//2410 2402//2428 2391//2423
f 2393//2416 2383//2407 2385//2414
f 2403//2429 2388//2409 2382//2405
f 2403//2429 2404//2430 2388//2409
f 2405//2431 2408//2432 2386//2413
f 2409//2433 2412//2434 2383//2407
f 2406//2435 2359//2375 2376//2404
f 2406//2435 2389//2410 2359//2375
f 2407//2436 2394//2417 2387//2408
f 2409//2433 2383//2407 2393//2416
f 2403//2429 2411//2437 2404//2430
f 2403//2429 2412//2434 2411//2437
f 2406//2435 2413//2438 2402//2428
f 2406//2435 2402//2428 2389//2410
f 2408//2432 2395//2418 2386//2413
f 2405//2431 2386//2413 2416//2427
f 2410//2425 2396//2419 2398//2421
f 2410//2425 2414//2439 2396//2419
f 2406//2435 2376//2404 2399//2422
f 2404//2430 2400//2426 2388//2409
f 2427//2440 2426//2441 2393//2416
f 2418//2442 2393//2416 2419//2443
f 2420//2444 2413//2438 2406//2435
f 2411//2437 2421//2445 2415//2446
f 2404//2430 2423//2447 2400//2426
f 2425//2448 2424//2449 2405//2431
f 2407//2436 2399//2422 2394//2417
f 2420//2444 2406//2435 2422//2450
f 2422//2450 2406//2435 2399//2422
f 2395//2418 2414//2439 2410//2425
f 2426//2441 2427//2440 2417//2451
f 2428//2452 2416//2427 2429//2453
f 2428//2452 2425//2448 2416//2427
f 2408//2432 2414//2439 2395//2418
f 2407//2436 2387//2408 2400//2426
f 2422//2450 2399//2422 2431//2454
f 2432//2455 2416//2427 2391//2423
f 2408//2432 2433//2456 2414//2439
f 2428//2452 2424//2449 2425//2448
f 2428//2452 2434//2457 2424//2449
f 2432//2455 2391//2423 2402//2428
f 2407//2436 2431//2454 2399//2422
f 2436//2458 2417//2451 2430//2459
f 2437//2460 2407//2436 2400//2426
f 2405//2431 2433//2456 2408//2432
f 2438//2461 2421//2445 2439//2462
f 2436//2458 2426//2441 2417//2451
f 2422//2450 2440//2463 2420//2444
f 2415//2446 2404//2430 2411//2437
f 2437//2460 2431//2454 2407//2436
f 2440//2463 2422//2450 2431//2454
f 2405//2431 2424//2449 2433//2456
f 2443//2464 2428//2452 2429//2453
f 2419//2443 2426//2441 2435//2465
f 2413//2438 2432//2455 2402//2428
f 2415//2446 2423//2447 2404//2430
f 2443//2464 2429//2453 2447//2466
f 2429//2453 2416//2427 2432//2455
f 2443//2464 2434//2457 2428//2452
f 2441//2467 2448//2468 2439//2462
f 2441//2467 2419//2443 2442//2469
f 2451//2470 2431//2454 2449//2471
f 2437//2460 2400//2426 2423//2447
f 2451//2470 2440//2463 2431//2454
f 2443//2464 2450//2472 2434//2457
f 2435//2465 2442//2469 2419//2443
f 2435//2465 2445//2473 2446//2474
f 2435//2465 2436//2458 2445//2473
f 2429//2453 2432//2455 2413//2438
f 2448//2468 2444//2475 2439//2462
f 2452//2476 2443//2464 2447//2466
f 2453//2477 2437//2460 2423//2447
f 2453//2477 2431//2454 2437//2460
f 2415//2446 2454//2478 2423//2447
f 2442//2469 2448//2468 2441//2467
f 2442//2469 2456//2479 2448//2468
f 2452//2476 2450//2472 2443//2464
f 2447//2466 2413//2438 2420//2444
f 2438//2461 2415//2446 2421//2445
f 2452//2476 2458//2480 2450//2472
f 2453//2477 2449//2471 2431//2454
f 2457//2481 2451//2470 2449//2471
f 2459//2482 2446//2474 2445//2473
f 2459//2482 2445//2473 2455//2483
f 2447//2466 2429//2453 2413//2438
f 2456//2479 2442//2469 2461//2484
f 2462//2485 2453//2477 2423//2447
f 2460//2486 2458//2480 2452//2476
f 2460//2486 2464//2487 2458//2480
f 2465//2488 2456//2479 2461//2484
f 2465//2488 2468//2489 2456//2479
f 2444//2475 2454//2478 2415//2446
f 2444//2475 2415//2446 2438//2461
f 2466//2490 2447//2466 2420//2444
f 2435//2465 2426//2441 2436//2458
f 2462//2485 2423//2447 2454//2478
f 2463//2491 2457//2481 2449//2471
f 2463//2491 2469//2492 2457//2481
f 2444//2475 2438//2461 2439//2462
f 2462//2485 2449//2471 2453//2477
f 2467//2493 2502//2494 2459//2482
f 2466//2490 2420//2444 2440//2463
f 2470//2495 2468//2489 2471//2496
f 2473//2497 2462//2485 2454//2478
f 2472//2498 2464//2487 2460//2486
f 2472//2498 2475//2499 2464//2487
f 2476//2500 4914//2501 2474//2502
f 2444//2475 2477//2503 2454//2478
f 2469//2492 2463//2491 2478//2504
f 2452//2476 2447//2466 2466//2490
f 2481//2505 2468//2489 2465//2488
f 2481//2505 2465//2488 2490//2506
f 2468//2489 2480//2507 2471//2496
f 2479//2508 5043//2509 2476//2500
f 2483//2510 2525//2511 2467//2493
f 2479//2508 2484//2512 5043//2509
f 2482//2513 2475//2499 2472//2498
f 2487//2514 2469//2492 2478//2504
f 2482//2513 2472//2498 2486//2515
f 2488//2516 2484//2512 2479//2508
f 2473//2497 2463//2491 2449//2471
f 2473//2497 2449//2471 2462//2485
f 2461//2484 2435//2465 2446//2474
f 2461//2484 2442//2469 2435//2465
f 2489//2517 2466//2490 2440//2463
f 2489//2517 2440//2463 2451//2470
f 2488//2516 2479//2508 2554//2518
f 2554//2518 2479//2508 2485//2519
f 2460//2486 2452//2476 2466//2490
f 2487//2514 2478//2504 2491//2520
f 2493//2521 2525//2511 2483//2510
f 2492//2522 2481//2505 2490//2506
f 2473//2497 2454//2478 2477//2503
f 2460//2486 2466//2490 2489//2517
f 2493//2521 2483//2510 2494//2523
f 2496//2524 2482//2513 2486//2515
f 2496//2524 2498//2525 2482//2513
f 2491//2520 2500//2526 2487//2514
f 2502//2494 2461//2484 2446//2474
f 2470//2495 2444//2475 2448//2468
f 2503//2527 2493//2521 2494//2523
f 2470//2495 2448//2468 2456//2479
f 2506//2528 2473//2497 2477//2503
f 2507//2529 2491//2520 2499//2530
f 2470//2495 2477//2503 2444//2475
f 2491//2520 2507//2529 2500//2526
f 2508//2531 2501//2532 2492//2522
f 2504//2533 2498//2525 2496//2524
f 2508//2531 2492//2522 2581//2534
f 2478//2504 2463//2491 2473//2497
f 2503//2527 2511//2535 2581//2534
f 2489//2517 2451//2470 2457//2481
f 2470//2495 2456//2479 2468//2489
f 2510//2536 2507//2529 2499//2530
f 2472//2498 2460//2486 2489//2517
f 2508//2531 2512//2537 2501//2532
f 2504//2533 2513//2538 2498//2525
f 2510//2536 2499//2530 2514//2539
f 2486//2515 2489//2517 2457//2481
f 2509//2540 2511//2535 2503//2527
f 2509//2540 2516//2541 2511//2535
f 2478//2504 2473//2497 2506//2528
f 2515//2542 2513//2538 2504//2533
f 2511//2535 2512//2537 2508//2531
f 2518//2543 2513//2538 2515//2542
f 2514//2539 2517//2544 2510//2536
f 2471//2496 2477//2503 2470//2495
f 2518//2543 2521//2545 2513//2538
f 2522//2546 2512//2537 2511//2535
f 2472//2498 2489//2517 2486//2515
f 2520//2547 2517//2544 2514//2539
f 2520//2547 2533//2548 2517//2544
f 2519//2549 2524//2550 2516//2541
f 2519//2549 2516//2541 2509//2540
f 2486//2515 2457//2481 2469//2492
f 2526//2551 2506//2528 2477//2503
f 2523//2552 2521//2545 2518//2543
f 2520//2547 2530//2553 2533//2548
f 2523//2552 2532//2554 2521//2545
f 2528//2555 2522//2546 2527//2556
f 2523//2552 2533//2548 2532//2554
f 2531//2557 2530//2553 2520//2547
f 2529//2558 2524//2550 2519//2549
f 2529//2558 2535//2559 2524//2550
f 2527//2556 2534//2560 2528//2555
f 2531//2557 2536//2561 2530//2553
f 2506//2528 2491//2520 2478//2504
f 2529//2558 2537//2562 2539//2563
f 2529//2558 2539//2563 2535//2559
f 2535//2559 2534//2560 2527//2556
f 2535//2559 2538//2564 2534//2560
f 2535//2559 2539//2563 2538//2564
f 2540//2565 2634//2566 2541//2567
f 2541//2567 2634//2566 2542//2568
f 2544//2569 2636//2570 2543//2571
f 2545//2572 2547//2573 2546//2574
f 2526//2551 2477//2503 2471//2496
f 2552//2575 2553//2576 2549//2577
f 2551//2578 2554//2518 2550//2579
f 2551//2578 2555//2580 2554//2518
f 2553//2576 2548//2581 2549//2577
f 2495//2582 2554//2518 2555//2580
f 2556//2583 2526//2551 2471//2496
f 2557//2584 2486//2515 2469//2492
f 2480//2507 2560//2585 2471//2496
f 2495//2582 2563//2586 2505//2587
f 2553//2576 2561//2588 2559//2589
f 2553//2576 2558//2590 2561//2588
f 2526//2551 2491//2520 2506//2528
f 2526//2551 2499//2530 2491//2520
f 2562//2591 2505//2587 2563//2586
f 2555//2580 2564//2592 2565//2593
f 2557//2584 2469//2492 2487//2514
f 2563//2586 2495//2582 2566//2594
f 2496//2524 2486//2515 2557//2584
f 2568//2595 2652//2596 2562//2591
f 2561//2588 2558//2590 2569//2597
f 2497//2598 2560//2585 2480//2507
f 2566//2594 2565//2593 2567//2599
f 2570//2600 2558//2590 2571//2601
f 2652//2596 2568//2595 2572//2602
f 2565//2593 2566//2594 2555//2580
f 2567//2599 2563//2586 2566//2594
f 2499//2530 2526//2551 2556//2583
f 2569//2597 2558//2590 2570//2600
f 2556//2583 2471//2496 2560//2585
f 2565//2593 2575//2603 2567//2599
f 2568//2595 2567//2599 2574//2604
f 2504//2533 2496//2524 2557//2584
f 2565//2593 2573//2605 2575//2603
f 2500//2526 2557//2584 2487//2514
f 2577//2606 2564//2592 2576//2607
f 2572//2602 2580//2608 2579//2609
f 2578//2610 2573//2605 2577//2606
f 2504//2533 2557//2584 2500//2526
f 2569//2597 2570//2600 2582//2611
f 2398//2421 2585//2612 4946//2406
f 2583//2613 2584//2614 2577//2606
f 2497//2598 2586//2615 2560//2585
f 2583//2613 2577//2606 2576//2607
f 2560//2585 2499//2530 2556//2583
f 2582//2611 2570//2600 2356//2372
f 2588//2616 2346//2368 2574//2604
f 2578//2610 2577//2606 2584//2614
f 2589//2389 2579//2609 2580//2608
f 2590//2617 2589//2389 2580//2608
f 2578//2610 2584//2614 2591//2618
f 2357//2383 2584//2614 2583//2613
f 2590//2617 2574//2604 2346//2368
f 2560//2585 2514//2539 2499//2530
f 2592//2619 2497//2598 2501//2532
f 2410//2425 2379//2402 2370//2397
f 2346//2368 2345//2377 2590//2617
f 2357//2383 2583//2613 2582//2611
f 2592//2619 2586//2615 2497//2598
f 2594//2390 2589//2389 2590//2617
f 2589//2389 2375//2388 2355//2385
f 2511//2535 2508//2531 2581//2534
f 2410//2425 2398//2421 2379//2402
f 2515//2542 2504//2533 2500//2526
f 2594//2390 2345//2377 2344//2376
f 2373//2400 2584//2614 2357//2383
f 2356//2372 2365//2391 2367//2393
f 2344//2376 2375//2388 2594//2390
f 2586//2615 2514//2539 2560//2585
f 2363//2386 2355//2385 2351//2378
f 2351//2378 2375//2388 2377//2379
f 2373//2400 2361//2382 2382//2405
f 2518//2543 2500//2526 2507//2529
f 2518//2543 2507//2529 2510//2536
f 2373//2400 2357//2383 2361//2382
f 2364//2396 2360//2398 2363//2386
f 2390//2424 2375//2388 2344//2376
f 2592//2619 2595//2620 2586//2615
f 2518//2543 2515//2542 2500//2526
f 2592//2619 2501//2532 2512//2537
f 2367//2393 2365//2391 2392//2415
f 2392//2415 2365//2391 2381//2621
f 2392//2415 2385//2414 2367//2393
f 2377//2379 2380//2412 2378//2380
f 2390//2424 2344//2376 2389//2410
f 2383//2407 2361//2382 2362//2384
f 2383//2407 2412//2434 2361//2382
f 2520//2547 2586//2615 2596//2622
f 2520//2547 2514//2539 2586//2615
f 2401//2623 2392//2415 2381//2621
f 2382//2405 2412//2434 2403//2429
f 2382//2405 2361//2382 2412//2434
f 2392//2415 2427//2440 2393//2416
f 2412//2434 2409//2433 2418//2442
f 2518//2543 2510//2536 2517//2544
f 2401//2623 2427//2440 2392//2415
f 2596//2622 2586//2615 2595//2620
f 2412//2434 2418//2442 2411//2437
f 2427//2440 2401//2623 2417//2451
f 2405//2431 2416//2427 2425//2448
f 2418//2442 2409//2433 2393//2416
f 2512//2537 2595//2620 2592//2619
f 2418//2442 2421//2445 2411//2437
f 2419//2443 2421//2445 2418//2442
f 2441//2467 2421//2445 2419//2443
f 2445//2473 2436//2458 2430//2459
f 2439//2462 2421//2445 2441//2467
f 2502//2494 2446//2474 2459//2482
f 2461//2484 2502//2494 2465//2488
f 2523//2552 2518//2543 2517//2544
f 2522//2546 2511//2535 2516//2541
f 2490//2506 2465//2488 2502//2494
f 2525//2511 2502//2494 2467//2493
f 2490//2506 2502//2494 2525//2511
f 2481//2505 2497//2598 2480//2507
f 2481//2505 2480//2507 2468//2489
f 2512//2537 2597//2624 2595//2620
f 2490//2506 2525//2511 2492//2522
f 2497//2598 2481//2505 2492//2522
f 2527//2556 2522//2546 2516//2541
f 2493//2521 2581//2534 2525//2511
f 2492//2522 2525//2511 2581//2534
f 2501//2532 2497//2598 2492//2522
f 2581//2534 2493//2521 2503//2527
f 2544//2569 2547//2573 2545//2572
f 2545//2572 2636//2570 2544//2569
f 2550//2579 2553//2576 2551//2578
f 2595//2620 2520//2547 2596//2622
f 2595//2620 2531//2557 2520//2547
f 2550//2579 2548//2581 2553//2576
f 2524//2550 2527//2556 2516//2541
f 2597//2624 2512//2537 2522//2546
f 2576//2607 2559//2589 2561//2588
f 2523//2552 2517//2544 2533//2548
f 2355//2385 2347//2387 2589//2389
f 2358//2371 2584//2614 2373//2400
f 2390//2424 2391//2423 2380//2412
f 2390//2424 2377//2379 2375//2388
f 2390//2424 2380//2412 2377//2379
f 2391//2423 2416//2427 2380//2412
f 2419//2443 2393//2416 2426//2441
f 2597//2624 2522//2546 2528//2555
f 2598//2625 2595//2620 2597//2624
f 2599//2626 2597//2624 2528//2555
f 2599//2626 2600//2627 2597//2624
f 2598//2625 2531//2557 2595//2620
f 2600//2627 2598//2625 2597//2624
f 2535//2559 2527//2556 2524//2550
f 2530//2553 2532//2554 2533//2548
f 2599//2626 2601//2628 2600//2627
f 2599//2626 2528//2555 2534//2560
f 2600//2627 2531//2557 2598//2625
f 2600//2627 2602//2629 2531//2557
f 2534//2560 2601//2628 2599//2626
f 2530//2553 2603//2630 2532//2554
f 2602//2629 2600//2627 2601//2628
f 2536//2561 2531//2557 2602//2629
f 2604//2631 2530//2553 2536//2561
f 2538//2564 2601//2628 2534//2560
f 2539//2563 2606//2632 2538//2564
f 2607//2633 2536//2561 2602//2629
f 2601//2628 2605//2634 2602//2629
f 2604//2631 2603//2630 2530//2553
f 2604//2631 2536//2561 2607//2633
f 2607//2633 2602//2629 2605//2634
f 2605//2634 2601//2628 2538//2564
f 2609//2635 2537//2562 2610//2636
f 2609//2635 2539//2563 2537//2562
f 2605//2634 2538//2564 2608//2637
f 2609//2635 2606//2632 2539//2563
f 2604//2631 2611//2638 2603//2630
f 2606//2632 2608//2637 2538//2564
f 2606//2632 2613//2639 2608//2637
f 2604//2631 2607//2633 2614//2640
f 2614//2640 2607//2633 2605//2634
f 2615//2641 2609//2635 2610//2636
f 2614//2640 2611//2638 2604//2631
f 2614//2640 2605//2634 2608//2637
f 2613//2639 2606//2632 2609//2635
f 2612//2642 2615//2641 2610//2636
f 2615//2641 2616//2643 2609//2635
f 2617//2644 2614//2640 2608//2637
f 2616//2643 2613//2639 2609//2635
f 2618//2645 2608//2637 2613//2639
f 2615//2641 2621//2646 2616//2643
f 2614//2640 2622//2647 2611//2638
f 2618//2645 2613//2639 2616//2643
f 2617//2644 2622//2647 2614//2640
f 2624//2648 2617//2644 2608//2637
f 2624//2648 2608//2637 2618//2645
f 2619//2649 2615//2641 2612//2642
f 2620//2650 2621//2646 2623//2651
f 2619//2649 2623//2651 2621//2646
f 2619//2649 2621//2646 2615//2641
f 2621//2646 2620//2650 2618//2645
f 2621//2646 2618//2645 2616//2643
f 2624//2648 2622//2647 2617//2644
f 2632//2652 2620//2650 2623//2651
f 2627//2653 2623//2651 2626//2654
f 2624//2648 2628//2655 2622//2647
f 2629//2656 2632//2652 2623//2651
f 2620//2650 2624//2648 2618//2645
f 2629//2656 2623//2651 2627//2653
f 2625//2657 2626//2654 2623//2651
f 2625//2657 2623//2651 2619//2649
f 2630//2658 2627//2653 2540//2565
f 2631//2659 2629//2656 2627//2653
f 2631//2659 2627//2653 2630//2658
f 2632//2652 2624//2648 2620//2650
f 2632//2652 2628//2655 2624//2648
f 2911//2660 2627//2653 2626//2654
f 2543//2571 2630//2658 2540//2565
f 2540//2565 2627//2653 2911//2660
f 2632//2652 2633//2661 2628//2655
f 2629//2656 2633//2661 2632//2652
f 2629//2656 2635//2662 2633//2661
f 2544//2569 2543//2571 2541//2567
f 2631//2659 2635//2662 2629//2656
f 2547//2573 2544//2569 2541//2567
f 2543//2571 2540//2565 2541//2567
f 2547//2573 2541//2567 2637//2663
f 2631//2659 2630//2658 2543//2571
f 2631//2659 2636//2570 2635//2662
f 2543//2571 2636//2570 2631//2659
f 2637//2663 2541//2567 2542//2568
f 2638//2664 2547//2573 2637//2663
f 2638//2664 2637//2663 2640//2665
f 2639//2666 2640//2665 2637//2663
f 2546//2574 2547//2573 2638//2664
f 2641//2667 2642//2668 2639//2666
f 2640//2665 2546//2574 2638//2664
f 2642//2668 2640//2665 2639//2666
f 2640//2665 2643//2669 2546//2574
f 2642//2668 2643//2669 2640//2665
f 2644//2670 2642//2668 2641//2667
f 2645//2671 2642//2668 2644//2670
f 2645//2671 2643//2669 2642//2668
f 2646//2672 2644//2670 2641//2667
f 2646//2672 2641//2667 2281//2305
f 2645//2671 2647//2673 2643//2669
f 2644//2670 2647//2673 2645//2671
f 2646//2672 2281//2305 2283//2304
f 2648//2674 2644//2670 2646//2672
f 2648//2674 2647//2673 2644//2670
f 2646//2672 2283//2304 2648//2674
f 2649//2675 2476//2500 2474//2502
f 2649//2675 2479//2508 2476//2500
f 2485//2519 2479//2508 2649//2675
f 2649//2675 2549//2577 2548//2581
f 2548//2581 2485//2519 2649//2675
f 2550//2579 2485//2519 2548//2581
f 2554//2518 2485//2519 2550//2579
f 2488//2516 2554//2518 2495//2582
f 2505//2587 2488//2516 2495//2582
f 2488//2516 2505//2587 2650//2676
f 2551//2578 2553//2576 2559//2589
f 2562//2591 2650//2676 2505//2587
f 2562//2591 2651//2677 2650//2676
f 2652//2596 2651//2677 2562//2591
f 2558//2590 2553//2576 2552//2575
f 2566//2594 2495//2582 2555//2580
f 2555//2580 2551//2578 2559//2589
f 2559//2589 2564//2592 2555//2580
f 2568//2595 2563//2586 2567//2599
f 2576//2607 2564//2592 2559//2589
f 2568//2595 2562//2591 2563//2586
f 2579//2609 2653//2678 5111//2679
f 2573//2605 2565//2593 2564//2592
f 2569//2597 2583//2613 2561//2588
f 2572//2602 2568//2595 2580//2608
f 2572//2602 2579//2609 5111//2679
f 2583//2613 2576//2607 2561//2588
f 2348//2366 2588//2616 2587//2680
f 2577//2606 2573//2605 2564//2592
f 2575//2603 2588//2616 2567//2599
f 2575//2603 2587//2680 2588//2616
f 2347//2387 2653//2678 2579//2609
f 2570//2600 2571//2601 2353//2373
f 2580//2608 2568//2595 2574//2604
f 2575//2603 2573//2605 2587//2680
f 2574//2604 2567//2599 2588//2616
f 2569//2597 2582//2611 2583//2613
f 2348//2366 2587//2680 2591//2618
f 2578//2610 2587//2680 2573//2605
f 2587//2680 2578//2610 2591//2618
f 2590//2617 2580//2608 2574//2604
f 2593//2370 2348//2366 2591//2618
f 2589//2389 2347//2387 2579//2609
f 2591//2618 2584//2614 2593//2370
f 2363//2386 2372//2401 2347//2387
f 2356//2372 2570//2600 2353//2373
f 2348//2366 2346//2368 2588//2616
f 2590//2617 2345//2377 2594//2390
f 2582//2611 2356//2372 2366//2392
f 2362//2384 2357//2383 2582//2611
f 2362//2384 2582//2611 2366//2392
f 2358//2371 2593//2370 2584//2614
f 2676//2681 2250//2271 2253//2275
f 2660//2682 2668//2683 3135//2684
f 2666//2685 2700//2686 2667//2687
f 2672//2688 2674//2689 2673//2690
f 2680//2691 3022//2692 2681//2693
f 2684//2694 2675//2695 2685//2696
f 2678//2697 2690//2698 2658//2699
f 3136//2700 2655//2701 2692//2702
f 2661//2703 3148//2704 2662//2705
f 2669//2706 3115//2707 2933//2708
f 2680//2691 2677//2709 3022//2692
f 2694//2710 2697//2711 2695//2712
f 2684//2694 2688//2713 2675//2695
f 2658//2699 2690//2698 2698//2714
f 2660//2682 2699//2715 2668//2683
f 2703//2716 2925//2717 2687//2718
f 2666//2685 2698//2714 2700//2686
f 2687//2718 3022//2692 2677//2709
f 2654//2719 2675//2695 2708//2720
f 2710//2721 2659//2722 2711//2723
f 2712//2724 2676//2681 2686//2725
f 2714//2726 2660//2682 2665//2727
f 2717//2728 2689//2729 2691//2730
f 2718//2731 3148//2704 2661//2703
f 3136//2700 2721//2732 2670//2733
f 2775//2734 2693//2735 2689//2729
f 2775//2734 2689//2729 2717//2728
f 2671//2736 2670//2733 2721//2732
f 2692//2702 2721//2732 3136//2700
f 2726//2737 2711//2723 2724//2738
f 2686//2725 2676//2681 2253//2275
f 2718//2731 2727//2739 3148//2704
f 2684//2694 2657//2740 2728//2741
f 2683//2742 2715//2743 2729//2744
f 2714//2726 2699//2715 2660//2682
f 2730//2745 2705//2746 2702//2747
f 2730//2745 2704//2748 2705//2746
f 2721//2732 2716//2749 2671//2736
f 2734//2750 2686//2725 2808//2751
f 2734//2750 2712//2724 2686//2725
f 2731//2752 2727//2739 2718//2731
f 2736//2753 2684//2694 2728//2741
f 2737//2754 2707//2755 2683//2742
f 2738//2756 2726//2737 2716//2749
f 2710//2721 2726//2737 2751//2757
f 2740//2758 2725//2759 2720//2760
f 2741//2761 2742//2762 2743//2763
f 2701//2764 2674//2689 2672//2688
f 2701//2764 3121//2765 2674//2689
f 2704//2748 2730//2745 2831//2766
f 2736//2753 2728//2741 2746//2767
f 2690//2698 2747//2768 2698//2714
f 2750//2769 2703//2716 2687//2718
f 2702//2747 3121//2765 2701//2764
f 2716//2749 2754//2770 2738//2756
f 2754//2770 2716//2749 2721//2732
f 2756//2771 2752//2772 2801//2773
f 2757//2774 2727//2739 2731//2752
f 2756//2771 2801//2773 2758//2775
f 2764//2776 2707//2755 2737//2754
f 2734//2750 2723//2777 2712//2724
f 2938//2778 2681//2693 2664//2779
f 2762//2780 2741//2761 2743//2763
f 2763//2781 2753//2782 2733//2783
f 2754//2770 2721//2732 2811//2784
f 2767//2785 2713//2786 2703//2716
f 2767//2785 2703//2716 2750//2769
f 2770//2787 2729//2744 2900//2788
f 2741//2761 2771//2789 2761//2790
f 2722//2791 2706//2792 2704//2748
f 2763//2781 2755//2793 2753//2782
f 2768//2794 2773//2795 2811//2784
f 2768//2794 2811//2784 2721//2732
f 2680//2691 2681//2693 2938//2778
f 2774//2796 2743//2763 2775//2734
f 2772//2797 2986//2798 2740//2758
f 2774//2796 2762//2780 2743//2763
f 2776//2799 2677//2709 2680//2691
f 2777//2800 2877//2801 2778//2802
f 2763//2781 2733//2783 2732//2803
f 2779//2804 2785//2805 2886//2806
f 2762//2780 2771//2789 2741//2761
f 2780//2807 2781//2808 2757//2774
f 2773//2795 2768//2794 2886//2806
f 2782//2809 2755//2793 2763//2781
f 2784//2810 2754//2770 2354//2374
f 2750//2769 2687//2718 2677//2709
f 2766//2811 2786//2812 2682//2813
f 2787//2814 2764//2776 2737//2754
f 2787//2814 2737//2754 2770//2787
f 2766//2811 2739//2815 2786//2812
f 2762//2780 2797//2816 2771//2789
f 2759//2817 2558//2590 2552//2575
f 2788//2818 2702//2747 2766//2811
f 2788//2818 2730//2745 2702//2747
f 2789//2819 2773//2795 2886//2806
f 2739//2815 2755//2793 2786//2812
f 2676//2681 3130//2820 2250//2271
f 2759//2817 2571//2601 2558//2590
f 2759//2817 2751//2757 2571//2601
f 2990//2821 2760//2822 2783//2823
f 2763//2781 2732//2803 2769//2824
f 2780//2807 4822//2825 2781//2808
f 2791//2826 2969//2827 2746//2767
f 2784//2810 2353//2373 2571//2601
f 2785//2805 2792//2828 2789//2819
f 2795//2829 2770//2787 2796//2830
f 2795//2829 2787//2814 2770//2787
f 2763//2781 2769//2824 2843//2831
f 2353//2373 2784//2810 2354//2374
f 2774//2796 2797//2816 2762//2780
f 2682//2813 2788//2818 2766//2811
f 2793//2832 2777//2800 2794//2833
f 2793//2832 2794//2833 2802//2834
f 2804//2835 2962//2836 2793//2832
f 2785//2805 2830//2837 2792//2828
f 2805//2838 2846//2839 2801//2773
f 2806//2840 2791//2826 2765//2841
f 2809//2842 2677//2709 2776//2799
f 2381//2621 2365//2391 2811//2784
f 2813//2843 2796//2830 2804//2835
f 2814//2844 2761//2790 2771//2789
f 2815//2845 2757//2774 2731//2752
f 2774//2796 2803//2846 2670//2733
f 2774//2796 2670//2733 2797//2816
f 2694//2710 2744//2847 2734//2750
f 2694//2710 2817//2848 2744//2847
f 2782//2809 2843//2831 2819//2849
f 2782//2809 2763//2781 2843//2831
f 2829//2850 2799//2851 2800//2852
f 2816//2853 2812//2854 2806//2840
f 2820//2855 2804//2835 2821//2856
f 2820//2855 2813//2843 2804//2835
f 2822//2857 2401//2623 2381//2621
f 2822//2857 2381//2621 2773//2795
f 2823//2858 2825//2859 2824//2860
f 2821//2856 2826//2861 2820//2855
f 2780//2807 2757//2774 2815//2845
f 2827//2862 2829//2850 2800//2852
f 2832//2863 2816//2853 2806//2840
f 2822//2857 2417//2451 2401//2623
f 2724//2738 2771//2789 2797//2816
f 2816//2853 2832//2863 2836//2864
f 2828//2865 2845//2866 2801//2773
f 2822//2857 2430//2459 2417//2451
f 2676//2681 2934//2867 3130//2820
f 2837//2868 2821//2856 2802//2834
f 2837//2868 2826//2861 2821//2856
f 2838//2869 2839//2870 2860//2871
f 2840//2872 2836//2864 2832//2863
f 2430//2459 2822//2857 2830//2837
f 2809//2842 2750//2769 2677//2709
f 2657//2740 2685//2696 2831//2766
f 2834//2873 2802//2834 2794//2833
f 2840//2872 2841//2874 2842//2875
f 2769//2824 2817//2848 2843//2831
f 2844//2876 2724//2738 2797//2816
f 2724//2738 2814//2844 2771//2789
f 2780//2807 2815//2845 2845//2866
f 2841//2874 2820//2855 2826//2861
f 2935//2877 2934//2867 2676//2681
f 2846//2839 2828//2865 2801//2773
f 2847//2878 2827//2862 2818//2879
f 2845//2866 2815//2845 2731//2752
f 2847//2878 2818//2879 2848//2880
f 2842//2875 2836//2864 2840//2872
f 2849//2881 2807//2882 2255//2277
f 2845//2866 2731//2752 2758//2775
f 2834//2873 2837//2868 2802//2834
f 2715//2743 2782//2809 2819//2849
f 2724//2738 2711//2723 2814//2844
f 2850//2883 2445//2473 2833//2884
f 2455//2483 2850//2883 2847//2878
f 2851//2885 2824//2860 3019//2886
f 2846//2839 2666//2685 2667//2687
f 2852//2887 2842//2875 2841//2874
f 2846//2839 2667//2687 2828//2865
f 2853//2888 2826//2861 2837//2868
f 2455//2483 2847//2878 2848//2880
f 2854//2889 2852//2887 2841//2874
f 2854//2889 2855//2890 2852//2887
f 2854//2889 2841//2874 2826//2861
f 3121//2765 2750//2769 2809//2842
f 3121//2765 2767//2785 2750//2769
f 2862//2891 2834//2873 2835//2892
f 2817//2848 2694//2710 2695//2712
f 2848//2880 2467//2493 2459//2482
f 2848//2880 2459//2482 2455//2483
f 2860//2871 2861//2893 2862//2891
f 2684//2694 2685//2696 2657//2740
f 2671//2736 2844//2876 2797//2816
f 2671//2736 2797//2816 2670//2733
f 2858//2894 2837//2868 2834//2873
f 2858//2894 2853//2888 2837//2868
f 2844//2876 2726//2737 2724//2738
f 2854//2889 2826//2861 2853//2888
f 2862//2891 2864//2895 2834//2873
f 2862//2891 2835//2892 2860//2871
f 2854//2889 2865//2896 2855//2890
f 2852//2887 2855//2890 2866//2897
f 2844//2876 2716//2749 2726//2737
f 2844//2876 2671//2736 2716//2749
f 2864//2895 2858//2894 2834//2873
f 2868//2898 2854//2889 2853//2888
f 2857//2899 2859//2900 2856//2901
f 2868//2898 2865//2896 2854//2889
f 2868//2898 2869//2902 2865//2896
f 2866//2897 2494//2523 2870//2903
f 2862//2891 2871//2904 2872//2905
f 2862//2891 2861//2893 2871//2904
f 2483//2510 2863//2906 2870//2903
f 2873//2907 2858//2894 2864//2895
f 2873//2907 2869//2902 2858//2894
f 2494//2523 2483//2510 2870//2903
f 2873//2907 2864//2895 2862//2891
f 2867//2908 2819//2849 2843//2831
f 2873//2907 2862//2891 2872//2905
f 2874//2909 2866//2897 2855//2890
f 2872//2905 2875//2910 2873//2907
f 2876//2911 2494//2523 2866//2897
f 2708//2720 2675//2695 2688//2713
f 2876//2911 2503//2527 2494//2523
f 2876//2911 2509//2540 2503//2527
f 2877//2801 2817//2848 2695//2712
f 2745//2912 2936//2913 2935//2877
f 2872//2905 2871//2904 2890//2914
f 2875//2910 2881//2915 3027//2916
f 2882//2917 2883//2918 2871//2904
f 2875//2910 2884//2919 2881//2915
f 2885//2920 2519//2549 2509//2540
f 2885//2920 2509//2540 2876//2911
f 2708//2720 2886//2806 2655//2701
f 2887//2921 2875//2910 2872//2905
f 2708//2720 2655//2701 2654//2719
f 2712//2724 2935//2877 2676//2681
f 2888//2922 2878//2923 2879//2924
f 2887//2921 2872//2905 2890//2914
f 2877//2801 2843//2831 2817//2848
f 2879//2924 2889//2925 2888//2922
f 2885//2920 2888//2922 2519//2549
f 2877//2801 2867//2908 2843//2831
f 2890//2914 2871//2904 2883//2918
f 2888//2922 2529//2558 2519//2549
f 2819//2849 2867//2908 2892//2926
f 2887//2921 2893//2927 2884//2919
f 2887//2921 2890//2914 2891//2928
f 2890//2914 2883//2918 2891//2928
f 2894//2929 2881//2915 2884//2919
f 2880//2930 2807//2882 2849//2881
f 2895//2931 2893//2927 2887//2921
f 2893//2927 2894//2929 2884//2919
f 2896//2932 2880//2930 2904//2933
f 2891//2928 2895//2931 2887//2921
f 2891//2928 2897//2934 2895//2931
f 2889//2925 2537//2562 2529//2558
f 2889//2925 2529//2558 2888//2922
f 2891//2928 2898//2935 2897//2934
f 2899//2936 2894//2929 2893//2927
f 2900//2788 2715//2743 2819//2849
f 2901//2937 2893//2927 2895//2931
f 2708//2720 2902//2938 2779//2804
f 2899//2936 2612//2642 2610//2636
f 2899//2936 2901//2937 2612//2642
f 2880//2930 2849//2881 2904//2933
f 2905//2939 2898//2935 2903//2940
f 2905//2939 2903//2940 2906//2941
f 2723//2777 2935//2877 2712//2724
f 2886//2806 2692//2702 2655//2701
f 2907//2942 2906//2941 2903//2940
f 2907//2942 2910//2943 2909//2944
f 2907//2942 2909//2944 2906//2941
f 2911//2660 2634//2566 2540//2565
f 2910//2943 2907//2942 2912//2945
f 2688//2713 2902//2938 2708//2720
f 2913//2946 2910//2943 2914//2947
f 2692//2702 2768//2794 2721//2732
f 2745//2912 2935//2877 2723//2777
f 2917//2948 2918//2949 2919//2950
f 2900//2788 2819//2849 2892//2926
f 2886//2806 2768//2794 2692//2702
f 2926//2951 2929//2952 2927//2953
f 2926//2951 2927//2953 3128//2954
f 2896//2932 2694//2710 2880//2930
f 3081//2955 2930//2956 2931//2957
f 3094//2958 3483//2959 2932//2960
f 2933//2708 2934//2867 2935//2877
f 2936//2913 2669//2706 2933//2708
f 2697//2711 2694//2710 2896//2932
f 2938//2778 2664//2779 2937//2961
f 2939//2962 3107//2963 2940//2964
f 2939//2962 2941//2965 3107//2963
f 2736//2753 2688//2713 2684//2694
f 2941//2965 3106//2966 3107//2963
f 2753//2782 3111//2967 2733//2783
f 2943//2968 3134//2969 3106//2966
f 2942//2970 2849//2881 2255//2277
f 2943//2968 3106//2966 2941//2965
f 2900//2788 2729//2744 2715//2743
f 2674//2689 2776//2799 2673//2690
f 2945//2971 2946//2972 2947//2973
f 2939//2962 2948//2974 2941//2965
f 2745//2912 2937//2961 2936//2913
f 2740//2758 2986//2798 2725//2759
f 2950//2975 2941//2965 2948//2974
f 2943//2968 2951//2976 2952//2977
f 2892//2926 2867//2908 2877//2801
f 2892//2926 2877//2801 2777//2800
f 2950//2975 2943//2968 2941//2965
f 2943//2968 2950//2975 2951//2976
f 2733//2783 2937//2961 2745//2912
f 2947//2973 2953//2978 2966//2979
f 2945//2971 2947//2973 2966//2979
f 2945//2971 2966//2979 2958//2980
f 2942//2970 2904//2933 2849//2881
f 2956//2981 2945//2971 2958//2980
f 2736//2753 2902//2938 2688//2713
f 2739//2815 2672//2688 2944//2982
f 2948//2974 2961//2983 2950//2975
f 2942//2970 2255//2277 2257//2279
f 2951//2976 2963//2984 2964//2985
f 2951//2976 2964//2985 2953//2978
f 2951//2976 2953//2978 2952//2977
f 2965//2986 2957//2987 2956//2981
f 2959//2988 2960//2989 2693//2735
f 2672//2688 2739//2815 2701//2764
f 2965//2986 2696//2990 2957//2987
f 2759//2817 2735//2991 2710//2721
f 2953//2978 2964//2985 2966//2979
f 2886//2806 2708//2720 2779//2804
f 2963//2984 2950//2975 2961//2983
f 2661//2703 3122//2992 2696//2990
f 2697//2711 2896//2932 2955//2993
f 2965//2986 2967//2994 2696//2990
f 2965//2986 2956//2981 2958//2980
f 2784//2810 2751//2757 2738//2756
f 2690//2698 2725//2759 2747//2768
f 2742//2762 2961//2983 2948//2974
f 2742//2762 2749//2995 2961//2983
f 2759//2817 2710//2721 2751//2757
f 2966//2979 2964//2985 2968//2996
f 2736//2753 2969//2827 2902//2938
f 2709//2997 2706//2792 2722//2791
f 2766//2811 2701//2764 2739//2815
f 2966//2979 2968//2996 2970//2998
f 2971//2999 2695//2712 2697//2711
f 2968//2996 2963//2984 2748//3000
f 2766//2811 2702//2747 2701//2764
f 2784//2810 2738//2756 2754//2770
f 2709//2997 2722//2791 2974//3001
f 2709//2997 2974//3001 2973//3002
f 2966//2979 2975//3003 2958//2980
f 2966//2979 2970//2998 2975//3003
f 2968//2996 2972//3004 2970//2998
f 2967//2994 2965//2986 2958//2980
f 2967//2994 2958//2980 2975//3003
f 2886//2806 2785//2805 2789//2819
f 2748//3000 2976//3005 2972//3004
f 2900//2788 2962//2836 2796//2830
f 2748//3000 2972//3004 2968//2996
f 2761//2790 2749//2995 2741//2761
f 2975//3003 2977//3006 2752//2772
f 2974//3001 2978//3007 2973//3002
f 2971//2999 2877//2801 2695//2712
f 2962//2836 2777//2800 2793//2832
f 2962//2836 2892//2926 2777//2800
f 2979//3008 2974//3001 2722//2791
f 2697//2711 2955//2993 2981//3009
f 2976//3005 2748//3000 2982//3010
f 2983//3011 2717//2728 2973//3002
f 2983//3011 2980//3012 2717//2728
f 2983//3011 2984//3013 2980//3012
f 2980//3012 2984//3013 2803//2846
f 2980//3012 2803//2846 2775//2734
f 2685//2696 2722//2791 2831//2766
f 2985//3014 2972//3004 2976//3005
f 2976//3005 2982//3010 2985//3014
f 2805//2838 2801//2773 2752//2772
f 2971//2999 2697//2711 2981//3009
f 2779//2804 2799//2851 2785//2805
f 2962//2836 2900//2788 2892//2926
f 2778//2802 2877//2801 2971//2999
f 2977//3006 2975//3003 2790//3015
f 2725//2759 2986//2798 2747//2768
f 2982//3010 2987//3016 2659//2722
f 2805//2838 2752//2772 2977//3006
f 2902//2938 2799//2851 2779//2804
f 2982//3010 2659//2722 2989//3017
f 2823//2858 2942//2970 2257//2279
f 2979//3008 2675//2695 2974//3001
f 2983//3011 2978//3007 2654//2719
f 2770//2787 2900//2788 2796//2830
f 2989//3017 2985//3014 2982//3010
f 2659//2722 2814//2844 2711//2723
f 2659//2722 2987//3016 2814//2844
f 2798//3018 2902//2938 2969//2827
f 2715//2743 2683//2742 2786//2812
f 2679//3019 2989//3017 2720//2760
f 2993//3020 2658//2699 2698//2714
f 2798//3018 2799//2851 2902//2938
f 2823//2858 2257//2279 2825//2859
f 2707//2755 2788//2818 2682//2813
f 2719//3021 2720//2760 2659//2722
f 2707//2755 2682//2813 2683//2742
f 2354//2374 2754//2770 2811//2784
f 2656//3022 2728//2741 2657//2740
f 2656//3022 2788//2818 2707//2755
f 2679//3019 2720//2760 2725//2759
f 2679//3019 2690//2698 2678//2697
f 2679//3019 2725//2759 2690//2698
f 2783//2823 2549//2577 2649//2675
f 2710//2721 2735//2991 2719//3021
f 2710//2721 2719//3021 2659//2722
f 2992//3023 2904//2933 2942//2970
f 2992//3023 2896//2932 2904//2933
f 2772//2797 2991//3024 2986//2798
f 2990//2821 2783//2823 2649//2675
f 2719//3021 2740//2758 2720//2760
f 2656//3022 2764//2776 2728//2741
f 2778//2802 2971//2999 2981//3009
f 2778//2802 2981//3009 2838//2869
f 2707//2755 2764//2776 2656//3022
f 2726//2737 2710//2721 2711//2723
f 2996//3025 2772//2797 2990//2821
f 2772//2797 2996//3025 2991//3024
f 2995//3026 2236//2260 2239//2259
f 2729//2744 2737//2754 2683//2742
f 2994//3027 3283//3028 2236//2260
f 2994//3027 2236//2260 2995//3026
f 2738//2756 2751//2757 2726//2737
f 2811//2784 2365//2391 2354//2374
f 2735//2991 2760//2822 2740//2758
f 2735//2991 2740//2758 2719//3021
f 2992//3023 2955//2993 2896//2932
f 2746//2767 2728//2741 2764//2776
f 2729//2744 2770//2787 2737//2754
f 2998//3029 2994//3027 2995//3026
f 2794//2833 2777//2800 2778//2802
f 3364//3030 2994//3027 2998//3029
f 2996//3025 2990//2821 2474//2502
f 2759//2817 2783//2823 2735//2991
f 2740//2758 2760//2822 2990//2821
f 2740//2758 2990//2821 2772//2797
f 2783//2823 2760//2822 2735//2991
f 2990//2821 2649//2675 2474//2502
f 2800//2852 2798//3018 2969//2827
f 2791//2826 2764//2776 2765//2841
f 2800//2852 2969//2827 2791//2826
f 2791//2826 2746//2767 2764//2776
f 2999//3031 2995//3026 2239//2259
f 2751//2757 2784//2810 2571//2601
f 2969//2827 2736//2753 2746//2767
f 2792//2828 2773//2795 2789//2819
f 2552//2575 2783//2823 2759//2817
f 2381//2621 2811//2784 2773//2795
f 2552//2575 2549//2577 2783//2823
f 3000//3032 3364//3030 2998//3029
f 2787//2814 2806//2840 2765//2841
f 2787//2814 2765//2841 2764//2776
f 2823//2858 2997//3033 2992//3023
f 2823//2858 2992//3023 2942//2970
f 2785//2805 2799//2851 2830//2837
f 2804//2835 2796//2830 2962//2836
f 2999//3031 2239//2259 2242//2263
f 2997//3033 2955//2993 2992//3023
f 2812//2854 2791//2826 2806//2840
f 2812//2854 2800//2852 2791//2826
f 2795//2829 2806//2840 2787//2814
f 2793//2832 2821//2856 2804//2835
f 2793//2832 2802//2834 2821//2856
f 3003//3034 2995//3026 2999//3031
f 2799//2851 2798//3018 2800//2852
f 2813//2843 2795//2829 2796//2830
f 2832//2863 2806//2840 2795//2829
f 2832//2863 2795//2829 2840//2872
f 2794//2833 2835//2892 2834//2873
f 2794//2833 2838//2869 2835//2892
f 2829//2850 2810//3035 2799//2851
f 2794//2833 2778//2802 2838//2869
f 2822//2857 2792//2828 2830//2837
f 2856//2901 2955//2993 2997//3033
f 2812//2854 2818//2879 2827//2862
f 2812//2854 2827//2862 2800//2852
f 2833//2884 2830//2837 2810//3035
f 2833//2884 2430//2459 2830//2837
f 3001//3036 2955//2993 2856//2901
f 2850//2883 2833//2884 2829//2850
f 2822//2857 2773//2795 2792//2828
f 2825//2859 2257//2279 2260//2282
f 2833//2884 2445//2473 2430//2459
f 3001//3036 2981//3009 2955//2993
f 3004//3037 3379//3038 3364//3030
f 3006//3039 2998//3029 3007//3040
f 2824//2860 2857//2899 2856//2901
f 2824//2860 2851//2885 2857//2899
f 3002//3041 2863//2906 2848//2880
f 2455//2483 2445//2473 2850//2883
f 2823//2858 2824//2860 2997//3033
f 2810//3035 2830//2837 2799//2851
f 2853//2888 2858//2894 2868//2898
f 3009//3042 3000//3032 2998//3029
f 3009//3042 2998//3029 3006//3039
f 2863//2906 2483//2510 2467//2493
f 3003//3034 2999//3031 3010//3043
f 2863//2906 2467//2493 2848//2880
f 2876//2911 2866//2897 2874//2909
f 3018//3044 2981//3009 3001//3036
f 2876//2911 2874//2909 2885//2920
f 2887//2921 2884//2919 2875//2910
f 2825//2859 2260//2282 3019//2886
f 3010//3043 2999//3031 2242//2263
f 2893//2927 2901//2937 2899//2936
f 2610//2636 2537//2562 2899//2936
f 2839//2870 2838//2869 2981//3009
f 2839//2870 2981//3009 3018//3044
f 2833//2884 2810//3035 2829//2850
f 3013//3045 3364//3030 3000//3032
f 2824//2860 2825//2859 3019//2886
f 3015//3046 3014//3047 2922//3048
f 2925//2717 2923//3049 2924//3050
f 2949//3051 3016//3052 2945//2971
f 2847//2878 2829//2850 2827//2862
f 2949//3051 2957//2987 3017//3053
f 2949//3051 2956//2981 2957//2987
f 2850//2883 2829//2850 2847//2878
f 2945//2971 2956//2981 2949//3051
f 2860//2871 2835//2892 2838//2869
f 3004//3037 3364//3030 3013//3045
f 2959//2988 3119//3054 2960//2989
f 2959//2988 2948//2974 3119//3054
f 3013//3045 3000//3032 3009//3042
f 2959//2988 2742//2762 2948//2974
f 2963//2984 2961//2983 2749//2995
f 2964//2985 2963//2984 2968//2996
f 2860//2871 2839//2870 2861//2893
f 2972//3004 2985//3014 2658//2699
f 2972//3004 2658//2699 2988//3055
f 2983//3011 2655//2701 2984//3013
f 2983//3011 2654//2719 2655//2701
f 2988//3055 2658//2699 2993//3020
f 2685//2696 2675//2695 2979//3008
f 2678//2697 2985//3014 2989//3017
f 2856//2901 2997//3033 2824//2860
f 2840//2872 2795//2829 2813//2843
f 2840//2872 2813//2843 2841//2874
f 3019//2886 2260//2282 3029//3056
f 2816//2853 2836//2864 3002//3041
f 3019//2886 3020//3057 2851//2885
f 3019//2886 3029//3056 3020//3057
f 2818//2879 2816//2853 3002//3041
f 2818//2879 2812//2854 2816//2853
f 2813//2843 2820//2855 2841//2874
f 3010//3043 2242//2263 3024//3058
f 3002//3041 2836//2864 3005//3059
f 3018//3044 3001//3036 2856//2901
f 2818//2879 3002//3041 2848//2880
f 3008//3060 2836//2864 2842//2875
f 3008//3060 2842//2875 2852//2887
f 3008//3060 3005//3059 2836//2864
f 3005//3059 2863//2906 3002//3041
f 3005//3059 2870//2903 2863//2906
f 3021//3061 3018//3044 2856//2901
f 3008//3060 2852//2887 2866//2897
f 3005//3059 2866//2897 2870//2903
f 3005//3059 3008//3060 2866//2897
f 3015//3046 3022//2692 3014//3047
f 2790//3015 2993//3020 2977//3006
f 2790//3015 2988//3055 2993//3020
f 2679//3019 2678//2697 2989//3017
f 3023//3062 3003//3034 3010//3043
f 2859//2900 3021//3061 2856//2901
f 3030//3063 3470//3064 3004//3037
f 2855//2890 2865//2896 2874//2909
f 3021//3061 2882//2917 2861//2893
f 2869//2902 2868//2898 2858//2894
f 3021//3061 2839//2870 3018//3044
f 3021//3061 2861//2893 2839//2870
f 3025//3065 3006//3039 3026//3066
f 3028//3067 3470//3064 3030//3063
f 3029//3056 2260//2282 2261//2284
f 3024//3058 2242//2263 2244//2265
f 2865//2896 2879//2924 2878//2923
f 3030//3063 3004//3037 3013//3045
f 3026//3066 3003//3034 3023//3062
f 3026//3066 3007//3040 3003//3034
f 3025//3065 3009//3042 3006//3039
f 3031//3068 2882//2917 3021//3061
f 3031//3068 3021//3061 2859//2900
f 3027//2916 2869//2902 2873//2907
f 3013//3045 3009//3042 3025//3065
f 2878//2923 2874//2909 2865//2896
f 3027//2916 2873//2907 2875//2910
f 2879//2924 2865//2896 2869//2902
f 2879//2924 2869//2902 3027//2916
f 3029//3056 3034//3069 3020//3057
f 3010//3043 3024//3058 3033//3070
f 2878//2923 2885//2920 2874//2909
f 2882//2917 3031//3068 3035//3071
f 2882//2917 3035//3071 2883//2918
f 2881//2915 2894//2929 2879//2924
f 3033//3070 3023//3062 3010//3043
f 2881//2915 2879//2924 3027//2916
f 2888//2922 2885//2920 2878//2923
f 2882//2917 2871//2904 2861//2893
f 3020//3057 2857//2899 2851//2885
f 3040//3072 2857//2899 3020//3057
f 2889//2925 2879//2924 2894//2929
f 3037//3073 3034//3069 3029//3056
f 3038//3074 2857//2899 3040//3072
f 3039//3075 3034//3069 3037//3073
f 3039//3075 3040//3072 3034//3069
f 3038//3074 2859//2900 2857//2899
f 3037//3073 3041//3076 3039//3075
f 3042//3077 3013//3045 3025//3065
f 2894//2929 2537//2562 2889//2925
f 2899//2936 2537//2562 2894//2929
f 2898//2935 2891//2928 2883//2918
f 3043//3078 3029//3056 2261//2284
f 3043//3078 3041//3076 3037//3073
f 3043//3078 3037//3073 3029//3056
f 3044//3079 3040//3072 3039//3075
f 3044//3079 3039//3075 3046//3080
f 3040//3072 3020//3057 3034//3069
f 3047//3081 3025//3065 3026//3066
f 2898//2935 2883//2918 3045//3082
f 3058//3083 3023//3062 3033//3070
f 3048//3084 3028//3067 3030//3063
f 3049//3085 3044//3079 3046//3080
f 2908//3086 2898//2935 2905//2939
f 3049//3085 3046//3080 2907//2942
f 3051//3087 2901//2937 2895//2931
f 2901//2937 2619//2649 2612//2642
f 3052//3088 3013//3045 3042//3077
f 3052//3088 3030//3063 3013//3045
f 2903//2940 2898//2935 3045//3082
f 3050//3089 2859//2900 3038//3074
f 3050//3089 3031//3068 2859//2900
f 3042//3077 3025//3065 3047//3081
f 3051//3087 2619//2649 2901//2937
f 2907//2942 2903//2940 3049//3085
f 3053//3090 3041//3076 3054//3091
f 3053//3090 3055//3092 3041//3076
f 3047//3081 3026//3066 3056//3093
f 3033//3070 3024//3058 3036//3094
f 3051//3087 2625//2657 2619//2649
f 3056//3093 3023//3062 3058//3083
f 3056//3093 3026//3066 3023//3062
f 3050//3089 3038//3074 3040//3072
f 3057//3095 3051//3087 2897//2934
f 2920//3096 3024//3058 2244//2265
f 3050//3089 3040//3072 3044//3079
f 3059//3097 3035//3071 3031//3068
f 3059//3097 3031//3068 3050//3089
f 3036//3094 3024//3058 2920//3096
f 3060//3098 3055//3092 3053//3090
f 3057//3095 2625//2657 3051//3087
f 3059//3097 3050//3089 3044//3079
f 3059//3097 2883//2918 3035//3071
f 3061//3099 3042//3077 3047//3081
f 3048//3084 3030//3063 3052//3088
f 3059//3097 3044//3079 3049//3085
f 3058//3083 3033//3070 3011//3100
f 3057//3101 2626//3101 2625//3101
f 3057//3095 2911//2660 2626//2654
f 3043//3078 2261//2284 2264//2286
f 2911//2660 3057//3095 2908//3086
f 2911//2660 2908//3086 2905//2939
f 3045//3082 2883//2918 3059//3097
f 3063//3102 2911//2660 2905//2939
f 3064//3103 3047//3081 3056//3093
f 2912//2945 2907//2942 3060//3098
f 3063//3102 2905//2939 2906//2941
f 2912//2945 3060//3098 3053//3090
f 3011//3100 3033//3070 3036//3094
f 3045//3082 3049//3085 2903//2940
f 3045//3082 3059//3097 3049//3085
f 3063//3102 2634//2566 2911//2660
f 3065//3104 3048//3084 3052//3088
f 3070//3105 3042//3077 3061//3099
f 2542//2568 3063//3102 2906//2941
f 3063//3102 2542//2568 2634//2566
f 3067//3106 3195//3107 3587//3108
f 3064//3103 3056//3093 2917//2948
f 3041//3076 3043//3078 3054//3091
f 3052//3088 3042//3077 3070//3105
f 2910//2943 2913//2946 2909//2944
f 3055//3092 3039//3075 3041//3076
f 2910//2943 2912//2945 2914//2947
f 3066//3109 3065//3104 3068//3110
f 2915//3111 2912//2945 3053//3090
f 2913//2946 2637//2663 2542//2568
f 2918//2949 3056//3093 3058//3083
f 3051//3087 2895//2931 2897//2934
f 2915//3111 3053//3090 3095//3112
f 2915//3111 3095//3112 2916//3113
f 2914//2947 2639//2666 2637//2663
f 2914//2947 2637//2663 2913//2946
f 2915//3111 2916//3113 3069//3114
f 3055//3092 3046//3080 3039//3075
f 2914//2947 2641//2667 2639//2666
f 3067//3106 3066//3109 3068//3110
f 2908//3086 2897//2934 2898//2935
f 3069//3114 2641//2667 2914//2947
f 2917//2948 3056//3093 2918//2949
f 3069//3114 2914//2947 2912//2945
f 3069//3114 2912//2945 2915//3111
f 3064//3103 3061//3099 3047//3081
f 2281//2305 2641//2667 3069//3114
f 2281//2305 3069//3114 2916//3113
f 2916//3113 2265//2287 2266//2288
f 2920//3096 2248//2269 2921//3115
f 3054//3091 3043//3078 2264//2286
f 2916//3113 2266//2288 2281//2305
f 2918//2949 3058//3083 3011//3100
f 3070//3105 3061//3099 3064//3103
f 2998//3029 3003//3034 3007//3040
f 2998//3029 2995//3026 3003//3034
f 3071//3116 3065//3104 3052//3088
f 3011//3100 3072//3117 2918//2949
f 3006//3039 3007//3040 3026//3066
f 3048//3084 3062//3118 3032//3119
f 2919//2950 3064//3103 2917//2948
f 3048//3084 3032//3119 3028//3067
f 3110//3120 3073//3121 3072//3117
f 3062//3118 3563//3122 3032//3119
f 2919//2950 3012//3123 3064//3103
f 3073//3121 2922//3048 3072//3117
f 2922//3048 3073//3121 3123//3124
f 3074//3125 3075//3126 3097//3127
f 3066//3109 3563//3122 3062//3118
f 2926//2951 3128//2954 3076//3128
f 3066//3109 3587//3108 3563//3122
f 3062//3118 3065//3104 3066//3109
f 3062//3118 3048//3084 3065//3104
f 3076//3128 3079//3129 3078//3130
f 2925//2717 2703//2716 2923//3049
f 2929//2952 2928//3131 3082//3132
f 3066//3109 3067//3106 3587//3108
f 2929//2952 3082//3132 2927//2953
f 3078//3130 3081//2955 2926//2951
f 3078//3130 2926//2951 3076//3128
f 3077//3133 3052//3088 3070//3105
f 3057//3095 2897//2934 2908//3086
f 3078//3130 2930//2956 3081//2955
f 3071//3116 3052//3088 3077//3133
f 2929//2952 2926//2951 3081//2955
f 3091//3134 3068//3110 3071//3116
f 2928//3131 3083//3135 3082//3132
f 2929//2952 3084//3136 2928//3131
f 2929//2952 3081//2955 3084//3136
f 3085//3137 3088//3138 3086//3139
f 3089//3140 3195//3107 3067//3106
f 3085//3137 3087//3141 3088//3138
f 2932//2960 3080//3142 3083//3135
f 3068//3110 3065//3104 3071//3116
f 3091//3134 3092//3143 3068//3110
f 2931//2957 3084//3136 3081//2955
f 3093//3144 3054//3091 2264//2286
f 3092//3143 3067//3106 3068//3110
f 3083//3135 2928//3131 3090//3145
f 3483//2959 3094//2958 3101//3146
f 3483//2959 3101//3146 3515//3147
f 3060//3098 3046//3080 3055//3092
f 3094//2958 2932//2960 3083//3135
f 3096//3148 3091//3134 3097//3127
f 3095//3112 3054//3091 3093//3144
f 3098//3149 3099//3150 3089//3140
f 3090//3145 3094//2958 3083//3135
f 3090//3145 3100//3151 3094//2958
f 2265//2287 3093//3144 2264//2286
f 3084//3136 3090//3145 2928//3131
f 3098//3149 3089//3140 3067//3106
f 3095//3112 3053//3090 3054//3091
f 3103//3152 2930//2956 3086//3139
f 3102//3153 2921//3115 2248//2269
f 3103//3152 3086//3139 3088//3138
f 3060//3098 2907//2942 3046//3080
f 3104//3154 3090//3145 3084//3136
f 3071//3116 3097//3127 3091//3134
f 3103//3152 2931//2957 2930//2956
f 2936//2913 2664//2779 2669//2706
f 3105//3155 3515//3147 3101//3146
f 3104//3154 3106//2966 3090//3145
f 2931//2957 3103//3152 2940//2964
f 3104//3154 2931//2957 3107//2963
f 3104//3154 3084//3136 2931//2957
f 3105//3155 3101//3146 3017//3053
f 3098//3149 3067//3106 3092//3143
f 3110//3120 2920//3096 2921//3115
f 2936//2913 2933//2708 2935//2877
f 2938//2778 2673//2690 2680//2691
f 2937//2961 2664//2779 2936//2913
f 3108//3156 2940//2964 3103//3152
f 3098//3149 3109//3157 3099//3150
f 3106//2966 3104//3154 3107//2963
f 2938//2778 3111//2967 2673//2690
f 3096//3148 3092//3143 3091//3134
f 3097//3127 3071//3116 3077//3133
f 3016//3052 3101//3146 3113//3158
f 3073//3121 3110//3120 3114//3159
f 3115//2707 2921//3115 3102//3153
f 2922//3048 2918//2949 3072//3117
f 3118//3160 3092//3143 3096//3148
f 3118//3160 3098//3149 3092//3143
f 3116//3161 3105//3155 3017//3053
f 3119//3054 2940//2964 3108//3156
f 3119//3054 2939//2962 2940//2964
f 3112//3162 3119//3054 3108//3156
f 3112//3162 2960//2989 3119//3054
f 2542//2568 2906//2941 2909//2944
f 3118//3160 3120//3163 3109//3157
f 3118//3160 3109//3157 3098//3149
f 2949//3051 3017//3053 3016//3052
f 2913//2946 2542//2568 2909//2944
f 2922//3048 2919//2950 2918//2949
f 2916//3113 3093//3144 2265//2287
f 2924//3050 3012//3123 2919//2950
f 3111//2967 2944//2982 2673//2690
f 2674//2689 2809//2842 2776//2799
f 3109//3157 3117//3164 3099//3150
f 2674//2689 3121//2765 2809//2842
f 2954//3165 3134//2969 2943//2968
f 2916//3113 3095//3112 3093//3144
f 3075//3126 3096//3148 3097//3127
f 3115//2707 3110//3120 2921//3115
f 3014//3047 2919//2950 2922//3048
f 2952//2977 2947//2973 2946//2972
f 2952//2977 2946//2972 2954//3165
f 2668//2683 2960//2989 3112//3162
f 2943//2968 2952//2977 2954//3165
f 3109//3157 3365//3166 3117//3164
f 2920//3096 2244//2265 2248//2269
f 3111//2967 2937//2961 2733//2783
f 3111//2967 2938//2778 2937//2961
f 3011//3100 3036//3094 2920//3096
f 3110//3120 3011//3100 2920//3096
f 3014//3047 2924//3050 2919//2950
f 2947//2973 2952//2977 2953//2978
f 2668//2683 2689//2729 2960//2989
f 2948//2974 2939//2962 3119//3054
f 3111//2967 2753//2782 2944//2982
f 3072//3117 3011//3100 3110//3120
f 2957//2987 3116//3161 3017//3053
f 3114//3159 3110//3120 3115//2707
f 2924//3050 3124//3167 3012//3123
f 3122//2992 3116//3161 2957//2987
f 3012//3123 3070//3105 3064//3103
f 3126//3168 3365//3166 3109//3157
f 3126//3168 3109//3157 3120//3163
f 2691//2730 2668//2683 2699//2715
f 3122//2992 2661//2703 2662//2705
f 3124//3167 3077//3133 3070//3105
f 3122//2992 2957//2987 2696//2990
f 3124//3167 3070//3105 3012//3123
f 2691//2730 2689//2729 2668//2683
f 2924//3050 3022//2692 2925//2717
f 2924//3050 3014//3047 3022//2692
f 2706//2792 2714//2726 2665//2727
f 3073//3121 3114//3159 3123//3124
f 2951//2976 2950//2975 2963//2984
f 3077//3133 3124//3167 3127//3169
f 3127//3169 3097//3127 3077//3133
f 3074//3125 3097//3127 3127//3169
f 3125//3170 3120//3163 3118//3160
f 2714//2726 2706//2792 2709//2997
f 3125//3170 3118//3160 3096//3148
f 3125//3170 3096//3148 3075//3126
f 3076//3128 3125//3170 3075//3126
f 2693//2735 2960//2989 2689//2729
f 3125//3170 3076//3128 3120//3163
f 3128//2954 3120//3163 3076//3128
f 3128//2954 3126//3168 3120//3163
f 3076//3128 3075//3126 3074//3125
f 2927//2953 3126//3168 3128//2954
f 3079//3129 3076//3128 3074//3125
f 2923//3049 3124//3167 2924//3050
f 2706//2792 2665//2727 2705//2746
f 3126//3168 3404//3171 3365//3166
f 2706//2792 2705//2746 2704//2748
f 2923//3049 2703//2716 2713//2786
f 3080//3142 2927//2953 3082//3132
f 3080//3142 3404//3171 2927//2953
f 2808//2751 2686//2725 2253//2275
f 3129//3172 3085//3137 3074//3125
f 3129//3172 2923//3049 2713//2786
f 3085//3137 3079//3129 3074//3125
f 3085//3137 3086//3139 3079//3129
f 2923//3049 3127//3169 3124//3167
f 2930//2956 3078//3130 3079//3129
f 2927//2953 3404//3171 3126//3168
f 2973//3002 2714//2726 2709//2997
f 2973//3002 2699//2715 2714//2726
f 2933//2708 3115//2707 2934//2867
f 3129//3172 3127//3169 2923//3049
f 3129//3172 3074//3125 3127//3169
f 2932//2960 3483//2959 3080//3142
f 2930//2956 3079//3129 3086//3139
f 3085//3137 2713//2786 3087//3141
f 3085//3137 3129//3172 2713//2786
f 3083//3135 3080//3142 3082//3132
f 2693//2735 2742//2762 2959//2988
f 2693//2735 2743//2763 2742//2762
f 2723//2777 2734//2750 2744//2847
f 2745//2912 2732//2803 2733//2783
f 2745//2912 2723//2777 2744//2847
f 2743//2763 2693//2735 2775//2734
f 2748//3000 2963//2984 2749//2995
f 2973//3002 2717//2728 2691//2730
f 2973//3002 2691//2730 2699//2715
f 2967//2994 2752//2772 2696//2990
f 2718//2731 2661//2703 2696//2990
f 2718//2731 2696//2990 2756//2771
f 2749//2995 2742//2762 2741//2761
f 2808//2751 2253//2275 2255//2277
f 3101//3146 3094//2958 3113//3158
f 2718//2731 2756//2771 2731//2752
f 2756//2771 2696//2990 2752//2772
f 2980//3012 2775//2734 2717//2728
f 2755//2793 2739//2815 2944//2982
f 2755//2793 2944//2982 2753//2782
f 3115//2707 3102//3153 2934//2867
f 3087//3141 2713//2786 3131//3173
f 2808//2751 2255//2277 2807//2882
f 3130//2820 2248//2269 2250//2271
f 2756//2771 2758//2775 2731//2752
f 2681//2693 3015//3046 2922//3048
f 3100//3151 3113//3158 3094//2958
f 2752//2772 2967//2994 2975//3003
f 2745//2912 2769//2824 2732//2803
f 3131//3173 2713//2786 2767//2785
f 2975//3003 2970//2998 2790//3015
f 3132//3174 3087//3141 3131//3173
f 2748//3000 2749//2995 2761//2790
f 2669//2706 3114//3159 3115//2707
f 3088//3138 3108//3156 3103//3152
f 2722//2791 2704//2748 2831//2766
f 2946//2972 3113//3158 3100//3151
f 2748//3000 2987//3016 2982//3010
f 2940//2964 3107//2963 2931//2957
f 2767//2785 3133//3175 3131//3173
f 2978//3007 2983//3011 2973//3002
f 2934//2867 3102//3153 2248//2269
f 2934//2867 2248//2269 3130//2820
f 3134//2969 3090//3145 3106//2966
f 3134//2969 2946//2972 3100//3151
f 3134//2969 3100//3151 3090//3145
f 2734//2750 2808//2751 2807//2882
f 2734//2750 2807//2882 2694//2710
f 3088//3138 3087//3141 3132//3174
f 2946//2972 3016//3052 3113//3158
f 2987//3016 2748//3000 2761//2790
f 3134//2969 2954//3165 2946//2972
f 3088//3138 3112//3162 3108//3156
f 2685//2696 2979//3008 2722//2791
f 3016//3052 3017//3053 3101//3146
f 2673//2690 2776//2799 2680//2691
f 2755//2793 2782//2809 2715//2743
f 2664//2779 2922//3048 3123//3124
f 3133//3175 3132//3174 3131//3173
f 3135//2684 3088//3138 3132//3174
f 2803//2846 2774//2796 2775//2734
f 2758//2775 2801//2773 2845//2866
f 2817//2848 2769//2824 2745//2912
f 2817//2848 2745//2912 2744//2847
f 2988//3055 2970//2998 2972//3004
f 2988//3055 2790//3015 2970//2998
f 2946//2972 2945//2971 3016//3052
f 3135//2684 3112//3162 3088//3138
f 3022//2692 3015//3046 2681//2693
f 2664//2779 3123//3124 3114//3159
f 2987//3016 2761//2790 2814//2844
f 2977//3006 2993//3020 2666//2685
f 2767//2785 2663//3176 3133//3175
f 3133//3175 2665//2727 3132//3174
f 2944//2982 2672//2688 2673//2690
f 2654//2719 2978//3007 2974//3001
f 2767//2785 3121//2765 2663//3176
f 2681//2693 2922//3048 2664//2779
f 2786//2812 2755//2793 2715//2743
f 3121//2765 2702//2747 2705//2746
f 3136//2700 2670//2733 2803//2846
f 3135//2684 2668//2683 3112//3162
f 3136//2700 2803//2846 2984//3013
f 2666//2685 2846//2839 2805//2838
f 2666//2685 2805//2838 2977//3006
f 2675//2695 2654//2719 2974//3001
f 2664//2779 3114//3159 2669//2706
f 2984//3013 2655//2701 3136//2700
f 2656//3022 2730//2745 2788//2818
f 2663//3176 3121//2765 2705//2746
f 2656//3022 2831//2766 2730//2745
f 2656//3022 2657//2740 2831//2766
f 3135//2684 3132//3174 2665//2727
f 2659//2722 2720//2760 2989//3017
f 2993//3020 2698//2714 2666//2685
f 2665//2727 2663//3176 2705//2746
f 2687//2718 2925//2717 3022//2692
f 2663//3176 2665//2727 3133//3175
f 2880//2930 2694//2710 2807//2882
f 2678//2697 2658//2699 2985//3014
f 2660//2682 3135//2684 2665//2727
f 2786//2812 2683//2742 2682//2813
f 3579//3177 3178//3178 3142//3179
f 3160//3180 3145//3181 3572//3182
f 3181//3183 3151//3184 3574//3185
f 3253//3186 3175//3187 3155//3188
f 3156//3189 3157//3190 3137//3191
f 2236//2260 3172//3192 2277//2299
f 3141//3193 3158//3194 3532//3195
f 3532//3195 3158//3194 3166//3196
f 3139//3197 3161//3198 3160//3180
f 3164//3199 3165//3200 3193//3201
f 3166//3196 3169//3202 3152//3203
f 3172//3192 3170//3204 3592//3205
f 3606//3206 3173//3207 3140//3208
f 3180//3209 3185//3210 3603//3211
f 3148//2704 2727//2739 3147//3212
f 3217//3213 3190//3214 3175//3187
f 3147//3212 3191//3215 3143//3216
f 3186//3217 3157//3190 3140//3208
f 3140//3208 3157//3190 3156//3189
f 3189//3218 3194//3219 3565//3220
f 3565//3220 3194//3219 3154//3221
f 3606//3206 3198//3222 3173//3207
f 3143//3216 3198//3222 3606//3206
f 3182//3223 3139//3197 3138//3224
f 3137//3191 3201//3225 3607//3226
f 3157//3190 3201//3225 3137//3191
f 3206//3227 3204//3228 3586//3229
f 3586//3229 3204//3228 3184//3230
f 3200//3231 3205//3232 3263//3233
f 3603//3211 3218//3234 3182//3223
f 3155//3188 3207//3235 3187//3236
f 3184//3230 4273//3237 3171//3238
f 3154//3221 3141//3193 3562//3239
f 3140//3208 3173//3207 3186//3217
f 3607//3226 3201//3225 3153//3240
f 4230//3241 3153//3240 3201//3225
f 3203//3242 3210//3243 3566//3244
f 3566//3244 3210//3243 3202//3245
f 3163//3246 3211//3247 3197//3248
f 3191//3215 3198//3222 3143//3216
f 3178//3178 3144//3249 3142//3179
f 3147//3212 2727//2739 3191//3215
f 3186//3217 3214//3250 3157//3190
f 3167//3251 3215//3252 3571//3253
f 3157//3190 3214//3250 3201//3225
f 3571//3253 3215//3252 3176//3254
f 3149//3255 3174//3256 3180//3209
f 3195//3107 3189//3218 3600//3257
f 3162//3258 3216//3259 3217//3213
f 3182//3223 3218//3234 3139//3197
f 3173//3207 3219//3260 3186//3217
f 3197//3248 3220//3261 3584//3262
f 3584//3262 3220//3261 3208//3263
f 3142//3179 3144//3249 3598//3264
f 3198//3222 3219//3260 3173//3207
f 3192//3265 3196//3266 3257//3267
f 3257//3267 3196//3266 3162//3258
f 3151//3184 3221//3268 3159//3269
f 3176//3254 3222//3270 3585//3271
f 3585//3271 3222//3270 3163//3246
f 2727//2739 2757//2774 3191//3215
f 2246//2267 3223//3272 2243//2264
f 3592//3205 3170//3204 3183//3273
f 3214//3250 3224//3274 3201//3225
f 3145//3181 3225//3275 3590//3276
f 3590//3276 3225//3275 3206//3227
f 3139//3197 3226//3277 3161//3198
f 3198//3222 3227//3278 3219//3260
f 3186//3217 3219//3260 3214//3250
f 3191//3215 3227//3278 3198//3222
f 3208//3263 3230//3279 3199//3280
f 3224//3274 3214//3250 4262//3281
f 3184//3230 3213//3282 4273//3237
f 2757//2774 3229//3283 3191//3215
f 3180//3209 3174//3256 3185//3210
f 3191//3215 3229//3283 3227//3278
f 3219//3260 4262//3281 3214//3250
f 3149//3255 3232//3284 3150//3285
f 3199//3280 3232//3284 3149//3255
f 3160//3180 3161//3198 3145//3181
f 2781//2808 3229//3283 2757//2774
f 3227//3278 4275//3286 3219//3260
f 3219//3260 4275//3286 4262//3281
f 3165//3200 3235//3287 3193//3201
f 3149//3255 3150//3285 3174//3256
f 3193//3201 3235//3287 3178//3178
f 3177//3288 3223//3272 2246//2267
f 3204//3228 3213//3282 3184//3230
f 3227//3278 3229//3283 4275//3286
f 3158//3194 3169//3202 3166//3196
f 3222//3270 3211//3247 3163//3246
f 3229//3283 4281//3289 4275//3286
f 3192//3265 3236//3290 3196//3266
f 2781//2808 4281//3289 3229//3283
f 2263//2285 3238//3291 3241//3292
f 3241//3292 3238//3291 3239//3293
f 2258//2280 2259//2281 3240//3294
f 2262//2283 3241//3292 3243//3295
f 3244//3296 3243//3295 3242//3297
f 2252//2274 3245//3298 2251//2273
f 2251//2273 3245//3298 3246//3299
f 3502//3300 3480//3301 3451//3302
f 3451//3302 3480//3301 3438//3303
f 3169//3202 3247//3304 3152//3203
f 3471//3305 3441//3306 3249//3307
f 3152//3203 3247//3304 3179//3308
f 3249//3307 3441//3306 3475//3309
f 3246//3299 3250//3310 3248//3311
f 3245//3298 3250//3310 3246//3299
f 3603//3211 3185//3210 3218//3234
f 3141//3193 3254//3312 3158//3194
f 3471//3305 3249//3307 3506//3313
f 3195//3107 3089//3140 3189//3218
f 3264//3314 3249//3307 3475//3309
f 3258//3315 3249//3307 3264//3314
f 3249//3307 3256//3316 3506//3313
f 3248//3311 3250//3310 3257//3267
f 3258//3315 3260//3317 3249//3307
f 3250//3310 3261//3318 3257//3267
f 3257//3267 3261//3318 3192//3265
f 3256//3316 3262//3319 3259//3320
f 3259//3320 3262//3319 3555//3321
f 3555//3321 3262//3319 3263//3233
f 3151//3184 3258//3315 3574//3185
f 3574//3185 3258//3315 3264//3314
f 3262//3319 3260//3317 3146//3322
f 2243//2264 3265//3323 2241//2262
f 3151//3184 3159//3269 3258//3315
f 3262//3319 3146//3322 3200//3231
f 3192//3265 3202//3245 3236//3290
f 3261//3318 3202//3245 3192//3265
f 3559//3324 3212//3325 3593//3326
f 3183//3273 3212//3325 3559//3324
f 3233//3327 3164//3199 3209//3328
f 3209//3328 3164//3199 3266//3329
f 3146//3322 3228//3330 3200//3231
f 3218//3234 3226//3277 3139//3197
f 3267//3331 3151//3184 3181//3183
f 3212//3325 3237//3332 3593//3326
f 3593//3326 3237//3332 3188//3333
f 3268//3334 3146//3322 3159//3269
f 3284//3335 3183//3273 3170//3204
f 3228//3330 3205//3232 3200//3231
f 3278//3336 3205//3232 3228//3330
f 3202//3245 3210//3243 3236//3290
f 3284//3335 3212//3325 3183//3273
f 3267//3331 3221//3268 3151//3184
f 3172//3192 3270//3337 3170//3204
f 3146//3322 3268//3334 3228//3330
f 3273//3338 3212//3325 3284//3335
f 3144//3249 3274//3339 3598//3264
f 3598//3264 3274//3339 3203//3242
f 3233//3327 3269//3340 3276//3341
f 3270//3337 3275//3342 3170//3204
f 3278//3336 3268//3334 3277//3343
f 3161//3198 3234//3344 3145//3181
f 3279//3345 3267//3331 3181//3183
f 3280//3346 3267//3331 3279//3345
f 3282//3347 3237//3332 3273//3338
f 3273//3338 3237//3332 3212//3325
f 3164//3199 3233//3327 3165//3200
f 3205//3232 3278//3336 3269//3340
f 3296//3348 3269//3340 3278//3336
f 3286//3349 3287//3350 3288//3351
f 3165//3200 3287//3350 3286//3349
f 3189//3218 3231//3352 3194//3219
f 3275//3342 3285//3353 3284//3335
f 3272//3354 3280//3346 3289//3355
f 3267//3331 3280//3346 3272//3354
f 3296//3348 3277//3343 3290//3356
f 3271//3357 3292//3358 3353//3359
f 3210//3243 3292//3358 3271//3357
f 3284//3335 3285//3353 3273//3338
f 3273//3338 3285//3353 3293//3360
f 3276//3341 3296//3348 3295//3361
f 3269//3340 3296//3348 3276//3341
f 3221//3268 3268//3334 3159//3269
f 3280//3346 3279//3345 3294//3362
f 3298//3363 3286//3349 3288//3351
f 3295//3361 3361//3364 3276//3341
f 3299//3365 3361//3364 3295//3361
f 3290//3356 3295//3361 3296//3348
f 3297//3366 3295//3361 3290//3356
f 3300//3367 3298//3363 3288//3351
f 3299//3365 3300//3367 3361//3364
f 3301//3368 3300//3367 3299//3365
f 3302//3369 3303//3370 3304//3371
f 3208//3263 3199//3280 3305//3372
f 3154//3221 3306//3373 3141//3193
f 3194//3219 3306//3373 3154//3221
f 3089//3140 3231//3352 3189//3218
f 3155//3188 3308//3374 3207//3235
f 3175//3187 3308//3374 3155//3188
f 3225//3275 3310//3375 3206//3227
f 3206//3227 3310//3375 3204//3228
f 3217//3213 3216//3259 3190//3214
f 3269//3340 3233//3327 3209//3328
f 3188//3333 3237//3332 3181//3183
f 3226//3277 3312//3376 3161//3198
f 3230//3279 3232//3284 3199//3280
f 2236//2260 3283//3028 3172//3192
f 3158//3194 3313//3377 3169//3202
f 3222//3270 3314//3378 3211//3247
f 3220//3261 3315//3379 3208//3263
f 3208//3263 3315//3379 3230//3279
f 3205//3232 3269//3340 3209//3328
f 3204//3228 3311//3380 3213//3282
f 3231//3352 3316//3381 3194//3219
f 3174//3256 3309//3382 3185//3210
f 3211//3247 3220//3261 3197//3248
f 3177//3288 3317//3383 3223//3272
f 3168//3384 3317//3383 3177//3288
f 3174//3256 3318//3385 3309//3382
f 3150//3285 3318//3385 3174//3256
f 3215//3252 3222//3270 3176//3254
f 3254//3312 3313//3377 3158//3194
f 3145//3181 3319//3386 3225//3275
f 3221//3268 3272//3354 3268//3334
f 3234//3344 3319//3386 3145//3181
f 3179//3308 3247//3304 3167//3251
f 3161//3198 3312//3376 3234//3344
f 3237//3332 3279//3345 3181//3183
f 3311//3380 4310//3387 3213//3282
f 3099//3150 3231//3352 3089//3140
f 3268//3334 3278//3336 3228//3330
f 3185//3210 3307//3388 3218//3234
f 2243//2264 3223//3272 3265//3323
f 3230//3279 3320//3389 3232//3284
f 3307//3388 3322//3390 3218//3234
f 3218//3234 3322//3390 3226//3277
f 3310//3375 3323//3391 3204//3228
f 3204//3228 3323//3391 3311//3380
f 3207//3235 3324//3392 3187//3236
f 3187//3236 3324//3392 3168//3384
f 3235//3287 3291//3393 3178//3178
f 3141//3193 3325//3394 3254//3312
f 3306//3373 3325//3394 3141//3193
f 2241//2262 3326//3395 2240//2261
f 3316//3381 3306//3373 3194//3219
f 3275//3342 3284//3335 3170//3204
f 3178//3178 3291//3393 3144//3249
f 3172//3192 3283//3028 3270//3337
f 3165//3200 3286//3349 3235//3287
f 3272//3354 3281//3396 3268//3334
f 3162//3258 3327//3397 3216//3259
f 3196//3266 3327//3397 3162//3258
f 3315//3379 3320//3389 3230//3279
f 3282//3347 3279//3345 3237//3332
f 3236//3290 3328//3398 3196//3266
f 3233//3327 3287//3350 3165//3200
f 3267//3331 3272//3354 3221//3268
f 3313//3377 3329//3399 3169//3202
f 3169//3202 3329//3399 3247//3304
f 3210//3243 3271//3357 3236//3290
f 3203//3242 3292//3358 3210//3243
f 3274//3339 3292//3358 3203//3242
f 3150//3285 3232//3284 3318//3385
f 3225//3275 3319//3386 3310//3375
f 3309//3382 3331//3400 3185//3210
f 3185//3210 3331//3400 3307//3388
f 3226//3277 3332//3401 3312//3376
f 3234//3344 3333//3402 3319//3386
f 3312//3376 3333//3402 3234//3344
f 3247//3304 3334//3403 3167//3251
f 3167//3251 3334//3403 3215//3252
f 3220//3261 3335//3404 3315//3379
f 3316//3381 3336//3405 3306//3373
f 3319//3386 3337//3406 3310//3375
f 3291//3393 3330//3407 3144//3249
f 3211//3247 3338//3408 3220//3261
f 3314//3378 3338//3408 3211//3247
f 3215//3252 3321//3409 3222//3270
f 3265//3323 3326//3395 2241//2262
f 3216//3259 3339//3410 3190//3214
f 3322//3390 3341//3411 3226//3277
f 3175//3187 3342//3412 3308//3374
f 3190//3214 3342//3412 3175//3187
f 3232//3284 3340//3413 3318//3385
f 3281//3396 3277//3343 3268//3334
f 3325//3394 3343//3414 3254//3312
f 3254//3312 3343//3414 3313//3377
f 3099//3150 3117//3164 3231//3352
f 3231//3352 3117//3164 3316//3381
f 3315//3379 3344//3415 3320//3389
f 3233//3327 3276//3341 3287//3350
f 3334//3403 3321//3409 3215//3252
f 3196//3266 3328//3398 3327//3397
f 3329//3399 3345//3416 3247//3304
f 3310//3375 3337//3406 3323//3391
f 3308//3374 3346//3417 3207//3235
f 3207//3235 3346//3417 3324//3392
f 3226//3277 3341//3411 3332//3401
f 3277//3343 3296//3348 3278//3336
f 3223//3272 3326//3395 3265//3323
f 3332//3401 3333//3402 3312//3376
f 3235//3287 3286//3349 3291//3393
f 3326//3395 3347//3418 2240//2261
f 3318//3385 3348//3419 3309//3382
f 3309//3382 3348//3419 3331//3400
f 3330//3407 3349//3420 3144//3249
f 3144//3249 3349//3420 3274//3339
f 3307//3388 3331//3400 3322//3390
f 3317//3383 3350//3421 3223//3272
f 3168//3384 3324//3392 3317//3383
f 3336//3405 3351//3422 3306//3373
f 3306//3373 3351//3422 3325//3394
f 3322//3390 3352//3423 3341//3411
f 3316//3381 3117//3164 3336//3405
f 3320//3389 3354//3424 3232//3284
f 3232//3284 3354//3424 3340//3413
f 3319//3386 3333//3402 3337//3406
f 3274//3339 3355//3425 3292//3358
f 3321//3409 3356//3426 3222//3270
f 3222//3270 3356//3426 3314//3378
f 3313//3377 3357//3427 3329//3399
f 3340//3413 3358//3428 3318//3385
f 3338//3408 3359//3429 3220//3261
f 3271//3357 3360//3430 3236//3290
f 3236//3290 3360//3430 3328//3398
f 3220//3261 3359//3429 3335//3404
f 3276//3341 3361//3364 3287//3350
f 3337//3406 3362//3431 3323//3391
f 3291//3393 3363//3432 3330//3407
f 3286//3349 3363//3432 3291//3393
f 2994//3027 3364//3030 3283//3028
f 3283//3028 3364//3030 3270//3337
f 3117//3164 3365//3166 3336//3405
f 3343//3414 3357//3427 3313//3377
f 3282//3347 3370//3433 3279//3345
f 3223//3272 3366//3434 3326//3395
f 3247//3304 3345//3416 3334//3403
f 3333//3402 3367//3435 3337//3406
f 3326//3395 3369//3436 3347//3418
f 3315//3379 3371//3437 3344//3415
f 3335//3404 3371//3437 3315//3379
f 3331//3400 3352//3423 3322//3390
f 1819//1838 3372//3438 2263//2285
f 3341//3411 3375//3439 3332//3401
f 3339//3410 3376//3440 3190//3214
f 3190//3214 3376//3440 3342//3412
f 2267//2289 3374//3441 1819//1838
f 2263//2285 3241//3292 2262//2283
f 3333//3402 3368//3442 3367//3435
f 3336//3405 3365//3166 3351//3422
f 3332//3401 3368//3442 3333//3402
f 2268//2290 3374//3441 2267//2289
f 3289//3355 3378//3443 3272//3354
f 3273//3338 3293//3360 3282//3347
f 3329//3399 3373//3444 3345//3416
f 3337//3406 3367//3435 3362//3431
f 3270//3337 3379//3038 3275//3342
f 3364//3030 3379//3038 3270//3337
f 2240//2261 3347//3418 2238//2257
f 3287//3350 3361//3364 3288//3351
f 3372//3438 3238//3291 2263//2285
f 1819//1838 3381//3445 3372//3438
f 3351//3422 3382//3446 3325//3394
f 3325//3394 3382//3446 3343//3414
f 3374//3441 3381//3445 1819//1838
f 3327//3397 3383//3447 3216//3259
f 3216//3259 3383//3447 3339//3410
f 3318//3385 3358//3428 3348//3419
f 3357//3427 3373//3444 3329//3399
f 3344//3415 3384//3448 3320//3389
f 3320//3389 3384//3448 3354//3424
f 2269//2291 3385//3449 1823//1843
f 2268//2290 3387//3450 3374//3441
f 3367//3435 3368//3442 3386//3451
f 3349//3420 3355//3425 3274//3339
f 2262//2283 3243//3295 2259//2281
f 3334//3403 3388//3452 3321//3409
f 3332//3401 3389//3453 3368//3442
f 3359//3429 3371//3437 3335//3404
f 3352//3423 3375//3439 3341//3411
f 3277//3343 3377//3454 3290//3356
f 3370//3433 3294//3362 3279//3345
f 3308//3374 3390//3455 3346//3417
f 3342//3412 3390//3455 3308//3374
f 3272//3354 3378//3443 3281//3396
f 3372//3438 3392//3456 3238//3291
f 3365//3166 3391//3457 3351//3422
f 3330//3407 3393//3458 3349//3420
f 3281//3396 3377//3454 3277//3343
f 3340//3413 3354//3424 3358//3428
f 2258//2280 3240//3294 2256//2278
f 3350//3421 3366//3434 3223//3272
f 3324//3392 3350//3421 3317//3383
f 3345//3416 3380//3459 3334//3403
f 3314//3378 3395//3460 3338//3408
f 1823//1843 3396//3461 2268//2290
f 3271//3357 3397//3462 3360//3430
f 3375//3439 3389//3453 3332//3401
f 3353//3359 3397//3462 3271//3357
f 3293//3360 3370//3433 3282//3347
f 3331//3400 3398//3463 3352//3423
f 3348//3419 3398//3463 3331//3400
f 3345//3416 3373//3444 3380//3459
f 3286//3349 3298//3363 3363//3432
f 3355//3425 3399//3464 3292//3358
f 3292//3358 3399//3464 3353//3359
f 3285//3353 3400//3465 3293//3360
f 3275//3342 3402//3466 3285//3353
f 3379//3038 3402//3466 3275//3342
f 3351//3422 3391//3457 3382//3446
f 3359//3429 3403//3467 3371//3437
f 3365//3166 3404//3171 3391//3457
f 3343//3414 3382//3446 3357//3427
f 2271//2293 3405//3468 2269//2291
f 3361//3364 3300//3367 3288//3351
f 3366//3434 3406//3469 3326//3395
f 3326//3395 3406//3469 3369//3436
f 3239//3293 3407//3470 3241//3292
f 3352//3423 3408//3471 3375//3439
f 3324//3392 3409//3472 3350//3421
f 3347//3418 3394//3473 2238//2257
f 3389//3453 3410//3474 3368//3442
f 2238//2257 3394//3473 3984//2258
f 3357//3427 3411//3475 3373//3444
f 3385//3449 3396//3461 1823//1843
f 3240//3294 3412//3476 2256//2278
f 3294//3362 3289//3355 3280//3346
f 3358//3428 3413//3477 3348//3419
f 3375//3439 3414//3478 3389//3453
f 3243//3295 3244//3296 2259//2281
f 2259//2281 3244//3296 3240//3294
f 3381//3445 3392//3456 3372//3438
f 2268//2290 3415//3479 3387//3450
f 3396//3461 3415//3479 2268//2290
f 3374//3441 3416//3480 3381//3445
f 3387//3450 3416//3480 3374//3441
f 3363//3432 3393//3458 3330//3407
f 3321//3409 3418//3481 3356//3426
f 3388//3452 3418//3481 3321//3409
f 3378//3443 3419//3482 3281//3396
f 2269//2291 3420//3483 3385//3449
f 3328//3398 3383//3447 3327//3397
f 3354//3424 3421//3484 3358//3428
f 3380//3459 3388//3452 3334//3403
f 3392//3456 3239//3293 3238//3291
f 3371//3437 3423//3485 3344//3415
f 3344//3415 3423//3485 3384//3448
f 3350//3421 3424//3486 3366//3434
f 2256//2278 3401//3487 2254//2276
f 3368//3442 3410//3474 3386//3451
f 3398//3463 3408//3471 3352//3423
f 3241//3292 3407//3470 3243//3295
f 3400//3465 3426//3488 3293//3360
f 3384//3448 3427//3489 3354//3424
f 3395//3460 3428//3490 3338//3408
f 3338//3408 3428//3490 3359//3429
f 3382//3446 3411//3475 3357//3427
f 3356//3426 3395//3460 3314//3378
f 3386//3451 3410//3474 3916//3491
f 3402//3466 3400//3465 3285//3353
f 3375//3439 3408//3471 3414//3478
f 3339//3410 3383//3447 3376//3440
f 3389//3453 3414//3478 3410//3474
f 3391//3457 3429//3492 3382//3446
f 3281//3396 3419//3482 3377//3454
f 3346//3417 3409//3472 3324//3392
f 3369//3436 3430//3493 3347//3418
f 3347//3418 3430//3493 3394//3473
f 3398//3463 3431//3494 3408//3471
f 3422//3495 3392//3456 3381//3445
f 3393//3458 3432//3496 3349//3420
f 3244//3296 3433//3497 3240//3294
f 3349//3420 3432//3496 3355//3425
f 3240//3294 3433//3497 3412//3476
f 3348//3419 3413//3477 3398//3463
f 3407//3470 3434//3498 3243//3295
f 3380//3459 3435//3499 3388//3452
f 3370//3433 3436//3500 3294//3362
f 3405//3468 3420//3483 2269//2291
f 3342//3412 3437//3501 3390//3455
f 3376//3440 3437//3501 3342//3412
f 2254//2276 3245//3298 2252//2274
f 3401//3487 3245//3298 2254//2276
f 3080//3142 3391//3457 3404//3171
f 4000//3502 3394//3473 3430//3493
f 3355//3425 3439//3503 3399//3464
f 3382//3446 3440//3504 3411//3475
f 2271//2293 3425//3505 3405//3468
f 3239//3293 3442//3506 3407//3470
f 3412//3476 3443//3507 2256//2278
f 2256//2278 3443//3507 3401//3487
f 3422//3495 3438//3303 3392//3456
f 3358//3428 3421//3484 3413//3477
f 3392//3456 3438//3303 3239//3293
f 3293//3360 3426//3488 3370//3433
f 3328//3398 3417//3508 3383//3447
f 3420//3483 3444//3509 3385//3449
f 3385//3449 3444//3509 3396//3461
f 3328//3398 3360//3430 3417//3508
f 3377//3454 3445//3510 3290//3356
f 3387//3450 3447//3511 3416//3480
f 3406//3469 3448//3512 3369//3436
f 3415//3479 3447//3511 3387//3450
f 3004//3037 3402//3466 3379//3038
f 3373//3444 3449//3513 3380//3459
f 3411//3475 3449//3513 3373//3444
f 3408//3471 3450//3514 3414//3478
f 3416//3480 3451//3302 3381//3445
f 3381//3445 3451//3302 3422//3495
f 3396//3461 3444//3509 3415//3479
f 3354//3424 3427//3489 3421//3484
f 3410//3474 3414//3478 3987//3515
f 3397//3462 3452//3516 3360//3430
f 3403//3467 3423//3485 3371//3437
f 3356//3426 3453//3517 3395//3460
f 3429//3492 3454//3518 3382//3446
f 3382//3446 3454//3518 3440//3504
f 3438//3303 3442//3506 3239//3293
f 3409//3472 3455//3519 3350//3421
f 3431//3494 3456//3520 3408//3471
f 3425//3505 3441//3306 3405//3468
f 3350//3421 3455//3519 3424//3486
f 3080//3142 3429//3492 3391//3457
f 3426//3488 3457//3521 3370//3433
f 2271//2293 3446//3522 3425//3505
f 3423//3485 3458//3523 3384//3448
f 3384//3448 3458//3523 3427//3489
f 3298//3363 3459//3524 3363//3432
f 3363//3432 3459//3524 3393//3458
f 3353//3359 3399//3464 3397//3462
f 3346//3417 3460//3525 3409//3472
f 2272//2294 3446//3522 2271//2293
f 3419//3482 3461//3526 3377//3454
f 3444//3509 3462//3527 3415//3479
f 3434//3498 3242//3297 3243//3295
f 3411//3475 3464//3528 3449//3513
f 3432//3496 3439//3503 3355//3425
f 3424//3486 3465//3529 3366//3434
f 3366//3434 3465//3529 3406//3469
f 3461//3526 3445//3510 3377//3454
f 3438//3303 3480//3301 3442//3506
f 3421//3484 3467//3530 3413//3477
f 3418//3481 3453//3517 3356//3426
f 3408//3471 3456//3520 3450//3514
f 3388//3452 3435//3499 3418//3481
f 3414//3478 3450//3514 3987//3515
f 3359//3429 3468//3531 3403//3467
f 3428//3490 3468//3531 3359//3429
f 3413//3477 3431//3494 3398//3463
f 3294//3362 3469//3532 3289//3355
f 3436//3500 3469//3532 3294//3362
f 3380//3459 3449//3513 3435//3499
f 3369//3436 3448//3512 3430//3493
f 3442//3506 3434//3498 3407//3470
f 3402//3466 3470//3064 3400//3465
f 3405//3468 3471//3305 3420//3483
f 3441//3306 3471//3305 3405//3468
f 3242//3297 3472//3533 3244//3296
f 3440//3504 3464//3528 3411//3475
f 3422//3495 3451//3302 3438//3303
f 3004//3037 3470//3064 3402//3466
f 3427//3489 3473//3534 3421//3484
f 3462//3527 3474//3535 3415//3479
f 3415//3479 3474//3535 3447//3511
f 3446//3522 3475//3309 3425//3505
f 3987//3515 3450//3514 3993//3536
f 3300//3367 3477//3537 3298//3363
f 3378//3443 3478//3538 3419//3482
f 3454//3518 3479//3539 3440//3504
f 3295//3361 3297//3366 3299//3365
f 3453//3517 3428//3490 3395//3460
f 3443//3507 3245//3298 3401//3487
f 3400//3465 3481//3540 3426//3488
f 3470//3064 3481//3540 3400//3465
f 2274//2295 3476//3541 2272//2294
f 3412//3476 3482//3542 3443//3507
f 3433//3497 3482//3542 3412//3476
f 3457//3521 3436//3500 3370//3433
f 3403//3467 3463//3543 3423//3485
f 3429//3492 3483//2959 3454//3518
f 3080//3142 3483//2959 3429//3492
f 3244//3296 3472//3533 3433//3497
f 3432//3496 3484//3544 3439//3503
f 3447//3511 3485//3545 3416//3480
f 3416//3480 3485//3545 3451//3302
f 3390//3455 3460//3525 3346//3417
f 3413//3477 3467//3530 3431//3494
f 3423//3485 3486//3546 3458//3523
f 3290//3356 3445//3510 3297//3366
f 3397//3462 3487//3547 3452//3516
f 3479//3539 3489//3548 3440//3504
f 3440//3504 3489//3548 3464//3528
f 3297//3366 3491//3549 3299//3365
f 3434//3498 3492//3550 3242//3297
f 3468//3531 3463//3543 3403//3467
f 3463//3543 3493//3551 3423//3485
f 3431//3494 3494//3552 3456//3520
f 3418//3481 3495//3553 3453//3517
f 3425//3505 3475//3309 3441//3306
f 3417//3508 3466//3554 3383//3447
f 3449//3513 3496//3555 3435//3499
f 3360//3430 3452//3516 3417//3508
f 3421//3484 3473//3534 3467//3530
f 3383//3447 3497//3556 3376//3440
f 3376//3440 3497//3556 3437//3501
f 3476//3541 3446//3522 2272//2294
f 3289//3355 3498//3557 3378//3443
f 3469//3532 3498//3557 3289//3355
f 3467//3530 3499//3558 3431//3494
f 3424//3486 3500//3559 3465//3529
f 3455//3519 3500//3559 3424//3486
f 3480//3301 3488//3560 3442//3506
f 3442//3506 3488//3560 3434//3498
f 3444//3509 3490//3561 3462//3527
f 3393//3458 3459//3524 3432//3496
f 3430//3493 3501//3562 4038//3563
f 3458//3523 3503//3564 3427//3489
f 3427//3489 3503//3564 3473//3534
f 3409//3472 3505//3565 3455//3519
f 3460//3525 3505//3565 3409//3472
f 3443//3507 3250//3310 3245//3298
f 3471//3305 3506//3313 3420//3483
f 3420//3483 3506//3313 3444//3509
f 3454//3518 3483//2959 3479//3539
f 3453//3517 3507//3566 3428//3490
f 3439//3503 3302//3369 3399//3464
f 2251//2273 3252//3567 3251//2272
f 3301//3368 3508//3568 3300//3367
f 3449//3513 3509//3569 3496//3555
f 3464//3528 3509//3569 3449//3513
f 3417//3508 3510//3570 3466//3554
f 3485//3545 3502//3300 3451//3302
f 3448//3512 3501//3562 3430//3493
f 3488//3560 3492//3550 3434//3498
f 3399//3464 3487//3547 3397//3462
f 3493//3551 3486//3546 3423//3485
f 3481//3540 3513//3571 3426//3488
f 3456//3520 3494//3552 3450//3514
f 3297//3366 3514//3572 3491//3549
f 3435//3499 3495//3553 3418//3481
f 3445//3510 3514//3572 3297//3366
f 3483//2959 3515//3147 3479//3539
f 3499//3558 3494//3552 3431//3494
f 3474//3535 3485//3545 3447//3511
f 3472//3533 3516//3573 3433//3497
f 3504//3574 3474//3535 3462//3527
f 3298//3363 3517//3575 3459//3524
f 3477//3537 3517//3575 3298//3363
f 3478//3538 3461//3526 3419//3482
f 3428//3490 3518//3576 3468//3531
f 3246//3299 3252//3567 2251//2273
f 3450//3514 3494//3552 4033//3577
f 3300//3367 3508//3568 3477//3537
f 2274//2295 3512//3578 3476//3541
f 3503//3564 3520//3579 3473//3534
f 3482//3542 3250//3310 3443//3507
f 3490//3561 3504//3574 3462//3527
f 3453//3517 3495//3553 3507//3566
f 3435//3499 3496//3555 3495//3553
f 3426//3488 3513//3571 3457//3521
f 3476//3541 3511//3580 3446//3522
f 3383//3447 3521//3581 3497//3556
f 3251//2272 3252//3567 2249//2270
f 3466//3554 3521//3581 3383//3447
f 3491//3549 3522//3582 3299//3365
f 3299//3365 3522//3582 3301//3368
f 3465//3529 3523//3583 3406//3469
f 3406//3469 3523//3583 3448//3512
f 3390//3455 3525//3584 3460//3525
f 3437//3501 3525//3584 3390//3455
f 3489//3548 3526//3585 3464//3528
f 3492//3550 3527//3586 3242//3297
f 3464//3528 3526//3585 3509//3569
f 3242//3297 3527//3586 3472//3533
f 3444//3509 3259//3320 3490//3561
f 3473//3534 3520//3579 3467//3530
f 3506//3313 3259//3320 3444//3509
f 3446//3522 3511//3580 3475//3309
f 3486//3546 3529//3587 3458//3523
f 3507//3566 3518//3576 3428//3490
f 3498//3557 3478//3538 3378//3443
f 3028//3067 3481//3540 3470//3064
f 3468//3531 3530//3588 3463//3543
f 3502//3300 3488//3560 3480//3301
f 3433//3497 3516//3573 3482//3542
f 3488//3560 3533//3589 3492//3550
f 3417//3508 3519//3590 3510//3570
f 3479//3539 3534//3591 3489//3548
f 3452//3516 3519//3590 3417//3508
f 3489//3548 3534//3591 3526//3585
f 3494//3552 3535//3592 4033//3577
f 3499//3558 3536//3593 3494//3552
f 3501//3562 3448//3512 3544//3594
f 3524//3595 3469//3532 3436//3500
f 3246//3299 3537//3596 3252//3567
f 3485//3545 3538//3597 3502//3300
f 3463//3543 3530//3588 3493//3551
f 3505//3565 3539//3598 3455//3519
f 3455//3519 3539//3598 3500//3559
f 3500//3559 3523//3583 3465//3529
f 3515//3147 3534//3591 3479//3539
f 3459//3524 3540//3599 3432//3496
f 3432//3496 3540//3599 3484//3544
f 3496//3555 3541//3600 3495//3553
f 3514//3572 3542//3601 3491//3549
f 3467//3530 3543//3602 3499//3558
f 3520//3579 3543//3602 3467//3530
f 3513//3571 3436//3500 3457//3521
f 3484//3544 3302//3369 3439//3503
f 3511//3580 3264//3314 3475//3309
f 3502//3300 3531//3603 3488//3560
f 3458//3523 3529//3587 3503//3564
f 3515//3147 3545//3604 3534//3591
f 3508//3568 3546//3605 3477//3537
f 2249//2270 3547//3606 2247//2268
f 3536//3593 3535//3592 3494//3552
f 3512//3578 3549//3607 3476//3541
f 3507//3566 3550//3608 3518//3576
f 3493//3551 3529//3587 3486//3546
f 3399//3464 3304//3371 3487//3547
f 3302//3369 3304//3371 3399//3464
f 3252//3567 3528//3609 2249//2270
f 3531//3603 3255//3610 3488//3560
f 3509//3569 3541//3600 3496//3555
f 3491//3549 3542//3601 3522//3582
f 3506//3313 3256//3316 3259//3320
f 3500//3559 3551//3611 3523//3583
f 3495//3553 3541//3600 3507//3566
f 3461//3526 3532//3195 3445//3510
f 3474//3535 3552//3612 3485//3545
f 3543//3602 3536//3593 3499//3558
f 3452//3516 3553//3613 3519//3590
f 3487//3547 3553//3613 3452//3516
f 3301//3368 3522//3582 3508//3568
f 3523//3583 3544//3594 3448//3512
f 3469//3532 3554//3614 3498//3557
f 3466//3554 3510//3570 3521//3581
f 3504//3574 3552//3612 3474//3535
f 3490//3561 3555//3321 3504//3574
f 3259//3320 3555//3321 3490//3561
f 3476//3541 3549//3607 3511//3580
f 3529//3587 3556//3615 3503//3564
f 3503//3564 3556//3615 3520//3579
f 3505//3565 3557//3616 3539//3598
f 3481//3540 3032//3119 3513//3571
f 3028//3067 3032//3119 3481//3540
f 3518//3576 3558//3617 3468//3531
f 3515//3147 3105//3155 3545//3604
f 3484//3544 3303//3370 3302//3369
f 2274//2295 3559//3324 3512//3578
f 2275//2297 3559//3324 2274//2295
f 3460//3525 3560//3618 3505//3565
f 3525//3584 3560//3618 3460//3525
f 3520//3579 3561//3619 3543//3602
f 3477//3537 3546//3605 3517//3575
f 3488//3560 3255//3610 3533//3589
f 3478//3538 3562//3239 3461//3526
f 3513//3571 3563//3122 3436//3500
f 3550//3608 3558//3617 3518//3576
f 3517//3575 3540//3599 3459//3524
f 3492//3550 3548//3620 3527//3586
f 3498//3557 3565//3220 3478//3538
f 3527//3586 3566//3244 3472//3533
f 3472//3533 3566//3244 3516//3573
f 3536//3593 3567//3621 3535//3592
f 3526//3585 3568//3622 3509//3569
f 3509//3569 3568//3622 3541//3600
f 3541//3600 3550//3608 3507//3566
f 3249//3307 3260//3317 3256//3316
f 3528//3609 3547//3606 2249//2270
f 3530//3588 3569//3623 3493//3551
f 3533//3589 3548//3620 3492//3550
f 3493//3551 3570//3624 3529//3587
f 3542//3601 3571//3253 3522//3582
f 3516//3573 3261//3318 3482//3542
f 3482//3542 3261//3318 3250//3310
f 3437//3501 3572//3182 3525//3584
f 3497//3556 3572//3182 3437//3501
f 3538//3597 3573//3625 3502//3300
f 3502//3300 3573//3625 3531//3603
f 3558//3617 3530//3588 3468//3531
f 3534//3591 3568//3622 3526//3585
f 3539//3598 3551//3611 3500//3559
f 3485//3545 3266//3329 3538//3597
f 3562//3239 3532//3195 3461//3526
f 3552//3612 3266//3329 3485//3545
f 3549//3607 3574//3185 3511//3580
f 3541//3600 3575//3626 3550//3608
f 3524//3595 3554//3614 3469//3532
f 3558//3617 3576//3627 3530//3588
f 3529//3587 3577//3628 3556//3615
f 3436//3500 3563//3122 3524//3595
f 3252//3567 3253//3186 3528//3609
f 3556//3615 3561//3619 3520//3579
f 3533//3589 3579//3177 3548//3620
f 3536//3593 3543//3602 3567//3621
f 3248//3311 3217//3213 3246//3299
f 3246//3299 3217//3213 3537//3596
f 3551//3611 3580//3629 3523//3583
f 3523//3583 3580//3629 3544//3594
f 3105//3155 3116//3161 3545//3604
f 3532//3195 3166//3196 3445//3510
f 3569//3623 3570//3624 3493//3551
f 3445//3510 3166//3196 3514//3572
f 3570//3624 3581//3630 3529//3587
f 3576//3627 3578//3631 3530//3588
f 3537//3596 3253//3186 3252//3567
f 3519//3590 3564//3632 3510//3570
f 3545//3604 3582//3633 3534//3591
f 3534//3591 3582//3633 3568//3622
f 3487//3547 3583//3634 3553//3613
f 3554//3614 3565//3220 3498//3557
f 3517//3575 3584//3262 3540//3599
f 3032//3119 3563//3122 3513//3571
f 3539//3598 3586//3229 3551//3611
f 3548//3620 3598//3264 3527//3586
f 3578//3631 3569//3623 3530//3588
f 3519//3590 3553//3613 3564//3632
f 3563//3122 3587//3108 3524//3595
f 3522//3582 3585//3271 3508//3568
f 3508//3568 3585//3271 3546//3605
f 3550//3608 3575//3626 3558//3617
f 3528//3609 3155//3188 3547//3606
f 3541//3600 3588//3635 3575//3626
f 3568//3622 3588//3635 3541//3600
f 3561//3619 3589//3636 3543//3602
f 3510//3570 3138//3224 3521//3581
f 3540//3599 3305//3372 3484//3544
f 3484//3544 3305//3372 3303//3370
f 3560//3618 3590//3276 3505//3565
f 3505//3565 3590//3276 3557//3616
f 3255//3610 3579//3177 3533//3589
f 3546//3605 3163//3246 3517//3575
f 3497//3556 3160//3180 3572//3182
f 3521//3581 3160//3180 3497//3556
f 3555//3321 3263//3233 3504//3574
f 3504//3574 3263//3233 3552//3612
f 3581//3630 3577//3628 3529//3587
f 3511//3580 3574//3185 3264//3314
f 3556//3615 3591//3637 3561//3619
f 3531//3603 3573//3625 3255//3610
f 3565//3220 3562//3239 3478//3538
f 2277//2299 3592//3205 2275//2297
f 3545//3604 3116//3161 3582//3633
f 3544//3594 3580//3629 4166//3638
f 3559//3324 3593//3326 3512//3578
f 3512//3578 3593//3326 3549//3607
f 3543//3602 3594//3639 3567//3621
f 3589//3636 3594//3639 3543//3602
f 3525//3584 3572//3182 3560//3618
f 3577//3628 3595//3640 3556//3615
f 3575//3626 3596//3641 3558//3617
f 3537//3596 3217//3213 3253//3186
f 3568//3622 3597//3642 3588//3635
f 3591//3637 3589//3636 3561//3619
f 3557//3616 3586//3229 3539//3598
f 3527//3586 3598//3264 3566//3244
f 3596//3641 3599//3643 3558//3617
f 3558//3617 3599//3643 3576//3627
f 3587//3108 3600//3257 3524//3595
f 3524//3595 3600//3257 3554//3614
f 3122//2992 3582//3633 3116//3161
f 3303//3370 3149//3255 3304//3371
f 3522//3582 3571//3253 3585//3271
f 3304//3371 3180//3209 3487//3547
f 3487//3547 3180//3209 3583//3634
f 3547//3606 3187//3236 2247//2268
f 3570//3624 3601//3644 3581//3630
f 3594//3639 4126//3645 3567//3621
f 3542//3601 3179//3308 3571//3253
f 3152//3203 3179//3308 3542//3601
f 3579//3177 3598//3264 3548//3620
f 3556//3615 3595//3640 3591//3637
f 3582//3633 3597//3642 3568//3622
f 3578//3631 3602//3646 3569//3623
f 3569//3623 3602//3646 3570//3624
f 3266//3329 3164//3199 3538//3597
f 3538//3597 3164//3199 3573//3625
f 2275//2297 3592//3205 3559//3324
f 3588//3635 3596//3641 3575//3626
f 2247//2268 3177//3288 2246//2267
f 3564//3632 3138//3224 3510//3570
f 3565//3220 3154//3221 3562//3239
f 3260//3317 3262//3319 3256//3316
f 3586//3229 3171//3238 3551//3611
f 3551//3611 3171//3238 3580//3629
f 3582//3633 3122//2992 3597//3642
f 3514//3572 3152//3203 3542//3601
f 3166//3196 3152//3203 3514//3572
f 3564//3632 3603//3211 3182//3223
f 3553//3613 3603//3211 3564//3632
f 3576//3627 3599//3643 3578//3631
f 3258//3315 3159//3269 3260//3317
f 3588//3635 3604//3647 3596//3641
f 3581//3630 3156//3189 3577//3628
f 3601//3644 3156//3189 3581//3630
f 3248//3311 3162//3258 3217//3213
f 3257//3267 3162//3258 3248//3311
f 3253//3186 3155//3188 3528//3609
f 3592//3205 3183//3273 3559//3324
f 3579//3177 3142//3179 3598//3264
f 3516//3573 3202//3245 3261//3318
f 3566//3244 3202//3245 3516//3573
f 3602//3646 3601//3644 3570//3624
f 3591//3637 3605//3648 3589//3636
f 3138//3224 3139//3197 3521//3581
f 3521//3581 3139//3197 3160//3180
f 3598//3264 3203//3242 3566//3244
f 3149//3255 3180//3209 3304//3371
f 3573//3625 3193//3201 3255//3610
f 3517//3575 3197//3248 3584//3262
f 3163//3246 3197//3248 3517//3575
f 3597//3642 3604//3647 3588//3635
f 3562//3239 3141//3193 3532//3195
f 3122//2992 2662//2705 3597//3642
f 3156//3189 3595//3640 3577//3628
f 3255//3610 3178//3178 3579//3177
f 3193//3201 3178//3178 3255//3610
f 3589//3636 3605//3648 3594//3639
f 3549//3607 3188//3333 3574//3185
f 3578//3631 3606//3206 3602//3646
f 3593//3326 3188//3333 3549//3607
f 3599//3643 3606//3206 3578//3631
f 3571//3253 3176//3254 3585//3271
f 3564//3632 3182//3223 3138//3224
f 3595//3640 3607//3226 3591//3637
f 3155//3188 3187//3236 3547//3606
f 3560//3618 3145//3181 3590//3276
f 3572//3182 3145//3181 3560//3618
f 3586//3229 3184//3230 3171//3238
f 3597//3642 3608//3649 3604//3647
f 3584//3262 3208//3263 3540//3599
f 3540//3599 3208//3263 3305//3372
f 3600//3257 3189//3218 3554//3614
f 3554//3614 3189//3218 3565//3220
f 3594//3639 3605//3648 4197//3650
f 3591//3637 3607//3226 3605//3648
f 3585//3271 3163//3246 3546//3605
f 3156//3189 3137//3191 3595//3640
f 3552//3612 3209//3328 3266//3329
f 3263//3233 3209//3328 3552//3612
f 3217//3213 3175//3187 3253//3186
f 3305//3372 3149//3255 3303//3370
f 3557//3616 3206//3227 3586//3229
f 3590//3276 3206//3227 3557//3616
f 2662//2705 3608//3649 3597//3642
f 3262//3319 3200//3231 3263//3233
f 3137//3191 3607//3226 3595//3640
f 3164//3199 3193//3201 3573//3625
f 3179//3308 3167//3251 3571//3253
f 3607//3226 3153//3240 3605//3648
f 3599//3643 3143//3216 3606//3206
f 3596//3641 3143//3216 3599//3643
f 3601//3644 3140//3208 3156//3189
f 3602//3646 3140//3208 3601//3644
f 3604//3647 3147//3212 3596//3641
f 3159//3269 3146//3322 3260//3317
f 3153//3240 4197//3650 3605//3648
f 3587//3108 3195//3107 3600//3257
f 3583//3634 3180//3209 3553//3613
f 3553//3613 3180//3209 3603//3211
f 3187//3236 3168//3384 2247//2268
f 2247//2268 3168//3384 3177//3288
f 3148//2704 3608//3649 2662//2705
f 3604//3647 3148//2704 3147//3212
f 3608//3649 3148//2704 3604//3647
f 3188//3333 3181//3183 3574//3185
f 3263//3233 3205//3232 3209//3328
f 2277//2299 3172//3192 3592//3205
f 3305//3372 3199//3280 3149//3255
f 3596//3641 3147//3212 3143//3216
f 3606//3206 3140//3208 3602//3646
f 3611//496 3610//3651 513//497
f 1731//1765 1722//1759 1711//1747
f 3613//3652 3609//3653 3612//629
f 3609//3653 1731//1765 1711//1747
f 3609//3653 1711//1747 3610//3651
f 3614//563 3610//3651 3611//496
f 3614//563 3609//3653 3610//3651
f 3613//3652 3615//631 3616//3654
f 3619//3655 1741//1778 3618//3656
f 3619//3655 3620//3657 1748//1786
f 3618//3656 1737//1772 3616//3654
f 3618//3656 1741//1778 1737//1772
f 3625//3658 771//808 776//806
f 3625//3658 3624//3659 3623//3660
f 3625//3658 3623//3660 771//808
f 689//711 3618//3656 3616//3654
f 689//711 3616//3654 3617//687
f 3625//3658 3626//3661 3624//3659
f 775//800 3626//3661 3625//3658
f 775//800 3625//3658 776//806
f 3612//629 3609//3653 3614//563
f 1667//1696 3628//3662 3629//3663
f 3615//631 3613//3652 3612//629
f 471//509 3630//3664 3629//3663
f 832//854 3631//3665 3630//3664
f 3617//687 3616//3654 3615//631
f 825//847 3631//3665 826//850
f 825//847 3632//3666 3631//3665
f 1748//1786 1741//1778 3619//3655
f 811//839 3632//3666 825//847
f 1748//1786 3620//3657 1754//1791
f 796//818 3633//3667 3634//3668
f 811//839 3635//3669 3632//3666
f 3636//3670 845//899 843//867
f 3636//3670 843//867 3637//628
f 796//818 3634//3668 3621//3671
f 3638//3672 811//839 792//828
f 3638//3672 3635//3669 811//839
f 796//3673 770//3673 3633//3673
f 3628//3662 1667//1696 845//899
f 3628//3662 845//899 3636//3670
f 1757//1793 3638//3672 3639//3674
f 3641//530 3628//3662 3636//3670
f 3641//530 3636//3670 3637//628
f 1781//1809 1757//1793 3639//3674
f 1781//1809 3639//3674 3640//3675
f 1805//1826 1796//1819 3622//3676
f 3641//530 3629//3663 3628//3662
f 3629//3663 1678//1712 1667//1696
f 471//509 3629//3663 3641//530
f 3624//3659 1805//1826 3622//3676
f 3630//3664 1678//1712 3629//3663
f 3623//3660 3622//3676 3634//3668
f 3623//3660 3624//3659 3622//3676
f 832//854 3630//3664 471//509
f 1808//1830 1805//1826 3624//3659
f 3631//3665 1678//1712 3630//3664
f 3631//3665 1687//1723 1678//1712
f 1646//1657 1808//1830 3626//3661
f 3632//3666 1687//1723 3631//3665
f 3632//3666 1707//1743 1687//1723
f 3635//3669 1746//1784 1707//1743
f 3635//3669 1707//1743 3632//3666
f 3638//3672 1746//1784 3635//3669
f 3638//3672 1740//1777 1746//1784
f 3638//3672 1757//1793 1740//1777
f 1737//1772 1734//1770 3616//3654
f 3642//819 3639//3674 3638//3672
f 3642//819 3638//3672 792//828
f 3640//3675 3639//3674 3642//819
f 752//775 559//573 3620//3657
f 3621//3671 1781//1809 3640//3675
f 3621//3671 1796//1819 1781//1809
f 796//818 3640//3675 3642//819
f 3621//3671 3640//3675 796//818
f 3643//3677 1754//1791 3620//3657
f 3643//3677 3620//3657 559//573
f 771//808 3623//3660 770//816
f 3631//3665 832//854 826//850
f 3644//3678 1646//1657 3626//3661
f 3644//3678 1647//1658 1646//1657
f 3633//3667 770//816 3623//3660
f 3645//799 3626//3661 775//800
f 3645//799 3644//3678 3626//3661
f 3633//3667 3623//3660 3634//3668
f 3624//3659 3626//3661 1808//1830
f 3646//3679 1647//1658 3644//3678
f 3646//3679 1633//1680 1647//1658
f 3647//812 3644//3678 3645//799
f 3647//812 3646//3679 3644//3678
f 3609//3653 3613//3652 1731//1765
f 3613//3652 1734//1770 1731//1765
f 3648//3680 1666//1687 1633//1680
f 3648//3680 1633//1680 3646//3679
f 3648//3680 3646//3679 3647//812
f 781//821 3648//3680 3647//812
f 3613//3652 3616//3654 1734//1770
f 797//841 3648//3680 781//821
f 3649//3681 1666//1687 3648//3680
f 3649//3681 1672//1703 1666//1687
f 3618//3656 689//711 3619//3655
f 797//841 3649//3681 3648//3680
f 3649//3681 1677//1711 1672//1703
f 3619//3655 689//711 752//775
f 808//843 3649//3681 797//841
f 3619//3655 752//775 3620//3657
f 3650//3682 1677//1711 3649//3681
f 3651//845 3650//3682 3649//3681
f 808//843 3651//845 3649//3681
f 3650//3682 1685//1719 1677//1711
f 3652//3683 1692//1729 1685//1719
f 3652//3683 1685//1719 3650//3682
f 827//846 3650//3682 3651//845
f 827//846 3652//3683 3650//3682
f 3621//3671 3634//3668 3622//3676
f 3621//3671 3622//3676 1796//1819
f 3652//3683 1698//1733 1692//1729
f 830//855 3652//3683 827//846
f 3627//3684 1704//1741 1698//1733
f 3627//3684 1698//1733 3652//3683
f 513//497 3652//3683 830//855
f 513//497 3627//3684 3652//3683
f 3610//3651 1704//1741 3627//3684
f 3610//3651 1711//1747 1704//1741
f 513//497 3610//3651 3627//3684
f 2000//1894 1997//2013 1871//1895
f 1871//1895 1997//2013 3653//3685
f 1997//2013 2085//2195 3653//3685
f 3654//3686 2025//2089 3655//3687
f 2089//2090 2025//2089 3654//3686
f 2085//2195 2084//2191 3653//3685
f 3653//3685 2084//2191 3656//3688
f 2025//2089 2024//2088 3655//3687
f 3655//3687 2087//2086 3657//3689
f 2024//2088 2087//2086 3655//3687
f 2084//2191 2181//2190 3656//3688
f 3656//3688 2181//2190 3658//3690
f 2087//2086 2022//2031 3657//3689
f 2181//2190 2138//2144 3658//3690
f 2138//2144 2133//2143 3658//3690
f 2022//2031 2230//2028 3657//3689
f 3657//3689 2230//2028 3659//3691
f 3658//3690 2133//2143 3660//3692
f 2230//2028 1921//1941 3659//3691
f 2133//2143 2129//2189 3660//3692
f 3660//3692 2129//2189 3661//3693
f 2129//2189 2074//2079 3661//3693
f 1921//1941 1920//1940 3659//3691
f 1920//1940 2020//2020 3659//3691
f 3659//3691 2020//2020 3662//3694
f 2074//2079 2072//2077 3661//3693
f 2020//2020 2007//2017 3662//3694
f 2072//2077 2068//2076 3661//3693
f 3661//3693 2068//2076 3663//3695
f 2007//2017 2002//2012 3662//3694
f 3662//3694 2002//2012 3664//3696
f 2068//2076 1984//2120 3663//3695
f 2002//2012 1996//2006 3664//3696
f 1984//2120 1981//2117 3663//3695
f 3663//3695 1981//2117 3665//3697
f 1996//2006 1988//1997 3664//3696
f 3664//3696 1988//1997 3666//3698
f 1981//2117 1966//2056 3665//3697
f 1966//2056 1836//2055 3665//3697
f 3665//3697 1836//2055 3667//3699
f 3666//3698 1988//1997 3668//3700
f 1836//2055 1965//1987 3667//3699
f 1988//1997 1969//1982 3668//3700
f 1969//1982 1977//1989 3668//3700
f 1965//1987 1961//1979 3667//3699
f 3668//3700 1977//1989 3669//3701
f 3667//3699 1961//1979 3670//3702
f 1977//1989 1947//1972 3669//3701
f 1961//1979 1962//1977 3670//3702
f 1962//1977 2224//2247 3670//3702
f 1947//1972 1960//1976 3669//3701
f 3669//3701 1916//1947 3671//3703
f 2224//2247 2223//2253 3670//3702
f 1960//1976 1916//1947 3669//3701
f 3670//3702 2223//2253 3672//3704
f 1916//1947 1915//1942 3671//3703
f 2223//2253 2195//2249 3672//3704
f 1915//1942 1902//1920 3671//3703
f 2195//2249 2194//2248 3672//3704
f 3671//3703 1902//1920 3673//3705
f 1902//1920 1908//1936 3673//3705
f 2194//2248 2193//2237 3672//3704
f 3673//3705 1908//1936 3674//3706
f 3672//3704 2193//2237 3675//3707
f 2193//2237 2117//2204 3675//3707
f 1908//1936 2083//2169 3674//3706
f 2117//2204 2043//2194 3675//3707
f 2083//2169 2159//2167 3674//3706
f 3675//3707 2043//2194 3676//3708
f 3674//3706 2159//2167 3677//3709
f 2043//2194 2041//2041 3676//3708
f 2159//2167 2213//2244 3677//3709
f 3676//3708 2039//2107 3678//3710
f 2041//2041 2039//2107 3676//3708
f 2213//2244 2209//2225 3677//3709
f 2039//2107 2233//2039 3678//3710
f 2209//2225 2212//2243 3677//3709
f 3678//3710 2232//2038 2036//2098
f 2233//2039 2232//2038 3678//3710
f 3677//3709 2212//2243 3679//3711
f 2212//2243 2076//2227 3679//3711
f 2076//2227 2073//2070 3679//3711
f 3679//3711 2070//2069 3680//3712
f 2073//2070 2070//2069 3679//3711
f 2070//2069 2206//2221 3680//3712
f 2206//2221 2144//2241 3680//3712
f 3680//3712 2144//2241 3681//3713
f 2144//2241 2205//2242 3681//3713
f 2205//2242 2204//2219 3681//3713
f 3681//3713 2204//2219 3682//3714
f 2204//2219 1885//1907 3682//3714
f 1885//1907 1879//1906 3682//3714
f 3682//3714 1879//1906 3683//3715
f 1879//1906 1884//1904 3683//3715
f 1884//1904 1874//1899 3683//3715
f 3683//3715 1874//1899 2229//2252
f 1882//2015 1878//2010 2229//2252
f 2229//2252 1878//2010 3684//3716
f 1878//2010 1877//2007 3684//3716
f 1877//2007 1875//2014 3684//3716
f 3684//3716 1875//2014 3685//3717
f 1875//2014 1870//1893 3685//3717
f 1870//1893 1871//1895 3685//3717
f 2482//2513 2498//2525 2475//2499
f 3686//3718 3687//3718 3688//3718
f 3727//3718 3689//3718 3690//3718
f 3686//3718 3691//3718 3687//3718
f 3689//3718 3692//3718 3690//3718
f 3690//3718 3692//3718 3686//3718
f 3686//3718 3693//3718 3691//3718
f 3726//3718 3694//3718 3698//3718
f 3698//3718 3694//3718 3699//3718
f 3699//3718 3694//3718 3700//3718
f 3700//3718 3694//3718 3701//3718
f 3701//3718 3694//3718 3702//3718
f 3692//3718 3703//3718 3686//3718
f 3702//3718 3694//3718 2036//3718
f 3686//3718 3704//3718 3693//3718
f 2036//3718 3694//3718 3678//3718
f 3678//3718 3694//3718 3676//3718
f 3676//3718 3694//3718 3675//3718
f 3675//3718 3694//3718 3672//3718
f 3672//3718 3694//3718 3670//3718
f 3703//3718 3705//3718 3686//3718
f 3686//3718 3706//3718 3704//3718
f 3686//3718 3705//3718 3706//3718
f 3707//3719 3697//3718 3696//3718
f 3670//3718 3694//3718 3667//3718
f 3667//3718 3694//3718 3665//3718
f 3665//3718 3694//3718 3663//3718
f 3663//3718 3694//3718 3661//3718
f 3661//3718 3694//3718 3660//3718
f 3660//3718 3694//3718 3658//3718
f 3658//3718 3694//3718 3656//3718
f 3656//3718 3694//3718 3653//3718
f 3653//3718 3694//3718 1871//3718
f 1871//3718 3694//3718 3685//3718
f 3685//3718 3694//3718 3684//3718
f 3684//3718 3694//3718 2229//3718
f 2229//3718 3694//3718 3683//3718
f 3707//3719 3708//3718 3697//3718
f 3707//3719 3755//3720 3708//3718
f 3679//3718 3686//3718 3677//3718
f 3677//3718 3686//3718 3674//3718
f 3674//3718 3686//3718 3673//3718
f 3673//3718 3686//3718 3671//3718
f 3671//3718 3686//3718 3669//3718
f 3669//3718 3686//3718 3668//3718
f 3668//3718 3686//3718 3666//3718
f 3694//3718 3686//3718 3683//3718
f 3683//3718 3686//3718 3682//3718
f 3682//3718 3686//3718 3681//3718
f 3681//3718 3686//3718 3680//3718
f 3680//3718 3686//3718 3679//3718
f 3709//3718 3697//3718 3710//3718
f 3755//3720 3711//3721 3708//3718
f 3666//3718 3686//3718 3664//3718
f 3664//3718 3686//3718 3662//3718
f 3662//3718 3686//3718 3659//3718
f 3659//3718 3686//3718 3657//3718
f 3657//3718 3686//3718 3655//3718
f 3708//3718 3712//3722 3713//3718
f 3711//3721 3712//3722 3708//3718
f 3686//3718 3654//3718 3655//3718
f 3710//3718 3694//3718 3714//3718
f 3714//3718 3694//3718 3695//3718
f 3712//3722 3715//3718 3713//3718
f 3686//3718 3716//3718 3654//3718
f 3713//3718 3715//3718 3717//3718
f 3715//3718 3718//3718 3717//3718
f 3718//3718 3719//3718 3717//3718
f 3686//3718 3720//3718 3716//3718
f 3719//3718 3721//3718 3717//3718
f 3697//3718 3694//3718 3710//3718
f 3717//3718 3721//3718 3690//3718
f 3696//3718 3697//3718 3709//3718
f 3695//3718 3694//3718 3722//3718
f 3722//3718 3694//3718 3723//3718
f 3721//3718 3724//3718 3690//3718
f 3723//3718 3694//3718 3725//3718
f 3725//3718 3694//3718 3726//3718
f 3686//3718 3688//3718 3720//3718
f 3724//3718 3727//3718 3690//3718
f 3730//3723 3729//3724 2397//3725
f 2397//3725 3729//3724 3728//3726
f 3732//3723 3731//3723 3730//3723
f 3731//3723 3729//3724 3730//3723
f 2458//3723 2434//3723 2450//3723
f 2458//3723 2424//3723 2434//3723
f 2424//3723 2396//3723 2433//3727
f 2433//3727 2396//3723 2414//3723
f 2475//3723 2396//3723 2464//3723
f 2498//3723 2396//3723 2475//3723
f 2464//3723 2396//3723 2458//3723
f 2458//3723 2396//3723 2424//3723
f 2648//3723 2643//3728 2647//3723
f 2283//3723 2643//3728 2648//3723
f 2283//3723 2546//3723 2643//3728
f 2611//3723 2397//3725 2498//3723
f 2498//3723 2397//3725 2396//3723
f 2284//3723 2397//3725 2283//3723
f 2290//3723 2397//3725 2284//3723
f 2292//3723 2397//3725 2290//3723
f 2295//3723 2397//3725 2292//3723
f 2300//3723 2397//3725 2295//3723
f 2302//3723 2397//3725 2300//3723
f 2306//3723 2397//3725 2302//3723
f 2310//3723 2397//3725 2306//3723
f 2311//3723 2397//3725 2310//3723
f 2312//3723 2397//3725 2311//3723
f 2313//3723 2397//3725 2312//3723
f 2314//3723 2397//3725 2313//3723
f 2315//3723 2397//3725 2314//3723
f 2316//3723 2397//3725 2315//3723
f 2317//3723 2397//3725 2316//3723
f 2318//3723 2397//3725 2317//3723
f 2319//3723 2397//3725 2318//3723
f 2320//3723 2397//3725 2319//3723
f 2321//3723 2397//3725 2320//3723
f 2323//3723 2397//3725 2321//3723
f 2326//3723 2397//3725 2323//3723
f 2328//3723 2397//3725 2326//3723
f 2545//3723 2635//3723 2636//3729
f 2283//3723 2397//3725 2546//3723
f 2546//3723 2397//3725 2545//3723
f 2545//3723 2397//3725 2635//3723
f 2635//3723 2397//3725 2611//3723
f 2397//3725 3735//3730 3734//3731
f 2288//3723 3736//3723 2285//3723
f 2308//3723 3736//3723 2303//3723
f 2293//3723 3736//3723 2288//3723
f 2633//3723 2622//3723 2628//3723
f 2296//3723 3736//3723 2293//3723
f 3733//3732 3736//3723 2308//3723
f 2298//3723 3736//3723 2296//3723
f 2303//3723 3736//3723 2298//3723
f 2633//3723 2611//3723 2622//3723
f 2635//3723 2611//3723 2633//3723
f 2342//3723 3736//3723 2339//3723
f 2278//3723 3736//3723 2342//3723
f 2282//3723 3736//3723 2278//3723
f 2285//3723 3736//3723 2282//3723
f 2328//3723 3737//3723 2397//3725
f 2330//3723 3737//3723 2328//3723
f 2332//3723 3737//3723 2330//3723
f 2334//3723 3737//3723 2332//3723
f 2337//3723 3737//3723 2334//3723
f 2339//3723 3737//3723 2337//3723
f 3736//3723 3737//3723 2339//3723
f 2397//3725 3738//3723 3735//3730
f 2611//3723 2532//3723 2603//3733
f 3739//3734 3740//3735 3737//3723
f 3740//3735 3741//3723 3737//3723
f 3737//3723 3741//3723 2397//3725
f 3742//3723 3744//3723 3743//3736
f 3741//3723 3745//3723 2397//3725
f 3738//3723 3744//3723 3742//3723
f 2397//3725 3746//3723 3738//3723
f 3738//3723 3746//3723 3744//3723
f 3746//3723 3750//3723 3749//3737
f 2397//3725 3750//3723 3746//3723
f 2532//3723 2498//3723 2521//3723
f 2397//3725 3751//3738 3750//3723
f 2521//3723 2498//3723 2513//3723
f 3747//3723 3730//3723 3745//3723
f 3752//3723 3730//3723 3748//3723
f 3748//3723 3730//3723 3747//3723
f 3745//3723 3730//3723 2397//3725
f 2611//3723 2498//3723 2532//3723
f 2397//3725 3728//3726 3751//3738
f 3728//3726 3729//3724 3753//3739
f 3754//3740 3731//3723 3732//3723
f 3756//3741 6171//3742 3710//3743
f 3755//3744 3707//3745 6018//3746
f 6018//3746 3707//3745 3757//3747
f 3710//3743 3758//3748 3709//3749
f 6179//3750 3758//3748 3710//3743
f 3719//3751 3759//3752 3721//3753
f 3758//3748 6118//3754 3709//3749
f 6118//3754 6114//3755 3709//3749
f 3709//3749 6114//3755 3696//3756
f 6114//3755 6002//3757 3696//3756
f 3759//3752 3760//3758 3721//3753
f 3760//3758 3724//3759 3721//3753
f 6002//3757 6001//3760 3696//3756
f 3696//3756 3761//3761 3707//3745
f 6001//3760 3761//3761 3696//3756
f 3761//3761 3757//3747 3707//3745
f 3762//3762 3727//3763 3724//3759
f 3763//3764 3727//3763 3762//3762
f 6197//3765 3715//3766 3766//3767
f 3767//3768 3719//3751 6020//3769
f 3767//3768 3759//3752 3719//3751
f 3768//3770 3760//3758 3759//3752
f 6047//3771 3724//3759 3760//3758
f 6047//3771 3762//3762 3724//3759
f 3727//3763 3763//3764 3689//3772
f 3763//3764 3769//3773 3689//3772
f 3769//3773 3770//3774 3689//3772
f 3770//3774 3771//3775 3689//3772
f 3689//3772 3771//3775 3692//3776
f 3771//3775 3772//3777 3692//3776
f 3772//3777 3773//3778 3692//3776
f 3692//3776 3773//3778 3703//3779
f 3773//3778 3774//3780 3703//3779
f 3774//3780 6115//3781 3703//3779
f 3703//3779 6115//3781 3705//3782
f 6115//3781 6126//3783 3705//3782
f 6126//3783 3775//3784 3705//3782
f 3705//3782 6061//3785 3706//3786
f 3775//3784 6061//3785 3705//3782
f 6061//3785 3776//3787 3706//3786
f 3776//3787 3777//3788 3706//3786
f 3706//3786 3777//3788 3704//3789
f 3777//3788 6059//3790 3704//3789
f 6059//3790 3778//3791 3704//3789
f 3704//3789 3778//3791 3693//3792
f 3778//3791 3779//3793 3693//3792
f 3779//3793 3780//3794 3693//3792
f 3693//3792 3780//3794 3691//3795
f 3780//3794 6148//3796 3691//3795
f 6148//3796 6146//3797 3691//3795
f 3691//3795 6146//3797 3687//3798
f 6146//3797 6071//3799 3687//3798
f 6071//3799 6072//3800 3687//3798
f 3687//3798 6072//3800 3688//3801
f 6072//3800 6073//3802 3688//3801
f 6073//3802 6220//3803 3688//3801
f 3688//3801 6220//3803 3720//3804
f 6220//3803 6222//3805 3720//3804
f 6222//3805 6128//3806 3720//3804
f 2036//2098 6233//3807 3702//3808
f 6128//3806 6129//3809 3720//3804
f 6233//3807 6232//3810 3702//3808
f 6232//3810 6236//3811 3702//3808
f 3720//3804 3781//3812 3716//3813
f 6129//3809 3781//3812 3720//3804
f 3702//3808 6236//3811 3701//3814
f 3781//3812 3782//3815 3716//3813
f 6236//3811 6231//3816 3701//3814
f 3782//3815 6228//3817 3716//3813
f 6231//3816 3783//3818 3701//3814
f 6228//3817 6229//3819 3716//3813
f 3716//3813 6229//3819 3654//3686
f 3701//3814 3784//3820 3700//3821
f 3654//3686 6229//3819 2089//2090
f 3783//3818 3784//3820 3701//3814
f 3712//3822 3765//3823 3785//3824
f 3785//3824 3715//3766 3712//3822
f 3784//3820 3786//3825 3700//3821
f 3700//3821 3786//3825 3699//3826
f 3766//3767 3715//3766 3785//3824
f 3787//3827 6141//3828 3699//3826
f 3699//3826 6141//3828 3698//3829
f 6141//3828 6142//3830 3698//3829
f 6142//3830 6224//3831 3698//3829
f 3711//3832 3764//3833 3712//3822
f 6224//3831 3788//3834 3698//3829
f 3698//3829 3788//3834 3726//3835
f 3788//3834 3789//3836 3726//3835
f 3790//3837 3726//3835 3789//3836
f 3726//3835 3790//3837 3725//3838
f 3790//3837 6235//3839 3725//3838
f 6235//3839 6013//3840 3725//3838
f 6013//3840 3791//3841 3725//3838
f 3765//3823 6197//3765 3766//3767
f 3725//3838 6248//3842 3723//3843
f 3791//3841 6248//3842 3725//3838
f 6020//3769 3719//3751 3718//3844
f 6248//3842 3792//3845 3723//3843
f 3723//3843 3792//3845 3722//3846
f 3792//3845 6077//3847 3722//3846
f 3722//3846 3793//3848 3695//3849
f 6077//3847 3793//3848 3722//3846
f 3793//3848 6100//3850 3695//3849
f 6100//3850 3794//3851 3695//3849
f 3695//3849 3794//3851 3714//3852
f 3794//3851 3756//3741 3714//3852
f 3714//3852 3756//3741 3710//3743
f 3796//3853 3795//3854 3823//3855
f 3796//3853 3823//3855 5243//3856
f 3796//3853 3803//3857 3795//3854
f 3799//3858 3797//3859 3798//3860
f 3799//3858 3798//3860 3801//3861
f 3802//3862 247//272 3803//3857
f 3802//3862 243//263 247//272
f 3804//3863 3803//3857 3796//3853
f 3799//3858 3801//3861 3805//3864
f 3804//3863 3802//3862 3803//3857
f 5247//3865 3804//3863 3796//3853
f 3805//3864 3801//3861 3806//3866
f 3805//3864 3806//3866 3807//3867
f 3807//3867 3806//3866 3808//3868
f 3643//3677 243//263 3802//3862
f 3643//3677 10//259 243//263
f 10//259 3643//3677 559//573
f 3807//3867 3808//3868 3809//3869
f 3804//3863 3643//3677 3802//3862
f 3807//3867 3809//3869 3810//3870
f 3804//3863 1754//1791 3643//3677
f 74//64 182//198 3812//3871
f 3814//3872 3812//3871 3813//3873
f 3814//3872 3816//65 3812//3871
f 3817//3874 3818//3875 3816//65
f 3819//3876 3811//3877 3821//3878
f 359//422 3818//3875 3820//3879
f 359//422 3820//3879 242//307
f 3823//3855 3819//3876 3821//3878
f 242//307 3820//3879 3824//3880
f 169//187 242//307 3824//3880
f 3827//3881 3826//3882 3825//3883
f 3826//3882 3827//3881 5241//3884
f 187//203 279//299 3829//3885
f 187//203 3829//3885 3831//3886
f 160//173 187//203 3831//3886
f 3832//3887 3830//3888 5287//3889
f 160//173 3832//3887 3837//3890
f 160//173 3837//3890 117//174
f 3813//3873 3812//3871 182//198
f 3813//3873 182//198 3833//3891
f 3837//3890 3835//3892 3838//3893
f 372//388 3837//3890 3838//3893
f 3816//65 74//64 3812//3871
f 3817//3874 3816//65 3814//3872
f 372//388 3838//3893 3840//3894
f 3840//3894 3838//3893 3839//3895
f 339//357 372//388 3840//3894
f 3818//3875 359//422 3816//65
f 339//357 3840//3894 3842//3896
f 5209//3897 3818//3875 3817//3874
f 3842//3896 3840//3894 3841//3898
f 3820//3879 3818//3875 5209//3897
f 284//304 339//357 3842//3896
f 284//304 3842//3896 3844//3899
f 3842//3896 3843//3900 3844//3899
f 191//208 284//304 3844//3899
f 191//208 3844//3899 3845//3901
f 3846//3902 3824//3880 3820//3879
f 3844//3899 5173//3903 3845//3901
f 115//123 169//187 3824//3880
f 3849//3904 115//123 3824//3880
f 3849//3904 3824//3880 3846//3902
f 155//169 3850//3905 3848//3906
f 155//169 3848//3906 76//137
f 3850//3905 3847//3907 3848//3906
f 3827//3881 433//438 115//123
f 3827//3881 115//123 3849//3904
f 76//137 3848//3906 3797//3859
f 5241//3884 3827//3881 3849//3904
f 3848//3906 3847//3907 3797//3859
f 3800//440 76//137 3797//3859
f 3825//3883 279//299 433//438
f 3800//440 3797//3859 3799//3858
f 3829//3885 279//299 3825//3883
f 3828//3908 3825//3883 3826//3882
f 3828//3908 3829//3885 3825//3883
f 3851//412 3805//3864 3807//3867
f 3823//3855 3821//3878 5243//3856
f 3810//3870 374//390 3807//3867
f 278//298 285//318 3815//3909
f 278//298 3815//3909 3819//3876
f 3827//3881 3825//3883 433//438
f 3819//3876 3815//3909 3811//3877
f 278//298 3819//3876 3822//3910
f 3829//3885 3828//3908 3830//3888
f 278//298 3822//3910 258//274
f 3831//3886 3829//3885 3830//3888
f 3822//3910 3819//3876 3823//3855
f 3831//3886 3830//3888 3832//3887
f 3831//3886 3832//3887 160//173
f 258//274 3822//3910 3795//3854
f 3835//3892 3834//3911 3838//3893
f 3836//3912 3834//3911 3835//3892
f 3838//3893 3834//3911 3839//3895
f 3837//3890 3832//3887 3835//3892
f 372//388 117//174 3837//3890
f 3836//3912 3835//3892 3832//3887
f 3836//3912 3832//3887 5287//3889
f 3836//3913 5287//3913 3834//3913
f 155//169 3845//3901 3850//3905
f 155//169 191//208 3845//3901
f 3840//3894 3839//3895 3841//3898
f 3799//3858 431//437 3800//440
f 431//437 3799//3858 3805//3864
f 431//437 3805//3864 3851//412
f 3842//3896 3841//3898 3843//3900
f 3810//3870 318//339 374//390
f 374//390 3851//412 3807//3867
f 5231//3914 3810//3870 3809//3869
f 3844//3899 3843//3900 5173//3903
f 3853//3915 318//339 3810//3870
f 3852//3916 3810//3870 5231//3914
f 3852//3916 3853//3915 3810//3870
f 3822//3910 3823//3855 3795//3854
f 3845//3901 5173//3903 3850//3905
f 3815//3909 318//339 3853//3915
f 3815//3909 285//318 318//339
f 3850//3905 5173//3903 5192//3917
f 3811//3877 3852//3916 5234//3918
f 3811//3877 3853//3915 3852//3916
f 3811//3877 3815//3909 3853//3915
f 3850//3905 5192//3917 3847//3907
f 3803//3857 247//272 258//274
f 3797//3859 3847//3907 3798//3860
f 3803//3857 258//274 3795//3854
f 3854//3919 3855//3920 3889//3921
f 3856//3922 353//371 376//392
f 3855//3920 3854//3919 3857//3923
f 3857//3923 3858//3924 3855//3920
f 3861//3925 376//392 396//410
f 3861//3925 3856//3922 376//392
f 3857//3923 3863//423 3864//3926
f 181//197 224//262 3866//3927
f 3867//3928 3865//3929 413//421
f 3869//3930 3872//3931 3870//3932
f 3867//3928 413//421 412//418
f 3874//3933 3873//3934 3871//3935
f 3867//3928 3872//3931 3869//3930
f 3874//3933 3871//3935 3891//3936
f 420//427 3867//3928 412//418
f 420//427 3872//3931 3867//3928
f 3861//3925 3859//3937 3856//3922
f 420//427 3875//428 3872//3931
f 3859//3937 3862//3938 3860//3939
f 3861//3925 396//410 3862//3938
f 3875//428 421//429 3879//3940
f 3864//3926 3858//3924 3857//3923
f 3879//3940 3877//3941 3876//3942
f 3879//3940 3878//3943 3877//3941
f 421//429 3878//3943 3879//3940
f 3878//3943 421//429 423//431
f 3882//3944 423//431 422//430
f 3866//3927 5984//3945 3833//3891
f 3866//3927 3833//3891 182//198
f 426//433 3884//3946 422//430
f 3883//3947 3887//3948 3885//3949
f 3888//3950 3886//3951 3868//3952
f 424//432 3887//3948 426//433
f 3871//3935 5979//3953 3886//3951
f 3888//3950 3871//3935 3886//3951
f 3885//3949 3890//3954 3889//3921
f 3891//3936 3871//3935 3888//3950
f 419//426 3890//3954 424//432
f 3869//3930 3860//3939 3865//3929
f 3867//3928 3869//3930 3865//3929
f 3854//3919 419//426 418//424
f 3857//3923 3854//3919 418//424
f 3875//428 3879//3940 3870//3932
f 3875//428 3870//3932 3872//3931
f 3879//3940 3876//3942 3870//3932
f 3863//423 3857//3923 418//424
f 406//420 3892//3955 3864//3926
f 406//420 3864//3926 3863//423
f 406//420 3893//3956 3892//3955
f 404//408 3893//3956 406//420
f 404//408 5980//3957 3893//3956
f 382//397 5980//3957 404//408
f 3868//3952 5984//3945 3866//3927
f 3868//3952 3886//3951 5984//3945
f 3868//3952 224//262 297//291
f 3856//3922 3891//3936 353//371
f 3856//3922 3874//3933 3891//3936
f 3873//3934 3859//3937 3860//3939
f 3859//3937 3873//3934 3874//3933
f 3859//3937 3874//3933 3856//3922
f 3862//3938 3859//3937 3861//3925
f 3894//3958 5980//3957 382//397
f 3894//3958 382//397 362//377
f 3862//3938 396//410 3865//3929
f 3865//3929 3860//3939 3862//3938
f 3895//3959 3894//3958 362//377
f 3865//3929 396//410 413//421
f 319//340 3895//3959 362//377
f 3896//3960 319//340 288//309
f 3897//3961 3877//3941 3878//3943
f 3897//3961 3878//3943 423//431
f 3897//3961 3880//3962 3877//3941
f 3882//3944 3880//3962 3897//3961
f 3882//3944 3897//3961 423//431
f 3882//3944 3881//3963 3880//3962
f 116//125 3899//3964 3898//182
f 101//86 3899//3964 116//125
f 101//86 871//889 3899//3964
f 422//430 3881//3963 3882//3944
f 181//197 3866//3927 182//198
f 422//430 3883//3947 3881//3963
f 422//430 3884//3946 3883//3947
f 224//262 3868//3952 3866//3927
f 3884//3946 426//433 3887//3948
f 3884//3946 3887//3948 3883//3947
f 321//341 3868//3952 297//291
f 321//341 3888//3950 3868//3952
f 3887//3948 3890//3954 3885//3949
f 3900//3965 3888//3950 321//341
f 3887//3948 424//432 3890//3954
f 3900//3965 321//341 353//371
f 3900//3965 3891//3936 3888//3950
f 353//371 3891//3936 3900//3965
f 3890//3954 419//426 3854//3919
f 3890//3954 3854//3919 3889//3921
f 3903//3966 4385//3967 3904//3968
f 3903//3966 4388//3969 4385//3967
f 3908//3970 3909//3971 4333//3972
f 3916//3491 4391//3973 4390//3974
f 3916//3491 4390//3974 3367//3435
f 3917//3975 3944//3976 3918//3977
f 3916//3491 3923//3978 4391//3973
f 3934//3979 3935//3980 4312//3981
f 3934//3979 4312//3981 3961//3982
f 3938//3983 4362//3984 3906//3985
f 3941//3986 4375//3987 3920//3988
f 3941//3986 3919//3989 4375//3987
f 3948//3990 3904//3968 3925//3991
f 3914//3992 4382//3993 3919//3989
f 3937//3994 4383//3995 3907//3996
f 3936//3997 4384//3998 3910//3999
f 3952//4000 3920//3988 3902//4001
f 3925//3991 4389//4002 3933//4003
f 3955//4004 3932//4005 3905//4006
f 3955//4004 3905//4006 3922//4007
f 3956//4008 3917//3975 3947//4009
f 3916//3491 3922//4007 3923//3978
f 3957//4010 3947//4009 3951//4011
f 3963//4012 3901//4013 3946//4014
f 3386//3451 3916//3491 3367//3435
f 3964//4015 4376//4016 3930//4017
f 3964//4015 3906//3985 4376//4016
f 3907//3996 4380//4018 3914//3992
f 3965//4019 3960//4020 3901//4013
f 3924//4021 3946//4014 4368//4022
f 3945//4023 3928//4024 3927//4025
f 3967//4026 3968//4027 3935//3980
f 3948//3990 3903//3966 3904//3968
f 3971//4028 3937//3994 3907//3996
f 3973//4029 3910//3999 3913//4030
f 3973//4029 3936//3997 3910//3999
f 3938//3983 3924//4021 4362//3984
f 3956//4008 3995//4031 3917//3975
f 3929//4032 4381//4033 3943//4034
f 3976//4035 3913//4030 3929//4032
f 3979//4036 3953//4037 3915//4038
f 3977//4039 3943//4034 4383//3995
f 3979//4036 3915//4038 3939//4040
f 3970//4041 3939//4040 3944//3976
f 3981//4042 3959//4043 3958//4044
f 3981//4042 3930//4017 3959//4043
f 3982//4045 3925//3991 3933//4003
f 3982//4045 3933//4003 3936//3997
f 3983//4046 3908//3970 3969//4047
f 3983//4046 3975//4048 3908//3970
f 3963//4012 3946//4014 3924//4021
f 3941//3986 3914//3992 3919//3989
f 3980//4049 3903//3966 3948//3990
f 3985//4050 3931//4051 3932//4005
f 3985//4050 3932//4005 3955//4004
f 3986//4052 3907//3996 3914//3992
f 3987//3515 3922//4007 3916//3491
f 3988//4053 3924//4021 3938//3983
f 3989//4054 3952//4000 3902//4001
f 3989//4054 3902//4001 3931//4051
f 3990//4055 3961//3982 3960//4020
f 3990//4055 3960//4020 3965//4019
f 3952//4000 3941//3986 3920//3988
f 3977//4039 3929//4032 3943//4034
f 3991//4056 3948//3990 3925//3991
f 3992//4057 3945//4023 3927//4025
f 3994//4058 3949//4059 3967//4026
f 3995//4031 3972//4060 3944//3976
f 3987//3515 3955//4004 3922//4007
f 3998//4061 3979//4036 3939//4040
f 3972//4060 3970//4041 3944//3976
f 3999//4062 3901//4013 3963//4012
f 3997//4063 3978//4064 3912//4065
f 3977//4039 4383//3995 3937//3994
f 4000//3502 3958//4044 3984//2258
f 4001//4066 3957//4010 3966//4067
f 3957//4010 3956//4008 3947//4009
f 3987//3515 3916//3491 3410//3474
f 3967//4026 3935//3980 3934//3979
f 3991//4056 3925//3991 3982//4045
f 4003//4068 3973//4029 3913//4030
f 4003//4068 3913//4030 3976//4035
f 3993//3536 3985//4050 3955//4004
f 4004//4069 3980//4049 3948//3990
f 3998//4061 3939//4040 3970//4041
f 3993//3536 3955//4004 3987//3515
f 4005//4070 3982//4045 3936//3997
f 4007//4071 3969//4047 3962//4072
f 4005//4070 3936//3997 3973//4029
f 4006//4073 3989//4054 3931//4051
f 4008//4074 3986//4052 3914//3992
f 4008//4074 3914//3992 3941//3986
f 4007//4071 3983//4046 3969//4047
f 4005//4070 3991//4056 3982//4045
f 4001//4066 3956//4008 3957//4010
f 3986//4052 3971//4028 3907//3996
f 4009//4075 3977//4039 3937//3994
f 4009//4075 3937//3994 3971//4028
f 4011//4076 3976//4035 3929//4032
f 4011//4076 3929//4032 3977//4039
f 4012//4077 3906//3985 3964//4015
f 4012//4077 3938//3983 3906//3985
f 4013//4078 3941//3986 3952//4000
f 3979//4036 4002//4079 3953//4037
f 3996//4080 3992//4057 3927//4025
f 4004//4069 3948//3990 3991//4056
f 3981//4042 3958//4044 4000//3502
f 4006//4073 3931//4051 3985//4050
f 4015//4081 3985//4050 3993//3536
f 4016//4082 3991//4056 4005//4070
f 4017//4083 3995//4031 3956//4008
f 4020//4084 4004//4069 3991//4056
f 4021//4085 3965//4019 3901//4013
f 4021//4085 3901//4013 3999//4062
f 4022//4086 3972//4060 3995//4031
f 3934//3979 3961//3982 3990//4055
f 4024//4087 3998//4061 3970//4041
f 4025//4088 4007//4071 3962//4072
f 4026//4089 3967//4026 3934//3979
f 4027//4090 3973//4029 4003//4068
f 4027//4090 4005//4070 3973//4029
f 4029//4091 4001//4066 3966//4067
f 4016//4082 4020//4084 3991//4056
f 4030//4092 3971//4028 3986//4052
f 4015//4081 4006//4073 3985//4050
f 4031//4093 3952//4000 3989//4054
f 4031//4093 4013//4078 3952//4000
f 4032//4094 4003//4068 3976//4035
f 4032//4094 3976//4035 4011//4076
f 4013//4078 4008//4074 3941//3986
f 4000//3502 3984//2258 3394//3473
f 4033//3577 4015//4081 3993//3536
f 4014//4095 3990//4055 3965//4019
f 4009//4075 4019//4096 3977//4039
f 4035//4097 3994//4058 3967//4026
f 4017//4083 4022//4086 3995//4031
f 4034//4098 3974//4099 4002//4079
f 4024//4087 3970//4041 3972//4060
f 4036//4100 3938//3983 4012//4077
f 4036//4100 3988//4053 3938//3983
f 4037//4101 3996//4080 3994//4058
f 4028//4102 4016//4082 4005//4070
f 4038//3563 3981//4042 4000//3502
f 4019//4096 4011//4076 3977//4039
f 4040//4103 4017//4083 3956//4008
f 4040//4103 3956//4008 4001//4066
f 4028//4102 4005//4070 4027//4090
f 4033//3577 3993//3536 3450//3514
f 4041//4104 4023//4105 3981//4042
f 4031//4093 3989//4054 4006//4073
f 4042//4106 4034//4098 4002//4079
f 4043//4107 3986//4052 4008//4074
f 4043//4107 4030//4092 3986//4052
f 4032//4094 4027//4090 4003//4068
f 4014//4095 3965//4019 4021//4085
f 4022//4086 4024//4087 3972//4060
f 4044//4108 4028//4102 4027//4090
f 4038//3563 4000//3502 3430//3493
f 4045//4109 4046//4110 4010//4111
f 4047//4112 4006//4073 4015//4081
f 4048//4113 4008//4074 4013//4078
f 4035//4097 3967//4026 4026//4089
f 4049//4114 4018//4115 3978//4064
f 4050//4116 4027//4090 4032//4094
f 4054//4117 4031//4093 4006//4073
f 4051//4118 4009//4075 3971//4028
f 4064//4119 4062//4120 4058//4121
f 4059//4122 4011//4076 4019//4096
f 4059//4122 4032//4094 4011//4076
f 4039//4123 4001//4066 4029//4091
f 4060//4124 4056//4125 4061//4126
f 4051//4118 4019//4096 4009//4075
f 4063//4127 4053//4128 4055//4129
f 4063//4127 4058//4121 4053//4128
f 4060//4124 4055//4129 4056//4125
f 4042//4106 4002//4079 3979//4036
f 4066//4130 4061//4126 4067//4131
f 4050//4116 4044//4108 4027//4090
f 4073//4132 4016//4082 4028//4102
f 4057//4133 4064//4119 4058//4121
f 4066//4130 4060//4124 4061//4126
f 4047//4112 4015//4081 4033//3577
f 4054//4117 4006//4073 4047//4112
f 4069//4134 4070//4135 4062//4120
f 4083//4136 4055//4129 4060//4124
f 3501//3562 3981//4042 4038//3563
f 3501//3562 4041//4104 3981//4042
f 4072//4137 3990//4055 4014//4095
f 4072//4137 3934//3979 3990//4055
f 4073//4132 4028//4102 4044//4108
f 4075//4138 3994//4058 4035//4097
f 4076//4139 4066//4130 4067//4131
f 4077//4140 4078//4141 4070//4135
f 4079//4142 4048//4113 4013//4078
f 4079//4142 4013//4078 4031//4093
f 4057//4133 4058//4121 4063//4127
f 4048//4113 4043//4107 4008//4074
f 4080//4143 4042//4106 3979//4036
f 4073//4132 4020//4084 4016//4082
f 4074//4144 4001//4066 4039//4123
f 4074//4144 4040//4103 4001//4066
f 4081//4145 4052//4146 3988//4053
f 4082//4147 3971//4028 4030//4092
f 4082//4147 4051//4118 3971//4028
f 4084//4148 4067//4131 4085//4149
f 4073//4132 4086//4150 4020//4084
f 3535//3592 4047//4112 4033//3577
f 4069//4134 4077//4140 4070//4135
f 4088//4151 4083//4136 4060//4124
f 4095//4152 4064//4119 4057//4133
f 4091//4153 4022//4086 4017//4083
f 4069//4134 4062//4120 4064//4119
f 4094//4154 4019//4096 4051//4118
f 4094//4154 4059//4122 4019//4096
f 4096//4155 4057//4133 4063//4127
f 4097//4156 4021//4085 3999//4062
f 4098//4157 4007//4071 4025//4088
f 4100//4158 4044//4108 4050//4116
f 4089//4159 4063//4127 4083//4136
f 4073//4132 4099//4160 4086//4150
f 4071//4161 4014//4095 4021//4085
f 4100//4158 4032//4094 4059//4122
f 4100//4158 4050//4116 4032//4094
f 4068//4162 4023//4105 4041//4104
f 4077//4140 4090//4163 4078//4141
f 4072//4137 4026//4089 3934//3979
f 4092//4164 4077//4140 4069//4134
f 4093//4165 4095//4152 4057//4133
f 4087//4166 4035//4097 4026//4089
f 4103//4167 4074//4144 4039//4123
f 4104//4168 3979//4036 3998//4061
f 4104//4168 4080//4143 3979//4036
f 4081//4145 3988//4053 4036//4100
f 4108//4169 4043//4107 4048//4113
f 4093//4165 4057//4133 4096//4155
f 4075//4138 4037//4101 3994//4058
f 4110//4170 4082//4147 4030//4092
f 4110//4170 4030//4092 4043//4107
f 4111//4171 4044//4108 4100//4158
f 4113//4172 4049//4114 4046//4110
f 4089//4159 4096//4155 4063//4127
f 4098//4157 4025//4088 4034//4098
f 4095//4152 4069//4134 4064//4119
f 4115//4173 4024//4087 4022//4086
f 4116//4174 4029//4091 4065//4175
f 4117//4176 4076//4139 4084//4148
f 4116//4174 4039//4123 4029//4091
f 4047//4112 3535//3592 3567//3621
f 4122//4177 4066//4130 4076//4139
f 4118//4178 4079//4142 4031//4093
f 4118//4178 4031//4093 4054//4117
f 4101//4179 4045//4109 4037//4101
f 4109//4180 4102//4181 4085//4149
f 4094//4154 4100//4158 4059//4122
f 4105//4182 4088//4151 4060//4124
f 4107//4183 4054//4117 4047//4112
f 4114//4184 4112//4185 4090//4163
f 4097//4156 4052//4146 4081//4145
f 4119//4186 4083//4136 4088//4151
f 4119//4186 4089//4159 4083//4136
f 4120//4187 4041//4104 3501//3562
f 4111//4171 4073//4132 4044//4108
f 4121//4188 4014//4095 4071//4161
f 4113//4172 4065//4175 4049//4114
f 4123//4189 4100//4158 4094//4154
f 4124//4190 4017//4083 4040//4103
f 4124//4190 4091//4153 4017//4083
f 4126//3645 4107//4183 4047//4112
f 4127//4191 4073//4132 4111//4171
f 4129//4192 4111//4171 4100//4158
f 4130//4193 4087//4166 4026//4089
f 4115//4173 4145//4194 4024//4087
f 4131//4195 4132//4196 4112//4185
f 4097//4156 4071//4161 4021//4085
f 4133//4197 4114//4184 4090//4163
f 4133//4197 4090//4163 4077//4140
f 4126//3645 4047//4112 3567//3621
f 4134//4198 4108//4169 4048//4113
f 4134//4198 4048//4113 4079//4142
f 4107//4183 4118//4178 4054//4117
f 4193//4199 4093//4165 4096//4155
f 4125//4200 4077//4140 4092//4164
f 4135//4201 4094//4154 4051//4118
f 4135//4201 4051//4118 4082//4147
f 4095//4152 4092//4164 4069//4134
f 4120//4187 4068//4162 4041//4104
f 4136//4202 4105//4182 4122//4177
f 4137//4203 4042//4106 4080//4143
f 4127//4191 4099//4160 4073//4132
f 4108//4169 4110//4170 4043//4107
f 4139//4204 4113//4172 4046//4110
f 4140//4205 4095//4152 4093//4165
f 4143//4206 4034//4098 4042//4106
f 4143//4206 4098//4157 4034//4098
f 4129//4192 4100//4158 4123//4189
f 4145//4194 3998//4061 4024//4087
f 4146//4207 4123//4189 4094//4154
f 4147//4208 4089//4159 4119//4186
f 4145//4194 4104//4168 3998//4061
f 4148//4209 4109//4180 4128//4210
f 4149//4211 4092//4164 4095//4152
f 4120//4187 3501//3562 3544//3594
f 4170//4212 4165//4213 4102//4181
f 4150//4214 4110//4170 4108//4169
f 4151//4215 4134//4198 4079//4142
f 4133//4197 4077//4140 4125//4200
f 4130//4193 4026//4089 4072//4137
f 4091//4153 4115//4173 4022//4086
f 4141//4216 4193//4199 4096//4155
f 4153//4217 4071//4161 4097//4156
f 4144//4218 4136//4202 4122//4177
f 4114//4184 4131//4195 4112//4185
f 4154//4219 4122//4177 4117//4176
f 4074//4144 4124//4190 4040//4103
f 4155//4220 4088//4151 4136//4202
f 4155//4220 4119//4186 4088//4151
f 4156//4221 4135//4201 4082//4147
f 4156//4221 4082//4147 4110//4170
f 4157//4222 4118//4178 4107//4183
f 4137//4203 4080//4143 4104//4168
f 4116//4174 4065//4175 4113//4172
f 4134//4198 4150//4214 4108//4169
f 4159//4223 4037//4101 4075//4138
f 4159//4223 4101//4179 4037//4101
f 4140//4205 4149//4211 4095//4152
f 4160//4224 4097//4156 4081//4145
f 4143//4206 4042//4106 4137//4203
f 4142//4225 4074//4144 4103//4167
f 4161//4226 4035//4097 4087//4166
f 4161//4226 4075//4138 4035//4097
f 4151//4215 4079//4142 4118//4178
f 4146//4207 4094//4154 4135//4201
f 4164//4227 4127//4191 4111//4171
f 4147//4208 4141//4216 4089//4159
f 4164//4227 4111//4171 4129//4192
f 4152//4228 4099//4160 4127//4191
f 4166//3638 4106//4229 4068//4162
f 4166//3638 4068//4162 4120//4187
f 4103//4167 4039//4123 4116//4174
f 4167//4230 4072//4137 4014//4095
f 4167//4230 4014//4095 4121//4188
f 4169//4231 4137//4203 4104//4168
f 4148//4209 4170//4212 4109//4180
f 4171//4232 4123//4189 4146//4207
f 4171//4232 4129//4192 4123//4189
f 4127//4191 4172//4233 4152//4228
f 4159//4223 4168//4234 4101//4179
f 3594//3639 4107//4183 4126//3645
f 3594//3639 4157//4222 4107//4183
f 4151//4215 4118//4178 4157//4222
f 4174//4235 4134//4198 4151//4215
f 4172//4233 4127//4191 4164//4227
f 4175//4236 4154//4219 4117//4176
f 4177//4237 4113//4172 4139//4204
f 4162//4238 4141//4216 4147//4208
f 4173//4239 4116//4174 4113//4172
f 4181//4240 4142//4225 4103//4167
f 4150//4214 4156//4221 4110//4170
f 4182//4241 4139//4204 4101//4179
f 4155//4220 4147//4208 4119//4186
f 4184//4242 4146//4207 4135//4201
f 4184//4242 4135//4201 4156//4221
f 4162//4238 4193//4199 4141//4216
f 4187//4243 4129//4192 4171//4232
f 4188//4244 4087//4166 4130//4193
f 4179//4245 4171//4232 4146//4207
f 4191//4246 4174//4235 4151//4215
f 4192//4247 4075//4138 4161//4226
f 4163//4248 4103//4167 4116//4174
f 4153//4217 4097//4156 4160//4224
f 4166//3638 4120//4187 3544//3594
f 4195//4249 4131//4195 4114//4184
f 4196//4250 4150//4214 4134//4198
f 4197//3650 4157//4222 3594//3639
f 4187//4243 4164//4227 4129//4192
f 4174//4235 4196//4250 4134//4198
f 4198//4251 4155//4220 4136//4202
f 4199//4252 4138//4253 4106//4229
f 4199//4252 4106//4229 4166//3638
f 4145//4194 4169//4231 4104//4168
f 4184//4242 4179//4245 4146//4207
f 4186//4254 4133//4197 4125//4200
f 4175//4236 4117//4176 4165//4213
f 4194//4255 4158//4256 4132//4196
f 4200//4257 4164//4227 4187//4243
f 4202//4258 4151//4215 4157//4222
f 4202//4258 4191//4246 4151//4215
f 4181//4240 4103//4167 4163//4248
f 4183//4259 4140//4205 4193//4199
f 4204//4260 4176//4261 4138//4253
f 4200//4257 4172//4233 4164//4227
f 4206//4262 4184//4242 4156//4221
f 4206//4262 4156//4221 4150//4214
f 4173//4239 4113//4172 4177//4237
f 4207//4263 4179//4245 4184//4242
f 4182//4241 4101//4179 4168//4234
f 4209//4264 4193//4199 4162//4238
f 4194//4255 4201//4265 4158//4256
f 4210//4266 4124//4190 4074//4144
f 4203//4267 4162//4238 4147//4208
f 4214//4268 4194//4255 4132//4196
f 4215//4269 4163//4248 4116//4174
f 4215//4269 4116//4174 4173//4239
f 4192//4247 4159//4223 4075//4138
f 4216//4270 4153//4217 4160//4224
f 4207//4263 4171//4232 4179//4245
f 4167//4230 4130//4193 4072//4137
f 4217//4271 4115//4173 4091//4153
f 4218//4272 4121//4188 4153//4217
f 4219//4273 4222//4274 4165//4213
f 4219//4273 4165//4213 4185//4275
f 4220//4276 4161//4226 4087//4166
f 4221//4277 4171//4232 4207//4263
f 4220//4276 4087//4166 4188//4244
f 4197//3650 4202//4258 4157//4222
f 4223//4278 4186//4254 4125//4200
f 4223//4278 4125//4200 4180//4279
f 4224//4280 4154//4219 4175//4236
f 4225//4281 4193//4199 4209//4264
f 4226//4282 4181//4240 4163//4248
f 4225//4281 4183//4259 4193//4199
f 4227//4283 4206//4262 4150//4214
f 4227//4283 4150//4214 4196//4250
f 4202//4258 4197//3650 3153//3240
f 4228//4284 4174//4235 4191//4246
f 4228//4284 4196//4250 4174//4235
f 4229//4285 4114//4184 4133//4197
f 4221//4277 4187//4243 4171//4232
f 4229//4285 4195//4249 4114//4184
f 4230//3241 4191//4246 4202//4258
f 4214//4268 4132//4196 4131//4195
f 4231//4286 4184//4242 4206//4262
f 4231//4286 4207//4263 4184//4242
f 4268//4287 4155//4220 4198//4251
f 4268//4287 4205//4288 4155//4220
f 4232//4289 4145//4194 4115//4173
f 4233//4290 4148//4209 4178//4291
f 4234//4292 4143//4206 4137//4203
f 4210//4266 4074//4144 4142//4225
f 4216//4270 4160//4224 4213//4293
f 4246//4294 4173//4239 4177//4237
f 4236//4295 4187//4243 4221//4277
f 4233//4290 4185//4275 4170//4212
f 4233//4290 4170//4212 4148//4209
f 4238//4296 4203//4267 4147//4208
f 4238//4296 4147//4208 4205//4288
f 4190//4297 4189//4298 4208//4299
f 4204//4260 4138//4253 4199//4252
f 4230//3241 4202//4258 3153//3240
f 4240//4300 4182//4241 4168//4234
f 4241//4301 4139//4204 4182//4241
f 4241//4301 4177//4237 4139//4204
f 4242//4302 4130//4193 4167//4230
f 4243//4303 4176//4261 4204//4260
f 4243//4303 4211//4304 4176//4261
f 4236//4295 4200//4257 4187//4243
f 4244//4305 4162//4238 4203//4267
f 4244//4305 4209//4264 4162//4238
f 4221//4277 4207//4263 4231//4286
f 4218//4272 4167//4230 4121//4188
f 4245//4306 4159//4223 4192//4247
f 4247//4307 4214//4268 4131//4195
f 4235//4308 4201//4265 4194//4255
f 4248//4309 4231//4286 4206//4262
f 4248//4309 4206//4262 4227//4283
f 4228//4284 4191//4246 4230//3241
f 4228//4284 4227//4283 4196//4250
f 4250//4310 4192//4247 4161//4226
f 4250//4310 4161//4226 4220//4276
f 4229//4285 4133//4197 4186//4254
f 4272//4311 4091//4153 4124//4190
f 4272//4311 4217//4271 4091//4153
f 4251//4312 4228//4284 4230//3241
f 4224//4280 4175//4236 4222//4274
f 4253//4313 4210//4266 4142//4225
f 4242//4302 4188//4244 4130//4193
f 4254//4314 4235//4308 4194//4255
f 4256//4315 4169//4231 4145//4194
f 4257//4316 4231//4286 4248//4309
f 4257//4316 4221//4277 4231//4286
f 4259//4317 4227//4283 4228//4284
f 4247//4307 4131//4195 4195//4249
f 4199//4252 4166//3638 3580//3629
f 4261//4318 4167//4230 4218//4272
f 3201//3225 4251//4312 4230//3241
f 4216//4270 4218//4272 4153//4217
f 4239//4319 4190//4297 4208//4299
f 4262//3281 4248//4309 4227//4283
f 4262//3281 4227//4283 4259//4317
f 4263//4320 4215//4269 4173//4239
f 4257//4316 4236//4295 4221//4277
f 4264//4321 4137//4203 4169//4231
f 4264//4321 4234//4292 4137//4203
f 4241//4301 4246//4294 4177//4237
f 4265//4322 4247//4307 4195//4249
f 4232//4289 4256//4315 4145//4194
f 4251//4312 3201//3225 3224//3274
f 4232//4289 4115//4173 4217//4271
f 3224//3274 4228//4284 4251//4312
f 3224//3274 4259//4317 4228//4284
f 4215//4269 4226//4282 4163//4248
f 4267//4323 4236//4295 4257//4316
f 4268//4287 4238//4296 4205//4288
f 4253//4313 4142//4225 4181//4240
f 4269//4324 4219//4273 4185//4275
f 4270//4325 4213//4293 4211//4304
f 4271//4326 4257//4316 4248//4309
f 4270//4325 4211//4304 4243//4303
f 4271//4326 4248//4309 4262//3281
f 4273//3237 4204//4260 4199//4252
f 4244//4305 4225//4281 4209//4264
f 4210//4266 4272//4311 4124//4190
f 4262//3281 4259//4317 3224//3274
f 4252//4327 4159//4223 4245//4306
f 4249//4328 4268//4287 4198//4251
f 4226//4282 4260//4329 4181//4240
f 4254//4314 4194//4255 4214//4268
f 4275//3286 4271//4326 4262//3281
f 4239//4319 4208//4299 4266//4330
f 4279//4331 4190//4297 4239//4319
f 4280//4332 4218//4272 4216//4270
f 4281//3289 4271//4326 4275//3286
f 4269//4324 4185//4275 4233//4290
f 4276//4333 4267//4323 4257//4316
f 4276//4333 4257//4316 4271//4326
f 3171//3238 4199//4252 3580//3629
f 4272//4311 4232//4289 4217//4271
f 4282//4334 4256//4315 4232//4289
f 4276//4333 4271//4326 4281//3289
f 4283//4335 4258//4336 4201//4265
f 4284//4337 4223//4278 4180//4279
f 2781//2808 4276//4333 4281//3289
f 4244//4305 4203//4267 4238//4296
f 4083//4136 4063//4127 4055//4129
f 4076//4139 4067//4131 4084//4148
f 4263//4320 4173//4239 4246//4294
f 4060//4124 4066//4130 4105//4182
f 4256//4315 4264//4321 4169//4231
f 4066//4130 4122//4177 4105//4182
f 4102//4181 4084//4148 4085//4149
f 4076//4139 4117//4176 4122//4177
f 4096//4155 4089//4159 4141//4216
f 4102//4181 4117//4176 4084//4148
f 4260//4329 4253//4313 4181//4240
f 4102//4181 4165//4213 4117//4176
f 4285//4338 4241//4301 4182//4241
f 4285//4338 4182//4241 4240//4300
f 4286//4339 4246//4294 4241//4301
f 4122//4177 4154//4219 4144//4218
f 4136//4202 4088//4151 4105//4182
f 4287//4340 4265//4322 4195//4249
f 4287//4340 4195//4249 4229//4285
f 4170//4212 4102//4181 4109//4180
f 4193//4199 4140//4205 4093//4165
f 4247//4307 4254//4314 4214//4268
f 4149//4211 4125//4200 4092//4164
f 4165//4213 4170//4212 4185//4275
f 4279//4331 4237//4341 4190//4297
f 4243//4303 4204//4260 4273//3237
f 4178//4291 4148//4209 4128//4210
f 4288//4342 4245//4306 4192//4247
f 4288//4342 4192//4247 4250//4310
f 4154//4219 4198//4251 4144//4218
f 4198//4251 4136//4202 4144//4218
f 4178//4291 4190//4297 4237//4341
f 4178//4291 4128//4210 4189//4298
f 4178//4291 4189//4298 4190//4297
f 4140//4205 4212//4343 4149//4211
f 4198//4251 4154//4219 4249//4328
f 4180//4279 4125//4200 4149//4211
f 4283//4335 4201//4265 4235//4308
f 4222//4274 4175//4236 4165//4213
f 4205//4288 4147//4208 4155//4220
f 4321//4344 4249//4328 4224//4280
f 4183//4259 4212//4343 4140//4205
f 4183//4259 4255//4345 4212//4343
f 4212//4343 4284//4337 4180//4279
f 4212//4343 4180//4279 4149//4211
f 4249//4328 4154//4219 4224//4280
f 4178//4291 4237//4341 4274//4346
f 4178//4291 4274//4346 4233//4290
f 4280//4332 4261//4318 4218//4272
f 4255//4345 4183//4259 4225//4281
f 4255//4345 4225//4281 4289//4347
f 4255//4345 4284//4337 4212//4343
f 4277//4348 4223//4278 4307//4349
f 4277//4348 4186//4254 4223//4278
f 4277//4348 4229//4285 4186//4254
f 4292//4350 4270//4325 4243//4303
f 4291//4351 4222//4274 4219//4273
f 4268//4287 4249//4328 4293//4352
f 4224//4280 4222//4274 4294//4353
f 4233//4290 4274//4346 4295//4354
f 4296//4355 4225//4281 4244//4305
f 4273//3237 4199//4252 3171//3238
f 4291//4351 4298//4356 4222//4274
f 4247//4307 4265//4322 4299//4357
f 4295//4354 4300//4358 4233//4290
f 4255//4345 4311//4359 4284//4337
f 4296//4355 4289//4347 4225//4281
f 4296//4355 4314//4360 4289//4347
f 4307//4349 4223//4278 4284//4337
f 4294//4353 4222//4274 4298//4356
f 4302//4361 4188//4244 4242//4302
f 4302//4361 4220//4276 4188//4244
f 4289//4347 4311//4359 4255//4345
f 4289//4347 4303//4362 4311//4359
f 4300//4358 4304//4363 4269//4324
f 4301//4364 4307//4349 4284//4337
f 4294//4353 4322//4365 4321//4344
f 4305//4366 4265//4322 4287//4340
f 4305//4366 4299//4357 4265//4322
f 4306//4367 4242//4302 4261//4318
f 4307//4349 4308//4368 4277//4348
f 4307//4349 4309//4369 4308//4368
f 4270//4325 4278//4370 4213//4293
f 4310//3387 4243//4303 4273//3237
f 4311//4359 4328//4371 4301//4364
f 4313//4372 4314//4360 4296//4355
f 4316//4373 4299//4357 4317//4374
f 4312//3981 4322//4365 4294//4353
f 4319//4375 4287//4340 4308//4368
f 4319//4375 4305//4366 4287//4340
f 4312//3981 4294//4353 4298//4356
f 4309//4369 4307//4349 4301//4364
f 4288//4342 4252//4327 4245//4306
f 4303//4362 4328//4371 4311//4359
f 4303//4362 3942//4376 4328//4371
f 4320//4377 4318//4378 4348//4379
f 4323//4380 4240//4300 4252//4327
f 4313//4372 4315//4381 4314//4360
f 4313//4372 4324//4382 4315//4381
f 4305//4366 4317//4374 4299//4357
f 4325//4383 4332//4384 4313//4372
f 4291//4351 4219//4273 4269//4324
f 4326//4385 4338//4386 4316//4373
f 4327//4387 4320//4377 4348//4379
f 4328//4371 3918//3977 4309//4369
f 3942//4376 4303//4362 3947//4009
f 3968//4027 4322//4365 4312//3981
f 4331//4388 4238//4296 4268//4287
f 4329//4389 4215//4269 4263//4320
f 4331//4388 4244//4305 4238//4296
f 3921//4390 4320//4377 4327//4387
f 4330//4391 4316//4373 4317//4374
f 4330//4391 4326//4385 4316//4373
f 3942//4376 3918//3977 4328//4371
f 3940//4392 4319//4375 4309//4369
f 3921//4390 4327//4387 4326//4385
f 4285//4338 4286//4339 4241//4301
f 3928//4024 4358//4393 4335//4394
f 4334//4395 4264//4321 4256//4315
f 3928//4024 4335//4394 3927//4025
f 4324//4382 3951//4011 4315//4381
f 4324//4382 4313//4372 4332//4384
f 4324//4382 4332//4384 3926//4396
f 3968//4027 3950//4397 4322//4365
f 4287//4340 4229//4285 4277//4348
f 3911//4398 3921//4390 4326//4385
f 4297//4399 4239//4319 4266//4330
f 3918//3977 3944//3976 3940//4392
f 3918//3977 3940//4392 4309//4369
f 3951//4011 4374//4400 4315//4381
f 3951//4011 3947//4009 4374//4400
f 3908//3970 4333//3972 4320//4377
f 3954//4401 3915//4038 3953//4037
f 3954//4401 4330//4391 4317//4374
f 4336//4402 4232//4289 4272//4311
f 4324//4382 3966//4067 3951//4011
f 4300//4358 4269//4324 4233//4290
f 3927//4025 4335//4394 3950//4397
f 4337//4403 4263//4320 4246//4294
f 3950//4397 3968//4027 3967//4026
f 3912//4065 4332//4384 3928//4024
f 4338//4386 4283//4335 4235//4308
f 4338//4386 4235//4308 4254//4314
f 4339//4404 4282//4334 4232//4289
f 3962//4072 4326//4385 4330//4391
f 4340//4405 4226//4282 4215//4269
f 3962//4072 3911//4398 4326//4385
f 3969//4047 4320//4377 3921//4390
f 3969//4047 3908//3970 4320//4377
f 3950//4397 3967//4026 3949//4059
f 4341//4406 4242//4302 4306//4367
f 3926//4396 3966//4067 4324//4382
f 3974//4099 3962//4072 4330//4391
f 3974//4099 4330//4391 3954//4401
f 3926//4396 3912//4065 3978//4064
f 3926//4396 4332//4384 3912//4065
f 4342//4407 4272//4311 4210//4266
f 3917//3975 3995//4031 3944//3976
f 3949//4059 3927//4025 3950//4397
f 3949//4059 3996//4080 3927//4025
f 3912//4065 3928//4024 3945//4023
f 3944//3976 3939//4040 3940//4392
f 3951//4011 3966//4067 3957//4010
f 3969//4047 3921//4390 3911//4398
f 4002//4079 3954//4401 3953//4037
f 4002//4079 3974//4099 3954//4401
f 3945//4023 3997//4063 3912//4065
f 3945//4023 4010//4111 3997//4063
f 4292//4350 4243//4303 4310//3387
f 3962//4072 3969//4047 3911//4398
f 3978//4064 3966//4067 3926//4396
f 3978//4064 4018//4115 3966//4067
f 3994//4058 3996//4080 3949//4059
f 3992//4057 4010//4111 3945//4023
f 4321//4344 4224//4280 4294//4353
f 3964//4015 3930//4017 3981//4042
f 3964//4015 3981//4042 4023//4105
f 4344//4408 4278//4370 4270//4325
f 3992//4057 4045//4109 4010//4111
f 4010//4111 4046//4110 3997//4063
f 4302//4361 4250//4310 4220//4276
f 4018//4115 4029//4091 3966//4067
f 4018//4115 4065//4175 4029//4091
f 3964//4015 4023//4105 4068//4162
f 4049//4114 3978//4064 3997//4063
f 4037//4101 4045//4109 3992//4057
f 4308//4368 4287//4340 4277//4348
f 4037//4101 3992//4057 3996//4080
f 4068//4162 4012//4077 3964//4015
f 4012//4077 4068//4162 4106//4229
f 4049//4114 3997//4063 4046//4110
f 4065//4175 4018//4115 4049//4114
f 4036//4100 4012//4077 4106//4229
f 4045//4109 4101//4179 4046//4110
f 4036//4100 4106//4229 4138//4253
f 4046//4110 4101//4179 4139//4204
f 4176//4261 4081//4145 4036//4100
f 4321//4344 4293//4352 4249//4328
f 4176//4261 4036//4100 4138//4253
f 4121//4188 4071//4161 4153//4217
f 4211//4304 4081//4145 4176//4261
f 4211//4304 4160//4224 4081//4145
f 4345//4409 4292//4350 4310//3387
f 4159//4223 4252//4327 4168//4234
f 4160//4224 4211//4304 4213//4293
f 4339//4404 4232//4289 4336//4402
f 4346//4410 4268//4287 4293//4352
f 4167//4230 4261//4318 4242//4302
f 4240//4300 4168//4234 4252//4327
f 4216//4270 4213//4293 4278//4370
f 4346//4410 4331//4388 4268//4287
f 4278//4370 4343//4411 4216//4270
f 4343//4411 4280//4332 4216//4270
f 4347//4412 4286//4339 4285//4338
f 4341//4406 4302//4361 4242//4302
f 4351//4413 4250//4310 4302//4361
f 4280//4332 4343//4411 4349//4414
f 4337//4403 4246//4294 4286//4339
f 4350//4415 4349//4414 4355//4416
f 4350//4415 4280//4332 4349//4414
f 4351//4413 4352//4417 4353//4418
f 4364//4419 4351//4413 4353//4418
f 4354//4420 3905//4006 4356//4421
f 4354//4420 4355//4416 3905//4006
f 3932//4005 3902//4001 4356//4421
f 3902//4001 3932//4005 3931//4051
f 3988//4053 4052//4146 3963//4012
f 3988//4053 3963//4012 3924//4021
f 4052//4146 3999//4062 3963//4012
f 4052//4146 4097//4156 3999//4062
f 4350//4415 4306//4367 4261//4318
f 4350//4415 4261//4318 4280//4332
f 3213//3282 4310//3387 4273//3237
f 4025//4088 3974//4099 4034//4098
f 4025//4088 3962//4072 3974//4099
f 4323//4380 4252//4327 4288//4342
f 4311//4359 4301//4364 4284//4337
f 4282//4334 4334//4395 4256//4315
f 4344//4408 4343//4411 4278//4370
f 4325//4383 4244//4305 4331//4388
f 4357//4422 4253//4313 4260//4329
f 4325//4383 4296//4355 4244//4305
f 4340//4405 4260//4329 4226//4282
f 4348//4379 4258//4336 4283//4335
f 4342//4407 4336//4402 4272//4311
f 4274//4346 4237//4341 4279//4331
f 4344//4408 4270//4325 4292//4350
f 4359//4423 4342//4407 4210//4266
f 4359//4423 4210//4266 4253//4313
f 4360//4424 4298//4356 4291//4351
f 4290//4425 4297//4399 4266//4330
f 4361//4426 4285//4338 4240//4300
f 4361//4426 4240//4300 4323//4380
f 4329//4389 4340//4405 4215//4269
f 4316//4373 4254//4314 4247//4307
f 4316//4373 4338//4386 4254//4314
f 4362//3984 4239//4319 4297//4399
f 4362//3984 4279//4331 4239//4319
f 4316//4373 4247//4307 4299//4357
f 4363//4427 4334//4395 4282//4334
f 4349//4414 4343//4411 4344//4408
f 4358//4393 4346//4410 4293//4352
f 4350//4415 4341//4406 4306//4367
f 4360//4424 4291//4351 4269//4324
f 4337//4403 4329//4389 4263//4320
f 4327//4387 4348//4379 4283//4335
f 4365//4428 4336//4402 4342//4407
f 4351//4413 4288//4342 4250//4310
f 4348//4379 4318//4378 4258//4336
f 4366//4429 4282//4334 4339//4404
f 4366//4429 4363//4427 4282//4334
f 4367//4430 4339//4404 4336//4402
f 4358//4393 4293//4352 4321//4344
f 4313//4372 4296//4355 4325//4383
f 4352//4417 4351//4413 4302//4361
f 4354//4420 4302//4361 4341//4406
f 4368//4022 4274//4346 4279//4331
f 4372//4431 4325//4383 4331//4388
f 4372//4431 4331//4388 4346//4410
f 4354//4420 4341//4406 4350//4415
f 3311//3380 4345//4409 4310//3387
f 4370//4432 4286//4339 4347//4412
f 4370//4432 4337//4403 4286//4339
f 4312//3981 4298//4356 4360//4424
f 4371//4433 4292//4350 4345//4409
f 4371//4433 4344//4408 4292//4350
f 4327//4387 4283//4335 4338//4386
f 3946//4014 4295//4354 4274//4346
f 4359//4423 4253//4313 4357//4422
f 4373//4434 4349//4414 4344//4408
f 4304//4363 4300//4358 4295//4354
f 4374//4400 4289//4347 4314//4360
f 4374//4400 4303//4362 4289//4347
f 4375//3987 4323//4380 4288//4342
f 4375//3987 4288//4342 4364//4419
f 4376//4016 4290//4425 4369//4435
f 4368//4022 3946//4014 4274//4346
f 4365//4428 4367//4430 4336//4402
f 4357//4422 4260//4329 4340//4405
f 4326//4385 4327//4387 4338//4386
f 4378//4436 4342//4407 4359//4423
f 4378//4436 4365//4428 4342//4407
f 4367//4430 4366//4429 4339//4404
f 4364//4419 4288//4342 4351//4413
f 4379//4437 4269//4324 4304//4363
f 4352//4417 4302//4361 4354//4420
f 4380//4018 4347//4412 4285//4338
f 4380//4018 4285//4338 4361//4426
f 4335//4394 4358//4393 4321//4344
f 4381//4033 4340//4405 4329//4389
f 4377//4438 4349//4414 4373//4434
f 4382//3993 4361//4426 4323//4380
f 4309//4369 4319//4375 4308//4368
f 3323//3391 4345//4409 3311//3380
f 4328//4371 4309//4369 4301//4364
f 3946//4014 4304//4363 4295//4354
f 4332//4384 4325//4383 4372//4431
f 4383//3995 4370//4432 4347//4412
f 4355//4416 4354//4420 4350//4415
f 4372//4431 4346//4410 4358//4393
f 3910//3999 4357//4422 4340//4405
f 4377//4438 4355//4416 4349//4414
f 4371//4433 4345//4409 3323//3391
f 4373//4434 4344//4408 4371//4433
f 4356//4421 4352//4417 4354//4420
f 4384//3998 4359//4423 4357//4422
f 4385//3967 4367//4430 4365//4428
f 4379//4437 4360//4424 4269//4324
f 4320//4377 4333//3972 4318//4378
f 4315//4381 4374//4400 4314//4360
f 4376//4016 4297//4399 4290//4425
f 4387//4439 4355//4416 4377//4438
f 3954//4401 4317//4374 4305//4366
f 4388//3969 4366//4429 4367//4430
f 4380//4018 4361//4426 4382//3993
f 4389//4002 4378//4436 4359//4423
f 4390//3974 4377//4438 4373//4434
f 4368//4022 4279//4331 4362//3984
f 3362//3431 4373//4434 4371//4433
f 3950//4397 4335//4394 4321//4344
f 3950//4397 4321//4344 4322//4365
f 3901//4013 4304//4363 3946//4014
f 4382//3993 4323//4380 4375//3987
f 3906//3985 4297//4399 4376//4016
f 3902//4001 4353//4418 4352//4417
f 3960//4020 4360//4424 4379//4437
f 3928//4024 4372//4431 4358//4393
f 3362//3431 4371//4433 3323//3391
f 4383//3995 4347//4412 4380//4018
f 3943//4034 4337//4403 4370//4432
f 3915//4038 3954//4401 4305//4366
f 4388//3969 4386//4440 4366//4429
f 4381//4033 4329//4389 4337//4403
f 3915//4038 4305//4366 4319//4375
f 4390//3974 4373//4434 3362//3431
f 4385//3967 4388//3969 4367//4430
f 3961//3982 4312//3981 4360//4424
f 3904//3968 4365//4428 4378//4436
f 3904//3968 4385//3967 4365//4428
f 4391//3973 4387//4439 4377//4438
f 3913//4030 3910//3999 4340//4405
f 3913//4030 4340//4405 4381//4033
f 3910//3999 4384//3998 4357//4422
f 3902//4001 4352//4417 4356//4421
f 3901//4013 4379//4437 4304//4363
f 3947//4009 4303//4362 4374//4400
f 3935//3980 3968//4027 4312//3981
f 3939//4040 3915//4038 4319//4375
f 3933//4003 4359//4423 4384//3998
f 3933//4003 4389//4002 4359//4423
f 3928//4024 4332//4384 4372//4431
f 3367//3435 4390//3974 3362//3431
f 3920//3988 4364//4419 4353//4418
f 3920//3988 4375//3987 4364//4419
f 4381//4033 4337//4403 3943//4034
f 3905//4006 4355//4416 4387//4439
f 3923//3978 4387//4439 4391//3973
f 3932//4005 4356//4421 3905//4006
f 4391//3973 4377//4438 4390//3974
f 3919//3989 4382//3993 4375//3987
f 3930//4017 4369//4435 3959//4043
f 3930//4017 4376//4016 4369//4435
f 3907//3996 4383//3995 4380//4018
f 3906//3985 4362//3984 4297//4399
f 3914//3992 4380//4018 4382//3993
f 3917//3975 3918//3977 3942//4376
f 3925//3991 4378//4436 4389//4002
f 3925//3991 3904//3968 4378//4436
f 3924//4021 4368//4022 4362//3984
f 3917//3975 3942//4376 3947//4009
f 3939//4040 4319//4375 3940//4392
f 3922//4007 4387//4439 3923//3978
f 3922//4007 3905//4006 4387//4439
f 4383//3995 3943//4034 4370//4432
f 3936//3997 3933//4003 4384//3998
f 3920//3988 4353//4418 3902//4001
f 3929//4032 3913//4030 4381//4033
f 3961//3982 4360//4424 3960//4020
f 3901//4013 3960//4020 4379//4437
f 2325//2347 4394//4441 4393//4442
f 4395//4443 4453//4444 4392//4445
f 4396//4446 4395//4443 4392//4445
f 2324//2346 4394//4441 2325//2347
f 2322//2344 4397//4447 2324//2346
f 3984//2258 4398//4448 2104//2137
f 4399//4449 4395//4443 4396//4446
f 2322//2344 1639//1654 4397//4447
f 3958//4044 4398//4448 3984//2258
f 4400//4450 4399//4449 4396//4446
f 3958//4044 4401//4451 4398//4448
f 2245//2266 1639//1654 2322//2344
f 3959//4043 4401//4451 3958//4044
f 4402//4452 4399//4449 4400//4450
f 4403//4453 4399//4449 4402//4452
f 4369//4435 4401//4451 3959//4043
f 4369//4435 4404//4454 4401//4451
f 4405//4455 4403//4453 4402//4452
f 4369//4435 4406//4456 4404//4454
f 4290//4425 4406//4456 4369//4435
f 4407//4457 4403//4453 4405//4455
f 4290//4425 4408//4458 4406//4456
f 4266//4330 4408//4458 4290//4425
f 4409//4459 4407//4457 4405//4455
f 4208//4299 4410//4460 4408//4458
f 4208//4299 4408//4458 4266//4330
f 4411//4461 4409//4459 4405//4455
f 4208//4299 4412//4462 4410//4460
f 4413//4463 4409//4459 4411//4461
f 4189//4298 4414//4464 4412//4462
f 4189//4298 4412//4462 4208//4299
f 4415//4465 4413//4463 4411//4461
f 4128//4210 4416//4466 4414//4464
f 4417//4467 4415//4465 4411//4461
f 4128//4210 4414//4464 4189//4298
f 4418//4468 4416//4466 4128//4210
f 4109//4180 4418//4468 4128//4210
f 4419//4469 4420//4470 4415//4465
f 4419//4469 4415//4465 4417//4467
f 4421//4471 4418//4468 4109//4180
f 4085//4149 4421//4471 4109//4180
f 4422//4472 4421//4471 4085//4149
f 4067//4131 4423//4473 4422//4472
f 4424//4474 4420//4470 4419//4469
f 4067//4131 4422//4472 4085//4149
f 4425//4475 4420//4470 4424//4474
f 4067//4131 4061//4126 4423//4473
f 4427//4476 4425//4475 4424//4474
f 4061//4126 4428//4477 4426//4478
f 4429//4479 4427//4476 4424//4474
f 4056//4125 4428//4477 4061//4126
f 4430//4480 4427//4476 4429//4479
f 4056//4125 4431//4481 4428//4477
f 4055//4129 4431//4481 4056//4125
f 2304//2326 4432//4482 4430//4480
f 2304//2326 4430//4480 4429//4479
f 4053//4128 4431//4481 4055//4129
f 2301//2323 4432//4482 2304//2326
f 4058//4121 4433//4483 4053//4128
f 4058//4121 4062//4120 4433//4483
f 2297//2319 4434//4484 2299//2321
f 2291//2313 4435//4485 2294//2316
f 4078//4141 4436//4486 4070//4135
f 4090//4163 4436//4486 4078//4141
f 2291//2313 4437//4487 4435//4485
f 2289//2311 4437//4487 2291//2313
f 2289//2311 5260//4488 4437//4487
f 4112//4185 4436//4486 4090//4163
f 4112//4185 4438//4489 4436//4486
f 2287//2309 5260//4488 2289//2311
f 4132//4196 4438//4489 4112//4185
f 4158//4256 4438//4489 4132//4196
f 4439//4490 4438//4489 4158//4256
f 2280//2302 5295//4491 2286//2308
f 2280//2302 5270//4492 5295//4491
f 4201//4265 4439//4490 4158//4256
f 2279//2301 5270//4492 2280//2302
f 4201//4265 4440//4493 4439//4490
f 2343//2365 4441//4494 2279//2301
f 4258//4336 4440//4493 4201//4265
f 4442//4495 4441//4494 2343//2365
f 4443//4496 4440//4493 4258//4336
f 2341//2363 4442//4495 2343//2365
f 4318//4378 4443//4496 4258//4336
f 4318//4378 4444//4497 4443//4496
f 2338//2360 4445//4498 2340//2362
f 4333//3972 4444//4497 4318//4378
f 2336//2358 4445//4498 2338//2360
f 2336//2358 4446//4499 4445//4498
f 2335//2357 4446//4499 2336//2358
f 2333//2355 4447//4500 2335//2357
f 4333//3972 4448//4501 4444//4497
f 2333//2355 4449//4502 4447//4500
f 4450//4503 4448//4501 4333//3972
f 2333//2355 4451//4504 4449//4502
f 2331//2353 4451//4504 2333//2355
f 2331//2353 4452//4505 4451//4504
f 4450//4503 4453//4444 4448//4501
f 2329//2351 4452//4505 2331//2353
f 4392//4445 4453//4444 4450//4503
f 2325//2347 4393//4442 2327//2349
f 4456//4506 4919//4507 4737//4508
f 4737//4508 4919//4507 4457//4509
f 4922//4510 4461//4511 4465//4512
f 4799//4513 4464//4514 4730//4515
f 4424//4474 4471//4516 4472//4517
f 4632//4518 4473//4519 4474//4520
f 4607//4521 4631//4522 4475//4523
f 4476//4524 4533//4525 4513//4526
f 4481//4527 4461//4511 4455//4528
f 4455//4528 4461//4511 4922//4510
f 4454//4529 4481//4527 4455//4528
f 4482//4530 4483//4531 4899//4532
f 4899//4532 4483//4531 4484//4533
f 4486//4534 4473//4519 4632//4518
f 4785//4535 4487//4536 4480//4537
f 4488//4538 4492//4539 4485//4540
f 5145//4541 4492//4539 4488//4538
f 4489//4542 4481//4527 4454//4529
f 4479//4543 4480//4537 4477//4544
f 4513//4526 4533//4525 4490//4545
f 2986//2798 4459//4546 2747//2768
f 4493//4547 4494//4548 4884//4549
f 4481//4527 4495//4550 4461//4511
f 4467//4551 4496//4552 4482//4530
f 4482//4530 4496//4552 4483//4531
f 4473//4519 4499//4553 4474//4520
f 4473//4519 4500//4554 4499//4553
f 4498//4555 4503//4556 4497//4557
f 4506//4558 4503//4556 4505//4559
f 4502//4560 4500//4554 4473//4519
f 2986//2798 2991//3024 4459//4546
f 4480//4537 4545//4561 4477//4544
f 4505//4559 4508//4562 4506//4558
f 4467//4551 4510//4563 4496//4552
f 4477//4544 4510//4563 4467//4551
f 2991//3024 2996//3025 4458//4564
f 4487//4536 4545//4561 4480//4537
f 4504//4565 4509//4566 4508//4562
f 5084//4567 4508//4562 4511//4568
f 4511//4568 4508//4562 4509//4566
f 4898//4569 2307//2329 4506//4558
f 4400//4450 4512//4570 4402//4452
f 4476//4524 4513//4526 4514//4571
f 3980//4049 4515//4572 3903//3966
f 3980//4049 4517//4573 4516//4574
f 4496//4552 4547//4575 4483//4531
f 4519//4576 4518//4577 4651//4578
f 4527//4579 4520//4580 4490//4545
f 4487//4536 4557//4581 4545//4561
f 4523//4582 4522//4583 4524//4584
f 4914//2501 2996//3025 2474//2502
f 4519//4576 4526//4585 4518//4577
f 4502//4560 4529//4586 4500//4554
f 4490//4545 4533//4525 4527//4579
f 4531//4587 4532//4588 4528//4589
f 4521//4590 4528//4589 4530//4591
f 4483//4531 4535//4592 4484//4533
f 4484//4533 4535//4592 4525//4593
f 4522//4583 4534//4594 4536//4595
f 4537//4596 4536//4595 4534//4594
f 4539//4597 4538//4598 4540//4599
f 4519//4576 4541//4600 4526//4585
f 4496//4552 4542//4601 4547//4575
f 4510//4563 4542//4601 4496//4552
f 4526//4585 4541//4600 4543//4602
f 4541//4600 4548//4603 4543//4602
f 4549//4604 4547//4575 4542//4601
f 4545//4561 4550//4605 4510//4563
f 4530//4591 4551//4606 4544//4607
f 4538//4598 4546//4608 4552//4609
f 4698//4610 4551//4606 4530//4591
f 4532//4588 4553//4611 4554//4612
f 4510//4563 4550//4605 4542//4601
f 4545//4561 4555//4613 4550//4605
f 4557//4581 4558//4614 4545//4561
f 4559//4615 4525//4593 4560//4616
f 4533//4525 4525//4593 4559//4615
f 4086//4150 4099//4160 4561//4617
f 4698//4610 4554//4612 4562//4618
f 4839//4619 4563//4620 4564//4621
f 4545//4561 4558//4614 4555//4613
f 4561//4617 4556//4622 4546//4608
f 4543//4602 4566//4623 4567//4624
f 4558//4614 4570//4625 4555//4613
f 4564//4621 4571//4626 4565//4627
f 4553//4611 4574//4628 4554//4612
f 4552//4609 4574//4628 4553//4611
f 4554//4612 4585//4629 4562//4618
f 4574//4628 4585//4629 4554//4612
f 4572//4630 4559//4615 4600//4631
f 4575//4632 4578//4633 4566//4623
f 4570//4625 4579//4634 4555//4613
f 4561//4617 4152//4228 4582//4635
f 4580//4636 4578//4633 4575//4632
f 4566//4623 4578//4633 4583//4637
f 4590//4638 4585//4629 4574//4628
f 4581//4639 4586//4640 4570//4625
f 4152//4228 4172//4233 4582//4635
f 4573//4641 4577//4642 4621//4643
f 4584//4644 4607//4521 4909//4645
f 4405//4455 4591//4646 4411//4461
f 4585//4629 4594//4647 4562//4618
f 4585//4629 4595//4648 4594//4647
f 4471//4516 4497//4557 4472//4517
f 4562//4618 4594//4647 4588//4649
f 4585//4629 4597//4650 4595//4648
f 4587//4651 4600//4631 4601//4652
f 4604//4653 4603//4654 4716//4655
f 4424//4474 4472//4517 4429//4479
f 4606//4656 4582//4635 4589//4657
f 4589//4657 4582//4635 4172//4233
f 4411//4461 4591//4646 4652//4658
f 4578//4633 4602//4659 4583//4637
f 4612//4660 4602//4659 4578//4633
f 4472//4517 4497//4557 4609//4661
f 4593//4662 4611//4663 4612//4660
f 4599//4664 4611//4663 4593//4662
f 4601//4652 4613//4665 4587//4651
f 4609//4661 4429//4479 4472//4517
f 4583//4637 4614//4666 4596//4667
f 4602//4659 4614//4666 4583//4637
f 4615//4668 4608//4669 4607//4521
f 4603//4654 4617//4670 4910//4671
f 4618//4672 4619//4673 4605//4674
f 4606//4656 4615//4668 4582//4635
f 4591//4646 4613//4665 4652//4658
f 4608//4669 4615//4668 4806//4675
f 4429//4479 4609//4661 2304//2326
f 4625//4676 4475//4523 4635//4677
f 4612//4660 4611//4663 4624//4678
f 4604//4653 4617//4670 4603//4654
f 2307//2329 4609//4661 4506//4558
f 2304//2326 4609//4661 2307//2329
f 4627//4679 4611//4663 4599//4664
f 4615//4668 4606//4656 4628//4680
f 4608//4669 4629//4681 4631//4522
f 4806//4675 4629//4681 4608//4669
f 4619//4673 4618//4672 4622//4682
f 4614//4666 4630//4683 4634//4684
f 4475//4523 4631//4522 4635//4677
f 4622//4682 4618//4672 4636//4685
f 4637//4686 4618//4672 4605//4674
f 4638//4687 4639//4688 4642//4689
f 4644//4690 4626//4691 4645//4692
f 4616//4693 4617//4670 4647//4694
f 4648//4695 4627//4679 4830//4696
f 4515//4572 3980//4049 4516//4574
f 4642//4689 4639//4688 4649//4697
f 4631//4522 4629//4681 4650//4698
f 4639//4688 4651//4578 4649//4697
f 4639//4688 4646//4699 4651//4578
f 4604//4653 4654//4700 4643//4701
f 4641//4702 4654//4700 4604//4653
f 4671//4703 4654//4700 4641//4702
f 4628//4680 4629//4681 4806//4675
f 4517//4573 4655//4704 4516//4574
f 4630//4683 4656//4705 4634//4684
f 4646//4699 4655//4704 4521//4590
f 4624//4678 4658//4706 4630//4683
f 4004//4069 4517//4573 3980//4049
f 4628//4680 4650//4698 4629//4681
f 4521//4590 4651//4578 4646//4699
f 4635//4677 4659//4707 4662//4708
f 4637//4686 4660//4709 4661//4710
f 4655//4704 4517//4573 4531//4587
f 4604//4653 4643//4701 4617//4670
f 4617//4670 4643//4701 4647//4694
f 4649//4697 4651//4578 4518//4577
f 4004//4069 4663//4711 4517//4573
f 4616//4693 4664//4712 4913//4713
f 4913//4713 4664//4712 4462//4714
f 4665//4715 4657//4716 4648//4695
f 4517//4573 4663//4711 4531//4587
f 4020//4084 4663//4711 4004//4069
f 4650//4698 4659//4707 4631//4522
f 4652//4658 4486//4534 4632//4518
f 4484//4533 4533//4525 4476//4524
f 4531//4587 4663//4711 4540//4599
f 4682//4717 4659//4707 2700//2686
f 2700//2686 4659//4707 4650//4698
f 4666//4718 4486//4534 4613//4665
f 4333//3972 3909//3971 4450//4503
f 2700//2686 4650//4698 2667//2687
f 3909//3971 4672//4719 4450//4503
f 4651//4578 4521//4590 4519//4576
f 4645//4692 4667//4720 4644//4690
f 3908//3970 3975//4048 3909//3971
f 4655//4704 4531//4587 4521//4590
f 4659//4707 4669//4721 4662//4708
f 4521//4590 4531//4587 4528//4589
f 3909//3971 3975//4048 4672//4719
f 4670//4722 4676//4723 4654//4700
f 4657//4716 4665//4715 4673//4724
f 4020//4084 4539//4597 4663//4711
f 4674//4725 4918//4726 4675//4727
f 4678//4728 4645//4692 4669//4721
f 4531//4587 4540//4599 4532//4588
f 4671//4703 4918//4726 4670//4722
f 4450//4503 4672//4719 4679//4729
f 4450//4503 4679//4729 4392//4445
f 4521//4590 4530//4591 4519//4576
f 4699//4730 4668//4731 4673//4724
f 4484//4533 4525//4593 4533//4525
f 4678//4728 4669//4721 4682//4717
f 4672//4719 4683//4732 4679//4729
f 3975//4048 4685//4733 4672//4719
f 4656//4705 4668//4731 4684//4734
f 4663//4711 4539//4597 4540//4599
f 4676//4723 4670//4722 4677//4735
f 3975//4048 4687//4736 4685//4733
f 4682//4717 2700//2686 2698//2714
f 4558//4614 4557//4581 4689//4737
f 4689//4737 4557//4581 4863//4738
f 4688//4739 4681//4740 4680//4741
f 3983//4046 4687//4736 3975//4048
f 4694//4742 4693//4743 4665//4715
f 4665//4715 4693//4743 4708//4744
f 4392//4445 4679//4729 4692//4745
f 4405//4455 4520//4580 4569//4746
f 4680//4741 4695//4747 4688//4739
f 4020//4084 4086//4150 4539//4597
f 4540//4599 4538//4598 4532//4588
f 4007//4071 4697//4748 3983//4046
f 3983//4046 4697//4748 4687//4736
f 4532//4588 4698//4610 4528//4589
f 4677//4735 4710//4749 4676//4723
f 4528//4589 4698//4610 4530//4591
f 4679//4729 4701//4750 4692//4745
f 4539//4597 4086//4150 4538//4598
f 4520//4580 4527//4579 4569//4746
f 4519//4576 4544//4607 4541//4600
f 4530//4591 4544//4607 4519//4576
f 4692//4745 4396//4446 4392//4445
f 4683//4732 4701//4750 4679//4729
f 4523//4582 4524//4584 4700//4751
f 4703//4752 4677//4735 4670//4722
f 4086//4150 4546//4608 4538//4598
f 4668//4731 4699//4730 4684//4734
f 4552//4609 4553//4611 4538//4598
f 4538//4598 4553//4611 4532//4588
f 4685//4733 4687//4736 4704//4753
f 4533//4525 4559//4615 4527//4579
f 4458//4564 4705//4754 4459//4546
f 4756//4755 4694//4742 4706//4756
f 4690//4757 4723//4758 4691//4759
f 4683//4732 4702//4760 4701//4750
f 4573//4641 4525//4593 4535//4592
f 4544//4607 4707//4761 4541//4600
f 4673//4724 4708//4744 4699//4730
f 4688//4739 4712//4762 4681//4740
f 4086//4150 4561//4617 4546//4608
f 4690//4757 4713//4763 4723//4758
f 4682//4717 2747//2768 4678//4728
f 4098//4157 4714//4764 4007//4071
f 2698//2714 2747//2768 4682//4717
f 4550//4605 4549//4604 4542//4601
f 4458//4564 4457//4509 4705//4754
f 4550//4605 4603//4654 4549//4604
f 4555//4613 4603//4654 4550//4605
f 4396//4446 4692//4745 4709//4765
f 4603//4654 4555//4613 4716//4655
f 4687//4736 4733//4766 4704//4753
f 4717//4767 4708//4744 4693//4743
f 4677//4735 4721//4768 4710//4749
f 4701//4750 4715//4769 4692//4745
f 4586//4640 4579//4634 4570//4625
f 4555//4613 4579//4634 4716//4655
f 4716//4655 4579//4634 4722//4770
f 4586//4640 4724//4771 4579//4634
f 4726//4772 4723//4758 4713//4763
f 4569//4746 4591//4646 4405//4455
f 4901//4773 4724//4771 4586//4640
f 4702//4760 4728//4774 4701//4750
f 4701//4750 4728//4774 4715//4769
f 4721//4768 4730//4515 4710//4749
f 4710//4749 4730//4515 4731//4775
f 4575//4632 4720//4776 4580//4636
f 4579//4634 4724//4771 4722//4770
f 4901//4773 4596//4667 4724//4771
f 4732//4777 4729//4778 4738//4779
f 4732//4777 4734//4780 4729//4778
f 4735//4781 4734//4780 4732//4777
f 4708//4744 4717//4767 4736//4782
f 4685//4733 4683//4732 4672//4719
f 4704//4753 4683//4732 4685//4733
f 4583//4637 4596//4667 4901//4773
f 4704//4753 4702//4760 4683//4732
f 4714//4764 4697//4748 4007//4071
f 4572//4630 4600//4631 4587//4651
f 4687//4736 4697//4748 4711//4783
f 4720//4776 4593//4662 4580//4636
f 4714//4764 4711//4783 4697//4748
f 4702//4760 4704//4753 4733//4766
f 4687//4736 4747//4784 4733//4766
f 4738//4779 4739//4785 4737//4508
f 4711//4783 4714//4764 4740//4786
f 4098//4157 4740//4786 4714//4764
f 4596//4667 4742//4787 4724//4771
f 4733//4766 4728//4774 4702//4760
f 4741//4788 4734//4780 4735//4781
f 4744//4789 4730//4515 4721//4768
f 4728//4774 4733//4766 4746//4790
f 4711//4783 4740//4786 4743//4791
f 4743//4791 4740//4786 4745//4792
f 4143//4206 4745//4792 4740//4786
f 4743//4791 4747//4784 4711//4783
f 4687//4736 4711//4783 4747//4784
f 4741//4788 4725//4793 4734//4780
f 4234//4292 4745//4792 4143//4206
f 4752//4794 4753//4795 4748//4796
f 4143//4206 4740//4786 4098//4157
f 4745//4792 4749//4797 4743//4791
f 4755//4798 4725//4793 4741//4788
f 4580//4636 4593//4662 4578//4633
f 4745//4792 4758//4799 4757//4800
f 4234//4292 4758//4799 4745//4792
f 4736//4782 4717//4767 4764//4801
f 4749//4797 4757//4800 4754//4802
f 4745//4792 4757//4800 4749//4797
f 4593//4662 4612//4660 4578//4633
f 4236//4295 4589//4657 4200//4257
f 4723//4758 4460//4803 4727//4804
f 4799//4513 4730//4515 4744//4789
f 4757//4800 4759//4805 4754//4802
f 4755//4798 4756//4755 4725//4793
f 4760//4806 4759//4805 4758//4799
f 4727//4804 4752//4794 4748//4796
f 4758//4799 4759//4805 4757//4800
f 4754//4802 4759//4805 4761//4807
f 4716//4655 4722//4770 4641//4702
f 4731//4775 4762//4808 4726//4772
f 4264//4321 4760//4806 4758//4799
f 4692//4745 4715//4769 4709//4765
f 4587//4651 4613//4665 4591//4646
f 4765//4809 4759//4805 4760//4806
f 4736//4782 4764//4801 4751//4810
f 4730//4515 4464//4514 4731//4775
f 4731//4775 4464//4514 4762//4808
f 4768//4811 4761//4807 4759//4805
f 4794//4812 4763//4813 4750//4814
f 4771//4815 4717//4767 4755//4798
f 4765//4809 4768//4811 4759//4805
f 4363//4427 4769//4816 4772//4817
f 4753//4795 4752//4794 4537//4596
f 4770//4818 4765//4809 4760//4806
f 4760//4806 4772//4817 4770//4818
f 4236//4295 4620//4819 4589//4657
f 4560//4616 4623//4820 4600//4631
f 4717//4767 4771//4815 4764//4801
f 4600//4631 4623//4820 4601//4652
f 4502//4560 4774//4821 4529//4586
f 4638//4687 4772//4817 4769//4816
f 4642//4689 4770//4818 4772//4817
f 4724//4771 4640//4822 4722//4770
f 4742//4787 4640//4822 4724//4771
f 4763//4813 4776//4823 4767//4824
f 4773//4825 4776//4823 4763//4813
f 4769//4816 4386//4440 4638//4687
f 4733//4766 4747//4784 4746//4790
f 4775//4826 4764//4801 4771//4815
f 4765//4809 4778//4827 4777//4828
f 4638//4687 4642//4689 4772//4817
f 4767//4824 4776//4823 4781//4829
f 4524//4584 4783//4830 4774//4821
f 4573//4641 4623//4820 4560//4616
f 4589//4657 4620//4819 4606//4656
f 4784//4831 4764//4801 4775//4826
f 4774//4821 4783//4830 4529//4586
f 4786//4832 4770//4818 4642//4689
f 4787//4833 4788//4834 4782//4835
f 4789//4836 4781//4829 4776//4823
f 4709//4765 4790//4837 4396//4446
f 4716//4655 4641//4702 4604//4653
f 4417//4467 4782//4835 4419//4469
f 4573//4641 4791//4838 4623//4820
f 4621//4643 4791//4838 4573//4641
f 4770//4818 4786//4832 4778//4827
f 4386//4440 4639//4688 4638//4687
f 4777//4828 4785//4535 4908//4839
f 4764//4801 4784//4831 4794//4812
f 4789//4836 4795//4840 4781//4829
f 4709//4765 4715//4769 4790//4837
f 4610//4841 4622//4682 4599//4664
f 4777//4828 4780//4842 4785//4535
f 4728//4774 4797//4843 4715//4769
f 4777//4828 4800//4844 4780//4842
f 4778//4827 4800//4844 4777//4828
f 4460//4803 4793//4845 4779//4846
f 4236//4295 4267//4323 4620//4819
f 4524//4584 4801//4847 4783//4830
f 4388//3969 4515//4572 4386//4440
f 3903//3966 4515//4572 4388//3969
f 4784//4831 4803//4848 4794//4812
f 4640//4822 4641//4702 4722//4770
f 4386//4440 4515//4572 4639//4688
f 4806//4675 4615//4668 4628//4680
f 4622//4682 4808//4849 4599//4664
f 4809//4850 4796//4851 4810//4852
f 4522//4583 4801//4847 4524//4584
f 4620//4819 4628//4680 4606//4656
f 4803//4848 4811//4853 4773//4825
f 4787//4833 4812//4854 4802//4855
f 4642//4689 4649//4697 4786//4832
f 4628//4680 4620//4819 4653//4856
f 4798//4857 4820//4858 4779//4846
f 4779//4846 4820//4858 4792//4859
f 4598//4860 4791//4838 4621//4643
f 4728//4774 4746//4790 4797//4843
f 4778//4827 4786//4832 4800//4844
f 4989//4861 4811//4853 4803//4848
f 4522//4583 4536//4595 4801//4847
f 4515//4572 4646//4699 4639//4688
f 4396//4446 4790//4837 4805//4862
f 4537//4596 4816//4863 4807//4864
f 4516//4574 4646//4699 4515//4572
f 4792//4859 4816//4863 4537//4596
f 4820//4858 4816//4863 4792//4859
f 4599//4664 4830//4696 4627//4679
f 4782//4835 4788//4834 4419//4469
f 4808//4849 4830//4696 4599//4664
f 4267//4323 4276//4333 4822//2825
f 4396//4446 4805//4862 4400//4450
f 4811//4853 4824//4865 4789//4836
f 4989//4861 4824//4865 4811//4853
f 4598//4860 4817//4866 4791//4838
f 4787//4833 4804//4867 4788//4834
f 4802//4855 4804//4867 4787//4833
f 4801//4847 4469//4868 4783//4830
f 4636//4685 4808//4849 4622//4682
f 4623//4820 4613//4665 4601//4652
f 4800//4844 4819//4869 4780//4842
f 4780//4842 4487//4536 4785//4535
f 4824//4865 4827//4870 4789//4836
f 4822//2825 4276//4333 2781//2808
f 4715//4769 4828//4871 4790//4837
f 4536//4595 4825//4872 4801//4847
f 4801//4847 4825//4872 4469//4868
f 4804//4867 4818//4873 4788//4834
f 4813//4874 4812//4854 4529//4586
f 4830//4696 4808//4849 4636//4685
f 4829//4875 4823//4876 4852//4877
f 4852//4877 4823//4876 4838//4878
f 4831//4879 4812//4854 4813//4874
f 4823//4876 4809//4850 4838//4878
f 4598//4860 4462//4714 4817//4866
f 4913//4713 4462//4714 4598//4860
f 4832//4880 4821//4881 4833//4882
f 4833//4882 4821//4881 4829//4875
f 4825//4872 4807//4864 4834//4883
f 4536//4595 4807//4864 4825//4872
f 4815//4884 4836//4885 4468//4886
f 4831//4879 4802//4855 4812//4854
f 4715//4769 4797//4843 4828//4871
f 4649//4697 4826//4887 4786//4832
f 4788//4834 4818//4873 4419//4469
f 4835//4888 4468//4886 4836//4885
f 4518//4577 4826//4887 4649//4697
f 4837//4889 4468//4886 4843//4890
f 4512//4570 4490//4545 4520//4580
f 4837//4889 4838//4878 4810//4852
f 4786//4832 4819//4869 4800//4844
f 4694//4742 4648//4695 4830//4696
f 4826//4887 4819//4869 4786//4832
f 4807//4864 4840//4891 4834//4883
f 4834//4883 4840//4891 4839//4619
f 4780//4842 4819//4869 4487//4536
f 4516//4574 4655//4704 4646//4699
f 4802//4855 4841//4892 4804//4867
f 4813//4874 4470//4893 4831//4879
f 4402//4452 4520//4580 4405//4455
f 4264//4321 4758//4799 4234//4292
f 4804//4867 4842//4894 4818//4873
f 4825//4872 4845//4895 4469//4868
f 4661//4710 4846//4896 4636//4685
f 4747//4784 4881//4897 4746//4790
f 4847//4898 4819//4869 4826//4887
f 4837//4889 4843//4890 4849//4899
f 4746//4790 4848//4900 4797//4843
f 4802//4855 4831//4879 4841//4892
f 4613//4665 4486//4534 4652//4658
f 4846//4896 4850//4901 4636//4685
f 4852//4877 4851//4902 4833//4882
f 4838//4878 4851//4902 4852//4877
f 4853//4903 4834//4883 4839//4619
f 4839//4619 4840//4891 4854//4904
f 4818//4873 4855//4905 4419//4469
f 4837//4889 4849//4899 4838//4878
f 4858//4906 4833//4882 4851//4902
f 4818//4873 4859//4907 4855//4905
f 4653//4856 2828//2865 4628//4680
f 4681//4740 4846//4896 4680//4741
f 4749//4797 4754//4802 4743//4791
f 4844//4908 4856//4909 4470//4893
f 4470//4893 4856//4909 4831//4879
f 4462//4714 4664//4712 4861//4910
f 4838//4878 4857//4911 4851//4902
f 4849//4899 4857//4911 4838//4878
f 4842//4894 4859//4907 4818//4873
f 4647//4694 4691//4759 4616//4693
f 4616//4693 4691//4759 4664//4712
f 4856//4909 4841//4892 4831//4879
f 4921//4912 4841//4892 4856//4909
f 4636//4685 4850//4901 4830//4696
f 4869//4913 4844//4908 4845//4895
f 4565//4627 4860//4914 4853//4903
f 4628//4680 2667//2687 4650//4698
f 4862//4915 4851//4902 4857//4911
f 4842//4894 4865//4916 4859//4907
f 2828//2865 2667//2687 4628//4680
f 4419//4469 4855//4905 4424//4474
f 4876//4917 4866//4918 4867//4919
f 4869//4913 4873//4920 4844//4908
f 4844//4908 4864//4921 4856//4909
f 4526//4585 4826//4887 4518//4577
f 4868//4922 4851//4902 4862//4915
f 4797//4843 4848//4900 4872//4923
f 4623//4820 4666//4718 4613//4665
f 4870//4924 4666//4718 4623//4820
f 4743//4791 4766//4925 4747//4784
f 4847//4898 4863//4738 4819//4869
f 4747//4784 4766//4925 4881//4897
f 4858//4906 4867//4919 4866//4918
f 4526//4585 4847//4898 4826//4887
f 4851//4902 4867//4919 4858//4906
f 4477//4544 4545//4561 4510//4563
f 4681//4740 4850//4901 4846//4896
f 4868//4922 4867//4919 4851//4902
f 4565//4627 4869//4913 4860//4914
f 4871//4926 4863//4738 4847//4898
f 4797//4843 4872//4923 4828//4871
f 4850//4901 4696//4927 4830//4696
f 4819//4869 4863//4738 4487//4536
f 4830//4696 4696//4927 4694//4742
f 4875//4928 4867//4919 4868//4922
f 4876//4917 4867//4919 4875//4928
f 4855//4905 4877//4929 4424//4474
f 4694//4742 4665//4715 4648//4695
f 4471//4516 4424//4474 4877//4929
f 4859//4907 4877//4929 4855//4905
f 4706//4756 4850//4901 4681//4740
f 4696//4927 4850//4901 4706//4756
f 4873//4920 4878//4930 4874//4931
f 4487//4536 4863//4738 4557//4581
f 4923//4932 4878//4930 4565//4627
f 4865//4916 4465//4512 4859//4907
f 4874//4931 4879//4933 4873//4920
f 4873//4920 4879//4933 4864//4921
f 4486//4534 4666//4718 4686//4934
f 4746//4790 4881//4897 4848//4900
f 4879//4933 4880//4935 4864//4921
f 4571//4626 4876//4917 4882//4936
f 4882//4936 4876//4917 4875//4928
f 4664//4712 4691//4759 4861//4910
f 4861//4910 4691//4759 4883//4937
f 4647//4694 4690//4757 4691//4759
f 4643//4701 4690//4757 4647//4694
f 4526//4585 4543//4602 4847//4898
f 4847//4898 4543//4602 4871//4926
f 4571//4626 4882//4936 4885//4938
f 4886//4939 4666//4718 4870//4924
f 4877//4929 4491//4940 4471//4516
f 4874//4931 4492//4539 4887//4941
f 4923//4932 4492//4539 4878//4930
f 4878//4930 4492//4539 4874//4931
f 4465//4512 4491//4940 4877//4929
f 4923//4932 4485//4540 4492//4539
f 4754//4802 4766//4925 4743//4791
f 4871//4926 4689//4737 4863//4738
f 4400//4450 4805//4862 4512//4570
f 4885//4938 4485//4540 4571//4626
f 4887//4941 4493//4547 4874//4931
f 4883//4937 4691//4759 4723//4758
f 4879//4933 4493//4547 4884//4549
f 4828//4871 4888//4942 4790//4837
f 4463//4943 4861//4910 4748//4796
f 4462//4714 4861//4910 4463//4943
f 4334//4395 4760//4806 4264//4321
f 4871//4926 4543//4602 4689//4737
f 4471//4516 4491//4940 4497//4557
f 4454//4529 4494//4548 4489//4542
f 4491//4940 4498//4555 4497//4557
f 4465//4512 4498//4555 4491//4940
f 4884//4549 4494//4548 4454//4529
f 4463//4943 4890//4944 4478//4945
f 4887//4941 4889//4946 4493//4547
f 4461//4511 4505//4559 4498//4555
f 4495//4550 4505//4559 4461//4511
f 4501//4947 4489//4542 4494//4548
f 4886//4939 4478//4945 4666//4718
f 4489//4542 4891//4948 4481//4527
f 4481//4527 4891//4948 4495//4550
f 4754//4802 4761//4807 4766//4925
f 4493//4547 4892//4949 4494//4548
f 4505//4559 4495//4550 4504//4565
f 4892//4949 4493//4547 4889//4946
f 4495//4550 4891//4948 4504//4565
f 4892//4949 4893//4950 4494//4548
f 4411//4461 4474//4520 4417//4467
f 4570//4625 4558//4614 4581//4639
f 4686//4934 4478//4945 4700//4751
f 4666//4718 4478//4945 4686//4934
f 4689//4737 4581//4639 4558//4614
f 4567//4624 4581//4639 4689//4737
f 4503//4556 4498//4555 4505//4559
f 4881//4897 4895//4951 4848//4900
f 4494//4548 4894//4952 4501//4947
f 4893//4950 4894//4952 4494//4548
f 4505//4559 4504//4565 4508//4562
f 4527//4579 4587//4651 4569//4746
f 4891//4948 4507//4953 4504//4565
f 4489//4542 4507//4953 4891//4948
f 4543//4602 4567//4624 4689//4737
f 4894//4952 4896//4954 4501//4947
f 4861//4910 4883//4937 4748//4796
f 4748//4796 4883//4937 4727//4804
f 4497//4557 4503//4556 4609//4661
f 4507//4953 4501//4947 4896//4954
f 4334//4395 4363//4427 4760//4806
f 4748//4796 4890//4944 4463//4943
f 4790//4837 4514//4571 4805//4862
f 4504//4565 4507//4953 4509//4566
f 4890//4944 4897//4955 4478//4945
f 4527//4579 4572//4630 4587//4651
f 4609//4661 4503//4556 4506//4558
f 4508//4562 4898//4569 4506//4558
f 5084//4567 4898//4569 4508//4562
f 4883//4937 4723//4758 4727//4804
f 4828//4871 4899//4532 4888//4942
f 4547//4575 4900//4956 4483//4531
f 4483//4531 4900//4956 4535//4592
f 4901//4773 4581//4639 4567//4624
f 4805//4862 4513//4526 4512//4570
f 4473//4519 4686//4934 4502//4560
f 4486//4534 4686//4934 4473//4519
f 4712//4762 4756//4755 4706//4756
f 4902//4957 4703//4752 4718//4958
f 4900//4956 4577//4642 4535//4592
f 4535//4592 4577//4642 4573//4641
f 4566//4623 4901//4773 4567//4624
f 4541//4600 4568//4959 4548//4603
f 4688//4739 4734//4780 4712//4762
f 4729//4778 4734//4780 4688//4739
f 4532//4588 4554//4612 4698//4610
f 4474//4520 4499//4553 4417//4467
f 4902//4957 4721//4768 4703//4752
f 4559//4615 4572//4630 4527//4579
f 4790//4837 4888//4942 4514//4571
f 4543//4602 4548//4603 4566//4623
f 4541//4600 4707//4761 4568//4959
f 4901//4773 4586//4640 4581//4639
f 4562//4618 4576//4960 4698//4610
f 4478//4945 4523//4582 4700//4751
f 4897//4955 4523//4582 4478//4945
f 4698//4610 4576//4960 4551//4606
f 4872//4923 4899//4532 4828//4871
f 4903//4961 4899//4532 4872//4923
f 4458//4564 4459//4546 2991//3024
f 4547//4575 4577//4642 4900//4956
f 4551//4606 4576//4960 4904//4962
f 4583//4637 4901//4773 4566//4623
f 4763//4813 4905//4963 4750//4814
f 4566//4623 4568//4959 4575//4632
f 4548//4603 4568//4959 4566//4623
f 4099//4160 4152//4228 4561//4617
f 4549//4604 4577//4642 4547//4575
f 4881//4897 4906//4964 4895//4951
f 4766//4925 4906//4964 4881//4897
f 4761//4807 4908//4839 4766//4925
f 4907//4965 4576//4960 4588//4649
f 4763//4813 4719//4966 4905//4963
f 4588//4649 4576//4960 4562//4618
f 4574//4628 4909//4645 4590//4638
f 4552//4609 4909//4645 4574//4628
f 4573//4641 4560//4616 4525//4593
f 4781//4829 4721//4768 4902//4957
f 4911//4967 4592//4968 4568//4959
f 4568//4959 4592//4968 4720//4776
f 4712//4762 4725//4793 4756//4755
f 4363//4427 4772//4817 4760//4806
f 4559//4615 4560//4616 4600//4631
f 4719//4966 4767//4824 4718//4958
f 4561//4617 4582//4635 4584//4644
f 4848//4900 4903//4961 4872//4923
f 4589//4657 4172//4233 4200//4257
f 4549//4604 4910//4671 4577//4642
f 4744//4789 4721//4768 4781//4829
f 4805//4862 4514//4571 4513//4526
f 4590//4638 4597//4650 4585//4629
f 4763//4813 4767//4824 4719//4966
f 4599//4664 4593//4662 4592//4968
f 4592//4968 4593//4662 4720//4776
f 4582//4635 4607//4521 4584//4644
f 4386//4440 4769//4816 4366//4429
f 4366//4429 4769//4816 4363//4427
f 4710//4749 4731//4775 4726//4772
f 4577//4642 4598//4860 4621//4643
f 4594//4647 4605//4674 4588//4649
f 4587//4651 4591//4646 4569//4746
f 4523//4582 4897//4955 4522//4583
f 4767//4824 4902//4957 4718//4958
f 4603//4654 4910//4671 4549//4604
f 4615//4668 4607//4521 4582//4635
f 4595//4648 4597//4650 4625//4676
f 4890//4944 4753//4795 4897//4955
f 4748//4796 4753//4795 4890//4944
f 4599//4664 4912//4969 4610//4841
f 4592//4968 4912//4969 4599//4664
f 4605//4674 4619//4673 4588//4649
f 4596//4667 4614//4666 4742//4787
f 4738//4779 4737//4508 4914//2501
f 4595//4648 4915//4970 4594//4647
f 4594//4647 4915//4970 4605//4674
f 4700//4751 4774//4821 4686//4934
f 4895//4951 4916//4971 4848//4900
f 4686//4934 4774//4821 4502//4560
f 4848//4900 4916//4971 4903//4961
f 4617//4670 4616//4693 4910//4671
f 4761//4807 4768//4811 4908//4839
f 4597//4650 4475//4523 4625//4676
f 4781//4829 4902//4957 4767//4824
f 4787//4833 4782//4835 4499//4553
f 4499//4553 4782//4835 4417//4467
f 4915//4970 4595//4648 4626//4691
f 4622//4682 4610//4841 4619//4673
f 4897//4955 4753//4795 4522//4583
f 4626//4691 4595//4648 4625//4676
f 4614//4666 4602//4659 4630//4683
f 4633//4972 4915//4970 4626//4691
f 4605//4674 4915//4970 4637//4686
f 4611//4663 4627//4679 4624//4678
f 4766//4925 4908//4839 4906//4964
f 4612//4660 4624//4678 4602//4659
f 4914//2501 4737//4508 2996//3025
f 4700//4751 4524//4584 4774//4821
f 4633//4972 4637//4686 4915//4970
f 4795//4840 4744//4789 4781//4829
f 4751//4810 4794//4812 4750//4814
f 4522//4583 4753//4795 4534//4594
f 4657//4716 4627//4679 4648//4695
f 4641//4702 4640//4822 4671//4703
f 4795//4840 4799//4513 4744//4789
f 4671//4703 4640//4822 4634//4684
f 4626//4691 4644//4690 4633//4972
f 4627//4679 4657//4716 4624//4678
f 4917//4973 4633//4972 4644//4690
f 4637//4686 4633//4972 4917//4973
f 4625//4676 4662//4708 4626//4691
f 4626//4691 4662//4708 4645//4692
f 4500//4554 4787//4833 4499//4553
f 4635//4677 4631//4522 4659//4707
f 4618//4672 4661//4710 4636//4685
f 4637//4686 4661//4710 4618//4672
f 4751//4810 4764//4801 4794//4812
f 4660//4709 4637//4686 4917//4973
f 4657//4716 4658//4706 4624//4678
f 4630//4683 4658//4706 4656//4705
f 4918//4726 4634//4684 4656//4705
f 4656//4705 4658//4706 4668//4731
f 4668//4731 4658//4706 4657//4716
f 4753//4795 4537//4596 4534//4594
f 4794//4812 4803//4848 4763//4813
f 4895//4951 4479//4543 4916//4971
f 4906//4964 4479//4543 4895//4951
f 4654//4700 4671//4703 4670//4722
f 4803//4848 4773//4825 4763//4813
f 4918//4726 4656//4705 4675//4727
f 4660//4709 4917//4973 4919//4507
f 4500//4554 4529//4586 4787//4833
f 4846//4896 4660//4709 4680//4741
f 4661//4710 4660//4709 4846//4896
f 4768//4811 4777//4828 4908//4839
f 4654//4700 4676//4723 4643//4701
f 4765//4809 4777//4828 4768//4811
f 4773//4825 4789//4836 4776//4823
f 4662//4708 4669//4721 4645//4692
f 4770//4818 4778//4827 4765//4809
f 4620//4819 4920//4974 4653//4856
f 4773//4825 4811//4853 4789//4836
f 4657//4716 4673//4724 4668//4731
f 4267//4323 4920//4974 4620//4819
f 4789//4836 4815//4884 4795//4840
f 4411//4461 4652//4658 4632//4518
f 4916//4971 4467//4551 4903//4961
f 4669//4721 4659//4707 4682//4717
f 4660//4709 4919//4507 4680//4741
f 4680//4741 4919//4507 4695//4747
f 4537//4596 4807//4864 4536//4595
f 4684//4734 4675//4727 4656//4705
f 4674//4725 4675//4727 4684//4734
f 4903//4961 4482//4530 4899//4532
f 4459//4546 4645//4692 4678//4728
f 4821//4881 4816//4863 4820//4858
f 4815//4884 4468//4886 4466//4975
f 4459//4546 4667//4720 4645//4692
f 4705//4754 4919//4507 4667//4720
f 4705//4754 4667//4720 4459//4546
f 4643//4701 4710//4749 4690//4757
f 4676//4723 4710//4749 4643//4701
f 4456//4506 4695//4747 4919//4507
f 4665//4715 4708//4744 4673//4724
f 4267//4323 4822//2825 4920//4974
f 4674//4725 4703//4752 4918//4726
f 4918//4726 4703//4752 4670//4722
f 4821//4881 4832//4880 4816//4863
f 4688//4739 4695//4747 4456//4506
f 4696//4927 4706//4756 4694//4742
f 4816//4863 4832//4880 4840//4891
f 4718//4958 4703//4752 4674//4725
f 4852//4877 4833//4882 4829//4875
f 4681//4740 4712//4762 4706//4756
f 4905//4963 4684//4734 4699//4730
f 4718//4958 4674//4725 4719//4966
f 4710//4749 4713//4763 4690//4757
f 4684//4734 4719//4966 4674//4725
f 2845//2866 4822//2825 2780//2807
f 4920//4974 4822//2825 2845//2866
f 4693//4743 4694//4742 4756//4755
f 4905//4963 4719//4966 4684//4734
f 4721//4768 4677//4735 4703//4752
f 4854//4904 4840//4891 4832//4880
f 4456//4506 4739//4785 4688//4739
f 4688//4739 4739//4785 4729//4778
f 4866//4918 4832//4880 4833//4882
f 2828//2865 4920//4974 2845//2866
f 4791//4838 4870//4924 4623//4820
f 4906//4964 4785//4535 4479//4543
f 4908//4839 4785//4535 4906//4964
f 2828//2865 4653//4856 4920//4974
f 4726//4772 4713//4763 4710//4749
f 4678//4728 2747//2768 4459//4546
f 4708//4744 4751//4810 4699//4730
f 4833//4882 4858//4906 4866//4918
f 4866//4918 4854//4904 4832//4880
f 4905//4963 4699//4730 4750//4814
f 4737//4508 4457//4509 2996//3025
f 2996//3025 4457//4509 4458//4564
f 4708//4744 4736//4782 4751//4810
f 4563//4620 4854//4904 4866//4918
f 4712//4762 4734//4780 4725//4793
f 4839//4619 4854//4904 4563//4620
f 4903//4961 4467//4551 4482//4530
f 4737//4508 4739//4785 4456//4506
f 4699//4730 4751//4810 4750//4814
f 4839//4619 4564//4621 4853//4903
f 4739//4785 4738//4779 4729//4778
f 4717//4767 4756//4755 4755//4798
f 4693//4743 4756//4755 4717//4767
f 4726//4772 4460//4803 4723//4758
f 4856//4909 4864//4921 4921//4912
f 4752//4794 4460//4803 4779//4846
f 4727//4804 4460//4803 4752//4794
f 4779//4846 4792//4859 4752//4794
f 4793//4845 4460//4803 4762//4808
f 4860//4914 4869//4913 4845//4895
f 4762//4808 4460//4803 4726//4772
f 4792//4859 4537//4596 4752//4794
f 4565//4627 4853//4903 4564//4621
f 4796//4851 4814//4976 4464//4514
f 4464//4514 4814//4976 4762//4808
f 4796//4851 4799//4513 4466//4975
f 4888//4942 4476//4524 4514//4571
f 4464//4514 4799//4513 4796//4851
f 4762//4808 4814//4976 4793//4845
f 4791//4838 4886//4939 4870//4924
f 4866//4918 4876//4917 4563//4620
f 4793//4845 4814//4976 4798//4857
f 4841//4892 4921//4912 4865//4916
f 4798//4857 4814//4976 4823//4876
f 4823//4876 4814//4976 4809//4850
f 4814//4976 4796//4851 4809//4850
f 4469//4868 4529//4586 4783//4830
f 4813//4874 4529//4586 4469//4868
f 4795//4840 4466//4975 4799//4513
f 4529//4586 4812//4854 4787//4833
f 4793//4845 4798//4857 4779//4846
f 4815//4884 4466//4975 4795//4840
f 4817//4866 4886//4939 4791//4838
f 4821//4881 4798//4857 4829//4875
f 4820//4858 4798//4857 4821//4881
f 4789//4836 4827//4870 4815//4884
f 4466//4975 4810//4852 4796//4851
f 4921//4912 4922//4510 4865//4916
f 4823//4876 4829//4875 4798//4857
f 4815//4884 4827//4870 4836//4885
f 4571//4626 4923//4932 4565//4627
f 4836//4885 4827//4870 4824//4865
f 4838//4878 4809//4850 4810//4852
f 4466//4975 4468//4886 4810//4852
f 4810//4852 4468//4886 4837//4889
f 4563//4620 4571//4626 4564//4621
f 4876//4917 4571//4626 4563//4620
f 4840//4891 4807//4864 4816//4863
f 4843//4890 4468//4886 4835//4888
f 4632//4518 4474//4520 4411//4461
f 4834//4883 4845//4895 4825//4872
f 4469//4868 4470//4893 4813//4874
f 4844//4908 4470//4893 4845//4895
f 4845//4895 4470//4893 4469//4868
f 4455//4528 4922//4510 4921//4912
f 4841//4892 4842//4894 4804//4867
f 4865//4916 4842//4894 4841//4892
f 4864//4921 4880//4935 4921//4912
f 4834//4883 4860//4914 4845//4895
f 4853//4903 4860//4914 4834//4883
f 4864//4921 4844//4908 4873//4920
f 4512//4570 4520//4580 4402//4452
f 4565//4627 4878//4930 4869//4913
f 4869//4913 4878//4930 4873//4920
f 4859//4907 4465//4512 4877//4929
f 4817//4866 4463//4943 4886//4939
f 4879//4933 4884//4549 4880//4935
f 4462//4714 4463//4943 4817//4866
f 4493//4547 4879//4933 4874//4931
f 4465//4512 4461//4511 4498//4555
f 5145//4541 4924//4977 4492//4539
f 4492//4539 4924//4977 4887//4941
f 4512//4570 4513//4526 4490//4545
f 4887//4941 4924//4977 4889//4946
f 4888//4942 4484//4533 4476//4524
f 4501//4947 4507//4953 4489//4542
f 4899//4532 4484//4533 4888//4942
f 4544//4607 4904//4962 4707//4761
f 4551//4606 4904//4962 4544//4607
f 4546//4608 4556//4622 4552//4609
f 4584//4644 4556//4622 4561//4617
f 4909//4645 4552//4609 4556//4622
f 4909//4645 4556//4622 4584//4644
f 4911//4967 4568//4959 4707//4761
f 4916//4971 4477//4544 4467//4551
f 4904//4962 4907//4965 4707//4761
f 4479//4543 4477//4544 4916//4971
f 4707//4761 4907//4965 4911//4967
f 4576//4960 4907//4965 4904//4962
f 4568//4959 4720//4776 4575//4632
f 4911//4967 4907//4965 4588//4649
f 4865//4916 4922//4510 4465//4512
f 4911//4967 4912//4969 4592//4968
f 4911//4967 4588//4649 4912//4969
f 4785//4535 4480//4537 4479//4543
f 4909//4645 4607//4521 4590//4638
f 4590//4638 4607//4521 4475//4523
f 4619//4673 4912//4969 4588//4649
f 4616//4693 4913//4713 4910//4671
f 4577//4642 4913//4713 4598//4860
f 4910//4671 4913//4713 4577//4642
f 4590//4638 4475//4523 4597//4650
f 4619//4673 4610//4841 4912//4969
f 4880//4935 4454//4529 4921//4912
f 4640//4822 4742//4787 4634//4684
f 4634//4684 4742//4787 4614//4666
f 4921//4912 4454//4529 4455//4528
f 4608//4669 4631//4522 4607//4521
f 4624//4678 4630//4683 4602//4659
f 4463//4943 4478//4945 4886//4939
f 4662//4708 4625//4676 4635//4677
f 4918//4726 4671//4703 4634//4684
f 4454//4529 4880//4935 4884//4549
f 4644//4690 4667//4720 4917//4973
f 4571//4626 4485//4540 4923//4932
f 4917//4973 4667//4720 4919//4507
f 4457//4509 4919//4507 4705//4754
f 4929//4978 4930//4979 2360//2398
f 4931//4980 4929//4978 4932//4981
f 4930//4979 4929//4978 4928//4982
f 4933//4983 4927//4984 4926//4985
f 5161//4986 5162//4987 4940//4988
f 4934//4989 4958//4990 4771//4815
f 4935//4991 4947//4992 4942//4993
f 4952//4994 4940//4988 5162//4987
f 4950//4995 2369//2395 4946//2406
f 4945//4996 4944//4997 4941//4998
f 2360//2398 2369//2395 4950//4995
f 4929//4978 4931//4980 4928//4982
f 4927//4984 4948//4999 5162//4987
f 4932//4981 4929//4978 4950//4995
f 4958//4990 4935//4991 4949//5000
f 4940//4988 4951//5001 4938//5002
f 4933//4983 4948//4999 4927//4984
f 4937//5003 4945//4996 4941//4998
f 4938//5002 4951//5001 4937//5003
f 5162//4987 4948//4999 4952//4994
f 4939//5004 4953//5005 4926//4985
f 4954//5006 4953//5005 4936//5007
f 4943//5008 4955//5009 4947//4992
f 4931//4980 4954//5006 4936//5007
f 4771//4815 4958//4990 4775//4826
f 4959//5010 4972//5011 4944//4997
f 4926//4985 4960//5012 4933//4983
f 4931//4980 4932//4981 4957//5013
f 4953//5005 4960//5012 4926//4985
f 4937//5003 4951//5001 4945//4996
f 4931//4980 4957//5013 4954//5006
f 4935//4991 4956//5014 4949//5000
f 4942//4993 4956//5014 4935//4991
f 4958//4990 4949//5000 4970//5015
f 4962//5016 4949//5000 4956//5014
f 4970//5015 4949//5000 4962//5016
f 4933//4983 4963//5017 4948//4999
f 4959//5010 4964//5018 4972//5011
f 4940//4988 4952//4994 4951//5001
f 4957//5013 4932//4981 4965//5019
f 4957//5013 4961//5020 4954//5006
f 4945//4996 4951//5001 4968//5021
f 4960//5012 4967//5022 4933//4983
f 4946//2406 4932//4981 4950//4995
f 4960//5012 4966//5023 4967//5022
f 4965//5019 4932//4981 4946//2406
f 4948//4999 4963//5017 4952//4994
f 4945//4996 4959//5010 4944//4997
f 4957//5013 4971//5024 4961//5020
f 4969//5025 4971//5024 4957//5013
f 4952//4994 4973//5026 4951//5001
f 4933//4983 4967//5022 4963//5017
f 4968//5021 4959//5010 4945//4996
f 4961//5020 4971//5024 4975//5027
f 4956//5014 4977//5028 4962//5016
f 4967//5022 4976//5029 4963//5017
f 4970//5015 4979//5030 4784//4831
f 4966//5023 4976//5029 4967//5022
f 4974//5031 4973//5026 4963//5017
f 4963//5017 4973//5026 4952//4994
f 4963//5017 4976//5029 4974//5031
f 4784//4831 4979//5030 4803//4848
f 4999//5032 4981//5033 4980//5034
f 4965//5019 4969//5025 4957//5013
f 3738//5035 4983//5036 4971//5024
f 4962//5016 4977//5028 4984//5037
f 4962//5016 4984//5037 4979//5030
f 4999//5032 4991//5038 4977//5028
f 4985//5039 4974//5031 4976//5029
f 4987//5040 4999//5032 4986//5041
f 4965//5019 4982//5042 4969//5025
f 4974//5031 4985//5039 4990//5043
f 4977//5028 4991//5038 4984//5037
f 4961//5020 4993//5044 4960//5012
f 3742//5045 4983//5036 3738//5035
f 4979//5030 4984//5037 4989//4861
f 4989//4861 4984//5037 4994//5046
f 4979//5030 4989//4861 4803//4848
f 4973//5026 4995//5047 4951//5001
f 4951//5001 4995//5047 4968//5021
f 3742//5045 4975//5027 4983//5036
f 3735//5048 4982//5042 3734//5049
f 3735//5048 4969//5025 4982//5042
f 4960//5012 4993//5044 4966//5023
f 4985//5039 4996//5050 4990//5043
f 4968//5021 4978//5051 4959//5010
f 4959//5010 4978//5051 4964//5018
f 4984//5037 4991//5038 4992//5052
f 4974//5031 4995//5047 4973//5026
f 4990//5043 4995//5047 4974//5031
f 3742//5045 4988//5053 4975//5027
f 4997//5054 4996//5050 4985//5039
f 4984//5037 4992//5052 4994//5046
f 3735//5048 4971//5024 4969//5025
f 4964//5018 4978//5051 4981//5033
f 3743//5055 4988//5053 3742//5045
f 4961//5020 4975//5027 4993//5044
f 4999//5032 4987//5040 4991//5038
f 4991//5038 4987//5040 5000//5056
f 4990//5043 4996//5050 5001//5057
f 5000//5056 4987//5040 4986//5041
f 4994//5046 4992//5052 5002//5058
f 3738//5035 4971//5024 3735//5048
f 3743//5055 4998//5059 4988//5053
f 4989//4861 4994//5046 4824//4865
f 5005//5060 4994//5046 5006//5061
f 5000//5056 5002//5058 4992//5052
f 5007//5062 4978//5051 4968//5021
f 4975//5027 4988//5053 4993//5044
f 4997//5054 5001//5057 4996//5050
f 4978//5051 4980//5034 4981//5033
f 4995//5047 5008//5063 4968//5021
f 4998//5059 5003//5064 5009//5065
f 4824//4865 5005//5060 4836//4885
f 5010//5066 5002//5058 5000//5056
f 3743//5055 5003//5064 4998//5059
f 3744//5067 5003//5064 3743//5055
f 4993//5044 5011//5068 4966//5023
f 4990//5043 5004//5069 4995//5047
f 5007//5062 4980//5034 4978//5051
f 4966//5023 5011//5068 4976//5029
f 4995//5047 5004//5069 5008//5063
f 5013//5070 5012//5071 4997//5054
f 4997//5054 5012//5071 5001//5057
f 5001//5057 5004//5069 4990//5043
f 5006//5061 4836//4885 5005//5060
f 3744//5067 5009//5065 5003//5064
f 3746//5072 5009//5065 3744//5067
f 4980//5034 4986//5041 4999//5032
f 4993//5044 4988//5053 5011//5068
f 5010//5066 5015//5073 5002//5058
f 5012//5071 5016//5074 5017//5075
f 5018//5076 4835//4888 4836//4885
f 5013//5070 5016//5074 5012//5071
f 3746//5072 5014//5077 5009//5065
f 4988//5053 4998//5059 5011//5068
f 5008//5063 5019//5078 4968//5021
f 4968//5021 5019//5078 5007//5062
f 4976//5029 5011//5068 4985//5039
f 5001//5057 5008//5063 5004//5069
f 3746//5072 5020//5079 5014//5077
f 3749//5080 5020//5079 3746//5072
f 5014//5077 5020//5079 5022//5081
f 5007//5062 4986//5041 4980//5034
f 5021//5082 5024//5083 5010//5066
f 5016//5074 5023//5084 5017//5075
f 5011//5068 5025//5085 4985//5039
f 5060//5086 5023//5084 5016//5074
f 5020//5079 5026//5087 5022//5081
f 5012//5071 5008//5063 5001//5057
f 3749//5080 5026//5087 5020//5079
f 5012//5071 5019//5078 5008//5063
f 5057//5088 5021//5082 5010//5066
f 5027//5089 5023//5084 5060//5086
f 3750//5090 5026//5087 3749//5080
f 5011//5068 5009//5065 5025//5085
f 4998//5059 5009//5065 5011//5068
f 4835//4888 5079//5091 4843//4890
f 5022//5081 5026//5087 5028//5092
f 5019//5078 5029//5093 5007//5062
f 5023//5084 5027//5089 5030//5094
f 5031//5095 4986//5041 5007//5062
f 5021//5082 5034//5096 5024//5083
f 4843//4890 5079//5091 4849//4899
f 4985//5039 5025//5085 4997//5054
f 3750//5090 5028//5092 5026//5087
f 5017//5075 5019//5078 5012//5071
f 5027//5089 5035//5097 5030//5094
f 4994//5046 5002//5058 5006//5061
f 3751//5098 5037//5099 3750//5090
f 3750//5090 5037//5099 5028//5092
f 5033//5100 5032//5101 5021//5082
f 5038//5102 5035//5097 5027//5089
f 5009//5065 5014//5077 5025//5085
f 5019//5078 5017//5075 5029//5093
f 5032//5101 5036//5103 5034//5096
f 5029//5093 5039//5104 5007//5062
f 4986//5041 5041//5105 5000//5056
f 5025//5085 5014//5077 4997//5054
f 5000//5056 5041//5105 5010//5066
f 5034//5096 5036//5103 5042//5106
f 5042//5106 4857//4911 4849//4899
f 5007//5062 5039//5104 5031//5095
f 2476//2500 5043//2509 4914//2501
f 5029//5093 5017//5075 5039//5104
f 5035//5097 5038//5102 5045//5107
f 5037//5099 3728//5108 5040//5109
f 3751//5098 3728//5108 5037//5099
f 5036//5103 5046//5110 5042//5106
f 5048//5111 4862//4915 4857//4911
f 4997//5054 5022//5081 5013//5070
f 5049//5112 5045//5107 5038//5102
f 5043//2509 2484//2512 5047//5113
f 3728//5108 3753//5114 5040//5109
f 5031//5095 5041//5105 4986//5041
f 4997//5054 5014//5077 5022//5081
f 5040//5109 3753//5114 5049//5112
f 5023//5084 5039//5104 5017//5075
f 5114//5115 5045//5107 5051//5116
f 5052//5117 5045//5107 5049//5112
f 2484//2512 5053//5118 5047//5113
f 5054//5119 4862//4915 5048//5111
f 5052//5117 5051//5116 5045//5107
f 3753//5114 5055//5120 5049//5112
f 5006//5061 5024//5083 5018//5076
f 5057//5088 5041//5105 5031//5095
f 5054//5119 4868//4922 4862//4915
f 5039//5104 5058//5121 5031//5095
f 3729//5122 5055//5120 3753//5114
f 5022//5081 5060//5086 5013//5070
f 5052//5117 5061//5123 5051//5116
f 5062//5124 5056//5125 5050//5126
f 5064//5127 5061//5123 5052//5117
f 5065//5128 4868//4922 5054//5119
f 3729//5122 5063//5129 5055//5120
f 5030//5094 5039//5104 5023//5084
f 5013//5070 5060//5086 5016//5074
f 5065//5128 4875//4928 4868//4922
f 5064//5127 5067//5130 5061//5123
f 5062//5124 5066//5131 5056//5125
f 5068//5132 5066//5131 5062//5124
f 3731//5133 5063//5129 3729//5122
f 5069//5134 5063//5129 3731//5133
f 5070//5135 5067//5130 5064//5127
f 5074//5136 4875//4928 5065//5128
f 5071//5137 5066//5131 5068//5132
f 5072//5138 5067//5130 5070//5135
f 5073//5139 5067//5130 5072//5138
f 5074//5136 4882//4936 4875//4928
f 4885//4938 4882//4936 5074//5136
f 5074//5136 5071//5137 5134//5140
f 4894//4952 5075//5141 5076//5142
f 4893//4950 5075//5141 4894//4952
f 5039//5104 5030//5094 5058//5121
f 3741//5143 5077//5144 3745//5145
f 4507//4953 4896//4954 5078//5146
f 5041//5105 5057//5088 5010//5066
f 5031//5095 5058//5121 5057//5088
f 5080//5147 5076//5142 5081//5148
f 5080//5147 4896//4954 4894//4952
f 5078//5146 4896//4954 5082//5149
f 5022//5081 5028//5092 5060//5086
f 5082//5149 3740//5150 5083//5151
f 5083//5151 3740//5150 3739//5152
f 4898//4569 5086//5153 5087//5154
f 3736//5155 5086//5153 5085//5156
f 5047//5113 5091//5157 5158//5158
f 5090//5159 5091//5157 5047//5113
f 5158//5158 5091//5157 5089//5160
f 5089//5160 4732//4777 4738//4779
f 2650//2676 5059//5161 2488//2516
f 2488//2516 5059//5161 2484//2512
f 5057//5088 5033//5100 5021//5082
f 5093//5162 5091//5157 5092//5163
f 5053//5118 5094//5164 5092//5163
f 5089//5160 5093//5162 4732//4777
f 5091//5157 5093//5162 5089//5160
f 5088//5165 5033//5100 5057//5088
f 5094//5164 5059//5161 5096//5166
f 5058//5121 5095//5167 5057//5088
f 4732//4777 5093//5162 5099//5168
f 5028//5092 5037//5099 5060//5086
f 5094//5164 5097//5169 5092//5163
f 5096//5166 5097//5169 5094//5164
f 5060//5086 5040//5109 5027//5089
f 5030//5094 5095//5167 5058//5121
f 5035//5097 5095//5167 5030//5094
f 4732//4777 5099//5168 4735//4781
f 5060//5086 5037//5099 5040//5109
f 5100//5170 5101//5171 5096//5166
f 5057//5088 5095//5167 5088//5165
f 5034//5096 5042//5106 5079//5091
f 5096//5166 5098//5172 5097//5169
f 5096//5166 5101//5171 5098//5172
f 5045//5107 5095//5167 5035//5097
f 5098//5172 5101//5171 5107//5173
f 4735//4781 5099//5168 5106//5174
f 5106//5174 5099//5168 5112//5175
f 5102//5176 5098//5172 5104//5177
f 5100//5170 5107//5173 5101//5171
f 5108//5178 5033//5100 5088//5165
f 5110//5179 5107//5173 5100//5170
f 5123//5180 5110//5179 5111//2679
f 5111//2679 5110//5179 5109//5181
f 4735//4781 5106//5174 4741//4788
f 5033//5100 5044//5182 5032//5101
f 5027//5089 5040//5109 5038//5102
f 5095//5167 5114//5115 5088//5165
f 5110//5179 5117//5183 5107//5173
f 5108//5178 5044//5182 5033//5100
f 5113//5184 5119//5185 5105//5186
f 4741//4788 5120//5187 4755//4798
f 5045//5107 5114//5115 5095//5167
f 2653//2678 5122//5188 5121//5189
f 5121//5189 5122//5188 5123//5180
f 4925//5190 5123//5180 5122//5188
f 5117//5183 5123//5180 4925//5190
f 5088//5165 5114//5115 5108//5178
f 4925//5190 5124//5191 5117//5183
f 5118//5192 5113//5184 5160//5193
f 5125//5194 5126//5195 4928//4982
f 4928//4982 5126//5195 2372//2401
f 5114//5115 5127//5196 5108//5178
f 5122//5188 4939//5004 4925//5190
f 5125//5194 4939//5004 5122//5188
f 5032//5101 5044//5182 5036//5103
f 5051//5116 5127//5196 5114//5115
f 4943//5008 5128//5197 5119//5185
f 4928//4982 4936//5007 5125//5194
f 5050//5126 5048//5111 5042//5106
f 5042//5106 5048//5111 4857//4911
f 5125//5194 4936//5007 4939//5004
f 4939//5004 4926//4985 4925//5190
f 5040//5109 5049//5112 5038//5102
f 4958//4990 4934//4989 4935//4991
f 4943//5008 4947//4992 5128//5197
f 5118//5192 4944//4997 4943//5008
f 4931//4980 4936//5007 4928//4982
f 4939//5004 4936//5007 4953//5005
f 5044//5182 5129//5198 5046//5110
f 5108//5178 5129//5198 5044//5182
f 4946//2406 4982//5042 4965//5019
f 4955//5009 4942//4993 4947//4992
f 5046//5110 5129//5198 5050//5126
f 4946//2406 3734//5049 4982//5042
f 2585//2612 3734//5049 4946//2406
f 2397//2420 2585//2612 2398//2421
f 4943//5008 4972//5011 4955//5009
f 4970//5015 4784//4831 4775//4826
f 5061//5123 5127//5196 5051//5116
f 4775//4826 4958//4990 4970//5015
f 3734//5049 2585//2612 2397//2420
f 4955//5009 4956//5014 4942//4993
f 4981//5033 4972//5011 4964//5018
f 4981//5033 4955//5009 4972//5011
f 4955//5009 4977//5028 4956//5014
f 4979//5030 4970//5015 4962//5016
f 4975//5027 4971//5024 4983//5036
f 4999//5032 4955//5009 4981//5033
f 4955//5009 4999//5032 4977//5028
f 5050//5126 5056//5125 5048//5111
f 5061//5123 5130//5199 5127//5196
f 5127//5196 5130//5199 5108//5178
f 4991//5038 5000//5056 4992//5052
f 5108//5178 5130//5199 5129//5198
f 4994//5046 5005//5060 4824//4865
f 5002//5058 5015//5073 5006//5061
f 5006//5061 5018//5076 4836//4885
f 5056//5125 5054//5119 5048//5111
f 5010//5066 5024//5083 5015//5073
f 5015//5073 5024//5083 5006//5061
f 5018//5076 5024//5083 5034//5096
f 5018//5076 5079//5091 4835//4888
f 5055//5120 5063//5129 5049//5112
f 5049//5112 5063//5129 5052//5117
f 5018//5076 5034//5096 5079//5091
f 5129//5198 5131//5200 5050//5126
f 5021//5082 5032//5101 5034//5096
f 5079//5091 5042//5106 4849//4899
f 5050//5126 5042//5106 5046//5110
f 5044//5182 5046//5110 5036//5103
f 4892//4949 5075//5141 4893//4950
f 5090//5159 5053//5118 5092//5163
f 5050//5126 5131//5200 5062//5124
f 5102//5176 5103//5201 5097//5169
f 5099//5168 5093//5162 5103//5201
f 5130//5199 5132//5202 5129//5198
f 5105//5186 5103//5201 5102//5176
f 5098//5172 5115//5203 5104//5177
f 5067//5130 5132//5202 5061//5123
f 5061//5123 5132//5202 5130//5199
f 5119//5185 5116//5204 5112//5175
f 5112//5175 5116//5204 5106//5174
f 5104//5177 5115//5203 5113//5184
f 5128//5197 4947//4992 4935//4991
f 5118//5192 4941//4998 4944//4997
f 4943//5008 4944//4997 4972//5011
f 5129//5198 5132//5202 5131//5200
f 4960//5012 4954//5006 4961//5020
f 3740//5150 5081//5148 3741//5143
f 5086//5153 5084//4567 5085//5156
f 4898//4569 5084//4567 5086//5153
f 4953//5005 4954//5006 4960//5012
f 5052//5117 5063//5129 5069//5134
f 5081//5148 3740//5150 5082//5149
f 5052//5117 5069//5134 5064//5127
f 5056//5125 5066//5131 5054//5119
f 5066//5131 5065//5128 5054//5119
f 5133//5205 5062//5124 5131//5200
f 5132//5202 5133//5205 5131//5200
f 5067//5130 5073//5139 5132//5202
f 5073//5139 5133//5205 5132//5202
f 5069//5134 5070//5135 5064//5127
f 3731//5133 5070//5135 5069//5134
f 5133//5205 5068//5132 5062//5124
f 5135//5206 5068//5132 5133//5205
f 5066//5131 5071//5137 5065//5128
f 5071//5137 5074//5136 5065//5128
f 5068//5132 5134//5140 5071//5137
f 3754//5207 5070//5135 3731//5133
f 5135//5206 5134//5140 5068//5132
f 5073//5139 5135//5206 5133//5205
f 5136//5208 5135//5206 5073//5139
f 5137//5209 5074//5136 5134//5140
f 3754//5207 5072//5138 5070//5135
f 5135//5206 5136//5208 5134//5140
f 5134//5140 5138//5210 5137//5209
f 5072//5138 5139//5211 5073//5139
f 5073//5139 5139//5211 5136//5208
f 5134//5140 5136//5208 5138//5210
f 5142//5212 5141//5213 5137//5209
f 5074//5136 5141//5213 4885//4938
f 5137//5209 5141//5213 5074//5136
f 5136//5208 5140//5214 5138//5210
f 3754//5207 5139//5211 5072//5138
f 3732//5215 5139//5211 3754//5207
f 4885//4938 5141//5213 4485//4540
f 5140//5214 5137//5209 5138//5210
f 5136//5208 5143//5216 5140//5214
f 5139//5211 5143//5216 5136//5208
f 5141//5213 4488//4538 4485//4540
f 5140//5214 5142//5212 5137//5209
f 5142//5212 4488//4538 5141//5213
f 5144//5217 4488//4538 5142//5212
f 3732//5215 5143//5216 5139//5211
f 3730//5218 5143//5216 3732//5215
f 5140//5214 5146//5219 5142//5212
f 5147//5220 5145//4541 5144//5217
f 5144//5217 5145//4541 4488//4538
f 5147//5220 5144//5217 5142//5212
f 5147//5220 5146//5219 5148//5221
f 5142//5212 5146//5219 5147//5220
f 5143//5216 5149//5222 5140//5214
f 5140//5214 5149//5222 5146//5219
f 5147//5220 4924//4977 5145//4541
f 5150//5223 4924//4977 5147//5220
f 3752//5224 5149//5222 3730//5218
f 3730//5218 5149//5222 5143//5216
f 5150//5223 5147//5220 5152//5225
f 4924//4977 5151//5226 4889//4946
f 5150//5223 5151//5226 4924//4977
f 5147//5220 5148//5221 5152//5225
f 5149//5222 5148//5221 5146//5219
f 5152//5225 5153//5227 5150//5223
f 3752//5224 5148//5221 5149//5222
f 3748//5228 5148//5221 3752//5224
f 5153//5227 4889//4946 5150//5223
f 5150//5223 4889//4946 5151//5226
f 5148//5221 5154//5229 5152//5225
f 5155//5230 4889//4946 5153//5227
f 3748//5228 5154//5229 5148//5221
f 5155//5230 4892//4949 4889//4946
f 5152//5225 5154//5229 5153//5227
f 5153//5227 5156//5231 5155//5230
f 5154//5229 5156//5231 5153//5227
f 3747//5232 5156//5231 3748//5228
f 3748//5228 5156//5231 5154//5229
f 5075//5141 4892//4949 5155//5230
f 5155//5230 5077//5144 5075//5141
f 5155//5230 5156//5231 5077//5144
f 3745//5145 5156//5231 3747//5232
f 3745//5145 5077//5144 5156//5231
f 4894//4952 5076//5142 5080//5147
f 5077//5144 5076//5142 5075//5141
f 5077//5144 5081//5148 5076//5142
f 3741//5143 5081//5148 5077//5144
f 4507//4953 5078//5146 4509//4566
f 4509//4566 5078//5146 4511//4568
f 5157//5233 4511//4568 5078//5146
f 5080//5147 5082//5149 4896//4954
f 5080//5147 5081//5148 5082//5149
f 5083//5151 3737//5234 5157//5233
f 3739//5152 3737//5234 5083//5151
f 3737//5234 5085//5156 5157//5233
f 5082//5149 5083//5151 5078//5146
f 3737//5234 3736//5155 5085//5156
f 4898//4569 5087//5154 2307//2329
f 5083//5151 5157//5233 5078//5146
f 5047//5113 5158//5158 5043//2509
f 5043//2509 5158//5158 4914//2501
f 4914//2501 5158//5158 4738//4779
f 5157//5233 5084//4567 4511//4568
f 5157//5233 5085//5156 5084//4567
f 5090//5159 5047//5113 5053//5118
f 5158//5158 5089//5160 4738//4779
f 3733//5235 5086//5153 3736//5155
f 5091//5157 5090//5159 5092//5163
f 3733//5235 5087//5154 5086//5153
f 2307//2329 3733//5235 2309//2331
f 5087//5154 3733//5235 2307//2329
f 5096//5166 5059//5161 2650//2676
f 2309//2331 3733//5235 2308//2330
f 5103//5201 5093//5162 5092//5163
f 5097//5169 5103//5201 5092//5163
f 2484//2512 5059//5161 5053//5118
f 2651//2677 5109//5181 2650//2676
f 2650//2676 5109//5181 5096//5166
f 5096//5166 5109//5181 5100//5170
f 5053//5118 5059//5161 5094//5164
f 5112//5175 5099//5168 5103//5201
f 5098//5172 5102//5176 5097//5169
f 2652//2596 5109//5181 2651//2677
f 5105//5186 5112//5175 5103//5201
f 2652//2596 5111//2679 5109//5181
f 2572//2602 5111//2679 2652//2596
f 5109//5181 5110//5179 5100//5170
f 5102//5176 5104//5177 5105//5186
f 5119//5185 5112//5175 5105//5186
f 5107//5173 5115//5203 5098//5172
f 5111//2679 2653//2678 5121//5189
f 5159//5236 5115//5203 5107//5173
f 5104//5177 5113//5184 5105//5186
f 5111//2679 5121//5189 5123//5180
f 5123//5180 5117//5183 5110//5179
f 5106//5174 5120//5187 4741//4788
f 5117//5183 5159//5236 5107//5173
f 5106//5174 5116//5204 5120//5187
f 5120//5187 5116//5204 5128//5197
f 2347//2387 5126//5195 2653//2678
f 5159//5236 5160//5193 5115//5203
f 5119//5185 5128//5197 5116//5204
f 5113//5184 5118//5192 5119//5185
f 5117//5183 5161//4986 5159//5236
f 5113//5184 5115//5203 5160//5193
f 2653//2678 5125//5194 5122//5188
f 5126//5195 5125//5194 2653//2678
f 5128//5197 4934//4989 5120//5187
f 2347//2387 2372//2401 5126//5195
f 5118//5192 5160//5193 4941//4998
f 5159//5236 5161//4986 5160//5193
f 5124//5191 5162//4987 5117//5183
f 4925//5190 4927//4984 5124//5191
f 4927//4984 5162//4987 5124//5191
f 5117//5183 5162//4987 5161//4986
f 4928//4982 2372//2401 4930//4979
f 4935//4991 4934//4989 5128//5197
f 4755//4798 4934//4989 4771//4815
f 5118//5192 4943//5008 5119//5185
f 5120//5187 4934//4989 4755//4798
f 5160//5193 4937//5003 4941//4998
f 4925//5190 4926//4985 4927//4984
f 5160//5193 4938//5002 4937//5003
f 5161//4986 4938//5002 5160//5193
f 4940//4988 4938//5002 5161//4986
f 2360//2398 4930//4979 2372//2401
f 4929//4978 2360//2398 4950//4995
f 5167//5237 5195//5238 5168//5239
f 5167//5237 5194//5240 5195//5238
f 5170//5241 5171//5242 5172//5243
f 5181//5244 5182//5245 5254//5246
f 5185//5247 4442//4495 2341//2363
f 5186//5248 5166//5249 5187//5250
f 5192//3917 5173//3903 5193//5251
f 5192//3917 5193//5251 5189//5252
f 5163//5253 5195//5238 5188//5254
f 5195//5238 5163//5253 5168//5239
f 5197//5255 5165//5256 5308//5257
f 5197//5255 5308//5257 5184//5258
f 3813//3873 3833//3891 5191//5259
f 5195//5238 5200//5260 5188//5254
f 5201//5261 5179//5262 5180//5263
f 5173//3903 3843//3900 5174//5264
f 5202//5265 3814//3872 5169//5266
f 5175//5267 5185//5247 2341//2363
f 3813//3873 5191//5259 5169//5266
f 5201//5261 5180//5263 5307//5268
f 5282//5269 5199//5270 5207//5271
f 5204//5272 5187//5250 5178//5273
f 5282//5269 5304//5274 5199//5270
f 5204//5272 5186//5248 5187//5250
f 5205//5275 5172//5243 5166//5249
f 5170//5241 5197//5255 5184//5258
f 3847//3907 5192//3917 5189//5252
f 3847//3907 5189//5252 5165//5256
f 5206//5276 5167//5237 5168//5239
f 5175//5267 2341//2363 2340//2362
f 5208//5277 5201//5261 5307//5268
f 3814//3872 3813//3873 5169//5266
f 5205//5275 5166//5249 5186//5248
f 5209//3897 5202//5265 5190//5278
f 5208//5277 5307//5268 5313//5279
f 5211//5280 5204//5272 5178//5273
f 3798//3860 3847//3907 5165//5256
f 5201//5261 5196//5281 5179//5262
f 5176//5282 5175//5267 2340//2362
f 1688//1724 5208//5277 5313//5279
f 1688//1724 5313//5279 1640//1656
f 5211//5280 5178//5273 5177//5283
f 5212//5284 5203//5285 5274//5286
f 5212//5284 5274//5286 5311//5287
f 5205//5275 5170//5241 5172//5243
f 3798//3860 5165//5256 5197//5255
f 3817//3874 3814//3872 5202//5265
f 5176//5282 2340//2362 4445//4498
f 5281//5288 5207//5271 5279//5289
f 3801//3861 3798//3860 5197//5255
f 5212//5284 5311//5287 5315//5290
f 5208//5277 5221//5291 5201//5261
f 5221//5291 5196//5281 5201//5261
f 3820//3879 5190//5278 5194//5240
f 3820//3879 5209//3897 5190//5278
f 5214//5292 5211//5280 5177//5283
f 5214//5292 5177//5283 5196//5281
f 3817//3874 5202//5265 5209//3897
f 5198//5293 5176//5282 4445//4498
f 3806//3866 3801//3861 5197//5255
f 3806//3866 5197//5255 5170//5241
f 5213//5294 5194//5240 5167//5237
f 5216//5295 5299//5296 5185//5247
f 5215//5297 5205//5275 5186//5248
f 5217//5298 5167//5237 5206//5276
f 5217//5298 5206//5276 5210//5299
f 5218//5300 5281//5288 5279//5289
f 5219//5301 5212//5284 5315//5290
f 5220//5302 5214//5292 5196//5281
f 5222//5303 5217//5298 5210//5299
f 5222//5303 5210//5299 5203//5285
f 3808//3868 3806//3866 5170//5241
f 5223//5304 5215//5297 5186//5248
f 5224//5305 5216//5295 5185//5247
f 5225//5306 5221//5291 5208//5277
f 3809//3869 5170//5241 5205//5275
f 3809//3869 3808//3868 5170//5241
f 5213//5294 3820//3879 5194//5240
f 5223//5304 5186//5248 5204//5272
f 5227//5307 5218//5300 5279//5289
f 5227//5307 5279//5289 5301//5308
f 5225//5306 5208//5277 1688//1724
f 5228//5309 5222//5303 5203//5285
f 5226//5310 5211//5280 5214//5292
f 5229//5311 5223//5304 5204//5272
f 5228//5309 5203//5285 5212//5284
f 1708//1745 5225//5306 1688//1724
f 5230//5312 5198//5293 4445//4498
f 5230//5312 4445//4498 4446//4499
f 5231//3914 5205//5275 5215//5297
f 5231//3914 3809//3869 5205//5275
f 5224//5305 5185//5247 5175//5267
f 5229//5311 5204//5272 5211//5280
f 5232//5313 5219//5301 5304//5274
f 5226//5310 5229//5311 5211//5280
f 5223//5304 5231//3914 5215//5297
f 5176//5282 5224//5305 5175//5267
f 5216//5295 5227//5307 5301//5308
f 3846//3902 5213//5294 5167//5237
f 5237//5314 5220//5302 5221//5291
f 3846//3902 3820//3879 5213//5294
f 5233//5315 5226//5310 5214//5292
f 5234//3918 5223//5304 5229//5311
f 5235//5316 5237//5314 5221//5291
f 3852//3916 5231//3914 5223//5304
f 5236//5317 5230//5312 4446//4499
f 5235//5316 5225//5306 1708//1745
f 5236//5317 4446//4499 2335//2357
f 5235//5316 5221//5291 5225//5306
f 5237//5314 5233//5315 5214//5292
f 5237//5314 5214//5292 5220//5302
f 3849//3904 3846//3902 5167//5237
f 3811//3877 5234//3918 5229//5311
f 3811//3877 5229//5311 5226//5310
f 5240//5318 5250//5319 4432//4482
f 5234//3918 3852//3916 5223//5304
f 3821//3878 3811//3877 5226//5310
f 5239//5320 5240//5318 2301//2323
f 3821//3878 5226//5310 5233//5315
f 5236//5317 2335//2357 4447//4500
f 5241//3884 5167//5237 5217//5298
f 5242//5321 2301//2323 2299//2321
f 5241//3884 3849//3904 5167//5237
f 5242//5321 5239//5320 2301//2323
f 5244//5322 5176//5282 5198//5293
f 5243//3856 3821//3878 5233//5315
f 5243//3856 5233//5315 5237//5314
f 5245//5323 5235//5316 1708//1745
f 5242//5321 2299//2321 4434//4484
f 5245//5323 1708//1745 1725//1760
f 5247//3865 5243//3856 5237//5314
f 5248//5324 5249//5325 5250//5319
f 5241//3884 5217//5298 5251//5326
f 5252//5327 5236//5317 4447//4500
f 5248//5324 5250//5319 5240//5318
f 5247//3865 5237//5314 5235//5316
f 5254//5246 5242//5321 4434//4484
f 5245//5323 1725//1760 1739//1775
f 5254//5246 4434//4484 2297//2319
f 3804//3863 5247//3865 5235//5316
f 5253//5328 5228//5309 5212//5284
f 5247//3865 3796//3853 5243//3856
f 5245//5323 3804//3863 5235//5316
f 5255//5329 5248//5324 5240//5318
f 5255//5329 5240//5318 5239//5320
f 5245//5323 1739//1775 1754//1791
f 5246//5330 5224//5305 5176//5282
f 3804//3863 5245//5323 1754//1791
f 5240//5318 4432//4482 2301//2323
f 5256//5331 5254//5246 2297//2319
f 5256//5331 2297//2319 2294//2316
f 5252//5327 4447//4500 4449//4502
f 5285//5332 5219//5301 5232//5313
f 5254//5246 5182//5245 5242//5321
f 5182//5245 5257//5333 5242//5321
f 5256//5331 5183//5334 5181//5244
f 5248//5324 5258//5335 5249//5325
f 5218//5300 5238//5336 5281//5288
f 5257//5333 5239//5320 5242//5321
f 5253//5328 5212//5284 5219//5301
f 5257//5333 5255//5329 5239//5320
f 5259//5337 5183//5334 5256//5331
f 5260//4488 5261//5338 4437//4487
f 5264//5339 5261//5338 5260//4488
f 5264//5339 5268//5340 5261//5338
f 5266//5341 5252//5327 4449//4502
f 5262//5342 5265//5343 5297//5344
f 5267//5345 5261//5338 5268//5340
f 5259//5337 5256//5331 2294//2316
f 5259//5337 2294//2316 4435//4485
f 5271//5346 5270//4492 2279//2301
f 5272//5347 5244//5322 5198//5293
f 5272//5347 5198//5293 5230//5312
f 5267//5345 5268//5340 5274//5286
f 5269//5348 5297//5344 5169//5266
f 5275//5349 5276//5350 5271//5346
f 5280//5351 5267//5345 5274//5286
f 5280//5351 5278//5352 5267//5345
f 5275//5349 5271//5346 5310//5353
f 5310//5353 5279//5289 5275//5349
f 5207//5271 5276//5350 5275//5349
f 5248//5324 5263//5354 5258//5335
f 5266//5341 4449//4502 4451//4504
f 5244//5322 5246//5330 5176//5282
f 5309//5355 4435//4485 4437//4487
f 5280//5351 5203//5285 5210//5299
f 5207//5271 5281//5288 5282//5269
f 5309//5355 5259//5337 4435//4485
f 5282//5269 5238//5336 5232//5313
f 5261//5338 5309//5355 4437//4487
f 5232//5313 5284//5356 5285//5332
f 5284//5356 5286//5357 5285//5332
f 5286//5357 5284//5356 3834//3911
f 5288//5358 5266//5341 4451//4504
f 5289//5359 5257//5333 5182//5245
f 5290//5360 5230//5312 5236//5317
f 5254//5246 5256//5331 5181//5244
f 5290//5360 5272//5347 5230//5312
f 5262//5342 5263//5354 5248//5324
f 5291//5361 5283//5362 5216//5295
f 5291//5361 5216//5295 5224//5305
f 5293//5363 5284//5356 5238//5336
f 3826//3882 5241//3884 5251//5326
f 3826//3882 5251//5326 5292//5364
f 5288//5358 4451//4504 4452//4505
f 5270//4492 5271//5346 5276//5350
f 5270//4492 5276//5350 5295//4491
f 3828//3908 5292//5364 5228//5309
f 5265//5343 5262//5342 5248//5324
f 3828//3908 5228//5309 5253//5328
f 5265//5343 5248//5324 5255//5329
f 5291//5361 5224//5305 5246//5330
f 5188//5254 5289//5359 5182//5245
f 5293//5363 5238//5336 5277//5365
f 5188//5254 5182//5245 5181//5244
f 5298//5366 5288//5358 4452//4505
f 5299//5296 5279//5289 5310//5353
f 5300//5367 5290//5360 5236//5317
f 5300//5367 5236//5317 5252//5327
f 5275//5349 5279//5289 5207//5271
f 5301//5308 5279//5289 5299//5296
f 5302//5368 5291//5361 5246//5330
f 5274//5286 5203//5285 5280//5351
f 3828//3908 3826//3882 5292//5364
f 5183//5334 5188//5254 5181//5244
f 5273//5369 5255//5329 5257//5333
f 5273//5369 5265//5343 5255//5329
f 5294//5370 5264//5339 2287//2309
f 5294//5370 2287//2309 2286//2308
f 5298//5366 4452//4505 2329//2351
f 5281//5288 5238//5336 5282//5269
f 5251//5326 5217//5298 5222//5303
f 5266//5341 5300//5367 5252//5327
f 5222//5303 5228//5309 5292//5364
f 5238//5336 5284//5356 5232//5313
f 5291//5361 5305//5371 5283//5362
f 5200//5260 5273//5369 5257//5333
f 5200//5260 5257//5333 5289//5359
f 5306//5372 5298//5366 2329//2351
f 5278//5352 5303//5373 5309//5355
f 5308//5257 5246//5330 5244//5322
f 5308//5257 5302//5368 5246//5330
f 5276//5350 2286//2308 5295//4491
f 5287//3889 5253//5328 5285//5332
f 5276//5350 5294//5370 2286//2308
f 5309//5355 5303//5373 5259//5337
f 5269//5348 5263//5354 5262//5342
f 5264//5339 5260//4488 2287//2309
f 5309//5355 5261//5338 5267//5345
f 5163//5253 5188//5254 5183//5334
f 5296//5374 5268//5340 5264//5339
f 3830//3888 3828//3908 5253//5328
f 5276//5350 5199//5270 5294//5370
f 5306//5372 2329//2351 2327//2349
f 5297//5344 5269//5348 5262//5342
f 5310//5353 5271//5346 2279//2301
f 5267//5345 5278//5352 5309//5355
f 5278//5352 5280//5351 5210//5299
f 5286//5357 5287//3889 5285//5332
f 5188//5254 5200//5260 5289//5359
f 5287//3889 3830//3888 5253//5328
f 5312//5375 5306//5372 2327//2349
f 5273//5369 5297//5344 5265//5343
f 5164//5376 5163//5253 5183//5334
f 5164//5376 5183//5334 5303//5373
f 5222//5303 5292//5364 5251//5326
f 5312//5375 2327//2349 4393//4442
f 5184//5258 5308//5257 5244//5322
f 5184//5258 5244//5322 5272//5347
f 5166//5249 5300//5367 5266//5341
f 3834//3911 5284//5356 5293//5363
f 5179//5262 5312//5375 4393//4442
f 4441//4494 5310//5353 2279//2301
f 5169//5266 5297//5344 5273//5369
f 5169//5266 5273//5369 5202//5265
f 5278//5352 5164//5376 5303//5373
f 5178//5273 5187//5250 5288//5358
f 4441//4494 5299//5296 5310//5353
f 5178//5273 5288//5358 5298//5366
f 5278//5352 5206//5276 5164//5376
f 5276//5350 5207//5271 5199//5270
f 5193//5251 5305//5371 5291//5361
f 5166//5249 5266//5341 5288//5358
f 5180//5263 4393//4442 4394//4441
f 5180//5263 5179//5262 4393//4442
f 3839//3895 3834//3911 5293//5363
f 5282//5269 5232//5313 5304//5274
f 5171//5242 5272//5347 5290//5360
f 5171//5242 5184//5258 5272//5347
f 5193//5251 5291//5361 5302//5368
f 4442//4495 5299//5296 4441//4494
f 5274//5286 5268//5340 5296//5374
f 5187//5250 5166//5249 5288//5358
f 5253//5328 5219//5301 5285//5332
f 5178//5273 5298//5366 5306//5372
f 5277//5365 5238//5336 5218//5300
f 3841//3898 3839//3895 5293//5363
f 3841//3898 5293//5363 5305//5371
f 5286//5377 3834//5377 5287//5377
f 5189//5252 5193//5251 5302//5368
f 5311//5287 5274//5286 5296//5374
f 5168//5239 5163//5253 5164//5376
f 5307//5268 4394//4441 2324//2346
f 5307//5268 5180//5263 4394//4441
f 5177//5283 5178//5273 5306//5372
f 5314//5378 5294//5370 5199//5270
f 5172//5243 5171//5242 5290//5360
f 5172//5243 5290//5360 5300//5367
f 5193//5251 5174//5264 5305//5371
f 5174//5264 3841//3898 5305//5371
f 5190//5278 5202//5265 5273//5369
f 5190//5278 5273//5369 5200//5260
f 5206//5276 5168//5239 5164//5376
f 5315//5290 5296//5374 5314//5378
f 5315//5290 5311//5287 5296//5374
f 5307//5268 2324//2346 4397//4447
f 5301//5308 5299//5296 5216//5295
f 5177//5283 5306//5372 5312//5375
f 5166//5249 5172//5243 5300//5367
f 5315//5290 5304//5274 5219//5301
f 5191//5259 5269//5348 5169//5266
f 5227//5307 5216//5295 5283//5362
f 5277//5365 5218//5300 5227//5307
f 5277//5365 5227//5307 5283//5362
f 5165//5256 5302//5368 5308//5257
f 5165//5256 5189//5252 5302//5368
f 5313//5279 5307//5268 4397//4447
f 5277//5365 5283//5362 5305//5371
f 5196//5281 5177//5283 5312//5375
f 5305//5371 5293//5363 5277//5365
f 5173//3903 5174//5264 5193//5251
f 5221//5291 5220//5302 5196//5281
f 5303//5373 5183//5334 5259//5337
f 5170//5241 5184//5258 5171//5242
f 5185//5247 5299//5296 4442//4495
f 5296//5374 5264//5339 5294//5370
f 5296//5374 5294//5370 5314//5378
f 5210//5299 5206//5276 5278//5352
f 1640//1656 5313//5279 4397//4447
f 1640//1656 4397//4447 1639//1654
f 5179//5262 5196//5281 5312//5375
f 5194//5240 5190//5278 5200//5260
f 3843//3900 3841//3898 5174//5264
f 5194//5240 5200//5260 5195//5238
f 5304//5274 5314//5378 5199//5270
f 5304//5274 5315//5290 5314//5378
f 5322//5379 319//340 3896//3960
f 5322//5379 5323//5380 319//340
f 5335//5381 5933//5382 5968//5383
f 5436//5384 5905//5385 5341//5386
f 288//309 5322//5379 3896//3960
f 288//309 5318//5387 5322//5379
f 5339//5388 5333//5389 5332//5390
f 5368//5391 5321//5392 5981//5393
f 5366//5394 5367//5395 5336//5396
f 5368//5391 5981//5393 5339//5388
f 5321//5392 1214//1284 5983//5397
f 5370//5398 5945//5399 5934//5400
f 5332//5390 5318//5387 288//309
f 5375//5401 5431//5402 5376//5403
f 5375//5401 5365//5404 5431//5402
f 5350//5405 5945//5399 5370//5398
f 5364//5406 5380//5407 5907//5408
f 5321//5392 1245//1307 1214//1284
f 5332//5390 288//309 228//245
f 5366//5394 5960//5409 5367//5395
f 5390//5410 5422//5411 5391//5412
f 5392//5413 5383//5414 5357//5415
f 5393//5416 5321//5392 5368//5391
f 228//245 5339//5388 5332//5390
f 5397//5417 5852//5418 5398//5419
f 228//245 203//237 5339//5388
f 5397//5417 5336//5396 5852//5418
f 5399//5420 5400//5421 5379//5422
f 5348//5423 5972//5424 5326//5425
f 5404//5426 5354//5427 5396//5428
f 5393//5416 1245//1307 5321//5392
f 3898//182 5339//5388 203//237
f 3898//182 5368//5391 5339//5388
f 5405//5429 5337//5430 5354//5427
f 3898//182 5393//5416 5368//5391
f 3898//182 3899//3964 5393//5416
f 5320//5431 5922//5432 5355//5433
f 5413//5434 5910//5435 5401//5436
f 5413//5434 5343//5437 5910//5435
f 3899//3964 1245//1307 5393//5416
f 1132//1204 1081//1141 5958//5438
f 871//889 1245//1307 3899//3964
f 5417//5439 5345//5440 5959//5441
f 5417//5439 5959//5441 5335//5381
f 5415//5442 5416//5443 5418//5444
f 5421//5445 5415//5442 5420//5446
f 5423//5447 5357//5415 5340//5448
f 5421//5445 5420//5446 5424//5449
f 5425//5450 5424//5449 5426//5451
f 5425//5450 5421//5445 5424//5449
f 5427//5452 5344//5453 5428//5454
f 5429//5455 5425//5450 5426//5451
f 5381//5456 5374//5457 5929//5458
f 5430//5459 5407//5460 5338//5461
f 5431//5402 5429//5455 5432//5462
f 5433//5463 5396//5428 5346//5464
f 5434//5465 5385//5466 5400//5421
f 5376//5403 5431//5402 5432//5462
f 5376//5403 5432//5462 5383//5414
f 5435//5467 5411//5468 5436//5384
f 5437//5469 5918//5470 5408//5471
f 5437//5469 5351//5472 5918//5470
f 5392//5413 5438//5473 5376//5403
f 5392//5413 5376//5403 5383//5414
f 5557//5474 5441//5475 5442//5476
f 5557//5474 5442//5476 5440//5477
f 5445//5478 3873//3934 3860//3939
f 5341//5386 5954//5479 5345//5440
f 5446//5480 5436//5384 5341//5386
f 5447//5481 5353//5482 5320//5431
f 5448//5483 5379//5422 5358//5484
f 5447//5481 5352//5485 5353//5482
f 5366//5394 5409//5486 5960//5409
f 5449//5487 5380//5407 5364//5406
f 5450//5488 5338//5461 5935//5489
f 5450//5488 5935//5489 5411//5468
f 5451//5490 5348//5423 5326//5425
f 5452//5491 5388//5492 5389//5493
f 5358//5484 5359//5494 5402//5495
f 5434//5465 5362//5496 5385//5466
f 5454//5497 5334//5498 5365//5404
f 5454//5497 5365//5404 5375//5401
f 5455//5499 5317//5500 5360//5501
f 5455//5499 5316//5502 5317//5500
f 5456//5503 5337//5430 5405//5429
f 5457//5504 5374//5457 5381//5456
f 5496//5505 5395//5506 5384//5507
f 5430//5459 5406//5508 5407//5460
f 5458//5509 5377//5510 5329//5511
f 5402//5495 5403//5512 5406//5508
f 5319//5513 4407//4457 4409//4459
f 5414//5514 5330//5515 5331//5516
f 5417//5439 5341//5386 5345//5440
f 5459//5517 5387//5518 5412//5519
f 5460//5520 5968//5383 5377//5510
f 5460//5520 5335//5381 5968//5383
f 5461//5521 5340//5448 5350//5405
f 5462//5522 5371//5523 5372//5524
f 5462//5522 5372//5524 5352//5485
f 5394//5525 4420//4470 4425//4475
f 5362//5496 1218//1287 1117//1191
f 5362//5496 1117//1191 5347//5526
f 5405//5429 5354//5427 5404//5426
f 5463//5527 5404//5426 5396//5428
f 5463//5527 5396//5428 5433//5463
f 5249//5325 5328//5528 5250//5319
f 5399//5420 5434//5465 5400//5421
f 5392//5413 5357//5415 5423//5447
f 5465//5529 5350//5405 5370//5398
f 5466//5530 5360//5501 5361//5531
f 5457//5504 5329//5511 5374//5457
f 5453//5532 5447//5481 5320//5431
f 5468//5533 5344//5453 5427//5452
f 5469//5534 5341//5386 5417//5439
f 5470//5535 5379//5422 5448//5483
f 5356//5536 4420//4470 5373//5537
f 5470//5535 5399//5420 5379//5422
f 5471//5538 5342//5539 5343//5437
f 5471//5538 5343//5437 5413//5434
f 5473//5540 5336//5396 5397//5417
f 5430//5459 5338//5461 5450//5488
f 5474//5541 5903//5542 5363//5543
f 5435//5467 5436//5384 5446//5480
f 5474//5541 5369//5544 5903//5542
f 5475//5545 5464//5546 5419//5547
f 5477//5548 5362//5496 5434//5465
f 5476//5549 5324//5550 5349//5551
f 5462//5522 5381//5456 5371//5523
f 5478//5552 5388//5492 5452//5491
f 5479//5553 5326//5425 5334//5498
f 5479//5553 5334//5498 5454//5497
f 5478//5552 5325//5554 5388//5492
f 5480//5555 5434//5465 5399//5420
f 5481//5556 5337//5430 5456//5503
f 5481//5556 6240//5557 5337//5430
f 5468//5533 5408//5471 5344//5453
f 5384//5507 5328//5528 5249//5325
f 5482//5558 5412//5519 5386//5559
f 5472//5560 5391//5412 5327//5561
f 5483//5562 5380//5407 5449//5487
f 5483//5562 5386//5559 5380//5407
f 5485//5563 5346//5464 5348//5423
f 5485//5563 5433//5463 5346//5464
f 5438//5473 5375//5401 5376//5403
f 5486//5564 5417//5439 5335//5381
f 5486//5564 5335//5381 5460//5520
f 5455//5499 5401//5436 5316//5502
f 5487//5565 5422//5411 5390//5410
f 5487//5565 5414//5514 5422//5411
f 5488//5566 5358//5484 5402//5495
f 5489//5567 5411//5468 5435//5467
f 5423//5447 5340//5448 5461//5521
f 1207//1227 5351//5472 5437//5469
f 1207//1227 1132//1204 5351//5472
f 5467//5568 5327//5561 5410//5569
f 5490//5570 5457//5504 5381//5456
f 5491//5571 5405//5429 5404//5426
f 5492//5572 5428//5454 5342//5539
f 5492//5572 5342//5539 5471//5538
f 5493//5573 5361//5531 5409//5486
f 5477//5548 1304//1341 1218//1287
f 5473//5540 5366//5394 5336//5396
f 5477//5548 1218//1287 5362//5496
f 5494//5574 5462//5522 5352//5485
f 5463//5527 5491//5571 5404//5426
f 5495//5575 5409//5486 5366//5394
f 5481//5556 5419//5547 6240//5557
f 5497//5576 5446//5480 5341//5386
f 5497//5576 5341//5386 5469//5534
f 5474//5541 5467//5568 5410//5569
f 5474//5541 5410//5569 5369//5544
f 5499//5577 5435//5467 5446//5480
f 5501//5578 5375//5401 5438//5473
f 5502//5579 5363//5543 5387//5518
f 5461//5521 5350//5405 5465//5529
f 5502//5579 5387//5518 5459//5517
f 5355//5433 5325//5554 5478//5552
f 5484//5580 5464//5546 5475//5545
f 5504//5581 5330//5515 5414//5514
f 5504//5581 5398//5419 5330//5515
f 5488//5566 5448//5483 5358//5484
f 5489//5567 5450//5488 5411//5468
f 5505//5582 5402//5495 5406//5508
f 5476//5549 5364//5406 5324//5550
f 5507//5583 5401//5436 5455//5499
f 5536//5584 5319//5513 4409//4459
f 5455//5499 5360//5501 5466//5530
f 5508//5585 5412//5519 5482//5558
f 5510//5586 5329//5511 5457//5504
f 5510//5586 5458//5509 5329//5511
f 5511//5587 5438//5473 5392//5413
f 5512//5588 5406//5508 5430//5459
f 5475//5545 5419//5547 5481//5556
f 5513//5589 5430//5459 5450//5488
f 5494//5574 5352//5485 5447//5481
f 5498//5590 5394//5525 4425//4475
f 5514//5591 5433//5463 5485//5563
f 5514//5591 5463//5527 5433//5463
f 1266//1333 5408//5471 5468//5533
f 1266//1333 5437//5469 5408//5471
f 5439//5592 5389//5493 5395//5506
f 5439//5592 5395//5506 5496//5505
f 5516//5593 5460//5520 5377//5510
f 5517//5594 5326//5425 5479//5553
f 5509//5595 5490//5570 5381//5456
f 5517//5594 5451//5490 5326//5425
f 5501//5578 5454//5497 5375//5401
f 5518//5596 5366//5394 5473//5540
f 5516//5593 5486//5564 5460//5520
f 5491//5571 5456//5503 5405//5429
f 5520//5597 5934//5400 5921//5598
f 5519//5599 5450//5488 5489//5567
f 5521//5600 5320//5431 5355//5433
f 5466//5530 5361//5531 5493//5573
f 5522//5601 5448//5483 5488//5566
f 5523//5602 5480//5555 5399//5420
f 5523//5602 5399//5420 5470//5535
f 5485//5563 5348//5423 5451//5490
f 5524//5603 5500//5604 5392//5413
f 5524//5603 5392//5413 5423//5447
f 5505//5582 5488//5566 5402//5495
f 5525//5605 5469//5534 5417//5439
f 5525//5605 5417//5439 5486//5564
f 5526//5606 5349//5551 5356//5536
f 5511//5587 5392//5413 5500//5604
f 5527//5607 5447//5481 5453//5532
f 5528//5608 5491//5571 5463//5527
f 5507//5583 5413//5434 5401//5436
f 1266//1333 1207//1227 5437//5469
f 5509//5595 5381//5456 5462//5522
f 5529//5609 5378//5610 5319//5513
f 5529//5609 5319//5513 5536//5584
f 5503//5611 5414//5514 5487//5565
f 5516//5593 5377//5510 5458//5509
f 5459//5517 5412//5519 5508//5585
f 5499//5577 5446//5480 5497//5576
f 5530//5612 5454//5497 5501//5578
f 5519//5599 5513//5589 5450//5488
f 5489//5567 5435//5467 5499//5577
f 5370//5398 5934//5400 5520//5597
f 5531//5613 5496//5505 5384//5507
f 5522//5601 5470//5535 5448//5483
f 5518//5596 5506//5614 5366//5394
f 5532//5615 5394//5525 5498//5590
f 5533//5616 5364//5406 5476//5549
f 5534//5617 5423//5447 5461//5521
f 5258//5335 5384//5507 5249//5325
f 5535//5618 5390//5410 5391//5412
f 5535//5618 5391//5412 5472//5560
f 5482//5558 5386//5559 5483//5562
f 5537//5619 5397//5417 5398//5419
f 5537//5619 5398//5419 5504//5581
f 5538//5620 5428//5454 5492//5572
f 5538//5620 5427//5452 5428//5454
f 5539//5621 5477//5548 5434//5465
f 5539//5621 5434//5465 5480//5555
f 5540//5622 5501//5578 5438//5473
f 5540//5622 5438//5473 5511//5587
f 5495//5575 5366//5394 5506//5614
f 5542//5623 5462//5522 5494//5574
f 5543//5624 5406//5508 5512//5588
f 5544//5625 5409//5486 5495//5575
f 5544//5625 5493//5573 5409//5486
f 5545//5626 5475//5545 5481//5556
f 5543//5624 5505//5582 5406//5508
f 5530//5612 5479//5553 5454//5497
f 5546//5627 5413//5434 5507//5583
f 5547//5628 5470//5535 5522//5601
f 5528//5608 5463//5527 5514//5591
f 5513//5589 5512//5588 5430//5459
f 5536//5584 4409//4459 4413//4463
f 5549//5629 5455//5499 5466//5530
f 5550//5630 5483//5562 5449//5487
f 5551//5631 5481//5556 5456//5503
f 5532//5615 5373//5537 5394//5525
f 5525//5605 5497//5576 5469//5534
f 5551//5631 5456//5503 5491//5571
f 5552//5632 5510//5586 5457//5504
f 5552//5632 5457//5504 5490//5570
f 5520//5597 5921//5598 5382//5633
f 5541//5634 5531//5613 5384//5507
f 5553//5635 5453//5532 5320//5431
f 5476//5549 5349//5551 5526//5606
f 5554//5636 5480//5555 5523//5602
f 5494//5574 5447//5481 5527//5607
f 5555//5637 5516//5593 5458//5509
f 5555//5637 5458//5509 5510//5586
f 5557//5474 5521//5600 5355//5433
f 5556//5638 5364//5406 5533//5616
f 5539//5621 1304//1341 5477//5548
f 5541//5634 5384//5507 5258//5335
f 5557//5474 5355//5433 5478//5552
f 5558//5639 5490//5570 5509//5595
f 5559//5640 5519//5599 5489//5567
f 5560//5641 5451//5490 5517//5594
f 5560//5641 5485//5563 5451//5490
f 5561//5642 5461//5521 5465//5529
f 5509//5595 5462//5522 5542//5623
f 5562//1412 1266//1333 5468//5533
f 5563//5643 5489//5567 5499//5577
f 5564//5644 5507//5583 5455//5499
f 5498//5590 4425//4475 4427//4476
f 5565//5645 5512//5588 5513//5589
f 5550//5630 5449//5487 5364//5406
f 5566//5646 5515//5647 5484//5580
f 5567//5648 5525//5605 5486//5564
f 5546//5627 5471//5538 5413//5434
f 5568//5649 5494//5574 5527//5607
f 5555//5637 5510//5586 5552//5632
f 5553//5635 5320//5431 5521//5600
f 5569//5650 5474//5541 5363//5543
f 5569//5650 5363//5543 5502//5579
f 5382//5633 5378//5610 5529//5609
f 5570//5651 5468//5533 5427//5452
f 5570//5651 5427//5452 5538//5620
f 1369//1438 1304//1341 5539//5621
f 5571//5652 5466//5530 5493//5573
f 5572//5653 5475//5545 5545//5626
f 5572//5653 5484//5580 5475//5545
f 5553//5635 5527//5607 5453//5532
f 5573//5654 5505//5582 5543//5624
f 5573//5654 5488//5566 5505//5582
f 5504//5581 5414//5514 5503//5611
f 5574//5655 5501//5578 5540//5622
f 5574//5655 5530//5612 5501//5578
f 5563//5643 5559//5640 5489//5567
f 5576//5656 5373//5537 5532//5615
f 5547//5628 5523//5602 5470//5535
f 5579//5657 5539//5621 5480//5555
f 5579//5657 5480//5555 5554//5636
f 5526//5606 5356//5536 5373//5537
f 5581//5658 5577//5659 5578//5660
f 5582//5661 5482//5558 5483//5562
f 5542//5623 5575//5662 5509//5595
f 5583//5663 5397//5417 5537//5619
f 5583//5663 5473//5540 5397//5417
f 5584//5664 5577//5659 5581//5658
f 5467//5568 5472//5560 5327//5561
f 5543//5624 5512//5588 5565//5645
f 5545//5626 5481//5556 5551//5631
f 5585//5665 5497//5576 5525//5605
f 5586//5666 5548//5667 5515//5647
f 5587//5668 5516//5593 5555//5637
f 5587//5668 5486//5564 5516//5593
f 4448//4501 5581//5658 5578//5660
f 4448//4501 5578//5660 4444//4497
f 5588//5669 5467//5568 5474//5541
f 5551//5631 5491//5571 5528//5608
f 5564//5644 5455//5499 5549//5629
f 6149//5670 5577//5659 5584//5664
f 5590//5671 5517//5594 5479//5553
f 5590//5671 5479//5553 5530//5612
f 5591//5672 5528//5608 5514//5591
f 5592//5673 5581//5658 4448//4501
f 5593//5674 5471//5538 5546//5627
f 5593//5674 5492//5572 5471//5538
f 5594//5675 5514//5591 5485//5563
f 5594//5675 5485//5563 5560//5641
f 5524//5603 5423//5447 5534//5617
f 5580//5676 5525//5605 5567//5648
f 5595//5677 5584//5664 5581//5658
f 5575//5662 5558//5639 5509//5595
f 5596//5678 5500//5604 5524//5603
f 5597//5679 5472//5560 5467//5568
f 5556//5638 5550//5630 5364//5406
f 5598//5680 5523//5602 5547//5628
f 5599//5681 5547//5628 5522//5601
f 5600//5682 5390//5410 5535//5618
f 5600//5682 5487//5565 5390//5410
f 5579//5657 1369//1438 5539//5621
f 6149//5670 5584//5664 5595//5677
f 5602//5683 5502//5579 5459//5517
f 5602//5683 5459//5517 5508//5585
f 5601//5684 5581//5658 5592//5673
f 5552//5632 5490//5570 5558//5639
f 5585//5665 5499//5577 5497//5576
f 5595//5677 5581//5658 5601//5684
f 5582//5661 5483//5562 5550//5630
f 5604//5685 5546//5627 5507//5583
f 5604//5685 5507//5583 5564//5644
f 5573//5654 5522//5601 5488//5566
f 5592//5673 4448//4501 4453//4444
f 5586//5666 5515//5647 5566//5646
f 5587//5668 5567//5648 5486//5564
f 5605//5686 5566//5646 5484//5580
f 5605//5686 5484//5580 5572//5653
f 5606//5687 6095//5688 5589//5689
f 5607//5690 6149//5670 5595//5677
f 5439//5592 5496//5505 5531//5613
f 5608//5691 5589//5689 6149//5670
f 5609//5692 5506//5614 5518//5596
f 5611//5693 5537//5619 5504//5581
f 5612//5694 5551//5631 5528//5608
f 5603//5695 5555//5637 5552//5632
f 5606//5687 5589//5689 5608//5691
f 5608//5691 6149//5670 5607//5690
f 5601//5684 5592//5673 4453//4444
f 1437//1506 1369//1438 5579//5657
f 5585//5665 5525//5605 5580//5676
f 5606//5687 5610//5696 6095//5688
f 5443//5697 5478//5552 5452//5491
f 5613//5698 5549//5629 5466//5530
f 5613//5698 5466//5530 5571//5652
f 5614//5699 5595//5677 5601//5684
f 5615//5700 5499//5577 5585//5665
f 5617//5701 5543//5624 5565//5645
f 5562//1412 5468//5533 5570//5651
f 5619//5702 5545//5626 5551//5631
f 5619//5702 5572//5653 5545//5626
f 5621//5703 5601//5684 4453//4444
f 5607//5690 5595//5677 5614//5699
f 5465//5529 5370//5398 5644//5704
f 5622//5705 5569//5650 5502//5579
f 5623//5706 5606//5687 5608//5691
f 5618//5707 5610//5696 5606//5687
f 5624//5708 5567//5648 5587//5668
f 5614//5699 5601//5684 5621//5703
f 5625//5709 5519//5599 5559//5640
f 5626//5710 5527//5607 5553//5635
f 5627//5711 5540//5622 5511//5587
f 5628//5712 5587//5668 5555//5637
f 5629//5713 5565//5645 5513//5589
f 5630//5714 5518//5596 5473//5540
f 5630//5714 5473//5540 5583//5663
f 5629//5713 5513//5589 5519//5599
f 5511//5587 5500//5604 5596//5678
f 5568//5649 5542//5623 5494//5574
f 5632//5715 5467//5568 5588//5669
f 5633//5716 5554//5636 5523//5602
f 5633//5716 5523//5602 5598//5680
f 5635//5717 5607//5690 5614//5699
f 5636//5718 5608//5691 5607//5690
f 5615//5700 5563//5643 5499//5577
f 5598//5680 5547//5628 5599//5681
f 5557//5474 5478//5552 5443//5697
f 5638//5719 5591//5672 5514//5591
f 5638//5719 5514//5591 5594//5675
f 5639//5720 5618//5707 5606//5687
f 5617//5701 5573//5654 5543//5624
f 5639//5720 5606//5687 5623//5706
f 5444//5721 5389//5493 5439//5592
f 5444//5721 5452//5491 5389//5493
f 5599//5681 5522//5601 5573//5654
f 5640//5722 5552//5632 5558//5639
f 5641//5723 5373//5537 5576//5656
f 5641//5723 5526//5606 5373//5537
f 5642//5724 5575//5662 5542//5623
f 5643//5725 5504//5581 5503//5611
f 5642//5724 5542//5623 5568//5649
f 5636//5718 5607//5690 5635//5717
f 5644//5704 5370//5398 5520//5597
f 5645//5726 5538//5620 5492//5572
f 5645//5726 5492//5572 5593//5674
f 5658//5727 5620//5728 5618//5707
f 5658//5727 5618//5707 5639//5720
f 5646//5729 5590//5671 5530//5612
f 5646//5729 5530//5612 5574//5655
f 5647//5730 5571//5652 5493//5573
f 5647//5730 5493//5573 5544//5625
f 5588//5669 5474//5541 5569//5650
f 5649//5731 5524//5603 5534//5617
f 5631//5732 5603//5695 5552//5632
f 5650//5733 5476//5549 5526//5606
f 5651//5734 5503//5611 5487//5565
f 5653//5735 5560//5641 5517//5594
f 5653//5735 5517//5594 5590//5671
f 5651//5734 5487//5565 5600//5682
f 5654//5736 5608//5691 5636//5718
f 5652//5737 5585//5665 5580//5676
f 5654//5736 5623//5706 5608//5691
f 5597//5679 5535//5618 5472//5560
f 5563//5643 5625//5709 5559//5640
f 5715//5738 5532//5615 5498//5590
f 5656//5739 5548//5667 5586//5666
f 5658//5727 5634//5740 5620//5728
f 5659//5741 5563//5643 5615//5700
f 5631//5732 5552//5632 5640//5722
f 5660//5742 5558//5639 5575//5662
f 5661//5743 5621//5703 4453//4444
f 5662//5744 5534//5617 5461//5521
f 5661//5743 4453//4444 4395//4443
f 5662//5744 5461//5521 5561//5642
f 5657//5745 5573//5654 5617//5701
f 5663//5746 5614//5699 5621//5703
f 5663//5746 5635//5717 5614//5699
f 5650//5733 5533//5616 5476//5549
f 5586//5666 5566//5646 5605//5686
f 5665//5747 5648//5748 5634//5740
f 5665//5747 5634//5740 5658//5727
f 5666//5749 5574//5655 5540//5622
f 1525//1573 1437//1506 5579//5657
f 5667//5750 5551//5631 5612//5694
f 5609//5692 5495//5575 5506//5614
f 5668//5751 5593//5674 5546//5627
f 5668//5751 5546//5627 5604//5685
f 5669//5752 5623//5706 5654//5736
f 5669//5752 5639//5720 5623//5706
f 5443//5697 5452//5491 5444//5721
f 5670//5753 5535//5618 5597//5679
f 5627//5711 5666//5749 5540//5622
f 5671//5754 5636//5718 5635//5717
f 5672//5755 5579//5657 5554//5636
f 5672//5755 5554//5636 5633//5716
f 5673//5756 5508//5585 5482//5558
f 5674//5757 5568//5649 5527//5607
f 5632//5715 5597//5679 5467//5568
f 5612//5694 5528//5608 5591//5672
f 5675//5758 5482//5558 5582//5661
f 5613//5698 5564//5644 5549//5629
f 5637//5759 5382//5633 5529//5609
f 5628//5712 5555//5637 5603//5695
f 5656//5739 5616//5760 5548//5667
f 5629//5713 5519//5599 5625//5709
f 5671//5754 5654//5736 5636//5718
f 5617//5701 5565//5645 5629//5713
f 5676//5761 5537//5619 5611//5693
f 5676//5761 5583//5663 5537//5619
f 5677//5762 5658//5727 5639//5720
f 5677//5762 5639//5720 5669//5752
f 5642//5724 5660//5742 5575//5662
f 5678//5763 5621//5703 5661//5743
f 5655//5764 5498//5590 4427//4476
f 5679//5765 5591//5672 5638//5719
f 5680//5766 5624//5708 5587//5668
f 5680//5766 5587//5668 5628//5712
f 5624//5708 5580//5676 5567//5648
f 5671//5754 5635//5717 5663//5746
f 5627//5711 5511//5587 5664//5767
f 5682//5768 5626//5710 5553//5635
f 5681//5769 5648//5748 5665//5747
f 5682//5768 5553//5635 5521//5600
f 5683//5770 5648//5748 5681//5769
f 5684//5771 5518//5596 5630//5714
f 5684//5771 5609//5692 5518//5596
f 5667//5750 5619//5702 5551//5631
f 5685//5772 5603//5695 5631//5732
f 5596//5678 5524//5603 5649//5731
f 5686//5773 5665//5747 5658//5727
f 5687//5774 5654//5736 5671//5754
f 5688//5775 5598//5680 5599//5681
f 5663//5746 5621//5703 5678//5763
f 1477//1495 5562//1412 5570//5651
f 5611//5693 5504//5581 5643//5725
f 5689//5776 5536//5584 4413//4463
f 5690//5777 5573//5654 5657//5745
f 5690//5777 5599//5681 5573//5654
f 5691//5778 5605//5686 5572//5653
f 5693//5779 5572//5653 5619//5702
f 5687//5774 5669//5752 5654//5736
f 5694//5780 5570//5651 5538//5620
f 5694//5780 5538//5620 5645//5726
f 5695//5781 5585//5665 5652//5737
f 5695//5781 5615//5700 5585//5665
f 5696//5782 5576//5656 5532//5615
f 5696//5782 5532//5615 5715//5738
f 5664//5767 5511//5587 5596//5678
f 5697//5783 5671//5754 5663//5746
f 5674//5757 5527//5607 5626//5710
f 5698//5784 5563//5643 5659//5741
f 5699//5785 5683//5770 5681//5769
f 5700//5786 5560//5641 5653//5735
f 5700//5786 5594//5675 5560//5641
f 5701//5787 5658//5727 5677//5762
f 5637//5759 5529//5609 5536//5584
f 5703//5788 5564//5644 5613//5698
f 5703//5788 5604//5685 5564//5644
f 5704//5789 5495//5575 5609//5692
f 5640//5722 5558//5639 5660//5742
f 5440//5477 5521//5600 5557//5474
f 5705//5790 5616//5760 5656//5739
f 5673//5756 5602//5683 5508//5585
f 5675//5758 5673//5756 5482//5558
f 5677//5762 5669//5752 5687//5774
f 5681//5769 5665//5747 5686//5773
f 5706//5791 5619//5702 5667//5750
f 5686//5773 5658//5727 5701//5787
f 5707//5792 5613//5698 5571//5652
f 5707//5792 5571//5652 5647//5730
f 5652//5737 5580//5676 5624//5708
f 5695//5781 5659//5741 5615//5700
f 5710//5793 5624//5708 5680//5766
f 5711//5794 5697//5783 5663//5746
f 1525//1573 5579//5657 5672//5755
f 5649//5731 5534//5617 5662//5744
f 4430//4480 5655//5764 4427//4476
f 5712//5795 5597//5679 5632//5715
f 5713//5796 5671//5754 5697//5783
f 5714//5797 5657//5745 5617//5701
f 5713//5796 5687//5774 5671//5754
f 5715//5738 5498//5590 5655//5764
f 5702//5798 5683//5770 5699//5785
f 5716//5799 5677//5762 5687//5774
f 5717//5800 5681//5769 5686//5773
f 5643//5725 5503//5611 5651//5734
f 5718//5801 5617//5701 5629//5713
f 5719//5802 5590//5671 5646//5729
f 5719//5802 5653//5735 5590//5671
f 5720//5803 5533//5616 5650//5733
f 5721//5804 5569//5650 5622//5705
f 5698//5784 5625//5709 5563//5643
f 5722//5805 5550//5630 5556//5638
f 5723//5806 5685//5772 5631//5732
f 5724//5807 5697//5783 5711//5794
f 5685//5772 5628//5712 5603//5695
f 5650//5733 5526//5606 5641//5723
f 5691//5778 5572//5653 5693//5779
f 5727//5808 5561//5642 5465//5529
f 5705//5790 5692//5809 5616//5760
f 5709//5810 5659//5741 5695//5781
f 5729//5811 5593//5674 5668//5751
f 5728//5812 5699//5785 5681//5769
f 5728//5812 5681//5769 5717//5800
f 5729//5811 5645//5726 5593//5674
f 5716//5799 5701//5787 5677//5762
f 5730//5813 5598//5680 5688//5775
f 4399//4449 5661//5743 4395//4443
f 5730//5813 5633//5716 5598//5680
f 5706//5791 5693//5779 5619//5702
f 5694//5780 1477//1495 5570//5651
f 5856//5814 4413//4463 4415//4465
f 5670//5753 5597//5679 5712//5795
f 5711//5794 5663//5746 5678//5763
f 5713//5796 5697//5783 5724//5807
f 5732//5815 5576//5656 5696//5782
f 5733//5816 5702//5798 5699//5785
f 5734//5817 5678//5763 5661//5743
f 5734//5817 5661//5743 4399//4449
f 5704//5789 5544//5625 5495//5575
f 5441//5475 5557//5474 5443//5697
f 5717//5800 5686//5773 5701//5787
f 5735//5818 5591//5672 5679//5765
f 5736//5819 5600//5682 5535//5618
f 5737//5820 5716//5799 5687//5774
f 5737//5820 5687//5774 5713//5796
f 5735//5818 5612//5694 5591//5672
f 5709//5810 5698//5784 5659//5741
f 5736//5819 5535//5618 5670//5753
f 5738//5821 5599//5681 5690//5777
f 5738//5821 5688//5775 5599//5681
f 5440//5477 5682//5768 5521//5600
f 5739//5822 5583//5663 5676//5761
f 5718//5801 5714//5797 5617//5701
f 5723//5806 5631//5732 5640//5722
f 5740//5823 5628//5712 5685//5772
f 5741//5824 5502//5579 5602//5683
f 5741//5824 5622//5705 5502//5579
f 5726//5825 5702//5798 5731//5826
f 5263//5354 5541//5634 5258//5335
f 5674//5757 5642//5724 5568//5649
f 5731//5826 5702//5798 5733//5816
f 5744//5827 5627//5711 5664//5767
f 5733//5816 5699//5785 5728//5812
f 5745//5828 5695//5781 5652//5737
f 5711//5794 5678//5763 5734//5817
f 5746//5829 5586//5666 5605//5686
f 5748//5830 5588//5669 5569//5650
f 5747//5831 5692//5809 5705//5790
f 5749//5832 5657//5745 5714//5797
f 5750//5833 5605//5686 5691//5778
f 5689//5776 4413//4463 5856//5814
f 5703//5788 5613//5698 5725//5834
f 5737//5820 5713//5796 5743//5835
f 5646//5729 5574//5655 5666//5749
f 5751//5836 5701//5787 5716//5799
f 5752//5837 5624//5708 5710//5793
f 5752//5837 5652//5737 5624//5708
f 5689//5776 5637//5759 5536//5584
f 1536//1597 1477//1495 5694//5780
f 5731//5826 5418//5444 5726//5825
f 5753//5838 5604//5685 5703//5788
f 5753//5838 5668//5751 5604//5685
f 5754//5839 5465//5529 5644//5704
f 1590//1636 1525//1573 5672//5755
f 5582//5661 5550//5630 5722//5805
f 5755//5840 5728//5812 5717//5800
f 5725//5834 5613//5698 5707//5792
f 5756//5841 5594//5675 5700//5786
f 5756//5841 5638//5719 5594//5675
f 5708//5842 5642//5724 5674//5757
f 5739//5822 5630//5714 5583//5663
f 5757//5843 5672//5755 5633//5716
f 5758//5844 5733//5816 5728//5812
f 5757//5843 5633//5716 5730//5813
f 5759//5845 5660//5742 5642//5724
f 5760//5846 5531//5613 5541//5634
f 5760//5846 5541//5634 5263//5354
f 5762//5847 5717//5800 5701//5787
f 5762//5847 5701//5787 5751//5836
f 5763//5848 5647//5730 5544//5625
f 5763//5848 5544//5625 5704//5789
f 5680//5766 5628//5712 5740//5823
f 5764//5849 5655//5764 4430//4480
f 5765//5850 5713//5796 5724//5807
f 5415//5442 5418//5444 5731//5826
f 5766//5851 5611//5693 5643//5725
f 5767//5852 5700//5786 5653//5735
f 5767//5852 5653//5735 5719//5802
f 5749//5832 5690//5777 5657//5745
f 5768//5853 5674//5757 5626//5710
f 5520//5597 5382//5633 5637//5759
f 5769//5854 5737//5820 5743//5835
f 5770//5855 5649//5731 5662//5744
f 5732//5815 5641//5723 5576//5656
f 5744//5827 5666//5749 5627//5711
f 5751//5836 5716//5799 5737//5820
f 5771//5856 5533//5616 5720//5803
f 5771//5856 5556//5638 5533//5616
f 5746//5829 5656//5739 5586//5666
f 5772//5857 5724//5807 5711//5794
f 5773//5858 5646//5729 5666//5749
f 5774//5859 5694//5780 5645//5726
f 5774//5859 5645//5726 5729//5811
f 5775//5860 5734//5817 5761//5861
f 5775//5860 5711//5794 5734//5817
f 5684//5771 5704//5789 5609//5692
f 5755//5840 5717//5800 5762//5847
f 5748//5830 5632//5715 5588//5669
f 5730//5813 5688//5775 5738//5821
f 5743//5835 5713//5796 5765//5850
f 5750//5833 5746//5829 5605//5686
f 5758//5844 5728//5812 5755//5840
f 5776//5862 5625//5709 5698//5784
f 5779//5863 5731//5826 5733//5816
f 5721//5804 5748//5830 5569//5650
f 5415//5442 5731//5826 5420//5446
f 5777//5864 5650//5733 5641//5723
f 5778//5865 5629//5713 5625//5709
f 5761//5861 5734//5817 4399//4449
f 5759//5845 5642//5724 5708//5842
f 5772//5857 5711//5794 5775//5860
f 5768//5853 5626//5710 5682//5768
f 5779//5863 5733//5816 5758//5844
f 5780//5866 5643//5725 5651//5734
f 5781//5867 5444//5721 5439//5592
f 5881//5868 5561//5642 5727//5808
f 5420//5446 5731//5826 5779//5863
f 5782//5869 5740//5823 5685//5772
f 5783//5870 5667//5750 5612//5694
f 5783//5870 5612//5694 5735//5818
f 5727//5808 5465//5529 5754//5839
f 5784//5871 5651//5734 5600//5682
f 5784//5871 5600//5682 5736//5819
f 5785//5872 5698//5784 5709//5810
f 5786//5873 5749//5832 5714//5797
f 5787//5874 5685//5772 5723//5806
f 5787//5874 5782//5869 5685//5772
f 5788//5875 5714//5797 5718//5801
f 5789//5876 5723//5806 5640//5722
f 5789//5876 5640//5722 5660//5742
f 5790//5877 5652//5737 5752//5837
f 5790//5877 5745//5828 5652//5737
f 5765//5850 5724//5807 5772//5857
f 5791//5878 5666//5749 5744//5827
f 5792//5879 5743//5835 5765//5850
f 5745//5828 5709//5810 5695//5781
f 5721//5804 5622//5705 5741//5824
f 5793//5880 5656//5739 5746//5829
f 5794//5881 5679//5765 5638//5719
f 5741//5824 5602//5683 5673//5756
f 5794//5881 5638//5719 5756//5841
f 5795//5882 5596//5678 5649//5731
f 5796//5883 5742//5884 5692//5809
f 5778//5865 5718//5801 5629//5713
f 5796//5883 5692//5809 5747//5831
f 5797//5885 5737//5820 5769//5854
f 1615//1646 5672//5755 5757//5843
f 1615//1646 1590//1636 5672//5755
f 5798//5886 5762//5847 5751//5836
f 5424//5449 5420//5446 5779//5863
f 5799//5887 5753//5838 5703//5788
f 5800//5888 5757//5843 5730//5813
f 5802//5889 5755//5840 5762//5847
f 5803//5890 5416//5443 5415//5442
f 5771//5856 5722//5805 5556//5638
f 5804//5891 5641//5723 5732//5815
f 5805//5892 5732//5815 5696//5782
f 5806//5893 5690//5777 5749//5832
f 5807//5894 5751//5836 5737//5820
f 5774//5859 1588//1634 1536//1597
f 5806//5893 5738//5821 5690//5777
f 5774//5859 1536//1597 5694//5780
f 5807//5894 5737//5820 5797//5885
f 5788//5875 5786//5873 5714//5797
f 5760//5846 5439//5592 5531//5613
f 5785//5872 5776//5862 5698//5784
f 5803//5890 5801//5895 5416//5443
f 5808//5896 5750//5833 5691//5778
f 5809//5897 5582//5661 5722//5805
f 5808//5896 5691//5778 5693//5779
f 5810//5898 5710//5793 5680//5766
f 5662//5744 5561//5642 5881//5868
f 5811//5899 5718//5801 5778//5865
f 5812//5900 5777//5864 5641//5723
f 5813//5901 5709//5810 5745//5828
f 5810//5898 5680//5766 5740//5823
f 5778//5865 5625//5709 5776//5862
f 5802//5889 5758//5844 5755//5840
f 5815//5902 5668//5751 5753//5838
f 5793//5880 5705//5790 5656//5739
f 5792//5879 5769//5854 5743//5835
f 5818//5903 5647//5730 5763//5848
f 5818//5903 5707//5792 5647//5730
f 5819//5904 5730//5813 5738//5821
f 5777//5864 5720//5803 5650//5733
f 5786//5873 5806//5893 5749//5832
f 5820//5905 5745//5828 5790//5877
f 5798//5886 5751//5836 5807//5894
f 5821//5906 5676//5761 5611//5693
f 5426//5451 5424//5449 5779//5863
f 5821//5906 5611//5693 5766//5851
f 5664//5767 5596//5678 5795//5882
f 5784//5871 5780//5866 5651//5734
f 5822//5907 5758//5844 5802//5889
f 5822//5907 5779//5863 5758//5844
f 5756//5841 5700//5786 5767//5852
f 5823//5908 5696//5782 5715//5738
f 5814//5909 5748//5830 5721//5804
f 5824//5910 5723//5806 5789//5876
f 5824//5910 5787//5874 5723//5806
f 5825//5911 5721//5804 5741//5824
f 5766//5851 5643//5725 5780//5866
f 5761//5861 4399//4449 4403//4453
f 5826//5912 5801//5895 5803//5890
f 5827//5913 5674//5757 5768//5853
f 5828//5914 5706//5791 5667//5750
f 5797//5885 5769//5854 5792//5879
f 5828//5914 5667//5750 5783//5870
f 5811//5899 5788//5875 5718//5801
f 5810//5898 5752//5837 5710//5793
f 5813//5901 5785//5872 5709//5810
f 5826//5912 6161//5915 5801//5895
f 5830//5916 5440//5477 5442//5476
f 5831//5917 5762//5847 5798//5886
f 5832//5918 5673//5756 5675//5758
f 5834//5919 5765//5850 5772//5857
f 5799//5887 5703//5788 5725//5834
f 5835//5920 5684//5771 5630//5714
f 5836//5921 5771//5856 5720//5803
f 5837//5922 5705//5790 5793//5880
f 5838//5923 5757//5843 5800//5888
f 5826//5912 5803//5890 5829//5924
f 5839//5925 5415//5442 5421//5445
f 5839//5925 5803//5890 5415//5442
f 5819//5904 5738//5821 5806//5893
f 5729//5811 5668//5751 5815//5902
f 5812//5900 5641//5723 5804//5891
f 5840//5926 5646//5729 5773//5858
f 5840//5926 5719//5802 5646//5729
f 5841//5927 5740//5823 5782//5869
f 5426//5451 5779//5863 5822//5907
f 5842//5928 5800//5888 5730//5813
f 5842//5928 5730//5813 5819//5904
f 5781//5867 5439//5592 5760//5846
f 5843//5929 5675//5758 5582//5661
f 5845//5930 5712//5795 5632//5715
f 5845//5930 5632//5715 5748//5830
f 5831//5917 5802//5889 5762//5847
f 5847//5931 5679//5765 5794//5881
f 5847//5931 5735//5818 5679//5765
f 5849//5932 5780//5866 5784//5871
f 5817//5933 5742//5884 5796//5883
f 5850//5934 5759//5845 5708//5842
f 5829//5924 5803//5890 5839//5925
f 5851//5935 5792//5879 5765//5850
f 5851//5935 5765//5850 5834//5919
f 5853//5936 5752//5837 5810//5898
f 5838//5923 1615//1646 5757//5843
f 5854//5937 5789//5876 5660//5742
f 5854//5937 5660//5742 5759//5845
f 5855//5938 5630//5714 5739//5822
f 5856//5814 4415//4465 4420//4470
f 5857//5939 5813//5901 5745//5828
f 5857//5939 5745//5828 5820//5905
f 5823//5908 5805//5892 5696//5782
f 5858//5940 5670//5753 5712//5795
f 5858//5940 5736//5819 5670//5753
f 5841//5927 5810//5898 5740//5823
f 5859//5941 5440//5477 5830//5916
f 5791//5878 5773//5858 5666//5749
f 5861//5942 5791//5878 5744//5827
f 5860//5943 5798//5886 5807//5894
f 5862//5944 5775//5860 5761//5861
f 5862//5944 5761//5861 4403//4453
f 5863//5945 5778//5865 5776//5862
f 5864//5946 5802//5889 5831//5917
f 5863//5945 5811//5899 5778//5865
f 5848//5947 6161//5915 5826//5912
f 5865//5948 5750//5833 5808//5896
f 5865//5948 5746//5829 5750//5833
f 5837//5922 5747//5831 5705//5790
f 5866//5949 5794//5881 5756//5841
f 5838//5923 982//1115 1615//1646
f 5818//5903 5725//5834 5707//5792
f 5867//5950 5792//5879 5851//5935
f 5833//5951 5704//5789 5684//5771
f 5868//5952 5768//5853 5682//5768
f 5869//5953 5839//5925 5421//5445
f 5843//5929 5582//5661 5809//5897
f 5835//5920 5833//5951 5684//5771
f 5859//5941 5682//5768 5440//5477
f 5870//5954 5426//5451 5822//5907
f 5871//5955 5767//5852 5719//5802
f 5871//5955 5852//5418 5767//5852
f 5844//5956 5799//5887 5725//5834
f 5872//5957 5722//5805 5771//5856
f 5873//5958 5802//5889 5864//5946
f 5873//5958 5822//5907 5802//5889
f 5850//5934 5708//5842 5674//5757
f 5860//5943 5831//5917 5798//5886
f 5874//5959 5773//5858 5791//5878
f 5862//5944 5772//5857 5775//5860
f 5875//5960 5826//5912 5829//5924
f 5877//5961 5664//5767 5846//5962
f 5877//5961 5744//5827 5664//5767
f 5878//5963 5739//5822 5676//5761
f 5878//5963 5676//5761 5821//5906
f 5879//5964 5816//5965 5817//5933
f 5387//5518 5662//5744 5881//5868
f 5880//5966 5819//5904 5806//5893
f 5881//5868 5727//5808 5754//5839
f 5760//5846 5263//5354 5269//5348
f 5883//5967 5693//5779 5706//5791
f 5883//5967 5706//5791 5828//5914
f 5884//5968 5777//5864 5812//5900
f 5885//5969 5786//5873 5788//5875
f 5886//5970 5800//5888 5842//5928
f 5886//5970 5838//5923 5800//5888
f 5887//5971 5741//5824 5673//5756
f 5887//5971 5673//5756 5832//5918
f 5441//5475 5443//5697 5444//5721
f 5823//5908 5715//5738 5655//5764
f 5832//5918 5675//5758 5843//5929
f 5853//5936 5790//5877 5752//5837
f 5867//5950 5797//5885 5792//5879
f 5380//5407 5644//5704 5520//5597
f 5888//5972 5774//5859 5729//5811
f 5875//5960 5848//5947 5826//5912
f 5441//5475 5830//5916 5442//5476
f 5825//5911 5814//5909 5721//5804
f 5889//5973 5776//5862 5785//5872
f 5890//5974 5831//5917 5860//5943
f 5834//5919 5772//5857 5862//5944
f 5852//5418 5756//5841 5767//5852
f 5799//5887 5815//5902 5753//5838
f 5891//5975 5788//5875 5811//5899
f 5892//5976 5848//5947 5875//5960
f 5836//5921 5720//5803 5777//5864
f 5893//5977 5704//5789 5833//5951
f 5871//5955 5719//5802 5840//5926
f 5895//5978 5797//5885 5867//5950
f 5895//5978 5807//5894 5797//5885
f 5869//5953 5421//5445 5425//5450
f 5870//5954 5822//5907 5873//5958
f 5896//5979 5441//5475 5444//5721
f 5885//5969 5806//5893 5786//5873
f 5897//5980 5781//5867 5760//5846
f 5898//5981 5790//5877 5853//5936
f 5899//5982 5810//5898 5882//5983
f 5899//5982 5853//5936 5810//5898
f 5872//5957 5809//5897 5722//5805
f 5904//5984 5854//5937 5759//5845
f 5824//5910 5789//5876 5854//5937
f 5804//5891 5732//5815 5805//5892
f 5324//5550 5689//5776 5856//5814
f 5900//5985 5814//5909 5825//5911
f 5901//5986 5735//5818 5847//5931
f 5864//5946 5831//5917 5890//5974
f 5901//5986 5783//5870 5735//5818
f 5875//5960 5829//5924 5839//5925
f 5846//5962 5664//5767 5795//5882
f 5889//5973 5863//5945 5776//5862
f 5902//5987 5819//5904 5880//5966
f 5902//5987 5842//5928 5819//5904
f 5903//5542 5649//5731 5770//5855
f 5904//5984 5759//5845 5850//5934
f 5888//5972 5729//5811 5815//5902
f 5891//5975 5811//5899 5863//5945
f 5835//5920 5630//5714 5855//5938
f 5905//5385 5736//5819 5858//5940
f 5905//5385 5784//5871 5736//5819
f 5906//5988 5818//5903 5763//5848
f 5907//5408 5637//5759 5689//5776
f 5868//5952 5682//5768 5859//5941
f 5908//5989 5817//5933 5796//5883
f 5328//5528 5655//5764 5764//5849
f 5909//5990 5885//5969 5788//5875
f 5882//5983 5810//5898 5841//5927
f 5844//5956 5725//5834 5818//5903
f 5910//5435 5793//5880 5746//5829
f 5910//5435 5746//5829 5865//5948
f 5850//5934 5674//5757 5827//5913
f 5898//5981 5820//5905 5790//5877
f 5911//5991 5782//5869 5787//5874
f 5911//5991 5841//5927 5782//5869
f 5250//5319 5764//5849 4430//4480
f 5888//5972 1588//1634 5774//5859
f 5898//5981 5853//5936 5899//5982
f 5429//5455 5426//5451 5870//5954
f 5893//5977 5763//5848 5704//5789
f 5912//5992 5873//5958 5864//5946
f 982//1115 5838//5923 5886//5970
f 5913//5993 5747//5831 5837//5922
f 5913//5993 5796//5883 5747//5831
f 5914//5994 5807//5894 5895//5978
f 5914//5994 5860//5943 5807//5894
f 5858//5940 5712//5795 5845//5930
f 5915//5995 5760//5846 5269//5348
f 5916//5996 5848//5947 5892//5976
f 5916//5996 5894//5997 5848//5947
f 5855//5938 5739//5822 5878//5963
f 5917//5998 5896//5979 5444//5721
f 5917//5998 5444//5721 5781//5867
f 5918//5470 5816//5965 5879//5964
f 5919//5999 5839//5925 5869//5953
f 5920//6000 5824//5910 5854//5937
f 5367//5395 5794//5881 5866//5949
f 5367//5395 5847//5931 5794//5881
f 5921//5598 5867//5950 5851//5935
f 5380//5407 5520//5597 5637//5759
f 5909//5990 5788//5875 5891//5975
f 5923//6001 5869//5953 5425//5450
f 5924//6002 5787//5874 5824//5910
f 5877//5961 5861//5942 5744//5827
f 5372//5524 5809//5897 5872//5957
f 5771//5856 5836//5921 5922//5432
f 5925//6003 5813//5901 5857//5939
f 5926//6004 5899//5982 5882//5983
f 5927//6005 5889//5973 5785//5872
f 5927//6005 5785//5872 5813//5901
f 5754//5839 5644//5704 5380//5407
f 5928//6006 5820//5905 5898//5981
f 5250//5319 4430//4480 4432//4482
f 5929//5458 5741//5824 5887//5971
f 5929//5458 5825//5911 5741//5824
f 5930//6007 5880//5966 5806//5893
f 5930//6007 5806//5893 5885//5969
f 5866//5949 5756//5841 5852//5418
f 5903//5542 5770//5855 5662//5744
f 5903//5542 5662//5744 5387//5518
f 4407//4457 5862//5944 4403//4453
f 5919//5999 5875//5960 5839//5925
f 5331//5516 5773//5858 5874//5959
f 5331//5516 5840//5926 5773//5858
f 5889//5973 5891//5975 5863//5945
f 5888//5972 1006//1088 1588//1634
f 5918//5470 5876//6008 5816//5965
f 5879//5964 5817//5933 5908//5989
f 5931//6009 5763//5848 5893//5977
f 5932//6010 5842//5928 5902//5987
f 5932//6010 5886//5970 5842//5928
f 5317//5500 5693//5779 5883//5967
f 1079//1139 982//1115 5886//5970
f 5317//5500 5808//5896 5693//5779
f 5933//5382 5748//5830 5814//5909
f 5933//5382 5845//5930 5748//5830
f 5384//5507 5823//5908 5655//5764
f 5934//5400 5867//5950 5921//5598
f 5384//5507 5655//5764 5328//5528
f 5935//5489 5821//5906 5766//5851
f 5935//5489 5766//5851 5780//5866
f 5936//6011 5862//5944 4407//4457
f 5937//6012 5780//5866 5849//5932
f 5432//5462 5870//5954 5873//5958
f 5908//5989 5796//5883 5913//5993
f 5432//5462 5873//5958 5912//5992
f 5924//6002 5824//5910 5920//6000
f 5938//6013 5882//5983 5841//5927
f 5939//6014 5875//5960 5919//5999
f 5940//6015 5836//5921 5777//5864
f 5901//5986 5828//5914 5783//5870
f 5928//6006 5857//5939 5820//5905
f 5941//6016 5891//5975 5889//5973
f 5330//5515 5871//5955 5840//5926
f 5912//5992 5864//5946 5890//5974
f 5924//6002 5911//5991 5787//5874
f 5942//6017 5916//5996 5892//5976
f 5917//5998 5781//5867 5897//5980
f 5943//6018 5815//5902 5799//5887
f 5919//5999 5869//5953 5923//6001
f 5944//6019 5860//5943 5914//5994
f 5944//6019 5890//5974 5860//5943
f 5372//5524 5843//5929 5809//5897
f 5939//6014 5892//5976 5875//5960
f 5945//5399 5895//5978 5867//5950
f 5945//5399 5867//5950 5934//5400
f 5946//6020 5898//5981 5899//5982
f 5923//6001 5425//5450 5429//5455
f 5795//5882 5649//5731 5903//5542
f 5947//6021 5902//5987 5880//5966
f 5947//6021 5880//5966 5930//6007
f 5328//5528 5764//5849 5250//5319
f 5948//6022 6174//6023 5894//5997
f 5949//6024 5888//5972 5815//5902
f 5950//6025 5889//5973 5927//6005
f 5951//6026 5825//5911 5929//5458
f 5343//5437 5793//5880 5910//5435
f 5952//6027 5441//5475 5896//5979
f 5343//5437 5837//5922 5793//5880
f 5952//6027 5830//5916 5441//5475
f 5359//5494 5833//5951 5835//5920
f 5927//6005 5813//5901 5925//6003
f 5931//6009 5906//5988 5763//5848
f 5905//5385 5849//5932 5784//5871
f 5953//6028 5799//5887 5844//5956
f 5926//6004 5882//5983 5938//6013
f 5938//6013 5841//5927 5911//5991
f 5954//5479 5905//5385 5858//5940
f 5925//6003 5857//5939 5928//6006
f 5432//5462 5429//5455 5870//5954
f 5403//5512 5835//5920 5855//5938
f 5388//5492 5884//5968 5812//5900
f 1079//1139 5886//5970 5932//6010
f 3876//3942 5904//5984 5850//5934
f 5946//6020 5928//6006 5898//5981
f 5957//6029 5885//5969 5909//5990
f 5940//6015 5777//5864 5884//5968
f 5958//5438 5876//6008 5918//5470
f 5906//5988 5844//5956 5818//5903
f 5959//5441 5858//5940 5845//5930
f 5407//5460 5855//5938 5878//5963
f 3870//3932 5850//5934 5827//5913
f 5960//5409 5901//5986 5847//5931
f 5960//5409 5847//5931 5367//5395
f 5941//6016 5909//5990 5891//5975
f 5940//6015 5922//5432 5836//5921
f 5961//6030 5925//6003 5928//6006
f 5378//5610 5834//5919 5862//5944
f 5378//5610 5862//5944 5936//6011
f 5914//5994 5895//5978 5945//5399
f 5942//6017 5892//5976 5939//6014
f 3869//3930 5827//5913 5768//5853
f 5962//6031 6174//6023 5948//6022
f 5951//6026 5900//5985 5825//5911
f 5962//6031 5955//6032 6174//6023
f 5445//5478 5830//5916 5952//6027
f 5963//6033 5946//6020 5899//5982
f 5380//5407 5637//5759 5907//5408
f 5357//5415 5912//5992 5890//5974
f 5353//5482 5771//5856 5922//5432
f 5410//5569 5846//5962 5795//5882
f 5964//6034 5919//5999 5923//6001
f 5949//6024 1006//1088 5888//5972
f 5330//5515 5840//5926 5331//5516
f 5965//6035 5889//5973 5950//6025
f 5965//6035 5941//6016 5889//5973
f 5391//5412 5861//5942 5877//5961
f 5957//6029 5930//6007 5885//5969
f 5966//6036 1079//1139 5932//6010
f 5949//6024 5815//5902 5943//6018
f 5967//6037 5932//6010 5902//5987
f 5967//6037 5902//5987 5947//6021
f 5968//5383 5933//5382 5814//5909
f 5948//6022 5894//5997 5916//5996
f 5969//6038 5909//5990 5941//6016
f 5316//5502 5865//5948 5808//5896
f 5316//5502 5808//5896 5317//5500
f 5391//5412 5877//5961 5846//5962
f 5958//5438 6080//6039 5876//6008
f 5338//5461 5878//5963 5821//5906
f 5386//5559 5754//5839 5380//5407
f 5338//5461 5821//5906 5935//5489
f 5970//6040 5955//6032 5962//6031
f 3880//3962 5854//5937 5904//5984
f 5937//6012 5935//5489 5780//5866
f 5422//5411 5791//5878 5861//5942
f 5336//5396 5866//5949 5852//5418
f 5966//6036 1131//1211 1079//1139
f 3869//3930 5768//5853 5868//5952
f 5385//5466 5844//5956 5906//5988
f 5382//5633 5834//5919 5378//5610
f 5382//5633 5851//5935 5834//5919
f 5436//5384 5849//5932 5905//5385
f 5436//5384 5937//6012 5849//5932
f 5897//5980 5760//5846 5915//5995
f 5412//5519 5881//5868 5754//5839
f 5395//5506 5823//5908 5384//5507
f 5395//5506 5805//5892 5823//5908
f 5344//5453 5879//5964 5908//5989
f 5374//5457 5951//6026 5929//5458
f 5361//5531 5883//5967 5828//5914
f 5361//5531 5828//5914 5901//5986
f 5325//5554 5884//5968 5388//5492
f 5971//6041 5917//5998 5897//5980
f 5344//5453 5908//5989 5913//5993
f 5387//5518 5881//5868 5412//5519
f 5961//6030 5928//6006 5946//6020
f 3880//3962 5920//6000 5854//5937
f 3860//3939 5859//5941 5830//5916
f 5972//5424 5919//5999 5964//6034
f 3860//3939 5830//5916 5445//5478
f 5959//5441 5845//5930 5933//5382
f 5353//5482 5872//5957 5771//5856
f 5379//5422 5893//5977 5833//5951
f 5379//5422 5833//5951 5359//5494
f 5365//5404 5923//6001 5429//5455
f 5365//5404 5429//5455 5431//5402
f 5969//6038 5957//6029 5909//5990
f 5974//6042 5927//6005 5925//6003
f 5389//5493 5812//5900 5804//5891
f 5389//5493 5804//5891 5805//5892
f 5973//6043 5930//6007 5957//6029
f 5973//6043 5947//6021 5930//6007
f 3883//3947 5924//6002 5920//6000
f 5324//5550 5907//5408 5689//5776
f 5974//6042 5925//6003 5961//6030
f 5356//5536 5856//5814 4420//4470
f 5422//5411 5874//5959 5791//5878
f 5347//5526 5943//6018 5799//5887
f 5347//5526 5799//5887 5953//6028
f 5972//5424 5939//6014 5919//5999
f 5342//5539 5913//5993 5837//5922
f 5338//5461 5407//5460 5878//5963
f 5342//5539 5837//5922 5343//5437
f 3877//3941 5904//5984 3876//3942
f 5383//5414 5912//5992 5357//5415
f 5383//5414 5432//5462 5912//5992
f 5968//5383 5814//5909 5900//5985
f 5346//5464 5942//6017 5939//6014
f 5963//6033 5899//5982 5926//6004
f 5975//6044 5965//6035 5950//6025
f 3870//3932 3876//3942 5850//5934
f 5929//5458 5887//5971 5832//5918
f 3870//3932 5827//5913 3869//3930
f 5340//5448 5944//6019 5914//5994
f 5345//5440 5954//5479 5858//5940
f 5966//6036 5932//6010 5967//6037
f 5345//5440 5858//5940 5959//5441
f 5975//6044 5950//6025 5927//6005
f 5357//5415 5890//5974 5944//6019
f 5354//5427 5962//6031 5948//6022
f 5329//5511 5900//5985 5951//6026
f 5921//5598 5851//5935 5382//5633
f 5350//5405 5914//5994 5945//5399
f 5359//5494 5835//5920 5403//5512
f 3885//3949 5911//5991 5924//6002
f 5409//5486 5901//5986 5960//5409
f 5976//6045 5927//6005 5974//6042
f 5369//5544 5795//5882 5903//5542
f 5403//5512 5855//5938 5407//5460
f 3885//3949 5924//6002 3883//3947
f 5385//5466 5953//6028 5844//5956
f 5396//5428 5916//5996 5942//6017
f 5396//5428 5948//6022 5916//5996
f 5349//5551 5324//5550 5856//5814
f 5371//5523 5843//5929 5372//5524
f 5371//5523 5832//5918 5843//5929
f 5978//6046 5965//6035 5975//6044
f 5379//5422 5931//6009 5893//5977
f 3881//3963 5920//6000 3880//3962
f 5965//6035 5969//6038 5941//6016
f 5979//3953 5896//5979 5917//5998
f 5979//3953 5917//5998 5971//6041
f 1081//1141 5956//6047 6080//6039
f 1081//1141 6080//6039 5958//5438
f 5980//3957 5961//6030 5946//6020
f 5400//5421 5906//5988 5931//6009
f 5325//5554 5940//6015 5884//5968
f 3880//3962 5904//5984 3877//3941
f 5352//5485 5872//5957 5353//5482
f 3860//3939 5868//5952 5859//5941
f 5337//5430 5970//6040 5962//6031
f 5976//6045 5975//6044 5927//6005
f 5949//6024 1117//1191 1006//1088
f 5389//5493 5805//5892 5395//5506
f 3889//3921 5911//5991 3885//3949
f 3889//3921 5938//6013 5911//5991
f 5351//5472 5958//5438 5918//5470
f 5915//5995 5269//5348 5191//5259
f 5981//5393 5967//6037 5947//6021
f 5334//5498 5923//6001 5365//5404
f 5981//5393 5947//6021 5973//6043
f 5327//5561 5846//5962 5410//5569
f 5334//5498 5964//6034 5923//6001
f 3883//3947 5920//6000 3881//3963
f 5428//5454 5913//5993 5342//5539
f 5388//5492 5812//5900 5389//5493
f 3860//3939 3869//3930 5868//5952
f 3855//3920 5926//6004 5938//6013
f 3855//3920 3858//3924 5926//6004
f 3855//3920 5938//6013 3889//3921
f 5401//5436 5910//5435 5865//5948
f 5401//5436 5865//5948 5316//5502
f 5408//5471 5918//5470 5879//5964
f 5408//5471 5879//5964 5344//5453
f 5982//6048 5969//6038 5965//6035
f 5983//5397 5966//6036 5967//6037
f 5341//5386 5905//5385 5954//5479
f 5973//6043 5957//6029 5969//6038
f 5319//5513 5936//6011 4407//4457
f 3892//3955 5946//6020 5963//6033
f 3864//3926 5963//6033 5926//6004
f 5398//5419 5852//5418 5871//5955
f 5398//5419 5871//5955 5330//5515
f 3858//3924 3864//3926 5926//6004
f 5329//5511 5951//6026 5374//5457
f 5347//5526 5949//6024 5943//6018
f 5411//5468 5937//6012 5436//5384
f 5327//5561 5391//5412 5846//5962
f 5356//5536 5349//5551 5856//5814
f 5400//5421 5385//5466 5906//5988
f 1081//1141 1023//1140 5956//6047
f 5373//5537 4420//4470 5394//5525
f 3873//3934 5952//6027 5896//5979
f 3873//3934 5896//5979 5979//3953
f 5410//5569 5795//5882 5369//5544
f 5346//5464 5939//6014 5972//5424
f 3895//3959 5976//6045 5974//6042
f 5336//5396 5367//5395 5866//5949
f 5974//6042 5961//6030 5980//3957
f 5354//5427 5948//6022 5396//5428
f 5371//5523 5929//5458 5832//5918
f 5335//5381 5959//5441 5933//5382
f 3893//3956 5980//3957 5946//6020
f 3893//3956 5946//6020 3892//3955
f 5354//5427 5337//5430 5962//6031
f 5352//5485 5372//5524 5872//5957
f 3892//3955 5963//6033 3864//3926
f 5422//5411 5861//5942 5391//5412
f 5983//5397 1131//1211 5966//6036
f 5326//5425 5972//5424 5964//6034
f 5320//5431 5353//5482 5922//5432
f 3873//3934 5445//5478 5952//6027
f 5983//5397 5967//6037 5981//5393
f 5340//5448 5914//5994 5350//5405
f 5979//3953 3871//3935 3873//3934
f 5363//5543 5903//5542 5387//5518
f 5396//5428 5942//6017 5346//5464
f 5355//5433 5940//6015 5325//5554
f 5983//5397 1182//1261 1131//1211
f 3894//3958 3895//3959 5974//6042
f 5347//5526 1117//1191 5949//6024
f 5318//5387 5982//6048 5965//6035
f 5318//5387 5965//6035 5978//6046
f 5337//5430 5977//6049 5970//6040
f 5974//6042 5980//3957 3894//3958
f 5377//5510 5900//5985 5329//5511
f 5377//5510 5968//5383 5900//5985
f 5378//5610 5936//6011 5319//5513
f 5360//5501 5317//5500 5883//5967
f 5360//5501 5883//5967 5361//5531
f 5357//5415 5944//6019 5340//5448
f 5412//5519 5754//5839 5386//5559
f 5984//3945 5915//5995 5191//5259
f 5358//5484 5379//5422 5359//5494
f 5333//5389 5973//6043 5969//6038
f 5333//5389 5969//6038 5982//6048
f 3886//3951 5897//5980 5915//5995
f 3886//3951 5979//3953 5971//6041
f 3886//3951 5971//6041 5897//5980
f 3895//3959 5975//6044 5976//6045
f 5922//5432 5940//6015 5355//5433
f 5362//5496 5347//5526 5953//6028
f 5362//5496 5953//6028 5385//5466
f 5428//5454 5344//5453 5913//5993
f 5326//5425 5964//6034 5334//5498
f 5379//5422 5400//5421 5931//6009
f 5323//5380 5978//6046 5975//6044
f 5322//5379 5978//6046 5323//5380
f 5364//5406 5907//5408 5324//5550
f 5984//3945 5191//5259 3833//3891
f 5348//5423 5346//5464 5972//5424
f 1214//1284 1182//1261 5983//5397
f 5984//3945 3886//3951 5915//5995
f 5414//5514 5331//5516 5874//5959
f 5402//5495 5359//5494 5403//5512
f 5414//5514 5874//5959 5422//5411
f 5323//5380 3895//3959 319//340
f 3895//3959 5323//5380 5975//6044
f 5411//5468 5935//5489 5937//6012
f 1132//1204 5958//5438 5351//5472
f 5381//5456 5929//5458 5371//5523
f 5361//5531 5901//5986 5409//5486
f 5321//5392 5983//5397 5981//5393
f 6240//5557 5977//6049 5337//5430
f 5322//5379 5318//5387 5978//6046
f 5332//5390 5982//6048 5318//5387
f 5332//5390 5333//5389 5982//6048
f 5406//5508 5403//5512 5407//5460
f 5339//5388 5973//6043 5333//5389
f 5339//5388 5981//5393 5973//6043
f 4444//4497 5578//5660 5985//6050
f 4443//4496 4444//4497 5985//6050
f 4443//4496 5985//6050 5986//6051
f 4440//4493 4443//4496 5986//6051
f 4440//4493 5986//6051 5987//6052
f 4440//4493 5987//6052 5988//6053
f 4439//4490 4440//4493 5988//6053
f 4439//4490 5988//6053 5989//6054
f 4438//4489 4439//4490 5989//6054
f 4438//4489 5989//6054 5990//6055
f 4438//4489 5990//6055 5991//6056
f 4436//4486 4438//4489 5991//6056
f 5992//6057 4436//4486 5991//6056
f 5993//6058 4436//4486 5992//6057
f 4070//4135 4436//4486 5993//6058
f 5994//6059 4070//4135 5993//6058
f 4062//4120 4070//4135 5994//6059
f 4062//4120 5994//6059 5995//6060
f 4433//4483 4062//4120 5995//6060
f 4053//4128 4433//4483 5996//6061
f 5997//6062 4053//4128 5996//6061
f 4431//4481 4053//4128 5997//6062
f 6049//6063 6088//6064 6041//6065
f 6180//6066 3718//3844 6162//6067
f 6010//6068 3757//3747 6251//6069
f 6007//6070 6011//6071 6009//6072
f 6012//6073 6013//3840 4423//4473
f 6014//6074 6047//3771 5998//6075
f 6006//6076 5692//5809 5742//5884
f 6047//3771 6202//6077 5998//6075
f 6011//6071 6007//6070 6008//6078
f 6022//6079 6226//6080 6252//6081
f 6023//6082 6041//6065 6204//6083
f 6023//6082 6049//6063 6041//6065
f 6015//6084 6254//6085 6052//6086
f 6026//6087 6006//6076 5742//5884
f 6000//6088 6024//6089 6027//6090
f 6022//6079 6252//6081 6200//6091
f 6027//6090 6029//6092 6000//6088
f 6026//6087 5742//5884 5817//5933
f 6032//6093 6003//6094 6039//6095
f 6033//6096 6209//6097 6241//6098
f 6246//6099 6012//6073 4061//4126
f 6037//6100 6034//6101 6035//6102
f 6037//6100 6173//6103 6034//6101
f 6038//6104 3762//3762 6139//6105
f 6023//6082 6204//6083 6009//6072
f 6040//6106 6011//6071 6008//6078
f 6042//6107 6036//6108 6043//6109
f 6046//6110 6026//6087 5817//5933
f 6046//6110 5817//5933 5816//5965
f 6048//6111 4061//4126 4426//4478
f 6048//6111 6246//6099 4061//4126
f 6040//6106 6008//6078 6006//6076
f 6051//6112 6058//6113 6050//6114
f 6054//6115 6058//6113 6051//6112
f 6037//6100 6043//6109 6036//6108
f 6143//6116 6056//6117 6055//6118
f 5816//5965 6060//6119 6046//6110
f 6009//6072 6062//6120 6023//6082
f 6065//6121 6048//6111 4426//4478
f 6053//6122 6088//6064 6049//6063
f 6064//6123 6067//6124 6068//6125
f 6069//6126 6040//6106 6006//6076
f 6066//6127 6028//6128 6098//6129
f 6096//6130 6033//6096 6066//6127
f 6009//6072 6011//6071 6062//6120
f 6065//6121 6078//6131 6077//3847
f 6078//6131 6065//6121 4426//4478
f 6078//6131 4426//4478 4428//4477
f 6065//6121 6077//3847 3792//3845
f 6038//6104 6042//6107 3763//3764
f 6079//6132 6053//6122 6049//6063
f 6080//6039 5816//5965 5876//6008
f 6080//6039 6060//6119 5816//5965
f 6080//6039 6081//6133 6060//6119
f 6082//6134 6098//6129 6028//6128
f 6074//6135 6077//3847 6078//6131
f 6026//6087 6069//6126 6006//6076
f 6245//6136 6083//6137 6084//6138
f 6074//6135 6078//6131 4428//4477
f 6045//6139 6052//6086 6217//6140
f 6079//6132 6049//6063 6023//6082
f 6080//6039 6089//6141 6081//6133
f 6056//6117 6102//6142 6214//6143
f 1899//1918 6080//6039 5956//6047
f 3770//3774 6043//6109 6037//6100
f 3793//3848 6074//6135 6076//6144
f 6055//6118 6056//6117 6214//6143
f 6074//6135 4428//4477 4431//4481
f 6026//6087 6097//6145 6069//6126
f 6066//6127 6098//6129 6084//6138
f 6066//6127 6084//6138 6096//6130
f 6042//6107 3769//3773 3763//3764
f 6042//6107 6043//6109 3769//3773
f 6099//6146 6094//6147 6075//6148
f 1899//1918 5956//6047 1023//1140
f 6101//6149 6011//6071 6040//6106
f 6091//6150 6099//6146 6075//6148
f 6076//6144 6074//6135 4431//4481
f 6055//6118 6214//6143 6053//6122
f 3772//3777 6094//6147 6099//6146
f 6115//3781 6215//6151 6104//6152
f 6076//6144 4431//4481 5997//6062
f 6057//6153 6055//6118 6053//6122
f 6062//6120 6109//6154 6110//6155
f 6062//6120 6110//6155 6023//6082
f 6094//6147 3771//3775 3770//3774
f 6111//6156 6040//6106 6069//6126
f 6111//6156 6101//6149 6040//6106
f 6112//6157 6076//6144 5997//6062
f 1899//1918 1932//1955 6089//6141
f 1899//1918 6089//6141 6080//6039
f 6115//3781 6084//6138 6215//6151
f 3772//3777 6105//6158 3773//3778
f 6062//6120 6113//6159 6109//6154
f 6179//3750 3710//3743 6171//3742
f 6107//6160 6114//3755 6106//6161
f 6107//6160 6199//6162 6005//6163
f 6112//6157 5997//6062 5996//6061
f 6097//6145 6111//6156 6069//6126
f 6097//6145 6046//6110 6060//6119
f 6122//6164 6053//6122 6079//6132
f 6122//6164 6057//6153 6053//6122
f 6123//6165 6125//6166 6124//6167
f 6126//3783 6115//3781 6104//6152
f 6119//6168 6226//6080 6021//6169
f 6212//6170 3782//3815 6127//6171
f 6199//6162 6208//6172 6001//3760
f 6113//6159 6062//6120 6011//6071
f 6114//3755 6107//6160 6005//6163
f 6085//6173 5996//6061 4433//4483
f 6117//6174 6119//6168 6021//6169
f 6134//6175 5683//5770 5702//5798
f 6250//6176 6249//6177 3786//3825
f 6085//6173 6112//6157 5996//6061
f 6199//6162 6001//3760 6002//3757
f 6199//6162 6002//3757 6005//6163
f 6134//6175 5702//5798 5999//6178
f 6122//6164 6079//6132 6110//6155
f 3775//3784 6126//3783 6104//6152
f 6131//6179 3786//3825 6249//6177
f 3775//3784 6104//6152 6050//6114
f 6132//6180 3787//3827 6131//6179
f 6101//6149 6113//6159 6011//6071
f 6089//6141 6135//6181 6116//6182
f 6089//6141 6116//6182 6081//6133
f 6085//6173 4433//4483 5995//6060
f 6021//6169 6226//6080 6022//6079
f 6058//6113 3775//3784 6050//6114
f 6029//6092 5999//6178 6000//6088
f 6029//6092 6025//6183 5999//6178
f 6121//6184 6097//6145 6060//6119
f 6086//6185 6085//6173 5995//6060
f 6036//6108 6173//6103 6037//6100
f 3787//3827 6132//6180 6141//3828
f 6120//6186 6121//6184 6060//6119
f 6057//6153 6143//6116 6055//6118
f 6101//6149 6147//6187 6136//6188
f 3776//3787 6061//3785 6058//6113
f 3776//3787 6058//6113 6054//6115
f 6086//6185 5995//6060 5994//6059
f 6109//6154 6144//6189 6110//6155
f 6070//6190 6063//6191 6064//6123
f 6093//6192 6086//6185 5994//6059
f 6149//5670 5589//5689 6092//6193
f 6153//6194 5648//5748 5683//5770
f 6150//6195 5578//5660 5577//5659
f 6167//6196 6147//6187 6111//6156
f 6150//6195 6151//6197 6152//6198
f 6150//6195 5577//5659 6149//5670
f 6150//6195 6149//5670 6092//6193
f 6150//6195 6152//6198 5578//5660
f 3776//3787 6054//6115 6140//6199
f 6092//6193 5589//5689 6095//5688
f 6100//3850 6076//6144 6112//6157
f 6167//6196 6111//6156 6121//6184
f 6155//6200 6134//6175 6156//6201
f 6059//3790 6143//6116 6157//6202
f 6093//6192 5994//6059 5993//6058
f 6100//3850 3793//3848 6076//6144
f 6100//3850 6112//6157 3794//3851
f 6163//6203 6157//6202 6057//6153
f 3777//3788 6140//6199 6143//6116
f 6090//6204 3794//3851 6112//6157
f 6172//6205 5801//5895 6161//5915
f 3777//3788 3776//3787 6140//6199
f 6010//6068 5988//6053 5987//6052
f 6152//6198 5985//6050 5578//5660
f 6093//6192 6165//6206 6086//6185
f 6166//6207 6161//5915 5848//5947
f 6103//6208 6093//6192 5993//6058
f 5894//5997 6166//6207 5848//5947
f 3756//3741 6090//6204 6085//6173
f 6156//6201 6025//6183 6168//6209
f 6171//3742 3756//3741 6085//6173
f 6171//3742 6085//6173 6086//6185
f 6163//6203 6057//6153 6122//6164
f 6171//3742 6086//6185 6165//6206
f 6059//3790 3777//3788 6143//6116
f 6103//6208 5993//6058 5992//6057
f 6064//6123 6169//6210 6136//6188
f 6164//6211 6156//6201 6173//6103
f 6145//6212 1932//1955 1978//1986
f 6093//6192 6179//3750 6165//6206
f 6169//6210 6144//6189 6109//6154
f 6169//6210 6063//6191 6144//6189
f 6169//6210 6064//6123 6063//6191
f 6166//6207 6183//6213 6172//6205
f 6177//6214 6163//6203 6122//6164
f 6103//6208 6179//3750 6093//6192
f 6175//6215 6178//6216 6176//6217
f 6106//6161 6103//6208 5992//6057
f 6181//6218 6182//6219 6120//6186
f 6103//6208 6118//3754 3758//3748
f 6103//6208 3758//3748 6179//3750
f 6067//6124 6136//6188 6147//6187
f 6179//3750 6171//3742 6165//6206
f 3778//3791 6059//3790 6157//6202
f 6172//6205 6019//6220 6237//6221
f 6106//6161 6118//3754 6103//6208
f 6184//6222 6177//6214 6122//6164
f 6183//6213 6186//6223 6015//6084
f 6175//6215 6108//6224 6117//6174
f 6185//6225 5955//6032 6004//6226
f 6106//6161 5992//6057 5991//6056
f 6004//6226 5955//6032 5970//6040
f 6004//6226 5970//6040 5977//6049
f 6181//6218 6120//6186 6135//6181
f 6253//6227 3765//3823 3712//3822
f 6106//6161 6114//3755 6118//3754
f 6067//6124 6147//6187 6167//6196
f 6173//6103 6168//6209 6034//6101
f 6108//6224 6119//6168 6117//6174
f 6163//6203 3778//3791 6157//6202
f 6067//6124 6064//6123 6136//6188
f 6190//6228 3765//3823 6253//6227
f 6181//6218 6187//6229 6182//6219
f 6154//6230 5683//5770 6134//6175
f 6192//6231 6193//6232 6194//6233
f 6107//6160 6106//6161 5991//6056
f 6192//6231 6178//6216 6175//6215
f 6192//6231 6194//6233 6178//6216
f 6192//6231 6175//6215 6117//6174
f 6154//6230 6195//6234 6196//6235
f 6154//6230 6196//6235 6153//6194
f 6189//6236 6188//6237 3767//3768
f 6155//6200 6195//6234 6154//6230
f 6155//6200 6154//6230 6134//6175
f 6203//6238 6067//6124 6167//6196
f 6028//6128 6198//6239 6183//6213
f 6199//6162 6107//6160 5991//6056
f 6134//6175 5999//6178 6025//6183
f 6197//3765 3765//3823 6190//6228
f 6199//6162 5991//6056 5990//6055
f 6200//6091 6138//6240 6139//6105
f 6206//6241 6135//6181 6191//6242
f 6206//6241 6181//6218 6135//6181
f 6201//6243 6202//6077 6021//6169
f 6201//6243 6021//6169 6022//6079
f 6004//6226 6003//6094 6185//6225
f 6201//6243 6022//6079 6200//6091
f 6201//6243 6200//6091 6139//6105
f 6201//6243 5998//6075 6202//6077
f 6067//6124 6203//6238 6218//6244
f 6197//3765 6162//6067 3715//3766
f 6188//6237 6202//6077 3768//3770
f 6139//6105 6031//6245 6036//6108
f 6177//6214 3779//3793 6163//6203
f 6204//6083 6205//6246 6009//6072
f 6181//6218 6206//6241 6187//6229
f 5977//6049 6039//6095 6003//6094
f 5977//6049 6003//6094 6004//6226
f 6079//6132 6023//6082 6110//6155
f 6143//6116 6057//6153 6157//6202
f 6125//6166 6167//6196 6182//6219
f 6176//6217 6152//6198 6151//6197
f 6143//6116 6140//6199 6056//6117
f 6207//6247 6110//6155 6144//6189
f 6207//6247 6184//6222 6122//6164
f 6207//6247 6122//6164 6110//6155
f 6047//3771 3768//3770 6202//6077
f 6208//6172 6199//6162 5990//6055
f 6177//6214 3780//3794 3779//3793
f 6191//6242 1978//1986 1993//1999
f 3767//3768 6188//6237 3768//3770
f 6208//6172 5990//6055 5989//6054
f 6028//6128 6015//6084 6045//6139
f 3778//3791 6163//6203 3779//3793
f 6020//3769 3718//3844 6180//6066
f 6187//6229 6125//6166 6182//6219
f 6148//3796 3780//3794 6177//6214
f 6015//6084 6052//6086 6045//6139
f 6125//6166 6203//6238 6167//6196
f 6039//6095 6087//6248 6032//6093
f 6066//6127 6198//6239 6028//6128
f 6066//6127 6033//6096 6019//6220
f 6066//6127 6019//6220 6198//6239
f 6148//3796 6177//6214 6184//6222
f 6209//6097 6033//6096 6096//6130
f 6176//6217 6151//6197 6150//6195
f 6148//3796 6184//6222 6207//6247
f 6028//6128 6045//6139 6082//6134
f 6037//6100 6035//6102 6094//6147
f 6094//6147 6035//6102 6075//6148
f 6070//6190 6144//6189 6063//6191
f 6251//6069 6208//6172 5989//6054
f 6251//6069 5989//6054 5988//6053
f 6209//6097 6083//6137 6211//6249
f 6209//6097 6096//6130 6083//6137
f 6175//6215 6176//6217 6150//6195
f 6148//3796 6207//6247 6144//6189
f 6094//6147 3770//3774 6037//6100
f 6187//6229 6124//6167 6125//6166
f 6187//6229 6212//6170 6124//6167
f 6096//6130 6084//6138 6083//6137
f 6213//6250 6187//6229 6206//6241
f 3770//3774 3769//3773 6043//6109
f 6175//6215 6150//6195 6092//6193
f 6146//3797 6148//3796 6144//6189
f 6072//3800 6070//6190 6068//6125
f 6071//3799 6144//6189 6070//6190
f 6071//3799 6146//3797 6144//6189
f 6010//6068 6251//6069 5988//6053
f 6108//6224 6175//6215 6092//6193
f 6213//6250 6212//6170 6187//6229
f 6054//6115 6051//6112 6216//6251
f 6178//6216 6152//6198 6176//6217
f 6210//6252 1993//1999 2010//2019
f 6072//3800 6071//3799 6070//6190
f 6073//3802 6068//6125 6218//6244
f 6108//6224 6092//6193 6095//5688
f 6218//6244 6203//6238 6125//6166
f 6219//6253 6010//6068 5987//6052
f 6219//6253 5987//6052 5986//6051
f 6073//3802 6072//3800 6068//6125
f 6119//6168 6108//6224 6095//5688
f 6132//6180 6133//6254 6141//3828
f 6220//3803 6073//3802 6218//6244
f 6223//6255 6212//6170 6213//6250
f 6221//6256 6223//6255 6213//6250
f 6225//6257 6137//6258 6017//6259
f 6142//3830 6141//3828 6133//6254
f 6137//6258 6224//3831 6142//3830
f 6222//3805 6220//3803 6218//6244
f 6119//6168 6095//5688 5610//5696
f 6127//6171 6123//6165 6124//6167
f 6128//3806 6222//3805 6218//6244
f 6128//3806 6218//6244 6123//6165
f 6158//6260 6219//6253 5986//6051
f 6158//6260 5986//6051 5985//6050
f 6221//6256 2010//2019 2014//2025
f 6226//6080 6119//6168 5610//5696
f 6227//6261 6223//6255 6221//6256
f 6129//3809 6123//6165 6127//6171
f 6129//3809 6128//3806 6123//6165
f 6226//6080 5610//5696 5634//5740
f 6159//6262 5985//6050 6152//6198
f 6159//6262 6158//6260 5985//6050
f 6252//6081 6226//6080 5634//5740
f 6194//6233 6152//6198 6178//6216
f 6194//6233 6159//6262 6152//6198
f 6233//3807 6130//6263 6232//3810
f 6195//6234 6252//6081 5634//5740
f 6195//6234 5634//5740 6196//6235
f 6196//6235 5634//5740 5648//5748
f 3783//3818 6231//3816 6234//6264
f 6153//6194 5683//5770 6154//6230
f 6236//3811 6230//6265 6231//3816
f 6164//6211 6155//6200 6156//6201
f 6166//6207 6172//6205 6161//5915
f 6237//6221 5801//5895 6172//6205
f 6240//5557 5419//5547 6242//6266
f 6243//6267 3755//3744 6018//3746
f 6243//6267 3711//3832 3755//3744
f 6174//6023 6166//6207 5894//5997
f 3762//3762 6014//6074 6201//6243
f 6160//6268 6159//6262 6194//6233
f 6139//6105 3762//3762 6201//6243
f 6186//6223 6166//6207 6174//6023
f 6186//6223 6174//6023 6185//6225
f 6042//6107 6038//6104 6139//6105
f 6164//6211 6036//6108 6031//6245
f 6164//6211 6173//6103 6036//6108
f 6185//6225 6174//6023 5955//6032
f 6160//6268 6194//6233 6193//6232
f 6186//6223 6185//6225 6254//6085
f 3764//3833 3711//3832 6243//6267
f 3764//3833 6253//6227 3712//3822
f 6032//6093 6102//6142 6052//6086
f 6180//6066 6170//6269 6020//3769
f 6162//6067 6160//6268 6193//6232
f 6189//6236 6020//3769 6170//6269
f 6020//3769 6189//6236 3767//3768
f 6038//6104 3763//3764 3762//3762
f 6180//6066 6162//6067 6193//6232
f 6180//6066 6193//6232 6192//6231
f 6082//6134 6104//6152 6098//6129
f 6082//6134 6050//6114 6104//6152
f 6102//6142 6032//6093 6087//6248
f 6102//6142 6087//6248 6214//6143
f 6087//6248 6053//6122 6214//6143
f 6087//6248 6088//6064 6053//6122
f 6170//6269 6180//6066 6192//6231
f 6102//6142 6056//6117 6140//6199
f 6102//6142 6140//6199 6216//6251
f 3771//3775 6094//6147 3772//3777
f 6245//6136 6084//6138 6115//3781
f 6046//6110 6097//6145 6026//6087
f 6051//6112 6217//6140 6216//6251
f 6099//6146 6105//6158 3772//3777
f 6170//6269 6192//6231 6117//6174
f 6140//6199 6054//6115 6216//6251
f 6089//6141 1932//1955 6145//6212
f 6113//6159 6101//6149 6136//6188
f 6101//6149 6111//6156 6147//6187
f 6116//6182 6135//6181 6120//6186
f 6145//6212 6135//6181 6089//6141
f 6121//6184 6111//6156 6097//6145
f 6123//6165 6218//6244 6125//6166
f 6113//6159 6136//6188 6169//6210
f 6182//6219 6167//6196 6121//6184
f 6182//6219 6121//6184 6120//6186
f 6191//6242 6135//6181 6145//6212
f 6016//6270 3789//3836 6017//6259
f 6225//6257 6017//6259 3789//3836
f 6225//6257 6224//3831 6137//6258
f 6191//6242 6145//6212 1978//1986
f 6188//6237 6170//6269 6117//6174
f 6188//6237 6117//6174 6021//6169
f 6225//6257 3788//3834 6224//3831
f 6191//6242 1993//1999 6210//6252
f 6191//6242 6210//6252 6206//6241
f 6206//6241 6210//6252 6213//6250
f 6213//6250 6210//6252 6221//6256
f 3789//3836 3788//3834 6225//6257
f 6016//6270 3790//3837 3789//3836
f 6210//6252 2010//2019 6221//6256
f 3790//3837 6016//6270 6044//6271
f 6202//6077 6188//6237 6021//6169
f 6228//3817 6223//6255 6227//6261
f 6227//6261 6221//6256 2014//2025
f 6227//6261 2014//2025 2089//2090
f 6228//3817 6227//6261 6229//3819
f 6229//3819 6227//6261 2089//2090
f 6233//3807 2036//2098 6130//6263
f 6247//6272 6236//3811 6232//3810
f 6196//6235 5648//5748 6153//6194
f 6132//6180 6131//6179 6249//6177
f 6195//6234 6155//6200 6164//6211
f 6195//6234 6164//6211 6138//6240
f 6131//6179 3699//3826 3786//3825
f 3787//3827 3699//3826 6131//6179
f 5418//5444 5416//5443 6024//6089
f 5418//5444 6024//6089 6000//6088
f 6000//6088 5999//6178 5726//5825
f 5801//5895 6237//6221 6024//6089
f 6158//6260 6159//6262 6190//6228
f 6027//6090 6239//6273 6238//6274
f 6027//6090 6238//6274 6029//6092
f 6160//6268 6190//6228 6159//6262
f 6241//6098 6027//6090 6030//6275
f 6241//6098 6239//6273 6027//6090
f 6138//6240 6164//6211 6031//6245
f 6138//6240 6031//6245 6139//6105
f 6019//6220 6030//6275 6237//6221
f 6190//6228 6253//6227 6158//6260
f 6160//6268 6197//3765 6190//6228
f 6160//6268 6162//6067 6197//3765
f 5998//6075 6201//6243 6014//6074
f 6244//6276 6075//6148 6238//6274
f 6244//6276 6091//6150 6075//6148
f 6211//6249 6091//6150 6244//6276
f 6211//6249 6244//6276 6209//6097
f 6098//6129 6104//6152 6215//6151
f 4406//4456 6231//3816 4404//4454
f 6003//6094 6254//6085 6185//6225
f 6239//6273 6244//6276 6238//6274
f 6209//6097 6239//6273 6241//6098
f 6209//6097 6244//6276 6239//6273
f 6033//6096 6241//6098 6019//6220
f 6068//6125 6067//6124 6218//6244
f 6052//6086 6254//6085 6003//6094
f 6036//6108 6042//6107 6139//6105
f 3790//3837 6044//6271 6235//3839
f 6052//6086 6003//6094 6032//6093
f 6013//3840 6235//3839 6044//6271
f 6012//6073 3791//3841 6013//3840
f 3768//3770 3759//3752 3767//3768
f 6130//6263 2036//2098 2104//2137
f 6130//6263 2104//2137 4398//4448
f 6232//3810 6130//6263 4398//4448
f 6048//6111 3792//3845 6248//3842
f 3760//3758 3768//3770 6047//3771
f 6247//6272 6232//3810 4398//4448
f 6247//6272 4398//4448 4401//4451
f 6047//3771 6014//6074 3762//3762
f 6230//6265 4401//4451 4404//4454
f 6230//6265 6247//6272 4401//4451
f 6045//6139 6217//6140 6082//6134
f 6231//3816 6230//6265 4404//4454
f 6216//6251 6217//6140 6052//6086
f 6102//6142 6216//6251 6052//6086
f 6251//6069 3761//3761 6208//6172
f 6234//6264 6231//3816 4406//4456
f 6098//6129 6215//6151 6084//6138
f 6091//6150 6105//6158 6099//6146
f 6250//6176 6234//6264 4406//4456
f 6091//6150 6211//6249 6105//6158
f 6217//6140 6051//6112 6082//6134
f 6083//6137 6245//6136 6211//6249
f 6245//6136 6105//6158 6211//6249
f 6252//6081 6195//6234 6138//6240
f 6249//6177 4406//4456 4408//4458
f 6249//6177 6250//6176 4406//4456
f 6051//6112 6050//6114 6082//6134
f 6105//6158 6245//6136 3773//3778
f 6002//3757 6114//3755 6005//6163
f 6245//6136 3774//3780 3773//3778
f 6116//6182 6060//6119 6081//6133
f 6115//3781 3774//3780 6245//6136
f 6018//3746 6010//6068 6243//6267
f 6219//6253 6243//6267 6010//6068
f 6116//6182 6120//6186 6060//6119
f 6018//3746 3757//3747 6010//6068
f 6109//6154 6113//6159 6169//6210
f 6200//6091 6252//6081 6138//6240
f 6127//6171 6124//6167 6212//6170
f 3764//3833 6219//6253 6158//6260
f 6030//6275 6027//6090 6024//6089
f 6030//6275 6024//6089 6237//6221
f 3782//3815 6223//6255 6228//3817
f 3782//3815 6212//6170 6223//6255
f 6132//6180 6249//6177 4408//4458
f 6132//6180 4408//4458 4410//4460
f 3764//3833 6158//6260 6253//6227
f 3764//3833 6243//6267 6219//6253
f 3781//3812 6127//6171 3782//3815
f 3781//3812 6129//3809 6127//6171
f 6013//3840 4422//4472 4423//4473
f 6013//3840 4421//4471 4422//4472
f 6133//6254 6132//6180 4410//4460
f 6035//6102 6034//6101 6238//6274
f 6035//6102 6238//6274 6075//6148
f 6230//6265 6236//3811 6247//6272
f 6250//6176 3784//3820 3783//3818
f 6250//6176 3783//3818 6234//6264
f 6133//6254 4410//4460 4412//4462
f 6058//6113 6061//3785 3775//3784
f 6070//6190 6064//6123 6068//6125
f 6012//6073 4423//4473 4061//4126
f 6012//6073 6246//6099 6248//3842
f 6133//6254 4412//4462 4414//4464
f 6012//6073 6248//3842 3791//3841
f 6048//6111 6248//3842 6246//6099
f 6065//6121 3792//3845 6048//6111
f 3784//3820 6250//6176 3786//3825
f 6137//6258 4414//4464 4416//4466
f 6137//6258 6133//6254 4414//4464
f 6137//6258 6142//3830 6133//6254
f 6085//6173 6090//6204 6112//6157
f 6074//6135 3793//3848 6077//3847
f 5702//5798 5726//5825 5999//6178
f 6017//6259 6137//6258 4416//4466
f 5418//5444 6000//6088 5726//5825
f 5801//5895 6024//6089 5416//5443
f 5610//5696 5618//5707 5620//5728
f 6156//6201 6134//6175 6025//6183
f 5610//5696 5620//5728 5634//5740
f 6016//6270 6017//6259 4416//4466
f 6016//6270 4416//4466 4418//4468
f 3756//3741 3794//3851 6090//6204
f 5464//5546 6242//6266 5419//5547
f 6173//6103 6156//6201 6168//6209
f 6170//6269 6188//6237 6189//6236
f 6238//6274 6025//6183 6029//6092
f 6238//6274 6168//6209 6025//6183
f 6205//6246 5464//5546 5484//5580
f 6205//6246 5484//5580 5515//5647
f 6088//6064 5977//6049 6242//6266
f 6088//6064 6039//6095 5977//6049
f 6183//6213 6166//6207 6186//6223
f 6044//6271 4418//4468 4421//4471
f 6044//6271 6016//6270 4418//4468
f 6007//6070 5515//5647 5548//5667
f 6007//6070 6205//6246 5515//5647
f 6041//6065 6088//6064 6242//6266
f 6041//6065 6242//6266 5464//5546
f 6008//6078 6007//6070 5548//5667
f 6204//6083 5464//5546 6205//6246
f 6204//6083 6041//6065 5464//5546
f 6008//6078 5548//5667 5616//5760
f 6019//6220 6241//6098 6030//6275
f 6183//6213 6015//6084 6028//6128
f 6254//6085 6015//6084 6186//6223
f 6088//6064 6087//6248 6039//6095
f 6198//6239 6019//6220 6172//6205
f 6198//6239 6172//6205 6183//6213
f 6013//3840 6044//6271 4421//4471
f 3761//3761 6251//6069 3757//3747
f 6006//6076 5616//5760 5692//5809
f 3761//3761 6001//3760 6208//6172
f 5977//6049 6240//5557 6242//6266
f 6006//6076 6008//6078 5616//5760
f 6238//6274 6034//6101 6168//6209
f 6007//6070 6009//6072 6205//6246
f 6162//6067 3718//3844 3715//3766
f 6255//6277 3765//6278 6256//6278
f 3785//6279 3765//6278 6255//6277
f 3766//6280 6255//6281 6257//6282
f 3766//6280 3785//6283 6255//6281
f 3765//6284 3766//6285 6256//6284
f 3766//6285 6257//6286 6256//6284
f 6256//6287 6257//6287 6255//6287
f 2307//6288 6258//6289 6259//6290
f 2307//6288 2309//6291 6258//6289
f 6259//6292 6260//6293 2307//6294
f 6260//6293 2305//6295 2307//6294
f 6258//6296 2305//6297 6260//6298
f 2309//6299 2305//6297 6258//6296
f 6258//6287 6260//6287 6259//6287
f 3713//3718 3697//3718 3708//3718
f 3713//3718 3694//3718 3697//3718
f 3713//3718 3686//3718 3694//3718
f 3717//3718 3690//3718 3713//3718
f 3690//3718 3686//3718 3713//3718
