# Blender 4.3.2
# www.blender.org
mtllib link2.mtl
o node0_Part__Feature024
v -0.049679 -0.194000 -0.003474
v -0.046306 -0.194000 -0.003199
v -0.049679 -0.194000 0.003474
v -0.046025 -0.194000 -0.002916
v -0.046042 -0.194000 0.002939
v -0.046331 -0.194000 0.003214
v -0.049822 -0.194000 0.000050
v 0.036608 -0.194000 0.041018
v 0.041948 -0.194000 0.035532
v 0.011396 -0.194000 -0.053810
v 0.039470 -0.194000 0.038253
v -0.053128 -0.194000 0.014271
v 0.015237 -0.194000 -0.052865
v 0.018931 -0.194000 -0.051651
v -0.051093 -0.194000 0.020396
v 0.022272 -0.194000 -0.050294
v 0.025872 -0.194000 -0.048558
v -0.048391 -0.194000 0.026121
v 0.030630 -0.194000 -0.045710
v -0.045482 -0.194000 0.030905
v 0.034268 -0.194000 -0.043025
v -0.042407 -0.194000 0.034984
v 0.036498 -0.194000 -0.041151
v -0.039903 -0.194000 0.037805
v 0.038649 -0.194000 -0.039137
v -0.036952 -0.194000 0.040710
v 0.041479 -0.194000 -0.036148
v -0.033199 -0.194000 0.043825
v 0.044107 -0.194000 -0.032864
v 0.045795 -0.194000 -0.030467
v -0.054649 -0.194000 -0.006386
v -0.054961 -0.194000 -0.002103
v -0.030160 -0.194000 0.045961
v 0.047269 -0.194000 -0.028126
v -0.026758 -0.194000 0.048043
v -0.054975 -0.194000 0.002178
v 0.048903 -0.194000 -0.025193
v -0.021251 -0.194000 0.050747
v 0.050810 -0.194000 -0.021075
v -0.053574 -0.194000 -0.012603
v 0.052376 -0.194000 -0.016874
v -0.014971 -0.194000 0.052940
v 0.053765 -0.194000 -0.011622
v -0.009944 -0.194000 0.054100
v 0.054190 -0.194000 -0.009415
v -0.005348 -0.194000 0.054756
v -0.051770 -0.194000 -0.018632
v 0.054960 -0.194000 -0.002213
v -0.000949 -0.194000 0.055000
v 0.054986 -0.194000 0.001368
v 0.002436 -0.194000 0.054955
v -0.047965 -0.194000 -0.026937
v -0.049898 -0.194000 -0.023163
v 0.054848 -0.194000 0.004172
v 0.006595 -0.194000 0.054610
v 0.054482 -0.193999 0.007582
v 0.010451 -0.194000 0.054012
v 0.054042 -0.194000 0.010220
v -0.044964 -0.194000 -0.031736
v 0.053206 -0.194000 0.013894
v 0.015865 -0.194000 0.052670
v -0.026159 -0.194000 -0.048394
v -0.029197 -0.194000 -0.046616
v -0.032770 -0.194000 -0.044199
v 0.052583 -0.194000 0.016080
v -0.036989 -0.194000 -0.040732
v -0.040947 -0.194000 -0.036755
v 0.000247 -0.194000 -0.055001
v -0.004411 -0.194000 -0.054860
v 0.051325 -0.194000 0.019739
v 0.021039 -0.194000 0.050821
v -0.010970 -0.194000 -0.053921
v -0.016336 -0.194000 -0.052538
v -0.021598 -0.194000 -0.050610
v 0.003464 -0.194000 -0.054895
v 0.007513 -0.194000 -0.054505
v 0.049954 -0.194000 0.022961
v 0.026879 -0.194000 0.047996
v 0.048681 -0.194000 0.025543
v 0.047247 -0.194000 0.028101
v 0.044736 -0.194000 0.031957
v 0.032163 -0.194000 0.044599
v -0.054412 -0.194000 0.008237
v -0.000024 -0.178857 0.054997
v -0.054485 -0.181877 -0.007538
v -0.053792 -0.180684 -0.011486
v -0.018150 -0.180602 0.051925
v -0.049956 -0.178693 -0.023010
v -0.048228 -0.182855 -0.026445
v -0.024954 -0.181719 0.049001
v -0.044516 -0.183813 -0.032317
v -0.027966 -0.185167 0.047333
v -0.042992 -0.184053 -0.034309
v -0.031191 -0.182513 0.045278
v -0.041889 -0.180303 -0.035646
v -0.040164 -0.181212 -0.037585
v -0.037791 -0.180809 -0.039970
v -0.037644 -0.183351 0.040069
v -0.031525 -0.180794 -0.045072
v -0.039183 -0.182662 0.038564
v -0.041932 -0.182522 0.035562
v -0.043328 -0.183691 0.033835
v -0.045076 -0.184325 0.031467
v -0.045986 -0.180736 0.030163
v -0.020243 -0.183161 -0.051143
v -0.047161 -0.183736 0.028257
v -0.048420 -0.179142 0.026093
v -0.049392 -0.180918 0.024187
v -0.015150 -0.183613 -0.052876
v -0.012132 -0.180678 -0.053653
v -0.050682 -0.184187 0.021317
v -0.051795 -0.179880 0.018503
v -0.009561 -0.177717 -0.054164
v -0.002068 -0.180535 -0.054965
v -0.053927 -0.177070 0.010834
v -0.054578 -0.181475 0.006820
v -0.049989 -0.158348 0.023311
v -0.023837 -0.133004 0.051719
v -0.030022 -0.136253 0.047852
v -0.054759 -0.180367 0.005167
v -0.027613 -0.139424 0.049121
v -0.054837 -0.171503 0.004321
v -0.021383 -0.137157 0.052498
v -0.022349 -0.125543 0.053142
v -0.054897 -0.179819 0.003398
v -0.054980 -0.180866 0.001668
v -0.020030 -0.126191 0.054099
v -0.034742 -0.134874 0.044380
v -0.032650 -0.133096 0.046196
v -0.026140 -0.135224 0.050310
v -0.026035 -0.144469 0.049701
v -0.054325 -0.173848 0.008675
v -0.018449 -0.133156 0.054045
v -0.047210 -0.158743 0.028632
v -0.045848 -0.158561 0.030814
v -0.017665 -0.123942 0.055248
v -0.044445 -0.158944 0.032838
v -0.032587 -0.143919 0.045524
v -0.046317 -0.166878 0.029890
v -0.047475 -0.167163 0.027979
v -0.032252 -0.153535 0.045267
v -0.023722 -0.142316 0.051038
v -0.044524 -0.165508 0.032560
v -0.015215 -0.133061 0.055127
v -0.034468 -0.153969 0.043543
v -0.035993 -0.156023 0.042169
v -0.034612 -0.145257 0.043849
v -0.029804 -0.147455 0.047260
v -0.038774 -0.162872 0.039348
v -0.037404 -0.154501 0.040965
v -0.037459 -0.164051 0.040587
v -0.043238 -0.171412 0.034130
v -0.041891 -0.163134 0.035970
v -0.041612 -0.169744 0.036132
v -0.015179 -0.126427 0.055808
v -0.034330 -0.162395 0.043335
v -0.032805 -0.159035 0.044629
v -0.034730 -0.169801 0.042801
v -0.040393 -0.182709 0.037298
v -0.012408 -0.133058 0.055884
v -0.012758 -0.124238 0.056718
v -0.016021 -0.170515 0.052723
v -0.013720 -0.170102 0.053377
v -0.025455 -0.154790 0.049428
v -0.011572 -0.170161 0.053878
v -0.018364 -0.142643 0.053281
v -0.017787 -0.171399 0.052135
v -0.013304 -0.179125 0.053370
v -0.015561 -0.179431 0.052755
v -0.035425 -0.130275 -0.042076
v -0.010928 -0.126273 0.056927
v -0.009539 -0.133224 0.056472
v -0.037165 -0.125819 -0.040551
v -0.035326 -0.136600 -0.042160
v -0.037263 -0.133872 -0.040456
v -0.038778 -0.125615 -0.039007
v -0.038846 -0.135792 -0.038937
v -0.016248 -0.143113 0.053954
v -0.035342 -0.144480 -0.042147
v -0.037375 -0.142905 -0.040355
v -0.022501 -0.148326 0.051222
v -0.034295 -0.153176 -0.043004
v -0.039378 -0.142924 -0.038404
v -0.037355 -0.150757 -0.040373
v -0.006522 -0.133034 0.056957
v -0.013875 -0.140549 0.054847
v -0.050847 -0.132562 -0.020973
v -0.051398 -0.131655 -0.019587
v -0.005825 -0.137168 0.056638
v -0.038954 -0.150197 -0.038828
v -0.035411 -0.157973 -0.042089
v -0.020168 -0.148659 0.052191
v -0.037417 -0.161425 -0.040315
v -0.013176 -0.145035 0.054691
v -0.028377 -0.153515 0.047843
v -0.027056 -0.164115 0.048183
v -0.002487 -0.125616 0.058101
v -0.001924 -0.132879 0.057327
v -0.028523 -0.173464 -0.047033
v -0.030368 -0.167974 -0.045858
v -0.032205 -0.169748 -0.044592
v -0.017832 -0.152507 0.052831
v -0.052199 -0.133939 -0.017342
v -0.003469 -0.138200 0.056750
v -0.023526 -0.179967 -0.049722
v -0.025540 -0.181948 -0.048713
v -0.010163 -0.140511 0.055702
v 0.000212 -0.125518 0.058177
v 0.000845 -0.134853 0.057165
v -0.039383 -0.158416 -0.038399
v -0.039001 -0.166385 -0.038782
v -0.028280 -0.180001 -0.047176
v -0.035454 -0.167121 -0.042052
v -0.033954 -0.170050 -0.043270
v -0.033121 -0.163056 -0.043913
v -0.026793 -0.177453 -0.048032
v -0.022756 -0.156124 0.050690
v -0.007992 -0.140147 0.056099
v -0.051350 -0.145908 -0.019707
v -0.052902 -0.134921 -0.015045
v -0.050352 -0.142476 -0.022145
v -0.038915 -0.172017 0.038987
v -0.035835 -0.180201 -0.041728
v -0.030066 -0.182585 -0.046059
v -0.014019 -0.153805 0.053919
v -0.019460 -0.159419 0.051903
v -0.052693 -0.142588 -0.015775
v -0.051990 -0.142678 -0.017946
v -0.037963 -0.173231 -0.039805
v -0.004493 -0.143558 0.056228
v -0.050888 -0.153773 -0.020875
v -0.001005 -0.141770 0.056553
v -0.017440 -0.160877 0.052563
v -0.035981 -0.168418 0.041787
v -0.052686 -0.150406 -0.015800
v -0.051998 -0.150427 -0.017924
v -0.010315 -0.146103 0.055246
v -0.033662 -0.181494 -0.043506
v -0.024882 -0.163019 0.049393
v -0.035891 -0.182107 0.041653
v -0.008630 -0.154011 0.055039
v -0.010640 -0.153350 0.054716
v -0.015510 -0.152215 0.053590
v -0.052694 -0.158288 -0.015770
v -0.051066 -0.168998 -0.020435
v -0.015277 -0.160827 0.053242
v -0.051736 -0.159226 -0.018680
v -0.007167 -0.146173 0.055751
v -0.021942 -0.163481 0.050758
v -0.052338 -0.127554 0.017828
v -0.051360 -0.126503 0.020784
v -0.052745 -0.166295 -0.015604
v -0.051832 -0.169188 -0.018406
v -0.032848 -0.171547 0.044234
v -0.051031 -0.136409 0.021361
v -0.050503 -0.135410 0.022703
v -0.052541 -0.136072 0.016948
v -0.051571 -0.136374 0.019909
v -0.053462 -0.165807 -0.012937
v -0.034305 -0.182780 0.042964
v -0.054067 -0.166001 -0.010121
v -0.054531 -0.167936 -0.007188
v -0.030415 -0.173755 0.045911
v -0.054273 -0.173359 -0.008931
v -0.006041 -0.154684 0.055350
v -0.023161 -0.170189 0.050013
v -0.052730 -0.149251 0.016075
v -0.051993 -0.139736 0.018610
v -0.051753 -0.150984 0.019084
v -0.054692 -0.172832 -0.005849
v 0.001251 -0.149072 0.056014
v -0.027373 -0.174053 0.047775
v -0.029421 -0.178805 0.046485
v -0.054996 -0.178100 -0.000677
v -0.054867 -0.169991 -0.003844
v -0.003420 -0.147076 0.056045
v -0.054971 -0.167750 -0.001919
v -0.032934 -0.182661 0.044025
v -0.050672 -0.150937 0.021903
v -0.052638 -0.158204 0.016238
v -0.052053 -0.158408 0.018069
v -0.054954 -0.179763 -0.002294
v -0.054829 -0.182200 -0.004396
v -0.051142 -0.158400 0.020580
v -0.002067 -0.150516 0.055883
v -0.048680 -0.158394 0.025998
v -0.048669 -0.165930 0.025855
v -0.014032 -0.162439 0.053526
v -0.025049 -0.170789 0.049080
v -0.030891 -0.156459 0.046096
v -0.040208 -0.171291 0.037662
v -0.003613 -0.155253 0.055535
v 0.000730 -0.155621 0.055628
v -0.022979 -0.180689 0.049965
v -0.033621 -0.126365 -0.043543
v -0.011607 -0.162147 0.054111
v -0.009020 -0.164314 0.054524
v -0.033177 -0.133535 -0.043873
v -0.006215 -0.162658 0.054980
v -0.033737 -0.144208 -0.043438
v -0.032654 -0.142205 -0.044259
v -0.002083 -0.159233 0.055414
v -0.003649 -0.162772 0.055191
v -0.032706 -0.150120 -0.044221
v -0.020841 -0.180978 0.050896
v -0.032184 -0.157164 -0.044605
v -0.005531 -0.171783 0.054794
v 0.000672 -0.164448 0.055255
v -0.053281 -0.134021 -0.013652
v -0.002551 -0.167271 0.055116
v -0.011295 -0.179589 0.053826
v -0.009513 -0.179019 0.054173
v -0.053458 -0.142756 -0.012954
v 0.000617 -0.173250 0.055050
v -0.002243 -0.173164 0.055007
v -0.039991 -0.170813 -0.037766
v -0.005895 -0.179827 0.054685
v -0.003937 -0.178496 0.054861
v -0.006783 -0.169995 -0.054582
v -0.008665 -0.172536 -0.054316
v -0.004354 -0.179151 -0.054831
v -0.001988 -0.173920 -0.054965
v -0.053468 -0.151140 -0.012912
v -0.045662 -0.123841 -0.030665
v -0.044031 -0.130180 -0.032967
v -0.011026 -0.172291 -0.053886
v -0.047008 -0.132506 -0.028559
v -0.047129 -0.123143 -0.028366
v -0.045017 -0.134891 -0.031604
v -0.006599 -0.181671 -0.054605
v -0.053462 -0.158703 -0.012934
v -0.053182 -0.126266 0.014826
v -0.045668 -0.142028 -0.030656
v -0.044522 -0.142341 -0.032294
v -0.046977 -0.142100 -0.028609
v -0.053465 -0.147900 0.013296
v -0.053626 -0.139023 0.012705
v -0.045705 -0.151219 -0.030600
v -0.044536 -0.150073 -0.032273
v -0.053062 -0.134586 0.015134
v -0.047297 -0.150297 -0.028071
v -0.045687 -0.158788 -0.030626
v -0.044552 -0.158278 -0.032252
v -0.047016 -0.159299 -0.028545
v -0.044354 -0.167445 -0.032525
v -0.052340 -0.174440 -0.016907
v -0.046243 -0.167742 -0.029787
v -0.052518 -0.184128 -0.016349
v -0.046770 -0.126052 0.030583
v -0.053171 -0.180332 -0.014086
v -0.044645 -0.127507 0.033840
v -0.043038 -0.126735 0.036139
v -0.045776 -0.127109 0.032156
v -0.046827 -0.132331 0.030185
v -0.048177 -0.133696 0.027720
v -0.046217 -0.136702 0.031006
v -0.044695 -0.138081 0.033253
v -0.047394 -0.141432 0.028851
v -0.046664 -0.146739 0.029893
v -0.054159 -0.182195 -0.009598
v -0.053135 -0.163034 0.014404
v -0.053725 -0.158810 0.012019
v -0.044624 -0.145841 0.033028
v -0.046447 -0.153630 0.030021
v -0.031100 -0.127444 0.047802
v -0.029274 -0.125955 0.049191
v -0.045075 -0.152476 0.032155
v -0.050011 -0.167297 0.023089
v -0.052144 -0.164414 0.017710
v -0.052375 -0.173575 0.016868
v -0.032731 -0.164964 0.044483
v -0.037403 -0.171311 0.040453
v -0.051161 -0.165773 0.020402
v -0.036570 -0.144813 0.042182
v -0.019735 -0.170441 0.051454
v -0.030850 -0.126625 -0.045539
v -0.031453 -0.137694 -0.045118
v -0.030291 -0.138521 -0.045910
v -0.040183 -0.163042 0.037894
v -0.051399 -0.175373 0.019630
v -0.045481 -0.173256 0.031031
v -0.030914 -0.151126 -0.045496
v -0.030429 -0.158405 -0.045816
v -0.053622 -0.131524 -0.012237
v -0.053929 -0.130741 -0.010808
v -0.012246 -0.154406 0.054320
v -0.054187 -0.143112 -0.009433
v -0.042892 -0.168657 -0.034431
v -0.007700 -0.170419 0.054559
v -0.007429 -0.178380 0.054496
v -0.041781 -0.171016 -0.035770
v -0.001851 -0.180444 0.054970
v -0.004584 -0.170478 -0.054814
v -0.042544 -0.124815 -0.034862
v -0.045348 -0.171144 -0.031123
v -0.054071 -0.150755 -0.010095
v -0.012694 -0.170511 -0.053517
v -0.001753 -0.127443 -0.054976
v -0.004498 -0.127468 -0.054820
v -0.014298 -0.173330 -0.053110
v -0.006703 -0.127437 -0.054591
v -0.008834 -0.127456 -0.054291
v -0.011626 -0.127411 -0.053762
v -0.014333 -0.127358 -0.053104
v -0.049106 -0.171534 -0.024783
v -0.050199 -0.165859 -0.022484
v -0.016909 -0.127305 -0.052340
v -0.054055 -0.158246 -0.010172
v -0.015726 -0.174481 -0.052705
v -0.050606 -0.177775 -0.021542
v -0.019372 -0.127227 -0.051480
v -0.048831 -0.122324 -0.025316
v -0.021985 -0.127143 -0.050420
v -0.043270 -0.141634 -0.033959
v -0.053963 -0.147767 0.010944
v -0.048156 -0.134268 -0.026573
v -0.025452 -0.126992 -0.048770
v -0.053166 -0.172925 -0.014108
v -0.028418 -0.126795 -0.047098
v -0.054205 -0.145145 0.009635
v -0.022816 -0.134824 -0.050058
v -0.043230 -0.150646 -0.034009
v -0.048781 -0.139018 -0.025408
v -0.001877 -0.167018 -0.054970
v -0.043215 -0.158893 -0.034031
v -0.054199 -0.158302 0.009542
v -0.048098 -0.149647 -0.026678
v -0.049012 -0.151799 -0.024969
v -0.022802 -0.142571 -0.050068
v -0.049136 -0.157893 -0.024724
v -0.021541 -0.171436 0.050704
v -0.048119 -0.126980 0.028104
v -0.028500 -0.140238 -0.047044
v -0.028054 -0.132368 -0.047307
v -0.043266 -0.132539 0.035502
v -0.041001 -0.126897 0.038682
v -0.048446 -0.141835 0.026907
v -0.040137 -0.125305 -0.037611
v -0.028419 -0.149274 -0.047093
v -0.043167 -0.141351 0.035196
v -0.045653 -0.143379 0.031610
v -0.028448 -0.157482 -0.047076
v -0.022989 -0.150366 -0.049978
v -0.048052 -0.150712 0.027375
v -0.028508 -0.164831 -0.047039
v -0.041509 -0.129648 -0.036087
v -0.054103 -0.167457 0.010034
v -0.054297 -0.130020 -0.008790
v -0.032888 -0.127297 0.046464
v -0.053580 -0.168664 0.012548
v -0.043094 -0.151316 0.034875
v -0.036669 -0.135621 0.042631
v -0.054504 -0.138423 -0.007393
v -0.038399 -0.145820 0.040393
v -0.041485 -0.153159 0.036762
v -0.043029 -0.177300 -0.034262
v -0.054518 -0.152577 -0.007294
v -0.054519 -0.146195 -0.007281
v -0.022890 -0.158586 -0.050026
v -0.054134 -0.131363 0.010223
v -0.053622 -0.125775 0.012928
v -0.054297 -0.180560 0.008776
v -0.054617 -0.136802 0.006763
v -0.044374 -0.176350 -0.032496
v -0.043351 -0.160635 0.034238
v -0.047413 -0.170611 -0.027876
v -0.048167 -0.170163 -0.026552
v -0.040115 -0.152481 0.038328
v -0.046268 -0.174461 -0.029741
v -0.054523 -0.144733 0.007507
v -0.050698 -0.175434 0.021392
v -0.054520 -0.159301 -0.007282
v -0.047177 -0.182521 -0.028282
v -0.039552 -0.155482 0.038812
v -0.054587 -0.153071 0.006900
v -0.049818 -0.128761 -0.023320
v -0.051417 -0.181028 -0.019548
v -0.022137 -0.168807 -0.050354
v -0.047594 -0.177726 0.027600
v -0.046787 -0.175633 0.028977
v -0.044411 -0.174009 0.032531
v -0.031185 -0.163225 0.045639
v -0.029908 -0.164323 0.046457
v -0.009811 -0.170233 0.054222
v -0.025682 -0.132084 -0.048645
v -0.040826 -0.134712 -0.036857
v -0.025711 -0.139827 -0.048630
v -0.025722 -0.147558 -0.048624
v -0.017993 -0.171345 -0.051980
v -0.042325 -0.138351 -0.035130
v -0.025732 -0.155623 -0.048619
v -0.025662 -0.163688 -0.048655
v -0.023772 -0.168761 -0.049600
v -0.019963 -0.169569 -0.051252
v -0.025240 -0.168626 -0.048869
v -0.054719 -0.130954 -0.005612
v -0.054912 -0.127624 -0.003186
v -0.055030 -0.134042 -0.000225
v -0.054850 -0.138281 -0.004191
v -0.055010 -0.127034 -0.000180
v -0.021278 -0.176051 -0.050717
v -0.050137 -0.134768 -0.022620
v -0.040916 -0.147062 -0.036758
v -0.054974 -0.142572 -0.001871
v -0.054991 -0.142570 0.001396
v -0.054799 -0.142564 -0.004749
v -0.054711 -0.127362 0.005997
v -0.054454 -0.130263 0.008139
v -0.054877 -0.137022 0.003978
v -0.054893 -0.127084 0.003648
v -0.017891 -0.180847 -0.052017
v -0.049546 -0.144002 -0.023881
v -0.045749 -0.180063 -0.030539
v -0.041845 -0.154448 -0.035692
v -0.040925 -0.160641 -0.036747
v -0.054991 -0.150352 0.001396
v -0.054848 -0.147034 -0.004193
v -0.054974 -0.150353 -0.001867
v -0.050126 -0.150385 -0.022644
v -0.054866 -0.145389 0.004078
v -0.050137 -0.158605 -0.022621
v -0.049265 -0.127111 0.025784
v -0.049526 -0.138442 0.024838
v -0.054849 -0.155063 -0.004184
v -0.054994 -0.158625 0.001257
v -0.054975 -0.158569 -0.001862
v -0.049170 -0.180484 -0.024651
v -0.041615 -0.131680 0.037642
v -0.054826 -0.150344 0.004561
v -0.054945 -0.172189 0.002519
v -0.049467 -0.150689 0.024613
v -0.054562 -0.168566 0.007050
v -0.041521 -0.139343 0.037336
v -0.034861 -0.127190 0.044850
v -0.054868 -0.154807 0.003983
v -0.054998 -0.167694 0.000714
v -0.054854 -0.163123 -0.004090
v -0.038353 -0.135146 0.041025
v -0.041388 -0.146610 0.037147
v -0.053045 -0.173207 0.014627
v -0.052651 -0.179922 0.015925
v -0.053419 -0.181246 0.013106
v -0.049919 -0.177520 0.023126
v -0.050261 -0.126463 0.023590
v -0.038798 -0.127053 0.041108
v -0.036726 -0.127368 0.043148
v -0.040041 -0.137134 0.039138
v -0.027838 -0.125305 0.050179
v -0.026247 -0.127184 0.050956
v -0.040044 -0.146504 0.038657
v -0.027346 -0.067067 0.074409
v -0.045808 -0.017504 0.096714
v -0.041120 -0.028454 0.096344
v -0.046471 -0.092276 0.040647
v -0.036342 -0.079204 0.059204
v -0.003215 -0.092206 0.067643
v -0.053417 -0.036291 0.054420
v -0.051829 -0.019058 0.069234
v -0.042789 -0.102378 0.041895
v -0.044219 -0.101411 0.040332
v -0.037810 -0.032094 0.098756
v -0.039845 -0.032334 0.093835
v -0.010166 -0.115842 0.058712
v -0.013331 -0.119015 0.057349
v -0.012525 -0.115008 0.058353
v -0.002746 -0.087887 0.069818
v -0.048932 -0.091720 0.036646
v -0.047612 -0.086875 0.041232
v -0.043087 -0.045774 0.072687
v -0.044515 -0.043187 0.072045
v -0.018822 -0.054057 0.091763
v -0.016792 -0.053938 0.092993
v -0.045439 -0.020695 0.093868
v -0.046223 -0.061205 0.056973
v -0.036153 -0.054518 0.075877
v -0.034783 -0.037124 0.097000
v -0.047518 -0.057945 0.056606
v -0.038445 -0.055551 0.072133
v -0.037688 -0.053140 0.075066
v -0.034321 -0.057600 0.075473
v -0.025892 -0.048114 0.093516
v -0.018489 -0.104337 0.059364
v -0.036090 -0.058439 0.072815
v -0.002432 -0.063786 0.086799
v -0.037979 -0.113265 0.044155
v -0.038665 -0.050154 0.076222
v -0.039835 -0.051736 0.073204
v -0.026469 -0.094161 0.059387
v -0.037053 -0.116068 0.044442
v -0.040037 -0.108439 0.043253
v -0.004845 -0.060196 0.089980
v -0.040239 -0.047690 0.075953
v -0.053332 -0.040186 0.052908
v -0.036037 -0.036767 0.095313
v -0.053049 -0.068903 0.039457
v -0.047980 -0.007629 0.097423
v -0.045135 -0.095166 0.041438
v -0.053883 -0.007115 0.065047
v -0.048978 -0.006195 0.093453
v -0.036228 -0.119890 0.044514
v -0.037816 -0.120946 0.042837
v -0.024179 -0.099046 0.058675
v -0.024123 -0.071158 0.073570
v -0.008847 -0.059435 0.089995
v -0.005988 -0.119577 0.058694
v -0.048181 -0.012383 0.092293
v -0.008708 -0.119035 0.058376
v -0.015370 -0.081505 0.070869
v -0.053581 -0.073176 0.035774
v -0.047489 -0.009877 0.097945
v -0.023605 -0.049589 0.093662
v -0.021074 -0.075354 0.072394
v -0.022345 -0.071479 0.074359
v -0.041358 -0.103259 0.043346
v -0.028175 -0.044640 0.095621
v -0.052017 -0.042881 0.055205
v -0.043513 -0.022934 0.097467
v -0.044100 -0.020654 0.098821
v 0.000176 -0.065630 0.085277
v 0.000114 -0.063351 0.087351
v -0.008036 -0.126456 0.057441
v -0.003226 -0.122386 0.058507
v -0.006798 -0.122750 0.058083
v -0.052860 -0.010877 0.069230
v -0.004770 -0.126342 0.057858
v -0.026615 -0.070687 0.072313
v -0.052086 -0.081307 0.035076
v -0.043278 -0.025586 0.094346
v -0.047706 -0.014454 0.092319
v -0.042670 -0.043372 0.075489
v -0.034697 -0.123868 0.045338
v -0.021389 -0.099422 0.059904
v -0.039555 -0.112463 0.042714
v -0.010774 -0.083556 0.070956
v -0.006432 -0.088392 0.069148
v -0.004631 -0.087310 0.069945
v -0.023869 -0.094449 0.060696
v -0.047220 -0.036593 0.071235
v -0.031350 -0.043567 0.093243
v -0.031764 -0.040131 0.097339
v -0.032946 -0.039543 0.096460
v -0.016170 -0.104407 0.060171
v -0.052645 -0.014645 0.068149
v -0.011188 -0.119865 0.057736
v -0.041751 -0.044239 0.076408
v -0.046377 -0.015020 0.097489
v -0.041931 -0.069842 0.058219
v -0.040389 -0.070678 0.059651
v -0.017979 -0.078835 0.071532
v -0.043900 -0.096027 0.042818
v -0.030343 -0.087056 0.060134
v -0.034737 -0.120305 0.045776
v -0.032408 -0.062210 0.073802
v -0.033921 -0.061738 0.072663
v -0.029785 -0.042500 0.096634
v -0.015864 -0.077040 0.073467
v -0.048722 -0.003076 0.096174
v -0.054199 -0.029971 0.054519
v -0.054877 -0.026614 0.053248
v -0.050006 -0.000493 0.090335
v -0.030264 -0.065121 0.073547
v -0.040309 -0.103914 0.044332
v -0.022099 -0.103779 0.058008
v -0.019003 -0.100907 0.060349
v -0.050153 -0.049529 0.056137
v -0.051190 -0.024100 0.068393
v -0.008219 -0.084791 0.070792
v -0.021494 -0.049990 0.094782
v -0.054829 -0.063629 0.037582
v -0.032674 -0.084956 0.059421
v -0.048991 -0.027151 0.073898
v -0.018637 -0.051830 0.094455
v -0.050233 -0.025162 0.071183
v -0.011684 -0.110491 0.059637
v -0.014916 -0.115007 0.057686
v -0.014076 -0.110389 0.059037
v -0.044327 -0.040913 0.074333
v -0.048279 -0.030737 0.073124
v -0.036591 -0.034595 0.097445
v -0.033770 -0.082683 0.059683
v -0.034528 -0.079895 0.060503
v -0.038697 -0.074864 0.059187
v -0.046326 -0.087037 0.043238
v -0.025948 -0.045384 0.096939
v -0.044147 -0.063256 0.059029
v -0.014726 -0.057035 0.090553
v -0.012123 -0.057193 0.091378
v -0.053778 -0.000499 0.068172
v -0.052069 -0.038432 0.057314
v -0.000050 -0.092416 0.067739
v 0.000014 -0.088959 0.069416
v -0.002031 -0.061510 0.088993
v -0.029167 -0.093351 0.058032
v -0.011786 -0.059411 0.089184
v -0.009236 -0.057234 0.092202
v -0.028361 -0.087603 0.061223
v -0.050762 -0.020368 0.072850
v -0.046169 -0.035262 0.075012
v -0.050371 -0.044329 0.058530
v -0.039554 -0.029586 0.098660
v -0.012959 -0.081632 0.071532
v -0.013230 -0.054489 0.093978
v -0.016436 -0.110313 0.058320
v -0.013211 -0.084851 0.069617
v -0.017731 -0.074434 0.074498
v -0.048792 -0.048912 0.059410
v -0.046471 -0.012062 0.100443
v -0.054056 -0.062632 0.040238
v -0.037956 -0.109502 0.045142
v -0.006345 -0.058939 0.091025
v -0.030236 -0.061832 0.076108
v -0.042420 -0.023726 0.099826
v -0.044631 -0.017736 0.101007
v -0.031880 -0.123612 0.047617
v -0.047321 -0.031881 0.074926
v -0.049902 -0.073361 0.043896
v -0.026722 -0.089863 0.061172
v -0.020089 -0.071891 0.075234
v -0.007777 -0.114905 0.059361
v -0.042346 -0.095337 0.045092
v -0.032255 -0.059026 0.076489
v -0.035423 -0.114509 0.046275
v -0.039215 -0.104540 0.045314
v -0.042036 -0.064636 0.061170
v -0.024110 -0.046696 0.096911
v -0.027305 -0.063759 0.076960
v -0.051532 -0.016528 0.072364
v -0.036372 -0.111018 0.046249
v -0.015036 -0.052432 0.095608
v -0.036750 -0.073034 0.062288
v -0.048826 -0.000149 0.096328
v -0.044892 -0.088294 0.044767
v -0.005072 -0.084615 0.071368
v -0.013564 -0.077075 0.074201
v -0.044833 -0.036715 0.076966
v 0.000024 -0.060792 0.089817
v -0.052782 -0.003280 0.073703
v -0.021562 -0.094756 0.061696
v -0.036136 -0.032814 0.101129
v -0.032330 -0.119657 0.047847
v -0.014006 -0.105920 0.060366
v -0.028920 -0.041288 0.099418
v -0.048746 -0.077762 0.043775
v -0.046327 -0.055058 0.060444
v -0.054408 -0.025108 0.055561
v -0.033530 -0.036555 0.099987
v -0.036895 -0.051190 0.077797
v -0.008952 -0.111913 0.059863
v -0.005668 -0.115556 0.059507
v -0.002846 -0.119241 0.059050
v -0.026698 -0.043104 0.099344
v -0.037492 -0.105303 0.046824
v -0.031012 -0.038911 0.100216
v -0.033435 -0.114035 0.048065
v -0.024585 -0.066507 0.076707
v -0.007330 -0.081325 0.072968
v -0.038823 -0.069053 0.062460
v -0.018813 -0.048677 0.098265
v -0.044265 -0.058323 0.061861
v -0.050952 -0.040440 0.059250
v -0.040785 -0.097907 0.045945
v -0.048980 -0.023836 0.076918
v -0.010127 -0.054371 0.095166
v 0.000266 -0.121326 0.058793
v -0.001898 -0.058575 0.091981
v -0.040847 -0.024560 0.103243
v -0.006628 -0.056813 0.093257
v -0.031453 -0.080220 0.062883
v -0.021607 -0.047217 0.098273
v -0.052325 -0.063480 0.044031
v -0.043642 -0.089682 0.045857
v -0.047481 -0.050320 0.061211
v -0.032926 -0.116352 0.047979
v -0.037838 -0.029361 0.103144
v -0.033949 -0.054965 0.078120
v -0.039502 -0.027288 0.102479
v -0.054920 0.001787 0.060228
v -0.045087 -0.014938 0.102942
v -0.029662 -0.121697 0.049443
v -0.051508 -0.035833 0.060283
v -0.000003 -0.085027 0.071519
v -0.054830 -0.056234 0.041382
v -0.024072 -0.044294 0.100231
v -0.034745 -0.109402 0.048116
v -0.008798 -0.078958 0.074171
v -0.049957 -0.020201 0.076373
v -0.003323 -0.057077 0.093465
v -0.012499 -0.052308 0.096837
v -0.039324 -0.098705 0.047252
v -0.047502 -0.079403 0.045075
v 0.000125 -0.058597 0.092064
v -0.011088 -0.077164 0.074821
v -0.051653 -0.011849 0.075229
v -0.035097 -0.073786 0.063469
v -0.040669 -0.043742 0.078828
v -0.040508 -0.065480 0.062638
v -0.002645 -0.115956 0.059718
v -0.050952 -0.058307 0.049739
v -0.024730 -0.089608 0.062446
v -0.033130 -0.077053 0.063311
v -0.038442 -0.047155 0.079262
v -0.034901 -0.033048 0.103175
v -0.047802 -0.027433 0.077591
v -0.052892 -0.030824 0.058591
v -0.035795 -0.105980 0.048191
v -0.007920 -0.054391 0.095726
v -0.022838 -0.066853 0.077515
v -0.005153 -0.081976 0.072893
v -0.006732 -0.111696 0.060277
v -0.029202 -0.059984 0.078523
v -0.002334 -0.083092 0.072492
v -0.052182 -0.032664 0.059935
v -0.031063 -0.056534 0.079786
v -0.046599 -0.030826 0.077988
v 0.000172 -0.117592 0.059470
v -0.016442 -0.049058 0.099156
v -0.018744 -0.095783 0.062470
v -0.027918 -0.039660 0.103101
v -0.043297 -0.038020 0.079196
v -0.030823 -0.117059 0.049417
v -0.033054 -0.109493 0.049485
v -0.016247 -0.099888 0.061740
v -0.022008 -0.044757 0.101357
v -0.046182 -0.078852 0.047446
v -0.053120 -0.059261 0.044330
v -0.029857 -0.037984 0.103282
v -0.046710 -0.006911 0.103811
v -0.008620 -0.108853 0.060737
v -0.029058 -0.082883 0.063210
v -0.053386 -0.027678 0.058336
v -0.034290 -0.052453 0.079968
v -0.032022 -0.036130 0.103094
v -0.018789 -0.069589 0.077531
v -0.032041 -0.033780 0.107001
v -0.026608 -0.040643 0.103104
v -0.050420 -0.016036 0.078000
v -0.048684 -0.068682 0.048623
v -0.005414 -0.054007 0.096678
v -0.047030 -0.004555 0.103613
v -0.010723 -0.104498 0.061635
v -0.041465 -0.021148 0.106867
v -0.045649 -0.009277 0.106670
v -0.047691 0.000628 0.101693
v -0.000049 -0.056075 0.094806
v -0.021122 -0.067112 0.078281
v -0.012041 -0.101190 0.062472
v -0.010008 -0.052183 0.097855
v -0.026130 -0.084856 0.064032
v -0.042035 -0.020176 0.106582
v -0.014538 -0.072220 0.077259
v -0.013433 -0.050089 0.099273
v -0.037051 -0.099776 0.049138
v -0.043396 -0.016822 0.106844
v -0.030645 -0.113893 0.050208
v -0.051345 -0.006960 0.080313
v -0.045251 -0.010866 0.106846
v -0.040159 -0.093888 0.048271
v -0.053027 0.000460 0.073335
v -0.045327 -0.032410 0.079959
v -0.019609 -0.045223 0.102506
v -0.041442 -0.040695 0.080389
v -0.004323 -0.112060 0.060475
v -0.025972 -0.123055 0.051540
v -0.024221 -0.041590 0.104163
v -0.022346 -0.089995 0.063495
v -0.042081 -0.088296 0.048478
v -0.037001 -0.047117 0.081435
v -0.025190 -0.061994 0.079949
v -0.042196 -0.059721 0.064048
v -0.002312 -0.054901 0.096029
v -0.000078 -0.081506 0.073576
v -0.027040 -0.119739 0.051403
v -0.050827 -0.013642 0.078107
v -0.046505 0.000489 0.106943
v -0.028717 -0.116314 0.050982
v -0.027136 -0.059921 0.080276
v -0.016368 -0.070956 0.077538
v -0.013907 -0.099978 0.062431
v -0.005400 -0.108555 0.061307
v -0.036269 -0.029240 0.106864
v -0.033416 -0.032411 0.106991
v -0.030844 -0.110041 0.051009
v -0.048890 -0.042878 0.062839
v -0.001659 -0.111977 0.060689
v -0.046557 -0.001951 0.106588
v -0.012525 -0.049026 0.101057
v -0.017493 -0.045589 0.103376
v -0.015190 -0.047318 0.102193
v -0.054971 -0.124640 0.001813
v -0.038816 -0.044528 0.081225
v -0.033868 -0.105249 0.050087
v -0.040700 -0.022735 0.106671
v -0.039905 -0.024175 0.106581
v -0.006677 -0.051086 0.100086
v -0.054977 -0.117442 0.001415
v -0.005560 -0.078344 0.075110
v -0.044721 -0.079408 0.049307
v -0.024566 -0.123843 0.052208
v -0.045068 -0.052301 0.064394
v -0.038454 -0.026492 0.106526
v -0.012659 -0.073462 0.076962
v -0.054914 -0.119799 0.002984
v -0.055009 -0.111715 -0.000047
v -0.042738 -0.018633 0.106585
v -0.007841 -0.104367 0.062234
v -0.000024 -0.113415 0.060399
v -0.004022 -0.052705 0.098474
v -0.003346 -0.078851 0.075029
v -0.049490 -0.040494 0.062904
v 0.000306 -0.053889 0.097348
v -0.029091 -0.079498 0.065064
v -0.054739 -0.121692 0.005581
v -0.043304 -0.034181 0.083232
v -0.044083 -0.014858 0.106897
v -0.043740 -0.015790 0.106947
v -0.054799 -0.118286 0.004974
v -0.015912 -0.095972 0.063406
v -0.038901 -0.065206 0.064789
v -0.030760 -0.034976 0.106979
v -0.028662 -0.036681 0.107054
v -0.051722 -0.004412 0.079585
v -0.044371 -0.013960 0.106909
v -0.035295 -0.100453 0.050489
v -0.009801 -0.049478 0.101416
v -0.054596 -0.122355 0.006998
v -0.054207 -0.019610 0.058418
v -0.008410 -0.075947 0.076246
v -0.034831 -0.049633 0.081965
v -0.028382 -0.057528 0.081369
v -0.053768 -0.052720 0.045931
v -0.046240 -0.050116 0.063721
v -0.039987 -0.090121 0.050087
v -0.027053 -0.037836 0.107135
v -0.054909 -0.110949 0.004562
v -0.031423 -0.053593 0.082116
v -0.043432 -0.080818 0.050347
v -0.002022 -0.052644 0.098758
v -0.023479 -0.062371 0.080780
v -0.044781 -0.012634 0.106869
v -0.046350 -0.003951 0.106891
v -0.037895 -0.094941 0.050207
v -0.054328 -0.121981 0.009141
v -0.042066 -0.036806 0.083155
v -0.054777 -0.110335 0.007196
v -0.021721 -0.041299 0.106903
v -0.025299 -0.039078 0.107083
v -0.046885 -0.025845 0.082264
v -0.036711 -0.067398 0.065826
v -0.047805 -0.044235 0.064401
v -0.054626 -0.111453 0.008545
v -0.054008 -0.124198 0.011036
v -0.054959 -0.105635 0.008148
v -0.046004 -0.007297 0.106647
v -0.046164 -0.005471 0.106975
v -0.049034 -0.019275 0.081146
v -0.048282 -0.022230 0.081157
v -0.023153 -0.040232 0.107323
v -0.013162 -0.046476 0.104383
v -0.054405 -0.114958 0.009507
v -0.019525 -0.089995 0.064772
v -0.046436 -0.002504 0.106939
v -0.023580 -0.085303 0.065225
v -0.047452 -0.072118 0.048928
v -0.040697 -0.060583 0.065546
v -0.019132 -0.042353 0.107256
v -0.054907 -0.015806 0.056346
v -0.000136 -0.052322 0.099265
v -0.016870 -0.067591 0.079927
v -0.018591 -0.092654 0.063902
v -0.004421 -0.050240 0.101617
v -0.018833 -0.065250 0.080959
v -0.014584 -0.044472 0.106741
v -0.054000 -0.117383 0.011796
v -0.011205 -0.046742 0.104809
v -0.033443 -0.100885 0.051897
v -0.008313 -0.047803 0.104185
v -0.009112 -0.073451 0.077876
v -0.016553 -0.043523 0.107135
v -0.031631 -0.074233 0.066252
v -0.043040 -0.054489 0.066284
v -0.000481 -0.050651 0.101404
v 0.000381 -0.110539 0.061130
v -0.021090 -0.063876 0.080955
v -0.005404 -0.048506 0.103849
v -0.053558 -0.118552 0.013934
v -0.039193 -0.042233 0.082949
v -0.031862 -0.106001 0.051421
v -0.004800 -0.105468 0.062307
v -0.010725 -0.045189 0.107324
v -0.035502 -0.046953 0.083758
v -0.054260 -0.110954 0.011895
v -0.006124 -0.045898 0.107517
v -0.005421 -0.075699 0.076908
v -0.000793 -0.048071 0.104936
v -0.003384 -0.048012 0.104825
v -0.053166 -0.119784 0.015487
v -0.013547 -0.096001 0.064111
v -0.008220 -0.045712 0.107329
v -0.053858 -0.112144 0.013959
v -0.049994 -0.036123 0.064315
v -0.001730 -0.046331 0.107442
v 0.000664 -0.046595 0.107089
v -0.024073 -0.118354 0.053305
v -0.000080 -0.078112 0.075724
v -0.054839 -0.046867 0.045666
v -0.054655 -0.105182 0.011734
v -0.052546 -0.121327 0.017649
v -0.045895 -0.027761 0.083346
v -0.053409 -0.113297 0.015864
v -0.040006 -0.085531 0.052194
v -0.026089 -0.114450 0.052976
v -0.039090 -0.061975 0.066687
v -0.002089 -0.108244 0.061687
v -0.041934 -0.081085 0.052123
v -0.032731 -0.050074 0.084099
v -0.033289 -0.071337 0.066643
v -0.011269 -0.070068 0.079876
v -0.040606 -0.039089 0.083714
v -0.054326 -0.104057 0.014694
v -0.027957 -0.110869 0.052718
v -0.054929 -0.099767 0.013234
v -0.037717 -0.091149 0.051996
v -0.035570 -0.095919 0.051994
v -0.035031 -0.068165 0.067051
v -0.032051 -0.101846 0.052645
v -0.051818 -0.123286 0.019750
v -0.025853 -0.058120 0.082898
v -0.054674 -0.100012 0.014930
v -0.054039 -0.104945 0.015893
v -0.052849 -0.114744 0.017797
v -0.013852 -0.068907 0.080028
v -0.029902 -0.105265 0.053050
v -0.020766 -0.087127 0.065668
v -0.021646 -0.120642 0.054083
v -0.053730 -0.106410 0.016809
v -0.052673 -0.025819 0.061837
v -0.049230 -0.016922 0.082705
v -0.028753 -0.054491 0.083890
v -0.052153 -0.116177 0.019923
v -0.051059 -0.032993 0.063208
v -0.053313 -0.107547 0.018221
v -0.026160 -0.080162 0.066611
v -0.046646 -0.045200 0.066211
v -0.007973 -0.099768 0.063858
v -0.029225 -0.075011 0.067641
v -0.053264 -0.021025 0.061871
v -0.050193 -0.009071 0.085188
v -0.052713 -0.108801 0.020102
v -0.050881 -0.123110 0.022409
v -0.022014 -0.061074 0.082849
v -0.054902 -0.092905 0.018677
v -0.044161 -0.029708 0.086232
v -0.051318 -0.117836 0.022071
v -0.043921 -0.052067 0.066521
v -0.037063 -0.043491 0.085149
v -0.016789 -0.090525 0.065559
v -0.023848 -0.114581 0.054163
v -0.011077 -0.095826 0.064812
v -0.053446 -0.044376 0.050690
v -0.005376 -0.102801 0.063122
v -0.054267 -0.098404 0.018329
v -0.051982 -0.109776 0.022194
v -0.002192 -0.075533 0.077364
v -0.014743 -0.091194 0.065911
v -0.050501 -0.119314 0.023945
v -0.008606 -0.071247 0.079616
v -0.030357 -0.102092 0.053790
v -0.053679 -0.099879 0.020188
v -0.047651 -0.021535 0.084370
v -0.005470 -0.073330 0.078590
v -0.023336 -0.058695 0.084193
v -0.031376 -0.050541 0.085174
v -0.051492 -0.111435 0.023143
v -0.046112 -0.068967 0.052771
v -0.041054 -0.056209 0.068065
v -0.053085 -0.100528 0.022195
v -0.019609 -0.121027 0.054901
v -0.014381 -0.065622 0.082523
v -0.049602 -0.120611 0.025824
v -0.050861 -0.111682 0.024779
v -0.033585 -0.047464 0.085786
v -0.048475 -0.120393 0.028229
v -0.042298 -0.033898 0.085991
v -0.051416 -0.000241 0.082813
v -0.035358 -0.091423 0.054081
v -0.038806 -0.039609 0.086557
v -0.052545 -0.102703 0.023076
v -0.000193 -0.104555 0.062933
v -0.027571 -0.107139 0.053999
v -0.048666 -0.124024 0.027320
v -0.049854 -0.056091 0.053180
v -0.054878 -0.085823 0.023891
v -0.038486 -0.086194 0.053499
v -0.008825 -0.095745 0.065313
v -0.050132 -0.115240 0.025688
v -0.019611 -0.061348 0.083984
v -0.054463 -0.092274 0.021268
v -0.032715 -0.096921 0.053986
v -0.051397 -0.028144 0.065038
v -0.051436 -0.002217 0.082110
v -0.025292 -0.109199 0.054721
v -0.054480 -0.010888 0.060075
v -0.036936 -0.063924 0.067895
v -0.040630 -0.036456 0.086672
v -0.051332 -0.050360 0.053045
v -0.020756 -0.084384 0.067124
v -0.026424 -0.055123 0.085312
v -0.053417 -0.095937 0.023335
v -0.016278 -0.064421 0.082828
v -0.049863 -0.111003 0.027409
v -0.048993 -0.114278 0.028406
v -0.047552 -0.123401 0.029526
v -0.049060 -0.036644 0.066484
v -0.029351 -0.051364 0.086467
v -0.002721 -0.102545 0.063474
v -0.051752 -0.103516 0.025142
v -0.050814 -0.104865 0.027138
v -0.044690 -0.048552 0.067670
v 0.000012 -0.074450 0.078245
v -0.047212 -0.065230 0.053049
v -0.002713 -0.072011 0.079875
v -0.047883 -0.114473 0.030558
v -0.005919 -0.070004 0.081047
v -0.038122 -0.059773 0.069405
v -0.022871 -0.081391 0.067772
v -0.011976 -0.065764 0.083197
v -0.053535 -0.016501 0.062777
v -0.052843 -0.094218 0.026135
v -0.017830 -0.087386 0.066743
v -0.054126 -0.088894 0.024782
v -0.035365 -0.043504 0.087728
v -0.052235 -0.095568 0.027274
v -0.044694 -0.070019 0.054325
v -0.042636 -0.031545 0.088053
v -0.031849 -0.069236 0.069282
v -0.026313 -0.075688 0.069208
v -0.053706 -0.013483 0.063313
v -0.004290 -0.099626 0.064403
v -0.046756 -0.116752 0.032037
v -0.009457 -0.067635 0.082294
v -0.021637 -0.115064 0.055125
v -0.049532 -0.106434 0.029550
v -0.040465 -0.054872 0.069870
v -0.027188 -0.103570 0.055358
v -0.023063 -0.109539 0.055790
v -0.047847 -0.040043 0.067156
v -0.051555 -0.096755 0.028566
v -0.023875 -0.055801 0.086632
v -0.045504 -0.024694 0.088328
v -0.012116 -0.091976 0.066277
v -0.006662 -0.095868 0.065613
v -0.040410 -0.080054 0.054468
v -0.031409 -0.048170 0.087686
v -0.037118 -0.040745 0.088192
v -0.036567 -0.085458 0.055749
v -0.044899 -0.122219 0.034041
v -0.045689 -0.117774 0.033574
v -0.033397 -0.066394 0.069824
v -0.053600 -0.086422 0.028102
v -0.033359 -0.092835 0.055156
v -0.035709 -0.063046 0.069845
v -0.016840 -0.061667 0.085047
v -0.050918 -0.097465 0.029841
v -0.052538 -0.020794 0.065076
v -0.051984 -0.024696 0.065016
v -0.046332 -0.021729 0.089170
v -0.048501 -0.107755 0.031226
v -0.054853 -0.037812 0.049346
v -0.019580 -0.115486 0.055922
v -0.044844 -0.045863 0.069343
v -0.050249 -0.098425 0.030982
v -0.054929 -0.006710 0.058521
v -0.033041 -0.045570 0.088616
v -0.043841 -0.124503 0.035277
v -0.015459 -0.122956 0.056124
v -0.042824 -0.049938 0.069893
v -0.029993 -0.097748 0.055657
v -0.043412 -0.070871 0.055656
v -0.027151 -0.051926 0.087973
v 0.000009 -0.102021 0.063796
v -0.047363 -0.109889 0.032689
v -0.039639 -0.035656 0.089781
v -0.021009 -0.057090 0.087239
v -0.047437 -0.018368 0.088967
v -0.050214 -0.029788 0.067846
v -0.016365 -0.119170 0.056415
v -0.027870 -0.100676 0.055948
v -0.015562 -0.086098 0.068211
v -0.023749 -0.076777 0.070045
v -0.038750 -0.080812 0.055914
v -0.049256 -0.101813 0.031782
v -0.048701 -0.056726 0.055112
v -0.050555 -0.005661 0.085465
v -0.000008 -0.071498 0.080440
v -0.029498 -0.069966 0.070721
v -0.046587 -0.040629 0.069622
v -0.029606 -0.049076 0.088678
v -0.043260 -0.120857 0.036574
v -0.044178 -0.026251 0.090614
v -0.054105 -0.036255 0.052315
v -0.031298 -0.093398 0.056515
v -0.052512 -0.088039 0.030400
v -0.041222 -0.032335 0.090553
v -0.017838 -0.083333 0.068915
v -0.049147 -0.011329 0.088640
v -0.004686 -0.096323 0.065677
v -0.043118 -0.028983 0.090094
v -0.046119 -0.110102 0.034727
v -0.054850 -0.077679 0.029337
v -0.013884 -0.062022 0.085930
v -0.020812 -0.109919 0.056732
v -0.009025 -0.091963 0.066969
v -0.041362 -0.051463 0.071098
v -0.035198 -0.086819 0.056363
v -0.044185 -0.116808 0.036029
v -0.042369 -0.121640 0.037602
v -0.048070 -0.100453 0.034562
v -0.006783 -0.066723 0.083617
v -0.017383 -0.115686 0.056720
v -0.000086 -0.098743 0.065026
v -0.002903 -0.097003 0.065555
v -0.025060 -0.052426 0.089237
v -0.024596 -0.103483 0.056851
v -0.020008 -0.081141 0.069282
v -0.053999 -0.080124 0.030586
v -0.054444 -0.004864 0.062233
v -0.017466 -0.059007 0.087316
v -0.048147 -0.035664 0.069571
v -0.041158 -0.074742 0.056447
v -0.044983 -0.111044 0.036219
v -0.002715 -0.068648 0.082548
v -0.049076 -0.097280 0.033945
v -0.033723 -0.042997 0.090762
v -0.041546 -0.122988 0.038443
v -0.047047 -0.104170 0.035047
v -0.012573 -0.088258 0.067980
v -0.037510 -0.037286 0.091876
v -0.042620 -0.116159 0.038262
v -0.051157 -0.089435 0.033078
v 0.000118 -0.068170 0.083103
v -0.053522 -0.009156 0.066310
v -0.008921 -0.064722 0.084932
v -0.020895 -0.078391 0.070540
v -0.030508 -0.046626 0.090504
v -0.040148 -0.124843 0.039865
v -0.043658 -0.112137 0.037819
v -0.028020 -0.048354 0.091144
v -0.049320 -0.030891 0.069846
v -0.050212 -0.003655 0.088324
v -0.014262 -0.059811 0.087901
v -0.018661 -0.110128 0.057562
v -0.035585 -0.039635 0.092161
v -0.027079 -0.097771 0.057538
v -0.052975 -0.081423 0.032760
v -0.045158 -0.105796 0.037518
v -0.045712 -0.040727 0.071490
v -0.032434 -0.088397 0.057923
v -0.019121 -0.056574 0.088888
v -0.050001 -0.087527 0.036492
v -0.002813 -0.066214 0.084598
v -0.011041 -0.061980 0.086894
v -0.022871 -0.053366 0.089901
v -0.040629 -0.117458 0.040417
v -0.046763 -0.098476 0.037599
v -0.039509 -0.120910 0.041093
v -0.044770 -0.023250 0.092770
v -0.041471 -0.115820 0.039765
v -0.005773 -0.064584 0.085666
v -0.054386 0.000629 0.064135
v -0.005887 -0.091777 0.067555
v -0.009495 -0.088244 0.068695
v -0.009660 -0.122952 0.057584
v -0.042307 -0.027788 0.094046
v -0.000088 -0.095399 0.066401
v -0.051356 -0.081767 0.036521
v -0.025720 -0.050068 0.091332
v -0.037775 -0.124815 0.042383
v -0.033696 -0.040838 0.093548
v -0.038924 -0.116976 0.042401
v -0.016969 -0.056834 0.089745
v -0.041954 -0.109729 0.040641
v -0.008208 -0.061913 0.087687
v -0.054834 -0.069803 0.034138
v -0.021013 -0.053343 0.091207
v -0.038433 -0.034387 0.094030
v -0.045413 -0.100497 0.038945
v -0.043180 -0.107255 0.039813
v -0.047772 -0.093063 0.038147
v -0.048822 -0.085452 0.039793
v -0.050712 -0.080850 0.038380
v -0.040966 -0.110986 0.041494
v -0.006259 -0.062559 0.087458
v -0.041531 -0.048334 0.073304
v -0.042942 -0.016704 0.107777
v -0.044579 -0.012107 0.107601
v -0.043495 -0.015182 0.107793
v -0.045565 -0.007934 0.107514
v -0.045613 -0.008845 0.107042
v -0.043596 -0.015678 0.107358
v -0.045244 -0.007487 0.108066
v -0.045929 -0.006892 0.107103
v -0.045706 -0.006173 0.107718
v -0.044285 -0.013291 0.107530
v -0.046227 -0.003214 0.107352
v -0.046360 -0.001144 0.107273
v -0.044101 -0.012765 0.107995
v -0.046073 0.000696 0.107797
v -0.022674 -0.039909 0.108020
v -0.024509 -0.039177 0.107610
v -0.025753 -0.038252 0.107752
v -0.044784 -0.010736 0.107820
v -0.027610 -0.036963 0.107710
v -0.028630 -0.036117 0.107779
v -0.030502 -0.034719 0.107594
v -0.045141 -0.010583 0.107292
v -0.045199 -0.009218 0.107702
v -0.032269 -0.032912 0.107768
v -0.033387 -0.031728 0.107804
v -0.045938 -0.005203 0.107545
v 0.001078 -0.046245 0.107583
v -0.034553 -0.031093 0.107115
v -0.004233 -0.046121 0.107517
v -0.045896 -0.004236 0.107769
v -0.034512 -0.030449 0.107850
v -0.035599 -0.029841 0.107159
v -0.009653 -0.045015 0.107854
v -0.035865 -0.029020 0.107691
v -0.035978 -0.028399 0.108096
v -0.012712 -0.044613 0.107402
v -0.037026 -0.028063 0.107132
v -0.014704 -0.043864 0.107568
v -0.046073 -0.001669 0.107752
v -0.037154 -0.027381 0.107660
v -0.017181 -0.042635 0.107937
v -0.037908 -0.026321 0.107672
v -0.038325 -0.026347 0.107007
v -0.040462 -0.022743 0.107196
v -0.039608 -0.023473 0.107820
v -0.040356 -0.022323 0.107710
v -0.041430 -0.020630 0.107444
v -0.042127 -0.019646 0.107018
v -0.020595 -0.041495 0.107463
v -0.042702 -0.018204 0.107176
v -0.042052 -0.018824 0.107782
v -0.038789 -0.024760 0.107855
v -0.039221 -0.024846 0.107177
v -0.040145 -0.022127 0.108085
v -0.041334 -0.020253 0.107842
v -0.016968 0.026072 0.120707
v -0.018394 0.028409 0.118941
v -0.030635 0.026216 0.113820
v -0.033171 0.025420 0.112445
v -0.021220 0.021549 0.121221
v -0.003739 -0.004419 0.129130
v -0.006717 -0.005903 0.128740
v -0.032102 -0.011652 0.118740
v -0.035018 -0.012488 0.116502
v -0.034407 0.019440 0.114543
v -0.035616 0.022398 0.112161
v -0.036811 0.019299 0.112665
v -0.009679 -0.010313 0.127718
v -0.023390 0.018548 0.121460
v -0.025351 0.015041 0.121661
v -0.011782 -0.014542 0.126426
v -0.015527 -0.014390 0.125548
v -0.014603 -0.017341 0.124963
v -0.037978 -0.015451 0.113191
v -0.040001 -0.014149 0.111826
v -0.027542 0.012743 0.121165
v -0.030833 0.010770 0.119741
v -0.018398 -0.019017 0.123262
v -0.037490 0.016071 0.113404
v -0.040245 0.015520 0.111094
v -0.042411 0.011209 0.110320
v -0.033171 0.007667 0.118808
v -0.002248 0.023766 0.124452
v -0.005973 0.021799 0.124994
v -0.020520 -0.023734 0.120550
v -0.023135 -0.024884 0.118864
v -0.007253 0.017158 0.126448
v -0.009679 0.019245 0.125406
v -0.005772 0.019310 0.125927
v -0.037599 0.001196 0.116148
v -0.035617 0.003752 0.117533
v -0.025352 -0.026850 0.116684
v -0.045511 0.007188 0.107797
v -0.013249 0.012684 0.126548
v -0.027690 -0.028525 0.114342
v -0.021020 0.039004 0.109835
v -0.038995 -0.002501 0.114923
v -0.040300 -0.000982 0.113833
v -0.029403 -0.031322 0.111278
v -0.031871 -0.029922 0.110497
v -0.016962 0.006660 0.126573
v -0.001278 -0.002008 0.129369
v -0.020708 0.037297 0.111583
v -0.002245 0.000146 0.129368
v -0.006714 -0.008896 0.128365
v -0.021218 0.002241 0.125484
v -0.024678 0.033249 0.112828
v -0.030636 0.028427 0.112436
v -0.025354 -0.001258 0.123776
v -0.012621 -0.011671 0.126893
v -0.043911 -0.006029 0.109837
v -0.030636 -0.005746 0.120667
v -0.030635 -0.008332 0.120311
v -0.032493 0.022947 0.114321
v -0.005228 0.039550 0.114207
v -0.015791 -0.020312 0.123621
v -0.018393 -0.022381 0.121945
v -0.021217 -0.020680 0.121576
v -0.034403 -0.009771 0.117570
v -0.009678 0.034495 0.117525
v -0.012406 0.030165 0.119755
v -0.013552 0.031569 0.118595
v -0.015188 0.027962 0.120270
v -0.019811 0.024371 0.120523
v -0.035619 -0.016080 0.114923
v -0.037980 -0.012655 0.114086
v -0.040862 -0.017067 0.109878
v -0.043447 0.008879 0.109795
v -0.027642 0.016085 0.120177
v -0.018386 0.039963 0.110198
v -0.019354 0.041731 0.107885
v -0.007666 0.015063 0.126984
v -0.011154 0.016311 0.126060
v -0.023969 0.037375 0.109737
v -0.022610 0.035158 0.112430
v -0.014079 0.008205 0.127161
v -0.033167 0.004529 0.119191
v -0.019244 0.004695 0.126049
v -0.027641 0.030525 0.113039
v -0.036812 -0.000496 0.116776
v -0.027526 -0.005275 0.122466
v -0.040196 -0.004945 0.113662
v -0.042415 -0.002584 0.111754
v -0.003735 -0.007431 0.128831
v -0.008202 -0.012565 0.127502
v -0.001494 0.041817 0.112401
v -0.039604 0.012109 0.112816
v -0.005972 0.037417 0.115926
v -0.009681 0.031389 0.119618
v -0.012619 0.034169 0.117074
v -0.039651 -0.018521 0.110455
v 0.000753 0.024282 0.124266
v -0.002249 0.026522 0.123177
v -0.018397 0.022603 0.121848
v -0.009678 0.012754 0.127233
v -0.000752 -0.005067 0.129191
v -0.030469 0.006952 0.120620
v -0.022847 -0.000937 0.124889
v -0.043905 0.006009 0.109841
v -0.040863 -0.006912 0.112789
v -0.014766 0.041829 0.109794
v -0.002248 0.039142 0.114810
v -0.002252 0.020952 0.125584
v -0.027542 0.027631 0.114982
v -0.011153 0.010504 0.127420
v -0.023389 -0.028561 0.116707
v -0.023504 -0.005460 0.124350
v -0.028027 -0.008569 0.121756
v -0.028031 0.010118 0.121476
v -0.025351 0.029972 0.114767
v -0.025301 -0.031491 0.113762
v -0.005226 -0.011894 0.127986
v -0.012620 0.027232 0.121363
v -0.009679 -0.016151 0.126376
v -0.028863 -0.010513 0.120947
v -0.026695 -0.032219 0.112389
v -0.036811 -0.018569 0.112983
v 0.000749 0.021465 0.125430
v -0.011364 -0.018564 0.125315
v -0.000761 0.044341 0.109796
v 0.001300 0.045888 0.108006
v -0.001179 0.046010 0.107836
v -0.019812 -0.026713 0.119337
v -0.027444 -0.034054 0.110473
v -0.018393 0.001567 0.126497
v -0.041345 0.007194 0.112279
v 0.000968 0.039934 0.114165
v -0.002779 -0.010481 0.128427
v -0.012620 -0.021625 0.123939
v -0.016966 -0.025207 0.121138
v -0.021916 0.015794 0.122986
v -0.029990 -0.034419 0.108315
v -0.000754 -0.008111 0.128854
v -0.034407 0.000730 0.118551
v -0.015525 0.004517 0.127188
v -0.019296 -0.000681 0.126222
v -0.012593 0.044206 0.107919
v -0.006717 0.034122 0.118291
v -0.005972 -0.015036 0.127192
v -0.029341 0.024298 0.115746
v -0.015524 0.024278 0.122029
v -0.014664 -0.024409 0.122223
v -0.019813 0.019083 0.122725
v -0.040199 0.008511 0.113115
v -0.024778 -0.008452 0.123405
v -0.032995 -0.016384 0.116764
v -0.022207 -0.031661 0.115280
v -0.025351 0.011719 0.122505
v -0.044973 0.001840 0.109064
v -0.015526 0.039431 0.111861
v -0.019812 0.035279 0.113693
v -0.019810 -0.029821 0.117544
v -0.031184 0.020606 0.116344
v -0.043355 -0.009518 0.109751
v -0.035016 0.016124 0.115374
v -0.010796 0.006904 0.128035
v -0.008150 -0.017686 0.126168
v -0.017684 -0.028000 0.119439
v -0.016446 0.037667 0.113107
v -0.021218 0.032688 0.115012
v 0.001493 -0.011061 0.128371
v -0.030635 0.004011 0.120833
v -0.009682 -0.021830 0.124457
v -0.003096 0.017278 0.126796
v -0.036807 0.013110 0.114923
v -0.002181 -0.014130 0.127689
v -0.021218 -0.004135 0.125376
v -0.002248 0.036793 0.116736
v -0.028695 -0.014058 0.120197
v -0.022608 0.030635 0.115764
v -0.026698 0.026139 0.116339
v -0.028029 0.007474 0.121922
v 0.000636 0.017790 0.126713
v -0.031916 0.001385 0.120193
v -0.011162 0.042761 0.109965
v -0.003098 0.034378 0.118489
v -0.030177 -0.016022 0.118730
v -0.016055 0.021620 0.123027
v -0.037979 -0.021916 0.110352
v -0.006718 0.012108 0.127789
v -0.015527 0.001588 0.127343
v -0.036808 -0.003485 0.116647
v -0.023222 -0.035443 0.111881
v -0.003739 -0.016334 0.127021
v 0.001487 0.037505 0.116214
v -0.009681 0.028149 0.121497
v 0.000750 -0.014542 0.127613
v -0.008201 0.009109 0.128144
v -0.005230 -0.019191 0.126014
v -0.012618 0.003825 0.127942
v -0.022609 0.012653 0.123521
v -0.013735 -0.027837 0.120750
v -0.042941 0.003539 0.111151
v -0.006174 -0.021197 0.125203
v -0.038127 -0.006620 0.115252
v -0.010885 -0.026184 0.122293
v -0.015526 -0.029256 0.119429
v -0.019810 -0.032797 0.115565
v -0.041337 -0.009196 0.111887
v -0.005860 0.031716 0.120008
v -0.018395 -0.002767 0.126450
v -0.017225 -0.032400 0.116881
v -0.037975 0.010008 0.114751
v -0.026697 -0.012016 0.121773
v -0.020706 -0.034396 0.113987
v -0.025204 -0.036642 0.109652
v -0.034405 -0.019823 0.114377
v -0.023302 0.027863 0.117161
v -0.027637 0.021730 0.118029
v -0.031911 0.017723 0.117013
v -0.012620 0.023213 0.123281
v -0.016445 0.019395 0.123755
v -0.025351 0.009019 0.123031
v -0.012619 0.040453 0.111864
v -0.002888 0.012872 0.127953
v -0.016055 0.035937 0.114684
v -0.001275 -0.017881 0.126674
v -0.005765 -0.023459 0.124333
v -0.018595 0.016823 0.123909
v -0.018396 0.033857 0.115384
v -0.008199 -0.025353 0.123162
v -0.034404 -0.003013 0.118459
v -0.026029 0.023564 0.118057
v -0.031233 -0.018755 0.117082
v -0.033847 0.014222 0.116862
v -0.013349 -0.031742 0.118542
v -0.022613 -0.038184 0.109763
v -0.001481 -0.020373 0.125832
v -0.015271 -0.002452 0.127393
v -0.019015 -0.006267 0.125980
v -0.011102 -0.030392 0.119937
v -0.023988 -0.011630 0.123155
v -0.028030 0.004809 0.122233
v -0.019017 -0.037001 0.112639
v -0.035617 -0.022233 0.112246
v -0.035622 0.010390 0.116549
v -0.012618 0.000859 0.128061
v -0.021221 -0.009779 0.124676
v -0.008196 0.043151 0.110272
v -0.000752 0.014628 0.127593
v -0.032892 -0.002695 0.119517
v -0.005231 0.009909 0.128354
v -0.008203 -0.028039 0.121809
v 0.000753 0.034858 0.118226
v -0.016389 -0.035985 0.114527
v -0.043554 0.000347 0.110648
v -0.009894 0.025801 0.122657
v -0.005228 -0.026182 0.123136
v -0.014077 -0.034383 0.116508
v -0.022609 0.009901 0.124092
v -0.001485 -0.023217 0.124721
v -0.019299 -0.038972 0.110727
v -0.038035 0.007155 0.115245
v -0.041341 -0.011862 0.111223
v -0.007073 0.028040 0.121977
v -0.005985 0.045605 0.107881
v -0.007602 0.004925 0.128729
v -0.019814 0.012902 0.124557
v -0.019814 0.030625 0.117034
v -0.023989 0.025532 0.118106
v -0.024810 -0.014475 0.122087
v -0.035458 -0.006309 0.117393
v -0.042551 -0.013336 0.109529
v -0.009679 0.002367 0.128577
v -0.007459 -0.031031 0.120217
v -0.012028 0.038124 0.114142
v -0.004687 -0.028316 0.122099
v -0.025352 0.006296 0.123418
v -0.029339 0.018254 0.118447
v -0.028823 0.001009 0.122022
v -0.001484 -0.026002 0.123466
v -0.010560 -0.034589 0.117280
v -0.039870 0.003773 0.114082
v -0.020042 -0.041170 0.108154
v -0.009678 0.040288 0.112784
v -0.013551 -0.037900 0.113893
v -0.030640 0.014892 0.118794
v -0.012084 -0.002013 0.128151
v -0.014909 -0.039865 0.111693
v -0.041453 0.001462 0.112740
v -0.044702 -0.002533 0.109326
v -0.032451 -0.022370 0.114644
v -0.008199 -0.033813 0.118279
v -0.012406 -0.036666 0.115232
v -0.036199 -0.024938 0.110235
v 0.000752 0.011214 0.128347
v -0.015004 0.017439 0.124825
v -0.004693 0.006872 0.128835
v -0.026208 -0.017377 0.120505
v -0.039121 -0.010161 0.113730
v -0.003737 -0.030235 0.121092
v -0.001717 0.009356 0.128656
v -0.002938 0.030782 0.120835
v -0.016978 -0.041062 0.109701
v -0.000736 -0.028496 0.122200
v -0.012618 0.019760 0.124635
v -0.016109 0.033305 0.116639
v -0.016967 0.014519 0.125095
v -0.028202 -0.019201 0.118749
v -0.033171 0.011389 0.118084
v -0.016249 -0.006806 0.126769
v -0.021217 -0.013254 0.123940
v 0.000752 0.032334 0.119936
v -0.005229 -0.034004 0.118554
v -0.004484 0.043601 0.110369
v -0.009678 -0.037278 0.115400
v -0.009681 0.022747 0.124084
v -0.022614 0.006426 0.124615
v -0.026695 0.002145 0.123094
v -0.026205 0.019514 0.119728
v -0.030641 -0.002495 0.120932
v -0.002843 -0.033115 0.119360
v -0.009678 -0.000629 0.128621
v -0.018395 -0.009943 0.125645
v -0.000739 -0.031150 0.120677
v -0.005973 -0.036705 0.116491
v -0.010883 -0.040794 0.112036
v -0.013861 -0.042446 0.109454
v -0.035568 0.006822 0.117237
v -0.008202 -0.039143 0.114118
v -0.012619 -0.004326 0.127907
v -0.003566 0.045545 0.108277
v 0.001503 -0.034879 0.118209
v -0.011735 0.036787 0.115328
v -0.016966 0.030501 0.118200
v -0.029344 -0.022319 0.116738
v -0.024537 0.003318 0.124064
v -0.032893 -0.025546 0.112589
v -0.020519 0.026967 0.118919
v -0.033172 -0.006839 0.118929
v -0.036808 -0.009416 0.115829
v -0.037463 0.004570 0.116049
v -0.021918 -0.016252 0.122848
v -0.004992 0.026751 0.122881
v -0.001323 -0.036276 0.117178
v -0.010391 -0.043480 0.109413
v -0.007602 -0.041746 0.111816
v -0.005972 0.001348 0.129105
v -0.005231 -0.039934 0.113875
v -0.022610 0.023916 0.119566
v -0.002471 -0.038064 0.115712
v -0.000966 -0.044784 0.109294
v -0.037630 0.026249 0.108043
v -0.036810 0.027371 0.108037
v -0.002251 0.029208 0.121764
v -0.035657 0.029099 0.107849
v -0.036049 0.028357 0.108044
v -0.003736 0.004663 0.129112
v -0.006181 0.024356 0.123895
v -0.019462 0.008619 0.125514
v -0.035434 0.026922 0.109626
v -0.006182 0.041128 0.112642
v 0.000736 -0.039389 0.114647
v -0.024679 -0.020486 0.120123
v -0.033132 0.030161 0.109286
v -0.000733 0.006392 0.129065
v -0.024172 0.021409 0.119966
v -0.002248 -0.040650 0.113463
v -0.017878 -0.012862 0.125223
v -0.006692 -0.044074 0.109540
v -0.003737 -0.043272 0.110791
v -0.026699 -0.021684 0.118559
v 0.000732 -0.041645 0.112576
v -0.042670 0.017022 0.107961
v -0.016967 0.010972 0.125910
v -0.034153 -0.027798 0.110147
v -0.036322 0.024329 0.110491
v -0.038614 0.021431 0.110012
v -0.040308 0.021962 0.108000
v -0.029549 0.035038 0.108093
v -0.014979 -0.009846 0.126680
v -0.000753 -0.043072 0.111152
v -0.039265 0.023638 0.108093
v 0.000753 0.029725 0.121515
v -0.030279 0.031514 0.110509
v -0.014079 0.015433 0.125652
v -0.012389 -0.007656 0.127618
v -0.041311 0.017184 0.109352
v -0.027576 0.036607 0.108089
v -0.008834 -0.004309 0.128612
v -0.043637 0.014922 0.107739
v -0.033167 0.028085 0.110748
v -0.022103 -0.018644 0.121981
v -0.028029 -0.001898 0.122418
v -0.030635 -0.025467 0.114254
v -0.026121 0.035845 0.109797
v -0.005830 -0.001680 0.129110
v -0.028029 0.033555 0.110472
v -0.039122 0.018508 0.110937
v -0.041909 0.013731 0.110073
v -0.007660 0.037377 0.115729
v -0.001302 0.003446 0.129304
v -0.018394 -0.015572 0.124351
v -0.044350 0.012654 0.107729
v -0.044705 0.011069 0.107824
v -0.027372 -0.024885 0.116649
v -0.023220 0.039534 0.108083
v -0.009892 -0.007719 0.128079
v -0.030360 -0.028031 0.112893
v 0.001492 0.027290 0.122826
v -0.021168 0.040639 0.108103
v 0.000743 0.001359 0.129392
v -0.045109 0.009512 0.107756
v 0.014077 -0.033784 0.116939
v 0.011885 -0.031915 0.118806
v 0.011154 -0.035355 0.116580
v 0.029343 0.005389 0.121457
v 0.023990 0.015879 0.122062
v 0.021221 0.016208 0.123141
v 0.024854 -0.000526 0.124017
v 0.023987 0.001499 0.124380
v 0.008203 -0.037425 0.115577
v 0.011888 0.026312 0.122007
v 0.004371 -0.042137 0.111893
v 0.002827 -0.044208 0.109862
v 0.018594 0.013343 0.124866
v 0.022054 -0.005782 0.124912
v 0.022608 -0.002691 0.124917
v 0.042414 0.003829 0.111661
v 0.018393 -0.010653 0.125515
v 0.019106 -0.007418 0.125805
v 0.015867 -0.008943 0.126579
v 0.006718 0.022904 0.124453
v 0.016442 0.006760 0.126720
v 0.014079 0.008205 0.127153
v 0.014076 0.004546 0.127557
v 0.039121 -0.001064 0.114868
v 0.036968 -0.006751 0.116175
v 0.034220 -0.006983 0.118197
v 0.012617 -0.016002 0.125840
v 0.010618 -0.013310 0.126948
v 0.014076 -0.013048 0.126254
v 0.003519 0.016212 0.127066
v 0.002460 0.019107 0.126227
v 0.033171 -0.011191 0.118130
v 0.031911 -0.008853 0.119430
v 0.030651 -0.010885 0.119825
v 0.008200 -0.020499 0.125196
v 0.009679 -0.018299 0.125722
v 0.009678 0.001617 0.128602
v 0.006933 -0.004022 0.128869
v 0.006183 -0.001340 0.129081
v 0.019813 0.031813 0.116248
v 0.019810 0.034141 0.114579
v 0.016151 0.032405 0.117254
v 0.005226 -0.024123 0.124093
v 0.002471 -0.024514 0.124117
v 0.028762 -0.015715 0.119668
v 0.023989 -0.020905 0.120267
v 0.015022 0.028908 0.119798
v 0.012617 0.029822 0.119912
v 0.040184 0.015486 0.111174
v 0.034413 0.025525 0.111404
v 0.031911 0.025275 0.113465
v 0.021218 -0.026471 0.118886
v 0.022053 -0.023568 0.119985
v 0.037978 0.013403 0.113862
v 0.018394 -0.026938 0.119757
v 0.036347 0.010865 0.115889
v 0.016463 -0.030380 0.118462
v 0.030162 0.021175 0.116748
v 0.029933 0.023460 0.115813
v 0.026700 0.017464 0.120221
v 0.023988 0.019175 0.120945
v 0.009680 0.023433 0.123784
v 0.008205 0.026255 0.122735
v 0.028736 0.000921 0.122078
v 0.026701 0.002834 0.123066
v 0.008200 -0.040812 0.112598
v 0.004694 -0.039998 0.113873
v 0.021745 0.012040 0.124026
v 0.005832 0.018253 0.126273
v 0.045855 0.004222 0.107845
v 0.002250 0.013623 0.127798
v 0.027446 0.036842 0.107968
v 0.024006 0.036926 0.110137
v 0.041338 0.000079 0.112872
v 0.022077 0.034445 0.113294
v 0.039124 -0.003935 0.114713
v 0.017501 0.010228 0.125892
v 0.016965 -0.012872 0.125500
v 0.018393 0.029657 0.118204
v 0.011364 0.004218 0.128169
v 0.029994 -0.013214 0.119661
v 0.008200 -0.023296 0.124086
v 0.005008 -0.021685 0.125122
v 0.010419 -0.001746 0.128480
v 0.027367 -0.018733 0.119408
v 0.024922 -0.015704 0.121682
v 0.002837 -0.007026 0.128937
v 0.002234 -0.027570 0.122648
v 0.036577 0.024944 0.109888
v 0.042388 0.013786 0.109556
v 0.033350 0.021744 0.114289
v 0.034404 0.009376 0.117648
v 0.028201 0.019403 0.118670
v 0.026206 0.021408 0.118950
v 0.031732 0.006207 0.119952
v 0.008200 0.019318 0.125617
v 0.013209 0.001318 0.127929
v 0.002022 -0.029890 0.121383
v 0.009720 -0.038443 0.114423
v 0.034405 0.006308 0.118151
v 0.043467 0.001104 0.110737
v 0.030635 0.002719 0.120917
v 0.026700 0.035032 0.110123
v 0.006719 -0.006649 0.128661
v 0.006719 -0.026123 0.123011
v 0.010418 0.020416 0.124861
v 0.043573 0.015368 0.107630
v 0.037850 0.026126 0.107898
v 0.045224 0.002378 0.108733
v 0.025352 0.033332 0.112355
v 0.025575 -0.004346 0.123517
v 0.017683 0.026939 0.120021
v 0.012619 0.022534 0.123561
v 0.019810 -0.029212 0.117916
v 0.013491 -0.019040 0.124689
v 0.005228 -0.009665 0.128403
v 0.041984 -0.002636 0.112180
v 0.039693 0.011613 0.112869
v 0.014803 -0.036322 0.114806
v 0.016965 0.004482 0.126784
v 0.015525 -0.016512 0.124960
v 0.023165 0.030731 0.115433
v 0.011428 -0.022060 0.124033
v 0.014420 0.024682 0.122159
v 0.026033 -0.022758 0.118447
v 0.005818 0.013760 0.127529
v 0.017590 -0.032704 0.116537
v 0.019811 0.007966 0.125478
v 0.021220 0.028539 0.117728
v 0.012618 -0.038628 0.113533
v 0.008200 -0.042943 0.110477
v 0.036224 -0.010986 0.115958
v 0.031914 -0.015092 0.117910
v 0.005230 -0.028864 0.121743
v 0.024051 -0.026506 0.117560
v 0.036812 0.007266 0.116217
v 0.031420 0.018517 0.117050
v 0.026696 0.014217 0.121219
v 0.011152 -0.040479 0.112248
v 0.006463 -0.044392 0.109220
v 0.021218 -0.009779 0.124669
v 0.006718 0.015043 0.127102
v 0.017873 -0.015005 0.124687
v 0.009679 -0.005113 0.128403
v 0.029343 0.016380 0.119103
v 0.025354 0.011719 0.122511
v 0.028593 -0.002930 0.122083
v 0.029902 0.033005 0.109602
v 0.029686 0.035119 0.107900
v 0.025350 0.031118 0.113987
v 0.016966 0.024108 0.121660
v 0.002246 -0.032186 0.119986
v 0.038987 0.024558 0.107785
v 0.036373 0.022142 0.111662
v 0.003737 0.010675 0.128334
v 0.028029 0.032514 0.111302
v 0.044431 -0.001379 0.109688
v 0.040793 -0.005183 0.113077
v 0.002792 0.008235 0.128783
v 0.044388 0.012428 0.107767
v 0.034414 -0.014604 0.116338
v 0.031444 -0.017569 0.117386
v 0.033168 0.003253 0.119289
v 0.022925 -0.028849 0.116749
v 0.023303 0.008820 0.123994
v 0.009680 0.016383 0.126310
v 0.039696 -0.007551 0.113747
v 0.029341 -0.020514 0.117543
v 0.021222 -0.031344 0.115955
v 0.038995 0.008407 0.114208
v 0.012618 0.019061 0.124881
v 0.046093 -0.001029 0.107749
v 0.046191 0.000989 0.107614
v 0.024673 -0.008503 0.123439
v 0.020011 -0.013004 0.124451
v 0.016966 0.001576 0.126937
v 0.016108 0.021267 0.123154
v 0.003738 -0.013401 0.127774
v 0.039919 0.023001 0.107789
v 0.011153 -0.042592 0.110145
v 0.035618 0.020760 0.112979
v 0.038239 -0.008403 0.114866
v 0.031534 0.033492 0.107881
v 0.020611 0.005168 0.125529
v 0.016153 -0.001265 0.127191
v 0.018399 -0.035396 0.114217
v 0.005229 -0.031473 0.120214
v 0.021220 0.025426 0.119431
v 0.008687 -0.045530 0.107467
v 0.042409 -0.005787 0.111434
v 0.008200 -0.028042 0.121808
v 0.009681 -0.008092 0.128068
v 0.043017 0.010422 0.109901
v 0.028030 0.030356 0.112893
v 0.028861 -0.022984 0.116715
v 0.024220 0.027009 0.117199
v 0.032708 0.000764 0.119700
v 0.016388 -0.038765 0.112159
v 0.030138 0.013631 0.119469
v 0.019815 0.023073 0.121129
v 0.006717 0.010623 0.128078
v 0.012085 -0.025157 0.122523
v 0.002232 0.005376 0.129128
v 0.027367 -0.026079 0.115996
v 0.013490 -0.003220 0.127791
v 0.008199 -0.010351 0.127938
v 0.014316 -0.041320 0.110483
v 0.041223 0.009114 0.112019
v 0.039112 0.021605 0.109421
v 0.031914 0.015902 0.117650
v 0.010112 0.012792 0.127162
v 0.022848 -0.012756 0.123409
v 0.018396 -0.017647 0.123719
v 0.014073 -0.022857 0.123064
v 0.046023 -0.002571 0.107761
v 0.012618 0.015522 0.125974
v 0.036809 0.004293 0.116580
v 0.003184 -0.016178 0.127104
v 0.032453 -0.020638 0.115460
v 0.035173 0.018674 0.114276
v 0.010979 -0.044978 0.107540
v 0.041346 -0.009178 0.111897
v 0.004796 -0.034605 0.118192
v 0.014805 0.017848 0.124750
v 0.035619 0.001938 0.117645
v 0.031912 -0.001187 0.120194
v 0.028028 -0.006578 0.122043
v 0.026700 0.027896 0.115322
v 0.037509 -0.014560 0.113913
v 0.015570 -0.020009 0.123786
v 0.025350 -0.029215 0.115259
v 0.011151 -0.027152 0.121732
v 0.021462 -0.035002 0.113156
v 0.002283 0.044049 0.110059
v 0.045069 0.009925 0.107695
v 0.003812 0.045792 0.107948
v 0.012620 -0.005808 0.127778
v 0.006088 0.006968 0.128704
v 0.039121 -0.011297 0.113453
v 0.006007 0.045607 0.107873
v 0.002462 0.042155 0.112008
v 0.005972 0.043571 0.110211
v 0.023679 -0.032172 0.114162
v 0.028689 0.011025 0.120939
v 0.044442 -0.004512 0.109444
v 0.008069 0.045246 0.107929
v 0.020343 0.000835 0.125859
v 0.035021 -0.018801 0.114349
v 0.005230 0.041222 0.112670
v 0.006717 -0.013341 0.127520
v 0.004370 0.039085 0.114721
v 0.002247 -0.018484 0.126445
v 0.038127 0.019127 0.111589
v 0.010243 0.042953 0.110023
v 0.010036 0.044878 0.107895
v 0.021216 -0.015985 0.123202
v 0.034887 0.016420 0.115375
v 0.009141 -0.029856 0.120643
v 0.030636 0.030038 0.111325
v 0.039125 0.005251 0.114579
v 0.018398 0.019238 0.123183
v 0.008200 0.041529 0.111908
v 0.012767 0.044158 0.107930
v 0.041147 0.020672 0.107842
v 0.019814 -0.037826 0.111535
v 0.032906 0.032104 0.107919
v 0.030636 -0.024336 0.114878
v 0.002235 -0.037729 0.115994
v 0.014337 -0.043673 0.107943
v 0.030348 -0.006155 0.120803
v 0.036808 -0.016341 0.113863
v 0.008201 0.039326 0.113957
v 0.003736 0.003152 0.129211
v 0.018393 -0.020371 0.122757
v 0.004484 0.035171 0.117810
v 0.023988 0.023666 0.119041
v 0.016945 -0.041133 0.109643
v 0.045872 -0.004320 0.107792
v 0.014049 0.041788 0.110092
v 0.028838 -0.028183 0.113834
v 0.026036 -0.012421 0.122027
v 0.016964 -0.022553 0.122351
v 0.011153 0.040111 0.112593
v 0.007073 0.036268 0.116671
v 0.022612 0.021996 0.120437
v 0.008199 -0.031936 0.119527
v 0.027366 -0.030685 0.113096
v 0.026699 0.008228 0.122500
v 0.043443 -0.008748 0.109832
v 0.023223 0.004218 0.124579
v 0.009683 0.009074 0.127923
v 0.040244 -0.013214 0.111883
v 0.031916 -0.004394 0.120021
v 0.033011 -0.023350 0.113719
v 0.033634 0.028998 0.109741
v 0.028030 -0.009892 0.121527
v 0.004280 0.032909 0.119392
v 0.029342 0.027175 0.114116
v 0.016825 0.042806 0.107905
v 0.017537 -0.042891 0.107474
v 0.045685 -0.005721 0.107842
v 0.017682 0.016145 0.124429
v 0.009679 0.036888 0.115713
v 0.026206 0.006183 0.123029
v 0.012273 0.010783 0.127145
v 0.024678 -0.034170 0.112106
v 0.040793 0.005910 0.112984
v 0.019767 -0.039850 0.109644
v 0.034413 -0.002392 0.118503
v 0.013568 -0.009458 0.127096
v 0.011888 0.037631 0.114594
v 0.015526 0.013918 0.125667
v 0.014079 0.039143 0.112627
v 0.002228 -0.000693 0.129366
v 0.034198 0.030785 0.107864
v 0.031444 0.027576 0.112414
v 0.017505 0.040434 0.110128
v 0.027543 0.025383 0.116274
v 0.015527 -0.005740 0.127079
v 0.031913 -0.026755 0.112591
v 0.011153 -0.011003 0.127327
v 0.021222 -0.019354 0.122088
v 0.003738 0.030446 0.120967
v 0.006716 -0.016985 0.126560
v 0.002247 -0.021345 0.125436
v 0.037980 -0.018204 0.112124
v 0.014077 0.011850 0.126516
v 0.042462 0.007496 0.111109
v 0.023075 -0.038037 0.109657
v 0.009680 0.034499 0.117522
v 0.021218 0.019570 0.122002
v 0.015731 -0.025027 0.121611
v 0.045180 -0.008936 0.107822
v 0.005229 -0.019191 0.126014
v 0.042386 -0.013105 0.109786
v 0.040754 0.018140 0.109518
v 0.035617 -0.021691 0.112523
v 0.008201 0.004634 0.128666
v 0.033172 0.012604 0.117782
v 0.038109 0.001559 0.115710
v 0.020051 -0.041317 0.107990
v 0.007351 0.032150 0.119537
v 0.009148 -0.015499 0.126650
v 0.040388 -0.017115 0.110337
v 0.015003 -0.027451 0.120605
v 0.033455 -0.026424 0.111615
v 0.005229 -0.037631 0.115832
v 0.035517 0.029229 0.107883
v 0.026698 0.023723 0.117607
v 0.019792 0.041516 0.107887
v 0.028027 -0.032869 0.111025
v 0.044514 -0.010804 0.108126
v 0.030636 -0.029877 0.111441
v 0.013552 -0.029553 0.119833
v 0.027334 -0.034908 0.109818
v 0.008200 -0.034428 0.117848
v 0.010622 0.006878 0.128065
v 0.023772 -0.039504 0.107762
v 0.005862 0.001566 0.129115
v 0.037843 0.015953 0.113131
v 0.006181 0.029078 0.121525
v 0.017824 0.038651 0.111684
v 0.012966 0.035577 0.115940
v 0.035616 -0.024358 0.111073
v 0.019017 -0.003564 0.126214
v 0.038613 -0.021226 0.110119
v 0.015525 0.036669 0.114272
v 0.044160 0.006037 0.109561
v 0.037095 -0.023521 0.110268
v 0.029342 0.008011 0.121119
v 0.043952 -0.013677 0.107848
v 0.005229 0.026403 0.123028
v 0.021194 0.039213 0.109545
v 0.030636 -0.031964 0.109874
v 0.002976 -0.004019 0.129210
v 0.026053 -0.038004 0.107797
v 0.028090 -0.036537 0.107777
v 0.040244 0.002333 0.113833
v 0.036816 -0.002305 0.116728
v 0.033153 -0.029463 0.109788
v 0.035616 0.013934 0.115622
v 0.042315 -0.017315 0.108234
v 0.043351 -0.015471 0.107849
v 0.003739 0.024396 0.124094
v 0.031911 0.009689 0.119275
v 0.035456 -0.026760 0.109715
v 0.011783 0.032381 0.118531
v 0.009682 0.029462 0.120765
v 0.023987 -0.018309 0.121260
v 0.031026 -0.033933 0.107918
v 0.019318 -0.023580 0.121094
v 0.033502 -0.031412 0.107989
v 0.042099 -0.018677 0.107804
v 0.041040 -0.020876 0.107826
v 0.040493 -0.021973 0.107791
v 0.038034 -0.026094 0.107718
v 0.039168 -0.024090 0.107904
v 0.034951 -0.029868 0.107915
v 0.036485 -0.028024 0.107872
v 0.016101 0.034131 0.116051
v 0.018394 0.036132 0.113617
v 0.021218 0.037135 0.111465
v 0.004275 0.021633 0.125213
v 0.024321 0.039004 0.107931
v 0.042502 0.017904 0.107731
v 0.036678 0.027793 0.107859
v -0.034891 0.033019 0.100233
v -0.032887 0.032948 0.106748
v -0.030403 0.039804 0.090732
v -0.046622 0.018628 0.090061
v -0.047840 0.020332 0.080895
v -0.001780 0.054958 0.064479
v 0.000995 0.054925 0.064874
v 0.000956 0.053958 0.070851
v -0.046346 0.023575 0.080819
v -0.033099 0.035212 0.098905
v -0.037644 0.039992 0.064543
v -0.036962 0.030616 0.100459
v -0.047432 0.016586 0.089842
v -0.019472 0.047953 0.082743
v -0.047679 0.006048 0.100133
v -0.036052 0.029396 0.106861
v -0.034614 0.031087 0.106834
v -0.049013 0.011223 0.089587
v -0.022899 0.044571 0.090819
v -0.011884 0.050926 0.080110
v -0.047658 0.003297 0.101390
v -0.014053 0.050365 0.080118
v -0.047732 0.008329 0.098334
v -0.035570 0.041842 0.064670
v -0.027385 0.041978 0.090643
v -0.025191 0.043273 0.090932
v -0.016710 0.049535 0.080106
v -0.038910 0.037145 0.071153
v -0.039323 0.038338 0.064461
v -0.028831 0.038776 0.098996
v -0.044967 0.026063 0.080996
v -0.005126 0.053713 0.070897
v -0.002205 0.053922 0.070859
v -0.004056 0.054778 0.064901
v -0.045800 0.020478 0.090257
v -0.043534 0.028503 0.080710
v -0.031211 0.036890 0.098945
v -0.048244 0.014060 0.089793
v -0.020981 0.045549 0.090658
v -0.047215 0.010932 0.098337
v -0.009596 0.051471 0.079855
v -0.036949 0.038865 0.072194
v -0.032861 0.044028 0.064648
v -0.031018 0.034709 0.106753
v -0.018826 0.046433 0.090963
v -0.046420 0.002971 0.106902
v -0.026456 0.040444 0.098973
v -0.046278 0.004635 0.106934
v -0.044738 0.022733 0.090201
v -0.006651 0.052037 0.079329
v -0.029570 0.035952 0.106736
v -0.016085 0.047491 0.090844
v -0.046469 0.013680 0.098458
v -0.023811 0.042054 0.099056
v -0.027862 0.037319 0.106682
v -0.041684 0.030982 0.081261
v -0.003914 0.052469 0.078516
v -0.045906 0.007690 0.106852
v -0.041527 0.033412 0.073871
v -0.013540 0.048291 0.090853
v -0.043416 0.025127 0.090302
v -0.001055 0.052589 0.078620
v -0.030015 0.045994 0.064780
v -0.025667 0.038855 0.106706
v -0.045250 0.015976 0.100558
v -0.020949 0.043568 0.099017
v -0.045348 0.010577 0.106780
v -0.008453 0.050373 0.086417
v -0.010425 0.049112 0.090691
v -0.031936 0.043518 0.070294
v -0.023127 0.040443 0.106660
v -0.018259 0.044774 0.099032
v -0.038309 0.036409 0.076435
v -0.006489 0.050657 0.086498
v -0.041898 0.027542 0.090406
v -0.027634 0.047465 0.064809
v -0.004690 0.050902 0.086270
v -0.038572 0.034179 0.083380
v -0.044512 0.019060 0.098593
v -0.002886 0.051080 0.086082
v -0.015586 0.045785 0.099013
v -0.020419 0.041852 0.106740
v -0.025163 0.048820 0.064857
v -0.030536 0.044023 0.072648
v -0.035510 0.039932 0.073310
v -0.044646 0.013219 0.106789
v -0.000541 0.051161 0.086064
v -0.039608 0.032193 0.085895
v -0.013132 0.046557 0.099016
v -0.017605 0.043124 0.106724
v -0.028518 0.045737 0.070852
v -0.040680 0.030198 0.087793
v -0.007390 0.048398 0.096504
v -0.054807 0.004532 0.060215
v -0.054531 0.006662 0.061065
v -0.036890 0.035346 0.085712
v -0.054141 0.009286 0.061503
v -0.010130 0.047311 0.099032
v -0.054101 0.003190 0.065904
v -0.005549 0.048681 0.096336
v -0.015188 0.044117 0.106394
v -0.000986 0.049601 0.093562
v -0.053752 0.011633 0.061314
v -0.053149 0.014119 0.061718
v -0.022082 0.050299 0.064851
v -0.033887 0.041653 0.071894
v -0.003609 0.048833 0.096499
v -0.013647 0.044504 0.106809
v -0.043086 0.022036 0.098659
v -0.052356 0.016617 0.062513
v -0.035495 0.037678 0.082257
v -0.011434 0.045148 0.106733
v -0.026102 0.047163 0.070879
v -0.031705 0.041504 0.079942
v -0.008807 0.045743 0.106710
v -0.051349 0.019506 0.062869
v -0.051930 0.001366 0.079899
v -0.000977 0.047905 0.101116
v -0.051910 0.014745 0.068823
v -0.006109 0.046189 0.106661
v -0.043201 0.017378 0.106757
v -0.003703 0.046517 0.106362
v -0.052567 0.006372 0.074398
v -0.052050 0.003794 0.078750
v -0.043840 0.015617 0.106856
v -0.050247 0.022339 0.062726
v -0.033458 0.039493 0.082323
v -0.041812 0.024335 0.098720
v -0.053642 0.006974 0.067123
v -0.051664 0.008799 0.077917
v -0.053115 0.009194 0.068622
v 0.000877 0.046568 0.106704
v -0.051024 0.017654 0.068892
v -0.001306 0.046512 0.106845
v -0.053257 0.004274 0.071210
v -0.039539 0.028904 0.095938
v -0.052684 0.011701 0.068514
v -0.042459 0.019042 0.106874
v -0.049151 0.024663 0.062925
v -0.050459 0.001401 0.088040
v -0.048887 0.021729 0.072231
v -0.049490 0.019939 0.072972
v -0.050650 0.003654 0.086584
v -0.051260 0.010890 0.078068
v -0.046745 0.026238 0.071837
v -0.050324 0.020244 0.067465
v -0.047939 0.023917 0.071897
v -0.045728 0.027993 0.071853
v -0.019242 0.051530 0.064296
v -0.037758 0.033001 0.090341
v -0.028604 0.043743 0.079831
v -0.040443 0.035005 0.072830
v -0.023225 0.048666 0.070860
v -0.038830 0.031314 0.091621
v -0.012915 0.052379 0.070904
v -0.051115 0.005940 0.083127
v -0.010256 0.052957 0.070921
v -0.050872 0.012528 0.078227
v -0.016875 0.052275 0.064903
v -0.048203 0.026333 0.063583
v -0.040350 0.026652 0.098793
v -0.050328 0.014529 0.078411
v -0.020269 0.050164 0.069819
v -0.049294 0.003086 0.093710
v -0.044442 0.029941 0.072091
v -0.041427 0.021189 0.106871
v -0.043152 0.031678 0.072462
v -0.026302 0.045102 0.080186
v -0.034330 0.036477 0.090660
v -0.047235 0.028176 0.063173
v -0.029363 0.041363 0.087690
v -0.049532 0.017084 0.078443
v -0.035807 0.034131 0.093610
v -0.013413 0.053261 0.064926
v -0.016163 0.051441 0.070974
v -0.007845 0.053377 0.070915
v -0.045882 0.030190 0.063927
v -0.040033 0.023748 0.106804
v -0.018490 0.050309 0.072805
v -0.032364 0.038228 0.090705
v -0.024505 0.046138 0.080048
v -0.020568 0.049110 0.074737
v -0.049545 0.008540 0.089509
v -0.044165 0.032647 0.064111
v -0.011048 0.053872 0.064451
v -0.049060 0.005452 0.093943
v -0.022584 0.047156 0.079899
v -0.038622 0.025957 0.106841
v -0.042651 0.034709 0.063751
v -0.008174 0.054317 0.064893
v -0.037243 0.027924 0.106768
v -0.040891 0.036664 0.064380
v -0.005481 0.054722 0.064420
v -0.044074 -0.123642 -0.032869
v -0.050426 -0.121221 -0.021997
v -0.051824 -0.120023 -0.018439
v -0.053013 -0.118569 -0.014708
v -0.053985 -0.116834 -0.010563
v -0.054573 -0.115130 -0.006915
v -0.054810 -0.113059 -0.004264
v -0.027564 0.047619 0.063823
v -0.054922 -0.109354 0.001854
v -0.001511 -0.126488 -0.054908
v -0.023263 0.049852 0.063850
v -0.004342 -0.126479 -0.054759
v -0.054914 -0.104999 0.007393
v -0.015158 0.052881 0.063913
v -0.007682 -0.126449 -0.054377
v -0.010432 -0.126442 -0.053914
v -0.008339 0.054375 0.063918
v -0.054894 -0.100120 0.011653
v -0.013653 -0.126345 -0.053174
v -0.054898 -0.092817 0.017654
v -0.016200 -0.126347 -0.052455
v 0.000967 0.055003 0.063911
v -0.054903 -0.084518 0.023702
v -0.019840 -0.126254 -0.051194
v -0.054915 -0.077746 0.028292
v -0.024077 -0.126084 -0.049337
v -0.054906 -0.066658 0.034946
v -0.026953 -0.125898 -0.047825
v -0.029606 -0.125665 -0.046234
v -0.054891 -0.056196 0.040396
v -0.032232 -0.125484 -0.044471
v -0.054897 -0.045864 0.045172
v -0.035460 -0.125070 -0.041965
v -0.054928 -0.035333 0.049302
v -0.038363 -0.124619 -0.039338
v -0.054952 -0.028150 0.051770
v -0.040301 -0.123975 -0.037311
v -0.054969 -0.021597 0.053816
v -0.041865 -0.123744 -0.035573
v -0.054984 -0.015173 0.055574
v -0.055006 0.000946 0.059023
v -0.045995 -0.122594 -0.030060
v -0.047742 -0.121810 -0.027176
v -0.054446 0.007860 0.060255
v -0.048984 -0.120859 -0.024798
v -0.050179 -0.120238 -0.022327
v -0.051725 0.018754 0.061748
v -0.051375 -0.119330 -0.019439
v -0.052387 -0.118255 -0.016532
v -0.053091 -0.117203 -0.014060
v -0.053783 -0.116029 -0.011178
v -0.044976 0.031680 0.063014
v -0.054378 -0.114469 -0.007777
v -0.040120 0.037649 0.063454
v -0.037100 0.040613 0.063564
v -0.034685 0.042691 0.063674
v -0.054833 -0.112069 -0.003144
v -0.031727 0.044943 0.063765
v 0.050685 0.021386 0.000500
v 0.049375 0.024200 0.062936
v -0.009608 0.054173 0.000500
v 0.050718 0.021295 0.062038
v -0.054991 -0.001304 0.013228
v -0.004924 0.054793 0.000500
v -0.055002 0.001107 0.000500
v 0.052176 0.017454 0.061634
v 0.052093 0.017681 0.000500
v -0.054803 0.004722 0.000500
v 0.000297 0.055024 0.000500
v 0.053034 0.014592 0.000500
v 0.053220 0.013838 0.061701
v -0.054373 0.008373 0.000500
v 0.054005 0.010546 0.000500
v 0.053833 0.011195 0.061355
v -0.053623 0.012269 0.000500
v 0.054442 0.007888 0.060259
v 0.004160 0.054831 0.064484
v -0.052755 0.015584 0.000500
v 0.054692 0.005897 0.000500
v 0.004937 0.054786 0.000500
v 0.054838 0.004097 0.060218
v -0.051675 0.018861 0.000500
v 0.006642 0.054590 0.064432
v 0.054973 0.002087 0.000500
v 0.009607 0.054182 0.000500
v 0.054995 0.001260 0.059138
v 0.010008 0.054088 0.063915
v -0.050385 0.022072 0.000500
v 0.054991 0.000997 0.005498
v 0.054983 -0.001637 0.013029
v 0.013448 0.053344 0.063897
v 0.055000 0.000000 0.002505
v 0.054992 -0.000997 0.005498
v -0.048904 0.025187 0.000500
v 0.014173 0.053152 0.000500
v 0.016478 0.052464 0.064450
v -0.046965 0.028651 0.000500
v 0.018171 0.051930 0.000500
v 0.020230 0.051156 0.063921
v -0.044636 0.032155 0.000500
v 0.021805 0.050500 0.000500
v 0.024638 0.049196 0.063864
v -0.042523 0.034892 0.000500
v 0.024934 0.049036 0.000500
v -0.040096 0.037668 0.000500
v 0.028224 0.047217 0.000500
v 0.028211 0.047204 0.064311
v -0.037316 0.040416 0.000500
v 0.031168 0.045330 0.063768
v 0.031129 0.045353 0.000500
v -0.033947 0.043302 0.000500
v 0.034270 0.043037 0.000500
v 0.033636 0.043498 0.064271
v 0.035847 0.041701 0.064175
v -0.030098 0.046047 0.000500
v 0.037631 0.040132 0.000500
v 0.039400 0.038409 0.063430
v -0.026031 0.048475 0.000500
v 0.040423 0.037310 0.000500
v 0.043024 0.034292 0.063266
v 0.043210 0.034058 0.000500
v -0.022071 0.050386 0.000500
v -0.018880 0.051667 0.000500
v 0.045812 0.030457 0.062912
v 0.046353 0.029650 0.000500
v -0.014718 0.053017 0.000500
v 0.047980 0.026910 0.062629
v 0.048905 0.025197 0.000500
v -0.000644 -0.055828 0.004960
v -0.001896 -0.056287 0.005847
v -0.010115 -0.056184 0.007305
v -0.012183 -0.056082 0.007699
v -0.003416 -0.055754 0.005084
v -0.011835 -0.055564 0.007043
v -0.021921 -0.055243 0.009544
v -0.022254 -0.056064 0.009868
v -0.016704 -0.054811 0.007788
v -0.012877 -0.054891 0.006450
v -0.025851 -0.055330 0.010407
v -0.026583 -0.056584 0.010645
v -0.016531 -0.055530 0.008347
v -0.011497 -0.054974 0.006037
v -0.008687 -0.055547 0.006052
v 0.000393 -0.055516 0.004241
v -0.005481 -0.055786 0.005579
v -0.003556 -0.056295 0.006061
v -0.019339 -0.055036 0.008790
v -0.021948 -0.054384 0.009163
v -0.015505 -0.054958 0.007514
v -0.019088 -0.054058 0.007955
v -0.009341 -0.055896 0.006768
v -0.007278 -0.055663 0.005830
v -0.014401 -0.054766 0.006890
v -0.002434 -0.055425 0.004126
v -0.025289 -0.054468 0.010101
v -0.020229 -0.054188 0.008484
v -0.001664 -0.055173 0.003125
v -0.028483 -0.053838 0.010724
v -0.029561 -0.054392 0.011010
v -0.004976 -0.055361 0.004475
v -0.007129 -0.055065 0.004365
v -0.026952 -0.053245 0.010189
v -0.017091 -0.053802 0.006723
v -0.000881 -0.055062 0.002398
v -0.015101 -0.053715 0.005359
v -0.019595 -0.053352 0.007395
v -0.021338 -0.053154 0.008045
v -0.022411 -0.053356 0.008684
v -0.024655 -0.053716 0.009673
v -0.005239 -0.055096 0.003664
v -0.009701 -0.054619 0.004260
v -0.009431 -0.054935 0.005043
v -0.028338 -0.052084 0.010231
v -0.003860 -0.055099 0.003151
v -0.012354 -0.054290 0.004955
v -0.031883 -0.051382 0.011187
v -0.008424 -0.054559 0.003047
v -0.016551 -0.053693 0.006232
v -0.003936 -0.054916 0.001886
v -0.013393 -0.053813 0.004214
v -0.023430 -0.052124 0.008075
v -0.018041 -0.052849 0.005550
v -0.024434 -0.052851 0.009146
v -0.025096 -0.051818 0.008686
v -0.006197 -0.054713 0.001970
v -0.008901 -0.054343 0.001897
v -0.022673 -0.051951 0.007405
v -0.028593 -0.051486 0.010087
v -0.026759 -0.051768 0.009460
v -0.019919 -0.052674 0.006641
v -0.029788 -0.051959 0.010686
v -0.011232 -0.053915 0.002117
v -0.016496 -0.053103 0.004850
v -0.025556 -0.050945 0.008119
v -0.017321 -0.052515 0.003671
v -0.001925 -0.054974 0.000500
v -0.005655 -0.054722 0.000500
v -0.028388 -0.050805 0.009651
v -0.031216 -0.049683 0.010423
v -0.033206 -0.049760 0.011238
v -0.011648 -0.054020 0.003386
v -0.027921 -0.050122 0.008885
v -0.019238 -0.052039 0.004537
v -0.030491 -0.049397 0.009896
v -0.013515 -0.053381 0.002024
v -0.012206 -0.053632 0.000500
v -0.033604 -0.049149 0.011194
v -0.021641 -0.051417 0.005537
v -0.029510 -0.049514 0.009405
v -0.020742 -0.051533 0.004820
v -0.014826 -0.052974 0.000500
v -0.009454 -0.054191 0.000500
v -0.035536 -0.048791 0.011901
v -0.027706 -0.049603 0.008180
v -0.021034 -0.052039 0.006347
v -0.033908 -0.047670 0.010654
v -0.025310 -0.050553 0.007419
v -0.016605 -0.052475 0.001549
v -0.016634 -0.052549 0.002444
v -0.014912 -0.053204 0.003354
v -0.034486 -0.048246 0.011230
v -0.029755 -0.048712 0.008847
v -0.022811 -0.050518 0.004471
v -0.022684 -0.051393 0.006559
v -0.032563 -0.047592 0.009807
v -0.035305 -0.046680 0.010893
v -0.017631 -0.052103 0.000500
v -0.036852 -0.046463 0.011734
v -0.025117 -0.049379 0.004479
v -0.025186 -0.049653 0.005478
v -0.030056 -0.048021 0.008290
v -0.019187 -0.051602 0.001959
v -0.033988 -0.047050 0.010284
v -0.036729 -0.045476 0.011121
v -0.020013 -0.051236 0.000500
v -0.021551 -0.050663 0.001941
v -0.024512 -0.050465 0.006556
v -0.027057 -0.048367 0.004721
v -0.032453 -0.046845 0.008998
v -0.028099 -0.048817 0.007448
v -0.038985 -0.044167 0.012063
v -0.022877 -0.050027 0.000500
v -0.035049 -0.045815 0.010044
v -0.027100 -0.048684 0.005869
v -0.033450 -0.045516 0.008203
v -0.020933 -0.051095 0.003254
v -0.024197 -0.049427 0.001549
v -0.023967 -0.049669 0.002936
v -0.026298 -0.049539 0.006716
v -0.033819 -0.045748 0.008924
v -0.028390 -0.047329 0.003511
v -0.035114 -0.045136 0.009463
v -0.030359 -0.046382 0.005092
v -0.035149 -0.044246 0.008361
v -0.036236 -0.044126 0.009509
v -0.026643 -0.048136 0.000500
v -0.026000 -0.048618 0.002917
v -0.040196 -0.042823 0.012289
v -0.000866 -0.063879 0.009354
v 0.003171 -0.063389 0.009390
v -0.027046 -0.047943 0.001841
v -0.028516 -0.048091 0.006595
v -0.039519 -0.042270 0.011269
v -0.000013 -0.063082 0.009402
v -0.001363 -0.062643 0.009402
v -0.037786 -0.042673 0.009684
v -0.030471 -0.045987 0.003452
v -0.040982 -0.041413 0.012124
v 0.001313 -0.061591 0.009282
v -0.032951 -0.044774 0.005782
v -0.033081 -0.045378 0.007455
v -0.004851 -0.062343 0.009414
v -0.003404 -0.061575 0.009315
v -0.001287 -0.061182 0.009205
v -0.036251 -0.043228 0.008310
v -0.038034 -0.043062 0.010392
v -0.032543 -0.044545 0.003440
v -0.029855 -0.046241 0.001926
v -0.033377 -0.044082 0.004350
v -0.029610 -0.046353 0.000500
v -0.042836 -0.039128 0.012556
v -0.005163 -0.060419 0.009138
v -0.037748 -0.041801 0.008363
v -0.039563 -0.040632 0.009557
v -0.031899 -0.044815 0.000500
v -0.042206 -0.038800 0.011375
v -0.032608 -0.044338 0.001783
v -0.031389 -0.046192 0.006654
v -0.035893 -0.042169 0.004908
v -0.035268 -0.042569 0.004322
v -0.040473 -0.040724 0.010949
v -0.041817 -0.038469 0.010351
v -0.043926 -0.037303 0.012516
v -0.037286 -0.044366 0.010784
v -0.041678 -0.037635 0.008730
v -0.034519 -0.042815 0.000502
v -0.037520 -0.040635 0.004664
v -0.045410 -0.035127 0.012904
v -0.035295 -0.042292 0.002568
v -0.044144 -0.036014 0.011472
v -0.038836 -0.039169 0.003529
v -0.036752 -0.040929 0.000500
v -0.039299 -0.039011 0.005227
v -0.043658 -0.035614 0.009847
v -0.037350 -0.040447 0.002276
v -0.047189 -0.032293 0.013564
v -0.045996 -0.033113 0.011717
v -0.045330 -0.033234 0.010119
v -0.038816 -0.038970 0.000500
v -0.033939 -0.044333 0.006629
v -0.039312 -0.038570 0.002602
v -0.040934 -0.036862 0.002967
v -0.041927 -0.036099 0.005199
v -0.048219 -0.029975 0.013405
v -0.046639 -0.031093 0.010218
v -0.042617 -0.034899 0.002919
v -0.047460 -0.030278 0.011501
v -0.051803 -0.019938 0.011618
v -0.053142 -0.015608 0.012954
v -0.053854 -0.012606 0.014058
v -0.035974 -0.042983 0.007378
v -0.052821 -0.015853 0.008653
v -0.054157 -0.010578 0.013384
v -0.053540 -0.013067 0.009127
v -0.052760 -0.015635 0.003915
v -0.053453 -0.013105 0.005898
v -0.052662 -0.015909 0.000500
v -0.053464 -0.012926 0.000500
v -0.054978 -0.001638 0.000500
v -0.054944 -0.002620 0.006158
v -0.054852 -0.004144 0.000500
v -0.008402 -0.062367 0.009482
v -0.011494 -0.062591 0.009543
v -0.011936 -0.061198 0.009577
v -0.007739 -0.061560 0.009435
v -0.014114 -0.061102 0.009672
v -0.008310 -0.060762 0.009367
v -0.005140 -0.061206 0.009311
v -0.017040 -0.060727 0.009813
v -0.010560 -0.060046 0.009381
v -0.013794 -0.059704 0.009547
v -0.003692 -0.059902 0.008898
v -0.017383 -0.059489 0.009798
v -0.002132 -0.059300 0.008547
v -0.009770 -0.059315 0.009144
v -0.005099 -0.058828 0.008531
v -0.009214 -0.058520 0.008815
v -0.007268 -0.059049 0.008840
v -0.035896 -0.042652 0.006463
v -0.003379 -0.058354 0.008087
v -0.000788 -0.058745 0.008188
v -0.020637 -0.058890 0.010049
v -0.000893 -0.057840 0.007529
v -0.012623 -0.059058 0.009326
v -0.006393 -0.058035 0.008219
v -0.037977 -0.041074 0.007376
v -0.011334 -0.057988 0.008823
v -0.013949 -0.057866 0.009101
v -0.005758 -0.057404 0.007664
v -0.009957 -0.057563 0.008405
v -0.015755 -0.058457 0.009495
v -0.019682 -0.057848 0.009845
v -0.013761 -0.057258 0.008814
v -0.023465 -0.057516 0.010274
v -0.016539 -0.057392 0.009296
v -0.003462 -0.057401 0.007344
v -0.000842 -0.057089 0.006804
v -0.037907 -0.040774 0.006443
v -0.016493 -0.056561 0.008952
v -0.023131 -0.056646 0.010130
v -0.009304 -0.056654 0.007600
v -0.009564 -0.057125 0.008047
v -0.003307 -0.056782 0.006661
v -0.005647 -0.056766 0.007023
v -0.000708 -0.055005 0.001694
v -0.012535 -0.056718 0.008284
v -0.019039 -0.056206 0.009301
v -0.019710 -0.056907 0.009648
v -0.039705 -0.039692 0.008269
v -0.014778 -0.055862 0.008146
v -0.039927 -0.038866 0.006956
v -0.006665 -0.056160 0.006465
v -0.041917 -0.036948 0.007897
v -0.041309 -0.037130 0.006403
v -0.043580 -0.034849 0.008008
v -0.042756 -0.035512 0.006828
v -0.040844 -0.036849 0.000500
v -0.045098 -0.032678 0.008018
v -0.043766 -0.033665 0.004641
v -0.044092 -0.033635 0.006458
v -0.042913 -0.034411 0.000500
v -0.046258 -0.030869 0.008056
v -0.048454 -0.028465 0.011874
v -0.045689 -0.031199 0.005976
v -0.048142 -0.028068 0.009556
v -0.049277 -0.026843 0.012226
v -0.044555 -0.032422 0.003443
v -0.047181 -0.029180 0.007633
v -0.050447 -0.024404 0.013067
v -0.044828 -0.031885 0.000500
v -0.048448 -0.027048 0.008253
v -0.047327 -0.028500 0.005736
v -0.044953 -0.031779 0.002470
v -0.049873 -0.025162 0.011611
v -0.049169 -0.025505 0.007964
v -0.048941 -0.025474 0.005454
v -0.046831 -0.028857 0.000500
v -0.046610 -0.029316 0.002997
v -0.051075 -0.022405 0.012418
v -0.050527 -0.022979 0.010044
v -0.050290 -0.022838 0.006995
v -0.048037 -0.026903 0.003103
v -0.050033 -0.022950 0.003477
v -0.051631 -0.019542 0.007778
v -0.048522 -0.025915 0.000500
v -0.052670 -0.018728 0.016033
v -0.049151 -0.024780 0.003024
v -0.052116 -0.017981 0.007049
v -0.050188 -0.022529 0.000500
v -0.050763 -0.021236 0.002731
v -0.051474 -0.019376 0.000501
v -0.054382 -0.008693 0.011598
v -0.054629 -0.006749 0.012023
v -0.054780 -0.005223 0.012389
v -0.053922 -0.011029 0.007071
v -0.054929 -0.003444 0.015705
v -0.054055 -0.010192 0.000500
v -0.054316 -0.008772 0.006721
v -0.054861 -0.004050 0.009436
v -0.054459 -0.007765 0.004179
v -0.054638 -0.006457 0.007376
v -0.054596 -0.006699 0.000500
v -0.054836 -0.004297 0.004375
v -0.004361 -0.063471 0.009391
v 0.000317 -0.059875 0.008769
v 0.000589 -0.058993 0.008329
v -0.000613 -0.056458 0.006015
v -0.053407 -0.025328 0.036920
v -0.053491 -0.028873 0.039713
v -0.053038 -0.067945 0.027073
v -0.052234 -0.066552 0.025779
v -0.041019 -0.078283 0.008528
v -0.042269 -0.078205 0.009197
v -0.051758 -0.082467 0.015958
v -0.050863 -0.080399 0.015710
v -0.051613 -0.071583 0.021797
v -0.000493 -0.065262 0.009120
v -0.050432 -0.032022 0.024411
v -0.051173 -0.072169 0.020690
v -0.050122 -0.070065 0.020025
v -0.049828 -0.082277 0.013081
v -0.044447 -0.075021 0.012180
v -0.043120 -0.076973 0.010367
v -0.053823 -0.025431 0.040786
v -0.051382 -0.077301 0.018338
v -0.046077 -0.036393 0.015387
v -0.048714 -0.082604 0.011516
v -0.039348 -0.079455 0.007070
v -0.052058 -0.070529 0.023252
v -0.041266 -0.075278 0.010290
v -0.045483 -0.073189 0.013769
v -0.047019 -0.077053 0.013100
v -0.052973 -0.026482 0.034193
v -0.049920 -0.030367 0.020073
v -0.048785 -0.033068 0.019076
v -0.033336 -0.080938 0.004074
v -0.036996 -0.080649 0.005374
v -0.032767 -0.078849 0.005431
v -0.054670 -0.021403 0.049075
v -0.049681 -0.078715 0.015025
v -0.036170 -0.079052 0.006207
v -0.048875 -0.030605 0.016310
v -0.047602 -0.033502 0.015996
v -0.054266 -0.024135 0.044744
v -0.037337 -0.076677 0.008022
v -0.054454 -0.035136 0.046411
v -0.031890 -0.082492 0.002417
v -0.030309 -0.079506 0.004431
v -0.028393 -0.079981 0.003667
v -0.051594 -0.026850 0.024186
v -0.029644 -0.083526 0.000849
v -0.026007 -0.082002 0.001391
v -0.042817 -0.073909 0.011735
v -0.038984 -0.077062 0.008398
v -0.052273 -0.025639 0.027410
v -0.052147 -0.028641 0.030224
v -0.050731 -0.029213 0.022445
v -0.026546 -0.080859 0.002560
v -0.034396 -0.077037 0.006965
v -0.048450 -0.078482 0.013736
v -0.038682 -0.074445 0.009634
v -0.022006 -0.081525 0.000930
v -0.047612 -0.079738 0.012147
v -0.027288 -0.083790 -0.000120
v -0.041732 -0.073013 0.011567
v -0.046951 -0.072915 0.015087
v -0.051271 -0.024942 0.018529
v -0.053556 -0.038907 0.041109
v -0.045655 -0.070827 0.014885
v -0.044186 -0.072282 0.013254
v -0.047119 -0.069515 0.016679
v -0.048558 -0.071440 0.017361
v -0.040200 -0.073051 0.010852
v -0.052201 -0.024069 0.023989
v -0.053450 -0.034709 0.040707
v -0.036925 -0.074404 0.009077
v -0.049807 -0.028279 0.016548
v -0.050485 -0.065911 0.022543
v -0.052805 -0.035606 0.037561
v -0.049258 -0.068581 0.019481
v -0.048174 -0.067978 0.018387
v -0.045833 -0.068862 0.015798
v -0.054508 -0.031470 0.047383
v -0.052709 -0.024495 0.029507
v -0.042784 -0.071271 0.012820
v -0.034014 -0.075043 0.007965
v -0.043426 -0.069464 0.013860
v -0.052831 -0.022621 0.027508
v -0.054453 -0.062701 0.035088
v -0.040479 -0.071371 0.011654
v -0.052544 -0.021839 0.022513
v -0.030480 -0.075792 0.006844
v -0.053940 -0.032151 0.043464
v -0.038387 -0.072502 0.010392
v -0.044757 -0.067585 0.015409
v -0.054697 -0.026249 0.049609
v -0.054025 -0.020946 0.039791
v -0.028444 -0.076845 0.005870
v -0.054232 -0.028261 0.045324
v -0.021862 -0.080255 0.002167
v -0.016291 -0.080043 0.001406
v -0.049413 -0.063706 0.021802
v -0.034611 -0.073405 0.008901
v -0.053130 -0.062739 0.030334
v -0.052254 -0.056411 0.031199
v -0.050636 -0.026166 0.017037
v -0.041154 -0.069018 0.012802
v -0.023962 -0.078229 0.004210
v -0.054956 -0.008199 0.053240
v -0.021486 -0.078832 0.003352
v -0.050533 -0.061824 0.024542
v -0.051853 -0.023067 0.018916
v -0.031304 -0.073478 0.008164
v -0.046336 -0.066003 0.017244
v -0.053496 -0.059201 0.033501
v -0.052639 -0.030033 0.034570
v -0.051723 -0.032610 0.031123
v -0.036348 -0.071353 0.010203
v -0.054200 -0.017734 0.038652
v -0.054867 -0.011156 0.049142
v -0.017885 -0.078509 0.003100
v -0.027288 -0.072648 0.007896
v -0.043128 -0.067117 0.014474
v -0.041759 -0.067196 0.013670
v -0.026220 -0.073922 0.007164
v -0.051296 -0.059864 0.027066
v -0.054807 -0.009467 0.043258
v -0.024946 -0.075654 0.006062
v -0.053027 -0.018474 0.019514
v -0.049469 -0.060984 0.023030
v -0.024774 -0.077109 0.005117
v -0.035899 -0.067949 0.011195
v -0.018775 -0.075555 0.005413
v -0.034365 -0.070039 0.010156
v -0.019598 -0.077081 0.004459
v -0.038884 -0.067390 0.012333
v -0.038490 -0.069878 0.011412
v -0.029710 -0.071445 0.008743
v -0.046751 -0.063576 0.018470
v -0.048087 -0.063448 0.020056
v -0.053946 -0.015860 0.028987
v -0.037362 -0.066927 0.011903
v -0.032611 -0.070598 0.009584
v -0.054082 -0.012480 0.018674
v -0.046164 -0.060710 0.018761
v -0.044191 -0.063298 0.016281
v -0.040138 -0.066704 0.013033
v -0.041899 -0.064080 0.014577
v -0.022331 -0.073864 0.006763
v -0.018652 -0.074286 0.006190
v -0.045126 -0.062655 0.017215
v -0.028775 -0.069933 0.009152
v -0.043259 -0.064039 0.015419
v -0.024461 -0.070601 0.008395
v -0.020842 -0.071833 0.007596
v -0.049936 -0.057522 0.025296
v -0.052816 -0.054163 0.033873
v -0.010799 -0.075959 0.004472
v -0.014941 -0.076800 0.004178
v -0.010865 -0.077057 0.003590
v -0.039869 -0.063532 0.013654
v -0.046825 -0.060011 0.019709
v -0.030815 -0.068023 0.010054
v -0.033671 -0.067444 0.010767
v 0.000117 -0.079565 0.000532
v -0.048838 -0.057059 0.023527
v -0.047730 -0.057912 0.021548
v -0.054806 -0.006339 0.026199
v -0.016372 -0.072077 0.007190
v -0.054923 -0.004247 0.030844
v -0.047486 -0.054901 0.022088
v -0.037538 -0.064112 0.012600
v -0.013659 -0.074104 0.005925
v -0.011175 -0.074755 0.005357
v -0.024393 -0.069358 0.008829
v -0.045655 -0.057590 0.019081
v -0.046746 -0.057109 0.020472
v -0.016980 -0.070192 0.008029
v -0.043721 -0.060179 0.016667
v -0.044320 -0.058415 0.017561
v -0.045114 -0.086547 0.005163
v -0.042310 -0.088261 0.001688
v -0.043582 -0.088532 0.002338
v -0.047195 -0.084464 0.008629
v -0.045764 -0.084204 0.007518
v -0.047917 -0.086741 0.007696
v -0.043942 -0.085590 0.005035
v -0.040765 -0.088513 0.000463
v -0.038901 -0.087377 0.000512
v -0.013561 -0.072983 0.006559
v -0.044567 -0.083279 0.007263
v -0.038562 -0.062019 0.013357
v -0.052609 -0.077679 0.020513
v -0.053379 -0.079292 0.021453
v -0.039509 -0.060137 0.014055
v -0.045717 -0.082249 0.008867
v -0.046985 -0.082302 0.009923
v -0.054221 -0.075825 0.026275
v -0.054606 -0.076003 0.027802
v -0.024733 -0.067436 0.009420
v -0.043203 -0.083048 0.006504
v -0.031768 -0.065755 0.010770
v -0.033957 -0.065133 0.011351
v -0.037472 -0.060424 0.013135
v -0.028612 -0.067945 0.009730
v -0.029174 -0.065298 0.010406
v -0.035565 -0.063540 0.012067
v -0.041166 -0.061085 0.014777
v -0.042535 -0.061347 0.015576
v -0.041652 -0.058017 0.015560
v -0.054070 -0.071033 0.028600
v -0.003808 -0.075145 0.004767
v -0.017334 -0.068407 0.008645
v -0.020056 -0.067183 0.009126
v -0.053810 -0.075361 0.025106
v -0.052959 -0.075248 0.022742
v -0.033336 -0.062319 0.011651
v -0.053475 -0.073587 0.025113
v -0.013191 -0.068909 0.008334
v -0.024113 -0.065486 0.009784
v -0.026133 -0.064447 0.010169
v -0.052209 -0.075114 0.021108
v -0.035455 -0.060398 0.012434
v -0.046289 -0.054726 0.020496
v -0.045316 -0.080373 0.009785
v -0.046811 -0.080218 0.011110
v -0.043844 -0.055411 0.017680
v -0.008344 -0.072771 0.006444
v -0.053412 -0.017889 0.023980
v -0.050256 -0.075692 0.017455
v -0.002200 -0.071598 0.006927
v -0.042429 -0.056733 0.016302
v -0.040452 -0.058606 0.014749
v -0.029672 -0.063505 0.010778
v -0.042045 -0.080599 0.007564
v -0.018917 -0.065302 0.009461
v -0.048851 -0.053730 0.024641
v -0.036440 -0.059080 0.012870
v -0.010371 -0.069915 0.007870
v -0.025612 -0.062730 0.010329
v -0.045037 -0.078397 0.010784
v -0.012667 -0.067275 0.008806
v -0.043613 -0.080092 0.008809
v -0.030272 -0.061818 0.011076
v -0.045891 -0.077139 0.012132
v -0.038276 -0.057512 0.013728
v -0.033903 -0.058558 0.012103
v -0.031869 -0.059147 0.011584
v -0.044801 -0.054311 0.018822
v -0.050868 -0.074311 0.019085
v -0.035960 -0.057076 0.012795
v -0.012488 -0.065466 0.009210
v -0.042205 -0.053911 0.016429
v -0.054959 -0.004532 0.045121
v -0.036028 -0.083403 0.002903
v -0.038290 -0.083156 0.003938
v -0.043266 -0.053860 0.017349
v -0.003294 -0.069741 0.007787
v -0.039554 -0.056157 0.014474
v -0.048213 -0.050352 0.024280
v -0.048936 -0.051981 0.025291
v -0.054480 -0.068565 0.031761
v -0.037862 -0.054847 0.013635
v -0.044807 -0.051545 0.019171
v -0.045953 -0.052075 0.020531
v -0.017951 -0.062631 0.009773
v -0.047148 -0.052307 0.022181
v -0.021545 -0.063636 0.009865
v -0.021024 -0.061551 0.010029
v -0.047939 -0.091951 0.003333
v -0.047923 -0.094337 0.000948
v -0.049205 -0.094801 0.002220
v -0.046762 -0.092350 0.001623
v -0.045819 -0.092969 -0.000011
v -0.047910 -0.089996 0.005069
v -0.033853 -0.055651 0.012124
v -0.005638 -0.068244 0.008373
v -0.046459 -0.089982 0.003521
v -0.036735 -0.054777 0.013121
v -0.045530 -0.091013 0.001683
v -0.044124 -0.091890 -0.000469
v -0.045449 -0.050348 0.020012
v -0.053705 -0.068200 0.028992
v -0.031081 -0.084962 -0.000167
v -0.033921 -0.084060 0.001625
v -0.046417 -0.088072 0.005098
v -0.048563 -0.048285 0.025180
v -0.043983 -0.051471 0.018246
v -0.008513 -0.066119 0.009007
v -0.047408 -0.049474 0.022981
v -0.031879 -0.056167 0.011604
v -0.013250 -0.063590 0.009498
v -0.034955 -0.054647 0.012444
v -0.044595 -0.088841 0.002861
v -0.006297 -0.064642 0.009259
v -0.024764 -0.059569 0.010443
v -0.028684 -0.059627 0.010970
v -0.029976 -0.057713 0.011233
v -0.036389 -0.052765 0.012897
v -0.038073 -0.051974 0.013671
v -0.052359 -0.041175 0.035950
v -0.045928 -0.046844 0.020547
v -0.046254 -0.049551 0.021166
v -0.047352 -0.046730 0.022922
v -0.047957 -0.043946 0.023733
v -0.048468 -0.046187 0.025073
v -0.042853 -0.085185 0.004626
v -0.037922 -0.049943 0.013339
v -0.046130 -0.045537 0.020659
v -0.033814 -0.051875 0.011842
v -0.032358 -0.053447 0.011578
v -0.049207 -0.042495 0.026346
v -0.050295 -0.042921 0.029328
v -0.049325 -0.044560 0.026908
v -0.044443 -0.046793 0.018456
v -0.043183 -0.047476 0.017100
v -0.053950 -0.064295 0.032171
v -0.036038 -0.051507 0.012626
v -0.035218 -0.050176 0.012069
v -0.039634 -0.048939 0.014246
v -0.040302 -0.047190 0.014326
v -0.046342 -0.044359 0.020721
v -0.044459 -0.044949 0.017989
v -0.051025 -0.068026 0.022483
v -0.046937 -0.043225 0.021477
v -0.043208 -0.045451 0.016580
v -0.037016 -0.048806 0.012609
v -0.036957 -0.047479 0.012192
v -0.049770 -0.039800 0.027154
v -0.050538 -0.041272 0.029857
v -0.047497 -0.041915 0.022152
v -0.038619 -0.048412 0.013455
v -0.044117 -0.043215 0.016843
v -0.042241 -0.045008 0.015347
v -0.041512 -0.086121 0.003036
v -0.038741 -0.046228 0.012829
v -0.039544 -0.047006 0.013686
v -0.049210 -0.037980 0.024651
v -0.046084 -0.042172 0.019470
v -0.043230 -0.043671 0.015904
v -0.052652 -0.065289 0.027515
v -0.041139 -0.044871 0.014187
v -0.044977 -0.041155 0.017024
v -0.046326 -0.039893 0.018694
v -0.045117 -0.043493 0.018440
v -0.042378 -0.042540 0.014310
v -0.043517 -0.041918 0.015327
v -0.050478 -0.036323 0.027952
v -0.049629 -0.035723 0.024542
v -0.021690 -0.082807 -0.000580
v -0.048667 -0.040488 0.024358
v -0.048459 -0.036525 0.021397
v -0.042986 -0.040363 0.013652
v -0.040903 -0.084382 0.004148
v -0.047036 -0.038682 0.019384
v -0.045135 -0.039314 0.016055
v -0.043924 -0.039674 0.014433
v -0.046563 -0.036774 0.016778
v -0.045949 -0.035564 0.014342
v -0.052595 -0.026058 0.030642
v -0.054724 -0.018337 0.049337
v -0.054539 -0.017381 0.044976
v -0.038625 -0.085660 0.001963
v -0.053667 -0.020284 0.033924
v -0.054624 -0.012030 0.040007
v -0.054564 -0.011084 0.034299
v -0.054330 -0.012212 0.027840
v -0.054732 -0.006936 0.019593
v -0.049244 -0.074411 0.016770
v -0.051459 -0.065056 0.024814
v -0.049517 -0.071690 0.018431
v -0.054682 -0.107240 0.002887
v -0.054637 -0.108560 0.000567
v -0.054655 -0.104882 0.005625
v -0.054297 -0.105021 0.003462
v -0.052455 -0.100972 0.001703
v -0.051564 -0.101098 -0.000729
v -0.051244 -0.099324 0.000779
v -0.051483 -0.097582 0.003260
v -0.036531 -0.085428 0.001278
v -0.034782 -0.086634 -0.000587
v -0.050321 -0.096569 0.002136
v -0.050602 -0.094942 0.004299
v -0.050789 -0.093899 0.005614
v -0.041028 -0.082197 0.005910
v -0.049758 -0.093497 0.004330
v -0.049554 -0.089907 0.007233
v -0.039189 -0.081249 0.005780
v -0.050344 -0.089829 0.008474
v -0.048804 -0.092034 0.004348
v -0.048813 -0.090238 0.005939
v -0.054025 -0.105273 0.001738
v -0.054652 -0.102574 0.008087
v -0.010419 -0.071507 0.007170
v -0.054632 -0.082883 0.023500
v -0.053510 -0.105190 -0.000369
v -0.048273 -0.074521 0.015604
v -0.054062 -0.102742 0.005055
v -0.049049 -0.086225 0.009428
v -0.052900 -0.103441 -0.000141
v -0.053503 -0.102317 0.003343
v -0.054280 -0.100420 0.008363
v -0.048113 -0.083481 0.010264
v -0.011493 -0.079461 0.001359
v -0.011489 -0.078131 0.002699
v -0.010151 -0.080409 0.000114
v -0.053690 -0.099595 0.006946
v -0.054051 -0.052336 0.038908
v -0.053028 -0.099981 0.004454
v -0.054363 -0.095850 0.012815
v -0.007151 -0.077910 0.002574
v -0.054625 -0.096034 0.013740
v -0.051234 -0.055162 0.029108
v -0.053806 -0.057562 0.035453
v -0.053928 -0.096890 0.010282
v -0.052541 -0.049971 0.034739
v -0.052101 -0.098108 0.004061
v -0.052850 -0.096973 0.007036
v -0.005828 -0.076468 0.003801
v -0.002201 -0.077359 0.002897
v -0.054020 -0.094089 0.013002
v -0.053240 -0.095898 0.009071
v -0.052376 -0.096644 0.006183
v -0.053825 -0.048476 0.039693
v -0.053601 -0.093226 0.012388
v -0.005218 -0.073955 0.005623
v -0.051369 -0.051350 0.030909
v -0.006505 -0.079188 0.001204
v -0.003469 -0.078361 0.001950
v 0.000037 -0.075923 0.004132
v -0.005710 -0.080182 -0.000029
v -0.054552 -0.089497 0.018502
v 0.000018 -0.078622 0.001608
v 0.001747 -0.074725 0.005038
v -0.050334 -0.054854 0.027174
v 0.002317 -0.073273 0.005991
v -0.051432 -0.094239 0.006470
v -0.054161 -0.088643 0.017652
v -0.052131 -0.091867 0.009939
v -0.052959 -0.091068 0.012441
v -0.050222 -0.049712 0.028547
v -0.049354 -0.049238 0.026715
v -0.051797 -0.092926 0.008348
v -0.050205 -0.052886 0.027593
v -0.052378 -0.090309 0.011723
v -0.040970 -0.055355 0.015407
v -0.052273 -0.046336 0.034930
v -0.051971 -0.043810 0.034425
v 0.001158 -0.069544 0.007851
v -0.051184 -0.049108 0.031087
v -0.025879 -0.061714 0.010456
v -0.053618 -0.087579 0.016717
v -0.051205 -0.047139 0.031613
v -0.053281 -0.044107 0.039043
v -0.052806 -0.086896 0.015152
v -0.041787 -0.050563 0.016124
v -0.042906 -0.052445 0.017121
v -0.054371 -0.037584 0.045422
v -0.054280 -0.042437 0.043633
v -0.044659 -0.048791 0.018989
v -0.051007 -0.090011 0.009386
v -0.043294 -0.049769 0.017496
v -0.049623 -0.046824 0.027606
v -0.040875 -0.051407 0.015442
v -0.039359 -0.051170 0.014369
v -0.050591 -0.045891 0.030123
v -0.041037 -0.049195 0.015359
v -0.042153 -0.048557 0.016241
v -0.041589 -0.046809 0.015320
v -0.051812 -0.085810 0.013876
v -0.054238 -0.082040 0.022448
v -0.051372 -0.088193 0.011405
v -0.039950 -0.053602 0.014812
v -0.051916 -0.036704 0.033816
v -0.051069 -0.038010 0.030861
v -0.053657 -0.083104 0.019838
v -0.053215 -0.032277 0.038997
v -0.052245 -0.033675 0.034278
v -0.047685 -0.039131 0.021185
v -0.051253 -0.043150 0.032175
v -0.041074 -0.042939 0.013161
v -0.052926 -0.082854 0.018131
v -0.051280 -0.035385 0.030651
v -0.054101 -0.044502 0.042216
v -0.050548 -0.033789 0.026568
v -0.050095 -0.085954 0.011004
v -0.047804 -0.035728 0.018837
v -0.044826 -0.037881 0.014405
v -0.049576 -0.033332 0.022222
v -0.051405 -0.030325 0.027582
v -0.050932 -0.084497 0.013262
v -0.051946 -0.039270 0.034369
v -0.052215 -0.080384 0.018119
v -0.053239 -0.021632 0.030474
v -0.002610 -0.066849 0.008760
v -0.054431 -0.009661 0.017592
v -0.006933 -0.111385 -0.048513
v -0.039063 -0.110652 -0.032078
v -0.015231 -0.104864 -0.040493
v -0.003953 -0.084886 -0.007941
v -0.004124 -0.086969 -0.012603
v -0.009648 -0.109085 -0.046274
v -0.010047 -0.083492 -0.004274
v -0.046931 -0.109711 -0.021409
v -0.045109 -0.110435 -0.024750
v -0.051314 -0.109683 -0.013439
v -0.050322 -0.110014 -0.015847
v -0.012169 -0.082754 -0.002722
v -0.030886 -0.100028 -0.025486
v -0.008985 -0.084595 -0.006415
v -0.029844 -0.101116 -0.028198
v -0.031708 -0.114818 -0.040648
v -0.032106 -0.112669 -0.039065
v -0.006484 -0.084350 -0.006441
v -0.043898 -0.097644 -0.008027
v -0.002185 -0.086369 -0.011530
v -0.013281 -0.081491 -0.000772
v -0.027906 -0.117697 -0.044333
v -0.026204 -0.101454 -0.031132
v -0.037928 -0.112281 -0.034439
v -0.036708 -0.110308 -0.034006
v -0.006770 -0.085814 -0.009431
v -0.043726 -0.110602 -0.026763
v -0.039690 -0.097142 -0.011605
v -0.037615 -0.097651 -0.014563
v -0.042591 -0.097048 -0.008518
v -0.041340 -0.096504 -0.008933
v -0.000290 -0.087211 -0.013517
v -0.011254 -0.124437 -0.053311
v -0.039002 -0.100011 -0.017559
v -0.029768 -0.113854 -0.041196
v -0.004222 -0.111482 -0.048918
v -0.017632 -0.119682 -0.049887
v -0.023541 -0.119237 -0.047210
v -0.023897 -0.117263 -0.046088
v -0.019692 -0.105131 -0.038958
v -0.048623 -0.096672 -0.000714
v -0.020466 -0.120687 -0.049174
v -0.044851 -0.108778 -0.023447
v -0.022448 -0.101696 -0.033531
v -0.033468 -0.114444 -0.039305
v -0.012190 -0.106528 -0.043295
v -0.025219 -0.103003 -0.033850
v -0.053820 -0.110486 -0.006870
v -0.007194 -0.109237 -0.046899
v -0.001347 -0.112949 -0.050030
v -0.001076 -0.114530 -0.050928
v -0.014276 -0.106431 -0.042494
v -0.047183 -0.095390 -0.001160
v -0.046866 -0.096796 -0.003285
v -0.052788 -0.111695 -0.011501
v -0.052321 -0.109415 -0.010696
v -0.016474 -0.106356 -0.041554
v -0.020558 -0.102427 -0.035407
v -0.020246 -0.118458 -0.048313
v -0.045641 -0.096732 -0.004718
v -0.042075 -0.109793 -0.028035
v -0.021425 -0.103942 -0.036855
v -0.014051 -0.123879 -0.052474
v -0.011996 -0.108225 -0.044910
v -0.010119 -0.106905 -0.044260
v -0.048297 -0.097729 -0.002488
v -0.053188 -0.110098 -0.008808
v -0.050084 -0.108241 -0.014485
v -0.026109 -0.099962 -0.028837
v -0.034720 -0.099680 -0.021385
v -0.054340 -0.111415 -0.005458
v -0.040058 -0.109810 -0.030305
v -0.026463 -0.115579 -0.043935
v -0.049004 -0.109784 -0.018095
v -0.048311 -0.108452 -0.017874
v -0.010038 -0.081401 -0.001174
v -0.035735 -0.111982 -0.036104
v -0.013744 -0.121026 -0.051673
v -0.008894 -0.082362 -0.002675
v -0.018074 -0.122364 -0.050719
v -0.015867 -0.120990 -0.051000
v -0.018031 -0.103589 -0.037946
v -0.033695 -0.110882 -0.036802
v -0.034117 -0.113467 -0.038274
v -0.006382 -0.082841 -0.003756
v -0.015884 -0.123185 -0.051724
v -0.001866 -0.111344 -0.048992
v -0.028843 -0.115812 -0.042839
v -0.001806 -0.084710 -0.007764
v -0.040808 -0.111922 -0.031319
v -0.030240 -0.098041 -0.022227
v -0.002834 -0.083784 -0.005809
v -0.004428 -0.109667 -0.047612
v -0.007750 -0.107524 -0.045368
v -0.027086 -0.098894 -0.026324
v 0.000027 -0.084438 -0.007212
v -0.043900 -0.095817 -0.005405
v -0.043606 -0.108553 -0.024853
v -0.022567 -0.100459 -0.031678
v -0.046849 -0.108212 -0.019930
v -0.006375 -0.081530 -0.001764
v -0.002514 -0.082547 -0.003625
v -0.035122 -0.096664 -0.015056
v -0.033291 -0.096405 -0.016204
v -0.011256 -0.105487 -0.042538
v -0.000076 -0.083529 -0.005421
v -0.000736 -0.082840 -0.004189
v -0.021483 -0.115443 -0.046215
v -0.002355 -0.081292 -0.001713
v -0.030094 -0.111958 -0.039751
v -0.054592 -0.110122 -0.002434
v -0.045299 -0.094849 -0.002697
v -0.015559 -0.102596 -0.037699
v -0.020261 -0.116725 -0.047452
v -0.000010 -0.081972 -0.002771
v -0.002950 -0.080336 -0.000379
v -0.006914 -0.124860 -0.054183
v -0.037247 -0.123599 -0.040153
v -0.039050 -0.122124 -0.038138
v -0.033907 -0.123349 -0.042775
v -0.041136 -0.121425 -0.035835
v -0.039647 -0.119721 -0.036812
v -0.036146 -0.122282 -0.040752
v -0.036127 -0.119650 -0.039883
v -0.034672 -0.121628 -0.041705
v -0.040851 -0.117989 -0.034897
v -0.045929 -0.115135 -0.027171
v -0.047062 -0.116585 -0.026284
v -0.044908 -0.114392 -0.028137
v -0.043824 -0.113301 -0.028834
v -0.041316 -0.115024 -0.032887
v -0.046901 -0.113296 -0.024512
v -0.046478 -0.111562 -0.023800
v -0.011005 -0.122212 -0.052756
v -0.051248 -0.112708 -0.016164
v -0.050767 -0.111488 -0.016264
v -0.042864 -0.111764 -0.028839
v -0.049372 -0.111903 -0.019316
v -0.027539 -0.113005 -0.041806
v -0.040165 -0.108152 -0.028534
v -0.053856 -0.109049 -0.005032
v -0.052252 -0.107984 -0.009221
v -0.013445 -0.103294 -0.039320
v -0.037948 -0.108765 -0.031452
v -0.053390 -0.107595 -0.004930
v -0.011188 -0.104217 -0.041148
v -0.052880 -0.108112 -0.007510
v -0.024899 -0.114113 -0.043810
v -0.054104 -0.106911 -0.000242
v -0.050561 -0.106101 -0.010815
v -0.051224 -0.107890 -0.011685
v -0.051634 -0.107151 -0.009786
v -0.037757 -0.106830 -0.029563
v -0.034639 -0.109744 -0.035218
v -0.053894 -0.108088 -0.003441
v -0.052313 -0.106464 -0.006935
v -0.041003 -0.106954 -0.026193
v -0.042079 -0.107958 -0.026104
v -0.004633 -0.107836 -0.046105
v -0.052915 -0.106718 -0.005357
v -0.036089 -0.108357 -0.032774
v -0.033890 -0.108546 -0.034716
v -0.034833 -0.106277 -0.031590
v -0.051520 -0.105761 -0.008079
v -0.050562 -0.104718 -0.008729
v -0.042030 -0.106129 -0.023915
v -0.041576 -0.104530 -0.022214
v -0.033339 -0.106643 -0.033169
v -0.039686 -0.105567 -0.025921
v -0.038243 -0.104356 -0.025770
v -0.032621 -0.104820 -0.031526
v -0.007211 -0.106454 -0.044467
v -0.052265 -0.104445 -0.003735
v -0.041849 -0.094871 -0.006074
v -0.000858 -0.110143 -0.048188
v -0.039641 -0.095280 -0.008597
v -0.008010 -0.105411 -0.043267
v -0.017095 -0.101630 -0.035833
v -0.018043 -0.100724 -0.034191
v -0.002039 -0.108636 -0.046988
v -0.028084 -0.097292 -0.022461
v -0.023425 -0.099229 -0.029221
v -0.048508 -0.107187 -0.016062
v -0.037778 -0.095054 -0.009806
v -0.044120 -0.106815 -0.022132
v -0.043264 -0.093835 -0.003447
v -0.014440 -0.118610 -0.050529
v -0.008751 -0.122577 -0.053325
v -0.031604 -0.110232 -0.037603
v -0.049978 -0.106847 -0.013010
v -0.045529 -0.106970 -0.020373
v -0.016805 -0.116692 -0.048828
v -0.004983 -0.106304 -0.044663
v -0.047064 -0.106426 -0.017412
v -0.019074 -0.099689 -0.032183
v -0.035903 -0.094391 -0.010221
v -0.024900 -0.097049 -0.024311
v -0.025198 -0.112184 -0.042390
v -0.020455 -0.098515 -0.029623
v -0.030225 -0.093936 -0.013800
v -0.039645 -0.093983 -0.006660
v -0.011737 -0.119483 -0.051657
v -0.002259 -0.106798 -0.045388
v -0.007825 -0.103656 -0.041343
v -0.011221 -0.102100 -0.038504
v -0.022454 -0.097614 -0.026936
v -0.048547 -0.105875 -0.014288
v -0.041432 -0.093044 -0.003995
v -0.014662 -0.100621 -0.035343
v -0.028720 -0.110605 -0.039502
v -0.004098 -0.105008 -0.043464
v -0.005646 -0.122596 -0.053797
v -0.003639 -0.124461 -0.054434
v -0.033245 -0.094264 -0.012105
v -0.015642 -0.098989 -0.032513
v -0.036790 -0.092995 -0.007371
v -0.021010 -0.112847 -0.044803
v -0.000181 -0.106729 -0.045388
v -0.039322 -0.092204 -0.004499
v -0.025605 -0.095759 -0.021162
v -0.042010 -0.091645 -0.001930
v -0.009545 -0.119899 -0.052313
v -0.012537 -0.100272 -0.035535
v -0.029242 -0.108928 -0.037848
v -0.031425 -0.108305 -0.036083
v -0.007944 -0.102397 -0.039724
v -0.049637 -0.104755 -0.010716
v -0.005324 -0.103364 -0.041435
v -0.045880 -0.104874 -0.017018
v -0.043309 -0.105394 -0.021283
v -0.047226 -0.104287 -0.014140
v -0.014575 -0.115991 -0.049258
v -0.001587 -0.105120 -0.043765
v -0.017058 -0.097801 -0.029976
v -0.044422 -0.121452 -0.031935
v -0.033195 -0.093090 -0.010054
v -0.042877 -0.121761 -0.033945
v -0.045872 -0.121265 -0.029885
v -0.017918 -0.113990 -0.046887
v -0.026068 -0.109925 -0.040299
v -0.006243 -0.121259 -0.053329
v -0.008078 -0.100877 -0.037591
v -0.042152 -0.090334 -0.000436
v -0.047159 -0.120403 -0.027708
v -0.036879 -0.091406 -0.005081
v -0.018939 -0.096846 -0.027412
v -0.002862 -0.103473 -0.041859
v -0.010499 -0.099976 -0.035672
v -0.048567 -0.104401 -0.012106
v 0.000483 -0.105230 -0.043916
v -0.012372 -0.116904 -0.050380
v -0.052882 -0.104721 -0.002096
v -0.039789 -0.090301 -0.001950
v -0.020297 -0.095815 -0.024729
v -0.031520 -0.107045 -0.034818
v -0.043567 -0.104196 -0.019191
v -0.021597 -0.110774 -0.043067
v -0.000809 -0.125099 -0.054684
v -0.027873 -0.093221 -0.014144
v -0.005259 -0.101563 -0.039086
v -0.043075 -0.119823 -0.033114
v -0.021998 -0.094646 -0.021315
v -0.007586 -0.119460 -0.052519
v -0.045544 -0.118666 -0.029482
v -0.048061 -0.119004 -0.025740
v -0.011558 -0.098383 -0.032890
v -0.047020 -0.118318 -0.027152
v -0.033240 -0.091872 -0.008033
v -0.002584 -0.122724 -0.054085
v -0.031486 -0.123406 -0.044452
v -0.044145 -0.118294 -0.031206
v -0.010085 -0.117500 -0.051234
v -0.013526 -0.097235 -0.030364
v -0.041548 -0.119307 -0.034694
v -0.036773 -0.105429 -0.028772
v -0.001481 -0.102619 -0.040883
v -0.049277 -0.117645 -0.023058
v -0.050627 -0.118194 -0.020642
v -0.029683 -0.123686 -0.045661
v -0.037488 -0.089389 -0.002290
v -0.015528 -0.096135 -0.027663
v -0.029180 -0.091880 -0.010681
v -0.003396 -0.101588 -0.039346
v -0.025328 -0.092534 -0.014563
v -0.037544 -0.121358 -0.039301
v -0.051535 -0.102921 -0.003378
v -0.004050 -0.120864 -0.053445
v -0.027449 -0.124275 -0.047119
v -0.000766 -0.122729 -0.054151
v -0.008041 -0.098422 -0.033797
v -0.034104 -0.090559 -0.005578
v -0.038307 -0.118828 -0.037723
v -0.014042 -0.113388 -0.047976
v -0.012815 -0.114917 -0.049242
v -0.016671 -0.094522 -0.024069
v -0.051527 -0.116881 -0.018064
v -0.035961 -0.089545 -0.003293
v -0.048467 -0.116511 -0.023947
v -0.039393 -0.103594 -0.023356
v -0.033795 -0.120683 -0.042022
v -0.042802 -0.117196 -0.032372
v -0.004522 -0.100086 -0.036987
v -0.017708 -0.111775 -0.045516
v -0.032261 -0.120452 -0.042981
v -0.048505 -0.101418 -0.007444
v -0.024599 -0.107398 -0.038896
v -0.027693 -0.107082 -0.037014
v -0.001714 -0.100833 -0.038380
v -0.018639 -0.093713 -0.021387
v -0.029130 -0.090686 -0.008629
v -0.045306 -0.103108 -0.015099
v -0.050516 -0.102278 -0.004848
v -0.031373 -0.090283 -0.006705
v -0.005295 -0.118168 -0.052353
v -0.029602 -0.121610 -0.045045
v -0.050468 -0.116231 -0.020032
v -0.008054 -0.117054 -0.051453
v -0.044908 -0.116348 -0.029293
v -0.010692 -0.114959 -0.049861
v -0.010487 -0.096062 -0.029240
v -0.036205 -0.103839 -0.027095
v -0.021625 -0.091482 -0.014826
v -0.024083 -0.124643 -0.048942
v -0.041436 -0.102554 -0.019263
v -0.004610 -0.098150 -0.033883
v -0.034696 -0.104345 -0.029210
v -0.052577 -0.115500 -0.014699
v -0.031014 -0.105455 -0.033400
v -0.034065 -0.088480 -0.002941
v -0.012506 -0.095016 -0.026730
v -0.026386 -0.122649 -0.047178
v -0.039677 -0.116684 -0.035491
v -0.043257 -0.102633 -0.017096
v -0.036619 -0.087876 -0.001095
v -0.052258 -0.102725 -0.001117
v -0.031438 -0.089413 -0.005412
v -0.020389 -0.108422 -0.041741
v -0.014398 -0.094037 -0.024131
v -0.034486 -0.118666 -0.040734
v -0.049722 -0.115203 -0.020942
v -0.025080 -0.090314 -0.010385
v -0.036969 -0.117789 -0.038433
v -0.027896 -0.105830 -0.035657
v -0.001323 -0.120687 -0.053544
v -0.007867 -0.096442 -0.030501
v -0.014335 -0.112058 -0.047022
v -0.042091 -0.116224 -0.032710
v -0.031580 -0.088488 -0.004092
v -0.018041 -0.109879 -0.043974
v -0.051708 -0.115504 -0.016905
v -0.049539 -0.101447 -0.005576
v -0.020604 -0.124465 -0.050416
v -0.043070 -0.114993 -0.030877
v -0.016412 -0.092203 -0.019405
v -0.047715 -0.114634 -0.024115
v -0.030810 -0.119314 -0.043430
v -0.053252 -0.114233 -0.011967
v -0.039358 -0.102117 -0.020956
v -0.050941 -0.114409 -0.017996
v -0.032856 -0.103712 -0.029857
v -0.014475 -0.110760 -0.046071
v -0.008689 -0.114882 -0.050271
v -0.026999 -0.088725 -0.006622
v -0.002406 -0.118983 -0.052911
v -0.032175 -0.087069 -0.002085
v -0.007873 -0.094353 -0.026790
v -0.044933 -0.100784 -0.011781
v -0.037920 -0.115325 -0.036403
v -0.048869 -0.114134 -0.021839
v -0.005091 -0.095409 -0.029156
v -0.021442 -0.089946 -0.011823
v -0.028431 -0.119798 -0.045008
v -0.035582 -0.116718 -0.039027
v -0.046488 -0.100214 -0.008708
v -0.010186 -0.093341 -0.024288
v -0.002579 -0.096578 -0.031418
v -0.024167 -0.105969 -0.037735
v -0.012096 -0.092418 -0.021811
v -0.005946 -0.115561 -0.051087
v -0.034694 -0.102823 -0.026945
v -0.032818 -0.117671 -0.041436
v -0.043426 -0.100129 -0.012640
v -0.039513 -0.114972 -0.034706
v -0.052163 -0.113465 -0.014538
v -0.012697 -0.090822 -0.018264
v -0.029755 -0.103634 -0.031975
v -0.011313 -0.112267 -0.048115
v -0.037067 -0.102324 -0.023790
v -0.021106 -0.122940 -0.049732
v -0.023017 -0.121721 -0.048470
v -0.027124 -0.104189 -0.034261
v -0.050154 -0.113114 -0.018755
v -0.025726 -0.120190 -0.046578
v -0.050527 -0.100535 -0.002297
v -0.048009 -0.113031 -0.022550
v -0.027690 -0.086342 -0.002955
v -0.026914 -0.087295 -0.004549
v -0.018455 -0.089479 -0.012500
v -0.021420 -0.088832 -0.009714
v -0.023281 -0.087863 -0.007090
v -0.033785 -0.116066 -0.039995
v -0.000243 -0.118370 -0.052729
v -0.015828 -0.109159 -0.044320
v -0.017279 -0.124771 -0.051719
v -0.028446 -0.085371 -0.001498
v -0.048445 -0.099482 -0.004617
v -0.024383 -0.104751 -0.036348
v -0.046834 -0.099350 -0.006890
v -0.016078 -0.088920 -0.012562
v -0.036417 -0.114290 -0.037070
v -0.053894 -0.113554 -0.009247
v -0.020122 -0.106545 -0.040182
v -0.009188 -0.112128 -0.048565
v -0.041518 -0.113308 -0.031571
v -0.040128 -0.100747 -0.017643
v -0.035035 -0.101553 -0.024513
v -0.002312 -0.094669 -0.028097
v -0.007499 -0.091698 -0.021809
v -0.030015 -0.102473 -0.030192
v -0.003078 -0.116328 -0.051743
v -0.032699 -0.102031 -0.027434
v -0.004158 -0.093241 -0.025348
v -0.030882 -0.116679 -0.042163
v -0.023222 -0.086516 -0.005014
v -0.009740 -0.090776 -0.019287
v -0.049548 -0.099659 -0.002987
v -0.006403 -0.113572 -0.049953
v -0.045172 -0.112085 -0.026102
v -0.041641 -0.099398 -0.013501
v -0.018842 -0.086681 -0.007079
v -0.016564 -0.107753 -0.042821
v -0.012589 -0.087791 -0.011776
v -0.018240 -0.087642 -0.009024
v -0.039125 -0.113374 -0.034062
v -0.023324 -0.085389 -0.003368
v -0.025079 -0.084427 -0.001518
v -0.036912 -0.100545 -0.020796
v -0.004910 -0.091445 -0.021822
v -0.047152 -0.098743 -0.005539
v -0.013938 -0.108648 -0.044617
v -0.001072 -0.092626 -0.024430
v -0.011637 -0.110088 -0.046503
v -0.048202 -0.111036 -0.020620
v -0.001180 -0.116150 -0.051744
v -0.003112 -0.091346 -0.021856
v -0.019176 -0.085758 -0.005425
v -0.051969 -0.111430 -0.013471
v -0.045313 -0.098189 -0.007162
v -0.049899 -0.097583 0.000272
v -0.015592 -0.087110 -0.009146
v -0.007179 -0.089790 -0.017999
v -0.003718 -0.113791 -0.050392
v -0.053736 -0.111928 -0.008572
v -0.009704 -0.086573 -0.010228
v -0.021117 -0.083889 -0.002088
v -0.032866 -0.100182 -0.024085
v -0.019290 -0.084730 -0.003823
v -0.012307 -0.086187 -0.008583
v -0.004525 -0.088933 -0.016793
v -0.006870 -0.088066 -0.014399
v -0.015097 -0.085416 -0.006233
v -0.000716 -0.089984 -0.019319
v -0.002573 -0.089439 -0.018091
v -0.016771 -0.083245 -0.002418
v -0.014699 -0.084066 -0.004159
v -0.012163 -0.084681 -0.005824
v -0.017000 -0.081937 -0.000636
v -0.002105 -0.087764 -0.014622
v -0.013730 0.044212 0.107410
v -0.017234 0.043000 0.107358
v -0.016585 0.042883 0.107905
v -0.011406 0.044869 0.107403
v -0.014065 0.043734 0.107959
v -0.010490 0.044736 0.107945
v -0.009142 0.045388 0.107395
v -0.008605 0.045130 0.107949
v -0.006313 0.045913 0.107294
v -0.004658 0.046022 0.107463
v -0.004205 0.046287 0.106990
v -0.002527 0.046262 0.107321
v -0.039947 0.023317 0.107507
v -0.039150 0.024777 0.107336
v -0.038995 0.024207 0.108012
v -0.037722 0.026611 0.107642
v -0.037624 0.027027 0.107364
v -0.036480 0.028170 0.107746
v -0.036014 0.029106 0.107386
v -0.020124 0.041739 0.107318
v -0.003295 0.045913 0.107835
v -0.046217 0.003449 0.107344
v -0.045948 0.005950 0.107369
v -0.045603 0.008217 0.107367
v -0.045106 0.010667 0.107335
v -0.044434 0.013131 0.107372
v -0.039066 0.024562 0.107674
v -0.043642 0.015557 0.107372
v -0.046308 0.001205 0.107378
v -0.042836 0.017459 0.107514
v -0.042071 0.019412 0.107357
v -0.041004 0.021453 0.107467
v -0.045935 0.003933 0.107762
v -0.041515 0.019642 0.107990
v 0.000184 0.046303 0.107387
v -0.034360 0.031039 0.107387
v -0.034076 0.030848 0.107924
v -0.032622 0.032857 0.107387
v -0.032052 0.032815 0.108051
v -0.030747 0.034517 0.107538
v -0.028813 0.036147 0.107537
v -0.026300 0.038117 0.107377
v -0.026017 0.037736 0.108104
v -0.022888 0.040205 0.107480
v 0.000972 -0.054995 0.000500
v 0.054992 -0.001150 0.000500
v 0.000000 -0.050498 0.000500
v 0.054895 -0.003485 0.000500
v -0.000017 -0.051819 0.000500
v 0.003511 -0.054894 0.000500
v 0.054703 -0.005732 0.000500
v 0.007075 -0.054557 0.000500
v 0.054379 -0.008299 0.000500
v 0.010541 -0.053986 0.000500
v 0.053710 -0.011883 0.000500
v 0.013547 -0.053315 0.000500
v 0.052952 -0.014874 0.000500
v -0.014287 -0.049991 0.000500
v -0.014237 -0.049993 0.000500
v 0.016594 -0.052445 0.000500
v 0.052017 -0.017902 0.000500
v 0.019826 -0.051315 0.000500
v 0.050807 -0.021077 0.000500
v 0.023703 -0.049647 0.000500
v 0.049685 -0.023601 0.000500
v 0.048401 -0.026135 0.000500
v 0.026981 -0.047935 0.000500
v 0.046772 -0.028956 0.000500
v 0.030105 -0.046047 0.000500
v 0.044854 -0.031843 0.000500
v 0.033565 -0.043587 0.000500
v 0.043075 -0.034208 0.000500
v 0.036244 -0.041376 0.000500
v 0.041367 -0.036254 0.000500
v 0.037867 -0.039882 0.000501
v 0.039402 -0.038383 0.000500
v -0.000150 -0.051962 0.000500
v -0.001490 -0.052284 0.000500
v -0.001351 -0.052107 0.000500
v -0.000196 -0.051990 0.000500
v -0.000184 -0.051975 0.000648
v -0.014280 -0.049989 0.000695
v 0.017531 -0.181954 0.052125
v 0.022429 -0.179800 -0.050226
v 0.027954 -0.181346 -0.047370
v 0.029636 -0.182260 -0.046336
v 0.031048 -0.182878 -0.045401
v 0.032305 -0.181380 -0.044518
v 0.034427 -0.181155 -0.042900
v 0.038082 -0.180333 -0.039691
v 0.014543 -0.182222 -0.053045
v 0.017505 -0.180251 -0.052142
v 0.055000 -0.191995 0.000000
v 0.041265 -0.181267 -0.036371
v 0.054993 -0.189002 -0.000998
v 0.042714 -0.180298 -0.034653
v 0.054994 -0.189002 0.000997
v 0.054814 -0.193999 -0.004570
v 0.054555 -0.194000 -0.007023
v 0.052139 -0.181671 -0.017523
v 0.052582 -0.187968 -0.016160
v 0.054493 -0.186459 -0.007472
v 0.053829 -0.191636 0.011278
v 0.055003 -0.181229 -0.000671
v 0.053392 -0.188476 -0.013216
v 0.052586 -0.175886 0.016157
v 0.051988 -0.183567 0.017923
v 0.050280 -0.184428 0.022245
v 0.049118 -0.183655 0.024712
v 0.047756 -0.184517 0.027233
v 0.042774 -0.180433 0.034571
v 0.041479 -0.183495 0.036075
v 0.040119 -0.183600 0.037585
v 0.038553 -0.182811 0.039192
v 0.034058 -0.183468 0.043150
v 0.007066 -0.184046 -0.054547
v 0.010184 -0.176854 -0.054049
v 0.026706 -0.186745 0.048055
v 0.022801 -0.182857 0.050037
v 0.008323 0.045573 0.107333
v 0.006221 0.046139 0.106761
v 0.027338 0.037379 0.107368
v 0.026927 0.037949 0.106825
v 0.025902 0.038303 0.107510
v 0.024546 0.039491 0.106919
v 0.003303 0.046343 0.107072
v 0.006035 0.045905 0.107386
v 0.024131 0.039505 0.107412
v 0.022020 0.041014 0.106783
v 0.021354 0.041088 0.107387
v 0.020276 0.041850 0.106911
v 0.019132 0.042181 0.107369
v 0.013682 0.044512 0.106759
v 0.046235 0.003018 0.107372
v 0.046451 0.002507 0.106896
v 0.046322 0.004303 0.106898
v 0.013395 0.044348 0.107339
v 0.046004 0.005516 0.107370
v 0.046046 0.006582 0.106927
v 0.045537 0.007890 0.107614
v 0.011257 0.044928 0.107358
v 0.045428 0.009997 0.106968
v 0.011702 0.045072 0.106756
v 0.009803 0.045202 0.107474
v 0.010336 0.045416 0.106730
v 0.044633 0.012445 0.107365
v 0.008254 0.045829 0.106735
v 0.041938 0.019708 0.107350
v 0.042248 0.019526 0.106835
v 0.042920 0.017574 0.107281
v 0.041063 0.021916 0.106806
v 0.040774 0.021997 0.107360
v 0.040238 0.023257 0.107022
v 0.039315 0.024482 0.107383
v 0.038989 0.025313 0.106965
v 0.046513 0.000324 0.106902
v 0.036779 0.028575 0.106668
v 0.037851 0.026891 0.107108
v 0.037948 0.027004 0.106649
v 0.037837 0.026670 0.107426
v 0.036379 0.028659 0.107377
v 0.035762 0.029753 0.106846
v 0.035295 0.029959 0.107400
v 0.034666 0.031022 0.106849
v 0.034070 0.031352 0.107395
v 0.033264 0.032500 0.106887
v 0.032779 0.032686 0.107404
v 0.030616 0.034977 0.106947
v 0.028895 0.036465 0.106838
v 0.031468 0.033943 0.107416
v 0.044771 0.012800 0.106784
v 0.028712 0.036309 0.107400
v 0.044123 0.014840 0.106811
v 0.030012 0.035239 0.107411
v 0.018259 0.042844 0.106717
v 0.022086 0.040460 0.107748
v 0.016253 0.043640 0.106735
v 0.016031 0.043456 0.107356
v 0.032872 -0.032489 0.107578
v 0.032640 -0.033160 0.107046
v 0.045033 -0.010524 0.107513
v 0.031680 -0.034039 0.107120
v 0.044779 -0.012273 0.107141
v 0.045205 -0.011183 0.106710
v 0.044562 -0.012222 0.107576
v 0.044185 -0.014840 0.106578
v 0.030607 -0.034781 0.107406
v 0.044232 -0.014111 0.107138
v 0.029612 -0.035468 0.107611
v 0.029842 -0.035781 0.106958
v 0.043853 -0.015108 0.107244
v 0.046434 -0.001262 0.107110
v 0.046435 -0.002480 0.106939
v 0.042924 -0.017035 0.107618
v 0.046229 -0.003650 0.107272
v 0.043141 -0.017443 0.106899
v 0.042488 -0.018997 0.106873
v 0.045664 -0.009139 0.106709
v 0.042450 -0.018479 0.107403
v 0.045451 -0.009665 0.107026
v 0.041637 -0.020322 0.107366
v 0.041624 -0.020957 0.106699
v 0.039804 -0.023864 0.107214
v 0.040018 -0.023155 0.107529
v 0.039373 -0.024862 0.106862
v 0.038470 -0.026206 0.106916
v 0.038696 -0.025292 0.107539
v 0.037373 -0.027757 0.106929
v 0.037537 -0.027021 0.107506
v 0.035871 -0.029702 0.106916
v 0.046292 -0.004528 0.106910
v 0.036294 -0.028761 0.107418
v 0.045902 -0.006066 0.107415
v 0.045972 -0.007086 0.106897
v 0.034039 -0.031750 0.106992
v 0.034769 -0.030606 0.107404
v 0.045437 -0.009033 0.107363
v 0.028376 -0.036859 0.107126
v 0.027011 -0.037896 0.107103
v 0.024795 -0.039388 0.107106
v 0.022076 -0.040920 0.107217
v 0.019328 -0.042279 0.107235
v 0.016034 -0.043644 0.107231
v 0.013392 -0.044496 0.107278
v 0.005960 -0.045939 0.107511
v 0.003370 -0.046433 0.107172
v 0.045526 -0.007345 0.107727
v 0.054448 -0.108219 -0.000252
v 0.054748 -0.109147 0.000570
v 0.022272 -0.096329 -0.024585
v 0.020250 -0.114923 -0.046457
v 0.032658 -0.094437 -0.012859
v 0.017887 -0.096630 -0.027534
v 0.052910 -0.107064 -0.005950
v 0.053516 -0.107997 -0.005057
v 0.000158 -0.103896 -0.042465
v 0.040652 -0.091458 -0.002674
v 0.017073 -0.098333 -0.030880
v 0.049628 -0.107220 -0.014141
v 0.050964 -0.107831 -0.012209
v 0.014620 -0.098819 -0.032604
v 0.005943 -0.102161 -0.039804
v 0.015335 -0.118887 -0.050359
v 0.014615 -0.120479 -0.051224
v 0.040796 -0.089029 -0.000015
v 0.042465 -0.090338 -0.000204
v 0.051853 -0.107498 -0.009674
v 0.038826 -0.090806 -0.003119
v 0.029439 -0.092906 -0.012406
v 0.025831 -0.092496 -0.014136
v 0.002922 -0.103926 -0.042374
v 0.010596 -0.121858 -0.052748
v 0.020164 -0.117499 -0.047888
v 0.002899 -0.102909 -0.041150
v 0.008084 -0.099672 -0.035779
v 0.007264 -0.123667 -0.053850
v 0.036678 -0.092874 -0.007265
v 0.048681 -0.106791 -0.015290
v 0.014277 -0.096620 -0.029035
v 0.005973 -0.101116 -0.038334
v 0.023894 -0.095224 -0.021272
v 0.027885 -0.113002 -0.041630
v 0.035073 -0.109222 -0.034432
v 0.011901 -0.098422 -0.032849
v 0.015793 -0.117302 -0.049493
v 0.048063 -0.105875 -0.015106
v 0.011705 -0.100285 -0.035810
v 0.045003 -0.106743 -0.020822
v 0.044293 -0.107693 -0.022977
v 0.037478 -0.109075 -0.032206
v 0.046439 -0.107221 -0.019370
v 0.031789 -0.110269 -0.037522
v 0.033521 -0.109682 -0.035973
v 0.004317 -0.126265 -0.054731
v 0.033153 -0.091596 -0.007661
v 0.036823 -0.091038 -0.004628
v 0.039411 -0.088623 -0.000435
v 0.042002 -0.107804 -0.026025
v 0.051114 -0.106555 -0.010222
v 0.042046 -0.106035 -0.023775
v 0.016132 -0.115591 -0.048503
v 0.032580 -0.092586 -0.009622
v 0.052470 -0.106628 -0.006733
v 0.017519 -0.094809 -0.024230
v 0.050114 -0.105666 -0.011123
v 0.000812 -0.102825 -0.041160
v 0.007913 -0.121324 -0.053099
v 0.003072 -0.101652 -0.039468
v 0.022780 -0.113375 -0.044337
v 0.040023 -0.106788 -0.027106
v 0.034767 -0.090412 -0.005010
v 0.028595 -0.109953 -0.039048
v 0.029846 -0.111736 -0.039740
v 0.039368 -0.108194 -0.029436
v 0.023356 -0.111676 -0.042905
v 0.019379 -0.093835 -0.021226
v 0.036405 -0.107306 -0.031392
v 0.010044 -0.119449 -0.052051
v 0.026674 -0.110947 -0.040783
v 0.029404 -0.091157 -0.009235
v 0.044126 -0.105779 -0.020744
v 0.046443 -0.105489 -0.017068
v 0.011755 -0.096373 -0.029436
v 0.037349 -0.089195 -0.002158
v 0.005051 -0.122639 -0.053875
v 0.053859 -0.106374 -0.000656
v 0.001212 -0.126495 -0.054921
v 0.005109 -0.099456 -0.035925
v 0.051770 -0.105854 -0.007558
v 0.000899 -0.101335 -0.039159
v 0.009094 -0.097346 -0.031797
v 0.032189 -0.089767 -0.005512
v 0.033057 -0.107993 -0.034764
v 0.002873 -0.099886 -0.036838
v 0.048949 -0.104362 -0.011393
v 0.001502 -0.124771 -0.054609
v 0.022942 -0.091655 -0.014337
v 0.050983 -0.105106 -0.008366
v 0.011983 -0.117218 -0.050644
v 0.034979 -0.088400 -0.002433
v 0.031212 -0.108468 -0.036355
v 0.038091 -0.106517 -0.028834
v 0.010008 -0.117853 -0.051410
v 0.037142 -0.087397 -0.000369
v 0.006186 -0.097186 -0.032078
v 0.053149 -0.104801 -0.001224
v 0.013843 -0.093954 -0.024203
v 0.044292 -0.104423 -0.018561
v 0.016262 -0.113480 -0.047228
v 0.041758 -0.104620 -0.022134
v 0.020632 -0.091020 -0.014459
v 0.034797 -0.107635 -0.033113
v 0.025632 -0.090682 -0.010752
v 0.028597 -0.108013 -0.037401
v 0.050112 -0.104385 -0.009167
v 0.040042 -0.105200 -0.024996
v 0.002989 -0.123017 -0.054136
v 0.018744 -0.112430 -0.045531
v -0.000248 -0.099030 -0.035569
v 0.032697 -0.087924 -0.002887
v 0.037896 -0.105241 -0.027397
v 0.035160 -0.086647 -0.000453
v 0.033489 -0.106794 -0.033213
v 0.045648 -0.103530 -0.015298
v 0.047471 -0.104009 -0.013317
v 0.035470 -0.106023 -0.030742
v 0.052403 -0.103916 -0.002471
v 0.027639 -0.088510 -0.005977
v 0.016326 -0.092187 -0.019411
v 0.007925 -0.094378 -0.026834
v 0.002889 -0.096745 -0.031681
v 0.011123 -0.093491 -0.024286
v 0.025411 -0.089051 -0.007986
v 0.051654 -0.103286 -0.003640
v 0.029734 -0.087258 -0.003281
v 0.004985 -0.095488 -0.029308
v 0.023436 -0.109831 -0.041475
v 0.032961 -0.085979 -0.000573
v 0.001409 -0.122154 -0.053987
v 0.021442 -0.089503 -0.010964
v 0.042824 -0.103174 -0.018549
v 0.031784 -0.106149 -0.033699
v 0.023832 -0.108082 -0.039859
v 0.003677 -0.120608 -0.053395
v 0.006017 -0.119756 -0.052856
v 0.026192 -0.086673 -0.004010
v 0.039085 -0.103869 -0.024132
v 0.050852 -0.102408 -0.004275
v 0.000292 -0.097500 -0.033046
v 0.028795 -0.106174 -0.035518
v 0.013409 -0.091469 -0.019308
v 0.018865 -0.110737 -0.044271
v 0.035491 -0.104682 -0.028965
v 0.013038 -0.114998 -0.049225
v 0.044579 -0.123612 -0.032213
v 0.043977 -0.121802 -0.032595
v 0.009743 -0.115483 -0.050363
v 0.042002 -0.123685 -0.035420
v 0.039554 -0.124451 -0.038151
v 0.018098 -0.089433 -0.012596
v 0.045626 -0.122497 -0.030562
v 0.039469 -0.122425 -0.037822
v 0.021261 -0.087960 -0.008225
v 0.028314 -0.084821 -0.000928
v 0.037730 -0.124518 -0.039910
v 0.042204 -0.121936 -0.034787
v 0.047104 -0.122165 -0.028279
v 0.046345 -0.121096 -0.029146
v 0.033342 -0.105181 -0.031441
v 0.050049 -0.102224 -0.005777
v 0.036447 -0.123191 -0.040750
v 0.034404 -0.125301 -0.042842
v 0.048853 -0.121212 -0.025146
v 0.046858 -0.119945 -0.028022
v 0.000164 -0.095293 -0.029281
v 0.027370 -0.085839 -0.002434
v 0.023148 -0.087127 -0.005986
v 0.007591 -0.091711 -0.021820
v 0.048244 -0.119447 -0.025612
v 0.010714 -0.090918 -0.019241
v 0.002231 -0.093807 -0.026564
v 0.041227 -0.102294 -0.019072
v 0.025296 -0.106887 -0.038079
v 0.045111 -0.119904 -0.030530
v 0.016005 -0.088940 -0.012638
v 0.041944 -0.120742 -0.034734
v 0.034281 -0.123455 -0.042519
v 0.030908 -0.084109 0.000661
v 0.032933 -0.123158 -0.043420
v 0.030617 -0.125631 -0.045588
v 0.004738 -0.092745 -0.024344
v 0.006994 -0.117696 -0.051919
v 0.044934 -0.101213 -0.012490
v 0.036400 -0.103525 -0.026413
v 0.050063 -0.118803 -0.022045
v 0.046888 -0.100301 -0.008264
v 0.012148 -0.113354 -0.048565
v 0.043326 -0.119853 -0.032818
v 0.052101 -0.102280 -0.000959
v 0.004289 -0.118395 -0.052535
v 0.015994 -0.111226 -0.045823
v 0.019165 -0.109016 -0.042787
v 0.029596 -0.105045 -0.033806
v 0.048824 -0.101241 -0.006601
v 0.037988 -0.102516 -0.023149
v 0.001773 -0.119375 -0.053078
v 0.041188 -0.119459 -0.035139
v 0.037388 -0.121189 -0.039381
v 0.028151 -0.125680 -0.047109
v 0.013133 -0.088212 -0.012432
v 0.044045 -0.118326 -0.031346
v 0.050995 -0.119700 -0.020451
v 0.033016 -0.103951 -0.030069
v 0.046970 -0.117821 -0.027009
v 0.025066 -0.082607 0.000532
v 0.016761 -0.087215 -0.008875
v 0.049217 -0.117550 -0.023124
v 0.022110 -0.085571 -0.004056
v 0.040026 -0.120692 -0.036768
v 0.024696 -0.084281 -0.001462
v 0.034517 -0.103096 -0.027539
v 0.043417 -0.100113 -0.012623
v 0.019786 -0.086106 -0.005733
v 0.045280 -0.117446 -0.029320
v 0.051139 -0.100823 -0.001363
v 0.026485 -0.125798 -0.048058
v 0.045816 -0.099798 -0.008983
v 0.008099 -0.089135 -0.016361
v 0.052018 -0.117110 -0.016998
v 0.052270 -0.118403 -0.016891
v 0.052334 -0.100863 0.001516
v 0.002410 -0.091269 -0.021769
v 0.004867 -0.116017 -0.051443
v 0.050005 -0.100291 -0.002987
v 0.007220 -0.115564 -0.050891
v 0.010530 -0.088045 -0.013132
v 0.042506 -0.117746 -0.032967
v 0.004425 -0.090112 -0.019245
v 0.035033 -0.120938 -0.041204
v 0.050503 -0.116217 -0.019976
v 0.021366 -0.083403 -0.001397
v 0.037656 -0.119556 -0.038592
v 0.039447 -0.101312 -0.019434
v 0.030107 -0.123313 -0.045293
v 0.032363 -0.121211 -0.043187
v 0.030637 -0.103641 -0.031402
v 0.047217 -0.099117 -0.005987
v 0.016682 -0.085915 -0.006577
v 0.040931 -0.117286 -0.034498
v 0.015321 -0.109581 -0.044860
v 0.024285 -0.104739 -0.036389
v 0.009147 -0.113170 -0.049220
v 0.047449 -0.116195 -0.025466
v 0.005891 -0.088562 -0.015741
v 0.039858 -0.118316 -0.036050
v 0.019286 -0.107468 -0.041397
v 0.011344 -0.111673 -0.047716
v 0.013190 -0.110831 -0.046571
v 0.023336 -0.126171 -0.049705
v 0.021939 -0.082181 0.000210
v 0.000578 -0.091203 -0.021722
v 0.002675 -0.117073 -0.052106
v 0.020053 -0.084469 -0.003191
v 0.013134 -0.086043 -0.007991
v 0.048838 -0.099315 -0.003733
v 0.035429 -0.101703 -0.024388
v 0.027568 -0.123369 -0.046780
v 0.016641 -0.084639 -0.004499
v 0.053152 -0.117206 -0.013881
v 0.046193 -0.115577 -0.027047
v 0.026546 -0.104084 -0.034446
v 0.049205 -0.115500 -0.022086
v 0.035498 -0.118965 -0.040108
v 0.023953 -0.124620 -0.048995
v 0.022052 -0.106033 -0.038818
v 0.037108 -0.100632 -0.020759
v 0.028166 -0.103477 -0.032757
v 0.025411 -0.122756 -0.047707
v 0.010592 -0.086314 -0.009394
v 0.042063 -0.116155 -0.032706
v 0.043651 -0.116507 -0.030999
v 0.006337 -0.113703 -0.050042
v 0.050659 -0.098648 0.000390
v 0.037888 -0.117665 -0.037602
v 0.032728 -0.102352 -0.027936
v 0.032786 -0.119145 -0.042123
v 0.002027 -0.088745 -0.016716
v 0.016664 -0.083552 -0.002879
v 0.051981 -0.115488 -0.016238
v 0.047855 -0.114548 -0.023848
v 0.044683 -0.115047 -0.028849
v 0.020218 -0.126270 -0.051042
v 0.016373 -0.107745 -0.042894
v 0.004195 -0.087769 -0.014354
v 0.019020 -0.081456 0.000378
v 0.022067 -0.124109 -0.049696
v 0.052970 -0.115005 -0.013293
v 0.016674 -0.082609 -0.001573
v 0.051070 -0.114630 -0.017853
v 0.006831 -0.085700 -0.009177
v 0.041269 -0.099083 -0.013361
v 0.013132 -0.084159 -0.004679
v 0.002881 -0.115183 -0.051194
v 0.010474 -0.085028 -0.006891
v 0.028824 -0.102113 -0.030461
v 0.038841 -0.099743 -0.017232
v 0.053865 -0.115807 -0.010751
v 0.039138 -0.115451 -0.035359
v 0.028885 -0.121471 -0.045408
v 0.033116 -0.100278 -0.024041
v 0.000885 -0.115630 -0.051505
v 0.018092 -0.106038 -0.040569
v 0.042823 -0.114755 -0.031036
v 0.002235 -0.086698 -0.012281
v 0.010410 -0.083827 -0.004748
v 0.006669 -0.112188 -0.049077
v 0.040679 -0.115011 -0.033548
v 0.035148 -0.099866 -0.021318
v 0.010462 -0.109771 -0.046595
v 0.048913 -0.113910 -0.021615
v 0.012669 -0.082515 -0.002271
v 0.013448 -0.108513 -0.044680
v 0.044259 -0.098426 -0.008841
v 0.013748 -0.081355 -0.000546
v 0.019776 -0.104757 -0.038516
v 0.037476 -0.115505 -0.036886
v 0.018553 -0.126221 -0.051659
v 0.035211 -0.117171 -0.039528
v 0.050369 -0.113631 -0.018676
v 0.006604 -0.084288 -0.006309
v 0.003550 -0.084637 -0.007448
v 0.030354 -0.101149 -0.027862
v 0.049647 -0.097616 -0.000214
v 0.053393 -0.113925 -0.011301
v 0.009836 -0.082199 -0.002291
v 0.003509 -0.113403 -0.050177
v 0.020201 -0.123362 -0.050238
v 0.001737 -0.084627 -0.007591
v 0.043024 -0.113688 -0.030083
v 0.023315 -0.103127 -0.034970
v 0.010261 -0.080971 -0.000575
v 0.006517 -0.082835 -0.003737
v 0.000154 -0.085697 -0.010125
v 0.008750 -0.110780 -0.047748
v 0.051850 -0.113061 -0.015039
v 0.019948 -0.103600 -0.037133
v 0.045137 -0.097392 -0.006239
v 0.024869 -0.102330 -0.033134
v 0.049616 -0.112652 -0.019445
v 0.033962 -0.116605 -0.040146
v 0.026596 -0.120057 -0.046084
v 0.029573 -0.119695 -0.044319
v 0.047649 -0.097100 -0.002622
v 0.048382 -0.112521 -0.021538
v 0.002892 -0.083710 -0.005663
v 0.054438 -0.114720 -0.007643
v 0.006524 -0.081570 -0.001812
v 0.013808 -0.106973 -0.043182
v 0.046016 -0.113523 -0.025998
v 0.009813 -0.108110 -0.045427
v 0.028182 -0.100629 -0.028567
v 0.017419 -0.124171 -0.051514
v 0.002663 -0.082595 -0.003691
v 0.048699 -0.096783 -0.000724
v 0.041369 -0.113332 -0.031745
v 0.016584 -0.105522 -0.040663
v 0.030206 -0.099821 -0.025667
v 0.031265 -0.117054 -0.042125
v 0.006058 -0.080215 -0.000049
v 0.015076 -0.126387 -0.052796
v 0.046531 -0.096566 -0.003423
v 0.039363 -0.097843 -0.013194
v 0.006142 -0.110103 -0.047729
v 0.024952 -0.101093 -0.031332
v 0.003962 -0.111128 -0.048715
v 0.022101 -0.121359 -0.048745
v 0.035336 -0.114419 -0.037975
v 0.001115 -0.113284 -0.050232
v 0.039817 -0.112911 -0.033079
v 0.002394 -0.081085 -0.001407
v 0.042188 -0.097426 -0.009553
v 0.050781 -0.111869 -0.016537
v 0.044181 -0.113065 -0.028192
v 0.037196 -0.097485 -0.014667
v 0.052616 -0.112506 -0.012625
v 0.008616 -0.109176 -0.046578
v 0.000532 -0.080735 -0.000971
v 0.053918 -0.112859 -0.008616
v 0.047351 -0.111830 -0.022677
v 0.027066 -0.117587 -0.044713
v 0.029498 -0.118046 -0.043628
v 0.019996 -0.102299 -0.035497
v 0.037267 -0.113534 -0.035881
v 0.042818 -0.096233 -0.007100
v 0.010975 -0.106498 -0.043637
v 0.012542 -0.126323 -0.053445
v 0.045072 -0.112009 -0.026177
v 0.022316 -0.119684 -0.047968
v 0.024434 -0.118059 -0.046236
v 0.014062 -0.124058 -0.052518
v 0.016660 -0.103896 -0.038846
v 0.032507 -0.114988 -0.040253
v 0.029422 -0.115984 -0.042626
v 0.051489 -0.110700 -0.013990
v 0.042589 -0.111946 -0.029326
v 0.013677 -0.105491 -0.041746
v 0.044195 -0.110466 -0.026035
v 0.033498 -0.113729 -0.038855
v 0.041219 -0.110783 -0.029922
v 0.049657 -0.111059 -0.018082
v 0.049212 -0.110090 -0.018012
v 0.048109 -0.110501 -0.020293
v 0.030349 -0.114137 -0.041037
v 0.045968 -0.110908 -0.023971
v 0.041949 -0.109384 -0.027781
v 0.031240 -0.112652 -0.039579
v 0.052335 -0.110483 -0.011710
v 0.051716 -0.109082 -0.011872
v 0.001243 -0.111686 -0.049240
v 0.054783 -0.112704 -0.004147
v 0.039355 -0.109927 -0.031153
v 0.043980 -0.109238 -0.025101
v 0.046478 -0.109348 -0.021727
v 0.053999 -0.109355 -0.004748
v 0.049555 -0.108674 -0.015946
v 0.047842 -0.108108 -0.018261
v 0.048296 -0.109043 -0.018534
v 0.053134 -0.109458 -0.008282
v 0.052481 -0.108550 -0.009273
v 0.040509 -0.096681 -0.010040
v 0.020510 -0.101276 -0.033885
v 0.054897 -0.111029 -0.001263
v 0.018400 -0.121221 -0.050202
v 0.032979 -0.097636 -0.018972
v 0.047653 -0.094594 0.000344
v 0.054143 -0.108828 -0.003322
v 0.034812 -0.111499 -0.036462
v 0.030073 -0.098058 -0.022402
v 0.053241 -0.111362 -0.009827
v 0.046342 -0.095092 -0.001821
v 0.044784 -0.095415 -0.003937
v 0.035207 -0.096699 -0.015041
v 0.014388 -0.103913 -0.039733
v 0.024920 -0.099634 -0.029032
v 0.005455 -0.108080 -0.046223
v 0.003680 -0.108877 -0.047070
v 0.008819 -0.106841 -0.044514
v 0.001968 -0.110264 -0.048232
v 0.009014 -0.104950 -0.042553
v 0.011183 -0.104949 -0.041967
v 0.016977 -0.102173 -0.036609
v 0.013892 -0.102222 -0.037806
v 0.014577 -0.100572 -0.035301
v 0.016834 -0.100327 -0.034096
v 0.009472 -0.103311 -0.040530
v 0.011776 -0.103451 -0.040049
v 0.008843 -0.101928 -0.038894
v 0.011373 -0.102013 -0.038328
v 0.026540 -0.098709 -0.026348
v 0.036883 -0.112286 -0.035381
v 0.054466 -0.111268 -0.004671
v 0.020538 -0.100009 -0.032011
v 0.043569 -0.094785 -0.004351
v 0.038726 -0.095500 -0.009734
v 0.040241 -0.095140 -0.007866
v 0.039054 -0.111197 -0.032532
v 0.050530 -0.109586 -0.015021
v 0.014436 -0.122240 -0.051876
v 0.005888 -0.106570 -0.044804
v 0.046093 -0.092584 0.000684
v 0.053759 -0.110581 -0.007238
v 0.042243 -0.094178 -0.004774
v 0.044370 -0.093471 -0.002013
v 0.035960 -0.094965 -0.011194
v 0.000770 -0.108630 -0.047025
v 0.009887 -0.124466 -0.053600
v 0.009006 -0.126447 -0.054171
v 0.027092 -0.097142 -0.022928
v 0.027684 -0.114726 -0.042821
v 0.018893 -0.118895 -0.049059
v 0.020509 -0.098561 -0.029682
v 0.006926 -0.126440 -0.054485
v 0.005827 -0.104525 -0.042711
v 0.040544 -0.093483 -0.005253
v 0.025019 -0.114985 -0.044291
v 0.002255 -0.107030 -0.045595
v 0.022372 -0.097628 -0.027015
v 0.022907 -0.116386 -0.046084
v 0.004836 -0.105631 -0.044011
v 0.044404 -0.091802 -0.000145
v 0.029924 -0.094559 -0.015309
v 0.036447 -0.110492 -0.034382
v 0.033164 -0.111456 -0.037552
v 0.036028 -0.093866 -0.009286
v 0.042366 -0.092138 -0.002191
v 0.006114 -0.103431 -0.041403
v 0.038741 -0.092814 -0.005701
v 0.002703 -0.105390 -0.043985
v 0.054908 -0.102671 0.009535
v 0.010971 0.053822 0.064889
v 0.054916 -0.096949 0.015551
v 0.054895 -0.095079 0.015839
v 0.000794 -0.127498 -0.054998
v 0.054888 -0.090589 0.020435
v 0.003236 -0.127478 -0.054909
v 0.054901 -0.087408 0.021673
v 0.054871 -0.084850 0.024552
v 0.006264 -0.127432 -0.054649
v 0.054907 -0.080570 0.026371
v 0.054848 -0.076304 0.030202
v 0.054913 -0.075758 0.029541
v 0.008798 -0.127441 -0.054294
v 0.054835 -0.068727 0.034762
v 0.011390 -0.127404 -0.053812
v 0.054900 -0.063684 0.036608
v 0.014715 -0.127361 -0.053006
v 0.054830 -0.059154 0.039918
v 0.018078 -0.127277 -0.051950
v 0.054890 -0.050726 0.043038
v 0.021131 -0.127163 -0.050788
v 0.054835 -0.050385 0.044110
v 0.054905 -0.042447 0.046605
v 0.054842 -0.043786 0.046979
v 0.023802 -0.127064 -0.049583
v 0.025766 -0.126995 -0.048597
v 0.028024 -0.126818 -0.047330
v 0.054933 -0.033637 0.049917
v 0.054859 -0.034120 0.050689
v 0.030308 -0.126634 -0.045901
v 0.054955 -0.025596 0.052618
v 0.054878 -0.026480 0.053287
v 0.032700 -0.126384 -0.044231
v 0.034803 -0.126149 -0.042595
v 0.054988 -0.012837 0.056216
v 0.036763 -0.125863 -0.040911
v 0.054910 -0.015737 0.056365
v 0.038702 -0.125862 -0.039094
v 0.054926 -0.007235 0.058423
v 0.040997 -0.125071 -0.036676
v 0.042894 -0.124748 -0.034438
v 0.054926 0.001013 0.060147
v 0.054563 0.006372 0.061023
v 0.046097 -0.123626 -0.030011
v 0.054254 0.008580 0.061427
v 0.047608 -0.123013 -0.027554
v 0.048697 -0.122309 -0.025567
v 0.052378 0.016547 0.062495
v 0.049560 -0.121777 -0.023864
v 0.051195 -0.120556 -0.020118
v 0.052545 -0.119163 -0.016276
v 0.048034 0.026639 0.063603
v 0.053217 -0.118214 -0.013897
v 0.053972 -0.116874 -0.010632
v 0.043648 0.033333 0.064170
v 0.041784 0.035629 0.064372
v 0.039689 0.037962 0.064454
v 0.054791 -0.114060 -0.004809
v 0.054938 -0.113026 -0.002677
v 0.055003 -0.111282 0.000614
v 0.032200 0.044455 0.064988
v 0.030008 0.046000 0.064773
v 0.026457 0.048132 0.064818
v 0.024087 0.049361 0.064846
v 0.054919 -0.107052 0.005085
v 0.021566 0.050513 0.064881
v 0.018874 0.051580 0.064885
v 0.054958 -0.105434 0.008324
v 0.013673 0.053195 0.064902
v 0.049973 -0.029209 0.018663
v 0.051180 -0.081925 0.015293
v 0.052376 -0.021209 0.019304
v 0.051850 -0.024226 0.021336
v 0.052310 -0.019711 0.015141
v 0.049634 -0.027577 0.014763
v 0.052840 -0.023800 0.029697
v 0.053584 -0.017051 0.024683
v 0.054127 -0.014043 0.027716
v 0.054275 -0.010830 0.017228
v 0.053464 -0.079857 0.021345
v 0.053754 -0.047038 0.039951
v 0.054240 -0.045595 0.042401
v 0.054728 -0.007261 0.022247
v 0.054668 -0.008779 0.029840
v 0.038909 -0.076162 0.008848
v 0.036839 -0.076758 0.007817
v 0.049823 -0.080417 0.014215
v 0.054926 -0.012828 0.053575
v 0.054623 -0.018233 0.047179
v 0.037460 -0.078787 0.006796
v 0.028158 -0.080933 0.002851
v 0.052631 -0.022567 0.025242
v 0.030191 -0.080154 0.003921
v 0.053360 -0.074609 0.024183
v 0.027957 -0.082759 0.001137
v 0.053596 -0.022703 0.036238
v 0.054062 -0.022680 0.041686
v 0.050049 -0.084041 0.012242
v 0.024823 -0.079082 0.003700
v 0.048403 -0.081257 0.012018
v 0.051255 -0.028077 0.023855
v 0.039910 -0.074895 0.009878
v 0.036550 -0.074190 0.009059
v 0.053711 -0.043150 0.040963
v 0.053572 -0.021080 0.033757
v 0.052499 -0.076965 0.020682
v 0.033481 -0.073903 0.008416
v 0.053277 -0.021051 0.029910
v 0.039808 -0.072363 0.010990
v 0.037699 -0.071860 0.010425
v 0.035311 -0.071311 0.009933
v 0.044240 -0.068127 0.014852
v 0.044852 -0.065789 0.016052
v 0.045991 -0.068468 0.016047
v 0.032364 -0.070857 0.009444
v 0.019457 -0.075816 0.005320
v 0.024804 -0.075164 0.006339
v 0.034453 -0.069947 0.010206
v 0.053987 -0.074412 0.026265
v 0.044415 -0.062712 0.016605
v 0.042538 -0.062112 0.015409
v 0.017031 -0.074383 0.005997
v 0.039072 -0.065366 0.012915
v 0.041033 -0.064166 0.014074
v 0.041164 -0.066793 0.013480
v 0.054418 -0.039988 0.044996
v 0.019393 -0.073838 0.006501
v 0.051110 -0.024968 0.017538
v 0.015115 -0.072412 0.006950
v 0.045264 -0.059376 0.018226
v 0.043129 -0.059822 0.016292
v 0.019891 -0.071018 0.007876
v 0.015475 -0.068905 0.008414
v 0.021618 -0.069034 0.008710
v 0.018710 -0.067021 0.009089
v 0.011195 -0.066613 0.008944
v 0.016723 -0.065056 0.009410
v 0.008805 -0.064667 0.009277
v 0.004911 -0.068640 0.008234
v 0.002487 -0.066761 0.008779
v 0.011569 -0.067932 0.008596
v 0.053046 -0.046325 0.037581
v 0.041921 -0.045957 0.015384
v 0.043401 -0.046815 0.017187
v 0.040730 -0.047606 0.014779
v 0.054065 -0.019203 0.038350
v 0.051703 -0.076377 0.019433
v 0.043163 -0.045063 0.016390
v 0.053789 -0.017922 0.031207
v 0.040751 -0.045994 0.014299
v 0.050522 -0.038025 0.028907
v 0.051575 -0.038400 0.032859
v 0.052331 -0.038285 0.035791
v 0.051712 -0.035456 0.032528
v 0.043244 -0.043080 0.015630
v 0.042105 -0.042985 0.014259
v 0.047337 -0.037098 0.018855
v 0.048223 -0.037429 0.021432
v 0.050776 -0.023081 0.012130
v 0.050319 -0.025242 0.013896
v 0.043069 -0.065867 0.014794
v 0.043242 -0.041058 0.014439
v 0.051517 -0.021139 0.012505
v 0.051019 -0.077358 0.017694
v 0.054298 -0.014694 0.035106
v 0.052908 -0.020541 0.023719
v 0.054504 -0.015282 0.041831
v 0.047642 -0.079044 0.012587
v 0.053212 -0.040733 0.039363
v 0.053343 -0.017016 0.019750
v 0.054748 -0.009339 0.038273
v 0.054922 -0.003858 0.020323
v 0.053969 -0.012045 0.014413
v 0.004409 -0.065491 0.009096
v 0.054507 -0.009373 0.019546
v 0.054330 -0.009026 0.011430
v 0.049702 -0.076460 0.016285
v 0.054950 -0.003761 0.036276
v 0.054627 -0.006795 0.012099
v 0.054550 -0.082225 0.023578
v 0.053897 -0.083782 0.020148
v 0.054147 -0.081446 0.022510
v 0.050980 -0.073577 0.019642
v 0.042055 -0.088247 0.001525
v 0.039190 -0.086186 0.001753
v 0.043242 -0.082072 0.007241
v 0.041343 -0.080697 0.007150
v 0.054509 -0.072900 0.029267
v 0.053535 -0.037681 0.041086
v 0.040505 -0.083173 0.004915
v 0.042403 -0.080047 0.008136
v 0.052725 -0.073400 0.023218
v 0.053433 -0.071097 0.026399
v 0.053991 -0.070460 0.028665
v 0.038604 -0.081597 0.005271
v 0.043531 -0.080004 0.008816
v 0.039287 -0.080180 0.006544
v 0.050343 -0.042254 0.029404
v 0.050069 -0.040435 0.028254
v 0.036693 -0.081933 0.004312
v 0.038823 -0.084151 0.003354
v 0.049171 -0.041087 0.025905
v 0.051755 -0.072013 0.021843
v 0.033797 -0.084432 0.001239
v 0.033598 -0.082799 0.002648
v 0.036139 -0.083525 0.002837
v 0.049703 -0.073439 0.017822
v 0.049390 -0.039325 0.025855
v 0.041631 -0.078013 0.008982
v 0.048558 -0.077491 0.014403
v 0.043301 -0.077039 0.010443
v 0.039279 -0.078404 0.007705
v 0.030508 -0.082261 0.002264
v 0.042137 -0.076403 0.010146
v 0.048457 -0.073470 0.016320
v 0.047666 -0.074811 0.014863
v 0.036524 -0.079909 0.005747
v 0.050461 -0.068919 0.021098
v 0.046255 -0.074723 0.013639
v 0.046389 -0.076998 0.012599
v 0.032679 -0.080481 0.004249
v 0.033627 -0.079272 0.005360
v 0.050995 -0.068542 0.022188
v 0.051931 -0.068444 0.024071
v 0.052476 -0.067479 0.025858
v 0.053120 -0.066191 0.028323
v 0.048418 -0.032299 0.016990
v 0.049066 -0.033151 0.020151
v 0.034366 -0.076881 0.007059
v 0.047175 -0.071900 0.015724
v 0.054424 -0.064670 0.033821
v 0.042275 -0.074079 0.011359
v 0.049773 -0.031623 0.021110
v 0.053769 -0.063467 0.032005
v 0.048941 -0.030707 0.016681
v 0.029471 -0.078054 0.005270
v 0.042286 -0.072084 0.012227
v 0.045379 -0.071486 0.014413
v 0.047896 -0.068366 0.017925
v 0.039822 -0.070166 0.011826
v 0.018354 -0.079632 0.002132
v 0.043292 -0.069109 0.013926
v 0.023302 -0.080292 0.002403
v 0.050776 -0.062292 0.024793
v 0.041698 -0.069882 0.012769
v 0.029615 -0.076703 0.006152
v 0.025566 -0.077459 0.005004
v 0.053116 -0.059411 0.032152
v 0.031225 -0.075484 0.007158
v 0.054822 -0.012857 0.049037
v 0.014090 -0.080017 0.001085
v 0.027964 -0.074956 0.006873
v 0.036030 -0.068604 0.011049
v 0.046340 -0.065231 0.017513
v 0.049798 -0.061457 0.023388
v 0.048976 -0.061849 0.021899
v 0.047998 -0.064438 0.019566
v 0.030482 -0.072537 0.008439
v 0.054900 -0.007210 0.045442
v 0.012249 -0.078742 0.002187
v 0.051632 -0.056283 0.029596
v 0.052575 -0.062726 0.028711
v 0.052777 -0.054846 0.033462
v 0.054985 -0.003529 0.051727
v 0.053629 -0.056585 0.035379
v 0.051484 -0.062448 0.026195
v 0.020176 -0.078161 0.003712
v 0.016704 -0.077242 0.004003
v 0.038368 -0.069302 0.011574
v 0.039857 -0.067488 0.012698
v 0.037306 -0.068107 0.011569
v 0.013038 -0.077940 0.003017
v 0.045706 -0.061838 0.017971
v 0.053813 -0.050835 0.038719
v 0.029655 -0.069739 0.009346
v 0.009885 -0.079194 0.001478
v 0.007172 -0.079299 0.001123
v 0.048767 -0.059312 0.022573
v 0.047206 -0.055998 0.021401
v 0.032645 -0.068376 0.010289
v 0.046640 -0.057125 0.020336
v 0.046571 -0.058806 0.019778
v 0.047013 -0.061490 0.019455
v 0.021845 -0.072840 0.007223
v 0.036989 -0.066145 0.011975
v 0.006608 -0.076784 0.003582
v 0.043737 -0.089779 0.001307
v 0.045465 -0.089182 0.003310
v 0.044163 -0.088446 0.002847
v 0.011725 -0.075960 0.004529
v 0.044550 -0.085995 0.005158
v 0.042584 -0.086191 0.003621
v 0.014821 -0.075373 0.005185
v 0.024388 -0.071031 0.008243
v 0.045152 -0.056960 0.018704
v 0.042355 -0.083893 0.005340
v 0.040866 -0.086989 0.001913
v 0.030990 -0.066949 0.010360
v 0.049515 -0.056397 0.024957
v 0.050822 -0.057624 0.027064
v 0.040281 -0.085172 0.003180
v 0.025823 -0.069828 0.008828
v 0.051652 -0.052912 0.031072
v 0.014682 -0.070522 0.007786
v 0.035247 -0.064125 0.011876
v 0.036477 -0.085531 0.001157
v 0.007384 -0.074743 0.005180
v 0.005051 -0.077300 0.003046
v 0.044144 -0.059523 0.017170
v 0.039987 -0.060391 0.014250
v 0.037086 -0.062993 0.012640
v 0.039592 -0.062475 0.013711
v 0.009678 -0.072867 0.006437
v 0.024351 -0.067532 0.009358
v 0.027769 -0.067594 0.009709
v 0.052886 -0.050549 0.035640
v 0.054649 -0.104607 0.005922
v 0.054334 -0.106319 0.001951
v 0.034458 -0.061546 0.012025
v 0.048259 -0.055394 0.023138
v 0.054586 -0.106147 0.003690
v 0.052563 -0.044007 0.036419
v 0.054578 -0.101225 0.008952
v 0.053809 -0.104226 0.002182
v 0.037944 -0.059937 0.013376
v 0.009179 -0.071463 0.007152
v 0.041638 -0.056740 0.015723
v 0.043760 -0.057277 0.017284
v 0.054120 -0.103770 0.004110
v 0.045258 -0.078468 0.010890
v 0.044815 -0.075447 0.012223
v 0.051957 -0.042947 0.034476
v 0.035733 -0.060252 0.012531
v 0.046860 -0.053159 0.021595
v 0.039837 -0.057276 0.014538
v 0.040328 -0.059367 0.014571
v 0.043793 -0.054841 0.017736
v 0.054076 -0.100968 0.006997
v 0.006128 -0.070125 0.007673
v 0.036699 -0.058391 0.013016
v 0.053184 -0.102888 0.001539
v 0.023917 -0.065575 0.009754
v 0.026475 -0.064202 0.010242
v 0.051185 -0.043148 0.031960
v 0.003944 -0.071871 0.006814
v 0.038214 -0.058143 0.013655
v 0.051403 -0.049940 0.031431
v 0.050491 -0.049073 0.029328
v 0.021239 -0.063478 0.009864
v 0.053628 -0.100979 0.005320
v 0.031738 -0.062040 0.011328
v 0.030383 -0.059627 0.011261
v 0.020558 -0.065427 0.009537
v 0.053158 -0.100643 0.004132
v 0.045138 -0.054050 0.019242
v 0.054647 -0.096434 0.013519
v 0.030620 -0.062812 0.011030
v 0.035661 -0.057337 0.012691
v 0.048116 -0.051633 0.023888
v 0.047307 -0.050745 0.022680
v 0.049435 -0.068352 0.019824
v 0.042378 -0.055268 0.016438
v 0.054366 -0.097390 0.011475
v 0.045924 -0.052009 0.020500
v 0.027429 -0.061803 0.010652
v 0.033060 -0.059207 0.011854
v 0.053866 -0.095251 0.011524
v 0.025009 -0.061488 0.010383
v 0.043765 -0.052482 0.017948
v 0.040300 -0.054619 0.015002
v 0.053225 -0.098463 0.006624
v 0.029844 -0.057184 0.011195
v 0.038486 -0.055565 0.013935
v 0.053553 -0.096825 0.009149
v 0.054280 -0.058314 0.036843
v 0.041281 -0.053280 0.015747
v 0.042320 -0.052753 0.016608
v 0.052293 -0.098482 0.004119
v 0.044719 -0.050933 0.019079
v 0.024986 -0.059265 0.010477
v 0.051451 -0.098996 0.001617
v 0.051877 -0.095925 0.005784
v 0.052764 -0.093237 0.010208
v 0.051201 -0.096885 0.003412
v 0.052493 -0.096191 0.006887
v 0.051000 -0.094630 0.005293
v 0.050153 -0.095353 0.003127
v 0.018608 -0.062594 0.009798
v 0.049198 -0.095099 0.001881
v 0.045763 -0.049481 0.020462
v 0.049792 -0.090929 0.006710
v 0.049471 -0.093214 0.004162
v 0.048059 -0.092196 0.003254
v 0.054121 -0.093288 0.013989
v 0.015441 -0.060872 0.009731
v 0.020888 -0.061087 0.010039
v 0.050451 -0.090353 0.008187
v 0.048921 -0.089823 0.006447
v 0.046623 -0.090878 0.002880
v 0.052438 -0.093951 0.008814
v 0.040985 -0.050968 0.015496
v 0.046673 -0.088872 0.004690
v 0.011534 -0.062780 0.009528
v 0.014960 -0.063732 0.009520
v 0.042911 -0.049895 0.017123
v 0.021935 -0.058287 0.010145
v 0.048876 -0.047244 0.025905
v 0.049134 -0.049459 0.026183
v 0.049856 -0.045487 0.028250
v 0.048749 -0.044913 0.025587
v 0.047950 -0.089115 0.005879
v 0.048901 -0.086530 0.009007
v 0.032169 -0.056229 0.011674
v 0.034207 -0.055434 0.012224
v 0.047405 -0.084533 0.008794
v 0.035721 -0.054426 0.012713
v 0.027602 -0.058931 0.010829
v 0.025749 -0.056637 0.010517
v 0.046356 -0.086361 0.006388
v 0.054433 -0.089544 0.018009
v 0.048587 -0.084450 0.010113
v 0.037050 -0.053500 0.013235
v 0.041906 -0.050266 0.016215
v 0.031896 -0.053777 0.011478
v 0.045823 -0.046624 0.020375
v 0.047226 -0.047149 0.022724
v 0.046923 -0.048998 0.022207
v 0.027935 -0.054582 0.010713
v 0.048102 -0.045042 0.024197
v 0.044928 -0.047284 0.019192
v 0.044886 -0.085088 0.006133
v 0.037429 -0.051687 0.013306
v 0.046343 -0.083715 0.008379
v 0.046172 -0.045136 0.020657
v 0.044143 -0.048840 0.018367
v 0.042105 -0.047985 0.016089
v 0.029995 -0.052971 0.010953
v 0.037566 -0.049453 0.013065
v 0.054691 -0.089360 0.019220
v 0.038964 -0.050441 0.014035
v 0.048284 -0.042765 0.024187
v 0.040710 -0.049339 0.015115
v 0.054392 -0.034749 0.046088
v 0.038732 -0.048728 0.013587
v 0.010993 -0.076717 0.003890
v 0.031214 -0.051676 0.011057
v 0.053033 -0.091331 0.012419
v 0.033838 -0.066948 0.010927
v 0.034110 -0.051583 0.011895
v 0.047280 -0.044336 0.022440
v 0.032569 -0.050517 0.011221
v 0.046953 -0.042861 0.021377
v 0.045511 -0.083293 0.007981
v 0.053527 -0.090155 0.014557
v 0.036239 -0.049209 0.012338
v 0.034823 -0.049296 0.011730
v 0.039409 -0.047009 0.013575
v 0.044609 -0.044733 0.018130
v 0.051216 -0.039890 0.031833
v 0.044526 -0.082791 0.007587
v 0.050664 -0.053913 0.028282
v 0.046237 -0.042103 0.019715
v 0.046959 -0.080797 0.010887
v 0.053312 -0.035284 0.040035
v 0.054020 -0.033085 0.043895
v 0.047658 -0.040848 0.022054
v 0.045131 -0.043019 0.018233
v 0.038296 -0.045514 0.012239
v 0.037437 -0.047665 0.012513
v 0.033686 -0.065110 0.011293
v 0.036796 -0.046587 0.011761
v 0.035621 -0.047647 0.011556
v 0.049552 -0.052832 0.026251
v 0.046002 -0.080668 0.010142
v 0.049726 -0.037076 0.025764
v 0.046631 -0.040494 0.019638
v 0.054164 -0.089114 0.017313
v 0.044552 -0.041775 0.016737
v 0.047583 -0.038866 0.020774
v 0.048604 -0.038900 0.023424
v 0.039672 -0.045295 0.013128
v 0.054616 -0.030706 0.048279
v 0.044838 -0.080382 0.009441
v 0.028364 -0.065743 0.010208
v 0.040821 -0.044056 0.013512
v 0.030082 -0.064553 0.010685
v 0.053735 -0.029981 0.041744
v 0.038907 -0.043858 0.011818
v 0.046385 -0.039089 0.018254
v 0.052739 -0.032345 0.036316
v 0.049491 -0.035691 0.024009
v 0.040942 -0.041999 0.012482
v 0.050095 -0.051647 0.027731
v 0.051137 -0.090709 0.009030
v 0.054354 -0.026708 0.046230
v 0.050639 -0.035067 0.027854
v 0.048421 -0.035409 0.020330
v 0.051570 -0.031616 0.029684
v 0.043916 -0.037618 0.012765
v 0.041539 -0.040335 0.011927
v 0.045193 -0.037993 0.015120
v 0.045312 -0.040478 0.017191
v 0.046490 -0.036781 0.016620
v 0.051983 -0.029556 0.030182
v 0.052454 -0.029472 0.033074
v 0.049819 -0.033111 0.022913
v 0.043896 -0.039413 0.014176
v 0.051865 -0.091298 0.009879
v 0.050796 -0.031950 0.026048
v 0.054043 -0.026528 0.043291
v 0.053117 -0.028724 0.036919
v 0.046839 -0.034168 0.014826
v 0.047691 -0.033898 0.016731
v 0.053619 -0.026069 0.039323
v 0.045638 -0.035068 0.013282
v 0.046715 -0.032809 0.013054
v 0.052124 -0.027225 0.028373
v 0.053008 -0.025948 0.034033
v 0.054792 -0.021804 0.050908
v 0.054347 -0.020759 0.044120
v 0.053546 -0.084985 0.018320
v 0.048278 -0.029862 0.013409
v 0.050633 -0.028862 0.021464
v 0.052162 -0.025163 0.025709
v 0.051876 -0.047573 0.033437
v 0.052213 -0.087626 0.013401
v 0.043987 -0.074142 0.012309
v 0.051614 -0.088554 0.011571
v 0.050974 -0.046466 0.031074
v 0.048163 -0.048721 0.024381
v 0.044056 -0.071758 0.013390
v 0.052469 -0.017912 0.012197
v 0.053114 -0.016098 0.014001
v 0.053023 -0.084376 0.017376
v 0.053267 -0.014946 0.012510
v 0.052242 -0.083795 0.016042
v 0.040468 -0.051885 0.015165
v 0.050343 -0.087505 0.010250
v 0.036963 -0.056093 0.013217
v 0.039040 -0.052642 0.014253
v 0.051357 -0.085230 0.013454
v 0.004482 -0.063996 0.009338
v 0.048563 -0.063143 0.020805
v 0.026733 -0.072553 0.007881
v 0.035204 -0.052074 0.012349
v 0.003939 -0.078158 0.002173
v 0.052790 -0.035000 0.037381
v 0.041692 -0.059078 0.015436
v 0.021567 -0.054424 0.009073
v 0.021856 -0.055560 0.009645
v 0.007258 -0.056301 0.006788
v 0.002675 -0.055528 0.004439
v 0.018376 -0.055820 0.008982
v 0.008987 -0.055462 0.006002
v 0.001770 -0.055875 0.005116
v 0.025153 -0.055335 0.010268
v 0.026178 -0.054344 0.010275
v 0.026030 -0.053520 0.010004
v 0.005848 -0.055706 0.005519
v 0.012959 -0.054420 0.005611
v 0.011045 -0.055424 0.006606
v 0.006535 -0.055988 0.006186
v 0.015174 -0.055322 0.007782
v 0.014925 -0.054940 0.007292
v 0.017319 -0.055365 0.008431
v 0.017393 -0.054837 0.008045
v 0.000842 -0.055245 0.003378
v 0.024775 -0.053469 0.009597
v 0.013843 -0.054623 0.006432
v 0.002663 -0.055233 0.003492
v 0.019747 -0.053880 0.008046
v 0.020205 -0.054348 0.008601
v 0.005367 -0.055405 0.004682
v 0.003768 -0.055831 0.005302
v 0.022426 -0.054807 0.009500
v 0.018560 -0.053834 0.007479
v 0.009041 -0.055019 0.005087
v 0.008274 -0.054860 0.004264
v 0.015867 -0.054217 0.006725
v 0.025032 -0.052718 0.009292
v 0.027826 -0.052144 0.010071
v 0.004401 -0.055131 0.003510
v 0.005955 -0.055018 0.003691
v 0.028916 -0.052684 0.010605
v 0.021699 -0.052998 0.008065
v 0.001294 -0.055011 0.001913
v 0.010789 -0.054510 0.004625
v 0.015666 -0.053784 0.005897
v 0.009050 -0.054541 0.003448
v 0.004423 -0.054943 0.002484
v 0.023155 -0.052626 0.008414
v 0.001826 -0.055099 0.002715
v 0.013558 -0.053772 0.004239
v 0.013577 -0.053969 0.004907
v 0.021264 -0.052610 0.007388
v 0.006325 -0.054704 0.001995
v 0.019741 -0.052869 0.006813
v 0.008020 -0.054509 0.002308
v 0.017937 -0.052722 0.005169
v 0.029209 -0.051054 0.010163
v 0.022990 -0.053295 0.008853
v 0.030603 -0.050911 0.010663
v 0.019110 -0.052867 0.006400
v 0.011587 -0.053864 0.002237
v 0.016156 -0.053107 0.004550
v 0.027803 -0.051146 0.009562
v 0.024187 -0.051662 0.008022
v 0.031197 -0.049781 0.010463
v 0.003501 -0.054928 0.001671
v 0.026052 -0.050640 0.008126
v 0.025418 -0.051676 0.008744
v 0.024472 -0.051031 0.007411
v 0.011130 -0.053903 0.001613
v 0.030322 -0.049469 0.009852
v 0.033006 -0.049473 0.011069
v 0.020008 -0.051678 0.004255
v 0.028117 -0.049679 0.008588
v 0.014210 -0.053204 0.002040
v 0.013021 -0.053709 0.003377
v 0.020499 -0.051762 0.005204
v 0.034194 -0.047541 0.010730
v 0.027808 -0.050356 0.009001
v 0.033596 -0.048576 0.010964
v 0.016617 -0.052467 0.001592
v 0.016770 -0.052569 0.002977
v 0.028279 -0.049125 0.008083
v 0.022065 -0.051566 0.006325
v 0.023417 -0.050416 0.005096
v 0.023125 -0.051200 0.006592
v 0.023790 -0.049874 0.003651
v 0.018738 -0.051749 0.001574
v 0.032251 -0.047373 0.009401
v 0.030882 -0.048592 0.009550
v 0.033881 -0.047153 0.010293
v 0.031058 -0.047395 0.008418
v 0.020169 -0.051232 0.002002
v 0.025388 -0.049443 0.005228
v 0.022302 -0.050332 0.001928
v 0.033792 -0.046228 0.009446
v 0.018397 -0.052070 0.003283
v 0.033311 -0.045932 0.008649
v 0.027860 -0.048976 0.007445
v 0.026948 -0.048190 0.003577
v 0.025290 -0.050039 0.006556
v 0.027246 -0.048228 0.004626
v 0.027928 -0.048048 0.005448
v 0.023755 -0.049638 0.001537
v 0.035265 -0.045512 0.009968
v 0.034985 -0.044789 0.008921
v 0.025515 -0.048887 0.002962
v 0.034433 -0.044733 0.008174
v 0.021193 -0.050984 0.003269
v 0.025788 -0.048610 0.001498
v 0.036393 -0.044513 0.010072
v 0.029585 -0.046739 0.004460
v 0.027781 -0.048548 0.006552
v 0.036724 -0.043590 0.009446
v 0.031100 -0.045871 0.005071
v 0.027219 -0.047839 0.001921
v 0.036021 -0.043461 0.008345
v 0.031526 -0.045276 0.003480
v 0.032143 -0.046064 0.007494
v 0.029006 -0.046861 0.002873
v 0.035679 -0.046315 0.010900
v 0.037920 -0.043227 0.010428
v 0.029458 -0.046483 0.001590
v 0.033229 -0.044259 0.004679
v 0.039079 -0.041763 0.010275
v 0.001375 -0.062507 0.009391
v 0.037507 -0.041926 0.008146
v 0.038421 -0.041701 0.009295
v 0.031078 -0.045423 0.001920
v 0.034661 -0.043483 0.005907
v 0.004352 -0.061953 0.009382
v 0.036673 -0.045336 0.010978
v 0.030913 -0.046473 0.006541
v 0.035247 -0.042584 0.004283
v 0.040567 -0.039512 0.009630
v 0.041074 -0.039833 0.010820
v 0.033424 -0.043715 0.001473
v 0.033630 -0.043653 0.002773
v 0.037062 -0.041103 0.004804
v 0.004731 -0.061020 0.009259
v 0.042590 -0.037868 0.010935
v 0.038429 -0.043533 0.011193
v 0.002461 -0.060356 0.009001
v 0.044179 -0.036333 0.011931
v 0.037471 -0.040460 0.003388
v 0.042506 -0.037005 0.009499
v 0.034664 -0.044110 0.007404
v 0.035893 -0.041746 0.002322
v 0.044489 -0.034989 0.010825
v 0.039226 -0.039021 0.004961
v 0.040068 -0.037877 0.003414
v 0.037169 -0.040589 0.001903
v 0.043533 -0.035160 0.008602
v 0.041038 -0.037065 0.004937
v 0.033484 -0.044612 0.006471
v 0.045963 -0.033056 0.011547
v 0.044823 -0.033467 0.008957
v 0.039336 -0.038546 0.002557
v 0.046299 -0.031628 0.010121
v 0.042913 -0.035001 0.005740
v 0.041737 -0.035948 0.002968
v 0.048163 -0.028946 0.011625
v 0.047188 -0.030737 0.011418
v 0.051686 -0.018915 0.003982
v 0.053970 -0.011081 0.010301
v 0.053496 -0.013424 0.010184
v 0.052600 -0.016151 0.003563
v 0.053425 -0.013298 0.006652
v 0.039612 -0.041959 0.011100
v 0.053862 -0.011239 0.004747
v 0.054821 -0.004742 0.012372
v 0.054909 -0.003254 0.005225
v 0.054734 -0.005510 0.006603
v 0.035868 -0.042786 0.006761
v 0.011889 -0.061883 0.009581
v 0.007003 -0.061262 0.009378
v 0.008658 -0.061667 0.009467
v 0.008708 -0.060407 0.009331
v 0.012721 -0.060374 0.009555
v 0.005095 -0.060283 0.009099
v 0.004853 -0.059487 0.008806
v 0.008529 -0.059544 0.009115
v 0.009302 -0.058577 0.008845
v 0.016502 -0.059350 0.009715
v 0.019128 -0.059408 0.009942
v 0.037625 -0.041303 0.007108
v 0.006641 -0.058710 0.008624
v 0.004927 -0.058473 0.008316
v 0.011376 -0.058785 0.009133
v 0.012822 -0.059384 0.009409
v 0.013379 -0.057539 0.008891
v 0.014211 -0.058188 0.009241
v 0.020833 -0.057439 0.009925
v 0.002563 -0.058646 0.008208
v 0.004544 -0.057848 0.007848
v 0.009531 -0.057661 0.008398
v 0.001360 -0.057860 0.007550
v 0.016533 -0.058241 0.009531
v 0.016044 -0.056700 0.008936
v 0.013208 -0.056778 0.008447
v 0.020541 -0.056946 0.009789
v 0.007464 -0.056981 0.007564
v 0.008181 -0.057374 0.008009
v 0.039052 -0.040368 0.008221
v 0.018456 -0.056660 0.009352
v 0.024646 -0.056240 0.010322
v 0.002905 -0.057228 0.007106
v 0.000983 -0.057164 0.006900
v 0.003570 -0.056683 0.006574
v 0.004782 -0.057138 0.007274
v 0.038075 -0.040531 0.006227
v 0.039616 -0.039187 0.006930
v 0.008777 -0.056252 0.007073
v 0.003547 -0.056231 0.005949
v 0.001450 -0.056353 0.005913
v 0.040497 -0.038808 0.008279
v 0.041588 -0.036956 0.006886
v 0.040398 -0.038190 0.006483
v 0.042144 -0.036850 0.008297
v 0.042459 -0.035847 0.006721
v 0.044099 -0.033801 0.007051
v 0.045699 -0.031767 0.008051
v 0.047043 -0.029821 0.008855
v 0.044665 -0.032651 0.005736
v 0.043245 -0.034125 0.003138
v 0.047959 -0.028067 0.008594
v 0.049116 -0.026974 0.011750
v 0.046267 -0.030352 0.006232
v 0.044096 -0.032984 0.002862
v 0.045747 -0.030656 0.003027
v 0.047335 -0.028514 0.005850
v 0.049281 -0.025625 0.009236
v 0.050044 -0.024750 0.011609
v 0.049025 -0.025516 0.006703
v 0.047345 -0.028102 0.003008
v 0.050628 -0.022596 0.009555
v 0.049669 -0.024098 0.006326
v 0.048459 -0.026109 0.002973
v 0.050776 -0.021616 0.006742
v 0.051646 -0.020066 0.010467
v 0.049524 -0.024021 0.002996
v 0.051938 -0.018633 0.007701
v 0.050760 -0.021261 0.002957
v 0.052557 -0.016605 0.007307
v 0.054264 -0.009054 0.005422
v 0.054524 -0.007352 0.006616
v 0.006294 -0.062902 0.009434
v 0.011292 -0.056705 0.008038
v 0.010356 -0.056432 0.007608
v 0.014271 -0.056021 0.008137
v 0.012324 -0.055882 0.007531
v 0.012062 -0.055542 0.007075
v 0.022039 0.045016 0.090777
v 0.035821 0.040319 0.070464
v 0.046592 0.014253 0.097191
v 0.024738 0.043580 0.090779
v 0.051981 0.011540 0.073058
v 0.052555 0.008743 0.072640
v 0.051250 0.013492 0.074746
v 0.031956 0.033831 0.106789
v 0.034305 0.032950 0.102320
v 0.013458 0.049532 0.085122
v 0.015494 0.049941 0.080068
v 0.049605 0.012606 0.084920
v 0.050852 0.010618 0.080610
v 0.008076 0.052605 0.075119
v 0.010532 0.052357 0.074071
v 0.027406 0.041659 0.091879
v 0.049777 0.009761 0.087218
v 0.019943 0.046561 0.088237
v 0.037714 0.038537 0.070463
v 0.048260 0.013766 0.090088
v 0.048654 0.010911 0.091633
v 0.037667 0.039972 0.064534
v 0.017987 0.049087 0.080063
v 0.030443 0.038533 0.095389
v 0.030188 0.035542 0.106422
v 0.033980 0.041455 0.072421
v 0.047827 0.007875 0.098243
v 0.047531 0.002067 0.102248
v 0.032297 0.042208 0.074975
v 0.047498 0.010847 0.097156
v 0.049178 0.008122 0.091628
v 0.045271 0.028106 0.073754
v 0.028284 0.038669 0.100841
v 0.047681 0.005852 0.100222
v 0.016928 0.047327 0.090261
v 0.025429 0.041104 0.098967
v 0.010948 0.050153 0.085156
v 0.006307 0.053584 0.070896
v 0.045667 0.020894 0.089996
v 0.047527 0.016199 0.089991
v 0.041375 0.033616 0.073812
v 0.043224 0.030473 0.076073
v 0.003884 0.052449 0.078632
v 0.025510 0.039039 0.106435
v 0.019263 0.045056 0.096097
v 0.022412 0.042896 0.098795
v 0.007072 0.051809 0.080285
v 0.045934 0.007625 0.106773
v 0.046557 0.018173 0.091191
v 0.001539 0.052637 0.078272
v 0.044588 0.023595 0.088899
v 0.046027 0.012305 0.102069
v 0.023634 0.040216 0.106385
v 0.014600 0.046712 0.096472
v 0.008369 0.049990 0.088387
v 0.006121 0.050764 0.086188
v 0.037460 0.036382 0.079854
v 0.045505 0.017688 0.096715
v 0.039541 0.032961 0.083674
v 0.043107 0.025418 0.090868
v 0.004023 0.050961 0.086288
v 0.016630 0.044955 0.100934
v 0.044561 0.019844 0.096893
v 0.012489 0.047436 0.096002
v 0.019593 0.042356 0.106343
v 0.035350 0.038506 0.079670
v 0.038540 0.034455 0.082545
v 0.010443 0.047826 0.096510
v 0.043822 0.021717 0.096290
v 0.029482 0.045071 0.071066
v 0.041581 0.027902 0.090721
v 0.007647 0.048503 0.095840
v 0.005061 0.048742 0.096319
v 0.001668 0.051247 0.085505
v 0.002184 0.049589 0.093446
v 0.026572 0.046892 0.070937
v 0.007944 0.046927 0.102484
v 0.039886 0.030568 0.089830
v 0.053767 0.004354 0.067799
v 0.054094 0.001869 0.066188
v 0.043596 0.016471 0.106608
v 0.053615 0.007275 0.067095
v 0.044287 0.018125 0.101132
v 0.002000 0.047847 0.101236
v 0.004841 0.046377 0.106506
v 0.052387 0.001386 0.077253
v 0.052308 -0.000338 0.077594
v 0.052992 0.010749 0.067689
v 0.041801 0.024157 0.099195
v 0.052296 0.003802 0.077340
v 0.052505 0.013339 0.067302
v 0.023704 0.048442 0.070769
v 0.052103 0.006180 0.077348
v 0.030213 0.042649 0.079765
v 0.051644 0.016101 0.068063
v 0.050412 0.021783 0.063241
v 0.051544 0.018983 0.062792
v 0.050091 0.020092 0.069201
v 0.050469 0.001390 0.087990
v 0.050382 -0.000209 0.088424
v 0.048537 0.023594 0.069463
v 0.050660 0.003655 0.086530
v 0.032973 0.039041 0.085705
v 0.048932 0.019906 0.076078
v 0.048543 0.021696 0.074134
v 0.048697 0.000315 0.096968
v 0.045298 0.031066 0.063937
v 0.044038 0.032204 0.066354
v 0.050402 0.006516 0.086552
v 0.048922 0.005200 0.094751
v 0.046785 0.021619 0.083254
v 0.028512 0.043742 0.080102
v 0.043336 0.031668 0.071637
v 0.045303 0.029267 0.070028
v 0.038177 0.032720 0.089686
v 0.021201 0.049521 0.071185
v 0.047599 0.019851 0.083010
v 0.031191 0.040663 0.085009
v 0.040907 0.031462 0.083006
v 0.042453 0.029255 0.083230
v 0.038984 0.028768 0.098378
v 0.036569 0.034988 0.088076
v 0.043330 0.019840 0.101984
v 0.040646 0.026907 0.097026
v 0.038065 0.026857 0.106606
v 0.039286 0.025033 0.106643
v 0.008304 0.054285 0.064998
v 0.051307 0.008260 0.080370
v 0.025763 0.045460 0.080011
v 0.034707 0.036846 0.088050
v 0.042697 0.021414 0.101503
v 0.037736 0.030772 0.097249
v 0.047127 0.026261 0.069742
v 0.018541 0.050621 0.070996
v 0.046588 0.029095 0.063807
v 0.047526 0.023566 0.074941
v 0.049300 0.003071 0.093685
v 0.048701 0.017861 0.081381
v 0.039975 0.036534 0.069044
v 0.039692 0.035553 0.073985
v 0.050568 0.015790 0.075018
v 0.043865 0.027112 0.083170
v 0.036343 0.032959 0.095538
v 0.015967 0.051497 0.070999
v 0.022906 0.047001 0.079886
v 0.034395 0.034745 0.096342
v 0.003719 0.053814 0.070992
v 0.050472 0.018109 0.071236
v 0.012919 0.051993 0.073102
v 0.042366 0.033999 0.067876
v 0.020492 0.048057 0.080176
v 0.046545 0.022996 0.081237
v 0.032675 0.036414 0.096189
v 0.029003 0.040846 0.090708
v 0.046362 0.025752 0.075090
v 0.048943 0.015287 0.084496
v 0.045204 0.024979 0.082717
v 0.047231 -0.001678 0.103604
v 0.007953 -0.047981 0.104035
v 0.037244 -0.050273 0.078140
v 0.050024 -0.075232 0.042687
v 0.013414 -0.046271 0.104574
v 0.039847 -0.065864 0.063228
v 0.003022 -0.050075 0.102011
v 0.002781 -0.052363 0.099054
v 0.048624 -0.025898 0.076281
v 0.016132 -0.104425 0.060171
v 0.018369 -0.104280 0.059423
v 0.038944 -0.104611 0.045580
v 0.006473 -0.050332 0.101139
v 0.049468 -0.020632 0.077982
v 0.039257 -0.071311 0.060608
v 0.039759 -0.044818 0.079362
v 0.011087 -0.046582 0.105082
v 0.016303 -0.044798 0.105298
v 0.031355 -0.083572 0.061158
v 0.033287 -0.083012 0.059907
v 0.040528 -0.106796 0.043176
v 0.035447 -0.050417 0.080400
v 0.034962 -0.053914 0.077839
v 0.031762 -0.123255 0.047747
v 0.033946 -0.126172 0.045707
v 0.032933 -0.120978 0.047154
v 0.027293 -0.089115 0.061189
v 0.022915 -0.066831 0.077488
v 0.024833 -0.065404 0.077413
v 0.030748 -0.060498 0.076702
v 0.012284 -0.111914 0.059143
v 0.012406 -0.108858 0.059918
v 0.033323 -0.053735 0.079895
v 0.032714 -0.058124 0.076752
v 0.007453 -0.115628 0.059247
v 0.038059 -0.110214 0.044842
v 0.003156 -0.084409 0.071688
v 0.052264 -0.035115 0.058438
v 0.002971 -0.118564 0.059161
v 0.047174 -0.031087 0.076094
v 0.045674 -0.033778 0.077665
v 0.047287 -0.027504 0.079197
v 0.048212 -0.029350 0.074537
v 0.045967 -0.092907 0.041139
v 0.052729 -0.031560 0.058761
v 0.016540 -0.074530 0.074901
v 0.053736 -0.030920 0.055734
v 0.017893 -0.099794 0.061195
v 0.020345 -0.101093 0.059725
v 0.040994 -0.103016 0.043860
v 0.004981 -0.081737 0.073055
v 0.044121 -0.058453 0.061996
v 0.051038 -0.040282 0.059115
v 0.006408 -0.047953 0.104437
v 0.024736 -0.089619 0.062437
v 0.024936 -0.094266 0.060204
v 0.043711 -0.037599 0.078699
v 0.045424 -0.037163 0.075164
v 0.041229 -0.042860 0.078656
v 0.041978 -0.064635 0.061250
v 0.044383 -0.063157 0.058739
v 0.054038 -0.027036 0.056208
v 0.041402 -0.097668 0.045323
v 0.048748 -0.078583 0.043354
v 0.038293 -0.045619 0.080961
v 0.052954 -0.070290 0.038946
v 0.002952 -0.048169 0.104668
v 0.042116 -0.038996 0.080726
v 0.042520 -0.041989 0.077028
v 0.052177 -0.071274 0.040247
v 0.030487 -0.056835 0.080079
v 0.043379 -0.095562 0.043712
v 0.044281 -0.093190 0.043471
v 0.048565 -0.048946 0.059871
v 0.050639 -0.018009 0.075321
v 0.047195 -0.056018 0.058324
v 0.035515 -0.075831 0.061876
v 0.012221 -0.074713 0.076190
v 0.014377 -0.074653 0.075580
v 0.054404 -0.022712 0.056424
v 0.036853 -0.116701 0.044532
v 0.052183 -0.010814 0.073065
v 0.052385 -0.004967 0.075372
v 0.047237 -0.083869 0.043298
v 0.027770 -0.084503 0.063191
v 0.029539 -0.088583 0.059963
v 0.029456 -0.084100 0.062267
v 0.013990 -0.104500 0.060808
v 0.035851 -0.111219 0.046681
v 0.019091 -0.071887 0.075699
v 0.037690 -0.072072 0.061886
v 0.033865 -0.115513 0.047392
v 0.051361 -0.011894 0.076741
v 0.021884 -0.069386 0.076135
v 0.004967 -0.115485 0.059605
v 0.005821 -0.118945 0.058822
v 0.023095 -0.094636 0.061018
v 0.026513 -0.062200 0.078827
v 0.046799 -0.050825 0.062204
v 0.048681 -0.053183 0.057152
v 0.017044 -0.069816 0.078115
v 0.011757 -0.104512 0.061392
v 0.015102 -0.108903 0.059152
v 0.046395 -0.126945 0.031177
v 0.034226 -0.077935 0.061879
v 0.045892 -0.123184 0.032400
v 0.032875 -0.127686 0.046439
v 0.031089 -0.128686 0.047696
v 0.029628 -0.126998 0.048869
v 0.045375 -0.118754 0.033911
v 0.020557 -0.095423 0.061873
v 0.045775 -0.084591 0.045224
v 0.044913 -0.115964 0.035159
v 0.008235 -0.079041 0.074224
v 0.044171 -0.112015 0.037140
v 0.045561 -0.110677 0.035447
v 0.006663 -0.111684 0.060289
v 0.009615 -0.110394 0.060115
v 0.043707 -0.107184 0.039131
v 0.045151 -0.105826 0.037506
v 0.037300 -0.047174 0.080956
v 0.043034 -0.103348 0.041261
v 0.044811 -0.101033 0.039634
v 0.043143 -0.099546 0.042456
v 0.027555 -0.059719 0.080119
v 0.029160 -0.061006 0.077690
v 0.019046 -0.067362 0.079137
v 0.002385 -0.114984 0.059933
v 0.042135 -0.092600 0.046510
v 0.042383 -0.025517 0.097204
v 0.043505 -0.022733 0.097801
v 0.044886 -0.012485 0.106644
v 0.001764 -0.081039 0.073774
v 0.046194 -0.029980 0.080042
v 0.022876 -0.090561 0.062959
v 0.009888 -0.074718 0.076775
v 0.050053 -0.041520 0.060892
v 0.036938 -0.106986 0.046844
v 0.023344 -0.063318 0.080090
v 0.020961 -0.092143 0.063130
v 0.047799 -0.024730 0.080334
v 0.029551 -0.122172 0.049447
v 0.005168 -0.078711 0.074921
v 0.039826 -0.098426 0.046815
v 0.030897 -0.118575 0.049074
v 0.040502 -0.040502 0.082374
v 0.015584 -0.099262 0.062190
v 0.020537 -0.065031 0.080274
v 0.053817 -0.060226 0.042092
v 0.031350 -0.078919 0.063709
v 0.045421 -0.052114 0.063897
v 0.044222 -0.034187 0.080970
v 0.031174 -0.114939 0.049594
v 0.033289 -0.111649 0.048744
v 0.044039 -0.085577 0.047223
v 0.014910 -0.069967 0.078818
v 0.017576 -0.095867 0.062873
v 0.006848 -0.108701 0.061071
v 0.003908 -0.109960 0.061054
v 0.031773 -0.053438 0.081880
v 0.034996 -0.106657 0.048694
v 0.052947 -0.027888 0.059809
v 0.009909 -0.104477 0.061810
v 0.027297 -0.126796 0.050376
v 0.025699 -0.084935 0.064242
v 0.042133 -0.059704 0.064149
v 0.027730 -0.122655 0.050553
v 0.049817 -0.015177 0.081696
v 0.038297 -0.099121 0.048154
v 0.006093 -0.075779 0.076768
v 0.036413 -0.103106 0.048561
v 0.037864 -0.066938 0.064859
v 0.048901 -0.042885 0.062816
v 0.035475 -0.071707 0.064380
v 0.035993 -0.046945 0.083071
v 0.033956 -0.050162 0.082544
v 0.012917 -0.099250 0.062980
v 0.033388 -0.073748 0.065055
v 0.052482 -0.061163 0.044869
v 0.025827 -0.058733 0.082348
v 0.042815 -0.034920 0.083581
v 0.007927 -0.104398 0.062208
v 0.012784 -0.070053 0.079453
v 0.043906 -0.031806 0.084402
v 0.002072 -0.076760 0.076513
v 0.054562 -0.017105 0.057646
v 0.029898 -0.054173 0.083105
v 0.027905 -0.055599 0.083567
v 0.040735 -0.091898 0.048451
v 0.047314 -0.074572 0.047859
v 0.043994 -0.053215 0.065602
v 0.025931 -0.125039 0.051345
v 0.031427 -0.074637 0.066169
v 0.028598 -0.079625 0.065337
v 0.050208 -0.035897 0.063875
v 0.051407 -0.007215 0.079824
v 0.031032 -0.110227 0.050814
v 0.045945 -0.026829 0.084253
v 0.038356 -0.042697 0.083894
v 0.042263 -0.086411 0.049112
v 0.021353 -0.061081 0.083253
v 0.044840 -0.029727 0.084242
v 0.032725 -0.107238 0.050382
v 0.029268 -0.116655 0.050554
v 0.039578 -0.094147 0.048791
v 0.023725 -0.085314 0.065141
v 0.040047 -0.060982 0.066145
v 0.024158 -0.059085 0.083244
v 0.046387 -0.077028 0.048070
v 0.047563 -0.021590 0.084640
v 0.048725 -0.068822 0.048482
v 0.050478 -0.012824 0.080590
v 0.007595 -0.072269 0.079022
v 0.016138 -0.065530 0.081923
v 0.010482 -0.070089 0.080064
v 0.035711 -0.100287 0.050182
v 0.032385 -0.050139 0.084439
v 0.041164 -0.036132 0.085906
v 0.010548 -0.100017 0.063264
v 0.051147 -0.033941 0.062384
v 0.033229 -0.048071 0.085578
v 0.023473 -0.125412 0.052608
v 0.027318 -0.117404 0.051655
v 0.034567 -0.047106 0.084877
v 0.014204 -0.095409 0.064190
v 0.047276 -0.046809 0.063859
v 0.051706 -0.030594 0.062573
v 0.035633 -0.067841 0.066664
v 0.054143 -0.052050 0.045253
v 0.025768 -0.121570 0.051868
v 0.005460 -0.104232 0.062615
v 0.021214 -0.087769 0.065128
v 0.040869 -0.086071 0.050951
v 0.017916 -0.091419 0.064730
v 0.017881 -0.064280 0.082243
v 0.037916 -0.092688 0.051110
v 0.030894 -0.050731 0.085506
v 0.050816 -0.053602 0.052497
v 0.039345 -0.039058 0.086180
v 0.035801 -0.096366 0.051607
v 0.014042 -0.065647 0.082621
v 0.005190 -0.072161 0.079483
v 0.036558 -0.043780 0.085609
v 0.051386 -0.002367 0.082343
v 0.048624 -0.017649 0.084688
v 0.039399 -0.089687 0.050911
v 0.034056 -0.100935 0.051373
v 0.000124 -0.107486 0.062003
v 0.025953 -0.055263 0.085556
v 0.023739 -0.122012 0.052889
v 0.027971 -0.113193 0.052141
v 0.052960 -0.051359 0.048653
v 0.037509 -0.041201 0.087008
v 0.042398 -0.054187 0.067485
v 0.002902 -0.104013 0.062945
v 0.024581 -0.118526 0.053007
v 0.044859 -0.077389 0.050159
v 0.042607 -0.031256 0.088473
v 0.046231 -0.024293 0.086346
v 0.029324 -0.108207 0.052550
v 0.029608 -0.074896 0.067419
v 0.050416 -0.009210 0.083872
v 0.053143 -0.022361 0.061753
v 0.041895 -0.032916 0.088166
v 0.054995 -0.126668 0.001010
v 0.053716 -0.017337 0.061547
v 0.054967 -0.120920 0.001867
v 0.002694 -0.071975 0.079903
v 0.047359 -0.043562 0.065841
v 0.054915 -0.124548 0.003170
v 0.025734 -0.080231 0.066826
v 0.050814 -0.004465 0.084678
v 0.011572 -0.066848 0.082411
v 0.038109 -0.062053 0.067814
v 0.054799 -0.125124 0.004939
v 0.017878 -0.061511 0.084709
v 0.026207 -0.114390 0.052920
v 0.029042 -0.051351 0.086785
v 0.021180 -0.125462 0.053680
v 0.035287 -0.043385 0.087989
v 0.054610 -0.125243 0.006896
v 0.030776 -0.106295 0.052125
v 0.021860 -0.057029 0.086759
v 0.054918 -0.112462 0.003602
v 0.049991 -0.058467 0.051625
v 0.024030 -0.055686 0.086625
v 0.007313 -0.099181 0.064175
v 0.032183 -0.101614 0.052622
v 0.015027 -0.091265 0.065787
v 0.043482 -0.078926 0.051253
v 0.049106 -0.037186 0.065998
v 0.008307 -0.067836 0.082375
v 0.054493 -0.116207 0.008550
v 0.033602 -0.068650 0.068102
v 0.054768 -0.115533 0.005697
v 0.043524 -0.029068 0.088843
v 0.054238 -0.125258 0.009654
v 0.054440 -0.012412 0.059826
v 0.019964 -0.059256 0.085740
v 0.046840 -0.067808 0.052256
v 0.010210 -0.096016 0.064926
v 0.031405 -0.048195 0.087657
v 0.021157 -0.120850 0.054272
v 0.053854 -0.124123 0.011855
v 0.021274 -0.084310 0.066921
v 0.044612 -0.047018 0.068905
v 0.054814 -0.109106 0.007468
v 0.027938 -0.075325 0.068352
v 0.027835 -0.108601 0.053394
v 0.053851 -0.117923 0.012524
v 0.054108 -0.116220 0.011339
v 0.024408 -0.114633 0.053856
v 0.040281 -0.056995 0.068596
v 0.014936 -0.061764 0.085769
v 0.054600 -0.110620 0.009181
v 0.035619 -0.092705 0.053294
v 0.016394 -0.087938 0.066981
v 0.019333 -0.125980 0.054399
v 0.026207 -0.052550 0.088152
v 0.053474 -0.125120 0.013624
v 0.049158 -0.010027 0.089746
v 0.018434 -0.085914 0.067269
v 0.054132 -0.111684 0.012551
v 0.032621 -0.045764 0.088939
v 0.053500 -0.118356 0.014245
v 0.054300 -0.107451 0.013175
v 0.022822 -0.081021 0.068010
v 0.052888 -0.125820 0.015985
v 0.021883 -0.118075 0.054416
v 0.037622 -0.038523 0.090043
v 0.038914 -0.036634 0.090000
v 0.045604 -0.044650 0.068724
v 0.005925 -0.067768 0.082862
v 0.026323 -0.108979 0.054199
v 0.030341 -0.102142 0.053779
v 0.053108 -0.119491 0.015776
v 0.017603 -0.124048 0.055257
v 0.011577 -0.064113 0.084771
v 0.040163 -0.033842 0.091000
v 0.052219 -0.024293 0.064372
v 0.054770 -0.103770 0.011607
v 0.012908 -0.091973 0.066072
v 0.044383 -0.026058 0.090237
v 0.052527 -0.120861 0.017780
v 0.004909 -0.099677 0.064311
v 0.052047 -0.126113 0.018803
v 0.053572 -0.111447 0.015646
v 0.033745 -0.096196 0.053437
v 0.031719 -0.069267 0.069376
v 0.029864 -0.047739 0.089912
v 0.054512 -0.104692 0.013124
v 0.035905 -0.063032 0.069642
v 0.019034 -0.121101 0.055119
v 0.039266 -0.085090 0.053214
v 0.045114 -0.069469 0.054017
v 0.053030 -0.114140 0.017264
v 0.027606 -0.050272 0.089358
v 0.041855 -0.079262 0.053167
v 0.047291 -0.039106 0.069122
v 0.053840 -0.105710 0.016573
v 0.051586 -0.122336 0.020574
v 0.003504 -0.067619 0.083306
v 0.051955 -0.049342 0.052098
v 0.051079 -0.126782 0.021528
v 0.035985 -0.039962 0.091079
v 0.054624 -0.099208 0.015815
v 0.052129 -0.115937 0.020054
v 0.019075 -0.057269 0.088197
v 0.025884 -0.075762 0.069428
v 0.028698 -0.102564 0.054743
v 0.049462 -0.006605 0.090716
v 0.034016 -0.042733 0.090647
v 0.045674 -0.022241 0.090982
v 0.024617 -0.109446 0.055017
v 0.051300 -0.116599 0.022367
v 0.052819 -0.109655 0.019439
v 0.037692 -0.086413 0.054199
v 0.054201 -0.100951 0.017161
v 0.009152 -0.063688 0.085798
v 0.047682 -0.011226 0.095818
v 0.053392 -0.104242 0.019260
v 0.039173 -0.034006 0.092976
v 0.022248 -0.114325 0.055008
v 0.002247 -0.098753 0.064907
v 0.050792 -0.119074 0.023234
v 0.048097 -0.037256 0.068527
v 0.050024 -0.120963 0.024821
v 0.024205 -0.052695 0.089622
v 0.031845 -0.097249 0.054515
v 0.050225 -0.126150 0.023682
v 0.049429 -0.126622 0.025464
v 0.006972 -0.095260 0.065832
v 0.009797 -0.091983 0.066808
v 0.041220 -0.030959 0.092445
v 0.047244 -0.017378 0.090931
v 0.051796 -0.109779 0.022784
v 0.038496 -0.056648 0.071213
v 0.026140 -0.050282 0.090706
v 0.035603 -0.087930 0.055458
v 0.053795 -0.098440 0.020461
v 0.032604 -0.042978 0.092329
v 0.043710 -0.070568 0.055416
v 0.052855 -0.103226 0.021757
v 0.015570 -0.058826 0.088353
v 0.039666 -0.080413 0.055130
v 0.047515 -0.014086 0.093590
v 0.012498 -0.060460 0.087897
v 0.029877 -0.069843 0.070498
v 0.033446 -0.091507 0.055665
v 0.054244 -0.095489 0.020215
v 0.050162 -0.029994 0.067877
v 0.053849 -0.011252 0.063519
v 0.022559 -0.053048 0.090473
v 0.041334 -0.052176 0.070590
v 0.036597 -0.036804 0.094218
v 0.048204 -0.126806 0.027948
v 0.051397 -0.025771 0.066520
v 0.047876 -0.061401 0.054022
v 0.049854 -0.115825 0.026172
v 0.004477 -0.094993 0.066256
v 0.006628 -0.064627 0.085477
v 0.022620 -0.109642 0.055977
v 0.048151 -0.122852 0.028494
v 0.048666 -0.120455 0.027840
v 0.012219 -0.088676 0.067854
v 0.052216 -0.019439 0.067257
v 0.050303 -0.112752 0.025872
v 0.045282 -0.041117 0.072105
v 0.051781 -0.104815 0.024541
v 0.050884 -0.110255 0.025152
v 0.033917 -0.063847 0.071117
v 0.026669 -0.103068 0.055827
v 0.046272 -0.018768 0.093206
v 0.017246 -0.056711 0.089743
v 0.038108 -0.034844 0.094050
v 0.053345 -0.097944 0.022515
v 0.042702 -0.049415 0.070500
v 0.015097 -0.126370 0.055840
v 0.012269 -0.124529 0.056804
v 0.043309 -0.026610 0.092816
v 0.052302 -0.101162 0.024482
v 0.019694 -0.081804 0.069039
v 0.034985 -0.039124 0.093829
v 0.013898 -0.086119 0.068718
v 0.027649 -0.047597 0.092449
v 0.018977 -0.115546 0.056150
v 0.014633 -0.122980 0.056376
v 0.019592 -0.112744 0.056531
v 0.053327 -0.038761 0.053569
v 0.048844 -0.116089 0.028313
v 0.022895 -0.078024 0.069761
v 0.040198 -0.053074 0.071603
v 0.030731 -0.044579 0.092737
v 0.048654 -0.058095 0.054438
v 0.029987 -0.097759 0.055654
v 0.016659 -0.119754 0.056213
v 0.003953 -0.064571 0.085926
v 0.054364 -0.087749 0.024633
v 0.019229 -0.053950 0.091659
v 0.049327 -0.002342 0.093405
v 0.053611 -0.091615 0.025057
v 0.046252 -0.039749 0.071052
v 0.044369 -0.022011 0.095902
v 0.052781 -0.094869 0.025998
v 0.016684 -0.083426 0.069299
v 0.054212 -0.006579 0.063181
v 0.050655 -0.026953 0.068361
v 0.023762 -0.050514 0.092465
v 0.028229 -0.070295 0.071443
v 0.031596 -0.092708 0.056585
v 0.047083 -0.120951 0.030714
v 0.050620 -0.105147 0.027504
v 0.049065 -0.031991 0.069789
v 0.048975 -0.109962 0.029622
v 0.045260 -0.020372 0.094989
v 0.054089 -0.035879 0.052517
v 0.006757 -0.062089 0.087811
v 0.046895 -0.116529 0.031868
v 0.054156 -0.000206 0.065597
v 0.050729 -0.100324 0.029113
v 0.044551 -0.126462 0.034057
v 0.010096 -0.060030 0.089062
v 0.036220 -0.059008 0.072236
v 0.049477 -0.104673 0.030276
v 0.052593 -0.015946 0.067608
v 0.020299 -0.109620 0.057038
v 0.047362 -0.113940 0.031637
v 0.040176 -0.030066 0.096350
v 0.051605 -0.098934 0.027476
v 0.006747 -0.091383 0.067619
v 0.024710 -0.103446 0.056801
v 0.032057 -0.064513 0.072412
v 0.014539 -0.057043 0.090621
v 0.052179 -0.093643 0.028395
v 0.028781 -0.044512 0.095103
v 0.037630 -0.081351 0.056788
v 0.016802 -0.115621 0.056937
v 0.027767 -0.098303 0.056909
v 0.042150 -0.071650 0.056888
v 0.033650 -0.039726 0.095136
v 0.020854 -0.051856 0.093008
v 0.053051 -0.013543 0.066694
v 0.001945 -0.094829 0.066557
v 0.019798 -0.078659 0.070871
v 0.048219 -0.108105 0.031662
v 0.041192 -0.026891 0.098516
v 0.013841 -0.119640 0.057111
v 0.048968 -0.004299 0.094458
v 0.009301 -0.088226 0.068743
v 0.024054 -0.073628 0.071917
v 0.030469 -0.042336 0.096000
v 0.053901 -0.082612 0.029405
v 0.039024 -0.031173 0.097460
v 0.025261 -0.047330 0.095049
v 0.042856 -0.123221 0.036774
v 0.042665 -0.127043 0.036607
v 0.051298 -0.094660 0.030214
v 0.010467 -0.126483 0.056997
v 0.004893 -0.061800 0.088389
v 0.033718 -0.087217 0.057446
v 0.049164 -0.098292 0.033348
v 0.012223 -0.057178 0.091356
v 0.026197 -0.070750 0.072547
v 0.043286 -0.120106 0.036676
v 0.027369 -0.044949 0.096070
v 0.051111 -0.046997 0.055315
v 0.046936 -0.109361 0.033590
v 0.040752 -0.073782 0.057442
v 0.029715 -0.093214 0.057713
v 0.053363 -0.085210 0.029520
v 0.042328 -0.047105 0.072976
v 0.022916 -0.103730 0.057627
v 0.015754 -0.054479 0.092895
v 0.036033 -0.035401 0.097310
v 0.031727 -0.040566 0.096795
v 0.045575 -0.014989 0.100891
v 0.044110 -0.042167 0.073675
v 0.052739 -0.084877 0.031476
v 0.050241 -0.093858 0.032999
v 0.052561 -0.041311 0.054532
v 0.014353 -0.115768 0.057690
v 0.001906 -0.062236 0.088303
v 0.048114 -0.032764 0.071935
v 0.034035 -0.037254 0.098087
v 0.006817 -0.059456 0.090426
v 0.051334 -0.021329 0.069753
v 0.019084 -0.051734 0.094284
v 0.047902 -0.103223 0.033874
v 0.030251 -0.065111 0.073556
v 0.046065 -0.059148 0.058415
v 0.052104 -0.085649 0.032708
v 0.023166 -0.047835 0.096211
v 0.021681 -0.074025 0.072960
v 0.008015 -0.126941 0.057387
v 0.033165 -0.060769 0.074197
v 0.035351 -0.082259 0.058509
v 0.038012 -0.031852 0.098706
v 0.013959 -0.081779 0.071166
v 0.009380 -0.057213 0.092190
v 0.041272 -0.123754 0.038680
v 0.016172 -0.111832 0.058039
v 0.016960 -0.052294 0.094819
v 0.028040 -0.093615 0.058648
v 0.004199 -0.089056 0.069069
v 0.051217 -0.089466 0.032918
v 0.011137 -0.083558 0.070871
v 0.017384 -0.078876 0.071741
v 0.047022 -0.008401 0.101336
v 0.042784 -0.116880 0.037926
v 0.046116 -0.013124 0.100817
v 0.046577 -0.104581 0.035689
v 0.036439 -0.056057 0.074279
v 0.038952 -0.051895 0.074341
v 0.038482 -0.076189 0.058695
v 0.008824 -0.121344 0.057961
v 0.053358 -0.008332 0.067753
v 0.040542 -0.049068 0.074298
v 0.024364 -0.098677 0.058727
v 0.020919 -0.105383 0.058028
v 0.012529 -0.054782 0.093909
v 0.002711 -0.059781 0.090660
v 0.010824 -0.119874 0.057817
v 0.042635 -0.044388 0.074690
v 0.001741 -0.091416 0.068129
v 0.047640 -0.098794 0.035997
v 0.020812 -0.049220 0.096240
v 0.012475 -0.115845 0.058186
v 0.005073 -0.125967 0.057872
v 0.047407 -0.006755 0.100729
v 0.028629 -0.065589 0.074521
v 0.039460 -0.126637 0.040438
v 0.049448 -0.026635 0.072773
v 0.031424 -0.088077 0.058850
v 0.042695 -0.112923 0.038899
v 0.006677 -0.086047 0.070341
v 0.046909 -0.034434 0.073825
v 0.047511 -0.004706 0.101352
v 0.031550 -0.038418 0.100188
v 0.040558 -0.119074 0.040211
v 0.017829 -0.108691 0.058284
v 0.044388 -0.016987 0.102961
v 0.050641 -0.020743 0.073030
v 0.040768 -0.116411 0.040475
v 0.006460 -0.057205 0.092854
v 0.037141 -0.031452 0.101238
v 0.014985 -0.052179 0.095939
v 0.051916 -0.040469 0.056690
v 0.008697 -0.083504 0.071424
v 0.024689 -0.044454 0.099444
v 0.028186 -0.041916 0.099392
v 0.035821 -0.032885 0.101639
v 0.029912 -0.040466 0.099382
v 0.040982 -0.070299 0.059150
v 0.046289 -0.099810 0.037855
v 0.037572 -0.125792 0.042462
v 0.048953 -0.092002 0.036480
v 0.034525 -0.057384 0.075421
v 0.039187 -0.121315 0.041362
v 0.018876 -0.048637 0.098272
v 0.006790 -0.122788 0.058077
v 0.051290 -0.081251 0.036942
v 0.026497 -0.093951 0.059447
v 0.050070 -0.049241 0.056480
v 0.051557 -0.015657 0.072854
v 0.034074 -0.034488 0.102324
v 0.012524 -0.052799 0.096225
v 0.001558 -0.088209 0.069731
v 0.039620 -0.027260 0.102215
v 0.032549 -0.036231 0.102072
v 0.021323 -0.046751 0.099108
v 0.026297 -0.042562 0.100553
v 0.009676 -0.054738 0.094871
v 0.041541 -0.023206 0.103375
v 0.018775 -0.075573 0.073302
v 0.038080 -0.121730 0.042450
v 0.024456 -0.068822 0.075044
v 0.003680 -0.057072 0.093427
v 0.036754 -0.053096 0.076324
v 0.050803 -0.081148 0.038031
v 0.038323 -0.028717 0.103056
v 0.026627 -0.066070 0.075656
v 0.053825 -0.074158 0.034550
v 0.009929 -0.115820 0.058767
v 0.015887 -0.049984 0.098271
v 0.040439 -0.112783 0.041673
v 0.047404 -0.091825 0.039313
v 0.050074 -0.084699 0.037755
v 0.028487 -0.039594 0.102521
v 0.039329 -0.048336 0.076812
v 0.042166 -0.107756 0.040959
v 0.007271 -0.054733 0.095477
v 0.040932 -0.045583 0.076662
v 0.046070 -0.010861 0.103398
v 0.014068 -0.078794 0.072959
v 0.002658 -0.125687 0.058084
v 0.021442 -0.099423 0.059871
v 0.053245 -0.002378 0.071101
v 0.049415 -0.022906 0.076084
v 0.010573 -0.052460 0.097322
v 0.003852 -0.122488 0.058439
v 0.048830 -0.085920 0.039556
v 0.037658 -0.114611 0.044179
v 0.008194 -0.052717 0.097681
v 0.001764 -0.055594 0.095253
v 0.036332 -0.119456 0.044493
v 0.026494 -0.040291 0.103790
v 0.004565 -0.054955 0.095706
v 0.020695 -0.045358 0.101526
v 0.030503 -0.037649 0.102916
v 0.035110 -0.126270 0.044700
v 0.024458 -0.042052 0.103185
v 0.039959 -0.109232 0.043112
v 0.040671 -0.022641 0.106893
v 0.016668 -0.047202 0.101554
v 0.034612 -0.120479 0.045857
v 0.010736 -0.079100 0.073658
v 0.053743 -0.067419 0.038511
v 0.012115 -0.049352 0.100771
v 0.022512 -0.042887 0.103708
v 0.005466 -0.052812 0.098132
v 0.018554 -0.045017 0.103519
v 0.014458 -0.047596 0.102166
v 0.009769 -0.049418 0.101506
v 0.020496 -0.043574 0.104323
v 0.055002 -0.168278 -0.000271
v 0.054547 -0.126913 -0.007105
v 0.054124 -0.127382 -0.009784
v 0.053684 -0.127195 -0.011984
v 0.052169 -0.126531 -0.017434
v 0.025253 -0.168740 -0.048862
v 0.023390 -0.172262 -0.049785
v 0.021136 -0.142741 0.052183
v 0.022443 -0.134907 0.052223
v 0.045842 -0.180742 -0.030396
v 0.024100 -0.144570 0.050709
v 0.048488 -0.171536 -0.025967
v 0.047522 -0.172017 -0.027695
v 0.015604 -0.135115 0.054820
v 0.014346 -0.155118 0.053759
v 0.011882 -0.151451 0.054567
v 0.011217 -0.170080 0.053953
v 0.009484 -0.168651 0.054311
v 0.047899 -0.179914 -0.027041
v 0.046804 -0.178003 -0.028889
v 0.027165 -0.144470 0.049067
v 0.029594 -0.148446 0.047334
v 0.044100 -0.181696 -0.032877
v 0.026576 -0.152534 0.048945
v 0.007475 -0.166365 0.054690
v 0.049006 -0.178810 -0.024978
v 0.019411 -0.134958 0.053511
v 0.011489 -0.181729 0.053784
v 0.034287 -0.171242 -0.043010
v 0.031636 -0.169555 -0.044996
v 0.032509 -0.153508 0.045089
v 0.032887 -0.162971 0.044431
v 0.035511 -0.156161 0.042584
v 0.050029 -0.181851 -0.022855
v 0.009491 -0.183168 0.054174
v 0.035467 -0.149642 0.042914
v 0.012662 -0.135590 0.055570
v 0.026960 -0.173401 -0.047940
v 0.044744 -0.174638 -0.031985
v 0.001966 -0.173369 -0.054968
v 0.012646 -0.174249 -0.053530
v 0.016021 -0.176314 -0.052614
v 0.018199 -0.145767 0.053121
v 0.016212 -0.167908 -0.052568
v 0.018652 -0.172674 -0.051743
v 0.020664 -0.170128 -0.050977
v 0.050734 -0.181786 -0.021244
v 0.010533 -0.132911 0.056315
v 0.051351 -0.180144 -0.019707
v 0.047501 -0.131444 0.029050
v 0.050614 -0.138460 0.022360
v 0.051490 -0.134862 0.020189
v 0.045787 -0.130832 0.031950
v 0.036034 -0.168993 -0.041558
v 0.049293 -0.136183 0.025404
v 0.048052 -0.136477 0.027846
v 0.051677 -0.142579 0.019492
v 0.052167 -0.134785 0.018188
v 0.015452 -0.144276 0.054123
v 0.022836 -0.153547 0.050779
v 0.050549 -0.145584 0.022330
v 0.007447 -0.136048 0.056542
v 0.044412 -0.131980 0.033946
v 0.048333 -0.143305 0.027072
v 0.050157 -0.127926 -0.022576
v 0.028812 -0.161882 0.047238
v 0.030274 -0.169862 -0.045922
v 0.049270 -0.145842 0.025149
v 0.051504 -0.153694 0.019723
v 0.052337 -0.150186 0.017359
v 0.042814 -0.168480 -0.034531
v 0.019855 -0.182329 -0.051299
v 0.050321 -0.152889 0.022681
v 0.028870 -0.172766 -0.046819
v 0.052750 -0.161532 0.015820
v 0.053134 -0.151713 0.014565
v 0.051801 -0.162092 0.018742
v 0.043900 -0.174572 0.033205
v 0.042472 -0.171044 0.035090
v 0.005154 -0.136073 0.056805
v 0.025135 -0.182192 -0.048929
v 0.049106 -0.152978 0.025287
v 0.053762 -0.158440 0.011826
v 0.053539 -0.168678 0.012735
v 0.019279 -0.153039 0.052289
v 0.011579 -0.144370 0.055106
v 0.050784 -0.162944 0.021381
v 0.051862 -0.174378 0.018396
v 0.054965 -0.171117 -0.002060
v 0.010256 -0.138991 0.055812
v 0.032232 -0.170558 0.044701
v 0.054981 -0.170280 0.001554
v 0.030114 -0.165313 0.046313
v 0.034790 -0.175926 0.042646
v 0.034835 -0.169164 0.042748
v 0.003726 -0.132455 0.057285
v 0.003243 -0.138252 0.056759
v 0.030021 -0.173311 0.046172
v 0.029034 -0.183035 0.046688
v 0.039700 -0.167807 -0.038072
v 0.025579 -0.158289 0.049204
v 0.030721 -0.182614 0.045594
v 0.024863 -0.182762 0.049040
v 0.023996 -0.175430 0.049531
v 0.020995 -0.182338 0.050822
v 0.036627 -0.126887 0.043275
v 0.041694 -0.135674 0.037322
v 0.041186 -0.171700 0.036581
v 0.054724 -0.179872 0.005536
v 0.054739 -0.168313 0.005443
v 0.054414 -0.171477 0.008112
v 0.053952 -0.168118 0.010811
v 0.036524 -0.133426 0.042910
v 0.022777 -0.163336 0.050384
v 0.041796 -0.171992 -0.035755
v 0.041535 -0.142544 0.037159
v 0.016489 -0.153838 0.053200
v 0.006613 -0.142715 0.056075
v 0.009155 -0.146661 0.055411
v 0.037715 -0.139783 0.041387
v 0.039704 -0.137125 0.039510
v 0.054967 -0.181554 0.001971
v 0.053976 -0.179652 0.010563
v 0.034639 -0.135006 0.044465
v 0.033177 -0.136362 0.045554
v 0.053226 -0.173085 0.013945
v 0.020760 -0.163498 0.051243
v 0.054329 -0.180477 0.008610
v 0.037034 -0.171121 0.040795
v 0.018853 -0.160217 0.052102
v 0.053484 -0.182462 0.012826
v 0.043484 -0.170219 -0.033689
v 0.044125 -0.148825 0.033612
v 0.052965 -0.180264 0.014826
v 0.041522 -0.151421 0.036792
v 0.038673 -0.144872 0.040169
v 0.040061 -0.145110 0.038703
v 0.024990 -0.164863 0.049275
v 0.039468 -0.151643 0.039048
v 0.035688 -0.181599 0.041826
v 0.050809 -0.172367 0.021173
v 0.049699 -0.163207 0.023834
v 0.045317 -0.158321 0.031607
v 0.046483 -0.157378 0.029859
v 0.037159 -0.150790 0.041343
v 0.043835 -0.160990 0.033601
v 0.043152 -0.154710 0.034683
v 0.039942 -0.159087 0.038263
v 0.049911 -0.173966 0.023192
v 0.048857 -0.171068 0.025391
v 0.042341 -0.161952 0.035468
v 0.037114 -0.182850 0.040560
v 0.046354 -0.167260 0.029822
v 0.044676 -0.166397 0.032323
v 0.047705 -0.174675 0.027457
v 0.037919 -0.154742 0.040462
v 0.049241 -0.176926 0.024555
v 0.006414 -0.149098 0.055646
v 0.050985 -0.180802 0.020624
v 0.036607 -0.162577 0.041403
v 0.002133 -0.143640 0.056365
v 0.038365 -0.163685 0.039735
v 0.046176 -0.175027 0.029955
v 0.017165 -0.163283 0.052574
v 0.046336 -0.184269 0.029580
v 0.053524 -0.174178 -0.012657
v 0.003718 -0.146846 0.056044
v 0.012096 -0.175177 0.053687
v 0.013481 -0.181612 0.053317
v 0.049526 -0.171337 -0.023926
v 0.032556 -0.183001 0.044300
v 0.026994 -0.174208 0.047997
v 0.010517 -0.158106 0.054496
v 0.050152 -0.168459 -0.022589
v 0.033129 -0.172260 -0.043904
v 0.051074 -0.172463 -0.020424
v 0.008385 -0.158397 0.054843
v 0.015402 -0.165297 0.053045
v 0.054713 -0.167960 -0.005676
v 0.054868 -0.173067 -0.003832
v 0.003698 -0.154867 0.055547
v 0.051849 -0.173022 -0.018349
v 0.038696 -0.130086 0.041009
v 0.005899 -0.157823 0.055203
v 0.043408 -0.135712 0.035149
v 0.020874 -0.174015 0.050952
v 0.052411 -0.168854 -0.016681
v 0.013098 -0.166006 0.053639
v 0.054461 -0.180436 -0.007723
v 0.054766 -0.182912 -0.005105
v 0.054909 -0.180308 -0.003198
v 0.044225 -0.141514 0.033768
v 0.043128 -0.147680 0.034968
v 0.017746 -0.174210 0.052110
v 0.002979 -0.161534 0.055277
v 0.054908 -0.172233 0.003234
v 0.054891 -0.180747 0.003504
v 0.004946 -0.167654 0.054934
v 0.019404 -0.182169 0.051455
v 0.015005 -0.173743 0.052969
v 0.044937 -0.151208 0.032387
v 0.047490 -0.158824 0.028141
v 0.015352 -0.181931 0.052811
v 0.002513 -0.167246 0.055116
v 0.047369 -0.167013 0.028164
v 0.054387 -0.169102 -0.008211
v 0.039727 -0.170224 0.038193
v 0.008755 -0.178027 0.054308
v 0.002879 -0.174132 0.054956
v 0.002327 -0.181230 0.054957
v 0.005077 -0.178487 0.054769
v 0.007024 -0.174452 -0.054551
v 0.008893 -0.174030 -0.054278
v 0.003806 -0.175136 -0.054870
v 0.002105 -0.180585 -0.054964
v 0.010938 -0.170357 -0.053904
v 0.037823 -0.169756 -0.039935
v 0.012281 -0.180928 -0.053617
v 0.036191 -0.179474 -0.041419
v 0.029471 -0.135045 0.048301
v 0.053969 -0.170031 -0.010633
v 0.035438 -0.142689 0.043304
v 0.033520 -0.144129 0.044790
v 0.054002 -0.182180 -0.010459
v 0.040804 -0.127097 0.038888
v 0.045934 -0.136739 0.031457
v 0.040984 -0.158439 0.037152
v 0.045362 -0.143191 0.032055
v 0.041206 -0.165404 0.036707
v 0.044867 -0.175050 0.031886
v 0.046500 -0.150450 0.030038
v 0.048391 -0.158391 0.026539
v 0.048498 -0.165113 0.026198
v 0.038630 -0.172612 0.039262
v 0.012273 -0.157247 0.054163
v 0.006909 -0.173302 0.054616
v 0.040712 -0.175376 -0.036980
v 0.007147 -0.181073 0.054534
v 0.005463 -0.173855 -0.054729
v 0.039476 -0.183188 -0.038299
v 0.014097 -0.169106 -0.053168
v 0.052994 -0.171943 -0.014741
v 0.052985 -0.180041 -0.014774
v 0.046663 -0.142304 0.030058
v 0.047985 -0.150101 0.027513
v 0.046013 -0.171766 -0.030140
v 0.044628 -0.183692 0.032120
v 0.032028 -0.144167 0.045915
v 0.026795 -0.135222 0.049947
v 0.024330 -0.134921 0.051299
v 0.054500 -0.191967 0.000000
v 0.054500 -0.189011 0.000985
v 0.054500 -0.189011 -0.000985
v 0.054500 0.000000 0.002533
v 0.054500 -0.000985 0.005489
v 0.054500 0.000985 0.005489
vn -0.0000 -1.0000 -0.0000
vn -0.0000 -1.0000 0.0002
vn -0.0000 -1.0000 -0.0002
vn -0.0000 -1.0000 0.0001
vn -0.9995 -0.0015 0.0324
vn -1.0000 -0.0006 -0.0098
vn -0.9990 -0.0026 0.0439
vn -0.9993 -0.0022 -0.0377
vn -0.9965 -0.0000 -0.0830
vn -0.9927 -0.0034 -0.1209
vn -0.0016 -0.0058 1.0000
vn -0.0346 -0.0019 0.9994
vn -0.0207 -0.0011 0.9998
vn -0.9911 -0.0003 -0.1335
vn -0.0711 -0.0062 0.9975
vn -0.0982 -0.0018 0.9952
vn -0.9849 -0.0009 -0.1732
vn -0.9735 -0.0046 -0.2287
vn -0.1066 -0.0019 0.9943
vn -0.9776 0.0013 -0.2102
vn -0.1390 -0.0064 0.9903
vn -0.1832 -0.0022 0.9831
vn -0.9665 0.0011 -0.2565
vn -0.1701 -0.0057 0.9854
vn -0.9543 -0.0002 -0.2988
vn -0.9419 -0.0032 -0.3360
vn -0.2070 -0.0057 0.9783
vn -0.2764 -0.0040 0.9610
vn -0.2418 -0.0073 0.9703
vn -0.9339 -0.0012 -0.3574
vn -0.2833 -0.0057 0.9590
vn -0.3306 -0.0043 0.9438
vn -0.9080 -0.0017 -0.4191
vn -0.9100 -0.0024 -0.4147
vn -0.3863 -0.0050 0.9224
vn -0.8935 0.0003 -0.4491
vn -0.8700 -0.0027 -0.4930
vn -0.8771 0.0003 -0.4803
vn -0.3776 -0.0038 0.9260
vn -0.8563 -0.0006 -0.5165
vn -0.4186 -0.0067 0.9082
vn -0.8162 -0.0042 -0.5778
vn -0.8323 -0.0001 -0.5544
vn -0.4567 -0.0066 0.8896
vn -0.4826 -0.0033 0.8759
vn -0.8054 0.0029 -0.5928
vn -0.5118 -0.0012 0.8591
vn -0.7833 0.0038 -0.6216
vn -0.5487 -0.0023 0.8360
vn -0.5636 -0.0071 0.8260
vn -0.7449 -0.0038 -0.6671
vn -0.7639 -0.0008 -0.6454
vn -0.7276 -0.0001 -0.6860
vn -0.6071 -0.0032 0.7946
vn -0.6894 0.0001 -0.7244
vn -0.6727 -0.0021 -0.7399
vn -0.5976 -0.0053 0.8018
vn -0.6257 -0.0059 0.7800
vn -0.6529 -0.0080 0.7574
vn -0.6710 -0.0031 0.7414
vn -0.6510 -0.0001 -0.7591
vn -0.6136 -0.0005 -0.7896
vn -0.5981 -0.0019 -0.8014
vn -0.6856 -0.0048 0.7279
vn -0.7252 -0.0025 0.6886
vn -0.5754 -0.0003 -0.8179
vn -0.7118 -0.0063 0.7024
vn -0.5329 -0.0016 -0.8462
vn -0.7359 -0.0057 0.6770
vn -0.7621 -0.0065 0.6474
vn -0.5470 -0.0007 -0.8371
vn -0.7735 -0.0031 0.6338
vn -0.5139 -0.0004 -0.8578
vn -0.4719 -0.0020 -0.8817
vn -0.4879 0.0005 -0.8729
vn -0.7906 -0.0046 0.6124
vn -0.4610 0.0002 -0.8874
vn -0.8272 -0.0042 0.5619
vn -0.4243 -0.0009 -0.9055
vn -0.8122 -0.0021 0.5834
vn -0.3911 -0.0026 -0.9203
vn -0.8376 -0.0049 0.5462
vn -0.3696 -0.0001 -0.9292
vn -0.3245 -0.0005 -0.9459
vn -0.8572 -0.0027 0.5149
vn -0.8805 -0.0053 0.4740
vn -0.2970 -0.0028 -0.9549
vn -0.8803 -0.0070 0.4744
vn -0.8994 -0.0053 0.4372
vn -0.2719 -0.0002 -0.9623
vn -0.9285 -0.0044 0.3714
vn -0.1964 -0.0032 -0.9805
vn -0.2230 -0.0000 -0.9748
vn -0.9201 -0.0003 0.3916
vn -0.9417 -0.0053 0.3365
vn -0.1719 -0.0015 -0.9851
vn -0.1263 -0.0003 -0.9920
vn -0.0854 -0.0030 -0.9963
vn -0.9568 -0.0038 0.2907
vn -0.9651 -0.0039 0.2618
vn -0.0794 0.0009 -0.9968
vn -0.0358 0.0007 -0.9994
vn 0.0016 -0.0020 -1.0000
vn -0.9715 -0.0017 0.2372
vn -0.9806 -0.0022 0.1962
vn -0.9886 -0.0035 0.1508
vn -0.9872 0.0003 0.1592
vn -0.9923 0.0001 0.1242
vn -0.9960 -0.0028 0.0894
vn -0.5170 -0.0603 0.8538
vn -0.5571 -0.0621 0.8281
vn -0.5537 -0.0459 0.8315
vn -0.4477 -0.0795 0.8906
vn -0.3951 -0.0751 0.9156
vn -0.4241 -0.0945 0.9007
vn -0.9979 -0.0116 0.0630
vn -0.9968 -0.0002 0.0797
vn -0.3808 -0.0957 0.9197
vn -0.9874 -0.0018 0.1584
vn -0.9921 0.0003 0.1254
vn -0.4770 -0.0534 0.8773
vn -0.4817 -0.0715 0.8734
vn -0.3422 -0.0875 0.9356
vn -0.3343 -0.1154 0.9354
vn -0.8356 -0.0158 0.5490
vn -0.8127 -0.0138 0.5825
vn -0.8107 -0.0174 0.5852
vn -0.8414 -0.0111 0.5402
vn -0.4419 -0.0612 0.8950
vn -0.6558 -0.0295 0.7544
vn -0.6259 -0.0346 0.7791
vn -0.6357 -0.0415 0.7708
vn -0.5916 -0.0362 0.8054
vn -0.5977 -0.0488 0.8002
vn -0.7064 -0.0216 0.7075
vn -0.6824 -0.0215 0.7307
vn -0.6850 -0.0307 0.7279
vn -0.2862 -0.0890 0.9540
vn -0.7572 -0.0143 0.6531
vn -0.7617 -0.0174 0.6476
vn -0.7848 -0.0116 0.6197
vn -0.2883 -0.1012 0.9522
vn -0.5956 -0.0300 0.8027
vn -0.6233 -0.0258 0.7816
vn -0.6534 -0.0182 0.7568
vn -0.5149 -0.0427 0.8562
vn -0.7309 -0.0128 0.6823
vn -0.7322 -0.0198 0.6808
vn -0.6818 -0.0133 0.7314
vn -0.2329 -0.0933 0.9680
vn -0.2449 -0.1196 0.9621
vn -0.4645 -0.0417 0.8846
vn -0.3384 -0.0676 0.9386
vn -0.2035 -0.1050 0.9734
vn -0.6677 0.0398 -0.7434
vn -0.6438 0.0005 -0.7652
vn -0.6767 -0.0002 -0.7363
vn -0.7031 0.0271 -0.7106
vn -0.7031 0.0004 -0.7111
vn -0.1787 -0.0956 0.9792
vn -0.6426 0.0003 -0.7662
vn -0.6794 -0.0000 -0.7338
vn -0.7146 -0.0002 -0.6995
vn -0.1529 -0.1080 0.9823
vn -0.4084 -0.0575 0.9110
vn -0.6444 0.0004 -0.7647
vn -0.2955 -0.0704 0.9528
vn -0.7009 -0.0002 -0.7132
vn -0.1387 -0.0981 0.9855
vn -0.6447 -0.0011 -0.7644
vn -0.6785 -0.0003 -0.7346
vn -0.6201 -0.0006 -0.7845
vn -0.2497 -0.0808 0.9649
vn -0.0966 -0.1126 0.9889
vn -0.7146 0.0002 -0.6995
vn -0.3715 -0.0583 0.9266
vn -0.6800 0.0004 -0.7332
vn -0.0294 -0.1004 0.9945
vn -0.0455 -0.1256 0.9910
vn -0.4946 -0.0284 0.8686
vn -0.4307 0.0044 -0.9025
vn -0.4015 0.0023 -0.9159
vn -0.2423 -0.0668 0.9679
vn -0.1926 -0.0819 0.9778
vn -0.3224 -0.0513 0.9452
vn -0.1046 -0.0935 0.9901
vn -0.0667 -0.0905 0.9937
vn -0.4564 -0.0006 -0.8898
vn 0.0033 -0.1280 0.9918
vn 0.0166 -0.0944 0.9954
vn -0.5168 0.0008 -0.8561
vn -0.7062 0.0001 -0.7080
vn -0.5853 0.0001 -0.8108
vn -0.6172 0.0003 -0.7868
vn -0.6091 0.0001 -0.7931
vn -0.1518 -0.0824 0.9850
vn -0.2867 -0.0550 0.9564
vn -0.9493 0.0003 -0.3143
vn -0.9353 -0.0003 -0.3539
vn -0.9458 -0.0004 -0.3249
vn -0.9332 0.0006 -0.3593
vn -0.9166 -0.0000 -0.3998
vn -0.5520 0.0003 -0.8338
vn -0.4128 -0.0425 0.9098
vn -0.7066 -0.0128 0.7075
vn -0.6443 0.0012 -0.7647
vn -0.2467 -0.0509 0.9678
vn -0.3573 -0.0385 0.9332
vn -0.6909 -0.0007 -0.7230
vn -0.1320 -0.0709 0.9887
vn -0.9463 -0.0000 -0.3233
vn -0.0770 -0.0773 0.9940
vn -0.0207 -0.0827 0.9964
vn -0.3153 -0.0352 0.9483
vn -0.4538 -0.0178 0.8909
vn -0.4495 -0.0327 0.8927
vn -0.9419 -0.0000 -0.3360
vn -0.9254 -0.0003 -0.3790
vn -0.1544 -0.0535 0.9866
vn -0.1874 -0.0673 0.9800
vn -0.1974 -0.0552 0.9788
vn -0.2799 -0.0373 0.9593
vn -0.4012 -0.0303 0.9155
vn -0.9562 -0.0140 0.2923
vn -0.9498 -0.0064 0.3128
vn -0.9421 -0.0078 0.3353
vn -0.9219 -0.0286 0.3864
vn -0.9327 -0.0096 0.3605
vn -0.9223 -0.0125 0.3864
vn -0.9659 -0.0013 -0.2590
vn -0.9720 0.0008 -0.2348
vn -0.6270 -0.0154 0.7789
vn -0.9831 0.0005 -0.1833
vn -0.9873 -0.0005 -0.1586
vn -0.9918 0.0007 -0.1281
vn -0.1100 -0.0521 0.9926
vn -0.5947 -0.0140 0.8038
vn -0.3573 -0.0221 0.9337
vn -0.3896 -0.0153 0.9208
vn -0.4237 -0.0192 0.9056
vn -0.9433 -0.0064 0.3320
vn -0.5387 -0.0276 0.8420
vn -0.4992 -0.0129 0.8664
vn -0.5500 -0.0126 0.8351
vn -0.0587 -0.0687 0.9959
vn -0.9238 -0.0085 0.3827
vn -0.3233 -0.0187 0.9461
vn -0.9939 0.0007 -0.1103
vn -0.5344 -0.0092 0.8452
vn -0.9310 -0.0079 0.3650
vn -0.9467 -0.0053 0.3221
vn -0.9991 0.0001 -0.0431
vn -0.9995 0.0066 -0.0294
vn -0.2883 -0.0211 0.9573
vn -1.0000 0.0026 0.0056
vn -0.9989 -0.0004 0.0462
vn -0.8612 -0.0131 0.5081
vn -0.8645 -0.0096 0.5025
vn -0.5617 -0.0341 0.8266
vn -0.2486 -0.0208 0.9684
vn -0.2477 -0.0334 0.9682
vn -0.0719 -0.0524 0.9960
vn 0.0196 -0.0665 0.9976
vn -0.0268 -0.0625 0.9977
vn 0.0142 -0.0518 0.9986
vn -0.6091 0.0469 -0.7917
vn -0.6038 0.0005 -0.7972
vn -0.2096 -0.0369 0.9771
vn -0.1628 -0.0314 0.9862
vn -0.1761 -0.0205 0.9842
vn -0.2101 -0.0203 0.9775
vn -0.1108 -0.0371 0.9931
vn -0.5855 0.0002 -0.8107
vn -0.1413 -0.0221 0.9897
vn -0.0949 -0.0175 0.9953
vn -0.0308 -0.0442 0.9985
vn 0.0091 -0.0327 0.9994
vn -0.9585 -0.0006 -0.2850
vn -0.9610 -0.0002 -0.2767
vn -0.0420 -0.0280 0.9987
vn -0.0727 -0.0351 0.9967
vn 0.0092 -0.0146 0.9999
vn -0.0419 -0.0128 0.9990
vn -0.9585 -0.0004 -0.2852
vn -0.7275 -0.0010 -0.6861
vn -0.7575 -0.0002 -0.6528
vn -0.7426 0.0004 -0.6698
vn -0.9579 -0.0000 -0.2872
vn -0.9584 0.0010 -0.2855
vn -0.9703 -0.0085 0.2416
vn -0.9585 -0.0059 0.2850
vn -0.9431 0.0010 -0.3326
vn -0.9396 -0.0226 0.3415
vn -0.1590 0.0002 -0.9873
vn -0.9524 -0.0009 -0.3048
vn -0.8546 0.0004 -0.5193
vn -0.8638 -0.0000 -0.5039
vn -0.8540 0.0001 -0.5203
vn -0.9600 -0.0049 0.2799
vn -0.8237 0.0006 -0.5670
vn -0.8387 0.0004 -0.5447
vn -0.8081 0.0003 -0.5890
vn -0.8610 -0.0000 -0.5086
vn -0.9573 -0.0047 0.2889
vn -0.9972 0.0011 -0.0742
vn -0.9682 -0.0040 0.2500
vn -0.9640 -0.0019 0.2661
vn -0.9495 -0.0048 0.3139
vn -0.8868 -0.0118 0.4619
vn -0.8862 -0.0089 0.4632
vn -0.6065 -0.0610 0.7928
vn -0.6448 -0.0520 0.7626
vn -0.9534 -0.0034 0.3016
vn -0.5833 -0.0704 0.8092
vn -0.5546 -0.0820 0.8281
vn -0.9307 -0.0053 0.3658
vn -0.9334 -0.0055 0.3587
vn -0.6155 0.0003 -0.7882
vn -0.8273 -0.0113 0.5616
vn -0.8490 -0.0089 0.5284
vn -0.5937 -0.0002 -0.8047
vn -0.8083 -0.0105 0.5887
vn -0.2234 -0.0391 0.9739
vn -0.9686 -0.0002 -0.2485
vn -0.9717 -0.0006 -0.2364
vn -0.9749 0.0001 -0.2225
vn -0.9719 -0.0000 -0.2354
vn -0.0391 -0.0000 -0.9992
vn -0.9718 0.0002 -0.2356
vn -0.8534 0.0377 -0.5200
vn -0.8250 0.0267 -0.5644
vn -0.8542 -0.0003 -0.5199
vn -0.7999 0.0010 -0.6001
vn -0.8154 -0.0007 -0.5788
vn -0.8933 -0.0000 -0.4494
vn -0.8930 -0.0000 -0.4500
vn -0.9122 -0.0002 -0.4098
vn -0.7834 -0.0009 -0.6215
vn -0.7685 0.0008 -0.6399
vn -0.7892 0.0006 -0.6141
vn -0.9671 -0.0044 0.2544
vn -0.9200 -0.0044 -0.3918
vn -0.9285 0.0003 -0.3713
vn -0.8312 -0.0003 -0.5559
vn -0.9771 -0.0023 0.2130
vn -0.9731 -0.0034 0.2304
vn -0.0328 0.0395 -0.9987
vn 0.0115 0.0361 -0.9993
vn -0.8092 0.0002 -0.5876
vn -0.3476 0.0552 -0.9360
vn -0.4129 0.0009 -0.9108
vn -0.3992 0.0680 -0.9143
vn -0.8315 -0.0000 -0.5555
vn -0.8095 -0.0001 -0.5871
vn -0.0367 -0.0000 -0.9993
vn -0.8313 0.0001 -0.5558
vn -0.8099 -0.0000 -0.5866
vn -0.9789 -0.0151 0.2040
vn -0.0816 -0.0001 -0.9967
vn -0.0809 0.0368 -0.9960
vn -0.7863 -0.0004 -0.6178
vn -0.7856 0.0002 -0.6188
vn -0.9096 -0.0064 0.4154
vn -0.9105 -0.0098 0.4134
vn -0.5964 -0.0231 0.8023
vn -0.4129 0.0002 -0.9108
vn -0.3642 0.0004 -0.9313
vn -0.1224 -0.0001 -0.9925
vn -0.1197 0.0468 -0.9917
vn -0.7811 0.0003 -0.6244
vn -0.1629 0.0461 -0.9856
vn -0.8623 -0.0453 0.5044
vn -0.8641 -0.0243 0.5028
vn -0.8442 -0.0362 0.5348
vn -0.8244 -0.0371 0.5649
vn -0.8500 -0.0220 0.5264
vn -0.5484 0.0005 -0.8362
vn -0.5739 0.0003 -0.8189
vn -0.5575 0.0483 -0.8287
vn -0.8828 -0.0195 0.4694
vn -0.7976 -0.0317 0.6024
vn -0.7961 -0.0529 0.6028
vn -0.1973 0.0007 -0.9804
vn -0.2128 0.0521 -0.9757
vn -0.7616 -0.0551 0.6457
vn -0.8214 -0.0256 0.5698
vn -0.5593 0.0003 -0.8290
vn -0.2311 -0.0000 -0.9729
vn -0.7920 -0.0278 0.6099
vn -0.8390 -0.0204 0.5438
vn -0.8527 -0.0189 0.5221
vn -0.8658 -0.0183 0.5001
vn -0.5522 0.0001 -0.8337
vn -0.4193 -0.0005 -0.9079
vn -0.8146 -0.0223 0.5796
vn -0.2607 0.0522 -0.9640
vn -0.2589 -0.0002 -0.9659
vn -0.8767 -0.0144 0.4808
vn -0.8489 -0.0140 0.5283
vn -0.9835 0.0015 0.1809
vn -0.7882 -0.0226 0.6150
vn -0.8216 -0.0177 0.5698
vn -0.9878 -0.0001 -0.1560
vn -0.9808 -0.0002 -0.1949
vn -0.9861 -0.0000 -0.1661
vn -0.9830 -0.0001 -0.1835
vn -0.2888 0.0003 -0.9574
vn -0.3091 0.0577 -0.9493
vn -0.3260 -0.0002 -0.9454
vn -0.9223 -0.0059 0.3865
vn -0.4140 0.0001 -0.9103
vn -0.9842 -0.0090 0.1769
vn -0.9852 -0.0020 0.1712
vn -0.9777 -0.0068 0.2098
vn -0.9828 -0.0001 -0.1846
vn -0.7333 -0.0306 0.6792
vn -0.7408 -0.0293 0.6710
vn -0.7212 -0.0250 0.6923
vn -0.7038 -0.0344 0.7095
vn -0.6710 -0.0384 0.7405
vn -0.9868 -0.0019 0.1622
vn -0.9813 -0.0021 0.1923
vn -0.8427 0.0007 -0.5384
vn -0.9863 -0.0053 0.1650
vn -0.5685 -0.0286 0.8222
vn -0.5115 0.0560 -0.8575
vn -0.4581 0.0586 -0.8870
vn -0.4972 -0.0004 -0.8677
vn -0.4653 0.0010 -0.8852
vn -0.7709 0.0281 -0.6364
vn -0.7539 0.0013 -0.6570
vn -0.5149 0.0001 -0.8572
vn -0.4688 0.0002 -0.8833
vn -0.5920 -0.0004 -0.8060
vn -0.5162 -0.0003 -0.8565
vn -0.4689 0.0001 -0.8833
vn -0.5157 0.0002 -0.8568
vn -0.4691 -0.0000 -0.8831
vn -0.8834 0.0361 -0.4672
vn -0.8735 -0.0001 -0.4867
vn -0.8880 0.0002 -0.4599
vn -0.5153 0.0001 -0.8570
vn -0.4663 -0.0005 -0.8846
vn -0.9999 -0.0107 -0.0081
vn -0.9955 -0.0001 -0.0945
vn -0.9980 0.0005 -0.0632
vn -0.9987 -0.0146 -0.0490
vn -0.9999 -0.0011 -0.0108
vn -0.9915 -0.0004 -0.1303
vn -0.9914 -0.0009 -0.1309
vn -0.9999 -0.0054 0.0130
vn -0.9997 0.0001 -0.0243
vn -0.9962 -0.0001 -0.0868
vn -0.8066 -0.0001 -0.5911
vn -0.8742 -0.0000 -0.4855
vn -0.9985 -0.0012 0.0553
vn -0.9920 -0.0015 0.1264
vn -0.9980 -0.0020 0.0625
vn -0.9956 -0.0123 0.0927
vn -0.9944 0.0012 0.1055
vn -0.9913 0.0001 -0.1318
vn -0.3903 -0.0009 -0.9207
vn -0.8916 -0.0003 -0.4529
vn -0.9999 0.0011 0.0143
vn -0.9980 0.0010 -0.0634
vn -0.9998 0.0042 -0.0213
vn -0.9983 -0.0025 0.0583
vn -0.9922 -0.0011 0.1243
vn -0.9913 -0.0001 -0.1317
vn -0.8761 0.0002 -0.4821
vn -0.9047 -0.0283 0.4251
vn -0.9058 -0.0131 0.4236
vn -0.8847 -0.0330 0.4651
vn -0.9980 0.0009 -0.0631
vn -0.8868 -0.0146 0.4619
vn -0.9999 0.0098 0.0124
vn -0.9997 0.0037 -0.0221
vn -0.7735 -0.0376 0.6326
vn -0.9970 -0.0003 0.0780
vn -0.9945 -0.0010 0.1046
vn -0.7652 -0.0324 0.6430
vn -0.9984 -0.0000 0.0558
vn -0.9977 -0.0001 -0.0673
vn -0.9750 0.0003 0.2222
vn -0.9995 0.0007 0.0317
vn -0.6193 -0.0670 0.7823
vn -0.7596 -0.0280 0.6498
vn -0.6785 -0.0470 0.7331
vn -0.7884 -0.0181 0.6149
vn -0.7577 -0.0243 0.6522
vn -0.9081 -0.0057 0.4188
vn -0.8642 -0.0091 0.5031
vn -0.7427 -0.0010 -0.6696
vn -0.7430 0.0002 -0.6692
vn -0.9053 -0.0006 -0.4247
vn -0.7629 -0.0000 -0.6466
vn -0.9011 0.0004 -0.4337
vn -0.9127 0.0004 -0.4085
vn -0.9101 -0.0008 -0.4143
vn -0.9107 -0.0000 -0.4130
vn -0.9021 -0.0111 0.4314
vn -0.7387 -0.0369 0.6730
vn -0.6510 -0.0663 0.7562
vn -0.7085 -0.0448 0.7043
vn -0.7286 0.0327 -0.6842
vn -0.9238 -0.0003 -0.3829
vn -0.7229 -0.0568 0.6886
vn -0.6859 -0.0604 0.7252
vn -0.5222 -0.0930 0.8478
vn -0.4947 -0.0816 0.8653
vn -0.4608 -0.1058 0.8812
vn -0.7714 -0.5181 0.3693
vn -0.7628 -0.5437 0.3500
vn -0.7979 -0.4934 0.3463
vn -0.2591 -0.1635 0.9519
vn -0.2011 -0.2026 0.9584
vn -0.2430 -0.2098 0.9471
vn -0.0778 -0.4209 0.9038
vn -0.0703 -0.4640 0.8830
vn -0.1259 -0.4544 0.8819
vn -0.6345 -0.4615 0.6200
vn -0.6495 -0.4800 0.5897
vn -0.6779 -0.4478 0.5831
vn -0.2773 -0.6986 0.6596
vn -0.3133 -0.7110 0.6295
vn -0.3200 -0.6852 0.6543
vn -0.7248 -0.1618 0.6697
vn -0.7287 -0.1902 0.6579
vn -0.7483 -0.1632 0.6429
vn -0.1222 -0.6818 0.7213
vn -0.0997 -0.7065 0.7007
vn -0.1576 -0.6837 0.7125
vn -0.7040 -0.1047 0.7025
vn -0.6710 -0.1204 0.7316
vn -0.6866 -0.1445 0.7126
vn -0.1317 -0.1417 0.9811
vn -0.1204 -0.1734 0.9775
vn -0.1855 -0.1373 0.9730
vn -0.1686 -0.1754 0.9699
vn -0.3774 -0.5107 0.7725
vn -0.4057 -0.5284 0.7458
vn -0.4279 -0.4820 0.7646
vn -0.4430 -0.5148 0.7340
vn 0.0005 -0.6644 0.7474
vn 0.0037 -0.6837 0.7297
vn -0.0653 -0.6777 0.7325
vn -0.0711 -0.1469 0.9866
vn -0.4898 -0.3182 0.8117
vn -0.4322 -0.3589 0.8273
vn -0.4761 -0.3496 0.8069
vn -0.4408 -0.3201 0.8386
vn -0.6185 -0.6191 0.4839
vn -0.6293 -0.6369 0.4454
vn -0.6555 -0.6161 0.4368
vn -0.3504 -0.2448 0.9041
vn -0.2989 -0.2953 0.9074
vn -0.3486 -0.2886 0.8917
vn -0.2143 -0.1600 0.9636
vn -0.7885 -0.3890 0.4763
vn -0.8057 -0.3944 0.4419
vn -0.8178 -0.3634 0.4463
vn -0.8158 -0.1990 0.5431
vn -0.7805 -0.2330 0.5801
vn -0.8027 -0.2281 0.5511
vn -0.7922 -0.2070 0.5740
vn -0.2776 -0.4901 0.8263
vn -0.2843 -0.5234 0.8032
vn -0.3244 -0.5001 0.8029
vn -0.9794 -0.0766 0.1870
vn -0.9562 -0.1072 0.2723
vn -0.9837 -0.0610 0.1694
vn -0.7286 -0.2132 0.6509
vn -0.7630 -0.1707 0.6235
vn -0.9655 -0.1719 0.1958
vn -0.9609 -0.1833 0.2073
vn -0.9692 -0.1393 0.2030
vn -0.7471 -0.2109 0.6304
vn -0.1760 -0.4509 0.8750
vn -0.1543 -0.4785 0.8644
vn -0.1955 -0.4846 0.8526
vn -0.9251 -0.2273 0.3043
vn -0.9320 -0.2360 0.2752
vn -0.9443 -0.2035 0.2586
vn -0.2239 -0.2495 0.9421
vn -0.2835 -0.2053 0.9367
vn -0.2668 -0.2491 0.9310
vn -0.4013 -0.6810 0.6126
vn -0.3539 -0.7172 0.6004
vn -0.4113 -0.7075 0.5747
vn -0.7161 -0.1360 0.6846
vn -0.6989 -0.1614 0.6967
vn -0.8471 -0.2115 0.4875
vn -0.8135 -0.2481 0.5259
vn -0.8362 -0.2342 0.4959
vn -0.8232 -0.2266 0.5206
vn -0.5023 -0.6732 0.5427
vn -0.5075 -0.6900 0.5161
vn -0.5557 -0.6630 0.5016
vn -0.9183 -0.1783 0.3535
vn -0.9224 -0.1833 0.3401
vn -0.9330 -0.1496 0.3272
vn -0.0061 -0.4208 0.9072
vn -0.0041 -0.4532 0.8914
vn -0.2187 -0.6933 0.6866
vn -0.1736 -0.7252 0.6663
vn -0.2260 -0.7128 0.6639
vn -0.1699 -0.7015 0.6921
vn -0.8909 -0.2830 0.3552
vn -0.9163 -0.2586 0.3059
vn -0.9033 -0.2554 0.3447
vn -0.5233 -0.3397 0.7815
vn -0.5086 -0.3799 0.7727
vn -0.5442 -0.3719 0.7520
vn -0.9532 -0.1710 0.2494
vn -0.9583 -0.1760 0.2251
vn -0.9647 -0.1460 0.2190
vn -0.8650 -0.3120 0.3930
vn -0.8848 -0.3089 0.3488
vn -0.6694 -0.5960 0.4434
vn -0.6958 -0.5922 0.4064
vn -0.7978 -0.5088 0.3235
vn -0.8293 -0.4648 0.3102
vn -0.8355 -0.2011 0.5114
vn -0.6035 -0.4837 0.6339
vn -0.6864 -0.4674 0.5571
vn -0.7177 -0.4455 0.5352
vn -0.7212 -0.4247 0.5473
vn -0.9744 -0.1147 0.1936
vn -0.9772 -0.0694 0.2005
vn -0.9799 -0.0750 0.1848
vn -0.2517 -0.7276 0.6381
vn -0.8425 -0.3553 0.4050
vn -0.8421 -0.3373 0.4207
vn -0.0559 -0.6969 0.7150
vn -0.2394 -0.4700 0.8496
vn -0.2299 -0.4996 0.8352
vn -0.3229 -0.5349 0.7808
vn -0.3758 -0.4866 0.7887
vn -0.8703 -0.2369 0.4318
vn -0.8764 -0.2429 0.4159
vn -0.8868 -0.2220 0.4053
vn -0.8584 -0.2526 0.4466
vn -0.9493 -0.2326 0.2114
vn -0.9488 -0.2277 0.2187
vn -0.9579 -0.2017 0.2042
vn -0.9725 -0.1143 0.2028
vn -0.9189 -0.1826 0.3496
vn -0.9714 -0.1130 0.2088
vn -0.9190 -0.1920 0.3442
vn -0.6933 -0.1909 0.6949
vn -0.7393 -0.4396 0.5101
vn -0.7706 -0.4178 0.4812
vn -0.7532 -0.4116 0.5131
vn -0.1272 -0.7143 0.6881
vn -0.5905 -0.6559 0.4703
vn -0.5609 -0.4918 0.6659
vn -0.5655 -0.5139 0.6451
vn -0.8501 -0.4313 0.3023
vn -0.8613 -0.4265 0.2762
vn -0.8666 -0.4112 0.2827
vn -0.9099 -0.3334 0.2468
vn -0.9124 -0.3306 0.2412
vn -0.9254 -0.3001 0.2314
vn -0.5970 -0.0978 0.7962
vn -0.6471 -0.0928 0.7568
vn -0.0933 -0.4815 0.8714
vn -0.8119 -0.3357 0.4777
vn -0.3597 -0.6940 0.6236
vn -0.3096 -0.2465 0.9184
vn -0.8639 -0.2082 0.4586
vn -0.8555 -0.2269 0.4654
vn -0.9048 -0.2847 0.3167
vn -0.8965 -0.3578 0.2612
vn -0.8965 -0.3646 0.2519
vn -0.8784 -0.2089 0.4300
vn -0.8620 -0.2347 0.4494
vn -0.8836 -0.2145 0.4162
vn -0.4803 -0.3738 0.7935
vn -0.3673 -0.5426 0.7554
vn -0.7706 -0.2106 0.6015
vn -0.7519 -0.2484 0.6107
vn -0.6085 -0.5037 0.6132
vn -0.7177 -0.5683 0.4024
vn -0.7348 -0.5650 0.3753
vn -0.6511 -0.1636 0.7412
vn -0.7065 -0.2166 0.6738
vn -0.9073 -0.1986 0.3706
vn -0.7435 -0.3371 0.5776
vn -0.7561 -0.3412 0.5584
vn -0.7647 -0.3147 0.5623
vn -0.7877 -0.3145 0.5297
vn -0.4562 -0.6858 0.5671
vn -0.4665 -0.7026 0.5373
vn -0.5079 -0.5088 0.6951
vn -0.5122 -0.5359 0.6711
vn -0.3509 -0.3228 0.8790
vn -0.3919 -0.3294 0.8590
vn -0.4053 -0.2859 0.8683
vn -0.6686 -0.1829 0.7207
vn -0.1515 -0.2143 0.9649
vn -0.2875 -0.7394 0.6088
vn -0.6493 -0.3628 0.6684
vn -0.6611 -0.3822 0.6457
vn -0.6893 -0.3557 0.6311
vn -0.9793 -0.0128 0.2020
vn -0.9814 -0.0291 0.1899
vn -0.7921 -0.2558 0.5543
vn -0.1079 -0.4848 0.8679
vn -0.2438 -0.5331 0.8101
vn -0.8650 -0.3428 0.3664
vn 0.0030 -0.7054 0.7088
vn -0.9826 -0.0784 0.1683
vn -0.9852 -0.0628 0.1594
vn -0.9854 -0.0627 0.1584
vn -0.3882 -0.3640 0.8466
vn -0.6035 -0.1300 0.7867
vn -0.6458 -0.1166 0.7546
vn -0.7271 -0.5844 0.3603
vn -0.2608 -0.2828 0.9230
vn -0.5672 -0.6794 0.4655
vn -0.8459 -0.2428 0.4750
vn -0.9675 -0.1520 0.2023
vn -0.8181 -0.2876 0.4980
vn -0.8299 -0.2919 0.4755
vn -0.8417 -0.2700 0.4676
vn -0.9295 -0.2867 0.2321
vn -0.7077 -0.4694 0.5280
vn -0.1771 -0.2341 0.9560
vn -0.1173 -0.2072 0.9712
vn -0.0670 -0.1774 0.9819
vn -0.5188 -0.7010 0.4894
vn -0.6791 -0.2204 0.7002
vn -0.6174 -0.6572 0.4324
vn -0.6159 -0.1718 0.7688
vn -0.4602 -0.5410 0.7039
vn -0.4880 -0.4967 0.7178
vn -0.8809 -0.3913 0.2663
vn -0.9875 -0.0467 0.1506
vn -0.9886 -0.0328 0.1471
vn -0.6685 -0.6247 0.4036
vn -0.1387 -0.5138 0.8466
vn -0.6969 -0.3733 0.6124
vn -0.7206 -0.3499 0.5986
vn -0.3622 -0.7415 0.5649
vn -0.7997 -0.3183 0.5091
vn -0.7305 -0.2447 0.6376
vn -0.9008 -0.2137 0.3779
vn -0.9155 -0.1952 0.3519
vn -0.1932 -0.7437 0.6400
vn -0.9739 -0.1175 0.1942
vn 0.0067 -0.1621 0.9868
vn -0.0520 -0.7243 0.6875
vn -0.9616 -0.1007 0.2553
vn -0.1264 -0.7375 0.6634
vn -0.5826 -0.3705 0.7234
vn -0.5613 -0.4018 0.7236
vn -0.6034 -0.3706 0.7061
vn -0.4146 -0.7292 0.5444
vn -0.9044 -0.2029 0.3754
vn -0.8953 -0.2073 0.3942
vn -0.7719 -0.2588 0.5807
vn -0.8575 -0.2706 0.4377
vn -0.9437 -0.1267 0.3057
vn -0.9417 -0.1365 0.3074
vn -0.5996 -0.1549 0.7851
vn -0.9387 -0.2642 0.2216
vn -0.7678 -0.5491 0.3299
vn -0.6466 -0.5017 0.5746
vn -0.8031 -0.5086 0.3104
vn -0.8361 -0.4672 0.2874
vn -0.9292 -0.1764 0.3247
vn -0.4672 -0.7254 0.5056
vn -0.1658 -0.5299 0.8317
vn -0.9517 -0.2042 0.2292
vn -0.6339 -0.2045 0.7459
vn -0.9379 -0.2367 0.2534
vn -0.0749 -0.7374 0.6713
vn -0.2322 -0.7538 0.6147
vn -0.7029 -0.2515 0.6654
vn 0.0072 -0.7265 0.6872
vn -0.2014 -0.5423 0.8157
vn -0.8279 -0.2519 0.5012
vn -0.9742 -0.1318 0.1831
vn -0.9794 -0.1001 0.1753
vn -0.6308 -0.3985 0.6659
vn -0.7299 -0.3626 0.5794
vn -0.0638 -0.2111 0.9754
vn -0.8939 -0.2068 0.3976
vn -0.8830 -0.2190 0.4151
vn -0.5597 -0.1161 0.8205
vn -0.4426 -0.3883 0.8083
vn -0.5959 -0.4019 0.6952
vn -0.6233 -0.3744 0.6865
vn -0.7471 -0.4528 0.4865
vn -0.6969 -0.6143 0.3701
vn -0.9209 -0.2706 0.2805
vn -0.9491 -0.1367 0.2838
vn -0.9728 -0.1023 0.2080
vn -0.6523 -0.2226 0.7246
vn -0.7829 -0.4314 0.4483
vn 0.0005 -0.4878 0.8729
vn -0.1502 -0.7523 0.6415
vn -0.4219 -0.5565 0.7158
vn -0.1065 -0.5104 0.8533
vn -0.1365 -0.2441 0.9601
vn -0.5549 -0.5362 0.6360
vn -0.0657 -0.5050 0.8606
vn -0.9012 -0.3029 0.3099
vn 0.0015 -0.1979 0.9802
vn -0.3082 -0.7591 0.5734
vn -0.3411 -0.3607 0.8681
vn -0.5486 -0.7052 0.4492
vn -0.8396 -0.3844 0.3839
vn -0.5750 -0.1504 0.8042
vn -0.5937 -0.5341 0.6019
vn -0.6058 -0.2101 0.7674
vn -0.2999 -0.3355 0.8930
vn -0.4223 -0.7464 0.5144
vn -0.8060 -0.2683 0.5276
vn -0.9093 -0.1882 0.3712
vn -0.5888 -0.6860 0.4275
vn -0.9666 -0.1410 0.2141
vn -0.1678 -0.2707 0.9479
vn -0.5167 -0.4033 0.7553
vn -0.9575 -0.1184 0.2628
vn -0.6606 -0.5084 0.5524
vn -0.6256 -0.6671 0.4044
vn -0.6199 -0.6392 0.4551
vn -0.5151 -0.7191 0.4665
vn -0.9619 -0.1812 0.2049
vn -0.8449 -0.2522 0.4718
vn -0.1036 -0.7629 0.6382
vn -0.9733 -0.0900 0.2113
vn -0.2035 -0.3040 0.9307
vn -0.8356 -0.4252 0.3480
vn -0.9459 -0.1905 0.2626
vn -0.9399 -0.1595 0.3019
vn -0.3874 -0.5695 0.7250
vn -0.2248 -0.3341 0.9153
vn -0.1889 -0.7657 0.6148
vn -0.4687 -0.4101 0.7824
vn -0.8658 -0.4092 0.2880
vn -0.2642 -0.5676 0.7798
vn -0.6676 -0.2575 0.6986
vn -0.2537 -0.7673 0.5890
vn -0.8840 -0.3391 0.3218
vn -0.5705 -0.1817 0.8010
vn -0.3404 -0.5660 0.7508
vn -0.7156 -0.2678 0.6451
vn -0.8812 -0.3394 0.3290
vn -0.8094 -0.4842 0.3323
vn -0.3740 -0.7648 0.5247
vn -0.0057 -0.7464 0.6654
vn -0.8090 -0.4160 0.4153
vn -0.0957 -0.2432 0.9653
vn -0.4866 -0.1142 0.8661
vn -0.4702 -0.7415 0.4787
vn -0.4011 -0.3946 0.8267
vn -0.7399 -0.2818 0.6108
vn -0.8801 -0.3777 0.2877
vn -0.7199 -0.4877 0.4938
vn -0.4753 -0.5686 0.6714
vn -0.7686 -0.3485 0.5364
vn -0.0547 -0.7577 0.6503
vn -0.5066 -0.1380 0.8510
vn -0.9127 -0.2544 0.3199
vn -0.9683 -0.1601 0.1915
vn -0.5353 -0.1643 0.8285
vn -0.5142 -0.5625 0.6474
vn -0.9875 -0.0110 0.1574
vn -0.2972 -0.5706 0.7656
vn -0.7783 -0.5295 0.3374
vn -0.2584 -0.3440 0.9027
vn -0.1152 -0.2701 0.9559
vn -0.7188 -0.5665 0.4030
vn -0.6466 -0.6221 0.4415
vn -0.5657 -0.2129 0.7967
vn -0.9284 -0.2258 0.2950
vn -0.8896 -0.2422 0.3871
vn -0.0497 -0.2455 0.9681
vn -0.9680 -0.0351 0.2484
vn -0.9770 0.0057 0.2133
vn -0.2319 -0.7832 0.5769
vn -0.3277 -0.7804 0.5325
vn -0.2819 -0.7824 0.5553
vn -0.6172 -0.2368 0.7503
vn -0.7571 -0.4658 0.4581
vn -0.8310 -0.4551 0.3200
vn -0.1293 -0.7865 0.6039
vn -0.1126 -0.5458 0.8303
vn -0.9996 -0.0011 0.0290
vn -0.9988 0.0372 -0.0304
vn -0.6676 -0.5936 0.4495
vn -0.7839 -0.2829 0.5527
vn -0.8215 -0.3156 0.4750
vn -0.9987 -0.0017 0.0519
vn -0.2259 -0.5631 0.7949
vn -0.1538 -0.3115 0.9377
vn -0.0041 -0.2335 0.9723
vn -0.0818 -0.7772 0.6239
vn -0.0803 -0.5393 0.8383
vn -0.9021 -0.2272 0.3669
vn -0.5193 -0.4284 0.7395
vn -0.9965 -0.0012 0.0832
vn -0.8973 -0.2998 0.3239
vn -0.8913 -0.3206 0.3207
vn -0.8524 -0.3904 0.3477
vn -0.2924 -0.3703 0.8817
vn -0.5894 -0.6652 0.4585
vn -0.7027 -0.3877 0.5966
vn -0.5459 -0.6856 0.4816
vn -0.9821 -0.0811 0.1702
vn -0.9011 -0.2830 0.3285
vn -0.6354 -0.2620 0.7264
vn -0.1819 -0.7918 0.5830
vn -0.9936 -0.0035 0.1132
vn -0.9972 -0.0076 0.0748
vn -0.1537 -0.5610 0.8134
vn -0.6796 -0.5111 0.5262
vn -0.5415 -0.5652 0.6224
vn -0.8421 -0.2967 0.4504
vn 0.0002 -0.5218 0.8531
vn -0.7089 -0.2888 0.6435
vn -0.5068 -0.7032 0.4987
vn 0.0033 -0.7667 0.6420
vn -0.9990 -0.0217 0.0396
vn -0.6076 -0.5474 0.5755
vn -0.0470 -0.7786 0.6258
vn -0.4376 -0.5859 0.6821
vn -0.7618 -0.2899 0.5793
vn -0.9492 -0.0874 0.3022
vn -0.6767 -0.2769 0.6822
vn -0.9906 -0.0064 0.1364
vn -0.9781 -0.1043 0.1804
vn -0.8261 -0.4161 0.3800
vn -0.9967 -0.0386 0.0717
vn -0.4072 -0.7584 0.5090
vn -0.9166 -0.2951 0.2699
vn -0.6699 -0.4028 0.6237
vn -0.4769 -0.7237 0.4989
vn -0.8768 -0.2635 0.4022
vn -0.9554 -0.1517 0.2535
vn -0.9944 -0.0367 0.0992
vn -0.9730 -0.0778 0.2174
vn -0.9995 -0.0140 0.0294
vn -0.9449 -0.2337 0.2292
vn -0.9344 -0.2559 0.2477
vn -0.4218 -0.7297 0.5381
vn -0.9214 -0.1685 0.3502
vn -0.2419 -0.8024 0.5456
vn -0.9916 -0.0300 0.1258
vn -0.3501 -0.4069 0.8437
vn -0.9419 -0.1100 0.3175
vn -0.9489 -0.0518 0.3113
vn -0.4223 -0.4220 0.8022
vn -0.8277 -0.2615 0.4966
vn -0.7435 -0.3720 0.5557
vn -0.3443 -0.7537 0.5598
vn -0.9892 -0.0448 0.1399
vn -0.0013 -0.7831 0.6219
vn -0.3045 -0.5954 0.7435
vn -0.9504 0.0097 0.3109
vn -0.3302 -0.3912 0.8590
vn -0.0788 -0.8004 0.5943
vn -0.3481 -0.6021 0.7186
vn -0.2680 -0.8005 0.5361
vn -0.9860 -0.0284 0.1644
vn -0.2044 -0.8087 0.5516
vn -0.6097 -0.2681 0.7460
vn -0.1528 -0.8100 0.5662
vn -0.1696 -0.5783 0.7980
vn -0.5682 -0.4306 0.7012
vn -0.7916 -0.3456 0.5039
vn -0.2987 -0.7755 0.5563
vn 0.0217 -0.2600 0.9654
vn -0.3937 -0.5944 0.7012
vn -0.1032 -0.8094 0.5782
vn -0.0114 -0.7973 0.6035
vn -0.9783 -0.0345 0.2043
vn -0.7700 -0.4633 0.4387
vn -0.5832 -0.2373 0.7769
vn -0.1012 -0.3033 0.9475
vn -0.2224 -0.7738 0.5931
vn -0.1917 -0.7878 0.5854
vn -0.6952 -0.5192 0.4971
vn -0.9886 -0.0558 0.1399
vn -0.1077 -0.7887 0.6053
vn -0.1106 -0.5672 0.8161
vn -0.0618 -0.8178 0.5722
vn -0.9903 -0.0745 0.1171
vn -0.9714 -0.0363 0.2346
vn -0.2482 -0.3771 0.8923
vn -0.1396 -0.7903 0.5965
vn -0.0129 -0.8183 0.5746
vn -0.9827 -0.0570 0.1760
vn -0.0731 -0.7908 0.6077
vn -0.0307 -0.7951 0.6057
vn -0.9188 -0.2106 0.3338
vn 0.0104 -0.8220 0.5693
vn -0.4554 -0.1569 0.8764
vn -0.0055 -0.5489 0.8359
vn -0.9613 -0.0346 0.2734
vn -0.8991 -0.3275 0.2903
vn -0.7086 -0.3065 0.6356
vn -0.9749 -0.0612 0.2142
vn -0.4863 -0.1890 0.8531
vn -0.7143 -0.3921 0.5797
vn -0.0658 -0.2731 0.9597
vn -0.7391 -0.3045 0.6008
vn -0.6389 -0.5484 0.5395
vn -0.6044 -0.4273 0.6724
vn -0.2100 -0.6024 0.7701
vn -0.7990 -0.4438 0.4058
vn -0.9839 -0.0879 0.1559
vn -0.5210 -0.2095 0.8275
vn -0.9981 -0.0329 0.0518
vn -0.6705 -0.3025 0.6774
vn -0.6358 -0.2878 0.7162
vn -0.6379 -0.4221 0.6441
vn -0.5798 -0.2693 0.7689
vn -0.9472 -0.0326 0.3189
vn -0.4941 -0.5904 0.6382
vn -0.9793 -0.0896 0.1812
vn -0.9655 -0.0649 0.2523
vn -0.2558 -0.6016 0.7567
vn -0.5433 -0.2536 0.8003
vn -0.3723 -0.4222 0.8265
vn -0.9840 -0.0979 0.1490
vn -0.4111 -0.1421 0.9005
vn -0.9755 -0.0882 0.2014
vn -0.9559 -0.1336 0.2614
vn -0.9532 -0.2159 0.2116
vn -0.5553 -0.5804 0.5956
vn -0.9536 -0.0674 0.2934
vn -0.9319 -0.1879 0.3102
vn -0.9688 -0.0891 0.2313
vn -0.4691 -0.4426 0.7642
vn -0.8592 -0.2929 0.4196
vn -0.1551 -0.3514 0.9233
vn -0.5268 -0.4492 0.7216
vn -0.9670 -0.1071 0.2310
vn -0.9590 -0.0925 0.2679
vn -0.9338 -0.0408 0.3556
vn -0.4057 -0.6060 0.6842
vn -0.9931 -0.0661 0.0967
vn -0.8737 -0.3761 0.3085
vn -0.9399 -0.0672 0.3349
vn -0.8117 -0.3380 0.4764
vn -0.7318 -0.5028 0.4602
vn -0.4475 -0.1917 0.8735
vn -0.2074 -0.3806 0.9012
vn -0.9275 -0.1562 0.3396
vn -0.9756 -0.0909 0.1998
vn 0.0088 -0.2900 0.9570
vn -0.1140 -0.3271 0.9381
vn -0.9752 -0.1156 0.1885
vn -0.9476 -0.0957 0.3047
vn -0.0639 -0.5719 0.8178
vn -0.2686 -0.4139 0.8698
vn -0.9255 -0.0672 0.3728
vn -0.1627 -0.5964 0.7860
vn -0.5514 -0.2734 0.7881
vn -0.9657 -0.1220 0.2293
vn -0.9332 -0.2710 0.2360
vn -0.1148 -0.5861 0.8021
vn -0.4388 -0.6154 0.6548
vn -0.6088 -0.5694 0.5524
vn -0.9373 -0.0999 0.3340
vn -0.8069 -0.2835 0.5182
vn -0.7728 -0.3596 0.5229
vn -0.9566 -0.1254 0.2632
vn -0.3709 -0.1399 0.9181
vn -0.2652 -0.6260 0.7334
vn -0.9099 -0.0666 0.4094
vn -0.9277 -0.1027 0.3590
vn -0.9732 -0.1368 0.1847
vn -0.6583 -0.5507 0.5132
vn -0.8908 -0.0733 0.4485
vn -0.8990 -0.2014 0.3889
vn -0.6299 -0.3161 0.7094
vn -0.9842 -0.0248 0.1756
vn -0.9478 -0.1255 0.2931
vn -0.7694 -0.4862 0.4144
vn -0.3026 -0.4223 0.8544
vn -0.0070 -0.3111 0.9504
vn -0.5092 -0.2459 0.8248
vn -0.8775 -0.0644 0.4753
vn -0.8316 -0.4290 0.3527
vn -0.6811 -0.3151 0.6610
vn -0.1677 -0.3843 0.9078
vn -0.9152 -0.0945 0.3918
vn -0.3706 -0.6241 0.6879
vn -0.9662 -0.1413 0.2158
vn -0.5904 -0.2973 0.7504
vn -0.9450 -0.1683 0.2803
vn -0.9832 -0.0603 0.1722
vn -0.4693 -0.2358 0.8510
vn -0.6853 -0.4067 0.6042
vn -0.3719 -0.4447 0.8148
vn -0.5078 -0.6074 0.6109
vn -0.9547 -0.1393 0.2630
vn -0.2999 -0.6281 0.7180
vn -0.9106 -0.1109 0.3982
vn -0.8952 -0.1054 0.4330
vn -0.8758 -0.0633 0.4785
vn -0.9067 -0.2398 0.3468
vn -0.5727 -0.5924 0.5666
vn -0.9362 -0.1315 0.3258
vn -0.0693 -0.3329 0.9404
vn -0.9197 -0.1376 0.3678
vn -0.8286 -0.3217 0.4581
vn -0.0014 -0.5818 0.8133
vn -0.8260 -0.2749 0.4921
vn -0.9867 -0.0902 0.1354
vn -0.0704 -0.6021 0.7953
vn -0.8792 -0.1094 0.4637
vn -0.1184 -0.6163 0.7785
vn -0.4124 -0.4541 0.7898
vn -0.2200 -0.6361 0.7396
vn -0.8068 -0.4551 0.3767
vn -0.9740 -0.0970 0.2047
vn -0.9412 -0.1579 0.2987
vn -0.3231 -0.4322 0.8419
vn -0.9526 -0.1602 0.2588
vn -0.6973 -0.5432 0.4676
vn -0.9315 -0.1601 0.3265
vn -0.7867 -0.2985 0.5403
vn -0.8488 -0.4145 0.3281
vn -0.5792 -0.4532 0.6776
vn -0.4758 -0.4708 0.7429
vn -0.9790 -0.0831 0.1862
vn -0.9837 -0.0546 0.1715
vn -0.4087 -0.1897 0.8927
vn -0.0944 -0.3536 0.9306
vn -0.8571 -0.1074 0.5039
vn -0.1738 -0.6276 0.7589
vn -0.8984 -0.1419 0.4157
vn -0.7541 -0.3914 0.5275
vn -0.4944 -0.2795 0.8231
vn -0.4307 -0.2400 0.8700
vn -0.8896 -0.2601 0.3753
vn -0.9229 -0.1589 0.3508
vn -0.4548 -0.6332 0.6263
vn -0.9009 -0.3399 0.2699
vn -0.2208 -0.4107 0.8846
vn -0.1305 -0.3862 0.9131
vn -0.7124 -0.3252 0.6218
vn -0.6161 -0.5845 0.5279
vn -0.7373 -0.5221 0.4286
vn -0.6509 -0.3326 0.6824
vn -0.8255 -0.0819 0.5584
vn -0.8399 -0.1007 0.5334
vn -0.6132 -0.4488 0.6501
vn -0.5993 -0.3178 0.7347
vn -0.6594 -0.4332 0.6145
vn -0.3117 -0.6446 0.6981
vn -0.9103 -0.1645 0.3800
vn -0.7036 -0.4131 0.5782
vn -0.9397 -0.1715 0.2958
vn -0.9650 -0.1292 0.2284
vn -0.9552 -0.1497 0.2554
vn -0.9196 -0.3075 0.2443
vn -0.8805 -0.1423 0.4522
vn -0.3699 -0.1886 0.9097
vn -0.8377 -0.3301 0.4351
vn -0.8987 -0.1664 0.4058
vn -0.6521 -0.5742 0.4950
vn -0.8128 -0.0671 0.5787
vn -0.8035 -0.3555 0.4775
vn -0.5405 -0.3072 0.7833
vn -0.5264 -0.6216 0.5801
vn 0.0007 -0.3393 0.9407
vn -0.8622 -0.1360 0.4879
vn -0.7887 -0.4852 0.3776
vn -0.3986 -0.6512 0.6458
vn -0.9373 -0.2672 0.2239
vn -0.9354 -0.1977 0.2933
vn -0.3106 -0.1621 0.9366
vn -0.5282 -0.2898 0.7981
vn -0.2781 -0.4519 0.8476
vn -0.6846 -0.3356 0.6470
vn -0.8808 -0.1652 0.4437
vn -0.9939 -0.0289 0.1069
vn -0.9786 -0.1035 0.1777
vn -0.0011 -0.6129 0.7902
vn -0.5383 -0.4744 0.6965
vn -0.8756 -0.2849 0.3901
vn -0.5867 -0.6013 0.5424
vn -0.8011 -0.0960 0.5908
vn -0.8827 -0.3774 0.2802
vn -0.5607 -0.3260 0.7611
vn -0.9220 -0.1810 0.3422
vn -0.2934 -0.1321 0.9468
vn -0.8227 -0.4561 0.3394
vn -0.3211 -0.4656 0.8247
vn -0.1046 -0.3848 0.9171
vn -0.8420 -0.1404 0.5209
vn -0.9776 -0.1091 0.1802
vn -0.2608 -0.6569 0.7075
vn -0.3890 -0.2429 0.8886
vn -0.1695 -0.4176 0.8927
vn -0.7774 -0.3814 0.5001
vn -0.6220 -0.3373 0.7067
vn -0.8121 -0.1156 0.5719
vn -0.7829 -0.0931 0.6152
vn -0.8633 -0.1796 0.4717
vn -0.8656 -0.4003 0.3009
vn -0.3312 -0.1911 0.9240
vn -0.0069 -0.3646 0.9311
vn -0.4845 -0.6448 0.5912
vn -0.4514 -0.2841 0.8459
vn -0.3590 -0.4733 0.8044
vn -0.9338 -0.1823 0.3080
vn -0.3284 -0.6620 0.6738
vn -0.1319 -0.6436 0.7539
vn -0.7279 -0.3278 0.6023
vn -0.8187 -0.1483 0.5547
vn -0.0670 -0.6341 0.7704
vn -0.8788 -0.1832 0.4406
vn -0.6665 -0.5781 0.4707
vn -0.7675 -0.0819 0.6358
vn -0.8464 -0.1732 0.5037
vn -0.2277 -0.4427 0.8673
vn -0.7493 -0.5294 0.3979
vn -0.7851 -0.1254 0.6065
vn -0.9025 -0.1898 0.3866
vn -0.0674 -0.3841 0.9208
vn -0.1682 -0.6573 0.7346
vn -0.5986 -0.6139 0.5146
vn -0.7417 -0.0742 0.6666
vn -0.7991 -0.1445 0.5836
vn -0.5483 -0.6371 0.5417
vn -0.2713 -0.6758 0.6853
vn -0.9203 -0.1902 0.3420
vn -0.7076 -0.5609 0.4297
vn -0.8168 -0.1755 0.5495
vn -0.5810 -0.3481 0.7357
vn -0.3617 -0.6750 0.6431
vn -0.0706 -0.6535 0.7536
vn -0.2060 -0.6727 0.7107
vn -0.4405 -0.6607 0.6078
vn -0.7466 -0.1238 0.6537
vn 0.0053 -0.6365 0.7712
vn -0.7300 -0.1061 0.6751
vn -0.1141 -0.6653 0.7378
vn -0.9902 -0.0115 0.1389
vn -0.9954 0.0166 0.0948
vn -0.7618 -0.1330 0.6340
vn -0.1180 -0.4245 0.8977
vn -0.0031 -0.3971 0.9178
vn -0.5033 -0.6510 0.5682
vn -0.7034 -0.0792 0.7064
vn -0.7857 -0.1778 0.5925
vn -0.8374 -0.3541 0.4163
vn -0.8381 -0.3022 0.4542
vn -0.7626 -0.2999 0.5731
vn -0.7671 -0.2665 0.5836
vn -0.8187 -0.1102 0.5636
vn -0.8571 -0.1506 0.4927
vn -0.7717 -0.1287 0.6228
vn -0.9193 -0.1346 0.3697
vn -0.9130 -0.0197 0.4075
vn -0.8322 -0.2521 0.4938
vn -0.7536 -0.2172 0.6204
vn -0.8154 0.0056 0.5789
vn -0.8187 -0.0279 0.5735
vn -0.3705 -0.7383 0.5636
vn -0.4260 -0.6808 0.5958
vn -0.3817 -0.6759 0.6305
vn -0.8322 -0.2268 0.5060
vn -0.8784 -0.2037 0.4323
vn -0.4474 -0.6620 0.6013
vn -0.7872 -0.1887 0.5871
vn -0.4804 -0.6422 0.5973
vn -0.4988 -0.6271 0.5983
vn -0.5472 -0.6200 0.5623
vn -0.5053 -0.5736 0.6447
vn -0.9142 -0.1759 0.3650
vn -0.8169 -0.1669 0.5522
vn -0.5661 -0.5759 0.5897
vn -0.8694 -0.0978 0.4844
vn 0.0219 -0.7901 0.6126
vn -0.5856 -0.5556 0.5902
vn -0.6029 -0.5314 0.5950
vn -0.8106 -0.0743 0.5808
vn -0.6812 -0.5736 0.4549
vn -0.8921 -0.0628 0.4475
vn -0.1609 -0.7600 0.6297
vn -0.6498 -0.5259 0.5488
vn -0.6140 -0.4794 0.6270
vn -0.7238 -0.5444 0.4240
vn -0.2540 -0.7574 0.6015
vn -0.6683 -0.4879 0.5616
vn -0.2923 -0.7229 0.6260
vn -0.6780 -0.4715 0.5639
vn -0.7503 -0.5135 0.4165
vn -0.7842 -0.4431 0.4343
vn -0.7620 -0.4800 0.4347
vn -0.6983 -0.4183 0.5808
vn -0.7329 -0.4029 0.5482
vn -0.7847 -0.3924 0.4799
vn -0.3362 -0.6909 0.6400
vn -0.8396 -0.3878 0.3803
vn -0.6793 -0.4340 0.5918
vn -0.6798 -0.3722 0.6319
vn -0.7212 -0.3522 0.5965
vn -0.7485 -0.3348 0.5724
vn -0.5128 -0.1397 0.8471
vn -0.5520 -0.1149 0.8259
vn -0.5343 -0.1963 0.8222
vn -0.5737 0.3243 0.7522
vn -0.5925 0.3718 0.7147
vn -0.6133 0.3222 0.7212
vn -0.3909 0.3080 0.8674
vn -0.4603 0.2693 0.8459
vn -0.4197 0.2526 0.8718
vn -0.1971 -0.2419 0.9501
vn -0.2568 -0.2383 0.9366
vn -0.2433 -0.2900 0.9256
vn -0.0395 0.3964 0.9172
vn -0.1037 0.4082 0.9070
vn -0.0999 0.3635 0.9262
vn -0.1204 0.2856 0.9507
vn -0.0961 0.3232 0.9415
vn -0.1606 0.3225 0.9328
vn -0.6300 0.0208 0.7763
vn -0.5911 0.0602 0.8043
vn -0.6258 0.0756 0.7763
vn -0.4236 -0.4484 0.7871
vn -0.4565 -0.4151 0.7870
vn -0.4604 -0.4763 0.7491
vn -0.4912 -0.5230 0.6965
vn -0.5071 -0.4683 0.7236
vn -0.5321 -0.5009 0.6826
vn -0.2825 0.1139 0.9525
vn -0.2808 0.1826 0.9422
vn -0.3257 0.1445 0.9344
vn -0.1630 -0.1741 0.9711
vn -0.2096 -0.1951 0.9581
vn -0.4581 -0.0872 0.8846
vn -0.5093 -0.0953 0.8553
vn -0.3041 -0.3732 0.8765
vn -0.3083 -0.3141 0.8979
vn -0.3540 -0.3492 0.8676
vn -0.5722 -0.1602 0.8043
vn -0.5836 -0.2116 0.7840
vn -0.2064 0.5005 0.8407
vn -0.2265 0.5271 0.8190
vn -0.2531 0.4682 0.8466
vn -0.3444 -0.3951 0.8516
vn -0.5937 -0.2674 0.7590
vn -0.6321 -0.2105 0.7458
vn -0.6329 -0.2606 0.7291
vn -0.6609 0.2029 0.7225
vn -0.6689 0.2585 0.6969
vn -0.7010 0.2291 0.6754
vn -0.4628 0.2140 0.8602
vn -0.1240 0.2498 0.9603
vn -0.1859 0.2718 0.9442
vn -0.3048 0.6670 0.6799
vn -0.2877 0.7549 0.5894
vn -0.3388 0.7402 0.5807
vn -0.3430 0.6223 0.7036
vn -0.3964 0.6217 0.6755
vn -0.3786 0.5868 0.7158
vn -0.5537 0.0750 0.8294
vn -0.5528 0.1295 0.8232
vn -0.5922 0.1163 0.7973
vn -0.5429 0.3821 0.7478
vn -0.6712 -0.0779 0.7372
vn -0.6725 -0.0136 0.7400
vn -0.7068 -0.0450 0.7060
vn -0.0629 -0.1241 0.9903
vn -0.0637 -0.0722 0.9954
vn -0.1106 -0.0984 0.9890
vn -0.1116 -0.1498 0.9824
vn -0.1393 -0.2107 0.9676
vn -0.7069 0.1850 0.6827
vn -0.7333 0.0995 0.6726
vn -0.7241 0.1482 0.6735
vn -0.8028 0.1247 0.5831
vn -0.1603 0.5240 0.8365
vn -0.1619 0.5740 0.8027
vn -0.2113 0.5698 0.7941
vn -0.6590 -0.3112 0.6848
vn -0.6861 -0.2802 0.6714
vn 0.0126 0.4049 0.9143
vn -0.0355 0.4419 0.8964
vn -0.3069 0.3753 0.8746
vn -0.3297 0.4080 0.8514
vn -0.3542 0.3583 0.8638
vn -0.1621 0.2140 0.9633
vn -0.2226 0.2108 0.9518
vn -0.0102 -0.0849 0.9963
vn -0.0201 -0.0349 0.9992
vn -0.2355 0.1374 0.9621
vn -0.5098 0.4373 0.7409
vn -0.5547 0.4242 0.7158
vn -0.5091 0.1176 0.8527
vn -0.5129 0.1806 0.8392
vn -0.6262 0.2675 0.7323
vn -0.6493 -0.0430 0.7593
vn -0.3891 -0.4769 0.7882
vn -0.3878 -0.4133 0.8239
vn -0.8137 0.0738 0.5766
vn -0.2474 0.6979 0.6722
vn -0.6670 -0.2368 0.7064
vn -0.6840 -0.1153 0.7203
vn -0.7300 -0.0995 0.6761
vn -0.0378 0.6531 0.7563
vn -0.0260 0.6982 0.7154
vn -0.0859 0.6614 0.7451
vn -0.0377 0.3478 0.9368
vn -0.4600 0.4615 0.7586
vn -0.5107 0.4755 0.7163
vn -0.4621 0.5101 0.7254
vn -0.2616 -0.3401 0.9033
vn -0.3926 -0.0907 0.9152
vn -0.4240 -0.0224 0.9054
vn -0.4641 -0.1426 0.8742
vn -0.4693 0.1673 0.8671
vn -0.0878 -0.1977 0.9763
vn -0.2113 0.4519 0.8667
vn -0.2846 0.4339 0.8548
vn -0.4816 -0.1771 0.8583
vn -0.2516 0.7625 0.5960
vn -0.3519 0.6502 0.6733
vn -0.4442 -0.5381 0.7163
vn -0.6152 -0.3110 0.7245
vn 0.0123 0.3584 0.9335
vn -0.1912 -0.3104 0.9312
vn -0.6123 -0.0121 0.7905
vn -0.1863 0.1730 0.9671
vn -0.0127 0.7380 0.6746
vn 0.0284 0.8093 0.5867
vn -0.0212 0.8170 0.5762
vn -0.3347 -0.4455 0.8304
vn -0.4195 -0.5253 0.7403
vn -0.3031 0.0270 0.9526
vn -0.3221 0.0786 0.9434
vn -0.3573 0.0389 0.9332
vn -0.6903 0.1179 0.7138
vn -0.0447 -0.1760 0.9834
vn -0.3808 -0.0150 0.9245
vn -0.1617 -0.2661 0.9503
vn -0.2109 -0.3623 0.9079
vn -0.2838 -0.4217 0.8612
vn -0.4123 0.5542 0.7231
vn -0.4208 0.4994 0.7573
vn -0.3651 0.2634 0.8929
vn -0.0100 -0.1355 0.9907
vn -0.5740 0.0123 0.8188
vn -0.2584 0.0753 0.9631
vn -0.3212 -0.0117 0.9469
vn -0.0890 0.6209 0.7788
vn -0.4560 -0.5702 0.6833
vn -0.1121 0.5710 0.8132
vn -0.1327 0.6241 0.7700
vn -0.1014 -0.2512 0.9626
vn -0.4892 0.4040 0.7729
vn -0.2570 0.4076 0.8763
vn -0.2426 -0.4059 0.8811
vn -0.3304 0.3196 0.8881
vn -0.6703 0.1435 0.7281
vn -0.4141 -0.1414 0.8992
vn -0.5521 -0.2696 0.7890
vn -0.5838 0.2719 0.7650
vn -0.4209 0.1966 0.8855
vn -0.3733 -0.5281 0.7627
vn -0.7507 0.0309 0.6600
vn -0.2573 0.6579 0.7078
vn -0.3291 0.5904 0.7370
vn -0.1343 -0.2984 0.9450
vn -0.3303 -0.4964 0.8028
vn -0.5189 0.3448 0.7822
vn -0.0531 0.2861 0.9567
vn -0.7231 -0.1591 0.6722
vn 0.0161 0.6673 0.7446
vn -0.1804 0.1130 0.9771
vn -0.2933 -0.4688 0.8332
vn -0.2760 0.6285 0.7272
vn -0.3551 0.5464 0.7585
vn 0.0231 -0.1838 0.9827
vn -0.5103 0.0668 0.8574
vn -0.1606 -0.3652 0.9170
vn -0.6141 0.2185 0.7584
vn -0.0347 -0.2330 0.9719
vn -0.0375 0.6144 0.7881
vn -0.3541 -0.0681 0.9327
vn -0.4786 -0.2348 0.8460
vn -0.3782 0.5110 0.7719
vn -0.4439 0.4360 0.7828
vn -0.4677 0.1255 0.8749
vn 0.0081 0.2959 0.9552
vn -0.5321 0.0211 0.8464
vn -0.1871 0.7125 0.6763
vn -0.2183 0.7737 0.5948
vn -0.1822 0.7821 0.5959
vn -0.0511 0.5732 0.8178
vn -0.5039 -0.2654 0.8220
vn -0.2670 0.3597 0.8941
vn -0.1105 0.2046 0.9726
vn -0.2604 0.0238 0.9652
vn -0.6146 -0.0591 0.7866
vn -0.3875 -0.5894 0.7088
vn 0.0246 0.6243 0.7808
vn -0.1609 0.4732 0.8661
vn 0.0110 -0.2434 0.9699
vn -0.1363 0.1506 0.9792
vn -0.0841 -0.3183 0.9442
vn -0.2099 0.0668 0.9754
vn -0.3789 0.2119 0.9009
vn -0.2286 -0.4638 0.8560
vn -0.7152 0.0606 0.6963
vn -0.0638 -0.2758 0.9591
vn -0.1020 -0.3532 0.9300
vn -0.6361 -0.1104 0.7637
vn -0.1840 -0.4351 0.8814
vn -0.6341 -0.3649 0.6817
vn -0.6911 -0.1530 0.7064
vn -0.1000 0.5262 0.8444
vn -0.3037 -0.0504 0.9514
vn -0.2867 -0.5406 0.7910
vn -0.6328 0.1677 0.7560
vn -0.3444 -0.5747 0.7423
vn -0.4444 -0.1972 0.8739
vn -0.4228 -0.6102 0.6700
vn -0.5729 -0.3292 0.7506
vn -0.2594 -0.4911 0.8316
vn -0.3227 -0.5516 0.7692
vn -0.3887 0.4667 0.7944
vn -0.4639 0.3614 0.8088
vn -0.5347 0.2934 0.7925
vn -0.2115 0.3879 0.8971
vn -0.2759 0.3239 0.9050
vn -0.4222 0.1501 0.8940
vn -0.2101 0.6748 0.7075
vn -0.0517 0.2166 0.9749
vn -0.2645 0.5996 0.7554
vn -0.0194 -0.2963 0.9549
vn -0.0928 -0.3919 0.9153
vn -0.3109 0.2785 0.9087
vn -0.5775 -0.0511 0.8148
vn -0.3080 0.5624 0.7673
vn -0.1374 -0.4199 0.8971
vn -0.4338 0.3938 0.8104
vn -0.5210 -0.3169 0.7926
vn -0.5635 0.2367 0.7915
vn -0.2229 -0.5300 0.8182
vn -0.3744 -0.6361 0.6747
vn -0.2579 -0.0413 0.9653
vn -0.0263 -0.3416 0.9395
vn -0.3187 -0.1047 0.9421
vn -0.1835 -0.5070 0.8422
vn -0.3992 -0.1940 0.8961
vn -0.4672 0.0786 0.8807
vn -0.3170 -0.6181 0.7193
vn -0.5922 -0.3710 0.7153
vn -0.5940 0.1726 0.7858
vn -0.2119 0.0144 0.9772
vn -0.3545 -0.1608 0.9211
vn -0.1357 0.7200 0.6806
vn -0.1433 0.7900 0.5962
vn -0.0099 0.2452 0.9694
vn -0.5478 -0.0450 0.8354
vn -0.0860 0.1646 0.9826
vn -0.1373 -0.4700 0.8719
vn 0.0120 0.5813 0.8136
vn -0.2750 -0.5999 0.7513
vn -0.7259 0.0032 0.6878
vn -0.1634 0.4282 0.8888
vn -0.0853 -0.4345 0.8966
vn -0.3756 0.1647 0.9120
vn -0.2354 -0.5736 0.7846
vn -0.0267 -0.3871 0.9217
vn -0.3231 -0.6495 0.6883
vn -0.6361 0.1207 0.7621
vn -0.6890 -0.1950 0.6981
vn -0.1165 0.4704 0.8747
vn -0.1104 0.8015 0.5877
vn -0.3303 0.2148 0.9191
vn -0.3304 0.5107 0.7937
vn -0.3998 0.4261 0.8116
vn -0.4134 -0.2443 0.8772
vn -0.5919 -0.1052 0.7991
vn -0.6664 0.0631 0.7429
vn -0.7106 -0.2238 0.6671
vn -0.1609 0.0413 0.9861
vn -0.1232 -0.5185 0.8461
vn -0.2026 0.6385 0.7425
vn -0.4240 0.1043 0.8996
vn -0.0785 -0.4726 0.8778
vn -0.4889 0.3057 0.8170
vn -0.4820 0.0163 0.8760
vn -0.0255 -0.4328 0.9011
vn -0.1273 0.0830 0.9884
vn -0.1752 -0.5756 0.7987
vn -0.1587 0.6718 0.7235
vn -0.5408 -0.3729 0.7539
vn -0.6045 -0.4169 0.6789
vn -0.5115 0.2459 0.8233
vn -0.2009 -0.0326 0.9791
vn -0.2500 -0.6633 0.7053
vn -0.7459 -0.0410 0.6648
vn -0.1383 -0.5639 0.8142
vn -0.2065 -0.6111 0.7641
vn -0.2251 -0.6338 0.7401
vn 0.0109 0.1863 0.9824
vn -0.2491 0.2913 0.9236
vn -0.0794 0.1167 0.9900
vn -0.2680 0.5546 0.7878
vn -0.4366 -0.2882 0.8523
vn -0.0638 -0.5075 0.8593
vn -0.0278 0.1553 0.9875
vn -0.6530 -0.1688 0.7383
vn -0.2832 -0.6840 0.6722
vn -0.0135 -0.4756 0.8796
vn -0.2693 -0.1092 0.9569
vn -0.2108 0.3299 0.9202
vn -0.2829 0.2414 0.9283
vn -0.4713 -0.3195 0.8221
vn -0.5531 0.1900 0.8112
vn -0.6903 0.0224 0.7232
vn -0.3535 -0.2206 0.9090
vn 0.0106 0.5404 0.8413
vn -0.0860 -0.5674 0.8189
vn -0.0750 0.7263 0.6833
vn -0.1612 -0.6226 0.7658
vn -0.1600 0.3782 0.9118
vn -0.3752 0.1062 0.9208
vn -0.4442 0.0345 0.8953
vn -0.4379 0.3228 0.8391
vn -0.5095 -0.0404 0.8595
vn -0.0463 -0.5536 0.8315
vn -0.1577 -0.0103 0.9874
vn -0.3067 -0.1657 0.9373
vn -0.0113 -0.5225 0.8526
vn -0.0497 0.5145 0.8561
vn -0.0997 -0.6117 0.7848
vn -0.1836 -0.6784 0.7114
vn -0.3431 0.4505 0.8242
vn -0.2296 -0.7079 0.6680
vn -0.2111 -0.0786 0.9743
vn -0.1391 -0.6521 0.7452
vn -0.0614 0.7655 0.6405
vn 0.0236 -0.5815 0.8132
vn -0.1971 0.6105 0.7671
vn -0.4072 0.0533 0.9118
vn -0.2813 0.5102 0.8127
vn -0.4916 -0.3713 0.7877
vn -0.5508 -0.4257 0.7179
vn -0.6147 -0.1577 0.7729
vn -0.0238 -0.6035 0.7970
vn -0.1749 -0.7238 0.6675
vn -0.0984 0.0246 0.9948
vn -0.1246 -0.6973 0.7059
vn -0.3069 0.4732 0.8258
vn -0.0865 -0.6667 0.7402
vn -0.3771 0.3989 0.8359
vn -0.0421 -0.6356 0.7709
vn -0.0172 -0.7483 0.6631
vn -0.0638 0.0734 0.9953
vn -0.5882 0.4505 0.6716
vn -0.6070 0.4801 0.6333
vn -0.6294 0.4685 0.6200
vn -0.3658 -0.2705 0.8905
vn -0.6494 0.4454 0.6164
vn -0.1028 0.6860 0.7203
vn 0.0133 -0.6578 0.7531
vn -0.4095 -0.3442 0.8449
vn -0.5525 0.5016 0.6657
vn -0.5969 0.5428 0.5908
vn -0.6218 0.5203 0.5854
vn -0.4029 0.3586 0.8421
vn -0.0824 0.4478 0.8903
vn -0.0382 -0.6792 0.7330
vn -0.2987 -0.2121 0.9305
vn -0.1111 -0.7358 0.6680
vn -0.0643 -0.7215 0.6894
vn -0.4438 -0.3655 0.8182
vn 0.0169 -0.6933 0.7204
vn -0.5562 0.5698 0.6050
vn -0.6061 0.4057 0.6842
vn -0.6436 0.3568 0.6771
vn -0.6931 0.3765 0.6147
vn -0.7192 0.3420 0.6048
vn -0.2505 -0.1666 0.9537
vn -0.0112 -0.7183 0.6957
vn 0.0124 0.4962 0.8681
vn -0.6421 0.3910 0.6594
vn -0.5055 0.5252 0.6846
vn -0.2336 0.2566 0.9379
vn -0.2074 -0.1260 0.9701
vn -0.6890 0.2860 0.6659
vn -0.7315 0.2874 0.6183
vn -0.5685 -0.4637 0.6795
vn -0.0117 0.1091 0.9940
vn -0.0385 0.4821 0.8753
vn -0.1487 -0.0714 0.9863
vn -0.5082 0.6007 0.6172
vn -0.5522 0.4692 0.6891
vn -0.3710 -0.3085 0.8759
vn -0.4665 -0.0324 0.8839
vn -0.5070 -0.4237 0.7506
vn -0.4353 0.5936 0.6769
vn -0.4788 0.6349 0.6063
vn -0.0970 -0.0295 0.9948
vn -0.8472 0.5295 -0.0432
vn -0.7747 0.2617 0.5756
vn -0.4665 0.5598 0.6848
vn -0.6536 0.3084 0.6912
vn -0.4504 0.6587 0.6026
vn -0.3073 -0.2633 0.9145
vn -0.0223 0.0559 0.9982
vn -0.4091 0.6816 0.6067
vn -0.7843 0.2215 0.5794
vn -0.1642 -0.1253 0.9784
vn -0.0417 0.0053 0.9991
vn 0.0262 0.4555 0.8898
vn -0.7841 0.1974 0.5883
vn 0.0140 0.0243 0.9996
vn -0.8006 0.1668 0.5755
vn -0.3652 0.7067 0.6059
vn 0.2367 -0.5620 0.7925
vn 0.1982 -0.5335 0.8223
vn 0.1868 -0.5904 0.7852
vn 0.4161 -0.0110 0.9093
vn 0.4460 0.0480 0.8938
vn 0.3967 0.0236 0.9176
vn 0.3691 -0.0981 0.9242
vn 0.3755 -0.0415 0.9259
vn 0.3166 -0.0581 0.9468
vn 0.3062 -0.1773 0.9353
vn 0.3176 -0.1223 0.9403
vn 0.2668 -0.1508 0.9519
vn 0.2762 0.1143 0.9543
vn 0.2330 0.1371 0.9628
vn 0.2345 0.0760 0.9691
vn 0.2099 -0.2671 0.9405
vn 0.2371 -0.2170 0.9469
vn 0.1769 -0.2218 0.9589
vn 0.6145 -0.1091 0.7813
vn 0.6129 -0.0398 0.7891
vn 0.5725 -0.1155 0.8117
vn 0.0569 0.2701 0.9612
vn 0.0436 0.3203 0.9463
vn 0.5560 -0.1875 0.8097
vn 0.5312 -0.1441 0.8349
vn 0.5091 -0.1797 0.8417
vn 0.3707 0.5732 0.7308
vn 0.4017 0.6148 0.6788
vn 0.3522 0.6191 0.7019
vn 0.1145 -0.0660 0.9912
vn 0.1042 -0.0229 0.9943
vn 0.0500 -0.0657 0.9966
vn 0.3310 0.5317 0.7796
vn 0.3288 0.5670 0.7552
vn 0.2672 0.5381 0.7994
vn 0.0469 -0.1183 0.9919
vn 0.3537 -0.4413 0.8247
vn 0.3702 -0.3916 0.8424
vn 0.3230 -0.3931 0.8609
vn 0.6706 0.2566 0.6960
vn 0.6301 0.2679 0.7288
vn 0.6333 0.2235 0.7409
vn 0.3051 -0.4493 0.8397
vn 0.4456 0.2903 0.8469
vn 0.4004 0.3197 0.8588
vn 0.3991 0.2631 0.8783
vn 0.1614 0.3914 0.9060
vn 0.1984 0.4403 0.8757
vn 0.1381 0.4380 0.8883
vn 0.4792 0.0132 0.8776
vn 0.4865 0.0870 0.8693
vn 0.1346 -0.6800 0.7208
vn 0.1333 -0.6240 0.7700
vn 0.0777 -0.6667 0.7412
vn 0.0369 0.2291 0.9727
vn 0.6896 0.0011 0.7242
vn 0.7091 0.0629 0.7023
vn 0.6714 0.0393 0.7400
vn 0.6520 -0.0667 0.7553
vn 0.6542 -0.0172 0.7561
vn 0.2781 -0.2140 0.9364
vn 0.2260 -0.1578 0.9613
vn 0.3056 0.4950 0.8134
vn 0.2500 0.4821 0.8397
vn 0.1526 -0.2586 0.9539
vn 0.1640 -0.3067 0.9376
vn 0.1393 -0.3913 0.9097
vn 0.1365 -0.3416 0.9299
vn 0.0843 -0.3625 0.9282
vn 0.0851 -0.4031 0.9112
vn 0.1727 -0.0282 0.9846
vn 0.1599 0.0250 0.9868
vn 0.4561 -0.3128 0.8331
vn 0.4774 -0.2630 0.8384
vn 0.4167 -0.2625 0.8703
vn 0.7061 0.2309 0.6694
vn 0.6810 0.3010 0.6675
vn 0.2740 -0.5068 0.8173
vn 0.0975 0.3052 0.9473
vn 0.5547 0.3639 0.7483
vn 0.5330 0.4174 0.7360
vn 0.4994 0.3918 0.7727
vn 0.4715 0.3250 0.8198
vn 0.5012 0.3536 0.7898
vn 0.4384 0.3558 0.8253
vn 0.1634 -0.6419 0.7492
vn 0.0468 -0.7390 0.6721
vn 0.7251 0.0201 0.6884
vn 0.7378 0.1012 0.6674
vn 0.3618 0.2017 0.9102
vn 0.3127 0.2213 0.9237
vn 0.2927 0.1718 0.9406
vn 0.1361 0.3239 0.9363
vn 0.1143 0.3812 0.9174
vn 0.0713 0.3595 0.9304
vn 0.2210 0.0202 0.9751
vn 0.1898 0.0697 0.9794
vn 0.4010 -0.3045 0.8640
vn 0.3999 -0.3491 0.8475
vn 0.0353 -0.4992 0.8658
vn 0.0394 -0.4565 0.8889
vn 0.5737 0.1042 0.8124
vn 0.5316 0.1622 0.8313
vn 0.5305 0.1044 0.8413
vn 0.5729 0.1560 0.8047
vn 0.5102 0.0457 0.8589
vn 0.3537 0.2693 0.8958
vn 0.4462 0.5851 0.6772
vn 0.4806 0.6431 0.5962
vn 0.1101 -0.1114 0.9877
vn 0.1127 -0.4355 0.8931
vn 0.0398 -0.4102 0.9111
vn 0.0727 -0.7025 0.7080
vn 0.1721 0.3405 0.9244
vn 0.8013 0.2851 0.5260
vn 0.0592 -0.7994 0.5978
vn 0.5733 0.4257 0.7000
vn 0.6632 0.1946 0.7227
vn 0.7542 0.0374 0.6555
vn 0.8089 0.0756 0.5830
vn 0.4206 0.5573 0.7158
vn 0.4261 -0.0730 0.9017
vn 0.2119 0.3755 0.9023
vn 0.3292 -0.4881 0.8084
vn 0.2216 -0.3179 0.9219
vn 0.7003 -0.0427 0.7125
vn 0.6077 0.1811 0.7732
vn 0.2409 0.4142 0.8777
vn 0.4330 -0.3804 0.8172
vn 0.2470 -0.6057 0.7564
vn 0.2874 0.0705 0.9552
vn 0.3856 0.5135 0.7666
vn 0.2587 -0.2741 0.9263
vn 0.1891 -0.3666 0.9110
vn 0.2958 0.4476 0.8439
vn 0.4989 -0.2200 0.8383
vn 0.0962 0.2263 0.9693
vn 0.2947 -0.5472 0.7834
vn 0.3533 0.4758 0.8055
vn 0.2130 -0.6425 0.7361
vn 0.3322 0.1355 0.9334
vn 0.1376 -0.7168 0.6836
vn 0.6031 -0.1829 0.7764
vn 0.0863 -0.1623 0.9830
vn 0.0865 -0.4820 0.8719
vn 0.5328 -0.2491 0.8088
vn 0.4033 -0.4387 0.8031
vn 0.5263 0.3101 0.7917
vn 0.6143 0.1223 0.7795
vn 0.1860 -0.6764 0.7127
vn 0.4477 0.2381 0.8619
vn 0.1069 -0.7392 0.6649
vn 0.3569 -0.1621 0.9200
vn 0.1170 0.2559 0.9596
vn 0.2979 -0.2504 0.9212
vn 0.1624 -0.0837 0.9832
vn 0.4858 0.2717 0.8308
vn 0.1000 -0.7894 0.6057
vn 0.4216 0.1960 0.8854
vn 0.4767 -0.0461 0.8778
vn 0.5003 0.5495 0.6691
vn 0.5161 0.6168 0.5943
vn 0.4228 0.5192 0.7427
vn 0.2845 0.4025 0.8701
vn 0.0360 -0.5382 0.8420
vn 0.6872 0.4350 0.5819
vn 0.6615 0.4550 0.5961
vn 0.6117 0.4168 0.6724
vn 0.6066 0.3720 0.7026
vn 0.6373 -0.1412 0.7576
vn 0.0651 0.1777 0.9819
vn 0.4663 0.5416 0.6995
vn 0.6799 -0.0875 0.7281
vn 0.0455 0.1377 0.9894
vn 0.7807 0.2192 0.5852
vn 0.5741 -0.2452 0.7813
vn 0.5254 -0.2949 0.7981
vn 0.5552 0.0570 0.8298
vn 0.3818 -0.4829 0.7881
vn 0.3877 0.1450 0.9103
vn 0.1615 0.2748 0.9478
vn 0.6633 -0.1239 0.7380
vn 0.4900 -0.3399 0.8027
vn 0.3522 -0.5261 0.7741
vn 0.6498 0.1423 0.7467
vn 0.7416 -0.0224 0.6705
vn 0.8230 -0.0153 0.5678
vn 0.8498 0.0174 0.5269
vn 0.4113 -0.1420 0.9004
vn 0.3345 -0.2170 0.9171
vn 0.2845 0.0286 0.9582
vn 0.2678 0.3547 0.8958
vn 0.0646 -0.2225 0.9728
vn 0.1850 -0.7125 0.6768
vn 0.5943 0.3457 0.7261
vn 0.5557 0.5887 0.5871
vn 0.3418 0.0852 0.9359
vn 0.3063 -0.5898 0.7472
vn 0.2100 0.3182 0.9245
vn 0.0883 -0.5250 0.8465
vn 0.3532 0.4254 0.8332
vn 0.7088 -0.0986 0.6985
vn 0.1377 -0.4658 0.8741
vn 0.2246 -0.0512 0.9731
vn 0.1632 -0.1344 0.9774
vn 0.7182 0.1741 0.6737
vn 0.4681 0.5047 0.7254
vn 0.4033 0.4504 0.7966
vn 0.5463 0.0125 0.8375
vn 0.5019 0.2265 0.8348
vn 0.3290 0.3841 0.8627
vn 0.2738 -0.6453 0.7132
vn 0.1132 0.1759 0.9779
vn 0.2706 -0.0223 0.9624
vn 0.1985 -0.4203 0.8854
vn 0.0373 0.0879 0.9954
vn 0.4560 -0.4348 0.7766
vn 0.1358 -0.1741 0.9753
vn 0.2373 -0.6888 0.6850
vn 0.1524 -0.7834 0.6026
vn 0.6504 0.3620 0.6678
vn 0.5359 0.2627 0.8024
vn 0.1675 0.2146 0.9622
vn 0.4827 -0.3836 0.7873
vn 0.3816 -0.2115 0.8998
vn 0.3070 -0.2952 0.9048
vn 0.2361 -0.3805 0.8941
vn 0.8233 -0.0447 0.5659
vn 0.2105 0.2581 0.9429
vn 0.0541 -0.2698 0.9614
vn 0.6134 0.0716 0.7865
vn 0.5407 -0.3441 0.7676
vn 0.5857 0.3116 0.7482
vn 0.1912 -0.7752 0.6021
vn 0.2608 -0.3336 0.9059
vn 0.6902 -0.1554 0.7068
vn 0.0813 -0.5791 0.8112
vn 0.2483 0.2979 0.9218
vn 0.6859 0.1537 0.7113
vn 0.5933 0.0302 0.8044
vn 0.5275 -0.0213 0.8493
vn 0.7124 0.4132 0.5671
vn 0.4643 -0.1116 0.8786
vn 0.4438 0.4693 0.7635
vn 0.6279 -0.2407 0.7401
vn 0.4231 -0.4877 0.7636
vn 0.1845 -0.4534 0.8720
vn 0.3574 -0.5838 0.7290
vn 0.0380 0.7335 0.6786
vn 0.7396 -0.0772 0.6686
vn 0.0695 0.8107 0.5813
vn 0.2089 -0.0999 0.9728
vn 0.1015 0.1156 0.9881
vn 0.6517 -0.1881 0.7348
vn 0.0394 0.7031 0.7100
vn 0.0994 0.7275 0.6788
vn 0.3957 -0.5346 0.7467
vn 0.1031 0.8030 0.5870
vn 0.4786 0.1840 0.8585
vn 0.1389 0.7923 0.5941
vn 0.3393 0.0134 0.9406
vn 0.5829 -0.3126 0.7500
vn 0.0864 0.6879 0.7206
vn 0.1114 -0.2229 0.9685
vn 0.0747 0.6503 0.7560
vn 0.0345 -0.3089 0.9505
vn 0.1711 0.7165 0.6763
vn 0.6361 0.3179 0.7031
vn 0.1774 0.7843 0.5944
vn 0.3552 -0.2671 0.8958
vn 0.5801 0.2729 0.7675
vn 0.1539 -0.4985 0.8531
vn 0.5121 0.5029 0.6963
vn 0.8204 -0.0791 0.5662
vn 0.6517 0.0862 0.7536
vn 0.1366 0.6925 0.7083
vn 0.2264 0.7745 0.5906
vn 0.7291 0.3667 0.5779
vn 0.3301 -0.6301 0.7029
vn 0.5745 0.5596 0.5974
vn 0.5103 -0.4071 0.7576
vn 0.0383 -0.6272 0.7779
vn 0.8110 0.1793 0.5569
vn 0.2432 -0.7383 0.6291
vn 0.6119 -0.2755 0.7414
vn 0.1357 0.6544 0.7438
vn 0.0629 0.0540 0.9966
vn 0.3087 -0.3399 0.8884
vn 0.0751 0.5887 0.8049
vn 0.2846 -0.6864 0.6692
vn 0.3997 0.3970 0.8262
vn 0.3076 0.3220 0.8954
vn 0.3879 0.0724 0.9189
vn 0.2337 0.6974 0.6776
vn 0.4818 -0.4680 0.7408
vn 0.4362 -0.2070 0.8757
vn 0.2816 -0.3766 0.8825
vn 0.1863 0.6704 0.7183
vn 0.1158 0.6056 0.7873
vn 0.3778 0.3664 0.8503
vn 0.4550 -0.5142 0.7270
vn 0.1358 -0.5351 0.8338
vn 0.4455 0.1410 0.8841
vn 0.7250 -0.1452 0.6733
vn 0.1594 0.1524 0.9754
vn 0.6714 -0.2228 0.7068
vn 0.5340 -0.0727 0.8424
vn 0.5524 -0.3892 0.7372
vn 0.5067 -0.1061 0.8556
vn 0.5605 0.4837 0.6722
vn 0.4684 -0.1640 0.8682
vn 0.0695 0.5488 0.8331
vn 0.4896 0.4541 0.7443
vn 0.2987 0.7589 0.5786
vn 0.3075 -0.7510 0.5843
vn 0.8031 -0.1009 0.5872
vn 0.1603 0.6162 0.7711
vn 0.4124 -0.5724 0.7087
vn 0.6810 0.0991 0.7256
vn 0.3306 -0.6634 0.6713
vn 0.4360 0.1015 0.8942
vn 0.5757 -0.0415 0.8166
vn 0.1983 0.6296 0.7512
vn 0.2588 0.2327 0.9375
vn 0.2371 0.6537 0.7187
vn 0.7094 0.1240 0.6938
vn 0.0390 -0.0130 0.9992
vn 0.6021 0.5412 0.5870
vn 0.5241 0.4621 0.7154
vn 0.2919 0.6757 0.6770
vn 0.2623 -0.0949 0.9603
vn 0.4597 0.4238 0.7804
vn 0.5287 -0.4472 0.7215
vn 0.1862 -0.1823 0.9655
vn 0.3540 -0.3247 0.8771
vn 0.0618 0.5054 0.8607
vn 0.1102 -0.2823 0.9530
vn 0.2958 0.2694 0.9165
vn 0.0352 -0.3571 0.9334
vn 0.6338 -0.3043 0.7111
vn 0.2362 0.1987 0.9512
vn 0.2043 0.1777 0.9627
vn 0.3858 -0.6318 0.6723
vn 0.1601 0.5748 0.8025
vn 0.3539 0.3259 0.8767
vn 0.2631 -0.4183 0.8694
vn 0.7961 -0.1534 0.5853
vn 0.1245 0.5373 0.8341
vn 0.7061 -0.2177 0.6738
vn 0.0876 -0.3200 0.9434
vn 0.5942 -0.3596 0.7195
vn 0.8375 0.1465 0.5265
vn 0.5538 0.2114 0.8054
vn 0.6351 0.0252 0.7721
vn 0.3444 -0.7003 0.6253
vn 0.6732 -0.2848 0.6824
vn 0.2507 -0.4567 0.8536
vn 0.5597 -0.4404 0.7020
vn 0.0873 -0.6255 0.7753
vn 0.0988 0.0277 0.9947
vn 0.6239 0.5117 0.5907
vn 0.4470 0.3926 0.8038
vn 0.3484 0.7279 0.5906
vn 0.4694 -0.5465 0.6935
vn 0.7565 -0.1871 0.6266
vn 0.5106 -0.4981 0.7008
vn 0.2230 -0.4940 0.8404
vn 0.1368 -0.5746 0.8069
vn 0.1786 0.1151 0.9772
vn 0.1344 0.0761 0.9880
vn 0.4086 -0.6853 0.6029
vn 0.1019 0.4847 0.8687
vn 0.2972 0.6424 0.7064
vn 0.2165 0.5895 0.7782
vn 0.5899 -0.4069 0.6975
vn 0.4550 -0.5852 0.6712
vn 0.6461 -0.3506 0.6779
vn 0.2591 0.6137 0.7458
vn 0.6207 -0.3941 0.6778
vn 0.4497 -0.6556 0.6066
vn 0.4893 0.1349 0.8616
vn 0.7803 -0.2425 0.5764
vn 0.0851 0.4418 0.8931
vn 0.3532 0.6555 0.6675
vn 0.4004 0.7248 0.5607
vn 0.5103 -0.5351 0.6733
vn 0.1988 0.5403 0.8177
vn 0.5529 -0.4900 0.6740
vn 0.5928 0.2322 0.7712
vn 0.7142 -0.2919 0.6362
vn 0.0613 0.4067 0.9115
vn 0.5939 -0.4477 0.6684
vn 0.4892 -0.6308 0.6023
vn 0.7646 -0.2729 0.5839
vn 0.5195 -0.6280 0.5795
vn 0.1615 0.4910 0.8561
vn 0.5355 -0.5836 0.6105
vn 0.5775 -0.5420 0.6106
vn 0.7377 -0.3346 0.5864
vn 0.7200 -0.3636 0.5910
vn 0.7237 -0.3938 0.5667
vn 0.6790 -0.4675 0.5661
vn 0.6828 -0.4202 0.5977
vn 0.6084 -0.5130 0.6056
vn 0.6341 -0.4850 0.6023
vn 0.2691 0.5698 0.7765
vn 0.3074 0.6033 0.7359
vn 0.4251 0.6795 0.5980
vn 0.2107 0.4975 0.8415
vn 0.7536 0.3177 0.5754
vn 0.6442 0.4885 0.5885
vn 0.0196 0.9922 0.1234
vn -0.0343 0.9963 0.0782
vn 0.0166 0.9861 0.1652
vn -0.9746 0.0632 0.2147
vn -0.9697 0.1187 0.2136
vn -0.9740 0.1059 0.2001
vn -0.7360 0.6055 0.3028
vn -0.7097 0.6379 0.2992
vn -0.7523 0.6221 0.2168
vn -0.4642 0.8659 0.1864
vn -0.4532 0.8680 0.2028
vn -0.4260 0.8855 0.1855
vn -0.2693 0.9448 0.1867
vn -0.2270 0.9560 0.1860
vn -0.2398 0.9562 0.1679
vn -0.6345 0.7458 0.2029
vn -0.5849 0.7820 0.2156
vn -0.5979 0.7750 0.2047
vn -0.6304 0.7459 0.2149
vn -0.0948 0.9815 0.1666
vn -0.0391 0.9853 0.1661
vn -0.0688 0.9899 0.1238
vn -0.9116 0.3603 0.1979
vn -0.8939 0.4023 0.1976
vn -0.9069 0.3799 0.1821
vn -0.7093 0.6710 0.2161
vn -0.6745 0.6766 0.2955
vn -0.6700 0.7108 0.2142
vn -0.4137 0.8875 0.2030
vn -0.3736 0.9075 0.1917
vn -0.9637 0.1661 0.2090
vn -0.9526 0.2188 0.2111
vn -0.9689 0.1565 0.1917
vn -0.1820 0.9660 0.1836
vn -0.1897 0.9675 0.1671
vn -0.9575 0.2143 0.1932
vn -0.7097 0.6937 0.1229
vn -0.6841 0.7086 0.1729
vn -0.6859 0.7178 0.1198
vn -0.7162 0.6768 0.1702
vn -0.6361 0.7093 0.3036
vn -0.5707 0.7973 0.1966
vn -0.3705 0.9060 0.2048
vn -0.8229 0.5374 0.1845
vn -0.7964 0.5803 0.1706
vn -0.8200 0.5466 0.1700
vn -0.1447 0.9754 0.1665
vn -0.5364 0.8159 0.2159
vn -0.5382 0.8175 0.2051
vn -0.9529 0.0521 0.2989
vn -0.8738 0.4443 0.1979
vn -0.8788 0.4408 0.1829
vn -0.1272 0.9749 0.1826
vn -0.7895 0.5850 0.1855
vn -0.7703 0.6131 0.1756
vn -0.6068 0.7343 0.3043
vn -0.6554 0.7341 0.1775
vn -0.6455 0.7539 0.1228
vn -0.9456 0.0977 0.3102
vn -0.3193 0.9254 0.2040
vn -0.3205 0.9288 0.1862
vn -0.9381 0.2752 0.2102
vn -0.9428 0.2705 0.1950
vn -0.4839 0.8477 0.2174
vn -0.4968 0.8437 0.2034
vn -0.5714 0.7633 0.3013
vn -0.0744 0.9807 0.1809
vn -0.9413 0.1548 0.3000
vn -0.6223 0.7633 0.1739
vn -0.2669 0.9418 0.2042
vn -0.8478 0.4914 0.1993
vn -0.8518 0.4902 0.1848
vn -0.0203 0.9831 0.1818
vn -0.5205 0.7984 0.3028
vn -0.5980 0.7932 0.1147
vn -0.9205 0.3256 0.2159
vn -0.9269 0.3200 0.1961
vn -0.4269 0.8775 0.2185
vn -0.9322 0.2153 0.2908
vn -0.2069 0.9567 0.2049
vn -0.5873 0.7913 0.1701
vn -0.1685 0.9659 0.1967
vn -0.4764 0.8281 0.2955
vn -0.3721 0.9021 0.2186
vn -0.8184 0.5387 0.2000
vn -0.1279 0.9718 0.1983
vn -0.0918 0.9760 0.1977
vn -0.7145 0.6757 0.1813
vn -0.7388 0.6473 0.1876
vn -0.7464 0.6427 0.1725
vn -0.8979 0.3855 0.2125
vn -0.0547 0.9789 0.1967
vn -0.3185 0.9223 0.2188
vn -0.4209 0.8562 0.2997
vn -0.5635 0.8070 0.1763
vn -0.5442 0.8315 0.1118
vn -0.9169 0.2708 0.2932
vn -0.0096 0.9804 0.1966
vn -0.7620 0.6182 0.1926
vn -0.2662 0.9386 0.2193
vn -0.3635 0.8809 0.3032
vn -0.5235 0.8345 0.1721
vn -0.7901 0.5809 0.1955
vn -0.1537 0.9641 0.2166
vn -0.7079 0.6790 0.1946
vn -0.2072 0.9530 0.2211
vn -0.9889 0.0416 0.1427
vn -0.9952 0.0720 0.0656
vn -0.1116 0.9700 0.2162
vn -0.9837 0.1056 0.1452
vn -0.3177 0.9062 0.2791
vn -0.9893 0.1022 0.1044
vn -0.5016 0.8551 0.1312
vn -0.0195 0.9774 0.2105
vn -0.0701 0.9735 0.2175
vn -0.9827 0.1544 0.1024
vn -0.2796 0.9072 0.3143
vn -0.9766 0.1517 0.1524
vn -0.8699 0.4442 0.2143
vn -0.6759 0.7124 0.1888
vn -0.9676 0.2012 0.1525
vn -0.2329 0.9233 0.3053
vn -0.9773 0.2005 0.0688
vn -0.4787 0.8608 0.1730
vn -0.1772 0.9350 0.3070
vn -0.9652 0.2517 0.0704
vn -0.9854 0.0118 0.1696
vn -0.0218 0.9739 0.2261
vn -0.9539 0.2561 0.1565
vn -0.4564 0.8829 0.1101
vn -0.5959 0.7812 0.1859
vn -0.1267 0.9475 0.2936
vn -0.8860 0.3552 0.2981
vn -0.0726 0.9633 0.2586
vn -0.9524 0.2888 0.0971
vn -0.9843 0.0558 0.1672
vn -0.9813 0.1074 0.1600
vn -0.9865 0.0580 0.1534
vn -0.8988 0.3191 0.3006
vn -0.6364 0.7473 0.1910
vn -0.8433 0.4928 0.2144
vn -0.9739 0.1508 0.1695
vn -0.9376 0.3100 0.1577
vn -0.0270 0.9464 0.3220
vn 0.0213 0.9528 0.3030
vn -0.4276 0.8875 0.1717
vn -0.7883 0.5784 0.2101
vn -0.9320 0.3440 0.1141
vn -0.8685 0.3897 0.3062
vn -0.9824 0.0140 0.1861
vn -0.9782 0.1053 0.1791
vn -0.9810 0.0593 0.1845
vn -0.9789 0.0489 0.1984
vn -0.9662 0.1924 0.1715
vn -0.9202 0.3596 0.1546
vn -0.3976 0.9104 0.1145
vn -0.7629 0.6134 0.2043
vn -0.7365 0.6457 0.2016
vn -0.9583 0.2287 0.1711
vn -0.9143 0.3979 0.0763
vn -0.8140 0.5392 0.2161
vn -0.5463 0.8166 0.1864
vn -0.9481 0.2669 0.1730
vn -0.9202 0.3545 0.1659
vn -0.9037 0.3954 0.1644
vn -0.3733 0.9126 0.1666
vn -0.8464 0.4354 0.3067
vn -0.8861 0.4330 0.1653
vn -0.8938 0.4422 0.0745
vn -0.5000 0.8454 0.1879
vn -0.6730 0.7114 0.2023
vn -0.9322 0.3166 0.1753
vn -0.3501 0.9337 0.0745
vn -0.7087 0.6741 0.2082
vn -0.8756 0.4686 0.1172
vn -0.8644 0.4743 0.1668
vn -0.8213 0.4857 0.2992
vn -0.3409 0.9239 0.1736
vn -0.3049 0.9456 0.1133
vn -0.8589 0.5070 0.0721
vn -0.2952 0.9404 0.1686
vn -0.8433 0.5105 0.1679
vn -0.8341 0.5393 0.1156
vn -0.3848 0.9056 0.1784
vn -0.7900 0.5308 0.3067
vn -0.2444 0.9628 0.1150
vn -0.8011 0.5862 0.1211
vn -0.7631 0.5753 0.2946
vn -0.2031 0.9759 0.0795
vn -0.7753 0.6266 0.0792
vn -0.1481 0.9809 0.1260
vn -0.7455 0.6546 0.1250
vn -0.0988 0.9923 0.0752
vn -0.7920 0.0700 -0.6065
vn -0.9116 0.0400 -0.4091
vn -0.9384 0.0362 -0.3437
vn -0.9598 0.0390 -0.2781
vn -0.9783 0.0346 -0.2044
vn -0.9898 0.0351 -0.1381
vn -0.9904 0.0773 -0.1149
vn -0.5010 0.8643 0.0435
vn -0.4249 0.9043 0.0422
vn 0.0229 0.1210 -0.9924
vn -0.0286 0.1252 -0.9917
vn -0.0800 0.1302 -0.9883
vn -0.9891 0.1222 -0.0827
vn -0.9925 0.0905 -0.0817
vn -0.2744 0.9606 0.0443
vn -0.1412 0.1386 -0.9802
vn -0.1876 0.1485 -0.9710
vn -0.1517 0.9877 0.0374
vn -0.9893 0.0986 -0.1073
vn -0.2438 0.1618 -0.9562
vn -0.9923 0.0764 -0.0978
vn -0.2901 0.1671 -0.9423
vn -0.9945 0.0605 -0.0859
vn 0.0191 0.9992 0.0353
vn -0.3533 0.1738 -0.9192
vn -0.9973 0.0404 -0.0616
vn -0.4202 0.1688 -0.8916
vn -0.9974 0.0376 -0.0623
vn -0.4714 0.1671 -0.8659
vn -0.5195 0.1573 -0.8399
vn -0.9948 0.0448 -0.0910
vn -0.5679 0.1351 -0.8120
vn -0.9963 0.0276 -0.0808
vn -0.6286 0.1050 -0.7706
vn -0.9991 0.0047 -0.0414
vn -0.6842 0.1031 -0.7220
vn -0.9999 -0.0042 -0.0120
vn -0.7169 0.1129 -0.6879
vn -0.9998 -0.0117 0.0144
vn -0.7477 0.0993 -0.6566
vn -0.9996 -0.0136 0.0264
vn -0.9993 0.0142 0.0343
vn -0.8215 0.0998 -0.5614
vn -0.8532 0.1030 -0.5113
vn -0.9895 0.1404 0.0355
vn -0.8712 0.1258 -0.4746
vn -0.8894 0.1248 -0.4398
vn -0.9417 0.3340 0.0405
vn -0.9148 0.1113 -0.3882
vn -0.9340 0.1094 -0.3401
vn -0.9487 0.1166 -0.2940
vn -0.9614 0.1101 -0.2523
vn -0.8183 0.5733 0.0428
vn -0.9746 0.1120 -0.1937
vn -0.7291 0.6828 0.0457
vn -0.6756 0.7361 0.0414
vn -0.6294 0.7758 0.0449
vn -0.5730 0.8182 0.0463
vn -0.9875 0.1148 -0.1082
vn 0.9211 0.3894 -0.0000
vn 0.8877 0.4604 -0.0004
vn 0.8979 0.4332 0.0777
vn -0.0878 0.9961 -0.0004
vn -0.1762 0.9844 -0.0004
vn -0.9998 0.0220 0.0011
vn -0.9998 -0.0211 -0.0022
vn 0.9234 0.3820 0.0371
vn 0.9485 0.3140 0.0419
vn 0.9462 0.3236 -0.0001
vn -0.9963 0.0859 -0.0000
vn 0.0036 1.0000 -0.0002
vn 0.9649 0.2625 -0.0001
vn 0.9674 0.2429 0.0720
vn -0.9882 0.1531 -0.0001
vn 0.9818 0.1902 -0.0004
vn 0.9785 0.1936 0.0712
vn -0.9752 0.2213 -0.0001
vn 0.9898 0.1384 0.0339
vn 0.0742 0.9939 0.0813
vn -0.9590 0.2833 -0.0002
vn 0.9940 0.1098 -0.0005
vn 0.0897 0.9960 -0.0002
vn 0.9955 0.0652 0.0686
vn -0.9393 0.3431 -0.0002
vn 0.1192 0.9899 0.0764
vn 0.9991 0.0415 -0.0021
vn 0.1743 0.9847 -0.0004
vn 0.9993 0.0195 0.0330
vn 0.1799 0.9829 0.0393
vn -0.9159 0.4014 -0.0000
vn 0.9999 0.0104 0.0001
vn 0.9997 -0.0260 -0.0015
vn 0.2431 0.9692 0.0402
vn 0.9998 -0.0203 -0.0018
vn 1.0000 0.0028 -0.0023
vn 0.9997 -0.0228 -0.0003
vn -0.8882 0.4594 0.0002
vn 0.2564 0.9666 -0.0003
vn 0.3000 0.9505 0.0807
vn -0.8534 0.5213 -0.0002
vn 0.3294 0.9442 -0.0004
vn 0.3684 0.9287 0.0432
vn -0.8126 0.5828 -0.0001
vn 0.3952 0.9186 -0.0004
vn 0.4474 0.8932 0.0440
vn -0.7726 0.6349 -0.0000
vn 0.4542 0.8909 -0.0001
vn -0.7284 0.6852 -0.0001
vn 0.5122 0.8589 -0.0000
vn 0.5122 0.8553 0.0784
vn -0.6772 0.7358 -0.0001
vn 0.5664 0.8230 0.0437
vn 0.5670 0.8237 -0.0001
vn -0.6164 0.7875 -0.0004
vn 0.6241 0.7813 -0.0002
vn 0.6139 0.7851 0.0820
vn 0.6526 0.7534 0.0801
vn -0.5471 0.8371 -0.0007
vn 0.6828 0.7306 -0.0005
vn 0.7164 0.6963 0.0428
vn -0.4740 0.8805 -0.0007
vn 0.7357 0.6773 -0.0004
vn 0.7810 0.6227 0.0482
vn 0.7875 0.6163 -0.0003
vn -0.4037 0.9149 -0.0003
vn -0.3406 0.9402 0.0001
vn 0.8323 0.5529 0.0393
vn 0.8419 0.5396 -0.0006
vn -0.2651 0.9642 -0.0000
vn 0.8715 0.4889 0.0389
vn -0.0127 -0.8901 -0.4555
vn -0.0522 -0.8315 -0.5531
vn -0.0676 -0.9021 -0.4262
vn -0.2113 -0.8290 -0.5179
vn -0.1583 -0.7831 -0.6014
vn -0.1755 -0.7585 -0.6276
vn -0.1704 -0.7287 -0.6633
vn -0.1957 -0.8685 -0.4555
vn -0.1520 -0.8602 -0.4867
vn -0.1077 -0.8855 -0.4520
vn -0.0908 -0.8305 -0.5496
vn -0.1338 -0.8155 -0.5630
vn -0.1124 -0.9387 -0.3260
vn -0.0996 -0.9676 -0.2321
vn -0.1823 -0.1464 -0.9723
vn -0.1516 -0.0548 -0.9869
vn -0.2240 -0.1548 -0.9622
vn -0.1715 -0.6746 -0.7179
vn -0.2526 -0.4514 -0.8558
vn -0.1803 -0.3705 -0.9112
vn -0.2144 -0.3443 -0.9141
vn -0.2317 -0.7129 -0.6618
vn -0.1820 -0.6027 -0.7770
vn 0.0124 -0.9429 -0.3329
vn -0.0385 -0.9476 -0.3171
vn -0.2703 -0.6557 -0.7050
vn -0.2149 -0.5662 -0.7958
vn -0.2374 -0.5127 -0.8251
vn -0.1798 -0.2414 -0.9536
vn -0.2271 -0.2584 -0.9390
vn -0.2239 -0.7755 -0.5902
vn -0.2409 -0.6550 -0.7162
vn -0.2861 -0.5941 -0.7518
vn -0.2695 -0.3802 -0.8848
vn -0.0207 -0.9766 -0.2143
vn 0.0126 -0.9698 -0.2436
vn -0.0649 -0.9811 -0.1824
vn -0.2881 -0.7931 -0.5367
vn -0.0079 -0.9928 -0.1193
vn -0.2638 -0.8900 -0.3719
vn -0.3056 -0.7424 -0.5962
vn -0.3121 -0.4979 -0.8091
vn -0.3083 -0.5689 -0.7625
vn -0.3142 -0.6637 -0.6788
vn -0.1337 -0.9441 -0.3014
vn -0.2552 -0.2643 -0.9301
vn -0.3015 -0.2565 -0.9183
vn -0.3191 -0.3524 -0.8798
vn -0.1686 -0.9135 -0.3702
vn -0.2144 -0.9128 -0.3477
vn -0.0423 -0.9990 -0.0172
vn 0.0149 -0.9998 -0.0165
vn 0.0138 -0.9986 -0.0511
vn -0.2781 -0.8426 -0.4611
vn -0.2362 -0.9356 -0.2623
vn -0.1808 -0.9453 -0.2714
vn -0.1537 -0.9726 -0.1745
vn -0.3109 -0.8744 -0.3725
vn -0.3693 -0.5966 -0.7125
vn -0.3668 -0.6724 -0.6429
vn -0.3526 -0.4826 -0.8017
vn -0.1624 -0.9834 -0.0806
vn -0.1185 -0.9884 -0.0949
vn -0.3680 -0.7456 -0.5556
vn -0.3470 -0.3731 -0.8605
vn -0.3308 -0.8069 -0.4895
vn -0.0531 -0.9923 -0.1122
vn -0.2868 -0.9125 -0.2915
vn -0.1006 -0.9942 -0.0390
vn -0.3416 -0.2663 -0.9013
vn -0.3761 -0.3942 -0.8386
vn -0.2072 -0.9620 -0.1780
vn -0.3147 -0.9300 -0.1897
vn -0.4352 -0.5929 -0.6776
vn -0.4246 -0.6779 -0.6002
vn -0.1975 -0.9754 -0.0976
vn -0.3433 -0.9014 -0.2638
vn -0.3987 -0.4774 -0.7830
vn -0.2196 -0.9747 -0.0425
vn -0.1751 -0.9839 -0.0367
vn -0.3796 -0.8577 -0.3468
vn -0.4163 -0.4927 -0.7642
vn -0.4422 -0.5563 -0.7036
vn -0.3587 -0.8711 -0.3355
vn -0.2462 -0.9653 -0.0870
vn -0.2724 -0.9617 -0.0305
vn -0.3646 -0.3098 -0.8781
vn -0.4017 -0.2429 -0.8830
vn -0.4044 -0.3613 -0.8402
vn -0.4215 -0.4570 -0.7833
vn -0.4342 -0.7409 -0.5124
vn -0.3000 -0.9521 -0.0590
vn -0.2984 -0.9469 -0.1199
vn -0.2749 -0.9481 -0.1596
vn -0.3828 -0.8459 -0.3713
vn -0.4704 -0.6335 -0.6143
vn -0.4607 -0.6831 -0.5667
vn -0.4124 -0.8821 -0.2274
vn -0.3885 -0.8057 -0.4472
vn -0.4620 -0.2867 -0.8393
vn -0.3209 -0.9466 -0.0319
vn -0.4858 -0.4665 -0.7392
vn -0.4895 -0.3678 -0.7906
vn -0.4552 -0.8644 -0.2137
vn -0.4554 -0.8393 -0.2968
vn -0.3478 -0.9343 -0.0779
vn -0.4602 -0.5770 -0.6747
vn -0.4908 -0.6523 -0.5776
vn -0.3647 -0.9305 -0.0356
vn -0.4287 -0.8025 -0.4151
vn -0.5319 -0.4501 -0.7173
vn -0.4958 -0.6960 -0.5193
vn -0.4914 -0.8416 -0.2240
vn -0.3949 -0.9157 -0.0741
vn -0.4909 -0.7411 -0.4580
vn -0.5715 -0.3865 -0.7239
vn -0.4189 -0.9075 -0.0294
vn -0.5211 -0.5561 -0.6475
vn -0.4522 -0.5159 -0.7276
vn -0.4953 -0.8169 -0.2955
vn -0.3787 -0.9135 -0.1489
vn -0.4423 -0.8948 -0.0609
vn -0.4321 -0.8927 -0.1282
vn -0.5221 -0.6616 -0.5383
vn -0.5449 -0.7047 -0.4544
vn -0.4682 -0.7842 -0.4073
vn -0.5157 -0.8474 -0.1262
vn -0.5550 -0.6115 -0.5639
vn -0.5426 -0.8126 -0.2128
vn -0.5755 -0.6778 -0.4576
vn -0.5929 -0.6092 -0.5266
vn -0.5789 -0.5084 -0.6375
vn -0.4821 -0.8758 -0.0243
vn -0.4765 -0.8716 -0.1153
vn -0.6080 -0.4340 -0.6648
vn -0.4934 -0.8681 -0.0554
vn -0.5096 -0.7866 -0.3486
vn -0.0011 0.0233 -0.9997
vn 0.0036 0.0529 -0.9986
vn -0.0020 0.1138 -0.9935
vn -0.6386 -0.5987 -0.4835
vn -0.6244 -0.5442 -0.5603
vn -0.0036 -0.0583 -0.9983
vn 0.0038 -0.0604 -0.9982
vn -0.5527 -0.8244 -0.1219
vn -0.6555 -0.4413 -0.6128
vn -0.6169 -0.4890 -0.6167
vn 0.0080 -0.1686 -0.9856
vn -0.5499 -0.7387 -0.3898
vn -0.0144 -0.2133 -0.9769
vn -0.5870 -0.8022 -0.1092
vn -0.0186 -0.1410 -0.9898
vn -0.0178 -0.0410 -0.9990
vn -0.5995 -0.7839 -0.1619
vn -0.5738 -0.7822 -0.2426
vn -0.5354 -0.8442 -0.0270
vn -0.5430 -0.8378 -0.0569
vn -0.6765 -0.6007 -0.4261
vn -0.6716 -0.5238 -0.5240
vn -0.5787 -0.8153 -0.0214
vn -0.7133 -0.4414 -0.5444
vn -0.7195 -0.5050 -0.4768
vn -0.6445 -0.7358 -0.2080
vn -0.5416 -0.7872 -0.2949
vn -0.5948 -0.8023 -0.0512
vn -0.7278 -0.5521 -0.4069
vn -0.6319 -0.7647 -0.1264
vn -0.7510 -0.4539 -0.4796
vn -0.7386 -0.5941 -0.3185
vn -0.6226 -0.7816 -0.0380
vn -0.6759 -0.7207 -0.1543
vn -0.6379 -0.7664 -0.0762
vn -0.7974 -0.4368 -0.4164
vn -0.7741 -0.4984 -0.3904
vn -0.6689 -0.7426 -0.0337
vn -0.7142 -0.6790 -0.1696
vn -0.7079 -0.6981 -0.1068
vn -0.7747 -0.5469 -0.3174
vn -0.8227 -0.4671 -0.3240
vn -0.6799 -0.7305 -0.0640
vn -0.7041 -0.7093 -0.0335
vn -0.5897 -0.7506 -0.2981
vn -0.8427 -0.4161 -0.3416
vn -0.7570 -0.6391 -0.1362
vn -0.7168 -0.6952 -0.0539
vn -0.7400 -0.6695 -0.0647
vn -0.8573 -0.4438 -0.2611
vn -0.7775 -0.6256 -0.0641
vn -0.8658 -0.4087 -0.2887
vn -0.9487 -0.2985 -0.1042
vn -0.9218 -0.3729 -0.1058
vn -0.9309 -0.3336 -0.1488
vn -0.6252 -0.7013 -0.3426
vn -0.9643 -0.2616 -0.0407
vn -0.9698 -0.2324 -0.0746
vn -0.9818 -0.1826 -0.0520
vn -0.9744 -0.2230 -0.0293
vn -0.9871 -0.1559 -0.0359
vn -0.9559 -0.2937 -0.0038
vn -0.9724 -0.2328 -0.0150
vn -0.9718 -0.2357 -0.0067
vn -0.9996 -0.0272 0.0013
vn -0.9971 -0.0759 -0.0009
vn -0.9991 -0.0412 -0.0012
vn -0.0531 -0.0322 -0.9981
vn -0.0451 -0.0446 -0.9980
vn -0.0241 0.0523 -0.9983
vn -0.0473 -0.1353 -0.9897
vn -0.0495 -0.2538 -0.9660
vn -0.0366 -0.1582 -0.9867
vn -0.0305 -0.0756 -0.9967
vn -0.6260 -0.6602 -0.4151
vn -0.0725 -0.1307 -0.9888
vn -0.0863 -0.0811 -0.9930
vn -0.0840 -0.3553 -0.9310
vn -0.0502 -0.3502 -0.9353
vn -0.0775 -0.2882 -0.9544
vn -0.0620 -0.1716 -0.9832
vn -0.0953 -0.3978 -0.9125
vn -0.6350 -0.7238 -0.2699
vn -0.0853 -0.4553 -0.8862
vn -0.0740 -0.5615 -0.8242
vn -0.0166 -0.5517 -0.8339
vn -0.0358 -0.4640 -0.8851
vn -0.6572 -0.6480 -0.3850
vn -0.0310 -0.6425 -0.7657
vn -0.6764 -0.6727 -0.3001
vn -0.1172 -0.4199 -0.9000
vn -0.1241 -0.5089 -0.8518
vn -0.1061 -0.5399 -0.8350
vn -0.1194 -0.3413 -0.9323
vn -0.0831 -0.2397 -0.9673
vn -0.1121 -0.6443 -0.7565
vn -0.1237 -0.1554 -0.9801
vn -0.0949 -0.0385 -0.9947
vn -0.0826 -0.6750 -0.7331
vn -0.0253 -0.7407 -0.6714
vn -0.6803 -0.6934 -0.2374
vn -0.1406 -0.3162 -0.9382
vn -0.1038 -0.2164 -0.9708
vn -0.1459 -0.4376 -0.8873
vn -0.1778 -0.4390 -0.8807
vn -0.1527 -0.1433 -0.9778
vn -0.1221 -0.0650 -0.9904
vn -0.1435 -0.6866 -0.7127
vn -0.1330 -0.5991 -0.7896
vn -0.0831 -0.7635 -0.6405
vn -0.1138 -0.7320 -0.6717
vn -0.1567 -0.5558 -0.8164
vn -0.1578 -0.2524 -0.9547
vn -0.6991 -0.6339 -0.3309
vn -0.7161 -0.6537 -0.2448
vn -0.1363 -0.8605 -0.4909
vn -0.2787 -0.1663 -0.9459
vn -0.2029 -0.0801 -0.9759
vn -0.7503 -0.6102 -0.2544
vn -0.7377 -0.6444 -0.2013
vn -0.7852 -0.5752 -0.2293
vn -0.8149 -0.5101 -0.2752
vn -0.7725 -0.6042 -0.1954
vn -0.9501 -0.3098 -0.0374
vn -0.9599 -0.2798 -0.0164
vn -0.0250 -0.0095 -0.9996
vn -0.7427 -0.6687 -0.0342
vn -0.8164 -0.5438 -0.1946
vn -0.8438 -0.4842 -0.2314
vn -0.7991 -0.5788 -0.1627
vn -0.7946 -0.5976 -0.1070
vn -0.7830 -0.6214 -0.0285
vn -0.8379 -0.5164 -0.1766
vn -0.8798 -0.4139 -0.2337
vn -0.8306 -0.5437 -0.1204
vn -0.8714 -0.4583 -0.1747
vn -0.8070 -0.5855 -0.0768
vn -0.8580 -0.4929 -0.1446
vn -0.8187 -0.5735 -0.0299
vn -0.8142 -0.5802 -0.0214
vn -0.9001 -0.3837 -0.2066
vn -0.8817 -0.4495 -0.1435
vn -0.8629 -0.4976 -0.0886
vn -0.8463 -0.5305 -0.0493
vn -0.9134 -0.3752 -0.1576
vn -0.9195 -0.3471 -0.1845
vn -0.8971 -0.4278 -0.1103
vn -0.8510 -0.5247 -0.0246
vn -0.8899 -0.4515 -0.0648
vn -0.9185 -0.3888 -0.0715
vn -0.8736 -0.4850 -0.0399
vn -0.9411 -0.3331 -0.0586
vn -0.9116 -0.4099 -0.0306
vn -0.8828 -0.4693 -0.0223
vn -0.8947 -0.4455 -0.0335
vn -0.9648 -0.2430 -0.1006
vn -0.9240 -0.3819 -0.0178
vn -0.9126 -0.4085 -0.0173
vn -0.9374 -0.3480 -0.0152
vn -0.9816 -0.1906 -0.0132
vn -0.9906 -0.1348 -0.0218
vn -0.9832 -0.1823 -0.0065
vn -0.9879 -0.1549 -0.0048
vn -0.9976 -0.0693 -0.0030
vn -0.9964 -0.0848 -0.0077
vn -0.9988 -0.0483 -0.0049
vn -0.9940 -0.1084 -0.0137
vn -0.9909 -0.1349 -0.0025
vn -0.9948 -0.1008 -0.0141
vn -0.9923 -0.1241 -0.0023
vn -0.9966 -0.0827 0.0003
vn -0.0035 0.0654 -0.9979
vn 0.0071 -0.3893 -0.9211
vn -0.0562 0.0104 -0.9984
vn 0.0112 -0.4395 -0.8982
vn 0.0376 -0.6411 -0.7666
vn -0.0088 -0.8184 -0.5745
vn -0.7454 0.3543 -0.5646
vn -0.7962 0.3325 -0.5055
vn -0.7958 0.3082 -0.5212
vn -0.8412 0.2452 -0.4818
vn -0.8066 0.2521 -0.5347
vn -0.8135 0.2640 -0.5181
vn -0.5040 0.3803 -0.7755
vn -0.5245 0.4233 -0.7387
vn -0.5663 0.3913 -0.7254
vn -0.4533 0.4271 -0.7824
vn -0.9926 -0.0575 -0.1069
vn -0.9899 -0.0907 -0.1086
vn -0.9891 -0.0543 -0.1370
vn -0.8745 -0.3627 -0.3220
vn -0.8303 -0.3803 -0.4074
vn -0.8556 -0.3427 -0.3880
vn -0.8320 0.2718 -0.4837
vn -0.8393 0.2901 -0.4598
vn -0.8654 0.2575 -0.4299
vn -0.3189 0.4683 -0.8240
vn -0.3219 0.5148 -0.7946
vn -0.3716 0.4715 -0.7998
vn -0.2097 0.5960 -0.7751
vn -0.2679 0.5727 -0.7747
vn -0.1952 0.5447 -0.8156
vn -0.9325 -0.2894 -0.2160
vn -0.9126 -0.3028 -0.2749
vn -0.9354 -0.2541 -0.2457
vn -0.9535 -0.2201 -0.2059
vn -0.4108 0.4488 -0.7937
vn -0.3822 0.4139 -0.8262
vn -0.9977 -0.0140 -0.0668
vn -0.9955 0.0062 -0.0948
vn -0.7415 0.3272 -0.5858
vn -0.2469 0.5232 -0.8157
vn -0.3153 0.5580 -0.7676
vn -0.9007 -0.3500 -0.2573
vn -0.2714 0.4728 -0.8383
vn -0.1709 0.5702 -0.8035
vn -0.1644 0.6091 -0.7759
vn -0.9653 -0.2199 -0.1407
vn -0.9527 -0.2477 -0.1762
vn -0.4498 0.3715 -0.8122
vn -0.9758 -0.1820 -0.1211
vn -0.9674 -0.1805 -0.1777
vn -0.9774 -0.1501 -0.1487
vn -0.1598 0.6450 -0.7472
vn -0.1683 0.6869 -0.7070
vn -0.2022 0.6398 -0.7415
vn -0.2156 0.4974 -0.8403
vn -0.6841 0.3581 -0.6354
vn -0.6992 0.3894 -0.5995
vn -0.3144 0.4075 -0.8574
vn -0.1975 0.7196 -0.6658
vn -0.1981 0.6880 -0.6982
vn -0.1543 0.7174 -0.6793
vn -0.6444 0.3905 -0.6574
vn -0.6601 0.4232 -0.6206
vn -0.4083 0.3628 -0.8376
vn -0.9503 -0.2730 -0.1494
vn -0.5859 0.3036 -0.7514
vn -0.5660 0.3408 -0.7507
vn -0.6344 0.3213 -0.7031
vn -0.6609 0.2780 -0.6971
vn -0.7860 0.2876 -0.5473
vn -0.3555 0.3721 -0.8574
vn -0.1367 0.6765 -0.7237
vn -0.6194 0.2762 -0.7349
vn -0.9906 0.0210 -0.1352
vn -0.9815 -0.1574 -0.1090
vn -0.9705 -0.2146 -0.1103
vn -0.9865 0.0265 -0.1615
vn -0.6216 0.3669 -0.6921
vn -0.9179 -0.3316 -0.2181
vn -0.2622 0.4122 -0.8725
vn -0.2079 0.4466 -0.8703
vn -0.8453 0.2282 -0.4831
vn -0.8092 0.2247 -0.5429
vn -0.4983 0.2930 -0.8160
vn -0.5110 0.3294 -0.7940
vn -0.9805 -0.1758 -0.0884
vn -0.4517 0.3230 -0.8316
vn -0.3767 0.3338 -0.8641
vn -0.9883 -0.0077 -0.1525
vn -0.9736 -0.2099 -0.0902
vn -0.1609 0.4771 -0.8640
vn -0.1423 0.5178 -0.8436
vn -0.3115 0.3642 -0.8777
vn -0.1111 0.7198 -0.6852
vn -0.2192 0.3938 -0.8927
vn -0.9930 -0.0138 -0.1175
vn -0.9183 0.1916 -0.3464
vn -0.9388 0.1691 -0.3001
vn -0.9289 0.1582 -0.3350
vn -0.4098 0.2849 -0.8666
vn -0.1205 0.5942 -0.7952
vn -0.1192 0.5532 -0.8245
vn -0.1202 0.6329 -0.7648
vn -0.2567 0.3421 -0.9039
vn -0.1879 0.3275 -0.9260
vn -0.1690 0.4090 -0.8967
vn -0.9375 -0.2975 -0.1807
vn -0.6552 0.2422 -0.7156
vn -0.7244 0.2555 -0.6403
vn -0.1013 0.6533 -0.7503
vn -0.1192 0.4052 -0.9064
vn -0.9579 -0.2611 -0.1193
vn -0.5080 0.2504 -0.8242
vn -0.4476 0.2527 -0.8578
vn -0.5727 0.2615 -0.7769
vn -0.8376 0.2119 -0.5034
vn -0.2198 0.2875 -0.9322
vn -0.3267 0.3041 -0.8949
vn -0.2611 0.2644 -0.9284
vn -0.1014 0.5915 -0.7999
vn -0.8655 0.2118 -0.4539
vn -0.1099 0.4508 -0.8858
vn -0.1437 0.3627 -0.9207
vn -0.9764 -0.2043 -0.0707
vn -0.3561 0.2466 -0.9013
vn -0.4000 0.2330 -0.8864
vn -0.0810 0.5427 -0.8360
vn -0.9837 -0.1708 -0.0564
vn -0.4792 0.2038 -0.8537
vn -0.9956 -0.0306 -0.0883
vn -0.5363 0.2148 -0.8162
vn -0.5980 0.2061 -0.7746
vn -0.7639 0.2266 -0.6043
vn -0.7084 0.1961 -0.6780
vn -0.7039 0.2298 -0.6720
vn -0.0710 0.5027 -0.8616
vn -0.0911 0.4632 -0.8815
vn -0.0907 0.3468 -0.9335
vn -0.0698 0.4052 -0.9116
vn -0.9432 0.1594 -0.2916
vn -0.9426 0.1392 -0.3035
vn -0.0519 0.6030 -0.7961
vn -0.0611 0.6437 -0.7628
vn -0.0726 0.6046 -0.7932
vn -0.5415 0.1731 -0.8227
vn -0.9884 -0.1476 -0.0350
vn -0.8704 0.1834 -0.4569
vn -0.7464 0.1988 -0.6351
vn 0.0002 0.7713 -0.6364
vn 0.0010 0.8049 -0.5934
vn -0.0244 0.8067 -0.5905
vn -0.1663 0.2569 -0.9520
vn -0.2112 0.2465 -0.9459
vn -0.1860 0.1959 -0.9628
vn -0.8017 0.1861 -0.5681
vn -0.0536 0.4268 -0.9027
vn -0.8402 0.1787 -0.5119
vn -0.8190 0.1497 -0.5538
vn -0.3346 0.1844 -0.9242
vn -0.4131 0.1799 -0.8928
vn -0.0567 0.5084 -0.8592
vn -0.0513 0.5567 -0.8291
vn -0.7710 0.1683 -0.6142
vn -0.7232 0.1637 -0.6709
vn -0.0885 0.3038 -0.9486
vn -0.0510 0.3567 -0.9328
vn -0.6019 0.1697 -0.7803
vn -0.6468 0.2048 -0.7346
vn -0.6648 0.1621 -0.7293
vn -0.6170 0.4615 -0.6374
vn -0.5600 0.4936 -0.6654
vn -0.6018 0.5068 -0.6173
vn -0.6676 0.4504 -0.5929
vn -0.4873 0.5434 -0.6836
vn -0.5425 0.5258 -0.6551
vn -0.5047 0.5118 -0.6952
vn -0.8926 0.2258 -0.3902
vn -0.8968 0.2412 -0.3709
vn -0.9209 0.2017 -0.3336
vn -0.3840 0.1435 -0.9121
vn -0.6097 0.4415 -0.6583
vn -0.4052 0.5934 -0.6955
vn -0.3533 0.6447 -0.6779
vn -0.4002 0.6353 -0.6605
vn -0.5507 0.4754 -0.6861
vn -0.3604 0.1076 -0.9266
vn -0.4513 0.5392 -0.7111
vn -0.1277 0.2530 -0.9590
vn -0.1428 0.1867 -0.9720
vn -0.2769 0.1566 -0.9481
vn -0.0461 0.2991 -0.9531
vn -0.0580 0.2338 -0.9706
vn -0.9426 0.1722 -0.2860
vn -0.9570 0.1523 -0.2470
vn -0.9545 0.1529 -0.2562
vn -0.8768 0.2325 -0.4209
vn -0.2278 0.1171 -0.9666
vn -0.2323 0.1844 -0.9550
vn -0.0897 0.1883 -0.9780
vn -0.1073 0.1350 -0.9850
vn -0.0941 0.2436 -0.9653
vn -0.9065 0.2100 -0.3663
vn -0.3016 0.0931 -0.9489
vn -0.7791 0.1335 -0.6126
vn -0.5349 0.4496 -0.7154
vn -0.5949 0.4192 -0.6858
vn -0.6759 0.1139 -0.7281
vn -0.4323 0.1206 -0.8936
vn -0.9692 0.1302 -0.2090
vn -0.9652 0.1343 -0.2245
vn -0.0295 0.4928 -0.8697
vn -0.0331 0.4290 -0.9027
vn -0.0083 0.4521 -0.8919
vn -0.5495 0.1161 -0.8274
vn -0.4892 0.1072 -0.8655
vn -0.0486 0.1675 -0.9847
vn -0.0325 0.3123 -0.9494
vn -0.4082 0.5127 -0.7553
vn -0.8654 0.1420 -0.4806
vn -0.8318 0.0961 -0.5467
vn -0.0730 0.1215 -0.9899
vn -0.0271 0.2544 -0.9667
vn -0.3355 0.0686 -0.9395
vn -0.0283 0.3773 -0.9257
vn -0.0174 0.3196 -0.9474
vn -0.1037 0.1098 -0.9885
vn -0.1589 0.1420 -0.9770
vn -0.4647 0.4752 -0.7471
vn -0.8829 0.2198 -0.4149
vn -0.1745 0.0889 -0.9806
vn -0.2075 0.0439 -0.9772
vn -0.1575 0.0366 -0.9868
vn -0.4178 0.0616 -0.9064
vn -0.3427 0.0231 -0.9392
vn -0.0233 0.1817 -0.9831
vn -0.2716 0.0427 -0.9615
vn -0.6075 0.1128 -0.7863
vn -0.6239 0.0555 -0.7796
vn -0.9996 -0.0209 -0.0215
vn -0.9999 -0.0046 -0.0093
vn -0.9999 -0.0160 -0.0041
vn -0.7320 0.1056 -0.6731
vn -0.6757 0.0711 -0.7337
vn -0.4880 0.0578 -0.8710
vn -0.9260 0.1865 -0.3284
vn -0.9042 0.2020 -0.3764
vn -0.8723 0.0807 -0.4822
vn -0.8893 0.1154 -0.4425
vn -0.8635 0.2313 -0.4482
vn -0.7646 0.0424 -0.6431
vn -0.7938 0.0773 -0.6033
vn -0.2531 0.6214 -0.7415
vn -0.2322 0.6648 -0.7100
vn -0.0512 0.0880 -0.9948
vn -0.9989 -0.0471 -0.0043
vn -0.8594 0.0411 -0.5097
vn -0.8255 0.0196 -0.5641
vn -0.6561 0.5169 -0.5498
vn -0.6541 0.5519 -0.5173
vn -0.7120 0.5035 -0.4895
vn -0.9469 0.1637 -0.2766
vn -0.9324 0.1826 -0.3118
vn -0.6944 0.4849 -0.5317
vn -0.6577 0.4924 -0.5700
vn -0.2850 -0.0169 -0.9584
vn -0.5885 0.5337 -0.6073
vn -0.6097 0.5547 -0.5662
vn -0.4421 0.0047 -0.8969
vn -0.3895 -0.0185 -0.9208
vn -0.5675 0.5692 -0.5949
vn -0.5138 0.6228 -0.5900
vn -0.5819 0.5943 -0.5552
vn -0.7984 0.0277 -0.6015
vn -0.2217 0.7048 -0.6739
vn -0.7306 0.0251 -0.6824
vn -0.8941 0.0334 -0.4467
vn -0.2320 -0.0230 -0.9725
vn -0.0741 0.0573 -0.9956
vn -0.3256 -0.0336 -0.9449
vn -0.5303 0.5573 -0.6389
vn -0.0262 0.1085 -0.9938
vn -0.4483 0.6340 -0.6301
vn -0.4890 0.5748 -0.6561
vn -0.0146 0.2070 -0.9782
vn -0.0068 0.1487 -0.9889
vn -0.1132 0.0209 -0.9934
vn -0.1850 -0.0080 -0.9827
vn -0.3953 -0.0545 -0.9169
vn -0.9653 0.1463 -0.2162
vn -0.4448 0.6011 -0.6640
vn -0.4729 -0.0628 -0.8789
vn -0.3964 -0.1126 -0.9112
vn -0.9760 0.0271 -0.2160
vn -0.9708 0.0682 -0.2298
vn -0.9759 0.0656 -0.2082
vn -0.9659 0.0093 -0.2589
vn -0.8743 -0.0321 -0.4843
vn -0.9034 -0.0130 -0.4285
vn -0.9012 -0.0872 -0.4246
vn -0.5362 -0.0754 -0.8407
vn -0.4821 -0.1424 -0.8645
vn -0.9495 0.1719 -0.2624
vn -0.9293 -0.0775 -0.3612
vn -0.9231 -0.0240 -0.3838
vn -0.9401 -0.0192 -0.3404
vn -0.7844 -0.1223 -0.6081
vn -0.7318 -0.1313 -0.6687
vn -0.7191 -0.0421 -0.6936
vn -0.9531 0.1520 -0.2619
vn -0.3101 -0.1080 -0.9446
vn -0.3712 -0.1750 -0.9119
vn -0.2599 -0.0876 -0.9616
vn -0.4389 0.5648 -0.6988
vn -0.5637 -0.1575 -0.8108
vn -0.6327 -0.1076 -0.7669
vn -0.6127 -0.2190 -0.7593
vn -0.8439 -0.1130 -0.5245
vn -0.7935 -0.1868 -0.5792
vn -0.8347 -0.0669 -0.5467
vn -0.7506 -0.2033 -0.6287
vn -0.4529 -0.2214 -0.8636
vn -0.9433 -0.1107 -0.3129
vn -0.9226 -0.1411 -0.3591
vn -0.9496 -0.0482 -0.3098
vn -0.8941 -0.1640 -0.4167
vn -0.8798 -0.1531 -0.4500
vn -0.5222 -0.2141 -0.8255
vn -0.8529 0.2286 -0.4693
vn -0.5427 -0.3046 -0.7827
vn -0.5802 -0.2387 -0.7787
vn -0.8538 -0.2183 -0.4726
vn -0.7447 -0.2819 -0.6050
vn -0.7022 -0.2600 -0.6628
vn -0.6418 -0.3050 -0.7036
vn -0.8583 -0.2771 -0.4318
vn -0.8136 -0.2944 -0.5014
vn -0.8218 -0.2157 -0.5273
vn -0.7538 -0.3341 -0.5658
vn -0.7008 -0.3519 -0.6206
vn -0.9342 -0.1745 -0.3113
vn -0.9555 -0.1419 -0.2587
vn -0.9416 -0.2034 -0.2683
vn -0.7813 -0.2640 -0.5656
vn -0.1684 0.7511 -0.6383
vn -0.9005 -0.2190 -0.3758
vn -0.9154 -0.2564 -0.3103
vn -0.7491 -0.3758 -0.5455
vn -0.7599 -0.3822 -0.5259
vn -0.3764 0.5848 -0.7186
vn -0.8102 -0.3484 -0.4714
vn -0.9543 -0.1798 -0.2385
vn -0.9728 -0.1312 -0.1908
vn -0.9828 -0.0980 -0.1564
vn -0.8801 0.2111 -0.4252
vn -0.9804 -0.1554 -0.1210
vn -0.9861 -0.1186 -0.1165
vn -0.9988 -0.0121 -0.0464
vn -0.9980 -0.0391 -0.0491
vn -0.9913 -0.1130 -0.0680
vn -0.9958 -0.0773 -0.0495
vn -0.9919 -0.1208 -0.0396
vn -0.9981 -0.0562 -0.0246
vn -0.9970 -0.0742 -0.0228
vn -0.9939 -0.1086 -0.0194
vn -0.9967 -0.0807 -0.0108
vn -0.3115 0.6384 -0.7039
vn -0.9984 -0.0557 -0.0037
vn -0.7398 0.2981 -0.6032
vn -0.3037 0.6898 -0.6572
vn -0.9712 0.1915 -0.1419
vn -0.9704 0.2044 -0.1288
vn -0.9542 0.2368 -0.1830
vn -0.9694 0.1879 -0.1579
vn -0.8672 0.3844 -0.3165
vn -0.8100 0.4518 -0.3739
vn -0.8244 0.4514 -0.3416
vn -0.1344 0.7680 -0.6262
vn -0.8156 0.4240 -0.3937
vn -0.2797 0.6611 -0.6962
vn -0.2625 0.6949 -0.6695
vn -0.7689 0.4690 -0.4346
vn -0.7497 0.5041 -0.4289
vn -0.3773 0.5514 -0.7440
vn -0.7710 0.2517 -0.5850
vn -0.7725 0.4443 -0.4537
vn -0.7922 0.4167 -0.4459
vn -0.7362 0.4637 -0.4930
vn -0.7591 0.2772 -0.5890
vn -0.7178 0.2822 -0.6365
vn -0.3053 0.5934 -0.7447
vn -0.6907 0.5532 -0.4658
vn -0.7340 0.4386 -0.5185
vn -0.7659 0.4057 -0.4987
vn -0.8972 0.1928 -0.3973
vn -0.6295 0.5894 -0.5063
vn -0.6960 0.4674 -0.5452
vn -0.1087 0.5028 -0.8576
vn -0.9435 0.2666 -0.1970
vn -0.1310 0.3090 -0.9420
vn -0.9481 0.2701 -0.1680
vn -0.0485 0.4778 -0.8771
vn -0.9695 0.1720 -0.1747
vn -0.8620 -0.1353 -0.4885
vn -0.6873 0.3234 -0.6504
vn -0.9454 0.2385 -0.2222
vn -0.9178 0.3296 -0.2212
vn -0.9169 0.3031 -0.2595
vn -0.4900 0.1524 -0.8583
vn -0.0756 0.7325 -0.6766
vn -0.0729 0.6855 -0.7244
vn -0.9549 0.2132 -0.2069
vn -0.9639 0.1294 -0.2328
vn -0.7134 0.4123 -0.5667
vn -0.9227 0.2740 -0.2712
vn -0.2991 0.2330 -0.9254
vn -0.8577 0.4190 -0.2979
vn -0.8920 0.3674 -0.2632
vn -0.8901 0.3362 -0.3078
vn -0.9248 0.2077 -0.3187
vn -0.0447 0.6933 -0.7192
vn -0.9477 0.2029 -0.2465
vn -0.9595 0.1757 -0.2203
vn -0.9542 0.1409 -0.2637
vn -0.9315 0.2419 -0.2718
vn -0.1048 0.7806 -0.6162
vn -0.9583 0.1171 -0.2607
vn -0.9477 0.1044 -0.3016
vn -0.8494 0.3828 -0.3633
vn -0.8841 0.3230 -0.3378
vn -0.0327 0.6446 -0.7638
vn -0.0164 0.6838 -0.7294
vn -0.9000 0.2925 -0.3233
vn -0.0710 0.7705 -0.6335
vn -0.8595 0.3597 -0.3632
vn -0.9622 0.0951 -0.2552
vn -0.9153 0.2523 -0.3138
vn -0.9297 0.2162 -0.2983
vn -0.9279 0.1221 -0.3524
vn -0.9125 0.1591 -0.3768
vn -0.0497 0.7427 -0.6678
vn -0.0459 0.7791 -0.6253
vn -0.0245 0.5369 -0.8433
vn -0.0137 0.5906 -0.8069
vn 0.0033 0.7359 -0.6771
vn -0.9566 0.1720 -0.2353
vn 0.0102 0.5198 -0.8542
vn 0.0060 0.5745 -0.8184
vn -0.8927 0.1662 -0.4189
vn -0.0111 0.3845 -0.9230
vn -0.8142 0.3907 -0.4294
vn -0.9416 0.2001 -0.2707
vn -0.8434 0.3441 -0.4127
vn -0.8814 0.2901 -0.3729
vn -0.9161 0.0866 -0.3915
vn -0.9025 0.0641 -0.4259
vn -0.9004 0.1337 -0.4140
vn -0.5595 0.0709 -0.8258
vn -0.8333 0.3647 -0.4154
vn -0.0023 0.6324 -0.7746
vn -0.8578 0.3185 -0.4035
vn -0.1167 0.0764 -0.9902
vn 0.0061 0.3735 -0.9276
vn -0.9315 0.0934 -0.3516
vn -0.9160 0.2316 -0.3275
vn -0.6750 0.0304 -0.7372
vn -0.0101 0.2674 -0.9635
vn -0.7985 0.3750 -0.4710
vn -0.9399 0.0610 -0.3360
vn -0.9530 0.0706 -0.2948
vn -0.9651 0.0587 -0.2551
vn -0.8798 0.2729 -0.3893
vn -0.9839 0.0371 -0.1747
vn -0.7822 -0.0401 -0.6217
vn -0.9181 0.0328 -0.3951
vn -0.9351 0.0310 -0.3529
vn -0.6524 -0.0523 -0.7561
vn -0.6793 -0.1105 -0.7255
vn -0.6041 -0.0398 -0.7959
vn -0.6636 -0.2183 -0.7155
vn -0.8393 0.3073 -0.4485
vn -0.8126 0.3463 -0.4688
vn -0.0238 0.7244 -0.6890
vn -0.5389 0.0074 -0.8423
vn -0.9715 -0.0598 -0.2295
vn -0.9611 -0.0859 -0.2625
vn -0.9653 -0.0260 -0.2598
vn -0.9788 -0.0349 -0.2017
vn -0.9565 0.0371 -0.2893
vn -0.9768 -0.0816 -0.1982
vn -0.9846 -0.0453 -0.1690
vn -0.9829 -0.0100 -0.1841
vn -0.0011 0.1952 -0.9808
vn -0.9524 0.0096 -0.3048
vn -0.6422 -0.3762 -0.6679
vn -0.9663 -0.1022 -0.2363
vn -0.8825 -0.2858 -0.3735
vn -0.7582 0.3751 -0.5333
vn -0.8900 -0.3106 -0.3337
vn -0.7863 -0.3960 -0.4743
vn -0.8095 -0.4061 -0.4239
vn -0.9949 -0.0693 -0.0738
vn -0.9868 -0.1412 -0.0790
vn -0.9992 -0.0358 -0.0152
vn -0.9927 -0.1179 -0.0235
vn 0.0050 0.2551 -0.9669
vn -0.7526 0.4267 -0.5015
vn -0.7346 0.4785 -0.4810
vn -0.7106 0.4820 -0.5125
vn -0.8481 0.3743 -0.3751
vn -0.8193 0.3971 -0.4135
vn -0.8488 0.3389 -0.4059
vn -0.1454 0.8024 -0.5788
vn -0.6194 0.6529 -0.4359
vn -0.5773 0.6553 -0.4871
vn -0.5707 0.6807 -0.4592
vn -0.4277 0.3983 -0.8114
vn -0.3962 0.4582 -0.7957
vn -0.3886 0.4204 -0.8199
vn -0.1394 0.8344 -0.5332
vn -0.1082 0.8191 -0.5633
vn -0.0987 0.8513 -0.5153
vn -0.4929 0.7306 -0.4725
vn -0.4638 0.7469 -0.4764
vn -0.5340 0.7245 -0.4357
vn -0.0385 0.9130 -0.4061
vn -0.0032 0.9088 -0.4172
vn -0.0370 0.9057 -0.4223
vn -0.4956 0.7531 -0.4328
vn -0.1262 0.8631 -0.4890
vn -0.1029 0.8769 -0.4694
vn -0.6836 0.5365 -0.4949
vn -0.6868 0.4917 -0.5353
vn -0.8802 0.3441 -0.3268
vn -0.8846 0.3007 -0.3565
vn -0.2819 0.7786 -0.5607
vn -0.2709 0.7609 -0.5896
vn -0.3126 0.7513 -0.5812
vn -0.2302 0.6314 -0.7405
vn -0.1836 0.6725 -0.7170
vn -0.1853 0.6093 -0.7710
vn -0.9418 0.2457 -0.2294
vn -0.9173 0.2862 -0.2767
vn -0.9445 0.2140 -0.2494
vn -0.3644 0.7700 -0.5238
vn -0.3118 0.8143 -0.4895
vn -0.3191 0.7850 -0.5309
vn -0.3562 0.7980 -0.4861
vn -0.0768 0.9092 -0.4091
vn -0.0593 0.9048 -0.4218
vn -0.6479 0.5291 -0.5480
vn -0.6162 0.5365 -0.5766
vn -0.6441 0.4733 -0.6010
vn -0.0804 0.7997 -0.5950
vn -0.0766 0.8278 -0.5558
vn -0.2906 0.2771 -0.9159
vn -0.2596 0.3163 -0.9125
vn -0.2565 0.2556 -0.9321
vn -0.0771 0.8848 -0.4595
vn -0.0986 0.9027 -0.4189
vn -0.4473 0.7854 -0.4280
vn -0.4170 0.7999 -0.4315
vn -0.4073 0.8095 -0.4230
vn -0.5415 0.4864 -0.6857
vn -0.4740 0.5317 -0.7018
vn -0.5095 0.4578 -0.7286
vn -0.0636 0.8526 -0.5187
vn -0.0806 0.5504 -0.8310
vn -0.0382 0.5558 -0.8304
vn -0.0730 0.4911 -0.8680
vn 0.0010 0.9155 -0.4022
vn -0.0264 0.5157 -0.8564
vn -0.0235 0.9090 -0.4162
vn 0.0221 0.5031 -0.8640
vn -0.0220 0.4714 -0.8816
vn -0.6034 0.5131 -0.6105
vn -0.3934 0.8077 -0.4390
vn -0.3536 0.8347 -0.4222
vn -0.3645 0.8153 -0.4499
vn -0.2908 0.6947 -0.6579
vn -0.2580 0.7379 -0.6236
vn -0.2447 0.7169 -0.6528
vn -0.2791 0.6741 -0.6839
vn -0.2507 0.6775 -0.6914
vn -0.0350 0.8848 -0.4647
vn -0.4418 0.7762 -0.4498
vn -0.4586 0.7805 -0.4249
vn -0.1356 0.5551 -0.8207
vn -0.0828 0.6008 -0.7951
vn -0.1362 0.6089 -0.7815
vn -0.4557 0.4957 -0.7393
vn -0.5031 0.4377 -0.7452
vn -0.5953 0.4690 -0.6525
vn -0.5570 0.5324 -0.6374
vn -0.3569 0.3905 -0.8486
vn -0.3887 0.3774 -0.8405
vn -0.1427 0.6580 -0.7394
vn -0.3209 0.8310 -0.4544
vn -0.7899 0.4581 -0.4076
vn -0.7835 0.4345 -0.4442
vn -0.2259 0.6753 -0.7021
vn -0.0007 0.9055 -0.4243
vn -0.5210 0.6869 -0.5068
vn -0.5278 0.7118 -0.4634
vn -0.2767 0.8026 -0.5285
vn -0.6536 0.5586 -0.5106
vn -0.7416 0.5008 -0.4463
vn -0.7078 0.5316 -0.4652
vn -0.4210 0.4803 -0.7695
vn -0.4671 0.4407 -0.7666
vn -0.0570 0.8163 -0.5748
vn -0.0294 0.8547 -0.5183
vn -0.6212 0.6199 -0.4795
vn -0.3897 0.8161 -0.4267
vn -0.3675 0.8307 -0.4181
vn -0.2001 0.7136 -0.6714
vn -0.3271 0.3002 -0.8960
vn -0.3230 0.3619 -0.8744
vn -0.2954 0.3262 -0.8979
vn -0.0050 0.8646 -0.5025
vn -0.3627 0.4671 -0.8064
vn -0.2960 0.7242 -0.6229
vn -0.3607 0.3446 -0.8667
vn 0.0021 0.8822 -0.4710
vn -0.0216 0.8219 -0.5692
vn -0.4078 0.5230 -0.7484
vn -0.6232 0.6177 -0.4796
vn -0.5643 0.6362 -0.5261
vn -0.3525 0.4342 -0.8290
vn -0.8260 0.4318 -0.3622
vn 0.0008 0.8382 -0.5454
vn -0.1327 0.2086 -0.9690
vn -0.6798 0.1917 -0.7079
vn -0.6505 0.1618 -0.7421
vn -0.6161 0.2151 -0.7578
vn -0.5756 0.2084 -0.7907
vn -0.7184 0.1895 -0.6693
vn -0.6752 0.2491 -0.6943
vn -0.5998 0.2871 -0.7469
vn -0.6418 0.2325 -0.7308
vn -0.8761 0.2832 -0.3902
vn -0.8488 0.3050 -0.4319
vn -0.8767 0.2542 -0.4084
vn -0.7198 0.4020 -0.5659
vn -0.6827 0.4627 -0.5655
vn -0.6719 0.4215 -0.6090
vn -0.8172 0.3627 -0.4479
vn -0.3868 0.5100 -0.7683
vn -0.4242 0.4433 -0.7897
vn 0.0229 0.5467 -0.8370
vn -0.7797 0.4139 -0.4698
vn -0.5945 0.5928 -0.5433
vn -0.9637 0.1904 -0.1871
vn -0.9394 0.2721 -0.2086
vn -0.2110 0.7557 -0.6201
vn -0.5682 0.5782 -0.5855
vn -0.9692 0.2029 -0.1395
vn -0.1889 0.7440 -0.6409
vn -0.9117 0.3420 -0.2277
vn -0.8960 0.3523 -0.2704
vn -0.7646 0.5102 -0.3938
vn -0.7789 0.5104 -0.3645
vn -0.5423 0.6386 -0.5460
vn -0.4999 0.5564 -0.6637
vn -0.9397 0.2890 -0.1827
vn -0.8657 0.3912 -0.3122
vn -0.8552 0.4330 -0.2850
vn -0.0868 0.6500 -0.7550
vn -0.4640 0.6052 -0.6469
vn -0.5218 0.6025 -0.6039
vn -0.4770 0.6694 -0.5696
vn -0.8325 0.4431 -0.3327
vn -0.8159 0.4836 -0.3169
vn -0.7664 0.5430 -0.3432
vn -0.5587 0.6896 -0.4608
vn -0.5944 0.6412 -0.4853
vn -0.6066 0.6536 -0.4526
vn -0.4439 0.6618 -0.6041
vn -0.4193 0.7147 -0.5599
vn -0.2061 0.2316 -0.9507
vn -0.8832 0.3976 -0.2489
vn -0.8527 0.4455 -0.2729
vn -0.6303 0.5806 -0.5154
vn -0.4624 0.7197 -0.5180
vn -0.3808 0.4971 -0.7796
vn -0.0163 0.5887 -0.8082
vn -0.4237 0.7623 -0.4892
vn -0.2143 0.2846 -0.9344
vn -0.1408 0.7180 -0.6817
vn -0.2321 0.7800 -0.5811
vn -0.2349 0.7991 -0.5534
vn -0.0384 0.6293 -0.7762
vn -0.3271 0.8460 -0.4212
vn -0.2831 0.8254 -0.4884
vn -0.7299 0.5297 -0.4322
vn -0.4010 0.7840 -0.4740
vn -0.4951 0.6729 -0.5496
vn -0.2212 0.7675 -0.6017
vn -0.2792 0.3772 -0.8830
vn -0.1698 0.2652 -0.9491
vn -0.1329 0.6903 -0.7113
vn -0.4245 0.5618 -0.7100
vn -0.6619 0.5884 -0.4644
vn -0.3156 0.4290 -0.8464
vn -0.0918 0.6919 -0.7161
vn -0.6382 0.6043 -0.4771
vn -0.6822 0.5803 -0.4447
vn -0.2387 0.8166 -0.5256
vn -0.3700 0.8006 -0.4713
vn -0.2923 0.8524 -0.4335
vn -0.3666 0.5298 -0.7648
vn -0.2476 0.8345 -0.4922
vn -0.4129 0.7455 -0.5232
vn -0.2317 0.3485 -0.9082
vn -0.0437 0.6782 -0.7336
vn -0.1344 0.7596 -0.6363
vn -0.1710 0.7879 -0.5916
vn 0.0146 0.6302 -0.7763
vn -0.2705 0.8465 -0.4585
vn -0.7068 0.5724 -0.4157
vn -0.4390 0.6993 -0.5642
vn -0.1927 0.8049 -0.5613
vn -0.3815 0.5620 -0.7339
vn -0.3308 0.8406 -0.4288
vn -0.0777 0.7260 -0.6833
vn -0.5885 0.6253 -0.5125
vn -0.1111 0.2555 -0.9604
vn -0.0694 0.2088 -0.9755
vn -0.3460 0.8259 -0.4452
vn -0.1957 0.8294 -0.5233
vn -0.3701 0.7709 -0.5184
vn -0.3525 0.5218 -0.7768
vn -0.0023 0.6780 -0.7351
vn -0.3957 0.7181 -0.5726
vn -0.3006 0.8601 -0.4121
vn -0.4489 0.6678 -0.5937
vn -0.1893 0.3328 -0.9238
vn -0.1753 0.8146 -0.5529
vn -0.3778 0.6021 -0.7033
vn -0.4065 0.6123 -0.6781
vn -0.1292 0.7877 -0.6023
vn -0.7265 0.5743 -0.3773
vn -0.0962 0.7688 -0.6322
vn -0.6315 0.6390 -0.4391
vn -0.6496 0.6346 -0.4186
vn -0.2873 0.4403 -0.8507
vn -0.5537 0.6688 -0.4961
vn -0.0317 0.7225 -0.6906
vn -0.2106 0.8438 -0.4936
vn -0.7840 0.1661 -0.5981
vn -0.7554 0.1657 -0.6339
vn -0.3365 0.8126 -0.4759
vn -0.3263 0.4902 -0.8082
vn -0.3614 0.5794 -0.7305
vn -0.1290 0.3008 -0.9449
vn -0.1191 0.8192 -0.5610
vn -0.8291 0.1711 -0.5322
vn -0.3537 0.7410 -0.5707
vn -0.2303 0.8552 -0.4643
vn -0.8084 0.1676 -0.5643
vn -0.1405 0.8249 -0.5475
vn -0.0535 0.7660 -0.6406
vn -0.6855 0.6094 -0.3982
vn -0.2457 0.4110 -0.8779
vn -0.8876 0.3903 -0.2447
vn -0.3925 0.6783 -0.6212
vn -0.2486 0.8636 -0.4386
vn -0.3976 0.6551 -0.6425
vn -0.5841 0.6749 -0.4509
vn 0.0116 0.7187 -0.6953
vn -0.3460 0.5611 -0.7520
vn -0.3085 0.8502 -0.4266
vn -0.0875 0.8092 -0.5810
vn -0.7512 0.2185 -0.6228
vn -0.2674 0.8684 -0.4177
vn -0.1538 0.3416 -0.9272
vn -0.7944 0.2249 -0.5642
vn -0.8462 0.1969 -0.4951
vn -0.1478 0.8419 -0.5190
vn -0.3234 0.7955 -0.5124
vn -0.0177 0.1933 -0.9810
vn 0.0030 0.7538 -0.6571
vn -0.7635 0.2501 -0.5955
vn -0.2028 0.3953 -0.8959
vn -0.7185 0.2432 -0.6516
vn -0.1687 0.8515 -0.4965
vn -0.8860 0.1822 -0.4263
vn -0.8573 0.2098 -0.4701
vn -0.8185 0.2242 -0.5290
vn -0.3462 0.6981 -0.6267
vn -0.1941 0.8612 -0.4697
vn -0.5048 0.6869 -0.5229
vn -0.3085 0.8339 -0.4576
vn -0.5322 0.2357 -0.8131
vn -0.0570 0.8109 -0.5824
vn -0.2879 0.8598 -0.4217
vn -0.8161 0.4830 -0.3174
vn -0.5810 0.2495 -0.7747
vn -0.0523 0.2518 -0.9664
vn -0.0266 0.7914 -0.6107
vn -0.0817 0.3053 -0.9487
vn -0.4665 0.2460 -0.8496
vn -0.5115 0.7115 -0.4817
vn -0.0147 0.2493 -0.9683
vn -0.1031 0.8465 -0.5224
vn -0.3138 0.7662 -0.5608
vn 0.0167 0.7854 -0.6187
vn 0.0311 0.2014 -0.9790
vn -0.6384 0.2870 -0.7142
vn -0.2788 0.4966 -0.8220
vn -0.4990 0.2440 -0.8315
vn -0.2535 0.4655 -0.8479
vn -0.2125 0.8727 -0.4396
vn -0.9027 0.1880 -0.3871
vn -0.3158 0.7290 -0.6073
vn -0.8380 0.2516 -0.4842
vn -0.5225 0.7181 -0.4597
vn -0.5525 0.2840 -0.7836
vn -0.7331 0.2888 -0.6158
vn -0.0657 0.8385 -0.5409
vn -0.3236 0.5428 -0.7750
vn -0.5224 0.3003 -0.7981
vn -0.6794 0.6193 -0.3934
vn 0.0141 0.8212 -0.5704
vn -0.8107 0.2676 -0.5207
vn -0.3397 0.6293 -0.6990
vn -0.3600 0.6435 -0.6755
vn -0.0258 0.8316 -0.5548
vn -0.2359 0.8757 -0.4212
vn -0.2947 0.8193 -0.4918
vn -0.5953 0.6826 -0.4238
vn -0.6934 0.2909 -0.6592
vn -0.7652 0.2995 -0.5699
vn -0.7709 0.5350 -0.3457
vn -0.2932 0.7955 -0.5303
vn -0.1069 0.3740 -0.9213
vn -0.4842 0.2915 -0.8250
vn -0.1638 0.4033 -0.9003
vn -0.2156 0.4611 -0.8608
vn -0.1312 0.8623 -0.4891
vn -0.2614 0.8705 -0.4170
vn -0.4129 0.2583 -0.8734
vn -0.5320 0.7239 -0.4393
vn -0.0574 0.8525 -0.5196
vn -0.4522 0.7226 -0.5228
vn -0.3843 0.6968 -0.6057
vn -0.2819 0.7355 -0.6161
vn -0.1581 0.8700 -0.4670
vn -0.6571 0.3329 -0.6764
vn -0.5564 0.7122 -0.4281
vn -0.4770 0.7312 -0.4877
vn -0.2814 0.7813 -0.5570
vn -0.8737 0.2244 -0.4317
vn -0.3263 0.6109 -0.7213
vn -0.1855 0.8770 -0.4432
vn -0.5538 0.3255 -0.7664
vn -0.9230 0.1870 -0.3362
vn -0.8543 0.2599 -0.4501
vn -0.2719 0.8437 -0.4629
vn -0.6040 0.3256 -0.7274
vn -0.3593 0.6778 -0.6415
vn -0.0231 0.3069 -0.9514
vn -0.0977 0.8601 -0.5007
vn -0.7801 0.3236 -0.5354
vn -0.2806 0.5332 -0.7981
vn -0.7046 0.3275 -0.6295
vn -0.0050 0.8500 -0.5267
vn -0.4382 0.2907 -0.8506
vn -0.2647 0.7631 -0.5896
vn -0.3208 0.5820 -0.7472
vn -0.9013 0.2140 -0.3767
vn -0.7262 0.5752 -0.3765
vn -0.3622 0.2569 -0.8960
vn -0.7225 0.3551 -0.5932
vn -0.2131 0.8828 -0.4187
vn -0.8147 0.3091 -0.4907
vn -0.4899 0.3479 -0.7993
vn -0.9357 0.1924 -0.2958
vn -0.4962 0.7490 -0.4391
vn -0.4174 0.7421 -0.5245
vn -0.2787 0.5673 -0.7749
vn -0.1758 0.4617 -0.8694
vn -0.2687 0.8120 -0.5181
vn -0.0500 0.3564 -0.9330
vn -0.2497 0.7341 -0.6314
vn -0.5898 0.6821 -0.4323
vn -0.7487 0.3591 -0.5573
vn -0.1013 0.8743 -0.4746
vn -0.6099 0.3849 -0.6928
vn -0.8270 0.3038 -0.4730
vn -0.0646 0.8677 -0.4929
vn -0.2488 0.8629 -0.4399
vn -0.4507 0.3452 -0.8232
vn -0.5634 0.3676 -0.7399
vn -0.6760 0.3777 -0.6327
vn -0.1364 0.8794 -0.4561
vn -0.0315 0.8616 -0.5065
vn -0.3243 0.6710 -0.6668
vn -0.1664 0.8838 -0.4372
vn -0.1187 0.4415 -0.8894
vn -0.4378 0.7611 -0.4787
vn -0.5075 0.3625 -0.7817
vn -0.5684 0.7011 -0.4307
vn -0.9036 0.2428 -0.3529
vn -0.1807 0.8898 -0.4190
vn -0.3646 0.7405 -0.5645
vn -0.2280 0.5274 -0.8185
vn 0.0043 0.8576 -0.5143
vn -0.4700 0.7577 -0.4527
vn -0.3689 0.2948 -0.8815
vn -0.3922 0.3208 -0.8622
vn -0.3446 0.7187 -0.6039
vn -0.7771 0.5072 -0.3726
vn -0.8000 0.3553 -0.4835
vn -0.2344 0.7641 -0.6011
vn -0.7778 0.3654 -0.5114
vn -0.2480 0.7906 -0.5598
vn -0.2284 0.8730 -0.4309
vn -0.6437 0.3925 -0.6569
vn -0.2366 0.8524 -0.4663
vn -0.2380 0.8300 -0.5044
vn -0.5195 0.3958 -0.7572
vn -0.0036 0.3718 -0.9283
vn -0.2943 0.6029 -0.7415
vn -0.3104 0.2461 -0.9182
vn -0.2223 0.7365 -0.6389
vn -0.6813 0.5979 -0.4223
vn -0.3172 0.7048 -0.6346
vn -0.9539 0.1744 -0.2443
vn -0.2018 0.8815 -0.4270
vn -0.5665 0.4236 -0.7069
vn -0.3102 0.6560 -0.6881
vn -0.1842 0.5330 -0.8258
vn -0.4882 0.7607 -0.4277
vn -0.4172 0.3521 -0.8379
vn -0.4314 0.7798 -0.4536
vn 0.0030 0.8689 -0.4950
vn -0.0291 0.8724 -0.4879
vn -0.1074 0.8868 -0.4494
vn -0.0623 0.4229 -0.9040
vn -0.4050 0.7779 -0.4804
vn -0.0584 0.8793 -0.4727
vn -0.4688 0.4005 -0.7873
vn -0.2223 0.8116 -0.5403
vn -0.1432 0.8921 -0.4286
vn -0.7318 0.5462 -0.4076
vn -0.1283 0.4975 -0.8579
vn -0.7339 0.4224 -0.5320
vn -0.1986 0.8468 -0.4934
vn -0.2912 0.6342 -0.7163
vn -0.1724 0.8900 -0.4221
vn -0.2082 0.8603 -0.4653
vn -0.2081 0.7881 -0.5793
vn -0.6269 0.4360 -0.6457
vn -0.2013 0.7568 -0.6219
vn -0.0741 0.8884 -0.4531
vn -0.6387 0.6322 -0.4387
vn -0.2625 0.6195 -0.7398
vn -0.0131 0.8818 -0.4714
vn -0.2305 0.5804 -0.7811
vn -0.9142 0.2594 -0.3113
vn -0.0239 0.4235 -0.9056
vn -0.0420 0.8893 -0.4555
vn -0.1881 0.8317 -0.5224
vn -0.1800 0.8714 -0.4563
vn -0.1120 0.8962 -0.4292
vn -0.1340 0.8955 -0.4244
vn -0.1778 0.7821 -0.5972
vn -0.1763 0.8115 -0.5571
vn 0.0167 0.4409 -0.8974
vn -0.1503 0.8798 -0.4509
vn -0.0752 0.9002 -0.4289
vn -0.1139 0.9027 -0.4149
vn -0.1635 0.8538 -0.4943
vn -0.0082 0.8957 -0.4446
vn -0.0424 0.8979 -0.4382
vn 0.0073 0.8894 -0.4570
vn -0.3276 0.8301 0.4512
vn -0.2186 0.8581 0.4646
vn -0.2703 0.8442 0.4630
vn -0.1758 0.8699 0.4609
vn -0.0832 0.9312 0.3549
vn -0.1301 0.8891 0.4388
vn -0.0901 0.8707 0.4836
vn -0.0480 0.8978 0.4378
vn -0.6633 0.5088 0.5488
vn -0.7299 0.5297 0.4321
vn -0.6946 0.4836 0.5326
vn -0.6945 0.5645 0.4461
vn -0.0566 0.8245 0.5631
vn -0.8962 0.0606 0.4396
vn -0.8872 0.1135 0.4472
vn -0.8799 0.1660 0.4453
vn -0.8752 0.2088 0.4363
vn -0.8599 0.2558 0.4418
vn -0.8428 0.3047 0.4437
vn -0.8962 0.0335 0.4424
vn -0.6872 0.4234 0.5904
vn -0.7064 0.4531 0.5438
vn -0.7557 0.4359 0.4888
vn -0.8087 0.3323 0.4853
vn -0.1153 0.0621 0.9914
vn -0.8062 0.3750 0.4576
vn -0.7742 0.4101 0.4821
vn -0.7639 0.4889 0.4212
vn 0.0058 0.8881 0.4596
vn -0.6588 0.5999 0.4540
vn -0.6275 0.6310 0.4562
vn -0.5813 0.6508 0.4885
vn -0.5442 0.6860 0.4830
vn -0.5067 0.7351 0.4504
vn -0.4360 0.7662 0.4720
vn -0.3908 0.8055 0.4455
vn -0.0000 -0.0000 -1.0000
vn -0.0001 -0.0002 -1.0000
vn -0.0007 -0.0017 -1.0000
vn 0.0004 0.0015 -1.0000
vn -0.0001 -0.0001 -1.0000
vn -0.0003 -0.0003 -1.0000
vn 0.0003 0.0004 -1.0000
vn -0.0002 0.0008 -1.0000
vn 0.0002 -0.0007 -1.0000
vn -0.0000 -0.0001 -1.0000
vn -0.0001 0.0003 -1.0000
vn -0.0006 0.0009 -1.0000
vn -0.1002 0.9904 -0.0954
vn -0.6900 0.7236 -0.0200
vn 0.0355 0.9993 -0.0100
vn 0.7272 -0.6775 0.1103
vn 0.1195 -0.9912 -0.0561
vn -0.0353 -0.9993 0.0101
vn -0.0354 -0.9993 0.0100
vn -0.0355 -0.9993 0.0101
vn 0.4084 -0.0011 -0.9128
vn 0.4570 -0.0004 -0.8894
vn 0.4735 -0.0018 -0.8808
vn 0.3190 -0.0043 0.9478
vn 0.2803 -0.0030 0.9599
vn 0.2891 -0.0036 0.9573
vn 0.5044 -0.0008 -0.8635
vn 0.2442 -0.0042 0.9697
vn 0.1961 -0.0024 0.9806
vn 0.5546 -0.0028 -0.8321
vn 0.5381 0.0006 -0.8429
vn 0.2087 -0.0015 0.9780
vn 0.1708 0.0002 0.9853
vn 0.5634 0.0014 -0.8262
vn 0.5908 -0.0004 -0.8068
vn 0.1307 0.0005 0.9914
vn 0.1183 -0.0015 0.9930
vn 0.6195 -0.0015 -0.7850
vn 0.6252 -0.0005 -0.7805
vn 0.0960 -0.0048 0.9954
vn 0.6589 -0.0003 -0.7522
vn 0.0475 -0.0012 0.9989
vn 0.6635 -0.0008 -0.7482
vn 0.6910 0.0002 -0.7229
vn 0.0425 -0.0015 0.9991
vn 0.7049 -0.0016 -0.7093
vn 0.2598 0.0004 -0.9657
vn 0.2943 0.0010 -0.9557
vn 0.2758 -0.0014 -0.9612
vn 0.3199 -0.0000 -0.9475
vn 0.3444 -0.0015 -0.9388
vn 0.3619 0.0002 -0.9322
vn 0.7201 0.0001 -0.6938
vn 0.9997 -0.0043 0.0241
vn 0.9993 -0.0036 -0.0374
vn 1.0000 -0.0044 -0.0038
vn 0.7541 -0.0018 -0.6567
vn 0.7490 -0.0000 -0.6626
vn 0.9998 -0.0008 -0.0173
vn 0.7765 -0.0005 -0.6301
vn 0.9999 -0.0001 0.0160
vn 0.8000 -0.0011 -0.6001
vn 0.8035 -0.0005 -0.5953
vn 0.8316 -0.0009 -0.5553
vn 0.8322 -0.0001 -0.5545
vn 0.8517 -0.0005 -0.5240
vn 0.8600 -0.0008 -0.5103
vn 0.8711 0.0008 -0.4911
vn 0.8909 -0.0021 -0.4542
vn 0.8905 0.0003 -0.4550
vn 0.9088 0.0001 -0.4173
vn 0.9230 -0.0024 -0.3847
vn 0.9219 0.0006 -0.3874
vn 0.9346 -0.0007 -0.3557
vn 0.9481 0.0008 -0.3178
vn 0.9525 -0.0036 -0.3045
vn 0.9594 0.0004 -0.2820
vn 0.9626 0.0003 -0.2710
vn 0.9700 -0.0011 -0.2432
vn 0.9817 0.0001 -0.1905
vn 0.9754 -0.0037 -0.2203
vn 0.9918 -0.0007 -0.1279
vn 0.9855 -0.0008 -0.1699
vn 0.9911 -0.0000 -0.1328
vn 0.9900 -0.0003 -0.1408
vn 0.9954 0.0003 -0.0955
vn 0.9903 0.0015 0.1390
vn 0.9790 -0.0023 0.2038
vn 0.9826 0.0055 0.1855
vn 0.9965 -0.0007 -0.0834
vn 0.9984 -0.0005 -0.0559
vn 0.9999 0.0003 -0.0117
vn 0.9995 0.0001 0.0322
vn 0.9682 -0.0040 0.2503
vn 0.9970 -0.0011 0.0777
vn 0.9978 0.0001 0.0656
vn 0.9946 -0.0000 0.1039
vn 0.9881 -0.0005 0.1537
vn 0.9811 -0.0011 0.1933
vn 0.9726 -0.0006 0.2323
vn 0.9638 -0.0021 0.2667
vn 0.9542 -0.0025 0.2992
vn 0.9560 -0.0024 0.2932
vn 0.9436 -0.0013 0.3310
vn 0.9333 -0.0025 0.3590
vn 0.9278 -0.0036 0.3732
vn 0.9125 -0.0024 0.4091
vn 0.9089 -0.0019 0.4170
vn 0.8925 -0.0035 0.4510
vn 0.8849 -0.0019 0.4659
vn 0.8682 -0.0025 0.4963
vn 0.8560 -0.0028 0.5170
vn 0.8426 -0.0038 0.5385
vn 0.8135 -0.0026 0.5816
vn 0.8114 -0.0052 0.5844
vn 0.7790 -0.0079 0.6270
vn 0.7648 -0.0024 0.6443
vn 0.7513 -0.0037 0.6599
vn 0.7295 -0.0049 0.6839
vn 0.7176 -0.0029 0.6965
vn 0.7018 -0.0062 0.7124
vn 0.6762 -0.0044 0.7367
vn 0.6623 -0.0041 0.7492
vn 0.6480 -0.0080 0.7616
vn 0.0375 -0.0000 -0.9993
vn 0.0646 -0.0015 -0.9979
vn 0.6211 -0.0053 0.7837
vn 0.5849 -0.0050 0.8111
vn 0.0694 0.0001 -0.9976
vn 0.5916 -0.0052 0.8062
vn 0.0989 -0.0000 -0.9951
vn 0.1362 -0.0011 -0.9907
vn 0.1280 0.0015 -0.9918
vn 0.5598 -0.0069 0.8286
vn 0.1611 0.0005 -0.9869
vn 0.5212 -0.0050 0.8534
vn 0.4889 -0.0043 0.8723
vn 0.1888 -0.0000 -0.9820
vn 0.2075 -0.0015 -0.9782
vn 0.4896 0.0059 0.8719
vn 0.2239 -0.0000 -0.9746
vn 0.4602 -0.0052 0.8878
vn 0.4178 -0.0048 0.9085
vn 0.3861 -0.0041 0.9225
vn 0.3836 -0.0040 0.9235
vn 0.4059 -0.0010 -0.9139
vn 0.3518 -0.0048 0.9361
vn 0.1295 0.9421 0.3092
vn 0.1583 0.8802 0.4475
vn 0.1665 0.9380 0.3040
vn 0.1121 0.8830 0.4557
vn 0.4888 0.7239 0.4868
vn 0.5306 0.7208 0.4460
vn 0.5512 0.7761 0.3064
vn 0.5007 0.8019 0.3260
vn 0.0607 0.9226 0.3810
vn 0.4583 0.7624 0.4569
vn 0.0977 0.9574 0.2719
vn 0.4539 0.8358 0.3090
vn 0.4089 0.7913 0.4546
vn 0.4151 0.8480 0.3295
vn 0.3637 0.8134 0.4540
vn 0.8900 0.0553 0.4526
vn 0.9486 0.0885 0.3038
vn 0.9524 0.0436 0.3017
vn 0.8855 0.1072 0.4521
vn 0.9399 0.1314 0.3151
vn 0.2177 0.8596 0.4622
vn 0.2830 0.9088 0.3065
vn 0.2456 0.9189 0.3086
vn 0.9202 0.2032 0.3346
vn 0.2076 0.9278 0.3100
vn 0.8649 0.2406 0.4406
vn 0.8480 0.3471 0.4005
vn 0.8674 0.4001 0.2959
vn 0.8079 0.3833 0.4477
vn 0.8982 0.3420 0.2762
vn 0.7869 0.4235 0.4487
vn 0.8112 0.4723 0.3448
vn 0.7623 0.4735 0.4413
vn 0.7846 0.5195 0.3384
vn 0.8164 0.5162 0.2587
vn 0.7220 0.5081 0.4695
vn 0.9512 0.0082 0.3086
vn 0.7600 0.5448 0.3544
vn 0.7049 0.5549 0.4417
vn 0.6780 0.5785 0.4536
vn 0.7320 0.6118 0.2997
vn 0.6553 0.6077 0.4487
vn 0.9421 0.1604 0.2946
vn 0.7112 0.6356 0.3004
vn 0.6286 0.6319 0.4534
vn 0.6248 0.7085 0.3281
vn 0.6569 0.6932 0.2967
vn 0.6282 0.7380 0.2464
vn 0.6813 0.6649 0.3063
vn 0.5899 0.7477 0.3049
vn 0.6041 0.6557 0.4529
vn 0.9178 0.2647 0.2958
vn 0.9017 0.3016 0.3099
vn 0.5766 0.6789 0.4546
vn 0.5496 0.6944 0.4645
vn 0.5310 0.8074 0.2572
vn 0.4903 0.8337 0.2542
vn 0.4101 0.8769 0.2507
vn 0.3650 0.8765 0.3139
vn 0.8451 0.4473 0.2929
vn 0.2618 0.8495 0.4581
vn 0.1834 0.8627 0.4712
vn 0.7581 0.5878 0.2823
vn 0.7774 0.5544 0.2972
vn -0.1341 -0.0876 -0.9871
vn 0.3008 0.8358 0.4593
vn 0.3345 0.8923 0.3033
vn 0.5914 -0.5843 0.5558
vn 0.6325 -0.6324 0.4471
vn 0.6621 -0.6088 0.4370
vn 0.8471 -0.2015 0.4917
vn 0.6027 -0.6416 0.4745
vn 0.8186 -0.2254 0.5283
vn 0.8782 -0.2757 0.3909
vn 0.9116 -0.3055 0.2750
vn 0.9283 -0.2571 0.2686
vn 0.5640 -0.6363 0.5263
vn 0.5705 -0.6790 0.4621
vn 0.9339 -0.0254 0.3566
vn 0.7945 -0.3132 0.5202
vn 0.8585 -0.2981 0.4173
vn 0.8734 -0.3453 0.3435
vn 0.8113 -0.3515 0.4672
vn 0.8597 -0.3825 0.3387
vn 0.9161 -0.1996 0.3477
vn 0.9426 -0.1831 0.2791
vn 0.8852 -0.1697 0.4332
vn 0.8911 -0.2449 0.3821
vn 0.7990 -0.3877 0.4598
vn 0.8146 -0.4452 0.3718
vn 0.8476 -0.4210 0.3231
vn 0.7452 -0.4257 0.5133
vn 0.7684 -0.4621 0.4427
vn 0.7876 -0.4934 0.3692
vn 0.7240 -0.4683 0.5065
vn 0.7080 -0.4997 0.4991
vn 0.9034 -0.0709 0.4229
vn 0.9534 -0.0540 0.2967
vn 0.7399 -0.5422 0.3982
vn 0.6769 -0.5354 0.5052
vn 0.7054 -0.5778 0.4106
vn 0.8883 -0.1162 0.4444
vn 0.9483 -0.0970 0.3023
vn 0.9389 -0.1447 0.3122
vn 0.6479 -0.5686 0.5069
vn 0.5390 -0.6827 0.4933
vn 0.5048 -0.7023 0.5020
vn 0.4630 -0.7230 0.5127
vn 0.9154 -0.2221 0.3356
vn 0.9073 -0.2040 -0.3676
vn 0.4009 -0.7334 0.5490
vn 0.3542 -0.7571 0.5489
vn 0.2861 -0.7758 0.5624
vn 0.2375 -0.7844 0.5729
vn 0.7625 -0.5168 0.3892
vn 0.8111 -0.1332 0.5695
vn 0.9628 0.2296 -0.1425
vn 0.9704 0.2031 -0.1305
vn 0.9871 0.1296 -0.0941
vn 0.0538 0.7521 -0.6569
vn 0.0511 0.7145 -0.6978
vn 0.1784 0.8575 -0.4825
vn 0.2115 0.8368 -0.5050
vn 0.1833 0.8332 -0.5217
vn 0.2935 0.8572 -0.4232
vn 0.3294 0.8467 -0.4179
vn 0.3150 0.8484 -0.4253
vn 0.2202 0.8575 -0.4650
vn 0.2510 0.8336 -0.4920
vn 0.0993 0.7964 -0.5965
vn 0.1081 0.7675 -0.6319
vn 0.0533 0.7830 -0.6197
vn 0.6910 0.5864 -0.4226
vn 0.7278 0.5378 -0.4256
vn 0.6836 0.5664 -0.4602
vn 0.3492 0.7380 -0.5774
vn 0.3769 0.7019 -0.6044
vn 0.3911 0.7381 -0.5497
vn 0.3649 0.6603 -0.6564
vn 0.4085 0.6403 -0.6505
vn 0.4156 0.6838 -0.5997
vn 0.5972 0.6397 -0.4839
vn 0.6559 0.5760 -0.4878
vn 0.6211 0.5914 -0.5143
vn 0.3090 0.4531 -0.8362
vn 0.3520 0.4180 -0.8375
vn 0.3382 0.3811 -0.8604
vn 0.3022 0.4115 -0.8599
vn 0.2201 0.8703 -0.4407
vn 0.2669 0.8591 -0.4367
vn 0.2679 0.8469 -0.4593
vn 0.7544 0.5368 -0.3777
vn 0.8022 0.4846 -0.3489
vn 0.8121 0.4461 -0.3761
vn 0.1566 0.2959 -0.9423
vn 0.1875 0.2289 -0.9552
vn 0.1395 0.2343 -0.9621
vn 0.2099 0.2868 -0.9347
vn 0.0531 0.8128 -0.5802
vn 0.3626 0.5092 -0.7805
vn 0.3845 0.4724 -0.7931
vn 0.3496 0.4742 -0.8081
vn 0.3188 0.7566 -0.5709
vn 0.3681 0.7685 -0.5234
vn 0.3556 0.5452 -0.7592
vn 0.3899 0.5097 -0.7670
vn 0.1138 0.8342 -0.5395
vn 0.1374 0.7988 -0.5857
vn 0.0916 0.8213 -0.5631
vn 0.2440 0.8742 -0.4198
vn 0.2826 0.8642 -0.4162
vn 0.6151 0.6398 -0.4608
vn 0.6508 0.5983 -0.4675
vn 0.3669 0.5571 -0.7450
vn 0.4061 0.5316 -0.7432
vn 0.7629 0.5046 -0.4041
vn 0.2966 0.8218 -0.4865
vn 0.3482 0.8284 -0.4388
vn 0.3164 0.8395 -0.4418
vn 0.3285 0.8126 -0.4814
vn 0.6510 0.6187 -0.4398
vn 0.1453 0.8608 -0.4878
vn 0.1493 0.8399 -0.5219
vn 0.3238 0.7898 -0.5210
vn 0.3322 0.7015 -0.6305
vn 0.3781 0.5799 -0.7216
vn 0.4235 0.5589 -0.7129
vn 0.1023 0.2542 -0.9617
vn 0.1267 0.1433 -0.9815
vn 0.0815 0.1448 -0.9861
vn 0.9344 0.3002 -0.1917
vn 0.9520 0.2566 -0.1669
vn 0.8255 0.4740 -0.3065
vn 0.8456 0.4227 -0.3260
vn 0.0686 0.8436 -0.5326
vn 0.1147 0.8534 -0.5085
vn 0.1590 0.8189 -0.5515
vn 0.5412 0.6484 -0.5354
vn 0.5860 0.5902 -0.5552
vn 0.5246 0.6271 -0.5758
vn 0.2882 0.7812 -0.5538
vn 0.4365 0.6252 -0.6470
vn 0.4902 0.6266 -0.6058
vn 0.5079 0.5728 -0.6434
vn 0.0400 0.8422 -0.5377
vn 0.7005 0.5961 -0.3925
vn 0.2716 0.8661 -0.4196
vn 0.7851 0.5215 -0.3341
vn 0.9190 0.3246 -0.2236
vn 0.2432 0.4014 -0.8830
vn 0.2910 0.3720 -0.8815
vn 0.2733 0.3324 -0.9027
vn 0.2935 0.7222 -0.6264
vn 0.4003 0.6151 -0.6792
vn 0.1987 0.3888 -0.8996
vn 0.2028 0.3430 -0.9172
vn 0.3100 0.6730 -0.6715
vn 0.0768 0.8568 -0.5098
vn 0.8998 0.3648 -0.2395
vn 0.8894 0.3797 -0.2546
vn 0.1816 0.8758 -0.4472
vn 0.5984 0.6656 -0.4460
vn 0.6520 0.6355 -0.4136
vn 0.3058 0.5021 -0.8089
vn 0.5657 0.6858 -0.4578
vn 0.3700 0.6224 -0.6897
vn 0.2513 0.8719 -0.4202
vn 0.2780 0.8454 -0.4561
vn 0.7446 0.5635 -0.3577
vn 0.5206 0.6885 -0.5049
vn 0.5762 0.6331 -0.5169
vn 0.0633 0.2407 -0.9685
vn 0.3354 0.5255 -0.7819
vn 0.2642 0.7438 -0.6140
vn 0.2685 0.6899 -0.6723
vn 0.8649 0.4241 -0.2687
vn 0.2669 0.8060 -0.5283
vn 0.3461 0.5798 -0.7376
vn 0.2147 0.8824 -0.4187
vn 0.1038 0.8732 -0.4762
vn 0.0354 0.8605 -0.5082
vn 0.1463 0.8785 -0.4547
vn 0.2610 0.8290 -0.4946
vn 0.8614 0.4223 -0.2823
vn 0.6048 0.6726 -0.4264
vn 0.4851 0.6770 -0.5535
vn 0.4013 0.6795 -0.6142
vn 0.2386 0.7058 -0.6670
vn 0.2457 0.8601 -0.4471
vn 0.0265 0.2711 -0.9622
vn 0.5613 0.7019 -0.4384
vn 0.2462 0.7579 -0.6042
vn 0.3400 0.6138 -0.7125
vn 0.0746 0.3098 -0.9479
vn 0.5532 0.6761 -0.4867
vn 0.2392 0.7843 -0.5724
vn 0.5185 0.7169 -0.4661
vn 0.7867 0.5161 -0.3388
vn 0.8229 0.4772 -0.3084
vn 0.3646 0.6697 -0.6470
vn 0.1866 0.8868 -0.4228
vn 0.3314 0.5662 -0.7547
vn 0.0629 0.8683 -0.4920
vn 0.4736 0.7123 -0.5181
vn 0.1965 0.4459 -0.8732
vn 0.2251 0.8751 -0.4285
vn 0.2257 0.8446 -0.4854
vn 0.2137 0.7264 -0.6532
vn 0.8161 0.1612 -0.5549
vn 0.8417 0.1037 -0.5299
vn 0.8087 0.1209 -0.5757
vn 0.7441 0.5632 -0.3593
vn 0.7799 0.1567 -0.6059
vn 0.8009 0.0690 -0.5949
vn 0.7486 0.1038 -0.6549
vn 0.6894 0.1775 -0.7023
vn 0.7082 0.0915 -0.7001
vn 0.6297 0.1851 -0.7545
vn 0.6690 0.1146 -0.7344
vn 0.6065 0.1217 -0.7857
vn 0.1249 0.3312 -0.9352
vn 0.2272 0.7572 -0.6124
vn 0.2314 0.8194 -0.5244
vn 0.7430 0.1668 -0.6481
vn 0.8230 0.1863 -0.5367
vn 0.1094 0.8874 -0.4478
vn 0.1538 0.8905 -0.4282
vn 0.0288 0.8764 -0.4807
vn 0.5216 0.7329 -0.4367
vn 0.3430 0.6469 -0.6811
vn 0.8693 0.1148 -0.4807
vn 0.2622 0.4583 -0.8493
vn 0.2029 0.8811 -0.4271
vn 0.7913 0.1963 -0.5791
vn 0.2129 0.6839 -0.6978
vn 0.5550 0.2198 -0.8023
vn 0.5402 0.1522 -0.8277
vn 0.0659 0.8818 -0.4670
vn 0.4766 0.7367 -0.4797
vn 0.8792 0.1691 -0.4455
vn 0.9078 0.1157 -0.4031
vn 0.8459 0.1882 -0.4991
vn 0.2468 0.4994 -0.8305
vn 0.7553 0.2140 -0.6195
vn 0.8496 0.4277 -0.3087
vn 0.0870 0.3688 -0.9254
vn 0.3023 0.5503 -0.7783
vn 0.3244 0.5993 -0.7318
vn 0.5886 0.2020 -0.7828
vn 0.3693 0.7053 -0.6051
vn 0.6965 0.6039 -0.3875
vn 0.0338 0.3415 -0.9393
vn 0.1795 0.8887 -0.4220
vn 0.7628 0.2472 -0.5975
vn 0.5893 0.6811 -0.4345
vn 0.7319 0.2042 -0.6500
vn 0.8162 0.2355 -0.5275
vn 0.1946 0.8667 -0.4593
vn 0.8534 0.2177 -0.4735
vn 0.2090 0.8017 -0.5600
vn 0.1447 0.3855 -0.9113
vn 0.6899 0.2203 -0.6896
vn 0.6374 0.2283 -0.7360
vn 0.7104 0.2453 -0.6596
vn 0.1959 0.7529 -0.6284
vn 0.4405 0.7547 -0.4862
vn 0.4801 0.7546 -0.4473
vn 0.4193 0.7379 -0.5288
vn 0.5326 0.7254 -0.4361
vn 0.5651 0.7016 -0.4341
vn 0.1947 0.8288 -0.5246
vn 0.7838 0.2612 -0.5634
vn 0.8052 0.4750 -0.3551
vn 0.5070 0.2479 -0.8255
vn 0.4954 0.1734 -0.8512
vn 0.1300 0.8976 -0.4213
vn 0.9130 0.1745 -0.3688
vn 0.9308 0.1075 -0.3493
vn 0.0364 0.8891 -0.4563
vn 0.0984 0.4324 -0.8963
vn 0.7504 0.5353 -0.3878
vn 0.1530 0.8973 -0.4141
vn 0.6319 0.2733 -0.7253
vn 0.7280 0.2745 -0.6282
vn 0.0696 0.8946 -0.4414
vn 0.5823 0.2618 -0.7697
vn 0.8773 0.2253 -0.4238
vn 0.1735 0.7706 -0.6133
vn 0.4848 0.7613 -0.4306
vn 0.5258 0.2834 -0.8021
vn 0.3809 0.7416 -0.5522
vn 0.1766 0.7160 -0.6754
vn 0.6355 0.6372 -0.4360
vn 0.1766 0.8498 -0.4966
vn 0.2908 0.5930 -0.7509
vn 0.3178 0.7025 -0.6368
vn 0.1847 0.5035 -0.8440
vn 0.8194 0.2682 -0.5066
vn 0.0961 0.9017 -0.4215
vn 0.5887 0.6836 -0.4315
vn 0.3119 0.6361 -0.7057
vn 0.2250 0.5438 -0.8085
vn 0.2608 0.5615 -0.7853
vn 0.1647 0.7415 -0.6504
vn 0.0507 0.4008 -0.9148
vn 0.1729 0.8031 -0.5702
vn 0.1554 0.8735 -0.4614
vn 0.6990 0.5769 -0.4226
vn 0.4399 0.7769 -0.4505
vn 0.1573 0.8306 -0.5342
vn 0.9490 0.1141 -0.2939
vn 0.7863 0.3065 -0.5365
vn 0.3343 0.7208 -0.6072
vn 0.1502 0.4421 -0.8843
vn 0.7446 0.3054 -0.5935
vn 0.6874 0.3109 -0.6564
vn 0.6687 0.2909 -0.6843
vn 0.8607 0.3937 -0.3228
vn 0.3130 0.6696 -0.6735
vn 0.4721 0.3014 -0.8284
vn 0.3448 0.7444 -0.5718
vn 0.1351 0.8916 -0.4322
vn 0.7032 0.3364 -0.6263
vn 0.6220 0.3243 -0.7127
vn 0.4035 0.7746 -0.4871
vn 0.5220 0.3286 -0.7871
vn 0.0316 0.9015 -0.4317
vn 0.1460 0.8113 -0.5662
vn 0.4236 0.2938 -0.8569
vn 0.4623 0.2664 -0.8458
vn 0.4605 0.1804 -0.8691
vn 0.8101 0.3143 -0.4950
vn 0.8453 0.2643 -0.4643
vn 0.4450 0.7846 -0.4318
vn 0.2907 0.6368 -0.7141
vn 0.0731 0.9070 -0.4148
vn 0.1356 0.7389 -0.6601
vn 0.1351 0.7890 -0.5993
vn 0.8828 0.2450 -0.4009
vn 0.9080 0.2065 -0.3644
vn 0.1003 0.9018 -0.4203
vn 0.7531 0.3395 -0.5635
vn 0.1331 0.8447 -0.5184
vn 0.0579 0.4573 -0.8874
vn 0.5780 0.3091 -0.7552
vn 0.1183 0.8760 -0.4676
vn 0.3828 0.2693 -0.8837
vn 0.4139 0.2590 -0.8727
vn 0.4105 0.1692 -0.8960
vn 0.9305 0.1858 -0.3158
vn 0.1232 0.4903 -0.8628
vn 0.3584 0.1755 -0.9169
vn 0.6397 0.3761 -0.6703
vn 0.3963 0.8052 -0.4412
vn 0.7101 0.3676 -0.6004
vn 0.3474 0.7767 -0.5255
vn 0.1013 0.8538 -0.5106
vn 0.9625 0.1155 -0.2454
vn 0.6678 0.3799 -0.6401
vn 0.4183 0.8035 -0.4237
vn 0.2112 0.5931 -0.7769
vn 0.0406 0.9110 -0.4104
vn 0.1113 0.8133 -0.5711
vn 0.2498 0.6229 -0.7413
vn 0.5393 0.7093 -0.4539
vn 0.4859 0.7583 -0.4346
vn 0.1084 0.7754 -0.6221
vn 0.7786 0.4848 -0.3984
vn 0.4725 0.3366 -0.8145
vn 0.2863 0.6771 -0.6779
vn 0.8302 0.3113 -0.4625
vn 0.5623 0.3583 -0.7453
vn 0.4535 0.7846 -0.4227
vn 0.0789 0.8826 -0.4634
vn 0.8542 0.2894 -0.4320
vn 0.0554 0.9025 -0.4272
vn 0.5970 0.3835 -0.7046
vn 0.7383 0.5185 -0.4313
vn 0.1720 0.5646 -0.8073
vn 0.3676 0.7961 -0.4807
vn 0.0826 0.8208 -0.5652
vn 0.0713 0.5025 -0.8616
vn 0.3529 0.2826 -0.8920
vn 0.3294 0.1778 -0.9273
vn 0.2929 0.7432 -0.6016
vn 0.9399 0.1905 -0.2833
vn 0.0651 0.8514 -0.5204
vn 0.0218 0.9088 -0.4166
vn 0.8932 0.2607 -0.3663
vn 0.2802 0.7331 -0.6198
vn 0.2886 0.7048 -0.6481
vn 0.0842 0.7928 -0.6036
vn 0.5639 0.6764 -0.4738
vn 0.8340 0.3296 -0.4426
vn 0.5246 0.3840 -0.7598
vn 0.4260 0.3479 -0.8352
vn 0.6508 0.5970 -0.4691
vn 0.7250 0.4083 -0.5547
vn 0.8017 0.3653 -0.4732
vn 0.0353 0.8835 -0.4670
vn 0.0566 0.8163 -0.5748
vn 0.1864 0.6406 -0.7449
vn 0.3336 0.8070 -0.4874
vn 0.4790 0.3903 -0.7863
vn 0.0282 0.8538 -0.5198
vn 0.6936 0.5511 -0.4639
vn 0.6669 0.4265 -0.6111
vn 0.3571 0.8175 -0.4518
vn 0.0457 0.7776 -0.6271
vn 0.6046 0.6330 -0.4835
vn 0.7088 0.4004 -0.5807
vn 0.1170 0.5897 -0.7991
vn 0.1283 0.5338 -0.8358
vn 0.3021 0.7932 -0.5288
vn 0.3074 0.7661 -0.5645
vn 0.0762 0.5592 -0.8255
vn 0.5427 0.4262 -0.7237
vn 0.0258 0.8166 -0.5766
vn 0.6328 0.4464 -0.6327
vn 0.4875 0.7416 -0.4608
vn 0.8539 0.3244 -0.4070
vn 0.4147 0.8022 -0.4295
vn 0.9115 0.2481 -0.3280
vn 0.3096 0.2630 -0.9138
vn 0.2765 0.1655 -0.9467
vn 0.9541 0.1848 -0.2355
vn 0.9812 0.0810 -0.1752
vn 0.7708 0.4043 -0.4924
vn 0.4405 0.7833 -0.4387
vn 0.4163 0.4069 -0.8131
vn 0.4536 0.3786 -0.8068
vn 0.2647 0.7637 -0.5888
vn 0.4931 0.7169 -0.4928
vn 0.5882 0.4356 -0.6814
vn 0.2027 0.6811 -0.7036
vn 0.2501 0.6637 -0.7050
vn 0.3807 0.3262 -0.8653
vn 0.7670 0.3709 -0.5236
vn 0.6806 0.4606 -0.5698
vn 0.7307 0.4297 -0.5306
vn 0.7346 0.4530 -0.5051
vn 0.2499 0.7334 -0.6321
vn 0.2678 0.6967 -0.6655
vn 0.3803 0.3679 -0.8486
vn 0.6937 0.4872 -0.5305
vn 0.4350 0.4319 -0.7901
vn 0.8188 0.3728 -0.4366
vn 0.7712 0.4311 -0.4685
vn 0.7902 0.4247 -0.4418
vn 0.4847 0.4331 -0.7600
vn 0.1579 0.6167 -0.7712
vn 0.7190 0.4990 -0.4838
vn 0.6412 0.5400 -0.5451
vn 0.4432 0.4980 -0.7454
vn 0.4955 0.4577 -0.7382
vn 0.8916 0.3091 -0.3308
vn 0.8642 0.3374 -0.3733
vn 0.8544 0.3776 -0.3568
vn 0.4352 0.4692 -0.7684
vn 0.6423 0.5027 -0.5786
vn 0.6732 0.5348 -0.5106
vn 0.7551 0.4742 -0.4527
vn 0.7260 0.5205 -0.4495
vn 0.9665 0.1890 -0.1736
vn 0.9418 0.2421 -0.2334
vn 0.9452 0.2559 -0.2026
vn 0.7787 0.4633 -0.4232
vn 0.8228 0.4038 -0.3999
vn 0.9118 0.3076 -0.2719
vn 0.9255 0.2510 -0.2838
vn 0.6044 0.5362 -0.5892
vn 0.6077 0.4975 -0.6190
vn 0.4525 0.7637 -0.4605
vn 0.2625 0.7861 -0.5596
vn 0.8818 0.3601 -0.3047
vn 0.3293 0.3267 -0.8859
vn 0.3748 0.8291 -0.4148
vn 0.6500 0.5600 -0.5137
vn 0.2542 0.2498 -0.9343
vn 0.3516 0.8355 -0.4222
vn 0.2694 0.2939 -0.9171
vn 0.4653 0.5658 -0.6807
vn 0.5957 0.6128 -0.5193
vn 0.5506 0.6582 -0.5134
vn 0.5604 0.5692 -0.6016
vn 0.3887 0.8169 -0.4260
vn 0.2279 0.7403 -0.6325
vn 0.2345 0.7068 -0.6674
vn 0.2964 0.8190 -0.4913
vn 0.4459 0.6624 -0.6020
vn 0.1041 0.6454 -0.7567
vn 0.4320 0.7035 -0.5643
vn 0.0663 0.6228 -0.7795
vn 0.1516 0.6773 -0.7199
vn 0.0359 0.5877 -0.8083
vn 0.1539 0.7264 -0.6698
vn 0.1960 0.7259 -0.6592
vn 0.2344 0.7718 -0.5911
vn 0.2046 0.7781 -0.5939
vn 0.1942 0.8072 -0.5574
vn 0.2204 0.8071 -0.5477
vn 0.1557 0.7659 -0.6238
vn 0.1729 0.7901 -0.5881
vn 0.3139 0.8345 -0.4529
vn 0.3937 0.4016 -0.8269
vn 0.5722 0.4742 -0.6692
vn 0.9853 0.1098 -0.1309
vn 0.2568 0.8106 -0.5262
vn 0.5077 0.6803 -0.5286
vn 0.4109 0.7786 -0.4743
vn 0.4335 0.7503 -0.4991
vn 0.2257 0.1602 -0.9609
vn 0.1114 0.6846 -0.7203
vn 0.5794 0.5824 -0.5701
vn 0.4637 0.7018 -0.5408
vn 0.1930 0.7566 -0.6248
vn 0.5284 0.6426 -0.5549
vn 0.5143 0.5029 -0.6947
vn 0.3799 0.8042 -0.4570
vn 0.1675 0.1460 -0.9750
vn 0.3995 0.4698 -0.7872
vn 0.1061 0.7344 -0.6704
vn 0.4276 0.7209 -0.5454
vn 0.0446 0.6717 -0.7395
vn 0.3756 0.4425 -0.8143
vn 0.5272 0.6169 -0.5843
vn 0.5529 0.5279 -0.6447
vn 0.4670 0.5135 -0.7199
vn 0.3664 0.7914 -0.4894
vn 0.4644 0.6648 -0.5851
vn 0.0842 0.7093 -0.6999
vn 0.4620 0.6315 -0.6227
vn 0.1546 0.9803 0.1228
vn 0.2012 0.9726 0.1165
vn 0.9965 -0.0481 0.0677
vn 0.9994 -0.0154 0.0296
vn 0.9910 0.0946 -0.0948
vn 0.9909 0.0854 -0.1041
vn 0.9911 -0.0738 0.1112
vn 0.0602 0.0428 -0.9973
vn 0.9944 0.0623 -0.0858
vn 0.9861 -0.0921 0.1384
vn 0.1108 0.0425 -0.9929
vn 0.9959 0.0495 -0.0762
vn 0.9760 -0.1117 0.1870
vn 0.9974 0.0389 -0.0601
vn 0.1612 0.0421 -0.9860
vn 0.9731 -0.1124 0.2013
vn 0.2063 0.0539 -0.9770
vn 0.9970 0.0397 -0.0666
vn 0.2665 0.0514 -0.9625
vn 0.9727 -0.1048 0.2071
vn 0.3239 0.0563 -0.9444
vn 0.9954 0.0366 -0.0886
vn 0.3829 0.0602 -0.9218
vn 0.9751 -0.0932 0.2011
vn 0.9976 0.0202 -0.0667
vn 0.9769 -0.0852 0.1961
vn 0.4309 0.0512 -0.9010
vn 0.4639 0.0596 -0.8839
vn 0.5060 0.0546 -0.8608
vn 0.9994 0.0024 -0.0334
vn 0.9804 -0.0723 0.1835
vn 0.5451 0.0484 -0.8370
vn 1.0000 -0.0085 -0.0042
vn 0.9839 -0.0593 0.1684
vn 0.5871 0.0589 -0.8074
vn 0.6327 0.0353 -0.7736
vn 0.9994 -0.0124 0.0330
vn 0.6615 0.0453 -0.7486
vn 0.9901 -0.0419 0.1340
vn 0.7014 0.0246 -0.7123
vn 0.9936 -0.0297 0.1093
vn 0.7406 0.0351 -0.6710
vn 0.9946 0.0005 0.1035
vn 0.7783 0.0292 -0.6273
vn 0.8353 0.0327 -0.5487
vn 0.9903 0.0957 0.1009
vn 0.9839 0.1430 0.1073
vn 0.8619 0.0333 -0.5060
vn 0.8786 0.0321 -0.4764
vn 0.9523 0.2824 0.1154
vn 0.8993 0.0484 -0.4347
vn 0.9360 0.3354 0.1064
vn 0.9277 0.0345 -0.3717
vn 0.9162 0.3830 0.1179
vn 0.9497 0.0377 -0.3108
vn 0.8723 0.4730 0.1242
vn 0.8496 0.5155 0.1117
vn 0.9646 0.0337 -0.2616
vn 0.8194 0.5619 0.1132
vn 0.9781 0.0337 -0.2053
vn 0.7967 0.5931 0.1161
vn 0.7560 0.6450 0.1111
vn 0.7238 0.6784 0.1262
vn 0.9936 0.0326 -0.1084
vn 0.6843 0.7208 0.1108
vn 0.9975 0.0358 -0.0602
vn 0.9995 0.0284 -0.0171
vn 0.5815 0.8019 0.1368
vn 0.5427 0.8307 0.1242
vn 0.4781 0.8701 0.1199
vn 0.4322 0.8927 0.1276
vn 0.9900 0.1120 -0.0856
vn 0.3946 0.9118 0.1132
vn 0.3408 0.9326 0.1189
vn 0.2485 0.9602 0.1273
vn 0.9577 -0.2640 -0.1142
vn 0.9686 -0.2307 -0.0930
vn 0.9643 -0.2368 -0.1185
vn 0.3244 0.4968 -0.8049
vn 0.2604 0.4707 -0.8430
vn 0.3110 0.4501 -0.8371
vn 0.2767 0.5160 -0.8107
vn 0.1927 0.6480 -0.7369
vn 0.1637 0.6441 -0.7472
vn 0.1716 0.5989 -0.7822
vn 0.1385 0.6623 -0.7364
vn 0.1849 0.6876 -0.7022
vn 0.1366 0.6093 -0.7810
vn 0.2598 0.4092 -0.8747
vn 0.3449 0.4118 -0.8435
vn 0.8602 0.2767 -0.4283
vn 0.8852 0.2310 -0.4038
vn 0.8931 0.2457 -0.3768
vn 0.2124 0.4917 -0.8445
vn 0.1997 0.4140 -0.8881
vn 0.9818 -0.1574 -0.1063
vn 0.9866 -0.1442 -0.0770
vn 0.9863 -0.1175 -0.1162
vn 0.9913 -0.1111 -0.0710
vn 0.2335 0.3456 -0.9089
vn 0.2934 0.3500 -0.8896
vn 0.1101 0.6201 -0.7767
vn 0.1274 0.5580 -0.8200
vn 0.0889 0.5479 -0.8318
vn 0.5503 0.2662 -0.7914
vn 0.5934 0.2418 -0.7677
vn 0.6223 0.2712 -0.7343
vn 0.9592 0.0806 -0.2709
vn 0.9687 0.0835 -0.2337
vn 0.9627 0.1000 -0.2514
vn 0.1841 0.3369 -0.9234
vn 0.9768 -0.1935 -0.0915
vn 0.1066 0.4876 -0.8666
vn 0.2156 0.3114 -0.9255
vn 0.6096 0.2052 -0.7657
vn 0.5327 0.1818 -0.8266
vn 0.5129 0.2335 -0.8261
vn 0.0886 0.6041 -0.7920
vn 0.0648 0.5614 -0.8250
vn 0.3702 0.2100 -0.9049
vn 0.4512 0.1946 -0.8709
vn 0.4309 0.2460 -0.8682
vn 0.9787 0.0548 -0.1977
vn 0.0512 0.4447 -0.8942
vn 0.0751 0.4886 -0.8692
vn 0.0680 0.5098 -0.8576
vn 0.7334 0.2059 -0.6478
vn 0.6916 0.1806 -0.6994
vn 0.7438 0.1847 -0.6424
vn 0.6803 0.2040 -0.7039
vn 0.5303 0.1256 -0.8384
vn 0.5895 0.1601 -0.7917
vn 0.0588 0.3675 -0.9281
vn 0.0403 0.3170 -0.9476
vn 0.0707 0.3048 -0.9498
vn 0.9697 0.0605 -0.2369
vn 0.0510 0.2355 -0.9705
vn 0.7555 0.3615 -0.5464
vn 0.6782 0.3876 -0.6243
vn 0.7486 0.3372 -0.5709
vn 0.0236 0.2303 -0.9728
vn 0.0237 0.2921 -0.9561
vn 0.0376 0.1660 -0.9854
vn 0.0107 0.1507 -0.9885
vn 0.0154 0.3304 -0.9437
vn 0.7423 -0.1551 -0.6518
vn 0.6858 -0.2402 -0.6870
vn 0.7412 -0.2377 -0.6278
vn 0.6856 -0.1385 -0.7147
vn 0.6228 -0.1967 -0.7573
vn 0.8525 0.2534 -0.4572
vn 0.6314 -0.2731 -0.7258
vn 0.9949 -0.0792 -0.0626
vn 0.9914 -0.0959 -0.0885
vn 0.9913 -0.1222 -0.0485
vn 0.9455 -0.0832 -0.3147
vn 0.9555 -0.1087 -0.2744
vn 0.9591 -0.0402 -0.2802
vn 0.9715 -0.0231 -0.2360
vn 0.9652 -0.0662 -0.2528
vn 0.9708 -0.0879 -0.2232
vn 0.9229 0.2026 -0.3274
vn 0.9029 0.2109 -0.3745
vn 0.9266 0.1909 -0.3240
vn 0.6920 -0.3413 -0.6362
vn 0.7469 -0.2929 -0.5970
vn 0.8960 -0.2408 -0.3730
vn 0.8846 -0.3001 -0.3569
vn 0.9131 -0.2412 -0.3288
vn 0.9129 -0.2796 -0.2975
vn 0.9277 -0.3419 -0.1503
vn 0.9447 -0.2879 -0.1571
vn 0.9184 -0.3450 -0.1936
vn 0.7318 -0.3755 -0.5687
vn 0.9398 -0.3173 -0.1272
vn 0.9474 0.1738 -0.2689
vn 0.9490 0.1624 -0.2701
vn 0.9866 -0.1555 -0.0488
vn 0.8097 0.3059 -0.5007
vn 0.8097 0.2864 -0.5122
vn 0.9956 -0.0865 -0.0358
vn 0.9992 -0.0293 -0.0267
vn 0.9979 -0.0534 -0.0372
vn 0.9996 -0.0261 -0.0109
vn 0.9685 -0.2348 -0.0827
vn 0.9789 -0.1902 -0.0744
vn 0.9802 -0.1887 -0.0599
vn 0.9986 -0.0521 -0.0135
vn 0.9989 -0.0465 -0.0039
vn 0.9963 -0.0841 -0.0164
vn 0.6982 0.3420 -0.6290
vn 0.6408 0.3858 -0.6637
vn 0.9721 0.0274 -0.2331
vn 0.9897 -0.1413 -0.0224
vn 0.9901 -0.1368 -0.0303
vn 0.9835 -0.1749 -0.0461
vn 0.7539 0.3071 -0.5808
vn 0.9994 -0.0350 -0.0028
vn 0.9940 -0.1079 -0.0170
vn 0.9941 -0.1075 -0.0149
vn 0.0091 0.1919 -0.9814
vn 0.9970 -0.0766 -0.0074
vn 0.9973 -0.0726 -0.0064
vn 0.0040 0.1217 -0.9926
vn 0.9629 0.1496 -0.2246
vn 0.9334 0.1972 -0.2997
vn 0.8232 0.2583 -0.5055
vn 0.3927 0.6144 -0.6843
vn 0.3386 0.6318 -0.6973
vn 0.3847 0.5221 -0.7612
vn 0.4492 0.5192 -0.7270
vn 0.4223 0.5518 -0.7191
vn 0.9524 0.1568 -0.2616
vn 0.9666 0.1326 -0.2195
vn 0.9792 0.0135 -0.2024
vn 0.6139 0.4216 -0.6674
vn 0.5868 0.3852 -0.7122
vn 0.4222 0.4876 -0.7642
vn 0.9328 0.1807 -0.3119
vn 0.4658 0.4746 -0.7468
vn 0.3147 0.6076 -0.7292
vn 0.2588 0.5904 -0.7645
vn 0.2979 0.5687 -0.7667
vn 0.9309 -0.1076 -0.3491
vn 0.9432 -0.0305 -0.3309
vn 0.3620 0.5683 -0.7390
vn 0.3209 0.5366 -0.7805
vn 0.2335 0.6661 -0.7084
vn 0.2214 0.6347 -0.7403
vn 0.2585 0.6279 -0.7341
vn 0.7662 0.2823 -0.5773
vn 0.9393 -0.1328 -0.3164
vn 0.8695 0.2284 -0.4380
vn 0.3859 0.4694 -0.7942
vn 0.4593 0.4253 -0.7798
vn 0.4130 0.4239 -0.8060
vn 0.7072 0.3030 -0.6388
vn 0.8847 0.2150 -0.4137
vn 0.7805 0.2498 -0.5731
vn 0.2568 0.5496 -0.7949
vn 0.8212 0.2442 -0.5157
vn 0.6513 0.3335 -0.6815
vn 0.5963 0.3438 -0.7255
vn 0.1984 0.5899 -0.7827
vn 0.2039 0.5499 -0.8100
vn 0.8539 0.2291 -0.4672
vn 0.9106 0.1981 -0.3628
vn 0.9329 0.1771 -0.3135
vn 0.8941 -0.3463 -0.2842
vn 0.9244 -0.2865 -0.2517
vn 0.6451 0.3016 -0.7021
vn 0.9055 -0.3396 -0.2544
vn 0.9328 -0.2750 -0.2329
vn 0.1576 0.5504 -0.8199
vn 0.9282 -0.3091 -0.2073
vn 0.1553 0.5108 -0.8456
vn 0.9201 0.1866 -0.3445
vn 0.3576 0.3577 -0.8626
vn 0.4313 0.3388 -0.8362
vn 0.4208 0.3837 -0.8220
vn 0.7121 0.2633 -0.6508
vn 0.3675 0.3102 -0.8768
vn 0.5682 0.3195 -0.7584
vn 0.1116 0.6891 -0.7160
vn 0.5057 0.3287 -0.7977
vn 0.4238 0.3005 -0.8544
vn 0.4812 0.2890 -0.8276
vn 0.9371 0.1673 -0.3062
vn 0.9508 0.1544 -0.2688
vn 0.9984 -0.0245 -0.0503
vn 0.9996 -0.0088 -0.0255
vn 0.1295 0.4549 -0.8811
vn 0.1714 0.4556 -0.8735
vn 0.1548 0.3887 -0.9083
vn 0.0757 0.7000 -0.7101
vn 0.1020 0.7401 -0.6647
vn 0.9190 0.1665 -0.3574
vn 0.9405 0.1416 -0.3090
vn 0.9503 0.1411 -0.2776
vn 1.0000 -0.0048 -0.0032
vn 0.3853 0.2543 -0.8871
vn 0.2592 0.2750 -0.9258
vn 0.2920 0.2475 -0.9239
vn 0.3175 0.2933 -0.9018
vn 0.0770 0.6653 -0.7426
vn 0.9594 0.1092 -0.2600
vn 0.9593 0.1295 -0.2509
vn 0.1434 0.3064 -0.9410
vn 0.0581 0.7583 -0.6493
vn 0.0648 0.7247 -0.6860
vn 0.8108 0.2176 -0.5433
vn 0.7992 0.1621 -0.5788
vn 0.8317 0.2017 -0.5173
vn 0.0521 0.6239 -0.7798
vn 0.7620 0.1712 -0.6245
vn 0.7410 0.2369 -0.6283
vn 0.7757 0.2336 -0.5862
vn 0.2993 0.2190 -0.9287
vn 0.5550 0.5454 -0.6280
vn 0.4998 0.5964 -0.6282
vn 0.5060 0.5612 -0.6550
vn 0.0343 0.6465 -0.7622
vn 0.0580 0.6051 -0.7941
vn 0.1964 0.2745 -0.9413
vn 0.4442 0.6028 -0.6628
vn 0.7137 0.1484 -0.6845
vn 0.4406 0.5757 -0.6888
vn 0.5121 0.5360 -0.6712
vn 0.1713 0.2322 -0.9575
vn 0.1027 0.3170 -0.9429
vn 0.8633 0.1775 -0.4724
vn 0.8931 0.1847 -0.4103
vn 0.8707 0.2097 -0.4448
vn 0.3679 0.6005 -0.7100
vn 0.0792 0.4264 -0.9010
vn 0.0427 0.3756 -0.9258
vn 0.2802 0.6568 -0.7001
vn 0.2631 0.1638 -0.9508
vn 0.2232 0.1860 -0.9569
vn 0.0330 0.5701 -0.8209
vn 0.6409 0.1682 -0.7489
vn 0.4560 0.1367 -0.8794
vn 0.3945 0.1559 -0.9056
vn 0.0380 0.4933 -0.8690
vn 0.0871 0.2490 -0.9646
vn 0.1216 0.2518 -0.9601
vn 0.9701 0.1933 -0.1469
vn 0.9331 0.1011 -0.3451
vn 0.9265 0.1299 -0.3532
vn 0.9498 0.1084 -0.2933
vn 0.9570 0.2362 -0.1684
vn 0.9701 0.1800 -0.1627
vn 0.2562 0.1077 -0.9606
vn 0.3256 0.1538 -0.9329
vn 0.8393 0.1602 -0.5195
vn 0.9649 0.1837 -0.1876
vn 0.0183 0.4539 -0.8908
vn 0.9322 0.2863 -0.2214
vn 0.0308 0.4403 -0.8973
vn 0.5686 0.0990 -0.8167
vn 0.6513 0.1383 -0.7461
vn 0.9481 0.2419 -0.2066
vn 0.5282 0.3757 -0.7614
vn 0.5299 0.4239 -0.7345
vn 0.3052 0.0890 -0.9481
vn 0.8230 0.1264 -0.5538
vn 0.9640 0.1351 -0.2291
vn 0.4871 0.0776 -0.8699
vn 0.4907 0.1049 -0.8650
vn 0.0244 0.3952 -0.9183
vn 0.9412 0.2416 -0.2361
vn 0.3598 0.0573 -0.9313
vn 0.3772 0.1019 -0.9205
vn 0.9032 0.3403 -0.2617
vn 0.4128 0.0700 -0.9081
vn 0.9227 0.2851 -0.2597
vn 0.0693 0.1159 -0.9908
vn 0.1134 0.1375 -0.9840
vn 0.0878 0.1881 -0.9782
vn 0.1999 0.1122 -0.9734
vn 0.1882 0.0471 -0.9810
vn 0.2396 0.0402 -0.9700
vn 0.0619 0.1722 -0.9831
vn 0.8976 0.3283 -0.2942
vn 0.8620 0.0976 -0.4975
vn 0.8459 0.0639 -0.5295
vn 0.6858 0.1011 -0.7208
vn 0.7444 0.1009 -0.6601
vn 0.6196 0.0828 -0.7805
vn 0.9498 0.2021 -0.2389
vn 0.9604 0.1792 -0.2133
vn 0.7975 0.0784 -0.5981
vn 0.1483 0.0197 -0.9887
vn 0.1370 0.0890 -0.9866
vn 0.3231 0.0272 -0.9460
vn 0.9063 0.2980 -0.2998
vn 0.9269 0.2434 -0.2856
vn 0.1024 0.0738 -0.9920
vn 0.6713 0.2406 -0.7011
vn 0.7072 0.0455 -0.7056
vn 0.1852 -0.0175 -0.9825
vn 0.9109 0.2787 -0.3044
vn 0.5407 0.0366 -0.8404
vn 0.6030 0.0232 -0.7974
vn 0.8645 0.3460 -0.3646
vn 0.8547 0.3761 -0.3577
vn 0.8223 0.4295 -0.3733
vn 0.8725 0.3165 -0.3722
vn 0.8332 0.3866 -0.3953
vn 0.8021 0.4318 -0.4124
vn 0.7924 0.4213 -0.4412
vn 0.7179 0.5027 -0.4816
vn 0.7593 0.4473 -0.4727
vn 0.8103 0.0017 -0.5860
vn 0.8514 0.0161 -0.5243
vn 0.7291 0.4707 -0.4968
vn 0.7417 0.4390 -0.5070
vn 0.6656 0.5139 -0.5412
vn 0.9401 0.2117 -0.2672
vn 0.0515 -0.0087 -0.9986
vn 0.0521 0.0743 -0.9959
vn 0.0224 0.0753 -0.9969
vn 0.6987 0.4580 -0.5496
vn 0.0746 -0.0392 -0.9964
vn 0.0743 0.0454 -0.9962
vn 0.2375 -0.0204 -0.9712
vn 0.6096 0.5406 -0.5797
vn 0.6050 -0.0437 -0.7950
vn 0.6524 0.0280 -0.7573
vn 0.6572 0.4819 -0.5795
vn 0.6130 0.5076 -0.6055
vn 0.0314 0.1215 -0.9921
vn 0.7091 -0.0377 -0.7041
vn 0.8972 0.0728 -0.4355
vn 0.9077 0.0215 -0.4191
vn 0.9246 0.0158 -0.3806
vn 0.9149 -0.0359 -0.4021
vn 0.1108 -0.0477 -0.9927
vn 0.8683 0.3330 -0.3677
vn 0.7099 0.4255 -0.5613
vn 0.7617 0.0310 -0.6471
vn 0.7579 -0.0554 -0.6500
vn 0.1136 0.0111 -0.9935
vn 0.6380 0.4483 -0.6261
vn 0.1463 -0.0647 -0.9871
vn 0.2494 -0.0789 -0.9652
vn 0.5894 0.4948 -0.6385
vn 0.9543 0.1768 -0.2408
vn 0.6550 -0.0540 -0.7537
vn 0.8953 0.2004 -0.3978
vn 0.2935 -0.0214 -0.9557
vn 0.8347 -0.0733 -0.5458
vn 0.8711 -0.0248 -0.4904
vn 0.3556 -0.1004 -0.9292
vn 0.4215 -0.0291 -0.9063
vn 0.3596 -0.0326 -0.9325
vn 0.1987 -0.1177 -0.9730
vn 0.7966 -0.0900 -0.5978
vn 0.6917 0.4088 -0.5954
vn 0.4532 -0.0933 -0.8865
vn 0.8509 -0.1238 -0.5106
vn 0.5860 0.4686 -0.6611
vn 0.2360 -0.1499 -0.9601
vn 0.4768 -0.1708 -0.8622
vn 0.5340 -0.1038 -0.8391
vn 0.5056 -0.0272 -0.8623
vn 0.6073 -0.1190 -0.7855
vn 0.5506 0.5044 -0.6651
vn 0.9870 0.0267 -0.1587
vn 0.5366 -0.1868 -0.8229
vn 0.2767 -0.1811 -0.9437
vn 0.8905 0.2810 -0.3577
vn 0.2071 0.2217 -0.9529
vn 0.3163 -0.1475 -0.9371
vn 0.9018 -0.0752 -0.4255
vn 0.8840 -0.0936 -0.4580
vn 0.9101 -0.0989 -0.4024
vn 0.3049 -0.2244 -0.9256
vn 0.8832 -0.1508 -0.4442
vn 0.0311 0.6843 -0.7285
vn 0.9599 0.0199 -0.2796
vn 0.5463 0.4863 -0.6819
vn 0.9628 0.1595 -0.2180
vn 0.7975 -0.1957 -0.5707
vn 0.5696 -0.2605 -0.7796
vn 0.3747 -0.2431 -0.8947
vn 0.4196 -0.2078 -0.8836
vn 0.9075 0.1512 -0.3919
vn 0.8620 -0.2043 -0.4639
vn 0.9076 0.2489 -0.3380
vn 0.8428 0.2104 -0.4953
vn 0.9817 0.0127 -0.1901
vn 0.9874 -0.0016 -0.1580
vn 0.8301 -0.2257 -0.5100
vn 0.4802 -0.2671 -0.8355
vn 0.9000 -0.1843 -0.3951
vn 0.5305 -0.3559 -0.7694
vn 0.5047 0.5034 -0.7013
vn 0.9446 0.1961 -0.2631
vn 0.4781 -0.3475 -0.8067
vn 0.4323 -0.3164 -0.8444
vn 0.8851 0.1303 -0.4468
vn 0.9791 -0.0371 -0.1998
vn 0.5666 0.4475 -0.6919
vn 0.7907 -0.2913 -0.5384
vn 0.9221 -0.1871 -0.3389
vn 0.8356 0.3512 -0.4223
vn 0.9917 0.0203 -0.1267
vn 0.8262 -0.3003 -0.4766
vn 0.5123 0.4644 -0.7225
vn 0.1320 0.1976 -0.9714
vn 0.5824 -0.3223 -0.7462
vn 0.6301 -0.3398 -0.6982
vn 0.1622 0.1631 -0.9732
vn 0.5788 -0.4064 -0.7070
vn 0.8714 -0.2433 -0.4260
vn 0.8572 -0.3014 -0.4176
vn 0.9445 -0.1649 -0.2843
vn 0.9388 -0.2095 -0.2733
vn 0.6270 -0.4269 -0.6516
vn 0.9080 0.1156 -0.4028
vn 0.8044 0.3811 -0.4558
vn 0.9818 -0.0724 -0.1754
vn 0.9895 -0.0330 -0.1407
vn 0.7803 -0.3810 -0.4959
vn 0.9947 -0.0138 -0.1019
vn 0.9586 -0.1515 -0.2411
vn 0.9712 -0.1468 -0.1875
vn 0.7543 -0.4387 -0.4884
vn 0.6825 -0.4651 -0.5638
vn 0.1688 0.1379 -0.9760
vn 0.8030 -0.3796 -0.4594
vn 0.8489 -0.3521 -0.3941
vn 0.9807 -0.1179 -0.1558
vn 0.9750 -0.1669 -0.1468
vn 0.9410 -0.2431 -0.2356
vn 0.9594 -0.1969 -0.2018
vn 0.9930 -0.0451 -0.1091
vn 0.8766 -0.3538 -0.3263
vn 0.8437 -0.3919 -0.3669
vn 0.9914 -0.0657 -0.1133
vn 0.8057 -0.4253 -0.4124
vn 0.7713 0.4063 -0.4899
vn 0.8308 -0.4301 -0.3533
vn 0.9868 -0.0811 -0.1400
vn 0.9754 -0.1721 -0.1380
vn 0.9973 -0.0030 -0.0729
vn 0.9969 -0.0362 -0.0696
vn 0.9164 0.2238 -0.3317
vn 0.9613 -0.2288 -0.1536
vn 0.9230 0.0741 -0.3777
vn 0.8765 -0.3909 -0.2811
vn 0.9471 -0.2678 -0.1767
vn 0.9729 -0.1988 -0.1183
vn 0.9469 0.0756 -0.3124
vn 0.8418 0.3095 -0.4422
vn 0.9945 -0.0572 -0.0874
vn 0.9022 -0.3604 -0.2368
vn 0.9614 0.0536 -0.2700
vn 0.8181 0.3437 -0.4611
vn 0.9399 0.0487 -0.3379
vn 0.4731 0.3655 -0.8016
vn 0.9928 -0.1153 -0.0318
vn 0.9586 -0.2713 -0.0870
vn 0.9725 -0.2242 -0.0628
vn 0.8799 0.0369 -0.4737
vn 0.5647 -0.0198 -0.8251
vn 0.7692 0.3819 -0.5123
vn 0.9533 0.0018 -0.3021
vn 0.3893 0.0181 -0.9209
vn 0.4549 0.0304 -0.8900
vn 0.8093 0.3248 -0.4894
vn 0.1172 0.4038 -0.9073
vn 0.0901 0.3607 -0.9283
vn 0.0252 0.7141 -0.6996
vn 0.1846 -0.6976 -0.6923
vn 0.1878 -0.7581 -0.6245
vn 0.2194 -0.7373 -0.6390
vn 0.1837 -0.1617 -0.9696
vn 0.2340 -0.2365 -0.9430
vn 0.0450 -0.9644 -0.2605
vn 0.2497 -0.3756 -0.8925
vn 0.2752 -0.3876 -0.8798
vn 0.1748 -0.8173 -0.5490
vn 0.2370 -0.8354 -0.4960
vn 0.0731 -0.9691 -0.2356
vn 0.0473 -0.9353 -0.3506
vn 0.2212 -0.8807 -0.4188
vn 0.2333 -0.6346 -0.7368
vn 0.2820 -0.6552 -0.7009
vn 0.2115 -0.5625 -0.7993
vn 0.2628 -0.8040 -0.5334
vn 0.2642 -0.5660 -0.7809
vn 0.1020 -0.9318 -0.3484
vn 0.0813 -0.8867 -0.4552
vn 0.2800 -0.2848 -0.9168
vn 0.2245 -0.6800 -0.6980
vn 0.2807 -0.7261 -0.6277
vn 0.1212 -0.8406 -0.5279
vn 0.1596 -0.9086 -0.3861
vn 0.1645 -0.8659 -0.4723
vn 0.1474 -0.9457 -0.2897
vn 0.1124 -0.8916 -0.4387
vn 0.2510 -0.4487 -0.8577
vn 0.3241 -0.4887 -0.8100
vn 0.1172 -0.9657 -0.2315
vn 0.2764 -0.2307 -0.9329
vn 0.3183 -0.3642 -0.8752
vn 0.3243 -0.6606 -0.6771
vn 0.3205 -0.5639 -0.7611
vn 0.1946 -0.9298 -0.3124
vn 0.0232 -0.9873 -0.1573
vn 0.0141 -0.9976 -0.0676
vn 0.2678 -0.8642 -0.4259
vn 0.0743 -0.9867 -0.1445
vn 0.3392 -0.6061 -0.7194
vn 0.1643 -0.9659 -0.2003
vn 0.3387 -0.7364 -0.5857
vn 0.2394 -0.9140 -0.3276
vn 0.2453 -0.9369 -0.2489
vn 0.3273 -0.7857 -0.5250
vn 0.1507 -0.9827 -0.1079
vn 0.1067 -0.9893 -0.0991
vn 0.3244 -0.2919 -0.8998
vn 0.3660 -0.3956 -0.8424
vn 0.3159 -0.8414 -0.4384
vn 0.2026 -0.9737 -0.1042
vn 0.3068 -0.8845 -0.3515
vn 0.2885 -0.9166 -0.2767
vn 0.3771 -0.3915 -0.8394
vn 0.0654 -0.9975 -0.0269
vn 0.0601 -0.9963 -0.0612
vn 0.4124 -0.7448 -0.5246
vn 0.4263 -0.5718 -0.7010
vn 0.3779 -0.5901 -0.7134
vn 0.4268 -0.6724 -0.6048
vn 0.1924 -0.9806 -0.0373
vn 0.1939 -0.9794 -0.0560
vn 0.3468 -0.3084 -0.8858
vn 0.3554 -0.9046 -0.2353
vn 0.2339 -0.9547 -0.1837
vn 0.4174 -0.4864 -0.7676
vn 0.2466 -0.9681 -0.0448
vn 0.1237 -0.9911 -0.0481
vn 0.3833 -0.6913 -0.6125
vn 0.3647 -0.8739 -0.3214
vn 0.3765 -0.3660 -0.8511
vn 0.4393 -0.4495 -0.7778
vn 0.4465 -0.5640 -0.6947
vn 0.2646 -0.9608 -0.0826
vn 0.3004 -0.9518 -0.0621
vn 0.3015 -0.9414 -0.1513
vn 0.3031 -0.9524 -0.0327
vn 0.4566 -0.6368 -0.6213
vn 0.3802 -0.8417 -0.3833
vn 0.3970 -0.8118 -0.4282
vn 0.4351 -0.8826 -0.1779
vn 0.3392 -0.9394 -0.0491
vn 0.4592 -0.5292 -0.7135
vn 0.4165 -0.8616 -0.2900
vn 0.4695 -0.6221 -0.6266
vn 0.3678 -0.9266 -0.0782
vn 0.3635 -0.9308 -0.0372
vn 0.5003 -0.6968 -0.5140
vn 0.4640 -0.8381 -0.2868
vn 0.3296 -0.9283 -0.1724
vn 0.4976 -0.4819 -0.7213
vn 0.4888 -0.7441 -0.4555
vn 0.4524 -0.7975 -0.3992
vn 0.4891 -0.8497 -0.1969
vn 0.5087 -0.8194 -0.2642
vn 0.4320 -0.9015 -0.0271
vn 0.4818 -0.8655 -0.1369
vn 0.5430 -0.4798 -0.6891
vn 0.4018 -0.9119 -0.0838
vn 0.4820 -0.6959 -0.5324
vn 0.4337 -0.9005 -0.0319
vn 0.4627 -0.8816 -0.0930
vn 0.5621 -0.6453 -0.5172
vn 0.5082 -0.6677 -0.5440
vn 0.5609 -0.7011 -0.4403
vn 0.3888 -0.9109 -0.1383
vn 0.4681 -0.8820 -0.0552
vn 0.5389 -0.8269 -0.1604
vn 0.5017 -0.7889 -0.3549
vn 0.6143 -0.6031 -0.5089
vn 0.5779 -0.5561 -0.5973
vn 0.5301 -0.5705 -0.6273
vn 0.5514 -0.8080 -0.2075
vn 0.4998 -0.8639 -0.0619
vn 0.4921 -0.8700 -0.0305
vn 0.6121 -0.5404 -0.5772
vn 0.6155 -0.6716 -0.4124
vn 0.5953 -0.4837 -0.6416
vn 0.5397 -0.7456 -0.3908
vn 0.5681 -0.8140 -0.1207
vn 0.5321 -0.8457 -0.0404
vn 0.5283 -0.8431 -0.1008
vn 0.5479 -0.8361 -0.0253
vn 0.6369 -0.5100 -0.5782
vn 0.6506 -0.5586 -0.5145
vn 0.6534 -0.6665 -0.3590
vn 0.6573 -0.6174 -0.4322
vn 0.5895 -0.7874 -0.1805
vn 0.5674 -0.8216 -0.0546
vn 0.6369 -0.7564 -0.1489
vn 0.6129 -0.7560 -0.2299
vn 0.0157 -0.0893 -0.9959
vn 0.5325 -0.7905 -0.3026
vn 0.7023 -0.5893 -0.3995
vn 0.6890 -0.5339 -0.4901
vn 0.6046 -0.7957 -0.0349
vn 0.6088 -0.7878 -0.0936
vn 0.7374 -0.5218 -0.4289
vn 0.6681 -0.7234 -0.1740
vn 0.0376 -0.1895 -0.9812
vn 0.6095 -0.7925 -0.0224
vn 0.7684 -0.4796 -0.4237
vn 0.6818 -0.7242 -0.1033
vn 0.7517 -0.5692 -0.3331
vn 0.5868 -0.7184 -0.3736
vn 0.6501 -0.7570 -0.0659
vn 0.6573 -0.7530 -0.0304
vn 0.7898 -0.5126 -0.3368
vn 0.7275 -0.6777 -0.1071
vn 0.7054 -0.6902 -0.1611
vn 0.6768 -0.7347 -0.0466
vn 0.7798 -0.5708 -0.2571
vn 0.6879 -0.7253 -0.0287
vn 0.8201 -0.4840 -0.3052
vn 0.5800 -0.7625 -0.2866
vn 0.7132 -0.6993 -0.0479
vn 0.8108 -0.5317 -0.2447
vn 0.7420 -0.6556 -0.1401
vn 0.7175 -0.6958 -0.0321
vn 0.7558 -0.6510 -0.0701
vn 0.8530 -0.4521 -0.2607
vn 0.8365 -0.4918 -0.2418
vn 0.7784 -0.6121 -0.1390
vn 0.8759 -0.4262 -0.2262
vn 0.9242 -0.3816 -0.0128
vn 0.9413 -0.3368 -0.0235
vn 0.9232 -0.3837 -0.0227
vn 0.9456 -0.3250 -0.0106
vn 0.9753 -0.2173 -0.0405
vn 0.9835 -0.1788 -0.0275
vn 0.9722 -0.2331 -0.0199
vn 0.9637 -0.2668 -0.0076
vn 0.9796 -0.2008 -0.0108
vn 0.9761 -0.2172 -0.0013
vn 0.9983 -0.0576 -0.0017
vn 0.9952 -0.0977 -0.0029
vn 0.9882 -0.1531 -0.0030
vn 0.9915 -0.1299 -0.0034
vn 0.9945 -0.1048 -0.0001
vn 0.6276 -0.7174 -0.3023
vn 0.0351 -0.0681 -0.9971
vn 0.0168 0.0239 -0.9996
vn 0.0320 -0.1196 -0.9923
vn 0.0317 0.0066 -0.9995
vn 0.0311 -0.2817 -0.9590
vn 0.0586 -0.0975 -0.9935
vn 0.0546 -0.1707 -0.9838
vn 0.0554 -0.2793 -0.9586
vn 0.0685 -0.3853 -0.9202
vn 0.0875 -0.1134 -0.9897
vn 0.0719 -0.2784 -0.9578
vn 0.6653 -0.6833 -0.3007
vn 0.0934 -0.4978 -0.8623
vn 0.0965 -0.4436 -0.8910
vn 0.0995 -0.3955 -0.9131
vn 0.1203 -0.5047 -0.8549
vn 0.1293 -0.1412 -0.9815
vn 0.1130 -0.2117 -0.9708
vn 0.0882 -0.2988 -0.9502
vn 0.1288 -0.4122 -0.9020
vn 0.0918 -0.6020 -0.7932
vn 0.1066 -0.6942 -0.7118
vn 0.0571 -0.5268 -0.8481
vn 0.1274 -0.6822 -0.7200
vn 0.1209 -0.6025 -0.7889
vn 0.1739 -0.4367 -0.8826
vn 0.1656 -0.3365 -0.9270
vn 0.1169 -0.3050 -0.9451
vn 0.6864 -0.6431 -0.3395
vn 0.1542 -0.1371 -0.9785
vn 0.0264 -0.7269 -0.6862
vn 0.0915 -0.7772 -0.6225
vn 0.0762 -0.7223 -0.6874
vn 0.1319 -0.7719 -0.6219
vn 0.6890 -0.6878 -0.2285
vn 0.7079 -0.6622 -0.2457
vn 0.1477 -0.7382 -0.6582
vn 0.2001 -0.4436 -0.8736
vn 0.1799 -0.5911 -0.7863
vn 0.0843 -0.8328 -0.5472
vn 0.0364 -0.8248 -0.5643
vn 0.2022 -0.3152 -0.9272
vn 0.7181 -0.6221 -0.3119
vn 0.7445 -0.6315 -0.2164
vn 0.3799 -0.4767 -0.7928
vn 0.7503 -0.6041 -0.2687
vn 0.7307 -0.6585 -0.1801
vn 0.5026 -0.6130 -0.6097
vn 0.7667 -0.6094 -0.2018
vn 0.0804 -0.1982 -0.9769
vn 0.1490 -0.5184 -0.8421
vn 0.1517 -0.2263 -0.9622
vn 0.7968 -0.5745 -0.1873
vn 0.9564 -0.2917 -0.0125
vn 0.7497 -0.6610 -0.0312
vn 0.8285 -0.5300 -0.1807
vn 0.8542 -0.4858 -0.1855
vn 0.8106 -0.5726 -0.1228
vn 0.7851 -0.6156 -0.0684
vn 0.7834 -0.6206 -0.0331
vn 0.8737 -0.4619 -0.1528
vn 0.8951 -0.4006 -0.1956
vn 0.8425 -0.5257 -0.1179
vn 0.8029 -0.5934 -0.0565
vn 0.8160 -0.5774 -0.0284
vn 0.8329 -0.5508 -0.0545
vn 0.8855 -0.4464 -0.1286
vn 0.8625 -0.4975 -0.0923
vn 0.9138 -0.3731 -0.1607
vn 0.8929 -0.4415 -0.0888
vn 0.8503 -0.5256 -0.0247
vn 0.8613 -0.5063 -0.0427
vn 0.9244 -0.3674 -0.1021
vn 0.9063 -0.4177 -0.0645
vn 0.8817 -0.4705 -0.0351
vn 0.9262 -0.3721 -0.0604
vn 0.8803 -0.4741 -0.0196
vn 0.9423 -0.3225 -0.0893
vn 0.9016 -0.4315 -0.0307
vn 0.9473 -0.3161 -0.0526
vn 0.9039 -0.4274 -0.0145
vn 0.9582 -0.2841 -0.0325
vn 0.9864 -0.1645 -0.0054
vn 0.9980 -0.0634 0.0009
vn 0.1520 -0.6138 -0.7747
vn 0.1514 -0.6822 -0.7153
vn 0.0340 -0.8837 -0.4668
vn 0.9350 0.2862 0.2097
vn 0.9542 0.2153 0.2077
vn 0.9566 0.2114 0.2005
vn 0.9442 0.2637 0.1972
vn 0.9667 0.1986 0.1613
vn 0.9763 0.1468 0.1589
vn 0.9729 0.1783 0.1475
vn 0.9758 0.0405 0.2148
vn 0.9742 0.0993 0.2029
vn 0.2670 0.9437 0.1955
vn 0.2929 0.9382 0.1843
vn 0.2439 0.9545 0.1718
vn 0.9543 0.2359 0.1834
vn 0.9657 0.1797 0.1875
vn 0.9652 0.1946 0.1745
vn 0.6937 0.6994 0.1722
vn 0.6517 0.7283 0.2117
vn 0.6265 0.7596 0.1743
vn 0.5974 0.7816 0.1793
vn 0.5384 0.8173 0.2054
vn 0.5749 0.7885 0.2185
vn 0.5730 0.7944 0.2015
vn 0.9682 0.1529 0.1980
vn 0.7040 0.6752 0.2202
vn 0.3318 0.9213 0.2027
vn 0.3895 0.8996 0.1975
vn 0.3892 0.9021 0.1864
vn 0.3429 0.9208 0.1856
vn 0.9710 0.1049 0.2146
vn 0.6585 0.7329 0.1710
vn 0.2095 0.9586 0.1929
vn 0.1945 0.9654 0.1737
vn 0.1385 0.9730 0.1848
vn 0.1513 0.9728 0.1752
vn 0.1164 0.9791 0.1667
vn 0.0690 0.9837 0.1663
vn 0.8094 0.5564 0.1879
vn 0.8391 0.5156 0.1737
vn 0.8062 0.5640 0.1785
vn 0.8364 0.5155 0.1865
vn 0.5199 0.8263 0.2168
vn 0.4886 0.8490 0.2014
vn 0.6083 0.7655 0.2099
vn 0.9292 0.3133 0.1961
vn 0.0779 0.9806 0.1800
vn 0.3887 0.8963 0.2135
vn 0.4350 0.8773 0.2027
vn 0.4543 0.8639 0.2173
vn 0.9647 0.1589 0.2101
vn 0.7809 0.5957 0.1880
vn 0.7680 0.6158 0.1758
vn 0.0285 0.9831 0.1807
vn 0.8675 0.4571 0.1963
vn 0.8919 0.4068 0.1975
vn 0.8928 0.4100 0.1866
vn 0.9433 0.2493 0.2192
vn 0.7068 0.6829 0.1848
vn 0.7324 0.6596 0.1687
vn 0.9132 0.3491 0.2100
vn 0.9127 0.3566 0.1996
vn 0.2973 0.9301 0.2156
vn 0.7548 0.6277 0.1903
vn 0.8431 0.4985 0.2019
vn 0.8611 0.4737 0.1849
vn 0.1640 0.9654 0.2030
vn 0.0780 0.9773 0.1971
vn 0.1201 0.9730 0.1973
vn 0.3407 0.9134 0.2230
vn 0.8932 0.3978 0.2098
vn 0.2539 0.9433 0.2139
vn 0.6646 0.7239 0.1850
vn 0.7332 0.6535 0.1878
vn 0.7337 0.6562 0.1763
vn 0.0320 0.9804 0.1942
vn 0.2093 0.9536 0.2163
vn 0.8734 0.4399 0.2087
vn 0.5437 0.8211 0.1736
vn 0.8125 0.5472 0.2008
vn 0.1540 0.9647 0.2137
vn 0.1009 0.9710 0.2170
vn 0.0438 0.9766 0.2106
vn 0.4892 0.8549 0.1727
vn 0.9894 0.0129 0.1443
vn 0.9892 -0.0265 0.1439
vn 0.1613 0.9603 0.2275
vn 0.9871 0.0604 0.1481
vn 0.9825 0.1159 0.1457
vn 0.9041 0.3669 0.2190
vn 0.0440 0.9731 0.2262
vn 0.9865 0.0088 0.1633
vn 0.9858 -0.0342 0.1645
vn 0.8448 0.4901 0.2147
vn 0.9846 0.0552 0.1661
vn 0.9617 0.2306 0.1484
vn 0.4371 0.8829 0.1717
vn 0.8156 0.5387 0.2112
vn 0.9806 0.1028 0.1670
vn 0.9563 0.2402 0.1669
vn 0.5733 0.7980 0.1858
vn 0.7786 0.5948 0.2000
vn 0.9472 0.2829 0.1513
vn 0.9187 0.3624 0.1571
vn 0.8929 0.4213 0.1592
vn 0.9029 0.3955 0.1680
vn 0.9827 0.0159 0.1846
vn 0.9815 0.0602 0.1818
vn 0.9790 0.0490 0.1979
vn 0.6363 0.7464 0.1952
vn 0.9157 0.3632 0.1723
vn 0.8021 0.5746 0.1624
vn 0.9759 0.1162 0.1848
vn 0.5367 0.8227 0.1875
vn 0.9790 -0.0050 0.2038
vn 0.7991 0.5767 0.1700
vn 0.8329 0.5285 0.1641
vn 0.9091 0.3733 0.1849
vn 0.9262 0.3314 0.1798
vn 0.7717 0.6140 0.1660
vn 0.3902 0.9046 0.1718
vn 0.9823 -0.0280 0.1850
vn 0.5981 0.7778 0.1931
vn 0.9327 0.3227 0.1609
vn 0.7859 0.5799 0.2148
vn 0.7968 0.5622 0.2212
vn 0.9739 0.1455 0.1742
vn 0.4884 0.8524 0.1867
vn 0.6729 0.7126 0.1987
vn 0.7092 0.6767 0.1977
vn 0.7554 0.6196 0.2132
vn 0.8872 0.4053 0.2205
vn 0.3419 0.9241 0.1705
vn 0.8700 0.4421 0.2184
vn 0.7442 0.6372 0.2001
vn 0.8655 0.4744 0.1608
vn 0.7246 0.6565 0.2096
vn 0.2929 0.9413 0.1679
vn 0.4366 0.8803 0.1857
vn 0.6882 0.6941 0.2113
vn 0.9429 0.2871 0.1689
vn 0.8846 0.4331 0.1728
vn 0.9401 0.2873 0.1837
vn 0.8821 0.4353 0.1797
vn 0.5365 0.3741 0.7565
vn 0.8630 0.4741 0.1747
vn 0.9761 -0.0363 0.2142
vn 0.7201 -0.3692 0.5875
vn 0.7271 -0.3482 0.5917
vn 0.7547 -0.3425 0.5595
vn 0.3519 -0.7747 0.5253
vn 0.7037 -0.2172 0.6764
vn 0.6963 -0.1865 0.6931
vn 0.7114 -0.1866 0.6775
vn 0.6858 -0.4983 0.5304
vn 0.6709 -0.4849 0.5610
vn 0.7029 -0.4601 0.5424
vn 0.7196 -0.4630 0.5174
vn 0.5908 -0.1020 0.8004
vn 0.6392 -0.0849 0.7643
vn 0.6171 -0.1140 0.7786
vn 0.4274 -0.5557 0.7131
vn 0.4468 -0.5277 0.7224
vn 0.4610 -0.5514 0.6953
vn 0.1873 -0.2528 0.9492
vn 0.2411 -0.2297 0.9429
vn 0.2386 -0.2666 0.9338
vn 0.9150 -0.2872 0.2833
vn 0.9217 -0.2570 0.2905
vn 0.9312 -0.2447 0.2700
vn 0.0611 -0.8020 0.5941
vn 0.0613 -0.7803 0.6224
vn 0.9458 -0.1408 0.2926
vn 0.9465 -0.1253 0.2972
vn 0.9520 -0.1167 0.2829
vn 0.2498 -0.7997 0.5460
vn 0.3077 -0.7931 0.5257
vn 0.1522 -0.8094 0.5673
vn 0.1788 -0.7916 0.5842
vn 0.2030 -0.8091 0.5515
vn 0.1120 -0.8148 0.5688
vn 0.1198 -0.7934 0.5968
vn 0.4459 -0.3889 0.8062
vn 0.4517 -0.3531 0.8193
vn 0.4757 -0.3511 0.8065
vn 0.4892 -0.3776 0.7862
vn 0.8499 -0.3671 0.3780
vn 0.8727 -0.3199 0.3688
vn 0.8818 -0.3289 0.3381
vn 0.7410 -0.2416 0.6265
vn 0.7768 -0.2005 0.5969
vn 0.7737 -0.2206 0.5939
vn 0.8481 -0.2403 0.4722
vn 0.8561 -0.2237 0.4659
vn 0.8747 -0.2164 0.4337
vn 0.8639 -0.2331 0.4465
vn 0.7458 -0.4661 0.4760
vn 0.7548 -0.4354 0.4907
vn 0.7714 -0.4380 0.4615
vn 0.7880 -0.4099 0.4594
vn 0.7998 -0.4173 0.4315
vn 0.0551 -0.8179 0.5728
vn 0.9175 -0.1875 0.3507
vn 0.8738 -0.2497 0.4174
vn 0.8865 -0.2158 0.4093
vn 0.9002 -0.2039 0.3847
vn 0.4962 -0.4043 0.7683
vn 0.5281 -0.3682 0.7652
vn 0.5285 -0.3946 0.7516
vn 0.2215 -0.5588 0.7992
vn 0.1987 -0.5259 0.8270
vn 0.2539 -0.5203 0.8154
vn 0.6280 -0.1579 0.7620
vn 0.6447 -0.1153 0.7557
vn 0.6674 -0.1248 0.7342
vn 0.6728 -0.1439 0.7257
vn 0.4979 -0.5535 0.6677
vn 0.4926 -0.5282 0.6917
vn 0.3102 -0.5747 0.7573
vn 0.2999 -0.5406 0.7860
vn 0.3492 -0.5473 0.7606
vn 0.7366 -0.1940 0.6479
vn 0.7385 -0.2190 0.6377
vn 0.2255 -0.3035 0.9258
vn 0.2816 -0.2638 0.9226
vn 0.2606 -0.3007 0.9174
vn 0.0807 -0.1458 0.9860
vn 0.1054 -0.5115 0.8528
vn 0.1603 -0.4924 0.8555
vn 0.1519 -0.5333 0.8322
vn 0.9362 -0.1459 0.3196
vn 0.9214 -0.1786 0.3451
vn 0.9280 -0.1599 0.3366
vn 0.9338 -0.1621 0.3190
vn 0.8021 -0.2595 0.5379
vn 0.8385 -0.2224 0.4974
vn 0.8267 -0.2469 0.5056
vn 0.8142 -0.2292 0.5334
vn 0.8041 -0.1462 0.5762
vn 0.8213 -0.1243 0.5568
vn 0.8310 -0.1435 0.5375
vn 0.1376 -0.2383 0.9614
vn 0.1489 -0.2072 0.9669
vn 0.7934 -0.1763 0.5826
vn 0.8165 -0.1751 0.5502
vn 0.7221 -0.4761 0.5019
vn 0.8227 -0.4082 0.3956
vn 0.8193 -0.3901 0.4201
vn 0.8042 -0.2039 0.5583
vn 0.6558 -0.1874 0.7313
vn 0.7025 -0.1509 0.6955
vn 0.7670 -0.2387 0.5955
vn 0.5293 -0.5564 0.6405
vn 0.5454 -0.5311 0.6485
vn 0.3480 -0.5824 0.7346
vn 0.4010 -0.5458 0.7357
vn 0.0682 -0.2136 0.9745
vn 0.0698 -0.1833 0.9806
vn 0.1138 -0.1792 0.9772
vn 0.7860 -0.2399 0.5698
vn 0.7509 -0.2590 0.6075
vn 0.1033 -0.2125 0.9717
vn 0.5822 -0.5396 0.6082
vn 0.6182 -0.5033 0.6038
vn 0.6395 -0.5174 0.5686
vn 0.9869 -0.0495 0.1539
vn 0.3738 -0.3597 0.8549
vn 0.3709 -0.3189 0.8722
vn 0.4041 -0.3270 0.8543
vn 0.7030 -0.3615 0.6124
vn 0.0596 -0.5222 0.8507
vn 0.0765 -0.4924 0.8670
vn 0.5825 -0.5110 0.6321
vn 0.8973 -0.3177 0.3064
vn 0.9047 -0.2870 0.3148
vn 0.4115 -0.3909 0.8233
vn 0.4145 -0.3596 0.8360
vn 0.1783 -0.5661 0.8048
vn 0.9044 -0.2160 0.3681
vn 0.9135 -0.2015 0.3535
vn 0.6716 -0.2076 0.7112
vn 0.4381 -0.5799 0.6868
vn 0.3758 -0.3846 0.8431
vn 0.9258 -0.2742 0.2603
vn 0.9443 -0.2214 0.2435
vn 0.5546 -0.1143 0.8242
vn 0.6171 -0.0668 0.7840
vn 0.5858 -0.0682 0.8076
vn 0.7139 -0.2460 0.6555
vn 0.5738 -0.1430 0.8064
vn 0.7925 -0.4443 0.4178
vn 0.2864 -0.3426 0.8948
vn 0.3409 -0.2930 0.8933
vn 0.3274 -0.3342 0.8838
vn 0.3013 -0.2962 0.9064
vn 0.9789 -0.1076 0.1738
vn 0.9774 -0.1150 0.1774
vn 0.9832 -0.0796 0.1642
vn 0.3823 -0.5898 0.7113
vn 0.1049 -0.5414 0.8342
vn 0.9159 -0.1828 0.3575
vn 0.5631 -0.4083 0.7184
vn 0.5935 -0.3729 0.7132
vn 0.6051 -0.3882 0.6951
vn 0.5603 -0.3842 0.7338
vn 0.8287 -0.3068 0.4680
vn 0.8199 -0.2929 0.4919
vn 0.8433 -0.2738 0.4624
vn 0.8498 -0.2812 0.4459
vn 0.8644 -0.2492 0.4368
vn 0.8631 -0.3690 0.3449
vn 0.5779 -0.1722 0.7977
vn 0.6144 -0.1923 0.7652
vn 0.7739 -0.2723 0.5718
vn 0.5490 -0.0834 0.8317
vn 0.2724 -0.5856 0.7635
vn 0.2609 -0.5506 0.7929
vn 0.3190 -0.3671 0.8738
vn 0.1342 -0.2774 0.9513
vn 0.9829 -0.0811 0.1652
vn 0.0863 -0.2623 0.9611
vn 0.6102 -0.5493 0.5709
vn 0.6361 -0.2215 0.7391
vn 0.9534 -0.1330 0.2709
vn 0.9604 -0.1023 0.2593
vn 0.1912 -0.3054 0.9328
vn 0.4604 -0.4132 0.7857
vn 0.7662 -0.3515 0.5380
vn 0.7900 -0.3113 0.5282
vn 0.7947 -0.3263 0.5118
vn 0.5216 -0.1107 0.8460
vn 0.9602 -0.1916 0.2033
vn 0.9599 -0.1800 0.2148
vn 0.9689 -0.1451 0.2005
vn 0.6863 -0.2528 0.6820
vn 0.1207 -0.5656 0.8158
vn 0.6612 -0.2398 0.7108
vn 0.6858 -0.3920 0.6132
vn 0.6729 -0.3795 0.6349
vn 0.8895 -0.2444 0.3861
vn 0.6391 -0.4060 0.6533
vn 0.6415 -0.3803 0.6662
vn 0.7051 -0.5078 0.4950
vn 0.6647 -0.5232 0.5333
vn 0.2403 -0.3482 0.9061
vn 0.6026 -0.4168 0.6806
vn 0.5219 -0.0807 0.8492
vn 0.8997 -0.2007 0.3876
vn 0.9071 -0.2005 0.3700
vn 0.4899 -0.5859 0.6455
vn 0.8426 -0.4014 0.3590
vn 0.1548 -0.3073 0.9389
vn 0.2335 -0.5943 0.7696
vn 0.8682 -0.3767 0.3230
vn 0.0652 -0.5620 0.8246
vn 0.5752 -0.5696 0.5871
vn 0.5368 -0.5851 0.6079
vn 0.7221 -0.2763 0.6343
vn 0.8243 -0.2608 0.5025
vn 0.8076 -0.3307 0.4883
vn 0.4855 -0.0924 0.8693
vn 0.9494 -0.2162 0.2279
vn 0.9510 -0.1967 0.2384
vn 0.5689 -0.4309 0.7005
vn 0.5135 -0.4271 0.7442
vn 0.9207 -0.2023 0.3337
vn 0.9736 -0.1365 0.1829
vn 0.8950 -0.2094 0.3939
vn 0.5819 -0.2024 0.7877
vn 0.9036 -0.3254 0.2788
vn 0.7576 -0.4790 0.4434
vn 0.7488 -0.2814 0.6002
vn 0.8832 -0.3599 0.3007
vn 0.9673 -0.0869 0.2382
vn 0.9765 -0.0675 0.2044
vn 0.6000 -0.2258 0.7675
vn 0.5474 -0.1575 0.8219
vn 0.7045 -0.2706 0.6561
vn 0.4238 -0.4222 0.8014
vn 0.7335 -0.3794 0.5639
vn 0.8074 -0.2676 0.5259
vn 0.4562 -0.6035 0.6539
vn 0.9312 -0.2738 0.2405
vn 0.8443 -0.2517 0.4731
vn 0.9676 -0.1643 0.1916
vn 0.1468 -0.5934 0.7914
vn 0.2995 -0.6155 0.7290
vn 0.1928 -0.6029 0.7742
vn 0.6304 -0.5532 0.5445
vn 0.8147 -0.4435 0.3737
vn 0.1983 -0.3427 0.9183
vn 0.9258 -0.1818 0.3315
vn 0.5078 -0.1580 0.8468
vn 0.6798 -0.5341 0.5026
vn 0.2572 -0.3794 0.8887
vn 0.3992 -0.6127 0.6821
vn 0.8642 -0.2730 0.4226
vn 0.9418 -0.1669 0.2919
vn 0.6492 -0.4166 0.6364
vn 0.4896 -0.1215 0.8634
vn 0.1135 -0.3139 0.9427
vn 0.3780 -0.4155 0.8274
vn 0.7218 -0.2984 0.6245
vn 0.6497 -0.5542 0.5203
vn 0.3248 -0.4015 0.8564
vn 0.3298 -0.6195 0.7123
vn 0.6724 -0.2917 0.6803
vn 0.9245 -0.1647 0.3437
vn 0.6012 -0.5754 0.5544
vn 0.8899 -0.2133 0.4032
vn 0.8912 -0.2104 0.4019
vn 0.7785 -0.4763 0.4088
vn 0.6420 -0.2832 0.7125
vn 0.2567 -0.6265 0.7359
vn 0.8825 -0.2156 0.4181
vn 0.1063 -0.5998 0.7930
vn 0.7200 -0.5141 0.4662
vn 0.9482 -0.2330 0.2158
vn 0.9831 -0.0578 0.1736
vn 0.6984 -0.2952 0.6520
vn 0.6157 -0.2662 0.7416
vn 0.6107 -0.2782 0.7414
vn 0.4954 -0.6145 0.6139
vn 0.4477 -0.1233 0.8856
vn 0.5239 -0.1961 0.8289
vn 0.9135 -0.1803 0.3648
vn 0.7401 -0.5090 0.4395
vn 0.7820 -0.3599 0.5088
vn 0.0717 -0.3175 0.9456
vn 0.4648 -0.1525 0.8722
vn 0.7859 -0.2850 0.5487
vn 0.8480 -0.4142 0.3306
vn 0.9115 -0.3173 0.2617
vn 0.5357 -0.4467 0.7165
vn 0.9737 -0.1353 0.1834
vn 0.9648 -0.1135 0.2373
vn 0.9739 -0.0903 0.2082
vn 0.0675 -0.6048 0.7935
vn 0.8707 -0.2331 0.4330
vn 0.8733 -0.2769 0.4008
vn 0.9986 0.0010 0.0531
vn 0.9997 -0.0002 0.0246
vn 0.9992 0.0006 0.0392
vn 0.4615 -0.4434 0.7684
vn 0.9799 -0.0859 0.1799
vn 0.2122 -0.6268 0.7497
vn 0.6993 -0.4056 0.5887
vn 0.3357 -0.6388 0.6923
vn 0.5610 -0.6004 0.5699
vn 0.6973 -0.5436 0.4671
vn 0.4444 -0.0961 0.8906
vn 0.5654 -0.2430 0.7882
vn 0.9992 -0.0140 0.0365
vn 0.4138 -0.6434 0.6441
vn 0.8297 -0.4353 0.3493
vn 0.4604 -0.6319 0.6235
vn 0.5375 -0.2321 0.8107
vn 0.1463 -0.3550 0.9233
vn 0.5839 -0.2687 0.7660
vn 0.9972 -0.0145 0.0736
vn 0.2728 -0.4109 0.8699
vn 0.9064 -0.2338 0.3518
vn 0.1614 -0.6292 0.7603
vn 0.9932 -0.0240 0.1143
vn 0.6141 -0.4366 0.6575
vn 0.9817 -0.0608 0.1802
vn 0.9967 0.0021 0.0811
vn 0.8615 -0.4025 0.3096
vn 0.4852 -0.1937 0.8527
vn 0.8192 -0.2768 0.5022
vn 0.1938 -0.3797 0.9046
vn 0.6193 -0.5793 0.5300
vn 0.4007 -0.1390 0.9056
vn 0.3786 -0.4457 0.8112
vn 0.8323 -0.3299 0.4455
vn 0.9958 -0.0481 0.0777
vn 0.5035 -0.4592 0.7318
vn 0.5155 -0.2328 0.8246
vn 0.9831 -0.0291 0.1805
vn 0.9883 -0.0033 0.1524
vn 0.9935 0.0013 0.1136
vn 0.9877 -0.0345 0.1523
vn 0.4591 -0.1918 0.8674
vn 0.7496 -0.3810 0.5413
vn 0.2767 -0.6556 0.7026
vn 0.9935 -0.0437 0.1053
vn 0.6383 -0.3048 0.7069
vn 0.7623 -0.2946 0.5763
vn 0.5088 -0.6267 0.5902
vn 0.9675 -0.1619 0.1944
vn 0.3363 -0.4414 0.8319
vn 0.9867 -0.0537 0.1536
vn 0.3774 -0.6412 0.6681
vn 0.9813 -0.0131 0.1920
vn 0.6425 -0.5809 0.4997
vn 0.4039 -0.1008 0.9092
vn 0.9781 -0.0321 0.2058
vn 0.4093 -0.4554 0.7906
vn 0.4155 -0.1642 0.8947
vn 0.8527 -0.3134 0.4178
vn 0.9865 -0.0701 0.1480
vn 0.1194 -0.6344 0.7637
vn 0.4874 -0.2354 0.8409
vn 0.5518 -0.2733 0.7879
vn 0.9702 -0.0390 0.2390
vn 0.9751 -0.0098 0.2217
vn 0.9914 -0.0743 0.1082
vn 0.2185 -0.6491 0.7286
vn 0.8049 -0.4757 0.3546
vn 0.9574 -0.1450 0.2497
vn 0.2311 -0.4108 0.8820
vn 0.8874 -0.3679 0.2776
vn 0.9605 -0.0375 0.2757
vn 0.1066 -0.3519 0.9300
vn 0.9657 -0.0135 0.2592
vn 0.7476 -0.5234 0.4088
vn 0.9766 -0.0683 0.2039
vn 0.6058 -0.2978 0.7377
vn 0.5801 -0.4545 0.6760
vn 0.5873 -0.6131 0.5285
vn 0.9880 -0.0755 0.1346
vn 0.6634 -0.4306 0.6120
vn 0.3628 -0.1401 0.9213
vn 0.2925 -0.4319 0.8532
vn 0.6929 -0.3177 0.6472
vn 0.7722 -0.5014 0.3903
vn 0.7945 -0.2943 0.5312
vn 0.9678 -0.0634 0.2436
vn 0.5403 -0.6279 0.5602
vn 0.9518 -0.0210 0.3061
vn 0.8851 -0.2791 0.3725
vn 0.7365 -0.3115 0.6005
vn 0.9771 -0.0879 0.1938
vn 0.9440 -0.0399 0.3275
vn 0.0779 -0.6404 0.7641
vn 0.9033 -0.1963 0.3813
vn 0.9358 -0.0216 0.3520
vn 0.7179 -0.5506 0.4259
vn 0.3703 -0.0966 0.9239
vn 0.9534 -0.0683 0.2938
vn 0.3599 -0.6678 0.6515
vn 0.4653 -0.4741 0.7475
vn 0.9809 -0.1075 0.1622
vn 0.5238 -0.2766 0.8056
vn 0.9746 -0.1180 0.1903
vn 0.6756 -0.5727 0.4643
vn 0.9089 -0.3329 0.2512
vn 0.4562 -0.2352 0.8582
vn 0.9405 -0.0719 0.3322
vn 0.9602 -0.0931 0.2633
vn 0.6670 -0.3230 0.6714
vn 0.9778 -0.1019 0.1832
vn 0.1740 -0.6628 0.7283
vn 0.9588 -0.1951 0.2065
vn 0.9666 -0.1043 0.2342
vn 0.4190 -0.1967 0.8864
vn 0.0629 -0.3638 0.9294
vn 0.8989 -0.2669 0.3474
vn 0.9181 -0.0619 0.3916
vn 0.4704 -0.6498 0.5970
vn 0.5743 -0.3005 0.7615
vn 0.1373 -0.3926 0.9094
vn 0.1853 -0.4178 0.8894
vn 0.8308 -0.4543 0.3216
vn 0.9380 -0.2648 0.2234
vn 0.3271 -0.1138 0.9381
vn 0.9444 -0.0998 0.3134
vn 0.9292 -0.0694 0.3629
vn 0.7182 -0.4181 0.5563
vn 0.9202 -0.0323 0.3902
vn 0.5043 -0.6518 0.5664
vn 0.6340 -0.3314 0.6987
vn 0.9660 -0.1232 0.2274
vn 0.6457 -0.5998 0.4726
vn 0.7702 -0.3107 0.5570
vn 0.9537 -0.1211 0.2754
vn 0.2936 -0.6759 0.6760
vn 0.9813 -0.0760 0.1771
vn 0.7018 -0.3282 0.6323
vn 0.2347 -0.6809 0.6937
vn 0.5472 -0.4706 0.6922
vn 0.7819 -0.5088 0.3602
vn 0.5984 -0.3265 0.7317
vn 0.9679 -0.1324 0.2137
vn 0.9323 -0.2083 0.2956
vn 0.4282 -0.6678 0.6089
vn 0.7745 -0.3824 0.5040
vn 0.7322 -0.5541 0.3961
vn 0.9503 -0.1664 0.2631
vn 0.9108 -0.0908 0.4028
vn 0.0978 -0.3970 0.9126
vn 0.1302 -0.6602 0.7397
vn 0.4207 -0.2383 0.8754
vn 0.8952 -0.0722 0.4398
vn 0.9063 -0.0316 0.4215
vn 0.2192 -0.4419 0.8699
vn 0.9667 -0.1332 0.2185
vn 0.9173 -0.1018 0.3849
vn 0.8595 -0.3231 0.3961
vn 0.9492 -0.2333 0.2113
vn 0.9421 -0.1184 0.3138
vn 0.9285 -0.1061 0.3559
vn 0.6287 -0.4536 0.6316
vn 0.4885 -0.2797 0.8265
vn 0.9256 -0.2983 0.2329
vn 0.4126 -0.4792 0.7747
vn 0.3221 -0.6897 0.6484
vn 0.7621 -0.5295 0.3725
vn 0.8868 -0.0385 0.4605
vn 0.8799 -0.0649 0.4707
vn 0.9576 -0.1316 0.2564
vn 0.8043 -0.3593 0.4734
vn 0.8694 -0.4011 0.2886
vn 0.3535 -0.4684 0.8097
vn 0.6964 -0.5788 0.4242
vn 0.2540 -0.4555 0.8532
vn 0.5394 -0.6506 0.5346
vn 0.3570 -0.1892 0.9148
vn 0.2815 -0.1275 0.9511
vn 0.2855 -0.0999 0.9532
vn 0.3649 -0.2177 0.9052
vn 0.9416 -0.1378 0.3073
vn 0.8953 -0.0945 0.4352
vn 0.7546 -0.4022 0.5185
vn 0.8562 -0.0386 0.5152
vn 0.6095 -0.6186 0.4958
vn 0.8561 -0.2520 0.4511
vn 0.8384 -0.2640 0.4769
vn 0.5412 -0.3072 0.7828
vn 0.3139 -0.1604 0.9358
vn 0.0879 -0.6665 0.7403
vn 0.3666 -0.6906 0.6235
vn 0.9563 -0.1584 0.2458
vn 0.9795 -0.0551 0.1935
vn 0.8719 -0.3266 0.3649
vn 0.9494 -0.1566 0.2723
vn 0.8950 -0.3654 0.2556
vn 0.9416 -0.1518 0.3006
vn 0.8470 -0.0684 0.5272
vn 0.2994 -0.4692 0.8308
vn 0.9860 -0.0563 0.1570
vn 0.9439 -0.1872 0.2722
vn 0.4569 -0.6792 0.5743
vn 0.5155 -0.4852 0.7063
vn 0.5666 -0.3303 0.7549
vn 0.9129 -0.1404 0.3833
vn 0.9208 -0.2338 0.3122
vn 0.8880 -0.1299 0.4412
vn 0.1352 -0.6860 0.7149
vn 0.8563 -0.1070 0.5052
vn 0.9097 -0.1579 0.3841
vn 0.1881 -0.6963 0.6926
vn 0.8611 -0.0884 0.5007
vn 0.6765 -0.4430 0.5883
vn 0.8951 -0.1461 0.4213
vn 0.3809 -0.2440 0.8918
vn 0.9725 -0.1206 0.1992
vn 0.8675 -0.1146 0.4841
vn 0.8089 -0.4880 0.3280
vn 0.9293 -0.1471 0.3387
vn 0.1337 -0.4283 0.8937
vn 0.4549 -0.2829 0.8444
vn 0.5949 -0.4747 0.6486
vn 0.2746 -0.6998 0.6594
vn 0.9276 -0.1652 0.3351
vn 0.5673 -0.6536 0.5009
vn 0.6669 -0.3443 0.6609
vn 0.3201 -0.1938 0.9274
vn 0.9106 -0.3336 0.2441
vn 0.5014 -0.3122 0.8069
vn 0.7474 -0.3260 0.5789
vn 0.6685 -0.6043 0.4334
vn 0.8323 -0.0982 0.5455
vn 0.4041 -0.6963 0.5932
vn 0.9774 -0.1000 0.1861
vn 0.0611 -0.3995 0.9147
vn 0.3575 -0.4925 0.7935
vn 0.8344 -0.4636 0.2981
vn 0.8231 -0.0498 0.5657
vn 0.2630 -0.1647 0.9506
vn 0.9761 -0.0915 0.1969
vn 0.1830 -0.4463 0.8760
vn 0.4356 -0.5001 0.7485
vn 0.6042 -0.6453 0.4676
vn 0.7880 -0.5148 0.3378
vn 0.9385 -0.1776 0.2961
vn 0.4931 -0.6822 0.5398
vn 0.7871 -0.0825 0.6113
vn 0.7914 -0.0490 0.6094
vn 0.9135 -0.1699 0.3697
vn 0.0984 -0.6918 0.7153
vn 0.8800 -0.1795 0.4399
vn 0.2269 -0.7108 0.6658
vn 0.4792 -0.5014 0.7203
vn 0.8025 -0.0924 0.5895
vn 0.5328 -0.6763 0.5087
vn 0.8548 -0.1453 0.4982
vn 0.8719 -0.1511 0.4658
vn 0.2372 -0.1160 0.9645
vn 0.7209 -0.3356 0.6064
vn 0.5342 -0.3375 0.7750
vn 0.9293 -0.1858 0.3192
vn 0.8014 -0.3798 0.4621
vn 0.8550 -0.4339 0.2842
vn 0.4196 -0.2861 0.8614
vn 0.8803 -0.3941 0.2643
vn 0.2991 -0.7138 0.6332
vn 0.7203 -0.5757 0.3870
vn 0.6310 -0.6321 0.4497
vn 0.9313 -0.2837 0.2286
vn 0.8391 -0.3523 0.4145
vn 0.9212 -0.1885 0.3403
vn 0.8921 -0.1866 0.4114
vn 0.2778 -0.1960 0.9404
vn 0.0586 -0.6928 0.7188
vn 0.9114 -0.2578 0.3207
vn 0.6769 -0.6109 0.4106
vn 0.1318 -0.7101 0.6916
vn 0.9586 -0.1653 0.2320
vn 0.5992 -0.3507 0.7197
vn 0.3625 -0.7149 0.5979
vn 0.8633 -0.1705 0.4751
vn 0.5620 -0.4934 0.6639
vn 0.9122 -0.1906 0.3627
vn 0.4461 -0.7061 0.5500
vn 0.3903 -0.5148 0.7633
vn 0.6251 -0.4763 0.6184
vn 0.6299 -0.3599 0.6883
vn 0.7630 -0.5448 0.3478
vn 0.1785 -0.7219 0.6686
vn 0.7644 -0.0773 0.6401
vn 0.3053 -0.2298 0.9241
vn 0.3237 -0.7265 0.6062
vn 0.5061 -0.3429 0.7914
vn 0.0901 -0.4493 0.8889
vn 0.9027 -0.1914 0.3853
vn 0.2037 -0.4855 0.8502
vn 0.3092 -0.5039 0.8065
vn 0.7867 -0.1234 0.6049
vn 0.9629 -0.1679 0.2114
vn 0.7578 -0.0533 0.6503
vn 0.9443 -0.2447 0.2198
vn 0.8410 -0.1723 0.5129
vn 0.6853 -0.4589 0.5655
vn 0.7388 -0.4267 0.5216
vn 0.6833 -0.3519 0.6398
vn 0.1723 -0.1523 0.9732
vn 0.1963 -0.1068 0.9747
vn 0.4438 -0.3209 0.8367
vn 0.7717 -0.4063 0.4893
vn 0.3859 -0.2739 0.8810
vn 0.2345 -0.7301 0.6419
vn 0.2135 -0.1633 0.9632
vn 0.0686 -0.7127 0.6981
vn 0.8149 -0.3735 0.4431
vn 0.0561 -0.4292 0.9015
vn 0.2516 -0.4923 0.8333
vn 0.8533 -0.1907 0.4852
vn 0.4023 -0.7158 0.5708
vn 0.2353 -0.2030 0.9505
vn 0.9698 -0.1308 0.2060
vn 0.5301 -0.5092 0.6780
vn 0.7346 -0.0623 0.6757
vn 0.9360 -0.2221 0.2731
vn 0.5628 -0.3587 0.7447
vn 0.7809 -0.1475 0.6069
vn 0.1269 -0.4718 0.8725
vn 0.5904 -0.6679 0.4532
vn 0.8931 -0.2922 0.3419
vn 0.9739 -0.0898 0.2084
vn 0.6312 -0.6491 0.4246
vn 0.7445 -0.1171 0.6573
vn 0.3335 -0.2594 0.9063
vn 0.7814 -0.1257 0.6113
vn 0.1261 -0.7310 0.6706
vn 0.7473 -0.5659 0.3482
vn 0.9242 -0.1888 0.3319
vn 0.2770 -0.7419 0.6106
vn 0.4762 -0.7177 0.5080
vn 0.5539 -0.6850 0.4733
vn 0.7187 -0.5916 0.3654
vn 0.8295 -0.1988 0.5219
vn 0.8663 -0.2061 0.4550
vn 0.6541 -0.4792 0.5852
vn 0.7283 -0.1003 0.6779
vn 0.3587 -0.7423 0.5660
vn 0.1320 -0.1398 0.9813
vn 0.1523 -0.1079 0.9824
vn 0.6832 -0.6218 0.3829
vn 0.0562 -0.4632 0.8845
vn 0.8058 -0.5049 0.3095
vn 0.6451 -0.6485 0.4041
vn 0.4132 -0.7355 0.5370
vn 0.5129 -0.7093 0.4837
vn 0.1857 -0.7428 0.6432
vn 0.3420 -0.5167 0.7849
vn 0.9140 -0.3266 0.2408
vn 0.7097 -0.0959 0.6980
vn 0.0788 -0.7369 0.6713
vn 0.7798 -0.5356 0.3241
vn 0.1941 -0.2060 0.9591
vn 0.8458 -0.4520 0.2835
vn 0.2984 -0.7536 0.5857
vn 0.7394 -0.1585 0.6543
vn 0.5589 -0.6975 0.4485
vn 0.7655 -0.1824 0.6170
vn 0.2362 -0.7501 0.6177
vn 0.6037 -0.6763 0.4220
vn 0.1383 -0.7511 0.6455
vn 0.7013 -0.0731 0.7091
vn 0.9516 -0.2140 0.2208
vn 0.1957 -0.7654 0.6131
vn 0.1019 -0.1146 0.9882
vn 0.1529 -0.7693 0.6204
vn 0.0521 -0.7524 0.6566
vn 0.5151 -0.7246 0.4579
vn 0.0896 -0.7540 0.6508
vn 0.4726 -0.7377 0.4822
vn 0.3126 -0.7723 0.5530
vn 0.6840 -0.0632 0.7267
vn 0.3847 -0.7546 0.5315
vn 0.2309 -0.7808 0.5805
vn 0.4320 -0.7541 0.4947
vn 0.0510 -0.1238 0.9910
vn 0.6537 -0.0768 0.7529
vn 0.1042 -0.7737 0.6249
vn 0.2725 -0.7850 0.5563
vn 0.3842 -0.7708 0.5082
vn 1.0000 -0.0000 -0.0048
vn 0.9912 0.0007 -0.1321
vn 0.9845 -0.0000 -0.1755
vn 0.9762 -0.0001 -0.2168
vn 0.9465 0.0002 -0.3227
vn 0.9143 0.0005 -0.4050
vn 0.8147 0.0006 -0.5798
vn 0.8375 0.0006 -0.5465
vn 0.2584 -0.0502 0.9647
vn 0.2158 -0.0588 0.9747
vn 0.2236 -0.0465 0.9736
vn 0.8628 -0.0002 -0.5056
vn 0.4945 -0.0578 0.8672
vn 0.4816 -0.0439 0.8753
vn 0.5421 -0.0472 0.8390
vn 0.8819 -0.0006 -0.4714
vn 0.3900 -0.0679 0.9183
vn 0.4154 -0.0761 0.9065
vn 0.3593 -0.0827 0.9296
vn 0.6220 0.0021 -0.7830
vn 0.5804 0.0009 -0.8143
vn 0.9130 -0.0001 -0.4079
vn 0.8987 0.0004 -0.4386
vn 0.9284 -0.0000 -0.3716
vn 0.1579 -0.0057 0.9874
vn 0.5942 -0.0367 0.8035
vn 0.6408 -0.0288 0.7672
vn 0.6467 -0.0389 0.7618
vn 0.2399 -0.0886 0.9667
vn 0.2935 -0.0872 0.9520
vn 0.3343 -0.0606 0.9405
vn 0.2268 -0.0009 -0.9739
vn 0.2568 -0.0001 -0.9665
vn 0.1946 -0.0986 0.9759
vn 0.8747 -0.0204 0.4843
vn 0.3358 -0.0000 -0.9419
vn 0.2965 -0.0005 -0.9550
vn 0.4448 -0.0580 0.8938
vn 0.8444 -0.0276 0.5350
vn 0.6557 -0.0001 -0.7550
vn 0.8823 -0.0164 0.4704
vn 0.9024 -0.0138 0.4306
vn 0.9261 -0.0099 0.3771
vn 0.9407 -0.0087 0.3390
vn 0.9511 -0.0093 0.3087
vn 0.9421 -0.0202 0.3347
vn 0.2808 -0.0678 0.9574
vn 0.4178 -0.0465 0.9073
vn 0.9238 -0.0112 0.3827
vn 0.8427 -0.0223 0.5379
vn 0.8894 -0.0147 0.4568
vn 0.5164 -0.0283 0.8559
vn 0.5857 -0.0493 0.8090
vn 0.1405 -0.0918 0.9858
vn 0.9018 -0.0117 0.4321
vn 0.9408 -0.0060 0.3390
vn 0.9522 -0.0117 0.3051
vn 0.9173 -0.0093 0.3980
vn 0.8968 -0.0110 0.4422
vn 0.8746 -0.0149 0.4847
vn 0.9613 -0.0032 0.2756
vn 0.9654 -0.0075 0.2607
vn 0.9432 -0.0052 0.3323
vn 0.6881 0.0002 -0.7256
vn 0.0985 -0.0945 0.9906
vn 0.9759 -0.0040 0.2180
vn 0.9810 0.0009 0.1939
vn 0.9738 0.0032 0.2275
vn 0.3533 -0.0512 0.9341
vn 0.2194 -0.0730 0.9729
vn 0.9246 -0.0074 0.3808
vn 0.7966 -0.0099 0.6045
vn 0.7724 -0.0137 0.6350
vn 0.9428 -0.0039 0.3335
vn 0.1849 -0.0826 0.9793
vn 0.0581 -0.1029 0.9930
vn 0.5872 -0.0167 0.8093
vn 0.6315 -0.0186 0.7752
vn 0.5973 -0.0263 0.8016
vn 0.5521 -0.0244 0.8334
vn 0.5424 -0.0138 0.8400
vn 0.7231 -0.0001 -0.6907
vn 0.4645 -0.0392 0.8847
vn 0.4904 -0.0150 0.8714
vn 0.4352 -0.0118 0.9003
vn 0.7485 -0.0120 0.6630
vn 0.4148 -0.0293 0.9094
vn 0.7591 0.0010 -0.6509
vn 0.3032 -0.0525 0.9515
vn 0.7753 -0.0007 -0.6316
vn 0.9893 -0.0011 0.1456
vn 0.0652 -0.0874 0.9940
vn 0.6437 -0.0522 0.7635
vn 0.1222 -0.0771 0.9895
vn 0.1669 -0.0676 0.9837
vn 0.7245 -0.0147 0.6891
vn 0.6994 -0.0122 0.7146
vn 0.3703 -0.0313 0.9284
vn 0.6946 -0.0413 0.7182
vn 0.7114 -0.0355 0.7018
vn 0.7337 -0.0393 0.6784
vn 0.3392 -0.0426 0.9397
vn 0.7907 -0.0012 -0.6121
vn 0.7889 -0.0190 0.6142
vn 0.8063 -0.0219 0.5911
vn 0.7866 -0.0252 0.6170
vn 0.4586 -0.0226 0.8883
vn 0.9663 -0.0029 0.2576
vn 0.7242 -0.0292 0.6890
vn 0.7356 -0.0315 0.6767
vn 0.9248 -0.0057 0.3805
vn 0.9046 -0.0086 0.4262
vn 0.6943 -0.0269 0.7192
vn 0.6766 -0.0328 0.7356
vn 0.8252 -0.0162 0.5646
vn 0.8216 -0.0208 0.5696
vn 0.7985 -0.0161 0.6018
vn 0.7450 -0.0227 0.6666
vn 0.7287 -0.0235 0.6844
vn 0.7580 -0.0250 0.6518
vn 0.9081 -0.0054 0.4187
vn 0.9636 -0.0000 -0.2672
vn 0.8904 -0.0077 0.4552
vn 0.8929 -0.0061 0.4502
vn 0.6714 -0.0148 0.7410
vn 0.8675 -0.0086 0.4973
vn 0.8835 -0.0096 0.4683
vn 0.8619 -0.0097 0.5069
vn 0.8417 -0.0115 0.5398
vn 0.7723 -0.0174 0.6350
vn 0.6702 -0.0239 0.7418
vn 0.6966 -0.0199 0.7172
vn 0.3178 -0.0337 0.9475
vn 0.8406 -0.0086 0.5415
vn 0.9731 -0.0002 -0.2303
vn 0.1150 -0.0619 0.9914
vn 0.0713 -0.0700 0.9950
vn 0.8168 -0.0088 0.5768
vn 0.2178 -0.0114 0.9759
vn 0.2325 -0.0285 0.9722
vn 0.1933 -0.0168 0.9810
vn 0.6447 -0.0155 0.7642
vn 0.3780 0.0003 -0.9258
vn 0.4228 0.0008 -0.9062
vn 0.0302 -0.0773 0.9965
vn 0.1495 -0.0448 0.9877
vn 0.1886 -0.0456 0.9810
vn 0.2731 -0.0285 0.9616
vn 0.9945 0.0002 -0.1049
vn 0.1073 -0.0479 0.9931
vn 0.0638 -0.0550 0.9964
vn 0.9420 0.0006 -0.3355
vn 0.7183 -0.0461 0.6942
vn 0.3778 -0.0151 0.9258
vn 0.9530 0.0001 -0.3030
vn 0.9996 -0.0002 0.0271
vn 0.9982 -0.0001 0.0607
vn 0.9951 -0.0007 0.0984
vn 0.1752 -0.0230 0.9843
vn 0.6788 -0.0484 0.7327
vn 0.7967 -0.0297 0.6037
vn 0.8143 -0.0249 0.5799
vn 0.3226 -0.0132 0.9465
vn 0.7601 -0.0321 0.6490
vn 0.7684 -0.0355 0.6390
vn 0.1316 -0.0322 0.9908
vn 0.0889 -0.0253 0.9957
vn 0.9814 0.0001 -0.1922
vn 0.0562 -0.0387 0.9977
vn 0.2721 -0.0154 0.9621
vn 0.8179 -0.0132 0.5752
vn 0.9888 0.0005 -0.1493
vn 0.7487 -0.0172 0.6627
vn 0.0527 -0.0259 0.9983
vn 0.0497 -0.0119 0.9987
vn 0.4594 -0.0001 -0.8882
vn 0.9976 0.0004 -0.0692
vn 0.5237 -0.0004 -0.8519
vn 0.4907 0.0003 -0.8713
vn 0.6017 0.0032 -0.7987
vn 0.9993 0.0003 -0.0387
vn 0.0368 -0.0001 -0.9993
vn 0.1966 -0.0001 -0.9805
vn 0.6526 -0.0429 0.7565
vn 0.6195 -0.0537 0.7831
vn 0.6178 -0.0446 0.7851
vn 0.8466 -0.0149 0.5320
vn 0.8652 -0.0129 0.5012
vn 0.5499 -0.0002 -0.8352
vn 0.1292 -0.0139 0.9915
vn 0.7393 0.0006 -0.6734
vn 0.1289 -0.0000 -0.9917
vn 0.5417 -0.0626 0.8382
vn 0.8316 -0.0215 0.5550
vn 0.8220 -0.0299 0.5687
vn 0.8825 -0.0123 0.4702
vn 0.8493 -0.0172 0.5277
vn 0.8547 -0.0195 0.5188
vn 0.4999 -0.0679 0.8634
vn 0.4554 -0.0730 0.8873
vn 0.0169 0.3162 -0.9485
vn 0.0177 0.3160 -0.9486
vn 0.0173 0.3161 -0.9486
vn 0.0170 0.3161 -0.9486
vn 0.0172 -0.9999 0.0001
vn 0.0181 -0.9998 -0.0000
vn 0.0173 -0.9998 0.0001
vn 0.0174 0.3162 0.9485
vn 0.0178 0.3162 0.9485
vn 0.0180 0.3162 0.9485
vn 0.0173 0.3162 0.9485
vn 1.0000 -0.0000 -0.0000
vn 0.0171 0.9486 0.3162
vn 0.0177 0.9486 0.3160
vn 0.0174 0.9486 0.3161
vn 0.0174 -0.0000 -0.9998
vn 0.0175 -0.0000 -0.9998
vn 0.0177 -0.9486 0.3160
vn 0.0174 -0.9486 0.3161
s 1
usemtl Part__Feature024.006
f 6//1 3//1 7//1
f 2//1 7//1 1//1
f 5//1 6//1 7//1
f 4//1 7//1 2//1
f 5//1 7//1 4//1
f 76//1 10//1 4//1
f 9//1 11//1 5//1
f 5//1 11//1 8//1
f 6//1 83//1 3//1
f 6//1 12//1 83//1
f 10//1 13//1 4//1
f 13//1 14//1 4//1
f 6//1 15//1 12//1
f 14//1 16//1 4//1
f 16//1 17//1 4//1
f 6//1 18//1 15//1
f 5//1 18//1 6//1
f 17//1 19//1 4//1
f 5//1 20//1 18//1
f 19//1 21//1 4//1
f 5//1 22//1 20//1
f 21//1 23//1 4//1
f 5//1 24//1 22//1
f 23//1 25//1 4//1
f 5//1 26//1 24//1
f 25//1 27//1 4//1
f 5//1 28//1 26//1
f 27//1 29//1 4//1
f 29//1 30//1 4//1
f 40//1 1//1 31//1
f 31//1 1//1 32//1
f 5//1 33//1 28//1
f 1//1 7//1 32//1
f 30//1 34//1 4//1
f 5//1 35//1 33//1
f 32//1 7//1 36//1
f 34//1 37//1 4//1
f 5//1 38//1 35//1
f 37//1 39//1 4//1
f 40//1 2//1 1//1
f 39//1 41//1 4//1
f 5//1 42//1 38//1
f 41//1 43//1 4//1
f 47//1 2//1 40//1
f 5//1 44//1 42//1
f 43//1 45//1 4//1
f 45//1 3848//2 4//1
f 5//1 46//1 44//1
f 3848//2 3847//1 4//1
f 3847//1 48//3 4//1
f 5//1 49//1 46//1
f 4//1 50//1 5//1
f 48//3 50//1 4//1
f 5//1 51//1 49//1
f 52//1 2//1 53//1
f 53//1 2//1 47//1
f 50//1 54//4 5//1
f 52//1 4//1 2//1
f 5//1 55//1 51//1
f 54//4 56//1 5//1
f 5//1 57//1 55//1
f 56//1 58//3 5//1
f 67//1 4//1 59//1
f 59//1 4//1 52//1
f 58//3 60//1 5//1
f 5//1 61//1 57//1
f 62//1 4//1 63//1
f 63//1 4//1 64//1
f 60//1 65//1 5//1
f 64//1 4//1 66//1
f 66//1 4//1 67//1
f 68//1 4//1 69//1
f 65//1 70//1 5//1
f 5//1 71//1 61//1
f 69//1 4//1 72//1
f 72//1 4//1 73//1
f 73//1 4//1 74//1
f 74//1 4//1 62//1
f 75//1 4//1 68//1
f 76//1 4//1 75//1
f 70//1 77//1 5//1
f 5//1 78//1 71//1
f 77//1 79//1 5//1
f 79//1 80//1 5//1
f 80//1 81//1 5//1
f 5//1 82//1 78//1
f 7//1 3//1 36//1
f 36//1 3//1 83//1
f 81//1 9//1 5//1
f 5//1 8//1 82//1
f 126//5 274//6 36//7
f 36//7 274//6 32//8
f 32//8 283//9 31//10
f 84//11 392//12 49//13
f 283//9 85//14 31//10
f 49//13 318//15 46//16
f 392//12 318//15 49//13
f 85//14 360//17 31//10
f 31//10 360//17 40//18
f 318//15 317//19 46//16
f 360//17 86//20 40//18
f 46//16 390//21 44//22
f 317//19 390//21 46//16
f 86//20 350//23 40//18
f 390//21 312//24 44//22
f 350//23 348//25 40//18
f 40//18 348//25 47//26
f 312//24 311//27 44//22
f 44//22 311//27 42//28
f 311//27 168//29 42//28
f 348//25 477//30 47//26
f 168//29 169//31 42//28
f 169//31 87//32 42//28
f 47//26 477//30 53//33
f 477//30 88//34 53//33
f 42//28 87//32 38//35
f 88//34 527//36 53//33
f 53//33 527//36 52//37
f 527//36 89//38 52//37
f 87//32 305//39 38//35
f 89//38 473//40 52//37
f 305//39 294//41 38//35
f 52//37 473//40 59//42
f 473//40 513//43 59//42
f 38//35 90//44 35//45
f 294//41 90//44 38//35
f 513//43 91//46 59//42
f 90//44 92//47 35//45
f 91//46 93//48 59//42
f 35//45 92//47 33//49
f 92//47 94//50 33//49
f 59//42 93//48 67//51
f 93//48 95//52 67//51
f 95//52 96//53 67//51
f 33//49 94//50 28//54
f 96//53 97//55 67//51
f 67//51 97//55 66//56
f 94//50 278//57 28//54
f 278//57 260//58 28//54
f 28//54 240//59 26//60
f 260//58 240//59 28//54
f 97//55 223//61 66//56
f 66//56 238//62 64//63
f 223//61 238//62 66//56
f 240//59 98//64 26//60
f 26//60 98//64 24//65
f 238//62 99//66 64//63
f 98//64 100//67 24//65
f 64//63 99//66 63//68
f 100//67 159//69 24//65
f 159//69 101//70 24//65
f 99//66 224//71 63//68
f 24//65 101//70 22//72
f 224//71 212//73 63//68
f 63//68 212//73 62//74
f 212//73 216//75 62//74
f 101//70 102//76 22//72
f 216//75 206//77 62//74
f 22//72 102//76 20//78
f 206//77 205//79 62//74
f 102//76 103//80 20//78
f 62//74 205//79 74//81
f 103//80 104//82 20//78
f 205//79 105//83 74//81
f 105//83 511//84 74//81
f 20//78 106//85 18//86
f 104//82 106//85 20//78
f 74//81 511//84 73//87
f 106//85 107//88 18//86
f 107//88 108//89 18//86
f 511//84 109//90 73//87
f 18//86 108//89 15//91
f 73//87 109//90 72//92
f 109//90 110//93 72//92
f 108//89 111//94 15//91
f 111//94 112//95 15//91
f 110//93 113//96 72//92
f 72//92 330//97 69//98
f 113//96 330//97 72//92
f 15//91 541//99 12//100
f 112//95 541//99 15//91
f 330//97 321//101 69//98
f 321//101 114//102 69//98
f 69//98 114//102 68//103
f 541//99 542//104 12//100
f 542//104 115//105 12//100
f 12//100 115//105 83//106
f 115//105 462//107 83//106
f 462//107 116//108 83//106
f 116//108 120//109 83//106
f 83//106 120//109 36//7
f 120//109 126//5 36//7
f 121//110 119//111 148//112
f 118//113 123//114 124//115
f 125//116 120//109 122//117
f 124//115 123//114 127//118
f 116//108 132//119 532//120
f 131//121 130//122 121//110
f 123//114 133//123 127//118
f 127//118 133//123 136//124
f 135//125 143//126 137//127
f 139//128 143//126 135//125
f 131//121 142//129 130//122
f 130//122 142//129 118//113
f 146//130 145//131 147//132
f 141//133 148//112 138//134
f 149//135 151//136 150//137
f 133//123 144//138 136//124
f 154//139 153//140 152//141
f 136//124 144//138 155//142
f 151//136 146//130 150//137
f 142//129 123//114 118//113
f 145//131 157//143 141//133
f 156//144 157//143 145//131
f 156//144 146//130 234//145
f 234//145 146//130 151//136
f 195//146 121//110 148//112
f 154//139 291//147 379//148
f 372//149 234//145 151//136
f 144//138 160//150 155//142
f 155//142 160//150 161//151
f 195//146 131//121 121//110
f 164//152 131//121 195//146
f 123//114 166//153 133//123
f 161//151 160//150 171//154
f 173//155 170//156 175//157
f 176//158 173//155 177//159
f 160//150 172//160 171//154
f 170//156 174//161 175//157
f 164//152 142//129 131//121
f 175//157 177//159 173//155
f 133//123 166//153 144//138
f 175//157 180//162 177//159
f 177//159 180//162 183//163
f 171//154 172//160 621//164
f 164//152 181//165 142//129
f 174//161 179//166 180//162
f 166//153 178//167 144//138
f 142//129 181//165 123//114
f 183//163 180//162 190//168
f 172//160 185//169 621//164
f 179//166 191//170 184//171
f 182//172 191//170 179//166
f 178//167 186//173 144//138
f 184//171 190//168 180//162
f 621//164 185//169 625//174
f 190//168 184//171 210//175
f 181//165 192//176 123//114
f 144//138 186//173 160//150
f 123//114 192//176 166//153
f 193//177 210//175 184//171
f 625//174 198//178 197//179
f 196//180 164//152 195//146
f 205//79 493//181 478//182
f 194//183 207//184 186//173
f 186//173 207//184 160//150
f 202//185 166//153 192//176
f 152//141 101//70 154//139
f 189//186 625//174 185//169
f 204//187 625//174 189//186
f 206//77 493//181 205//79
f 495//188 493//181 206//77
f 160//150 207//184 172//160
f 197//179 198//178 208//189
f 208//189 198//178 209//190
f 212//73 199//191 216//75
f 210//175 193//177 211//192
f 202//185 178//167 166//153
f 201//193 214//194 215//195
f 206//77 216//75 495//188
f 207//184 218//196 172//160
f 102//76 101//70 152//141
f 243//197 178//167 202//185
f 203//198 188//199 228//200
f 228//200 188//199 219//201
f 221//202 219//201 188//199
f 200//203 99//66 201//193
f 164//152 217//204 181//165
f 243//197 194//183 178//167
f 178//167 194//183 186//173
f 291//147 159//69 222//205
f 204//187 198//178 625//174
f 154//139 159//69 291//147
f 101//70 159//69 154//139
f 213//206 223//61 193//177
f 225//207 194//183 243//197
f 224//71 199//191 212//73
f 217//204 226//208 181//165
f 181//165 226//208 192//176
f 223//61 229//209 193//177
f 248//210 189//186 218//196
f 228//200 219//201 236//211
f 230//212 189//186 248//210
f 209//190 198//178 232//213
f 226//208 202//185 192//176
f 233//214 202//185 226//208
f 159//69 100//67 222//205
f 189//186 230//212 204//187
f 372//149 98//64 234//145
f 289//215 239//216 196//180
f 196//180 239//216 164//152
f 219//201 247//217 236//211
f 98//64 240//59 234//145
f 231//218 247//217 219//201
f 241//219 237//220 242//221
f 164//152 239//216 217//204
f 233//214 243//197 202//185
f 246//222 243//197 233//214
f 222//205 98//64 372//149
f 241//219 248//210 237//220
f 207//184 248//210 218//196
f 239//216 249//223 217//204
f 250//224 268//225 258//226
f 544//227 255//228 256//229
f 217//204 249//223 226//208
f 418//230 86//20 259//231
f 234//145 260//58 158//232
f 240//59 260//58 234//145
f 246//222 225//207 243//197
f 261//233 264//234 262//235
f 241//219 230//212 248//210
f 265//236 230//212 241//219
f 158//232 260//58 254//237
f 375//238 249//223 431//239
f 431//239 249//223 266//240
f 258//226 269//241 255//228
f 268//225 269//241 258//226
f 483//242 272//243 196//180
f 263//244 272//243 483//242
f 375//238 226//208 249//223
f 265//236 276//245 230//212
f 260//58 278//57 254//237
f 269//241 279//246 255//228
f 167//247 226//208 375//238
f 283//9 270//248 85//14
f 278//57 94//50 254//237
f 254//237 94//50 263//244
f 263//244 273//249 272//243
f 269//241 284//250 279//246
f 281//251 284//250 269//241
f 282//252 274//6 277//253
f 162//254 233//214 167//247
f 167//247 233//214 226//208
f 536//255 274//6 126//5
f 536//255 126//5 530//256
f 530//256 126//5 122//117
f 94//50 273//249 263//244
f 122//117 126//5 125//116
f 162//254 246//222 233//214
f 134//257 139//128 135//125
f 140//258 139//128 134//257
f 157//143 290//259 141//133
f 163//260 288//261 162//254
f 291//147 222//205 149//135
f 162//254 288//261 246//222
f 149//135 222//205 151//136
f 265//236 292//262 276//245
f 92//47 272//243 273//249
f 271//263 285//264 293//265
f 289//215 294//41 266//240
f 295//266 298//267 170//156
f 296//268 297//269 241//219
f 272//243 90//44 289//215
f 294//41 431//239 266//240
f 484//270 296//268 165//271
f 241//219 299//272 265//236
f 297//269 299//272 241//219
f 90//44 294//41 289//215
f 175//157 174//161 180//162
f 484//270 297//269 296//268
f 180//162 179//166 184//171
f 431//239 305//39 375//238
f 375//238 305//39 167//247
f 294//41 305//39 431//239
f 184//171 191//170 193//177
f 306//273 215//195 182//172
f 389//274 299//272 297//269
f 307//275 299//272 389//274
f 191//170 213//206 193//177
f 293//265 302//276 308//277
f 167//247 169//31 162//254
f 305//39 87//32 167//247
f 224//71 200//203 199//191
f 99//66 200//203 224//71
f 162//254 169//31 163//260
f 169//31 168//29 163//260
f 203//198 227//278 220//279
f 87//32 169//31 167//247
f 163//260 168//29 165//271
f 203//198 228//200 227//278
f 168//29 311//27 165//271
f 165//271 311//27 484//270
f 307//275 310//280 303//281
f 311//27 312//24 484//270
f 99//66 238//62 201//193
f 193//177 229//209 211//192
f 308//277 310//280 314//282
f 307//275 315//283 310//280
f 310//280 315//283 314//282
f 228//200 235//284 227//278
f 228//200 236//211 235//284
f 316//285 391//286 515//287
f 235//284 247//217 244//288
f 236//211 247//217 235//284
f 247//217 252//289 244//288
f 332//290 257//291 250//224
f 247//217 253//292 252//289
f 255//228 251//293 258//226
f 258//226 251//293 250//224
f 113//96 320//294 330//97
f 250//224 257//291 268//225
f 253//292 346//295 252//289
f 259//231 252//289 418//230
f 86//20 261//233 259//231
f 344//296 341//297 335//298
f 257//291 267//299 268//225
f 348//25 346//295 477//30
f 395//300 347//301 345//302
f 347//301 466//303 344//296
f 267//299 269//241 268//225
f 85//14 270//248 264//234
f 264//234 270//248 262//235
f 269//241 280//304 281//251
f 267//299 280//304 269//241
f 270//248 283//9 275//305
f 277//253 283//9 282//252
f 275//305 283//9 277//253
f 361//306 540//307 369//308
f 286//309 287//310 134//257
f 134//257 287//310 140//258
f 129//311 128//312 138//134
f 540//307 370//313 369//308
f 141//133 290//259 148//112
f 148//112 290//259 195//146
f 365//314 119//111 366//315
f 370//313 112//95 369//308
f 222//205 372//149 151//136
f 369//308 112//95 373//316
f 112//95 380//317 373//316
f 100//67 98//64 222//205
f 138//134 128//312 147//132
f 141//133 147//132 145//131
f 138//134 147//132 141//133
f 170//156 298//267 174//161
f 298//267 300//318 174//161
f 174//161 300//318 179//166
f 139//128 381//319 143//126
f 179//166 300//318 182//172
f 104//82 381//319 480//320
f 304//321 182//172 300//318
f 152//141 481//322 102//76
f 182//172 215//195 191//170
f 213//206 215//195 214//194
f 191//170 215//195 213//206
f 207//184 194//183 237//220
f 207//184 237//220 248//210
f 225//207 242//221 194//183
f 194//183 242//221 237//220
f 204//187 232//213 198//178
f 232//213 204//187 230//212
f 225//207 386//323 242//221
f 266//240 249//223 289//215
f 289//215 249//223 239//216
f 309//324 313//325 384//326
f 220//279 313//325 309//324
f 230//212 276//245 232//213
f 220//279 227//278 313//325
f 242//221 386//323 288//261
f 288//261 386//323 246//222
f 246//222 386//323 225//207
f 276//245 285//264 232//213
f 232//213 285//264 271//263
f 288//261 296//268 242//221
f 242//221 296//268 241//219
f 292//262 285//264 276//245
f 285//264 292//262 302//276
f 213//206 214//194 238//62
f 163//260 296//268 288//261
f 238//62 214//194 201//193
f 165//271 296//268 163//260
f 285//264 302//276 293//265
f 302//276 292//262 303//281
f 303//281 292//262 265//236
f 229//209 316//285 211//192
f 299//272 303//281 265//236
f 97//55 229//209 223//61
f 307//275 303//281 299//272
f 310//280 302//276 303//281
f 308//277 302//276 310//280
f 238//62 223//61 213//206
f 312//24 390//21 484//270
f 307//275 318//15 315//283
f 390//21 317//19 307//275
f 314//282 315//283 84//11
f 313//325 235//284 323//327
f 227//278 235//284 313//325
f 315//283 392//12 84//11
f 96//53 229//209 97//55
f 68//103 114//102 322//328
f 114//102 321//101 322//328
f 235//284 244//288 323//327
f 323//327 244//288 331//329
f 328//330 324//331 327//332
f 325//333 329//334 324//331
f 430//335 405//336 406//337
f 244//288 252//289 331//329
f 95//52 91//46 456//338
f 95//52 93//48 91//46
f 405//336 88//34 406//337
f 490//339 414//340 325//333
f 325//333 414//340 329//334
f 340//341 257//291 332//290
f 88//34 410//342 406//337
f 406//337 410//342 245//343
f 331//329 252//289 259//231
f 329//334 333//344 324//331
f 327//332 333//344 335//298
f 324//331 333//344 327//332
f 337//345 336//346 340//341
f 68//103 398//347 4472//348
f 333//344 329//334 334//349
f 257//291 340//341 267//299
f 267//299 340//341 336//346
f 411//350 421//351 413//352
f 333//344 338//353 335//298
f 338//353 333//344 339//354
f 88//34 477//30 410//342
f 68//103 424//355 398//347
f 350//23 86//20 418//230
f 335//298 338//353 344//296
f 86//20 264//234 261//233
f 360//17 264//234 86//20
f 85//14 264//234 360//17
f 336//346 361//306 267//299
f 342//356 338//353 343//357
f 362//358 361//306 336//346
f 342//356 344//296 338//353
f 280//304 267//299 361//306
f 424//355 393//359 398//347
f 398//347 393//359 399//360
f 422//361 425//362 343//357
f 286//309 368//363 287//310
f 117//364 368//363 286//309
f 146//130 156//144 145//131
f 156//144 371//365 157//143
f 234//145 158//232 156//144
f 411//350 429//366 421//351
f 494//367 429//366 411//350
f 399//360 319//368 401//369
f 393//359 319//368 399//360
f 345//302 425//362 388//370
f 347//301 342//356 345//302
f 347//301 344//296 342//356
f 319//368 320//294 401//369
f 401//369 320//294 402//371
f 349//372 354//373 353//374
f 351//375 353//374 356//376
f 356//376 353//374 354//373
f 378//377 377//378 376//379
f 354//373 355//380 356//376
f 351//375 435//381 352//382
f 402//371 326//383 403//384
f 320//294 326//383 402//371
f 352//382 435//381 436//385
f 351//375 356//376 357//386
f 357//386 435//381 351//375
f 378//377 382//387 377//378
f 326//383 397//388 403//384
f 357//386 440//389 435//381
f 356//376 441//390 357//386
f 359//391 441//390 358//392
f 358//392 441//390 356//376
f 306//273 382//387 383//393
f 494//367 443//394 429//366
f 357//386 441//390 363//395
f 403//384 397//388 404//396
f 383//393 201//193 306//273
f 363//395 440//389 357//386
f 200//203 201//193 383//393
f 397//388 400//397 404//396
f 359//391 444//398 364//399
f 132//119 115//105 447//400
f 363//395 451//401 440//389
f 359//391 367//402 441//390
f 441//390 367//402 363//395
f 364//399 367//402 359//391
f 448//403 385//404 387//405
f 387//405 385//404 396//406
f 385//404 313//325 396//406
f 384//326 313//325 385//404
f 404//396 409//407 407//408
f 400//397 409//407 404//396
f 96//53 316//285 229//209
f 345//302 388//370 456//338
f 409//407 489//409 407//408
f 316//285 96//53 391//286
f 95//52 391//286 96//53
f 391//286 456//338 388//370
f 407//408 489//409 411//350
f 313//325 323//327 396//406
f 367//402 364//399 135//125
f 367//402 451//401 363//395
f 137//127 451//401 367//402
f 489//409 494//367 411//350
f 134//257 135//125 364//399
f 380//317 471//410 373//316
f 367//402 135//125 137//127
f 494//367 459//411 443//394
f 951//412 460//413 461//414
f 323//327 408//415 396//406
f 550//416 468//417 474//418
f 323//327 331//329 408//415
f 340//341 332//290 337//345
f 337//345 332//290 461//414
f 454//419 474//418 150//137
f 150//137 374//420 454//419
f 146//130 374//420 150//137
f 147//132 374//420 146//130
f 245//343 253//292 247//217
f 420//421 415//422 460//413
f 460//413 415//422 337//345
f 469//423 473//40 466//303
f 331//329 261//233 408//415
f 149//135 474//418 379//148
f 331//329 259//231 261//233
f 150//137 474//418 149//135
f 252//289 346//295 418//230
f 381//319 481//322 143//126
f 337//345 415//422 336//346
f 477//30 346//295 253//292
f 494//367 478//182 459//411
f 112//95 111//94 380//317
f 139//128 480//320 381//319
f 350//23 418//230 346//295
f 346//295 348//25 350//23
f 381//319 104//82 481//322
f 291//147 149//135 379//148
f 481//322 104//82 103//80
f 362//358 415//422 426//424
f 415//422 362//358 336//346
f 102//76 481//322 103//80
f 218//196 185//169 172//160
f 189//186 185//169 218//196
f 117//364 284//250 368//363
f 373//316 368//363 284//250
f 157//143 482//425 290//259
f 371//365 482//425 157//143
f 390//21 389//274 484//270
f 307//275 389//274 390//21
f 315//283 318//15 392//12
f 307//275 317//19 318//15
f 322//328 393//359 424//355
f 419//426 417//427 434//428
f 421//351 485//429 413//352
f 413//352 485//429 417//427
f 417//427 485//429 434//428
f 394//430 446//431 490//339
f 434//428 433//432 419//426
f 419//426 433//432 376//379
f 376//379 433//432 378//377
f 490//339 325//333 394//430
f 377//378 295//266 376//379
f 298//267 295//266 377//378
f 434//428 485//429 433//432
f 321//101 319//368 393//359
f 429//366 487//433 421//351
f 421//351 487//433 485//429
f 113//96 326//383 320//294
f 485//429 487//433 433//432
f 319//368 330//97 320//294
f 321//101 330//97 319//368
f 301//434 298//267 377//378
f 300//318 298//267 301//434
f 433//432 487//433 439//435
f 443//394 488//436 429//366
f 429//366 488//436 487//433
f 487//433 488//436 439//435
f 433//432 439//435 378//377
f 382//387 301//434 377//378
f 304//321 301//434 382//387
f 300//318 301//434 304//321
f 439//435 382//387 378//377
f 439//435 488//436 442//437
f 488//436 491//438 442//437
f 459//411 491//438 443//394
f 443//394 491//438 488//436
f 382//387 442//437 383//393
f 439//435 442//437 382//387
f 412//439 416//440 423//441
f 306//273 304//321 382//387
f 182//172 304//321 306//273
f 113//96 110//93 326//383
f 442//437 491//438 445//442
f 478//182 492//443 459//411
f 459//411 492//443 491//438
f 491//438 492//443 445//442
f 493//181 492//443 478//182
f 495//188 492//443 493//181
f 442//437 445//442 383//393
f 383//393 445//442 200//203
f 201//193 215//195 306//273
f 498//444 496//445 499//446
f 497//447 496//445 500//448
f 500//448 496//445 498//444
f 453//449 496//445 448//403
f 453//449 499//446 496//445
f 448//403 387//405 453//449
f 453//449 387//405 458//450
f 505//451 499//446 504//452
f 109//90 400//397 110//93
f 453//449 506//453 499//446
f 458//450 506//453 453//449
f 335//298 416//440 327//332
f 499//446 506//453 504//452
f 345//302 456//338 464//454
f 427//455 416//440 335//298
f 423//441 416//440 427//455
f 95//52 456//338 391//286
f 509//456 508//457 510//458
f 510//458 508//457 507//459
f 463//460 508//457 509//456
f 387//405 396//406 458//450
f 458//450 396//406 457//461
f 464//454 395//300 345//302
f 395//300 469//423 347//301
f 341//297 427//455 335//298
f 205//79 501//462 105//83
f 347//301 469//423 466//303
f 423//441 427//455 428//463
f 513//43 395//300 464//454
f 499//446 509//456 498//444
f 505//451 509//456 499//446
f 516//464 517//465 518//466
f 458//450 517//465 506//453
f 504//452 517//465 505//451
f 506//453 517//465 504//452
f 464//454 456//338 91//46
f 513//43 469//423 395//300
f 337//345 461//414 460//413
f 505//451 520//467 509//456
f 463//460 520//467 470//468
f 509//456 520//467 463//460
f 428//463 427//455 430//335
f 344//296 427//455 341//297
f 91//46 513//43 464//454
f 396//406 472//469 457//461
f 460//413 470//468 420//421
f 508//457 470//468 460//413
f 463//460 470//468 508//457
f 457//461 517//465 458//450
f 427//455 467//470 430//335
f 344//296 467//470 427//455
f 430//335 467//470 405//336
f 466//303 467//470 344//296
f 396//406 408//415 472//469
f 522//471 523//472 355//380
f 469//423 513//43 473//40
f 432//473 355//380 349//372
f 349//372 355//380 354//373
f 517//465 520//467 505//451
f 516//464 520//467 517//465
f 473//40 467//470 466//303
f 89//38 467//470 473//40
f 518//466 524//474 516//464
f 437//475 358//392 355//380
f 355//380 358//392 356//376
f 457//461 524//474 517//465
f 517//465 524//474 518//466
f 525//476 524//474 526//477
f 472//469 524//474 457//461
f 408//415 261//233 472//469
f 89//38 527//36 467//470
f 467//470 527//36 405//336
f 435//381 528//478 436//385
f 516//464 529//479 520//467
f 470//468 529//479 475//480
f 520//467 529//479 470//468
f 527//36 88//34 405//336
f 437//475 444//398 358//392
f 358//392 444//398 359//391
f 253//292 245//343 477//30
f 435//381 533//481 528//478
f 447//400 532//120 132//119
f 472//469 261//233 262//235
f 477//30 245//343 410//342
f 516//464 535//482 529//479
f 529//479 535//482 475//480
f 525//476 535//482 524//474
f 524//474 535//482 516//464
f 536//255 537//483 277//253
f 524//474 537//483 526//477
f 472//469 537//483 524//474
f 526//477 537//483 525//476
f 525//476 537//483 536//255
f 262//235 537//483 472//469
f 275//305 537//483 262//235
f 277//253 537//483 275//305
f 415//422 420//421 426//424
f 115//105 450//484 447//400
f 420//421 470//468 426//424
f 500//448 498//444 889//485
f 281//251 280//304 369//308
f 447//400 361//306 426//424
f 280//304 361//306 369//308
f 450//484 361//306 447//400
f 426//424 361//306 362//358
f 889//485 509//456 510//458
f 284//250 369//308 373//316
f 281//251 369//308 284//250
f 364//399 444//398 134//257
f 498//444 509//456 889//485
f 290//259 483//242 195//146
f 482//425 483//242 290//259
f 195//146 483//242 196//180
f 449//486 129//311 365//314
f 361//306 450//484 540//307
f 440//389 539//487 533//481
f 158//232 371//365 156//144
f 134//257 444//398 286//309
f 371//365 254//237 482//425
f 483//242 254//237 263//244
f 158//232 254//237 371//365
f 482//425 254//237 483//242
f 365//314 129//311 119//111
f 272//243 289//215 196//180
f 273//249 94//50 92//47
f 128//312 452//488 147//132
f 147//132 452//488 374//420
f 92//47 90//44 272//243
f 465//489 451//401 137//127
f 541//99 370//313 540//307
f 373//316 471//410 368//363
f 370//313 541//99 112//95
f 153//140 455//490 451//401
f 379//148 455//490 153//140
f 451//401 465//489 153//140
f 471//410 543//491 368//363
f 140//258 480//320 139//128
f 152//141 143//126 481//322
f 152//141 465//489 143//126
f 153//140 465//489 152//141
f 107//88 479//492 140//258
f 111//94 471//410 380//317
f 543//491 471//410 111//94
f 479//492 480//320 140//258
f 379//148 153//140 154//139
f 108//89 543//491 111//94
f 484//270 389//274 297//269
f 486//493 490//339 446//431
f 503//494 490//339 486//493
f 478//182 494//367 501//462
f 334//349 329//334 414//340
f 400//397 397//388 110//93
f 110//93 397//388 326//383
f 511//84 489//409 409//407
f 412//439 423//441 476//495
f 409//407 400//397 109//90
f 514//496 490//339 503//494
f 422//361 334//349 414//340
f 333//344 334//349 339//354
f 339//354 334//349 422//361
f 109//90 511//84 409//407
f 495//188 216//75 492//443
f 216//75 199//191 492//443
f 492//443 199//191 445//442
f 423//441 512//497 476//495
f 476//495 512//497 502//498
f 502//498 512//497 221//202
f 515//287 514//496 503//494
f 343//357 339//354 422//361
f 338//353 339//354 343//357
f 514//496 425//362 422//361
f 536//255 530//256 525//476
f 221//202 512//497 519//499
f 519//499 512//497 428//463
f 423//441 428//463 512//497
f 525//476 530//256 535//482
f 515//287 391//286 514//496
f 514//496 391//286 425//362
f 425//362 391//286 388//370
f 345//302 343//357 425//362
f 342//356 343//357 345//302
f 530//256 122//117 535//482
f 428//463 430//335 519//499
f 519//499 430//335 521//500
f 521//500 430//335 406//337
f 535//482 532//120 475//480
f 122//117 532//120 535//482
f 355//380 432//473 522//471
f 475//480 532//120 470//468
f 355//380 523//472 437//475
f 470//468 447//400 426//424
f 532//120 447//400 470//468
f 437//475 531//501 444//398
f 523//472 531//501 437//475
f 440//389 533//481 435//381
f 533//481 547//502 528//478
f 117//364 286//309 531//501
f 531//501 286//309 444//398
f 32//8 274//6 282//252
f 534//503 128//312 449//486
f 449//486 128//312 129//311
f 550//416 547//502 533//481
f 538//504 547//502 550//416
f 374//420 538//504 454//419
f 452//488 538//504 374//420
f 451//401 539//487 440//389
f 542//104 450//484 115//105
f 540//307 450//484 542//104
f 539//487 550//416 533//481
f 125//116 126//5 120//109
f 451//401 455//490 539//487
f 132//119 462//107 115//105
f 538//504 550//416 454//419
f 116//108 462//107 132//119
f 541//99 540//307 542//104
f 454//419 550//416 474//418
f 539//487 468//417 550//416
f 455//490 468//417 539//487
f 368//363 543//491 287//310
f 287//310 543//491 108//89
f 455//490 474//418 468//417
f 379//148 474//418 455//490
f 287//310 107//88 140//258
f 108//89 107//88 287//310
f 143//126 465//489 137//127
f 480//320 479//492 104//82
f 104//82 479//492 106//85
f 479//492 107//88 106//85
f 438//505 486//493 446//431
f 177//159 438//505 176//158
f 177//159 183//163 438//505
f 438//505 183//163 486//493
f 503//494 486//493 183//163
f 422//361 414//340 490//339
f 494//367 489//409 105//83
f 476//495 502//498 187//506
f 105//83 489//409 511//84
f 514//496 422//361 490//339
f 105//83 501//462 494//367
f 205//79 478//182 501//462
f 503//494 210//175 515//287
f 183//163 210//175 503//494
f 190//168 210//175 183//163
f 445//442 199//191 200//203
f 188//199 187//506 221//202
f 502//498 221//202 187//506
f 316//285 210//175 211//192
f 219//201 221//202 231//218
f 316//285 515//287 210//175
f 221//202 519//499 231//218
f 519//499 521//500 231//218
f 245//343 247//217 231//218
f 521//500 406//337 231//218
f 231//218 406//337 245//343
f 251//293 255//228 544//227
f 523//472 544//227 256//229
f 522//471 544//227 523//472
f 262//235 270//248 275//305
f 274//6 536//255 277//253
f 255//228 279//246 256//229
f 256//229 279//246 523//472
f 523//472 279//246 531//501
f 68//103 322//328 424//355
f 545//507 436//385 547//502
f 547//502 436//385 528//478
f 322//328 321//101 393//359
f 545//507 538//504 546//508
f 279//246 117//364 531//501
f 284//250 117//364 279//246
f 547//502 538//504 545//507
f 546//508 538//504 452//488
f 121//110 366//315 119//111
f 366//315 121//110 548//509
f 548//509 130//122 549//510
f 121//110 130//122 548//509
f 128//312 546//508 452//488
f 534//503 546//508 128//312
f 282//252 283//9 32//8
f 130//122 118//113 549//510
f 549//510 118//113 898//511
f 148//112 119//111 138//134
f 122//117 120//109 532//120
f 532//120 120//109 116//108
f 138//134 119//111 129//311
f 898//511 118//113 124//115
f 1285//512 561//513 562//514
f 564//515 563//516 565//517
f 556//518 566//519 635//520
f 654//521 580//522 583//523
f 686//524 572//525 1280//526
f 633//527 590//528 1291//529
f 1292//530 591//531 1282//532
f 601//533 600//534 589//535
f 623//536 605//537 1272//538
f 1272//538 605//537 607//539
f 612//540 613//541 1189//542
f 1189//542 613//541 603//543
f 619//544 620//545 584//546
f 621//164 622//547 623//536
f 625//174 622//547 621//164
f 1253//548 637//549 588//550
f 602//551 637//549 1253//548
f 639//552 640//553 641//554
f 1251//555 642//556 582//557
f 584//546 591//531 1292//530
f 607//539 563//516 644//558
f 1293//559 645//560 569//561
f 1286//562 650//563 597//564
f 560//565 650//563 1286//562
f 608//566 656//567 649//568
f 1168//569 658//570 659//571
f 590//528 662//572 1281//573
f 1205//574 610//575 596//576
f 1281//573 662//572 614//577
f 1271//578 667//579 634//580
f 1248//581 671//582 673//583
f 565//517 674//584 675//585
f 675//585 674//584 676//586
f 1284//587 672//588 668//589
f 1279//590 589//535 585//591
f 1288//592 683//593 568//594
f 554//595 683//593 1288//592
f 581//596 684//597 615//598
f 616//599 689//600 593//601
f 690//602 691//603 556//518
f 694//604 695//605 687//606
f 604//607 695//605 694//604
f 638//608 678//609 1228//610
f 693//611 696//612 651//613
f 666//614 697//615 558//616
f 1256//617 698//618 638//608
f 1278//619 641//554 576//620
f 562//514 700//621 553//622
f 1264//623 597//564 554//595
f 653//624 580//522 654//521
f 575//625 579//626 578//627
f 599//628 657//629 1249//630
f 686//524 702//631 572//525
f 569//561 677//632 570//633
f 584//546 692//634 591//531
f 704//635 634//580 701//636
f 649//568 705//637 1243//638
f 1091//639 706//640 665//641
f 1192//642 706//640 1091//639
f 1243//638 705//637 612//540
f 629//643 707//644 606//645
f 1283//646 708//647 669//648
f 609//649 708//647 1283//646
f 585//591 709//650 633//527
f 586//651 592//652 587//653
f 633//527 709//650 590//528
f 620//545 692//634 584//546
f 1282//532 710//654 604//607
f 591//531 710//654 1282//532
f 639//552 655//655 640//553
f 661//656 711//657 653//624
f 1273//658 712//659 628//660
f 573//661 713//662 552//663
f 449//486 714//664 534//503
f 534//503 714//664 631//665
f 566//519 636//666 635//520
f 645//560 630//667 569//561
f 571//668 572//525 672//588
f 703//669 642//556 1251//555
f 567//670 568//594 1289//671
f 638//608 715//672 678//609
f 635//520 667//579 1271//578
f 1266//673 618//674 573//661
f 1259//675 716//676 1290//677
f 579//626 586//651 587//653
f 588//550 717//678 693//611
f 687//606 702//631 686//524
f 612//540 718//679 613//541
f 559//680 720//681 560//565
f 560//565 720//681 650//563
f 653//624 721//682 580//522
f 563//516 674//584 565//517
f 594//683 576//620 679//684
f 600//534 722//685 589//535
f 666//614 673//583 697//615
f 1293//559 592//652 645//560
f 590//528 723//686 662//572
f 197//179 622//547 625//174
f 609//649 595//687 708//647
f 647//688 724//689 1178//690
f 1178//690 724//689 685//691
f 569//561 630//667 677//632
f 611//692 725//693 581//596
f 581//596 725//693 684//597
f 551//694 726//695 661//656
f 618//674 713//662 573//661
f 1248//581 678//609 671//582
f 664//696 632//697 663//698
f 1273//658 553//622 712//659
f 589//535 728//699 585//591
f 709//650 723//686 590//528
f 607//539 719//700 563//516
f 702//631 729//701 572//525
f 555//702 730//703 682//704
f 657//629 731//705 660//706
f 597//564 732//707 554//595
f 635//520 733//708 667//579
f 583//523 580//522 575//625
f 608//566 734//709 656//567
f 677//632 735//710 1256//617
f 1256//617 735//710 698//618
f 620//545 736//711 692//634
f 1241//712 737//713 598//714
f 632//697 738//715 602//551
f 602//551 738//715 637//549
f 693//611 717//678 696//612
f 631//665 740//716 652//717
f 576//620 739//718 679//684
f 365//314 714//664 449//486
f 703//669 741//719 642//556
f 615//598 742//720 655//655
f 604//607 710//654 695//605
f 1289//671 743//721 1259//675
f 697//615 727//722 558//616
f 556//518 691//603 566//519
f 574//723 744//724 577//725
f 562//514 561//513 700//621
f 713//662 778//726 552//663
f 579//626 747//727 586//651
f 563//516 748//728 674//584
f 605//537 749//729 607//539
f 622//547 750//730 623//536
f 623//536 750//730 605//537
f 684//597 751//731 615//598
f 709//650 752//732 723//686
f 655//655 753//733 640//553
f 636//666 733//708 635//520
f 600//534 754//734 722//685
f 652//717 754//734 600//534
f 603//543 755//735 626//736
f 626//736 755//735 551//694
f 628//660 712//659 617//737
f 1226//738 737//713 688//739
f 598//714 737//713 1226//738
f 585//591 728//699 709//650
f 641//554 746//740 576//620
f 667//579 756//741 634//580
f 649//568 656//567 705//637
f 682//704 757//742 648//743
f 672//588 758//744 668//589
f 638//608 698//618 715//672
f 574//723 759//745 744//724
f 685//691 759//745 574//723
f 606//645 707//644 610//575
f 614//577 761//746 559//680
f 559//680 761//746 720//681
f 699//747 760//748 616//599
f 1259//675 743//721 716//676
f 695//605 763//749 687//606
f 558//616 727//722 643//750
f 687//606 763//749 702//631
f 197//179 764//751 622//547
f 692//634 765//752 591//531
f 208//189 764//751 197//179
f 701//636 734//709 608//566
f 589//535 722//685 728//699
f 659//571 658//570 745//753
f 710//654 767//754 695//605
f 572//525 729//701 672//588
f 640//553 746//740 641//554
f 670//755 768//756 680//757
f 611//692 769//758 725//693
f 668//589 769//758 611//692
f 627//759 770//760 595//687
f 711//657 721//682 653//624
f 705//637 718//679 612//540
f 597//564 771//761 732//707
f 650//563 771//761 597//564
f 615//598 751//731 742//720
f 577//725 772//762 1192//642
f 1192//642 772//762 706//640
f 1200//763 557//764 658//570
f 652//717 773//765 754//734
f 714//664 740//716 631//665
f 629//643 646//766 707//644
f 576//620 746//740 739//718
f 676//586 741//719 703//669
f 561//513 774//767 700//621
f 580//522 775//768 575//625
f 700//621 776//769 553//622
f 553//622 776//769 766//770
f 736//711 765//752 692//634
f 365//314 366//315 714//664
f 552//663 778//726 646//766
f 689//600 780//771 593//601
f 593//601 780//771 557//764
f 607//539 749//729 719//700
f 725//693 783//772 684//597
f 575//625 747//727 579//626
f 640//553 753//733 746//740
f 655//655 742//720 753//733
f 634//580 785//773 701//636
f 673//583 786//774 697//615
f 722//685 784//775 728//699
f 762//776 786//774 673//583
f 740//716 773//765 652//717
f 591//531 787//777 710//654
f 702//631 788//778 729//701
f 662//572 789//779 614//577
f 614//577 789//779 761//746
f 554//595 732//707 683//593
f 791//780 765//752 736//711
f 701//636 792//781 734//709
f 568//594 790//782 1289//671
f 643//750 793//783 624//784
f 719//700 748//728 563//516
f 555//702 794//785 730//703
f 661//656 726//695 711//657
f 648//743 796//786 647//688
f 647//688 796//786 724//689
f 721//682 775//768 580//522
f 679//684 739//718 561//513
f 671//582 762//776 673//583
f 605//537 797//787 749//729
f 774//767 776//769 700//621
f 1275//788 798//789 627//759
f 627//759 798//789 770//760
f 714//664 366//315 779//790
f 588//550 799//791 717//678
f 680//757 800//792 681//793
f 586//651 801//794 592//652
f 746//740 802//795 739//718
f 715//672 803//796 678//609
f 765//752 787//777 591//531
f 678//609 803//796 671//582
f 758//744 769//758 668//589
f 557//764 804//797 658//570
f 769//758 783//772 725//693
f 708//647 782//798 669//648
f 651//613 768//756 670//755
f 630//667 645//560 677//632
f 728//699 805//799 709//650
f 709//650 805//799 752//732
f 592//652 795//800 645//560
f 566//519 691//603 781//801
f 767//754 806//802 695//605
f 613//541 807//803 603//543
f 603//543 807//803 755//735
f 695//605 806//802 763//749
f 733//708 808//804 667//579
f 667//579 808//804 756//741
f 719//700 809//805 748//728
f 665//641 706//640 699//747
f 551//694 755//735 726//695
f 553//622 766//770 712//659
f 711//657 810//806 721//682
f 650//563 720//681 771//761
f 636//666 811//807 733//708
f 714//664 779//790 740//716
f 566//519 811//807 636//666
f 710//654 787//777 767//754
f 698//618 814//808 715//672
f 681//793 794//785 555//702
f 764//751 815//809 622//547
f 756//741 785//773 634//580
f 622//547 815//809 750//730
f 729//701 816//810 672//588
f 672//588 816//810 758//744
f 632//697 817//811 738//715
f 763//749 788//778 702//631
f 751//731 818//812 742//720
f 577//725 744//724 772//762
f 723//686 789//779 662//572
f 677//632 819//813 735//710
f 785//773 792//781 701//636
f 740//716 820//814 773//765
f 813//815 775//768 721//682
f 750//730 797//787 605//537
f 754//734 821//816 722//685
f 582//557 822//817 664//696
f 722//685 821//816 784//775
f 769//758 823//818 783//772
f 568//594 824//819 790//782
f 683//593 824//819 568//594
f 616//599 760//748 689//600
f 595//687 825//820 708//647
f 781//801 811//807 566//519
f 742//720 826//821 753//733
f 610//575 827//822 596//576
f 748//728 828//823 674//584
f 684//597 783//772 751//731
f 651//613 829//824 768//756
f 658//570 804//797 830//825
f 575//625 831//826 747//727
f 775//768 831//826 575//625
f 753//733 832//827 746//740
f 727//722 793//783 643//750
f 746//740 834//828 802//795
f 751//731 835//829 818//812
f 637//549 799//791 588//550
f 697//615 836//830 727//722
f 743//721 837//831 716//676
f 767//754 838//832 806//802
f 599//628 839//833 657//629
f 596//576 839//833 599//628
f 747//727 801//794 586//651
f 739//718 774//767 561//513
f 648//743 757//742 796//786
f 676//586 840//834 741//719
f 674//584 840//834 676//586
f 778//726 707//644 646//766
f 728//699 784//775 805//799
f 766//770 841//835 712//659
f 707//644 842//836 610//575
f 812//837 804//797 557//764
f 613//541 845//838 807//803
f 718//679 845//838 613//541
f 664//696 817//811 632//697
f 741//719 846//839 642//556
f 645//560 819//813 677//632
f 680//757 768//756 800//792
f 787//777 838//832 767//754
f 763//749 847//840 788//778
f 717//678 848//841 696//612
f 712//659 849//842 617//737
f 656//567 850//843 705//637
f 818//812 826//821 742//720
f 780//771 812//837 557//764
f 592//652 801//794 795//800
f 682//704 730//703 757//742
f 752//732 852//844 723//686
f 729//701 851//845 816//810
f 723//686 852//844 789//779
f 618//674 853//846 713//662
f 1289//671 790//782 743//721
f 773//765 854//847 754//734
f 642//556 822//817 582//557
f 746//740 832//827 834//828
f 726//695 810//806 711//657
f 705//637 833//848 718//679
f 761//746 857//849 720//681
f 779//790 820//814 740//716
f 698//618 859//850 814//808
f 735//710 859//850 698//618
f 776//769 893//851 766//770
f 758//744 860//852 769//758
f 769//758 860//852 823//818
f 765//752 844//853 787//777
f 645//560 861//854 819//813
f 791//780 844//853 765//752
f 749//729 862//855 719//700
f 719//700 862//855 809//805
f 671//582 803//796 762//776
f 753//733 826//821 832//827
f 681//793 800//792 794//785
f 549//510 863//856 548//509
f 815//809 797//787 750//730
f 797//787 862//855 749//729
f 788//778 851//845 729//701
f 595//687 770//760 825//820
f 783//772 864//857 751//731
f 637//549 865//858 799//791
f 720//681 866//859 771//761
f 751//731 864//857 835//829
f 849//842 904//860 617//737
f 712//659 841//835 849//842
f 715//672 814//808 803//796
f 747//727 867//861 801//794
f 806//802 847//840 763//749
f 755//735 868//862 726//695
f 685//691 869//863 759//745
f 724//689 869//863 685//691
f 810//806 813//815 721//682
f 820//814 854//847 773//765
f 787//777 870//864 838//832
f 366//315 872//865 779//790
f 778//726 939//866 707//644
f 727//722 873//867 793//783
f 696//612 829//824 651//613
f 734//709 850//843 656//567
f 618//674 904//860 853//846
f 617//737 904//860 618//674
f 697//615 786//774 836//830
f 779//790 875//868 820//814
f 733//708 811//807 808//804
f 726//695 876//869 810//806
f 737//713 858//870 688//739
f 705//637 877//871 833//848
f 795//800 861//854 645//560
f 610//575 842//836 827//822
f 774//767 900//872 776//769
f 642//556 878//873 822//817
f 847//840 851//845 788//778
f 809//805 879//874 748//728
f 748//728 879//874 828//823
f 1290//677 798//789 1275//788
f 739//718 880//875 774//767
f 802//795 880//875 739//718
f 834//828 881//876 802//795
f 754//734 882//877 821//816
f 900//872 774//767 880//875
f 939//866 856//878 707//644
f 706//640 883//879 699//747
f 797//787 884//880 862//855
f 731//705 885//881 843//882
f 657//629 885//881 731//705
f 738//715 865//858 637//549
f 718//679 833//848 845//838
f 596//576 827//822 839//833
f 847//840 886//883 851//845
f 758//744 887//884 860//852
f 816//810 887//884 758//744
f 851//845 888//885 816//810
f 784//775 891//886 805//799
f 801//794 890//887 795//800
f 766//770 892//888 841//835
f 893//851 892//888 766//770
f 806//802 894//889 847//840
f 756//741 896//890 785//773
f 789//779 857//849 761//746
f 889//485 895//891 500//448
f 500//448 895//891 903//892
f 844//853 870//864 787//777
f 1321//893 802//795 881//876
f 732//707 897//894 683//593
f 683//593 897//894 824//819
f 549//510 898//511 863//856
f 759//745 899//895 744//724
f 889//485 510//458 902//896
f 548//509 872//865 366//315
f 900//872 893//851 776//769
f 734//709 901//897 850//843
f 836//830 873//867 727//722
f 823//818 864//857 783//772
f 1321//893 880//875 802//795
f 674//584 905//898 840//834
f 828//823 905//898 674//584
f 906//899 797//787 815//809
f 870//864 907//900 838//832
f 889//485 902//896 895//891
f 799//791 848//841 717//678
f 808//804 908//901 756//741
f 699//747 909//902 760//748
f 829//824 911//903 768//756
f 510//458 912//904 902//896
f 854//847 882//877 754//734
f 914//905 713//662 915//906
f 735//710 913//907 859//850
f 664//696 917//908 817//811
f 822//817 917//908 664//696
f 806//802 838//832 894//889
f 510//458 507//459 912//904
f 839//833 885//881 657//629
f 850//843 877//871 705//637
f 826//821 919//909 832//827
f 832//827 919//909 834//828
f 757//742 918//910 796//786
f 888//885 887//884 816//810
f 919//909 826//821 920//911
f 1241//712 921//912 737//713
f 821//816 891//886 784//775
f 820//814 875//868 854//847
f 741//719 840//834 846//839
f 922//913 778//726 914//905
f 752//732 923//914 852//844
f 847//840 924//915 886//883
f 805//799 923//914 752//732
f 507//459 925//916 912//904
f 1290//677 716//676 798//789
f 902//896 912//904 916//917
f 785//773 927//918 792//781
f 707//644 856//878 842//836
f 747//727 928//919 867//861
f 831//826 928//919 747//727
f 851//845 886//883 888//885
f 846//839 878//873 642//556
f 810//806 929//920 813//815
f 744//724 931//921 772//762
f 713//662 853//846 915//906
f 781//801 871//922 811//807
f 720//681 932//923 866//859
f 857//849 932//923 720//681
f 548//509 863//856 872//865
f 920//911 818//812 933//924
f 713//662 914//905 778//726
f 910//925 870//864 844//853
f 895//891 934//926 903//892
f 813//815 935//927 775//768
f 775//768 935//927 831//826
f 870//864 937//928 907//900
f 807//803 938//929 755//735
f 771//761 936//930 732//707
f 755//735 938//929 868//862
f 818//812 920//911 826//821
f 778//726 922//913 939//866
f 839//833 940//931 885//881
f 908//901 896//890 756//741
f 789//779 941//932 857//849
f 507//459 942//933 925//916
f 793//783 855//934 624//784
f 861//854 943//935 819//813
f 696//612 848//841 829//824
f 895//891 944//936 934//926
f 792//781 901//897 734//709
f 902//896 944//936 895//891
f 507//459 508//457 942//933
f 779//790 872//865 875//868
f 823//818 945//937 864//857
f 814//808 947//938 803//796
f 894//889 924//915 847//840
f 730//703 948//939 757//742
f 864//857 933//924 835//829
f 946//940 933//924 864//857
f 835//829 933//924 818//812
f 706//640 949//941 883//879
f 842//836 953//942 827//822
f 902//896 950//943 944//936
f 726//695 868//862 876//869
f 745//753 926//944 659//571
f 903//892 934//926 952//945
f 916//917 950//943 902//896
f 460//413 951//412 508//457
f 870//864 910//925 937//928
f 762//776 955//946 786//774
f 838//832 907//900 894//889
f 803//796 956//947 762//776
f 830//825 745//753 658//570
f 508//457 951//412 942//933
f 860//852 945//937 823//818
f 811//807 908//901 808//804
f 957//948 946//940 864//857
f 819//813 913//907 735//710
f 708//647 930//949 782//798
f 862//855 879//874 809//805
f 886//883 958//950 888//885
f 912//904 959//951 916//917
f 797//787 906//899 884//880
f 732//707 936//930 897//894
f 738//715 960//952 865//858
f 827//822 954//953 839//833
f 760//748 780//771 689//600
f 839//833 954//953 940//931
f 953//942 954//953 827//822
f 940//931 961//954 885//881
f 799//791 962//955 848//841
f 864//857 945//937 957//948
f 790//782 963//956 743//721
f 724//689 964//957 869//863
f 796//786 964//957 724//689
f 860//852 965//958 945//937
f 659//571 926//944 966//959
f 910//925 967//960 937//928
f 877//871 968//961 833//848
f 843//882 885//881 874//962
f 817//811 969//963 738//715
f 925//916 959//951 912//904
f 907//900 970//964 894//889
f 624//784 921//912 1241//712
f 833//848 971//965 845//838
f 934//926 944//936 952//945
f 888//885 972//966 887//884
f 887//884 965//958 860//852
f 925//916 973//967 959//951
f 942//933 973//967 925//916
f 699//747 883//879 909//902
f 924//915 974//968 886//883
f 886//883 974//968 958//950
f 805//799 975//969 923//914
f 891//886 975//969 805//799
f 916//917 959//951 950//943
f 894//889 976//970 924//915
f 792//781 977//971 901//897
f 958//950 972//966 888//885
f 768//756 979//972 800//792
f 937//928 970//964 907//900
f 759//745 980//973 899//895
f 972//966 978//974 887//884
f 887//884 978//974 965//958
f 951//412 973//967 942//933
f 982//975 884//880 906//899
f 845//838 983//976 807//803
f 807//803 983//976 938//929
f 852//844 941//932 789//779
f 894//889 984//977 976//970
f 970//964 984//977 894//889
f 967//960 981//978 937//928
f 937//928 981//978 970//964
f 951//412 985//979 973//967
f 890//887 986//980 795//800
f 795//800 986//980 861//854
f 821//816 987//981 891//886
f 879//874 988//982 828//823
f 924//915 976//970 974//968
f 828//823 988//982 905//898
f 772//762 949//941 706//640
f 1329//983 974//968 989//984
f 928//919 990//985 867//861
f 810//806 876//869 929//920
f 771//761 866//859 936//930
f 801//794 867//861 890//887
f 974//968 1329//983 958//950
f 958//950 1329//983 972//966
f 959//951 991//986 950//943
f 984//977 992//987 976//970
f 896//890 993//988 785//773
f 785//773 993//988 927//918
f 970//964 995//989 984//977
f 981//978 995//989 970//964
f 738//715 969//963 960//952
f 976//970 989//984 974//968
f 950//943 1006//990 944//936
f 951//412 996//991 985//979
f 878//873 997//992 822//817
f 822//817 997//992 917//908
f 461//414 996//991 951//412
f 992//987 998//993 976//970
f 708//647 825//820 930//949
f 981//978 994//994 995//989
f 959//951 999//995 991//986
f 976//970 998//993 989//984
f 973//967 999//995 959//951
f 995//989 992//987 984//977
f 995//989 1322//996 992//987
f 744//724 899//895 931//921
f 1322//996 995//989 1001//997
f 762//776 956//947 955//946
f 760//748 1000//998 780//771
f 948//939 918//910 757//742
f 995//989 994//994 1001//997
f 1001//997 994//994 1002//999
f 863//856 1003//1000 872//865
f 811//807 1004//1001 908//901
f 871//922 1004//1001 811//807
f 944//936 1006//990 952//945
f 332//290 1007//1002 461//414
f 859//850 1008//1003 814//808
f 814//808 1008//1003 947//938
f 461//414 1007//1002 996//991
f 865//858 962//955 799//791
f 882//877 987//981 821//816
f 943//935 913//907 819//813
f 927//918 977//971 792//781
f 803//796 947//938 956//947
f 932//923 1010//1004 866//859
f 973//967 985//979 1009//1005
f 790//782 824//819 963//956
f 872//865 1011//1006 875//868
f 918//910 1012//1007 796//786
f 796//786 1012//1007 964//957
f 973//967 1009//1005 999//995
f 862//855 1013//1008 879//874
f 866//859 1014//1009 936//930
f 831//826 1015//1010 928//919
f 800//792 1016//1011 794//785
f 250//224 1007//1002 332//290
f 901//897 1017//1012 850//843
f 624//784 855//934 921//912
f 817//811 917//908 969//963
f 861//854 1018//1013 943//935
f 950//943 1019//1014 1006//990
f 991//986 1019//1014 950//943
f 875//868 1020//1015 854//847
f 952//945 1006//990 1021//1016
f 857//849 1022//1017 932//923
f 941//932 1022//1017 857//849
f 852//844 1023//1018 941//932
f 730//703 1024//1019 948//939
f 891//886 1025//1020 975//969
f 250//224 1026//1021 1007//1002
f 868//862 1027//1022 876//869
f 991//986 1029//1023 1019//1014
f 985//979 1030//1024 1009//1005
f 996//991 1030//1024 985//979
f 850//843 1031//1025 877//871
f 882//877 1032//1026 987//981
f 877//871 1031//1025 968//961
f 854//847 1020//1015 882//877
f 833//848 968//961 971//965
f 865//858 1033//1027 962//955
f 1006//990 1028//1028 1021//1016
f 124//115 1034//1029 898//511
f 991//986 1035//1030 1029//1023
f 999//995 1035//1030 991//986
f 804//797 1036//1031 830//825
f 250//224 251//293 1026//1021
f 955//946 1037//1032 786//774
f 935//927 1015//1010 831//826
f 909//902 1000//998 760//748
f 813//815 1038//1033 935//927
f 743//721 963//956 837//831
f 929//920 1038//1033 813//815
f 996//991 1039//1034 1030//1024
f 1007//1002 1039//1034 996//991
f 780//771 1040//1035 812//837
f 1009//1005 1041//1036 999//995
f 999//995 1041//1036 1035//1030
f 848//841 1042//1037 829//824
f 1006//990 1019//1014 1028//1028
f 829//824 1042//1037 911//903
f 971//965 983//976 845//838
f 898//511 1003//1000 863//856
f 931//921 1043//1038 772//762
f 772//762 1043//1038 949//941
f 840//834 1044//1039 846//839
f 884//880 1013//1008 862//855
f 869//863 980//973 759//745
f 794//785 1024//1019 730//703
f 977//971 1017//1012 901//897
f 768//756 1045//1040 979//972
f 911//903 1045//1040 768//756
f 745//753 1046//1041 926//944
f 1009//1005 1048//1042 1041//1036
f 251//293 1049//1043 1026//1021
f 983//976 1050//1044 938//929
f 987//981 1025//1020 891//886
f 1021//1016 1028//1028 1051//1045
f 923//914 1023//1018 852//844
f 1030//1024 1048//1042 1009//1005
f 859//850 1052//1046 1008//1003
f 1026//1021 1053//1047 1007//1002
f 1007//1002 1053//1047 1039//1034
f 986//980 1018//1013 861//854
f 980//973 1054//1048 899//895
f 544//227 1049//1043 251//293
f 867//861 1055//1049 890//887
f 890//887 1055//1049 986//980
f 872//865 1057//1050 1011//1006
f 1003//1000 1057//1050 872//865
f 878//873 1058//1051 997//992
f 876//869 1027//1022 929//920
f 846//839 1058//1051 878//873
f 782//798 1059//1052 1005//1053
f 982//975 5668//1054 884//880
f 930//949 1059//1052 782//798
f 884//880 5668//1054 1013//1008
f 988//982 1060//1055 905//898
f 1019//1014 1061//1056 1028//1028
f 1039//1034 1062//1057 1030//1024
f 1030//1024 1062//1057 1048//1042
f 908//901 1063//1058 896//890
f 896//890 1063//1058 993//988
f 917//908 1064//1059 969//963
f 1026//1021 1065//1060 1053//1047
f 1049//1043 1065//1060 1026//1021
f 786//774 1037//1032 836//830
f 800//792 979//972 1016//1011
f 977//971 1066//1061 1017//1012
f 987//981 1067//1062 1025//1020
f 1035//1030 1068//1063 1029//1023
f 947//938 1069//1064 956//947
f 875//868 1011//1006 1020//1015
f 866//859 1010//1004 1014//1009
f 1029//1023 1061//1056 1019//1014
f 993//988 1070//1065 927//918
f 927//918 1070//1065 977//971
f 868//862 1071//1066 1027//1022
f 830//825 1046//1041 745//753
f 938//929 1071//1066 868//862
f 935//927 1072//1067 1015//1010
f 905//898 1044//1039 840//834
f 1039//1034 1073//1068 1062//1057
f 960//952 1033//1027 865//858
f 824//819 1074//1069 963//956
f 1017//1012 1031//1025 850//843
f 869//863 1075//1070 980//973
f 1029//1023 1068//1063 1061//1056
f 1041//1036 1076//1071 1035//1030
f 124//115 1077//1072 1034//1029
f 1031//1025 1078//1073 968//961
f 1049//1043 1079//1074 1065//1060
f 544//227 1079//1074 1049//1043
f 1039//1034 1080//1075 1073//1068
f 1053//1047 1080//1075 1039//1034
f 793//783 1047//1076 855//934
f 928//919 1081//1077 990//985
f 522//471 1082//1078 544//227
f 1032//1026 1067//1062 987//981
f 898//511 1034//1029 1003//1000
f 1035//1030 1076//1071 1068//1063
f 798//789 1105//1079 770//760
f 1023//1018 1085//1080 941//932
f 737//713 1084//1081 858//870
f 941//932 1085//1080 1022//1017
f 1048//1042 1087//1082 1041//1036
f 986//980 1086//1083 1018//1013
f 969//963 1056//1084 960//952
f 1013//1008 1088//1085 879//874
f 879//874 1088//1085 988//982
f 1064//1059 1056//1084 969//963
f 1020//1015 1089//1086 882//877
f 882//877 1089//1086 1032//1026
f 522//471 1090//1087 1082//1078
f 716//676 1091//639 798//789
f 943//935 1083//1088 913//907
f 544//227 1082//1078 1079//1074
f 932//923 1093//1089 1010//1004
f 432//473 1090//1087 522//471
f 846//839 1094//1090 1058//1051
f 1053//1047 1095//1091 1080//1075
f 1065//1060 1095//1091 1053//1047
f 983//976 1096//1092 1050//1044
f 794//785 1016//1011 1024//1019
f 1061//1056 1097//1093 1028//1028
f 1028//1028 1097//1093 1051//1045
f 975//969 1098//1094 923//914
f 923//914 1098//1094 1023//1018
f 997//992 1064//1059 917//908
f 1041//1036 1087//1082 1076//1071
f 804//797 1099//1095 1036//1031
f 812//837 1099//1095 804//797
f 921//912 1100//1096 737//713
f 990//985 1055//1049 867//861
f 1004//1001 1063//1058 908//901
f 928//919 1015//1010 1081//1077
f 1011//1006 1101//1097 1020//1015
f 918//910 1103//1098 1012//1007
f 948//939 1103//1098 918//910
f 127//118 1077//1072 124//115
f 1068//1063 1097//1093 1061//1056
f 964//957 1075//1070 869//863
f 913//907 1052//1046 859//850
f 938//929 1050//1044 1071//1066
f 830//825 1036//1031 1046//1041
f 1033//1027 1106//1099 962//955
f 770//760 1105//1079 825//820
f 929//920 1107//1100 1038//1033
f 1027//1022 1107//1100 929//920
f 1068//1063 1108//1101 1097//1093
f 968//961 1109//1102 971//965
f 1095//1091 1110//1103 1080//1075
f 1079//1074 1111//1104 1065//1060
f 1065//1060 1111//1104 1095//1091
f 432//473 1112//1105 1090//1087
f 909//902 1113//1106 1000//998
f 935//927 1114//1107 1072//1067
f 1038//1033 1114//1107 935//927
f 1048//1042 1116//1108 1087//1082
f 988//982 1115//1109 1060//1055
f 5668//1054 1088//1085 1013//1008
f 1062//1057 1116//1108 1048//1042
f 1076//1071 1108//1101 1068//1063
f 1055//1049 1086//1083 986//980
f 1073//1068 1117//1110 1062//1057
f 780//771 1000//998 1040//1035
f 899//895 1118//1111 931//921
f 931//921 1118//1111 1043//1038
f 1004//1001 1119//1112 1063//1058
f 873//867 1047//1076 793//783
f 1022//1017 1093//1089 932//923
f 971//965 1096//1092 983//976
f 737//713 1100//1096 1084//1081
f 963//956 1120//1113 837//831
f 1051//1045 1097//1093 1092//1114
f 993//988 1121//1115 1070//1065
f 1063//1058 1121//1115 993//988
f 1079//1074 1122//1116 1111//1104
f 1044//1039 1094//1090 846//839
f 1082//1078 1122//1116 1079//1074
f 1073//1068 1080//1075 1117//1110
f 977//971 1123//1117 1066//1061
f 1070//1065 1123//1117 977//971
f 1062//1057 1117//1110 1116//1108
f 432//473 349//372 1112//1105
f 848//841 1125//1118 1042//1037
f 1031//1025 1126//1119 1078//1073
f 962//955 1125//1118 848//841
f 1090//1087 1112//1105 1082//1078
f 127//118 136//124 1077//1072
f 1018//1013 1104//1120 943//935
f 1060//1055 1044//1039 905//898
f 716//676 837//831 1091//639
f 926//944 1127//1121 966//959
f 1076//1071 1128//1122 1108//1101
f 960//952 1129//1123 1033//1027
f 1108//1101 1130//1124 1097//1093
f 1018//1013 1086//1083 1104//1120
f 1078//1073 1109//1102 968//961
f 990//985 1131//1125 1055//1049
f 1076//1071 1132//1126 1128//1122
f 1087//1082 1132//1126 1076//1071
f 824//819 1133//1127 1074//1069
f 897//894 1133//1127 824//819
f 1083//1088 1134//1128 913//907
f 913//907 1134//1128 1052//1046
f 1040//1035 1099//1095 812//837
f 1095//1091 1111//1104 1110//1103
f 979//972 1135//1129 1016//1011
f 911//903 1136//1130 1045//1040
f 1042//1037 1136//1130 911//903
f 966//959 1137//1131 1102//1132
f 1034//1029 1141//1133 1003//1000
f 1060//1055 1138//1134 1044//1039
f 1112//1105 1139//1135 1082//1078
f 1066//1061 1140//1136 1017//1012
f 1003//1000 1141//1133 1057//1050
f 1110//1103 1142//1137 1080//1075
f 1080//1075 1142//1137 1117//1110
f 1012//1007 1143//1138 964//957
f 964//957 1143//1138 1075//1070
f 1017//1012 1126//1119 1031//1025
f 1089//1086 1144//1139 1032//1026
f 1011//1006 1145//1140 1101//1097
f 1057//1050 1145//1140 1011//1006
f 883//879 1146//1141 909//902
f 1116//1108 1147//1142 1087//1082
f 1087//1082 1147//1142 1132//1126
f 949//941 1146//1141 883//879
f 1108//1101 1128//1122 1130//1124
f 1027//1022 1148//1143 1107//1100
f 1071//1066 1148//1143 1027//1022
f 1008//1003 1149//1144 947//938
f 997//992 1150//1145 1064//1059
f 1044//1039 1151//1146 1094//1090
f 1010//1004 1152//1147 1014//1009
f 1015//1010 1153//1148 1081//1077
f 1072//1067 1153//1148 1015//1010
f 1117//1110 1147//1142 1116//1108
f 1055//1049 1154//1149 1086//1083
f 1022//1017 1155//1150 1093//1089
f 1088//1085 1115//1109 988//982
f 353//374 1156//1151 349//372
f 1119//1112 1121//1115 1063//1058
f 963//956 1074//1069 1120//1113
f 1112//1105 1157//1152 1139//1135
f 349//372 1157//1152 1112//1105
f 1020//1015 1101//1097 1089//1086
f 1056//1084 1129//1123 960//952
f 1016//1011 1158//1153 1024//1019
f 1023//1018 1160//1154 1085//1080
f 1098//1094 1160//1154 1023//1018
f 1025//1020 1098//1094 975//969
f 948//939 1161//1155 1103//1098
f 1096//1092 1071//1066 1050//1044
f 1081//1077 1131//1125 990//985
f 956//947 1069//1064 955//946
f 1082//1078 1139//1135 1122//1116
f 1109//1102 1162//1156 971//965
f 971//965 1162//1156 1096//1092
f 1117//1110 1163//1157 1147//1142
f 1103//1098 1124//1158 1012//1007
f 1128//1122 1159//1159 1130//1124
f 1036//1031 1164//1160 1046//1041
f 1046//1041 1127//1121 926//944
f 1099//1095 1165//1161 1036//1031
f 947//938 1166//1162 1069//1064
f 1111//1104 1167//1163 1110//1103
f 1110//1103 1167//1163 1142//1137
f 1054//1048 1118//1111 899//895
f 873//867 1205//574 1047//1076
f 836//830 1205//574 873//867
f 1034//1029 1169//1164 1141//1133
f 1017//1012 1140//1136 1126//1119
f 855//934 1047//1076 921//912
f 1037//1032 606//645 836//830
f 1059//1052 593//601 1005//1053
f 1114//1107 1153//1148 1072//1067
f 1118//1111 1170//1165 1043//1038
f 1117//1110 1171//1166 1163//1157
f 1070//1065 1121//1115 1123//1117
f 943//935 1104//1120 1083//1088
f 349//372 1156//1151 1157//1152
f 1081//1077 1173//1167 1131//1125
f 353//374 1174//1168 1156//1151
f 351//375 1174//1168 353//374
f 1115//1109 1138//1134 1060//1055
f 909//902 1146//1141 1113//1106
f 980//973 1176//1169 1054//1048
f 1066//1061 1123//1117 1140//1136
f 1025//1020 1177//1170 1098//1094
f 1142//1137 1171//1166 1117//1110
f 1135//1129 1158//1153 1016//1011
f 897//894 1178//690 1133//1127
f 1038//1033 1179//1171 1114//1107
f 936//930 1178//690 897//894
f 1107//1100 1179//1171 1038//1033
f 1024//1019 1161//1155 948//939
f 1088//1085 1180//1172 1115//1109
f 1058//1051 1150//1145 997//992
f 1122//1116 1181//1173 1111//1104
f 1111//1104 1181//1173 1167//1163
f 352//382 1174//1168 351//375
f 1086//1083 1182//1174 1104//1120
f 1096//1092 1183//1175 1071//1066
f 1069//1064 1184//1176 955//946
f 1106//1099 1125//1118 962//955
f 1040//1035 1185//1177 1099//1095
f 136//124 1186//1178 1077//1072
f 1032//1026 1187//1179 1067//1062
f 1056//1084 1188//1180 1129//1123
f 1125//1118 1189//542 1042//1037
f 1010//1004 1190//1181 1152//1147
f 1022//1017 1085//1080 1155//1150
f 1142//1137 1191//1182 1171//1166
f 1012//1007 1124//1158 1143//1138
f 1097//1093 1130//1124 1092//1114
f 837//831 1192//642 1091//639
f 1055//1049 1131//1125 1154//1149
f 966//959 1102//1132 1172//1183
f 1047//1076 1193//1184 921//912
f 1119//1112 1194//1185 1121//1115
f 1077//1072 1169//1164 1034//1029
f 1045//1040 1195//1186 979//972
f 979//972 1195//1186 1135//1129
f 949//941 1196//1187 1146//1141
f 1043//1038 1196//1187 949//941
f 1114//1107 1197//1188 1153//1148
f 1122//1116 1139//1135 1181//1173
f 1067//1062 1177//1170 1025//1020
f 1127//1121 1137//1131 966//959
f 1174//1168 1198//1189 1156//1151
f 1052//1046 1199//1190 1008//1003
f 1005//1053 1200//763 1168//569
f 1166//1162 1184//1176 1069//1064
f 1098//1094 1201//1191 1160//1154
f 1103//1098 1161//1155 1124//1158
f 1128//1122 1202//1192 1159//1159
f 155//142 1175//1193 136//124
f 1104//1120 1203//1194 1083//1088
f 1033//1027 1204//1195 1106//1099
f 1129//1123 1204//1195 1033//1027
f 606//645 1205//574 836//830
f 1144//1139 1187//1179 1032//1026
f 1044//1039 1206//1196 1151//1146
f 1138//1134 1206//1196 1044//1039
f 1139//1135 1208//1197 1181//1173
f 1075//1070 1143//1138 980//973
f 1130//1124 1209//1198 1092//1114
f 1109//1102 1210//1199 1162//1156
f 1078//1073 1210//1199 1109//1102
f 955//946 1184//1176 1037//1032
f 1149//1144 1166//1162 947//938
f 1141//1133 1211//1200 1057//1050
f 1057//1050 1211//1200 1145//1140
f 1058//1051 1212//1201 1150//1145
f 980//973 1213//1202 1176//1169
f 1153//1148 1173//1167 1081//1077
f 1085//1080 1214//1203 1155//1150
f 1156//1151 1215//1204 1157//1152
f 1000//998 1185//1177 1040//1035
f 593//601 1200//763 1005//1053
f 352//382 1216//1205 1174//1168
f 1142//1137 1217//1206 1191//1182
f 1167//1163 1217//1206 1142//1137
f 1134//1128 1207//1207 1052//1046
f 1064//1059 1188//1180 1056//1084
f 1054//1048 1176//1169 1118//1111
f 1077//1072 1219//1208 1169//1164
f 1186//1178 1219//1208 1077//1072
f 1180//1172 1220//1209 1115//1109
f 1115//1109 1220//1209 1138//1134
f 1132//1126 1202//1192 1128//1122
f 1148//1143 1222//1210 1107//1100
f 1107//1100 1222//1210 1179//1171
f 1101//1097 1223//1211 1089//1086
f 1089//1086 1223//1211 1144//1139
f 1106//1099 1224//1212 1125//1118
f 1083//1088 1203//1194 1134//1128
f 1042//1037 1189//542 1136//1130
f 1036//1031 1165//1161 1164//1160
f 1130//1124 1225//1213 1209//1198
f 1096//1092 1227//1214 1183//1175
f 1146//1141 1228//610 1113//1106
f 1123//1117 1218//1215 1140//1136
f 1093//1089 1190//1181 1010//1004
f 1071//1066 1183//1175 1148//1143
f 1024//1019 1158//1153 1161//1155
f 936//930 1229//1216 1178//690
f 1157//1152 1230//1217 1139//1135
f 1121//1115 1231//1218 1123//1117
f 1014//1009 1229//1216 936//930
f 1139//1135 1230//1217 1208//1197
f 1008//1003 1199//1190 1149//1144
f 1191//1182 1232//1219 1171//1166
f 155//142 161//151 1175//1193
f 1207//1207 1199//1190 1052//1046
f 1173//1167 1233//1220 1131//1125
f 352//382 1234//1221 1216//1205
f 1104//1120 1182//1174 1203//1194
f 1167//1163 1235//1222 1217//1206
f 1181//1173 1235//1222 1167//1163
f 1130//1124 1159//1159 1225//1213
f 1150//1145 1236//1223 1064//1059
f 1175//1193 1186//1178 136//124
f 1131//1125 1237//1224 1154//1149
f 436//385 1234//1221 352//382
f 1094//1090 1212//1201 1058//1051
f 1198//1189 1238//1225 1156//1151
f 1156//1151 1238//1225 1215//1204
f 1147//1142 1239//1226 1132//1126
f 1132//1126 1239//1226 1202//1192
f 1143//1138 1213//1202 980//973
f 1067//1062 1187//1179 1177//1170
f 1174//1168 1216//1205 1198//1189
f 1138//1134 1220//1209 1221//1227
f 1064//1059 1236//1223 1188//1180
f 1140//1136 1242//1228 1126//1119
f 1125//1118 1243//638 1189//542
f 1162//1156 1227//1214 1096//1092
f 1154//1149 1237//1224 1086//1083
f 1086//1083 1237//1224 1182//1174
f 1153//1148 1244//1229 1173//1167
f 436//385 1245//1230 1234//1221
f 1177//1170 1201//1191 1098//1094
f 1120//1113 577//725 837//831
f 837//831 577//725 1192//642
f 1157//1152 1246//1231 1230//1217
f 1126//1119 1210//1199 1078//1073
f 1215//1204 1246//1231 1157//1152
f 1138//1134 1221//1227 1206//1196
f 1124//1158 578//627 1143//1138
f 1179//1171 1247//1232 1114//1107
f 1114//1107 1247//1232 1197//1188
f 1113//1106 1248//581 1000//998
f 1000//998 1248//581 1185//1177
f 1163//1157 1239//1226 1147//1142
f 1193//1184 1249//630 921//912
f 921//912 1249//630 1100//1096
f 1210//1199 1250//1233 1162//1156
f 1202//1192 1254//1234 1159//1159
f 1141//1133 1251//555 1211//1200
f 1169//1164 1251//555 1141//1133
f 1191//1182 1217//1206 1232//1219
f 1131//1125 1252//1235 1237//1224
f 1187//1179 1253//548 1177//1170
f 1037//1032 629//643 606//645
f 1159//1159 1254//1234 1225//1213
f 1129//1123 1188//1180 1204//1195
f 1175//1193 564//515 1186//1178
f 1216//1205 1238//1225 1198//1189
f 1093//1089 1155//1150 1190//1181
f 1208//1197 1255//1236 1181//1173
f 1181//1173 1255//1236 1235//1222
f 1043//1038 1256//617 1196//1187
f 1170//1165 1256//617 1043//1038
f 1160//1154 1257//1237 1085//1080
f 1099//1095 666//614 1165//1161
f 1197//1188 1244//1229 1153//1148
f 1227//1214 1258//1238 1183//1175
f 1161//1155 583//523 1124//1158
f 1146//1141 638//608 1228//610
f 1196//1187 638//608 1146//1141
f 1163//1157 1259//675 1239//1226
f 1171//1166 1259//675 1163//1157
f 1123//1117 1260//1239 1218//1215
f 1231//1218 1260//1239 1123//1117
f 1242//1228 1261//1240 1126//1119
f 1126//1119 1261//1240 1210//1199
f 1148//1143 1262//1241 1222//1210
f 1145//1140 663//698 1101//1097
f 1101//1097 663//698 1223//1211
f 1131//1125 1233//1220 1252//1235
f 545//507 1245//1230 436//385
f 1118//1111 1176//1169 1170//1165
f 1234//1221 1263//1242 1216//1205
f 1100//1096 1249//630 1084//1081
f 1202//1192 627//759 1254//1234
f 1106//1099 1204//1195 1224//1212
f 1218//1215 1242//1228 1140//1136
f 1194//1185 1231//1218 1121//1115
f 1240//1243 1231//1218 1194//1185
f 1102//1132 1226//738 1172//1183
f 825//820 616//599 930//949
f 1235//1222 1264//623 1217//1206
f 1245//1230 1265//1244 1234//1221
f 1201//1191 1257//1237 1160//1154
f 1215//1204 1238//1225 1246//1231
f 1102//1132 1137//1131 1241//712
f 1152//1147 1229//1216 1014//1009
f 1199//1190 1266//673 1149//1144
f 1125//1118 1224//1212 1243//638
f 1045//1040 626//736 1195//1186
f 1136//1130 626//736 1045//1040
f 1218//1215 1268//1245 1242//1228
f 1172//1183 1269//1246 777//1247
f 1158//1153 654//521 1161//1155
f 1230//1217 1255//1236 1208//1197
f 1250//1233 1227//1214 1162//1156
f 1085//1080 1257//1237 1214//1203
f 1216//1205 1267//1248 1238//1225
f 161//151 564//515 1175//1193
f 1177//1170 693//611 1201//1191
f 1151//1146 1270//1249 1094//1090
f 1094//1090 1270//1249 1212//1201
f 1212//1201 1271//578 1150//1145
f 1150//1145 1271//578 1236//1223
f 1232//1219 567//670 1171//1166
f 1171//1166 567//670 1259//675
f 171//154 1272//538 161//151
f 1046//1041 1164//1160 1127//1121
f 1206//1196 556//518 1151//1146
f 1203//1194 1273//658 1134//1128
f 1134//1128 1273//658 1207//1207
f 1183//1175 1262//1241 1148//1143
f 1105//1079 616//599 825//820
f 1220//1209 1274//1250 1221//1227
f 1265//1244 1263//1242 1234//1221
f 1239//1226 1275//788 1202//1192
f 1202//1192 1275//788 627//759
f 1179//1171 1276//1251 1247//1232
f 1222//1210 1276//1251 1179//1171
f 1047//1076 599//628 1193//1184
f 798//789 665//641 1105//1079
f 1244//1229 639//552 1173//1167
f 1173//1167 639//552 1233//1220
f 545//507 1277//1252 1245//1230
f 1186//1178 675//585 1219//1208
f 1182//1174 562//514 1203//1194
f 1172//1183 1226//738 1269//1246
f 1225//1213 1283//646 1209//1198
f 1135//1129 661//656 1158//1153
f 1207//1207 628//660 1199//1190
f 1216//1205 1263//1242 1267//1248
f 1149//1144 573//661 1166//1162
f 1176//1169 569//561 1170//1165
f 1265//1244 1279//590 1263//1242
f 1074//1069 574//723 1120//1113
f 1227//1214 1280//526 1258//1238
f 1144//1139 1253//548 1187//1179
f 1197//1188 1247//1232 1244//1229
f 1169//1164 703//669 1251//555
f 1219//1208 703//669 1169//1164
f 1241//712 598//714 1102//1132
f 1102//1132 598//714 1226//738
f 1238//1225 1281//573 1246//1231
f 1242//1228 1282//532 1261//1240
f 1184//1176 629//643 1037//1032
f 1253//548 693//611 1177//1170
f 1170//1165 570//633 1256//617
f 1183//1175 1284//587 1262//1241
f 1237//1224 1285//512 1182//1174
f 1236//1223 704//635 1188//1180
f 1235//1222 1286//562 1264//623
f 1255//1236 1286//562 1235//1222
f 1230//1217 1287//1253 1255//1236
f 1246//1231 1287//1253 1230//1217
f 1149//1144 1266//673 573//661
f 161//151 644//558 564//515
f 1164//1160 643//750 1127//1121
f 1229//1216 647//688 1178//690
f 1143//1138 587//653 1213//1202
f 635//520 1271//578 1212//1201
f 556//518 1270//1249 1151//1146
f 1240//1243 1260//1239 1231//1218
f 1152//1147 682//704 1229//1216
f 1190//1181 682//704 1152//1147
f 1113//1106 1228//610 1248//581
f 930//949 616//599 1059//1052
f 1260//1239 1268//1245 1218//1215
f 1195//1186 661//656 1135//1129
f 546//508 1277//1252 545//507
f 1221//1227 556//518 1206//1196
f 1232//1219 1288//592 567//670
f 1165//1161 666//614 1164//1160
f 1217//1206 1288//592 1232//1219
f 798//789 1091//639 665//641
f 567//670 1289//671 1259//675
f 1225//1213 609//649 1283//646
f 1239//1226 1290//677 1275//788
f 1188//1180 608//566 1204//1195
f 1155//1150 555//702 1190//1181
f 1158//1153 653//624 654//521
f 1267//1248 1291//529 1238//1225
f 1238//1225 1291//529 1281//573
f 1254//1234 609//649 1225//1213
f 1277//1252 601//533 1245//1230
f 1245//1230 601//533 1265//1244
f 599//628 1249//630 1193//1184
f 1124//1158 583//523 578//627
f 1214//1203 680//757 1155//1150
f 1268//1245 1292//530 1242//1228
f 1242//1228 1292//530 1282//532
f 1213//1202 1293//559 1176//1169
f 1258//1238 1284//587 1183//1175
f 1182//1174 1285//512 562//514
f 1211//1200 663//698 1145//1140
f 1204//1195 649//568 1224//1212
f 1099//1095 1185//1177 666//614
f 1249//630 660//706 1084//1081
f 1212//1201 1270//1249 635//520
f 1233//1220 639//552 1278//619
f 1144//1139 602//551 1253//548
f 1255//1236 560//565 1286//562
f 1223//1211 602//551 1144//1139
f 649//568 1243//638 1224//1212
f 1127//1121 643//750 1137//1131
f 1203//1194 553//622 1273//658
f 1207//1207 1273//658 628//660
f 1246//1231 1281//573 1287//1253
f 1262//1241 611//692 1222//1210
f 1239//1226 1259//675 1290//677
f 1243//638 612//540 1189//542
f 1276//1251 581//596 1247//1232
f 1227//1214 686//524 1280//526
f 1250//1233 686//524 1227//1214
f 1120//1113 574//723 577//725
f 1264//623 554//595 1217//1206
f 1217//1206 554//595 1288//592
f 1210//1199 694//604 1250//1233
f 1261//1240 694//604 1210//1199
f 1233//1220 1278//619 1252//1235
f 1161//1155 654//521 583//523
f 1252//1235 594//683 1237//1224
f 621//164 623//536 171//154
f 171//154 623//536 1272//538
f 564//515 565//517 1186//1178
f 1186//1178 565//517 675//585
f 161//151 607//539 644//558
f 1272//538 607//539 161//151
f 666//614 558//616 1164//1160
f 1258//1238 571//668 1284//587
f 593//601 557//764 1200//763
f 1263//1242 633//527 1267//1248
f 1267//1248 633//527 1291//529
f 619//544 1260//1239 1240//1243
f 1201//1191 693//611 1257//1237
f 1074//1069 685//691 574//723
f 1133//1127 685//691 1074//1069
f 578//627 587//653 1143//1138
f 1277//1252 600//534 601//533
f 661//656 653//624 1158//1153
f 1247//1232 615//598 1244//1229
f 1244//1229 615//598 639//552
f 1170//1165 569//561 570//633
f 628//660 617//737 1199//1190
f 1222//1210 611//692 1276//1251
f 1189//542 603//543 1136//1130
f 1136//1130 603//543 626//736
f 1211//1200 582//557 663//698
f 1274//1250 690//602 1221//1227
f 1253//548 588//550 693//611
f 1221//1227 690//602 556//518
f 1184//1176 646//766 629//643
f 1176//1169 1293//559 569//561
f 675//585 676//586 1219//1208
f 1254//1234 595//687 609//649
f 1219//1208 676//586 703//669
f 546//508 631//665 1277//1252
f 1185//1177 673//583 666//614
f 1262//1241 1284//587 611//692
f 1287//1253 559//680 1255//1236
f 1255//1236 559//680 560//565
f 1236//1223 634//580 704//635
f 1137//1131 624//784 1241//712
f 1213//1202 587//653 1293//559
f 1260//1239 584//546 1268//1245
f 1203//1194 562//514 553//622
f 1280//526 571//668 1258//1238
f 1226//738 688//739 1269//1246
f 1229//1216 648//743 647//688
f 1254//1234 627//759 595//687
f 1166//1162 552//663 1184//1176
f 644//558 563//516 564//515
f 1214//1203 670//755 680//757
f 1257//1237 670//755 1214//1203
f 1279//590 633//527 1263//1242
f 693//611 651//613 1257//1237
f 1200//763 658//570 1168//569
f 619//544 584//546 1260//1239
f 704//635 701//636 1188//1180
f 1188//1180 701//636 608//566
f 639//552 641//554 1278//619
f 1284//587 668//589 611//692
f 1105//1079 699//747 616//599
f 1265//1244 589//535 1279//590
f 601//533 589//535 1265//1244
f 1205//574 596//576 1047//1076
f 1047//1076 596//576 599//628
f 534//503 631//665 546//508
f 570//633 677//632 1256//617
f 1196//1187 1256//617 638//608
f 1228//610 678//609 1248//581
f 631//665 600//534 1277//1252
f 651//613 670//755 1257//1237
f 1199//1190 617//737 1266//673
f 1282//532 604//607 1261//1240
f 1261//1240 604//607 694//604
f 1195//1186 551//694 661//656
f 1166//1162 573//661 552//663
f 1237//1224 679//684 1285//512
f 594//683 679//684 1237//1224
f 1250//1233 687//606 686//524
f 694//604 687//606 1250//1233
f 1251//555 582//557 1211//1200
f 1204//1195 608//566 649//568
f 1286//562 597//564 1264//623
f 1280//526 572//525 571//668
f 583//523 575//625 578//627
f 1278//619 576//620 1252//1235
f 1252//1235 576//620 594//683
f 611//692 581//596 1276//1251
f 1268//1245 584//546 1292//530
f 1223//1211 632//697 602//551
f 663//698 632//697 1223//1211
f 1288//592 568//594 567//670
f 1271//578 634//580 1236//1223
f 556//518 635//520 1270//1249
f 581//596 615//598 1247//1232
f 665//641 699//747 1105//1079
f 578//627 579//626 587//653
f 615//598 655//655 639//552
f 1164//1160 558//616 643//750
f 582//557 664//696 663//698
f 1279//590 585//591 633//527
f 587//653 592//652 1293//559
f 1190//1181 555//702 682//704
f 631//665 652//717 600//534
f 682//704 648//743 1229//1216
f 606//645 610//575 1205//574
f 1137//1131 643//750 624//784
f 680//757 681//793 1155//1150
f 1155//1150 681//793 555//702
f 1249//630 657//629 660//706
f 617//737 618//674 1266//673
f 616//599 593//601 1059//1052
f 1248//581 673//583 1185//1177
f 1281//573 614//577 1287//1253
f 1287//1253 614//577 559//680
f 571//668 672//588 1284//587
f 1184//1176 552//663 646//766
f 1291//529 590//528 1281//573
f 1178//690 685//691 1133//1127
f 679//684 561//513 1285//512
f 626//736 551//694 1195//1186
f 853//846 1343//1254 1299//1255
f 915//906 853//846 1299//1255
f 1294//1256 1296//1257 1299//1255
f 914//905 915//906 1299//1255
f 914//905 1299//1255 922//913
f 1302//1258 1297//1259 1300//1260
f 1302//1258 1301//1261 1297//1259
f 1305//1262 885//881 961//954
f 939//866 922//913 1303//1263
f 1303//1263 1296//1257 1306//1264
f 1307//1265 1305//1262 1332//1266
f 945//937 1342//1267 957//948
f 1309//1268 957//948 1308//1269
f 946//940 957//948 1309//1268
f 939//866 1295//1270 1315//1271
f 1295//1270 1303//1263 1306//1264
f 1309//1268 1310//1272 946//940
f 1295//1270 939//866 1303//1263
f 856//878 939//866 1315//1271
f 946//940 1310//1272 933//924
f 1295//1270 1306//1264 1311//1273
f 1312//1274 933//924 1310//1272
f 1311//1273 1315//1271 1295//1270
f 920//911 933//924 1312//1274
f 1312//1274 1313//1275 920//911
f 1313//1275 1314//1276 920//911
f 919//909 920//911 1314//1276
f 1313//1275 1485//1277 1314//1276
f 1298//1278 842//836 856//878
f 1298//1278 856//878 1315//1271
f 1316//1279 1315//1271 1311//1273
f 1298//1278 1315//1271 1316//1279
f 1298//1278 1316//1279 1297//1259
f 1298//1278 953//942 842//836
f 1316//1279 1311//1273 1300//1260
f 1301//1261 953//942 1298//1278
f 1316//1279 1300//1260 1297//1259
f 919//909 1314//1276 834//828
f 1301//1261 1298//1278 1297//1259
f 1317//1280 834//828 1314//1276
f 881//876 834//828 1317//1280
f 954//953 953//942 1301//1261
f 954//953 1301//1261 1319//1281
f 1001//997 1002//999 1320//1282
f 1302//1258 1319//1281 1301//1261
f 1317//1280 1318//1283 881//876
f 881//876 1318//1283 1321//893
f 1318//1283 1324//1284 1321//893
f 940//931 954//953 1319//1281
f 1319//1281 1302//1258 1323//1285
f 1324//1284 1325//1286 1321//893
f 1325//1286 880//875 1321//893
f 940//931 1319//1281 1304//1287
f 998//993 992//987 1326//1288
f 1324//1284 1327//1289 1325//1286
f 1323//1285 1304//1287 1319//1281
f 1327//1289 1324//1284 1328//1290
f 989//984 998//993 1326//1288
f 989//984 1326//1288 1329//983
f 961//954 940//931 1304//1287
f 880//875 1325//1286 1327//1289
f 880//875 1327//1289 1330//1291
f 1331//1292 972//966 1329//983
f 1304//1287 1305//1262 961//954
f 1330//1291 900//872 880//875
f 1332//1266 1304//1287 1323//1285
f 1327//1289 1333//1293 1330//1291
f 978//974 972//966 1331//1292
f 1332//1266 1305//1262 1304//1287
f 874//962 885//881 1305//1262
f 1328//1290 1333//1293 1327//1289
f 978//974 1331//1292 1334//1294
f 1333//1293 1335//1295 1330//1291
f 1336//1296 900//872 1330//1291
f 1336//1296 1330//1291 1335//1295
f 1337//1297 1346//1298 1338//1299
f 965//958 978//974 1334//1294
f 1337//1297 1339//1300 1340//1301
f 965//958 1334//1294 1627//1302
f 1341//1303 1340//1301 1343//1254
f 1342//1267 965//958 1627//1302
f 1333//1293 1328//1290 1335//1295
f 1342//1267 945//937 965//958
f 1342//1267 1627//1302 1308//1269
f 1303//1263 1299//1255 1296//1257
f 957//948 1342//1267 1308//1269
f 1336//1296 1335//1295 1346//1298
f 1309//1268 1308//1269 1310//1272
f 1345//1304 1346//1298 1335//1295
f 1346//1298 893//851 900//872
f 893//851 1346//1298 1337//1297
f 892//888 893//851 1337//1297
f 1314//1276 1485//1277 1317//1280
f 1339//1300 1337//1297 1338//1299
f 1339//1300 1338//1299 1347//1305
f 841//835 892//888 1337//1297
f 841//835 1337//1297 1340//1301
f 1346//1298 900//872 1336//1296
f 1339//1300 1347//1305 1348//1306
f 1348//1306 1340//1301 1339//1300
f 1338//1299 1346//1298 1345//1304
f 1341//1303 841//835 1340//1301
f 1341//1303 849//842 841//835
f 1341//1303 904//860 849//842
f 1348//1306 1344//1307 1340//1301
f 1343//1254 1340//1301 1344//1307
f 1343//1254 904//860 1341//1303
f 1343//1254 853//846 904//860
f 1344//1307 1294//1256 1343//1254
f 1303//1263 922//913 1299//1255
f 1294//1256 1299//1255 1343//1254
f 1406//1308 1683//1309 1356//1310
f 1358//1311 1359//1312 1360//1313
f 1362//1314 1422//1315 1363//1316
f 1364//1317 1365//1318 1366//1319
f 1376//1320 1702//1321 1377//1322
f 1380//1323 1382//1324 1381//1325
f 1383//1326 1384//1327 1685//1328
f 1385//1329 1749//1330 1388//1331
f 1392//1332 1752//1333 1393//1334
f 1394//1335 1718//1336 1703//1337
f 1364//1317 1361//1338 1403//1339
f 1434//1340 1405//1341 1406//1308
f 1410//1342 1371//1343 1411//1344
f 1356//1310 1412//1345 1357//1346
f 1414//1347 1415//1348 1416//1349
f 1410//1342 1411//1344 1378//1350
f 1418//1351 1419//1352 1367//1353
f 1440//1354 1373//1355 1743//1356
f 1418//1351 1357//1346 1419//1352
f 1363//1316 1422//1315 1369//1357
f 1425//1358 1380//1323 1426//1359
f 1423//1360 3752//1361 1424//1362
f 1396//1363 1427//1364 1428//1365
f 1430//1366 1375//1367 1672//1368
f 1430//1366 1672//1368 1384//1327
f 1407//1369 1359//1312 1358//1311
f 1392//1332 1388//1331 1752//1333
f 1435//1370 1391//1371 1436//1372
f 1437//1373 1354//1374 1355//1375
f 1437//1373 1355//1375 1398//1376
f 1438//1377 1361//1338 1364//1317
f 1440//1354 1743//1356 1374//1378
f 1452//1379 1421//1380 1386//1381
f 1442//1382 1413//1383 1443//1384
f 1442//1382 1443//1384 1415//1348
f 1444//1385 1420//1386 1344//1307
f 1376//1320 1445//1387 1446//1388
f 1447//1389 1417//1390 1353//1391
f 1448//1392 1426//1359 1387//1393
f 1449//1394 1395//1395 1354//1374
f 1429//1396 1718//1336 1394//1335
f 1407//1369 1351//1397 1352//1398
f 1450//1399 1370//1400 1375//1367
f 1372//1401 1373//1355 1440//1354
f 1390//1402 1383//1326 1391//1371
f 1459//1403 1379//1404 1385//1329
f 1452//1379 1386//1381 3782//1405
f 1454//1406 3752//1361 1423//1360
f 1444//1385 1367//1353 1368//1407
f 1317//1280 1393//1334 1318//1283
f 1453//1408 1436//1372 1404//1409
f 1444//1385 1368//1407 1420//1386
f 1455//1410 1439//1411 1408//1412
f 1456//1413 1376//1320 1377//1322
f 1457//1414 1401//1415 1351//1397
f 1457//1414 1432//1416 1401//1415
f 1438//1377 1398//1376 1361//1338
f 1409//1417 1371//1343 1410//1342
f 1459//1403 1385//1329 1388//1331
f 1460//1418 1402//1419 1434//1340
f 1461//1420 1434//1340 1406//1308
f 1462//1421 1369//1357 1370//1400
f 1390//1402 1391//1371 1435//1370
f 1425//1358 1426//1359 1448//1392
f 1392//1332 1393//1334 1317//1280
f 1449//1394 1354//1374 1437//1373
f 1465//1422 1398//1376 1438//1377
f 1466//1423 1414//1347 1416//1349
f 1447//1389 1349//1424 1417//1390
f 1468//1425 1406//1308 1356//1310
f 3754//1426 3752//1361 1454//1406
f 1423//1360 1389//1427 1396//1363
f 1469//1428 1388//1331 1392//1332
f 1470//1429 1367//1353 1444//1385
f 1444//1385 1344//1307 1348//1306
f 1376//1320 1471//1430 1445//1387
f 1472//1431 1364//1317 1366//1319
f 1433//1432 1383//1326 1390//1402
f 1448//1392 1387//1393 1458//1433
f 1358//1311 1360//1313 1372//1401
f 1473//1434 1474//1435 1475//1436
f 1476//1437 1378//1350 1379//1404
f 1459//1403 1388//1331 1464//1438
f 1435//1370 1436//1372 1453//1408
f 1478//1439 1431//1440 1399//1441
f 1479//1442 1374//1378 1421//1380
f 1481//1443 1437//1373 1398//1376
f 1451//1444 1402//1419 1460//1418
f 1481//1443 1398//1376 1465//1422
f 1442//1382 1415//1348 1414//1347
f 1467//1445 1438//1377 1364//1317
f 1482//1446 1366//1319 1409//1417
f 1483//1447 1410//1342 1378//1350
f 1400//1448 1432//1416 1463//1449
f 1484//1450 1362//1314 1363//1316
f 1464//1438 1388//1331 1469//1428
f 1456//1413 1377//1322 1382//1324
f 1485//1277 1392//1332 1317//1280
f 1486//1451 1449//1394 1437//1373
f 1450//1399 1375//1367 1430//1366
f 1467//1445 1364//1317 1472//1431
f 1458//1433 1387//1393 1429//1396
f 1487//1452 1383//1326 1433//1432
f 1488//1453 1394//1335 1431//1440
f 1487//1452 1384//1327 1383//1326
f 1489//1454 1399//1441 1451//1444
f 1461//1420 1406//1308 1468//1425
f 1455//1410 1408//1412 1441//1455
f 1469//1428 1392//1332 1477//1456
f 1491//1457 1744//1458 1413//1383
f 1463//1449 1432//1416 1457//1414
f 1492//1459 1438//1377 1467//1445
f 1418//1351 1367//1353 1470//1429
f 1493//1460 1351//1397 1407//1369
f 1494//1461 1349//1424 1447//1389
f 1472//1431 1366//1319 1482//1446
f 1495//1462 1410//1342 1483//1447
f 1495//1462 1409//1417 1410//1342
f 1476//1437 1379//1404 1459//1403
f 1496//1463 1353//1391 1362//1314
f 1497//1464 1374//1378 1479//1442
f 1497//1464 1440//1354 1374//1378
f 1462//1421 1370//1400 1450//1399
f 1477//1456 1392//1332 1485//1277
f 1498//1465 1434//1340 1461//1420
f 1483//1447 1378//1350 1476//1437
f 1499//1466 1357//1346 1418//1351
f 1486//1451 1437//1373 1481//1443
f 1492//1459 1465//1422 1438//1377
f 1456//1413 1471//1430 1376//1320
f 1508//1467 1358//1311 1372//1401
f 1488//1453 1429//1396 1394//1335
f 1501//1468 1369//1357 1462//1421
f 1478//1439 1399//1441 1489//1454
f 1479//1442 1421//1380 1452//1379
f 1500//1469 1459//1403 1464//1438
f 1502//1470 1452//1379 3782//1405
f 1503//1471 1454//1406 1423//1360
f 1504//1472 1396//1363 1428//1365
f 1487//1452 1430//1366 1384//1327
f 1510//1473 1492//1459 1467//1445
f 1493//1460 1457//1414 1351//1397
f 1505//1474 1476//1437 1459//1403
f 1506//1475 1407//1369 1358//1311
f 1517//1476 1456//1413 1382//1324
f 1507//1477 1300//1260 1311//1273
f 1507//1477 1404//1409 1300//1260
f 1455//1410 1480//1478 1439//1411
f 1491//1457 1441//1455 1744//1458
f 1509//1479 1458//1433 1429//1396
f 1510//1473 1467//1445 1472//1431
f 1488//1453 1431//1440 1478//1439
f 1482//1446 1409//1417 1495//1462
f 1494//1461 1416//1349 1349//1424
f 1511//1480 1483//1447 1476//1437
f 1496//1463 1447//1389 1353//1391
f 1498//1465 1460//1418 1434//1340
f 1512//1481 1423//1360 1396//1363
f 1513//1482 1428//1365 1400//1448
f 1481//1443 1514//1483 1486//1451
f 1499//1466 1356//1310 1357//1346
f 1515//1484 1450//1399 1430//1366
f 1516//1485 1472//1431 1482//1446
f 1493//1460 1407//1369 1506//1475
f 1511//1480 1476//1437 1505//1474
f 1517//1476 1382//1324 1380//1323
f 1518//1486 1372//1401 1440//1354
f 1519//1487 1481//1443 1465//1422
f 1521//1488 1455//1410 1441//1455
f 1491//1457 1413//1383 1442//1382
f 1520//1489 1451//1444 1460//1418
f 1505//1474 1459//1403 1500//1469
f 1522//1490 1468//1425 1356//1310
f 1496//1463 1362//1314 1484//1450
f 1523//1491 1400//1448 1463//1449
f 1524//1492 1457//1414 1493//1460
f 1501//1468 1363//1316 1369//1357
f 1525//1493 1462//1421 1450//1399
f 1510//1473 1472//1431 1516//1485
f 1456//1413 1526//1494 1471//1430
f 1527//1495 1430//1366 1487//1452
f 1502//1470 3782//1405 1307//1265
f 1528//1496 1490//1497 3754//1426
f 1528//1496 3755//1498 1490//1497
f 1529//1499 1441//1455 1491//1457
f 1528//1496 3754//1426 1454//1406
f 1503//1471 1423//1360 1512//1481
f 1530//1500 1356//1310 1499//1466
f 1504//1472 1428//1365 1513//1482
f 1466//1423 1416//1349 1494//1461
f 1531//1501 1447//1389 1496//1463
f 1477//1456 1485//1277 1313//1275
f 1519//1487 1465//1422 1492//1459
f 1533//1502 1425//1358 1448//1392
f 1518//1486 1508//1467 1372//1401
f 1534//1503 1488//1453 1478//1439
f 1520//1489 1489//1454 1451//1444
f 1535//1504 1433//1432 1390//1402
f 1536//1505 1464//1438 1469//1428
f 1536//1505 1469//1428 1477//1456
f 1512//1481 1396//1363 1504//1472
f 1455//1410 1538//1506 1480//1478
f 1513//1482 1400//1448 1523//1491
f 1347//1305 1444//1385 1348//1306
f 1539//1507 1414//1347 1466//1423
f 1517//1476 1380//1323 1425//1358
f 1539//1507 1442//1382 1414//1347
f 1519//1487 1540//1508 1514//1483
f 1519//1487 1514//1483 1481//1443
f 1541//1509 1448//1392 1458//1433
f 1542//1510 1492//1459 1510//1473
f 1543//1511 1429//1396 1488//1453
f 1544//1512 1484//1450 1363//1316
f 1544//1512 1363//1316 1501//1468
f 1545//1513 1495//1462 1483//1447
f 1545//1513 1483//1447 1511//1480
f 1536//1505 1500//1469 1464//1438
f 1498//1465 1461//1420 1468//1425
f 1515//1484 1430//1366 1527//1495
f 1546//1514 1452//1379 1502//1470
f 1522//1490 1356//1310 1530//1500
f 1537//1515 1519//1487 1492//1459
f 1547//1516 1510//1473 1516//1485
f 1548//1517 1390//1402 1435//1370
f 1549//1518 1482//1446 1495//1462
f 1532//1519 1470//1429 1444//1385
f 1517//1476 1526//1494 1456//1413
f 1552//1520 1453//1408 1404//1409
f 1552//1520 1404//1409 1507//1477
f 1521//1488 1441//1455 1529//1499
f 1553//1521 1491//1457 1442//1382
f 1537//1515 1492//1459 1542//1510
f 1554//1522 1489//1454 1520//1489
f 1555//1523 1511//1480 1505//1474
f 1531//1501 1494//1461 1447//1389
f 1556//1524 1440//1354 1497//1464
f 1558//1525 1500//1469 1536//1505
f 1557//1526 1468//1425 1522//1490
f 1479//1442 1452//1379 1546//1514
f 1559//1527 1477//1456 1313//1275
f 1559//1527 1313//1275 1312//1274
f 1542//1510 1510//1473 1547//1516
f 1560//1528 1418//1351 1470//1429
f 1549//1518 1516//1485 1482//1446
f 1532//1519 1444//1385 1347//1305
f 1550//1529 1545//1513 1511//1480
f 1551//1530 1505//1474 1500//1469
f 1533//1502 1448//1392 1541//1509
f 1561//1531 1463//1449 1457//1414
f 1561//1531 1457//1414 1524//1492
f 1509//1479 1429//1396 1543//1511
f 1534//1503 1478//1439 1489//1454
f 1562//1532 1493//1460 1506//1475
f 1549//1518 1495//1462 1545//1513
f 1563//1533 1358//1311 1508//1467
f 1550//1529 1511//1480 1555//1523
f 1563//1533 1506//1475 1358//1311
f 1551//1530 1500//1469 1558//1525
f 1564//1534 1466//1423 1494//1461
f 1565//1535 1531//1501 1496//1463
f 1559//1527 1536//1505 1477//1456
f 1566//1536 1462//1421 1525//1493
f 1566//1536 1501//1468 1462//1421
f 1567//1537 1454//1406 1503//1471
f 1555//1523 1505//1474 1551//1530
f 1568//1538 1517//1476 1425//1358
f 1568//1538 1425//1358 1533//1502
f 1569//1539 1512//1481 1504//1472
f 1541//1509 1458//1433 1509//1479
f 1543//1511 1488//1453 1534//1503
f 1310//1272 1559//1527 1312//1274
f 1519//1487 1570//1540 1540//1508
f 1535//1504 1390//1402 1548//1517
f 1557//1526 1498//1465 1468//1425
f 1521//1488 1538//1506 1455//1410
f 1556//1524 1518//1486 1440//1354
f 1560//1528 1499//1466 1418//1351
f 1570//1540 1537//1515 1542//1510
f 1571//1541 1547//1516 1516//1485
f 1572//1542 1496//1463 1484//1450
f 1575//1543 1433//1432 1535//1504
f 1573//1544 1504//1472 1513//1482
f 1574//1545 1516//1485 1549//1518
f 1561//1531 1523//1491 1463//1449
f 1575//1543 1487//1452 1433//1432
f 1576//1546 1493//1460 1562//1532
f 1576//1546 1524//1492 1493//1460
f 1577//1547 1530//1500 1499//1466
f 1570//1540 1519//1487 1537//1515
f 1578//1548 1508//1467 1518//1486
f 1579//1549 1550//1529 1555//1523
f 1580//1550 1536//1505 1559//1527
f 1582//1551 1489//1454 1554//1522
f 1582//1551 1534//1503 1489//1454
f 1567//1537 1528//1496 1454//1406
f 1581//1552 1570//1540 1542//1510
f 1574//1545 1571//1541 1516//1485
f 1583//1553 1520//1489 1460//1418
f 1584//1554 1549//1518 1545//1513
f 1585//1555 1498//1465 1557//1526
f 1586//1556 1525//1493 1450//1399
f 1586//1556 1450//1399 1515//1484
f 1587//1557 1558//1525 1536//1505
f 1563//1533 1508//1467 1578//1548
f 1588//1558 1470//1429 1532//1519
f 1589//1559 1518//1486 1556//1524
f 1579//1549 1545//1513 1550//1529
f 1555//1523 1551//1530 1558//1525
f 1590//1560 1543//1511 1534//1503
f 1553//1521 1529//1499 1491//1457
f 1564//1534 1494//1461 1531//1501
f 1591//1561 1460//1418 1498//1465
f 1565//1535 1496//1463 1572//1542
f 1592//1562 3755//1498 1528//1496
f 1592//1562 3757//1563 3755//1498
f 1573//1544 1569//1539 1504//1472
f 1580//1550 1559//1527 1310//1272
f 1581//1552 1542//1510 1547//1516
f 1593//1564 1517//1476 1568//1538
f 1593//1564 1526//1494 1517//1476
f 1594//1565 1487//1452 1575//1543
f 1584//1554 1545//1513 1579//1549
f 1595//1566 1533//1502 1541//1509
f 1583//1553 1554//1522 1520//1489
f 1596//1567 1574//1545 1549//1518
f 1521//1488 1597//1568 1538//1506
f 1598//1569 1555//1523 1558//1525
f 1599//1570 1546//1514 1502//1470
f 1600//1571 1539//1507 1466//1423
f 1598//1569 1558//1525 1587//1557
f 1601//1572 1571//1541 1574//1545
f 1560//1528 1470//1429 1588//1558
f 1532//1519 1347//1305 1338//1299
f 1603//1573 1501//1468 1566//1536
f 1603//1573 1544//1512 1501//1468
f 1602//1574 1579//1549 1555//1523
f 1308//1269 1580//1550 1310//1272
f 1604//1575 1547//1516 1571//1541
f 1604//1575 1581//1552 1547//1516
f 1583//1553 1460//1418 1591//1561
f 1578//1548 1518//1486 1589//1559
f 1548//1517 1435//1370 1453//1408
f 1605//1576 1536//1505 1580//1550
f 1606//1577 1556//1524 1497//1464
f 1607//1578 1552//1520 1507//1477
f 1605//1576 1587//1557 1536//1505
f 1577//1547 1499//1466 1560//1528
f 1596//1567 1549//1518 1584//1554
f 1502//1470 1307//1265 1332//1266
f 1608//1579 1553//1521 1442//1382
f 1608//1579 1442//1382 1539//1507
f 1595//1566 1568//1538 1533//1502
f 1592//1562 1609//1580 3757//1563
f 1590//1560 1534//1503 1582//1551
f 1611//1581 1484//1450 1544//1512
f 1601//1572 1574//1545 1596//1567
f 1612//1582 1513//1482 1523//1491
f 1613//1583 1561//1531 1524//1492
f 1613//1583 1524//1492 1576//1546
f 1602//1574 1555//1523 1598//1569
f 1614//1584 1557//1526 1522//1490
f 1594//1565 1527//1495 1487//1452
f 1615//1585 1535//1504 1548//1517
f 1626//1586 1497//1464 1479//1442
f 1616//1587 1507//1477 1311//1273
f 1616//1587 1311//1273 1306//1264
f 1617//1588 1509//1479 1543//1511
f 1618//1589 1596//1567 1584//1554
f 1619//1590 1503//1471 1512//1481
f 1619//1590 1567//1537 1503//1471
f 1621//1591 1525//1493 1586//1556
f 1620//1592 1601//1572 1596//1567
f 1621//1591 1566//1536 1525//1493
f 1622//1593 1506//1475 1563//1533
f 1623//1594 1515//1484 1527//1495
f 1624//1595 1604//1575 1571//1541
f 1345//1304 1532//1519 1338//1299
f 1624//1595 1571//1541 1601//1572
f 1610//1596 1541//1509 1509//1479
f 1625//1597 1579//1549 1602//1574
f 1626//1586 1479//1442 1546//1514
f 1627//1302 1580//1550 1308//1269
f 1582//1551 1554//1522 1583//1553
f 1627//1302 1605//1576 1580//1550
f 1529//1499 1597//1568 1521//1488
f 1600//1571 1466//1423 1564//1534
f 1614//1584 1585//1555 1557//1526
f 1628//1598 1528//1496 1567//1537
f 1612//1582 1573//1544 1513//1482
f 1611//1581 1572//1542 1484//1450
f 1635//1599 1577//1547 1560//1528
f 1638//1600 1588//1558 1532//1519
f 1620//1592 1596//1567 1618//1589
f 1625//1597 1584//1554 1579//1549
f 1630//1601 1563//1533 1578//1548
f 1610//1596 1509//1479 1617//1588
f 1631//1602 1590//1560 1582//1551
f 1606//1577 1497//1464 1626//1586
f 1615//1585 1575//1543 1535//1504
f 1591//1561 1498//1465 1585//1555
f 1632//1603 1598//1569 1587//1557
f 1607//1578 1507//1477 1616//1587
f 1634//1604 1502//1470 1332//1266
f 1636//1605 1618//1589 1584//1554
f 1636//1605 1584//1554 1625//1597
f 1635//1599 1560//1528 1588//1558
f 1637//1606 1598//1569 1629//1607
f 1637//1606 1602//1574 1598//1569
f 1638//1600 1532//1519 1345//1304
f 1568//1538 1639//1608 1593//1564
f 1640//1609 1565//1535 1572//1542
f 1641//1610 1541//1509 1610//1596
f 1641//1610 1595//1566 1541//1509
f 1650//1611 1569//1539 1573//1544
f 1612//1582 1523//1491 1561//1531
f 1617//1588 1543//1511 1590//1560
f 1629//1607 1598//1569 1632//1603
f 1623//1594 1586//1556 1515//1484
f 1622//1593 1562//1532 1506//1475
f 1620//1592 1624//1595 1601//1572
f 1637//1606 1625//1597 1602//1574
f 1589//1559 1556//1524 1606//1577
f 1642//1612 1522//1490 1530//1500
f 1632//1603 1587//1557 1605//1576
f 1644//1613 1620//1592 1618//1589
f 1645//1614 1568//1538 1595//1566
f 1643//1615 1453//1408 1552//1520
f 1647//1616 1605//1576 1627//1302
f 1592//1562 1528//1496 1628//1598
f 1648//1617 1624//1595 1620//1592
f 1619//1590 1512//1481 1569//1539
f 1654//1618 1582//1551 1583//1553
f 1649//1619 1564//1534 1531//1501
f 1649//1619 1531//1501 1565//1535
f 1650//1611 1573//1544 1612//1582
f 1651//1620 1572//1542 1611//1581
f 1652//1621 1530//1500 1577//1547
f 1622//1593 1563//1533 1630//1601
f 1653//1622 1578//1548 1589//1559
f 1647//1616 1632//1603 1605//1576
f 1626//1586 1546//1514 1633//1623
f 1647//1616 1627//1302 1334//1294
f 1655//1624 1591//1561 1585//1555
f 1648//1617 1620//1592 1644//1613
f 1529//1499 1656//1625 1597//1568
f 1599//1570 1502//1470 1634//1604
f 1657//1626 1618//1589 1636//1605
f 1658//1627 1609//1580 1592//1562
f 1659//1628 1625//1597 1637//1606
f 1660//1629 1600//1571 1564//1534
f 1642//1612 1614//1584 1522//1490
f 1628//1598 1567//1537 1619//1590
f 1661//1630 1603//1573 1566//1536
f 1638//1600 1345//1304 1335//1295
f 1661//1630 1566//1536 1621//1591
f 1662//1631 1586//1556 1623//1594
f 1663//1632 1562//1532 1622//1593
f 1664//1633 1527//1495 1594//1565
f 1665//1634 1644//1613 1618//1589
f 1666//1635 1617//1588 1590//1560
f 1665//1634 1618//1589 1657//1626
f 1667//1636 1583//1553 1591//1561
f 1643//1615 1548//1517 1453//1408
f 1668//1637 1648//1617 1644//1613
f 1659//1628 1637//1606 1629//1607
f 1642//1612 1530//1500 1652//1621
f 1633//1623 1546//1514 1599//1570
f 1646//1638 1529//1499 1553//1521
f 1608//1579 1539//1507 1600//1571
f 1669//1639 1636//1605 1625//1597
f 1645//1614 1595//1566 1641//1610
f 1669//1639 1625//1597 1659//1628
f 1670//1640 1629//1607 1632//1603
f 1640//1609 1572//1542 1651//1620
f 1611//1581 1544//1512 1603//1573
f 1682//1641 1612//1582 1561//1531
f 1668//1637 1644//1613 1665//1634
f 1669//1639 1657//1626 1636//1605
f 1670//1640 1659//1628 1629//1607
f 1671//1642 1632//1603 1647//1616
f 1671//1642 1647//1616 1334//1294
f 1672//1368 1589//1559 1606//1577
f 1643//1615 1552//1520 1607//1578
f 1616//1587 1306//1264 1296//1257
f 1646//1638 1553//1521 1608//1579
f 1674//1643 1631//1602 1582//1551
f 1673//1644 1659//1628 1670//1640
f 1675//1645 1609//1580 1658//1627
f 1667//1636 1654//1618 1583//1553
f 1655//1624 1585//1555 1614//1584
f 1649//1619 1565//1535 1640//1609
f 1665//1634 1676//1646 1668//1637
f 1677//1647 1619//1590 1569//1539
f 1680//1648 1586//1556 1662//1631
f 1331//1292 1671//1642 1334//1294
f 1678//1649 1650//1611 1612//1582
f 1679//1650 1577//1547 1635//1599
f 1680//1648 1621//1591 1586//1556
f 1681//1651 1588//1558 1638//1600
f 1681//1651 1635//1599 1588//1558
f 1682//1641 1561//1531 1613//1583
f 1664//1633 1623//1594 1527//1495
f 1673//1644 1669//1639 1659//1628
f 1645//1614 1639//1608 1568//1538
f 1670//1640 1632//1603 1671//1642
f 1683//1309 1575//1543 1615//1585
f 1666//1635 1590//1560 1631//1602
f 1684//1652 1548//1517 1643//1615
f 1671//1642 1331//1292 1329//983
f 1646//1638 1656//1625 1529//1499
f 1688//1653 1665//1634 1657//1626
f 1688//1653 1657//1626 1669//1639
f 1689//1654 1670//1640 1671//1642
f 1691//1655 1610//1596 1617//1588
f 1690//1656 1673//1644 1670//1640
f 1688//1653 1676//1646 1665//1634
f 1350//1657 1612//1582 1682//1641
f 1692//1658 1669//1639 1673//1644
f 1693//1659 1613//1583 1576//1546
f 1694//1660 1688//1653 1669//1639
f 1630//1601 1578//1548 1653//1622
f 1689//1654 1671//1642 1329//983
f 1689//1654 1329//983 1326//1288
f 1679//1650 1652//1621 1577//1547
f 1320//1282 1695//1661 1001//997
f 1685//1328 1606//1577 1626//1586
f 1638//1600 1335//1295 1328//1290
f 1702//1321 1608//1579 1600//1571
f 1701//1662 1641//1610 1610//1596
f 1692//1658 1673//1644 1690//1656
f 1702//1321 1600//1571 1660//1629
f 1674//1643 1582//1551 1654//1618
f 1694//1660 1669//1639 1692//1658
f 1703//1337 1611//1581 1603//1573
f 1704//1663 1700//1664 1697//1665
f 1686//1666 1655//1624 1614//1584
f 1689//1654 1690//1656 1670//1640
f 1704//1663 1697//1665 1696//1667
f 1705//1668 1592//1562 1628//1598
f 1694//1660 1706//1669 1688//1653
f 1707//1670 1642//1612 1652//1621
f 1594//1565 1575//1543 1683//1309
f 1708//1671 3786//1672 1699//1673
f 1684//1652 1615//1585 1548//1517
f 1710//1674 1576//1546 1562//1532
f 1422//1315 1622//1593 1630//1601
f 1368//1407 1643//1615 1607//1578
f 1704//1663 1699//1673 1700//1664
f 1687//1675 1646//1638 1608//1579
f 1711//1676 1694//1660 1692//1658
f 1712//1677 1591//1561 1655//1624
f 1672//1368 1606//1577 1685//1328
f 1712//1677 1667//1636 1591//1561
f 1713//1678 1690//1656 1689//1654
f 1686//1666 1614//1584 1642//1612
f 1714//1679 1692//1658 1690//1656
f 1715//1680 1652//1621 1679//1650
f 1711//1676 1716//1681 1706//1669
f 1711//1676 1706//1669 1694//1660
f 1718//1336 1651//1620 1611//1581
f 1711//1676 1692//1658 1714//1679
f 1713//1678 1689//1654 1326//1288
f 1713//1678 1326//1288 992//987
f 1436//1372 1599//1570 1634//1604
f 1708//1671 3788//1682 3786//1672
f 1704//1663 1696//1667 1720//1683
f 1714//1679 1690//1656 1713//1678
f 1721//1684 1722//1685 3783//1686
f 1691//1655 1617//1588 1666//1635
f 1443//1384 1677//1647 1569//1539
f 1443//1384 1569//1539 1650//1611
f 1678//1649 1612//1582 1350//1657
f 1724//1687 1654//1618 1667//1636
f 1725//1688 1711//1676 1714//1679
f 1708//1671 1699//1673 1704//1663
f 1725//1688 1716//1681 1711//1676
f 1693//1659 1682//1641 1613//1583
f 1322//996 1714//1679 1713//1678
f 1322//996 1713//1678 992//987
f 1646//1638 1727//1689 1656//1625
f 1720//1683 1726//1690 1721//1684
f 1687//1675 1608//1579 1702//1321
f 1660//1629 1564//1534 1649//1619
f 1695//1661 1725//1688 1714//1679
f 1728//1691 3788//1682 1708//1671
f 1695//1661 1322//996 1001//997
f 1729//1692 1640//1609 1651//1620
f 1695//1661 1714//1679 1322//996
f 1701//1662 1610//1596 1691//1655
f 1730//1693 1674//1643 1654//1618
f 1661//1630 1621//1591 1680//1648
f 1696//1667 1726//1690 1720//1683
f 1730//1693 1654//1618 1724//1687
f 1634//1604 1332//1266 1323//1285
f 1705//1668 1658//1627 1592//1562
f 1731//1694 3783//1686 1717//1695
f 1707//1670 1652//1621 1715//1680
f 1419//1352 1643//1615 1368//1407
f 1719//1696 1681//1651 1638//1600
f 1709//1697 1641//1610 1701//1662
f 1693//1659 1576//1546 1710//1674
f 1709//1697 1645//1614 1641//1610
f 1698//1698 1646//1638 1687//1675
f 1422//1315 1663//1632 1622//1593
f 1733//1699 1631//1602 1674//1643
f 1370//1400 1630//1601 1653//1622
f 1728//1691 1723//1700 3788//1682
f 1735//1701 1708//1671 1704//1663
f 1736//1702 1686//1666 1642//1612
f 1736//1702 1642//1612 1707//1670
f 1703//1337 1603//1573 1661//1630
f 1436//1372 1633//1623 1599//1570
f 1737//1703 1623//1594 1664//1633
f 1738//1704 1635//1599 1681//1651
f 1719//1696 1638//1600 1328//1290
f 1404//1409 1634//1604 1323//1285
f 1726//1690 1722//1685 1721//1684
f 1739//1705 1732//1706 1723//1700
f 1740//1707 1691//1655 1666//1635
f 1724//1687 1667//1636 1712//1677
f 1696//1708 1722//1708 1726//1708
f 1710//1674 1562//1532 1663//1632
f 1731//1694 1717//1695 1734//1709
f 1741//1710 1723//1700 1728//1691
f 1718//1336 1611//1581 1703//1337
f 1733//1699 1666//1635 1631//1602
f 1742//1711 1721//1684 3783//1686
f 1742//1711 3783//1686 1731//1694
f 1419//1352 1684//1652 1643//1615
f 1739//1705 3792//1712 1732//1706
f 1738//1704 1679//1650 1635//1599
f 1744//1458 1628//1598 1619//1590
f 1744//1458 1619//1590 1677//1647
f 1368//1407 1607//1578 1616//1587
f 1698//1698 1727//1689 1646//1638
f 1381//1325 1660//1629 1649//1619
f 1733//1699 1674//1643 1730//1693
f 1746//1713 1712//1677 1655//1624
f 1746//1713 1655//1624 1686//1666
f 1739//1705 1723//1700 1741//1710
f 1375//1367 1589//1559 1672//1368
f 1375//1367 1653//1622 1589//1559
f 1728//1691 1708//1671 1735//1701
f 1405//1341 1664//1633 1594//1565
f 1749//1330 1715//1680 1679//1650
f 1405//1341 1594//1565 1683//1309
f 1412//1345 1615//1585 1684//1652
f 1745//1714 1701//1662 1691//1655
f 1391//1371 1633//1623 1436//1372
f 1733//1699 1740//1707 1666//1635
f 1420//1386 1616//1587 1296//1257
f 1743//1356 1731//1694 1734//1709
f 1446//1388 1698//1698 1687//1675
f 1473//1434 1475//1436 1675//1645
f 1473//1434 1675//1645 1658//1627
f 1427//1364 3792//1712 1739//1705
f 1377//1322 1702//1321 1660//1629
f 1427//1364 1750//1715 3792//1712
f 1426//1359 1640//1609 1729//1692
f 1426//1359 1649//1619 1640//1609
f 1415//1348 1650//1611 1678//1649
f 1359//1312 1720//1683 1721//1684
f 1749//1330 1679//1650 1738//1704
f 1743//1356 1734//1709 1747//1716
f 1357//1346 1684//1652 1419//1352
f 1383//1326 1685//1328 1626//1586
f 1352//1398 1704//1663 1720//1683
f 1352//1398 1735//1701 1704//1663
f 1373//1355 1731//1694 1743//1356
f 1745//1714 1709//1697 1701//1662
f 1744//1458 1705//1668 1628//1598
f 1751//1717 1733//1699 1730//1693
f 1402//1419 1662//1631 1623//1594
f 1402//1419 1623//1594 1737//1703
f 1417//1390 1682//1641 1693//1659
f 1401//1415 1728//1691 1735//1701
f 1412//1345 1683//1309 1615//1585
f 1752//1333 1738//1704 1681//1651
f 1397//1718 1745//1714 1691//1655
f 1368//1407 1616//1587 1420//1386
f 1698//1698 1753//1719 1727//1689
f 1381//1325 1649//1619 1426//1359
f 1365//1318 1712//1677 1746//1713
f 1387//1393 1651//1620 1718//1336
f 1391//1371 1626//1586 1633//1623
f 1387//1393 1729//1692 1651//1620
f 1393//1334 1681//1651 1719//1696
f 1415//1348 1443//1384 1650//1611
f 1373//1355 1742//1711 1731//1694
f 1353//1391 1693//1659 1710//1674
f 1412//1345 1684//1652 1357//1346
f 1374//1378 1747//1716 1748//1720
f 1374//1378 1743//1356 1747//1716
f 1411//1344 1736//1702 1707//1670
f 1420//1386 1296//1257 1294//1256
f 1377//1322 1660//1629 1381//1325
f 1719//1696 1328//1290 1324//1284
f 1360//1313 1721//1684 1742//1711
f 1431//1440 1703//1337 1661//1630
f 1402//1419 1680//1648 1662//1631
f 1365//1318 1724//1687 1712//1677
f 1371//1343 1686//1666 1736//1702
f 1434//1340 1737//1703 1664//1633
f 1371//1343 1746//1713 1686//1666
f 1434//1340 1664//1633 1405//1341
f 1408//1412 1705//1668 1744//1458
f 1413//1383 1677//1647 1443//1384
f 1401//1415 1735//1701 1352//1398
f 1393//1334 1752//1333 1681//1651
f 1362//1314 1710//1674 1663//1632
f 1397//1718 1691//1655 1740//1707
f 1403//1339 1730//1693 1724//1687
f 1370//1400 1653//1622 1375//1367
f 1672//1368 1685//1328 1384//1327
f 1379//1404 1715//1680 1749//1330
f 1383//1326 1626//1586 1391//1371
f 1399//1441 1661//1630 1680//1648
f 1379//1404 1707//1670 1715//1680
f 1388//1331 1738//1704 1752//1333
f 1388//1331 1749//1330 1738//1704
f 1300//1260 1404//1409 1323//1285
f 1300//1260 1323//1285 1302//1258
f 1439//1411 1658//1627 1705//1668
f 1360//1313 1359//1312 1721//1684
f 1403//1339 1724//1687 1365//1318
f 1446//1388 1753//1719 1698//1698
f 1416//1349 1678//1649 1350//1657
f 1417//1390 1693//1659 1353//1391
f 1362//1314 1663//1632 1422//1315
f 1389//1427 1750//1715 1427//1364
f 1369//1357 1422//1315 1630//1601
f 1400//1448 1739//1705 1741//1710
f 1369//1357 1630//1601 1370//1400
f 1397//1718 1755//1721 1745//1714
f 1355//1375 1740//1707 1733//1699
f 1451//1444 1680//1648 1402//1419
f 1352//1398 1720//1683 1359//1312
f 1361//1338 1751//1717 1730//1693
f 1361//1338 1730//1693 1403//1339
f 1371//1343 1736//1702 1411//1344
f 1406//1308 1405//1341 1683//1309
f 1421//1380 1748//1720 1756//1722
f 1436//1372 1634//1604 1404//1409
f 1367//1353 1419//1352 1368//1407
f 1744//1458 1677//1647 1413//1383
f 1420//1386 1294//1256 1344//1307
f 1395//1395 1397//1718 1740//1707
f 1376//1320 1446//1388 1687//1675
f 1355//1375 1733//1699 1751//1717
f 1376//1320 1687//1675 1702//1321
f 1382//1324 1377//1322 1381//1325
f 1349//1424 1350//1657 1682//1641
f 1432//1416 1741//1710 1728//1691
f 1366//1319 1746//1713 1371//1343
f 1349//1424 1682//1641 1417//1390
f 1351//1397 1401//1415 1352//1398
f 1387//1393 1426//1359 1729//1692
f 1366//1319 1365//1318 1746//1713
f 1353//1391 1710//1674 1362//1314
f 1431//1440 1661//1630 1399//1441
f 1372//1401 1742//1711 1373//1355
f 1393//1334 1719//1696 1324//1284
f 1354//1374 1740//1707 1355//1375
f 1389//1427 1754//1723 1750//1715
f 1356//1310 1683//1309 1412//1345
f 1364//1317 1403//1339 1365//1318
f 1432//1416 1728//1691 1401//1415
f 1378//1350 1707//1670 1379//1404
f 1378//1350 1411//1344 1707//1670
f 1439//1411 1473//1434 1658//1627
f 1380//1323 1381//1325 1426//1359
f 1408//1412 1744//1458 1441//1455
f 1397//1718 1395//1395 1755//1721
f 1416//1349 1415//1348 1678//1649
f 1394//1335 1703//1337 1431//1440
f 1374//1378 1748//1720 1421//1380
f 1399//1441 1680//1648 1451//1444
f 1402//1419 1737//1703 1434//1340
f 1396//1363 1389//1427 1427//1364
f 1400//1448 1741//1710 1432//1416
f 1407//1369 1352//1398 1359//1312
f 1360//1313 1742//1711 1372//1401
f 1354//1374 1395//1395 1740//1707
f 1446//1388 1445//1387 1753//1719
f 1398//1376 1355//1375 1751//1717
f 1398//1376 1751//1717 1361//1338
f 1409//1417 1366//1319 1371//1343
f 1429//1396 1387//1393 1718//1336
f 1421//1380 1756//1722 1386//1381
f 1423//1360 1754//1723 1389//1427
f 1439//1411 1705//1668 1408//1412
f 1423//1360 1424//1362 1754//1723
f 1385//1329 1379//1404 1749//1330
f 1428//1365 1739//1705 1400//1448
f 1428//1365 1427//1364 1739//1705
f 1349//1424 1416//1349 1350//1657
f 1393//1334 1324//1284 1318//1283
f 1757//1724 1758//1725 1759//1726
f 1763//1727 1821//1728 1764//1729
f 1770//1730 1771//1731 2121//1732
f 1773//1733 1774//1734 1775//1735
f 1777//1736 1778//1737 1779//1738
f 1783//1739 1785//1740 1784//1741
f 1781//1742 2135//1743 1782//1744
f 1786//1745 1787//1746 1526//1494
f 1788//1747 1789//1748 1790//1749
f 1831//1750 1829//1751 2158//1752
f 1794//1753 1795//1754 2131//1755
f 1796//1756 1797//1757 1798//1758
f 1514//1483 1843//1759 1486//1451
f 1808//1760 1809//1761 2147//1762
f 1805//1763 2116//1764 1810//1765
f 1808//1760 2147//1762 1811//1766
f 1816//1767 1817//1768 1761//1769
f 1818//1770 1766//1771 1819//1772
f 1820//1773 1760//1774 1821//1728
f 1822//1775 1765//1776 1823//1777
f 1827//1778 1526//1494 1593//1564
f 1830//1779 1772//1780 2134//1781
f 1832//1782 1780//1783 2135//1743
f 1834//1784 1775//1735 2066//1785
f 1834//1784 2066//1785 1785//1740
f 1835//1786 1798//1758 1803//1787
f 1783//1739 2099//1788 1792//1789
f 1838//1790 1791//1791 1839//1792
f 1838//1790 1839//1792 1799//1793
f 1840//1794 1793//1795 1795//1754
f 1841//1796 1801//1797 1842//1798
f 1846//1799 2092//1800 1805//1763
f 1757//1724 1813//1801 1758//1725
f 1825//1802 1787//1746 1786//1745
f 1847//1803 1807//1804 1815//1805
f 1849//1806 1814//1807 1850//1808
f 1855//1809 1759//1726 1765//1776
f 1320//1282 1768//1810 1695//1661
f 1857//1811 2124//1812 1772//1780
f 1824//1813 1769//1814 1833//1815
f 1777//1736 1833//1815 1778//1737
f 1788//1747 1782//1744 1789//1748
f 1852//1816 1776//1817 2159//1818
f 1852//1816 2159//1818 1825//1802
f 1853//1819 1836//1820 1793//1795
f 1786//1745 1526//1494 1827//1778
f 1841//1796 2145//1821 1802//1822
f 1854//1823 1844//1824 1648//1617
f 1796//1756 1798//1758 1835//1786
f 1855//1809 1765//1776 1822//1775
f 1856//1825 2141//1826 1851//1827
f 1856//1825 1848//1828 2141//1826
f 1857//1811 1772//1780 1830//1779
f 1858//1829 1760//1774 1820//1773
f 1761//1769 1762//1830 1824//1813
f 1827//1778 1593//1564 1639//1608
f 1859//1831 1828//1832 1829//1751
f 1831//1750 1797//1757 1796//1756
f 1773//1733 1775//1735 1834//1784
f 1860//1833 2131//1755 1843//1759
f 1861//1834 1799//1793 1800//1835
f 1861//1834 1800//1835 1844//1824
f 1860//1833 1794//1753 2131//1755
f 1822//1775 1823//1777 1767//1836
f 1862//1837 1818//1770 1776//1817
f 1863//1838 2092//1800 1846//1799
f 1768//1810 1320//1282 3975//1839
f 1862//1837 1776//1817 1852//1816
f 1847//1803 1806//1840 1807//1804
f 1874//1841 1805//1763 1810//1765
f 1865//1842 2124//1812 1857//1811
f 1865//1842 1826//1843 2124//1812
f 1832//1782 2135//1743 1781//1742
f 1866//1844 1829//1751 1831//1750
f 1867//1845 1763//1727 1771//1731
f 1869//1846 1766//1771 1818//1770
f 1870//1847 1811//1766 1813//1801
f 1853//1819 1779//1738 1836//1820
f 1840//1794 1795//1754 1794//1753
f 1871//1848 1783//1739 1792//1789
f 1873//1849 1830//1779 1780//1783
f 1873//1849 1780//1783 1832//1782
f 1874//1841 1810//1765 1812//1850
f 1847//1803 1815//1805 1814//1807
f 1880//1851 1803//1787 1766//1771
f 1851//1827 1760//1774 1858//1829
f 1881//1852 1841//1796 1802//1822
f 1820//1773 1821//1728 1763//1727
f 1875//1853 1757//1724 1759//1726
f 1876//1854 1777//1736 1779//1738
f 1859//1831 1829//1751 1866//1844
f 1878//1855 1831//1750 1796//1756
f 1877//1856 1785//1740 1783//1739
f 1853//1819 1793//1795 1840//1794
f 1879//1857 1792//1789 1791//1791
f 1868//1858 1835//1786 1803//1787
f 1854//1823 1648//1617 1668//1637
f 1880//1851 1766//1771 1869//1846
f 1788//1747 1790//1749 1837//1859
f 1881//1852 1802//1822 1809//1761
f 1882//1860 1786//1745 1827//1778
f 1870//1847 1808//1760 1811//1766
f 1883//1861 1813//1801 1757//1724
f 1885//1862 1796//1756 1835//1786
f 1886//1863 1759//1726 1855//1809
f 1884//1864 1833//1815 1777//1736
f 1887//1865 1822//1775 1767//1836
f 1868//1858 1803//1787 1880//1851
f 1869//1846 1818//1770 1862//1837
f 1888//1866 1782//1744 1788//1747
f 1860//1833 1843//1759 1872//1867
f 1890//1868 1861//1834 1844//1824
f 1889//1869 1837//1859 1801//1797
f 1891//1870 1809//1761 1808//1760
f 1870//1847 1813//1801 1883//1861
f 1893//1871 1814//1807 1849//1806
f 1892//1872 1812//1850 1848//1828
f 1895//1873 1855//1809 1822//1775
f 1894//1874 1816//1767 1761//1769
f 1896//1875 1767//1836 1768//1810
f 1867//1845 1771//1731 1770//1730
f 1897//1876 1774//1734 1773//1733
f 1898//1877 1786//1745 1882//1860
f 1899//1878 1785//1740 1877//1856
f 1899//1878 1834//1784 1785//1740
f 1898//1877 1825//1802 1786//1745
f 1879//1857 1871//1848 1792//1789
f 1900//1879 1840//1794 1794//1753
f 1861//1834 1838//1790 1799//1793
f 1878//1855 1796//1756 1885//1862
f 1872//1867 1843//1759 1514//1483
f 1875//1853 1759//1726 1886//1863
f 1901//1880 1849//1806 1816//1767
f 3974//1881 1768//1810 3975//1839
f 1857//1811 1830//1779 1873//1849
f 1902//1882 1761//1769 1824//1813
f 1903//1883 1820//1773 1763//1727
f 1903//1883 1763//1727 1867//1845
f 1888//1866 1781//1742 1782//1744
f 1889//1869 1788//1747 1837//1859
f 1884//1864 1824//1813 1833//1815
f 1904//1884 1905//1885 1828//1832
f 1904//1884 1828//1832 1859//1831
f 1906//1886 1831//1750 1878//1855
f 1906//1886 1866//1844 1831//1750
f 1881//1852 1809//1761 1891//1870
f 1877//1856 1783//1739 1871//1848
f 1883//1861 1757//1724 1875//1853
f 1879//1857 1791//1791 1838//1790
f 1907//1887 1868//1858 1880//1851
f 1886//1863 1855//1809 1895//1873
f 1887//1865 1767//1836 1896//1875
f 1908//1888 1854//1823 1668//1637
f 1909//1889 1864//1890 1845//1891
f 1910//1892 1806//1840 1847//1803
f 1938//1893 1832//1782 1781//1742
f 1911//1894 1827//1778 1639//1608
f 1912//1895 1859//1831 1866//1844
f 1897//1876 1770//1730 1774//1734
f 1896//1875 1768//1810 3974//1881
f 1890//1868 1844//1824 1854//1823
f 1914//1896 1873//1849 1832//1782
f 1915//1897 1639//1608 1645//1614
f 1915//1897 1645//1614 1709//1697
f 1846//1799 1916//1898 1863//1838
f 1917//1899 1788//1747 1889//1869
f 1892//1872 1848//1828 1856//1825
f 1918//1900 1801//1797 1841//1796
f 1919//1901 1851//1827 1858//1829
f 1893//1871 1849//1806 1901//1880
f 1920//1902 1808//1760 1870//1847
f 1894//1874 1761//1769 1902//1882
f 1921//1903 1824//1813 1884//1864
f 1922//1904 1852//1816 1825//1802
f 1922//1904 1825//1802 1898//1877
f 1923//1905 1832//1782 1938//1893
f 1911//1894 1882//1860 1827//1778
f 1904//1884 1859//1831 1912//1895
f 1900//1879 1794//1753 1860//1833
f 1924//1906 1841//1796 1881//1852
f 1846//1799 1805//1763 1874//1841
f 1885//1862 1835//1786 1868//1858
f 1910//1892 1845//1891 1806//1840
f 1925//1907 1870//1847 1883//1861
f 1926//1908 1874//1841 1812//1850
f 1893//1871 1847//1803 1814//1807
f 1913//1909 1928//1910 1929//1911
f 1913//1909 1865//1842 1857//1811
f 1913//1909 1929//1911 1865//1842
f 1930//1912 1770//1730 1897//1876
f 1911//1894 1639//1608 1915//1897
f 1931//1913 1773//1733 1834//1784
f 1917//1899 1888//1866 1788//1747
f 1932//1914 1876//1854 1779//1738
f 1932//1914 1779//1738 1853//1819
f 1918//1900 1889//1869 1801//1797
f 1920//1902 1891//1870 1808//1760
f 1933//1915 1880//1851 1869//1846
f 1908//1888 1668//1637 1676//1646
f 1934//1916 1514//1483 1540//1508
f 1922//1904 1862//1837 1852//1816
f 1936//1917 1895//1873 1822//1775
f 1936//1917 1822//1775 1887//1865
f 1913//1909 1857//1811 1873//1849
f 1937//1918 1910//1892 1847//1803
f 1914//1896 1832//1782 1923//1905
f 1919//1901 1856//1825 1851//1827
f 1938//1893 1781//1742 1888//1866
f 1904//1884 1939//1919 1905//1885
f 1924//1906 1918//1900 1841//1796
f 1940//1920 1884//1864 1777//1736
f 1940//1920 1777//1736 1876//1854
f 1925//1907 1920//1902 1870//1847
f 1942//1921 1883//1861 1875//1853
f 1927//1922 1869//1846 1862//1837
f 1943//1923 1890//1868 1854//1823
f 1943//1923 1854//1823 1908//1888
f 1944//1924 1885//1862 1868//1858
f 1930//1912 1867//1845 1770//1730
f 1933//1915 1907//1887 1880//1851
f 1931//1913 1897//1876 1773//1733
f 1927//1922 1862//1837 1922//1904
f 1946//1925 1873//1849 1914//1896
f 1947//1926 1861//1834 1890//1868
f 1961//1927 1853//1819 1840//1794
f 1948//1928 1900//1879 1860//1833
f 1949//1929 1846//1799 1874//1841
f 1950//1930 1912//1895 1866//1844
f 1950//1930 1866//1844 1906//1886
f 1926//1908 1812//1850 1892//1872
f 1934//1916 1872//1867 1514//1483
f 1952//1931 1878//1855 1885//1862
f 1953//1932 1858//1829 1820//1773
f 1955//1933 1901//1880 1816//1767
f 1956//1934 1868//1858 1907//1887
f 1954//1935 1875//1853 1886//1863
f 1933//1915 1869//1846 1927//1922
f 1955//1933 1816//1767 1894//1874
f 1902//1882 1824//1813 1921//1903
f 1899//1878 1931//1913 1834//1784
f 1917//1899 1889//1869 1918//1900
f 1957//1936 1882//1860 1911//1894
f 1932//1914 1853//1819 1941//1937
f 1958//1938 1838//1790 1861//1834
f 1959//1939 1709//1697 1745//1714
f 1959//1939 1915//1897 1709//1697
f 1958//1938 1879//1857 1838//1790
f 1960//1940 1881//1852 1891//1870
f 1961//1927 1840//1794 1900//1879
f 1962//1941 1860//1833 1872//1867
f 1963//1942 1886//1863 1895//1873
f 1945//1943 1887//1865 1896//1875
f 1945//1943 1896//1875 3974//1881
f 1965//1944 1845//1891 1910//1892
f 1965//1944 1909//1889 1845//1891
f 1966//1945 1893//1871 1901//1880
f 1967//1946 1898//1877 1882//1860
f 1951//1947 1924//1906 1881//1852
f 1967//1946 1922//1904 1898//1877
f 1968//1948 1897//1876 1931//1913
f 1969//1949 1899//1878 1877//1856
f 1925//1907 1883//1861 1942//1921
f 1970//1950 1871//1848 1879//1857
f 1941//1937 1853//1819 1961//1927
f 1913//1909 1971//1951 1928//1910
f 1944//1924 1868//1858 1956//1934
f 1972//1952 1927//1922 1922//1904
f 1974//1953 1540//1508 1570//1540
f 1973//1954 1892//1872 1856//1825
f 1975//1955 1918//1900 1924//1906
f 1960//1940 1951//1947 1881//1852
f 1953//1932 1919//1901 1858//1829
f 1976//1956 1847//1803 1893//1871
f 1963//1942 1954//1935 1886//1863
f 1977//1957 1887//1865 1945//1943
f 1977//1957 1936//1917 1887//1865
f 1986//1958 1877//1856 1871//1848
f 1978//1959 1914//1896 1923//1905
f 1940//1920 1921//1903 1884//1864
f 1979//1960 1908//1888 1676//1646
f 1980//1961 1933//1915 1927//1922
f 1949//1929 1874//1841 1964//1962
f 1948//1928 1860//1833 1962//1941
f 1981//1963 1856//1825 1919//1901
f 1942//1921 1875//1853 1954//1935
f 1957//1936 1911//1894 1915//1897
f 1963//1942 1895//1873 1936//1917
f 1982//1964 1953//1932 1820//1773
f 1982//1964 1820//1773 1903//1883
f 1935//1965 1909//1889 1965//1944
f 1983//1966 1903//1883 1867//1845
f 1984//1967 1878//1855 1952//1931
f 1984//1967 1906//1886 1878//1855
f 1985//1968 1888//1866 1917//1899
f 1968//1948 1930//1912 1897//1876
f 1987//1969 1891//1870 1920//1902
f 1986//1958 1871//1848 1970//1950
f 1988//1970 1861//1834 1947//1926
f 1988//1970 1958//1938 1861//1834
f 1989//1971 1925//1907 1942//1921
f 1980//1961 1927//1922 1972//1952
f 1990//1972 1474//1435 1473//1434
f 1967//1946 1882//1860 1957//1936
f 2001//1973 1971//1951 1913//1909
f 1946//1925 1914//1896 1978//1959
f 1990//1972 1992//1974 1474//1435
f 1993//1975 1961//1927 1900//1879
f 1990//1972 1473//1434 1439//1411
f 1964//1962 1874//1841 1926//1908
f 1994//1976 1915//1897 1959//1939
f 1995//1977 1938//1893 1888//1866
f 1997//1978 1990//1972 1439//1411
f 1974//1953 1934//1916 1540//1508
f 1975//1955 1924//1906 1951//1947
f 1998//1979 1992//1974 1990//1972
f 1999//1980 1920//1902 1925//1907
f 1976//1956 1937//1918 1847//1803
f 1998//1979 1996//1981 1992//1974
f 1480//1478 1997//1978 1439//1411
f 2000//1982 1894//1874 1902//1882
f 1969//1949 1877//1856 1986//1958
f 2001//1973 1873//1849 1946//1925
f 2001//1973 1913//1909 1873//1849
f 1998//1979 1990//1972 1997//1978
f 1972//1952 1922//1904 1967//1946
f 2002//1983 1996//1981 1998//1979
f 2003//1984 1940//1920 1876//1854
f 2004//1985 1918//1900 1975//1955
f 2004//1985 1917//1899 1918//1900
f 1979//1960 1943//1923 1908//1888
f 2003//1984 1876//1854 1932//1914
f 1987//1969 1960//1940 1891//1870
f 1984//1967 1950//1930 1906//1886
f 2005//1986 1998//1979 1997//1978
f 1952//1931 1885//1862 1944//1924
f 1973//1954 1856//1825 1981//1963
f 2006//1987 1872//1867 1934//1916
f 2007//1988 1997//1978 1480//1478
f 1995//1977 1923//1905 1938//1893
f 1956//1934 1907//1887 1933//1915
f 2008//1989 1974//1953 1570//1540
f 2010//1990 2002//1983 1998//1979
f 2009//1991 1910//1892 1937//1918
f 2010//1990 2011//1992 2002//1983
f 2012//1993 1931//1913 1899//1878
f 2013//1994 1976//1956 1893//1871
f 2005//1986 1997//1978 2007//1988
f 1994//1976 1957//1936 1915//1897
f 1987//1969 1920//1902 1999//1980
f 2014//1995 1947//1926 1890//1868
f 2014//1995 1890//1868 1943//1923
f 1755//1721 1959//1939 1745//1714
f 2015//1996 1904//1884 1912//1895
f 2015//1996 1912//1895 1950//1930
f 2001//1973 2034//1997 1971//1951
f 2016//1998 1926//1908 1892//1872
f 1995//1977 1888//1866 1985//1968
f 1981//1963 1919//1901 1953//1932
f 2018//1999 1998//1979 2005//1986
f 1538//1506 2007//1988 1480//1478
f 2010//1990 2019//2000 2011//1992
f 1999//1980 1925//1907 1989//1971
f 1983//1966 1867//1845 1930//1912
f 1965//1944 2020//2001 1935//1965
f 2021//2002 1942//1921 1954//1935
f 2018//1999 2010//1990 1998//1979
f 1978//1959 1923//1905 1995//1977
f 2022//2003 1939//1919 1904//1884
f 2000//1982 1955//1933 1894//1874
f 2023//2004 1951//1947 1960//1940
f 2024//2005 1676//1646 1688//1653
f 1949//1929 1991//2006 1916//1898
f 1949//1929 1916//1898 1846//1799
f 2025//2007 1963//1942 1936//1917
f 2025//2007 1936//1917 1977//1957
f 1993//1975 1900//1879 1948//1928
f 2006//1987 1962//1941 1872//1867
f 2027//2008 1917//1899 2004//1985
f 2027//2008 1985//1968 1917//1899
f 2028//2009 2005//1986 2007//1988
f 2028//2009 2018//1999 2005//1986
f 2009//1991 1965//1944 1910//1892
f 1968//1948 1931//1913 2012//1993
f 2029//2010 1959//1939 1755//1721
f 2030//2011 1969//1949 1986//1958
f 1989//1971 1942//1921 2021//2002
f 2031//2012 1538//1506 1597//1568
f 2033//2013 1954//1935 1963//1942
f 1958//1938 1970//1950 1879//1857
f 2032//2014 1952//1931 1944//1924
f 1955//1933 1966//1945 1901//1880
f 2017//2015 1956//1934 1933//1915
f 2046//2016 1921//1903 1940//1920
f 2035//2017 2019//2000 2010//1990
f 2023//2004 1975//1955 1951//1947
f 2036//2018 1960//1940 1987//1969
f 2031//2012 2007//1988 1538//1506
f 2006//1987 1934//1916 1974//1953
f 2037//2019 1930//1912 1968//1948
f 2012//1993 1899//1878 1969//1949
f 2008//1989 1570//1540 1581//1552
f 2038//2020 1986//1958 1970//1950
f 2039//2021 2018//1999 2028//2009
f 2039//2021 2010//1990 2018//1999
f 2009//1991 1937//1918 1976//1956
f 2040//2022 2007//1988 2031//2012
f 2041//2023 1944//1924 1956//1934
f 2013//1994 1893//1871 1966//1945
f 2017//2015 1933//1915 1980//1961
f 2043//2024 1987//1969 1999//1980
f 2042//2025 2014//1995 1943//1923
f 2044//2026 1902//1882 1921//1903
f 2045//2027 1946//1925 1978//1959
f 2047//2028 1967//1946 1957//1936
f 2016//1998 1892//1872 1973//1954
f 2048//2029 1995//1977 1985//1968
f 2047//2028 1957//1936 1994//1976
f 2049//2030 1982//1964 1903//1883
f 2050//2031 1975//1955 2023//2004
f 2049//2030 1903//1883 2026//2032
f 2029//2010 1994//1976 1959//1939
f 2040//2022 2028//2009 2007//1988
f 2051//2033 1904//1884 2015//1996
f 2051//2033 2022//2003 1904//1884
f 2052//2034 1983//1966 1930//1912
f 2053//2035 1597//1568 1656//1625
f 2053//2035 2031//2012 1597//1568
f 2054//2036 1950//1930 1984//1967
f 2033//2013 1963//1942 2025//2007
f 2035//2017 2055//2037 2019//2000
f 2033//2013 2025//2007 2056//2038
f 2057//2039 2034//1997 2001//1973
f 2014//1995 1988//1970 1947//1926
f 2035//2017 2010//1990 2039//2021
f 2024//2005 1688//1653 1706//1669
f 2036//2018 1987//1969 2043//2024
f 2059//2040 2028//2009 2040//2022
f 2062//2041 1999//1980 1989//1971
f 2063//2042 1964//1962 1926//1908
f 2064//2043 2021//2002 1954//1935
f 2063//2042 1926//1908 2016//1998
f 2060//2044 1921//1903 2046//2016
f 2064//2043 1954//1935 2033//2013
f 2045//2027 2001//1973 1946//1925
f 2065//2045 1953//1932 1982//1964
f 2048//2029 1978//1959 1995//1977
f 2026//2032 1903//1883 1983//1966
f 2066//1785 1993//1975 1948//1928
f 2036//2018 2023//2004 1960//1940
f 2043//2024 1999//1980 2062//2041
f 2032//2014 1944//1924 2041//2023
f 2067//2046 2039//2021 2028//2009
f 2030//2011 1986//1958 2038//2020
f 2067//2046 2028//2009 2059//2040
f 2068//2047 1980//1961 1972//1952
f 2069//2048 2035//2017 2039//2021
f 2044//2026 2000//1982 1902//1882
f 2084//2049 1949//1929 1964//1962
f 2070//2050 1755//1721 1395//1395
f 2057//2039 2001//1973 2045//2027
f 2071//2051 2022//2003 2051//2033
f 2072//2052 2015//1996 1950//1930
f 2073//2053 2055//2037 2035//2017
f 2003//1984 1932//1914 1941//1937
f 2072//2052 1950//1930 2054//2036
f 2075//2054 1961//1927 1993//1975
f 2074//2055 1984//1967 1952//1931
f 2076//2056 2023//2004 2036//2018
f 2077//2057 1948//1928 1962//1941
f 2078//2058 2012//1993 1969//1949
f 2079//2059 1656//1625 1727//1689
f 2080//2060 2006//1987 1974//1953
f 2079//2059 2053//2035 1656//1625
f 2017//2015 1980//1961 2058//2061
f 2081//2062 2008//1989 1581//1552
f 2042//2025 1943//1923 1979//1960
f 2082//2063 2027//2008 2004//1985
f 2083//2064 1967//1946 2061//2065
f 2083//2064 1972//1952 1967//1946
f 2084//2049 1964//1962 2063//2042
f 2065//2045 1981//1963 1953//1932
f 2085//2066 1989//1971 2021//2002
f 2069//2048 2039//2021 2067//2046
f 2044//2026 1921//1903 2060//2044
f 2086//2067 2059//2040 2040//2022
f 2052//2034 1930//1912 2037//2019
f 2046//2016 1940//1920 2003//1984
f 2050//2031 2023//2004 2076//2056
f 2087//2068 1956//1934 2017//2015
f 2088//2069 1970//1950 1958//1938
f 2058//2061 1980//1961 2068//2047
f 1784//1741 1962//1941 2006//1987
f 2089//2070 2057//2039 2045//2027
f 2098//2071 2040//2022 2031//2012
f 2098//2071 2031//2012 2053//2035
f 2091//2072 1978//1959 2048//2029
f 2061//2065 1967//1946 2047//2028
f 2090//2073 1974//1953 2008//1989
f 2082//2063 1985//1968 2027//2008
f 2092//1800 1965//1944 2009//1991
f 2093//2074 1975//1955 2050//2031
f 2093//2074 2004//1985 1975//1955
f 1949//1929 3889//2075 1991//2006
f 2095//2076 1966//1945 1955//1933
f 2085//2066 2062//2041 1989//1971
f 2070//2050 2029//2010 1755//1721
f 2096//2077 1973//1954 1981//1963
f 2097//2078 2033//2013 2056//2038
f 2097//2078 2064//2043 2033//2013
f 2065//2045 1982//1964 2049//2030
f 2098//2071 2053//2035 2079//2059
f 2075//2054 1941//1937 1961//1927
f 2068//2047 1972//1952 2083//2064
f 2086//2067 2040//2022 2098//2071
f 2085//2066 2021//2002 2064//2043
f 2077//2057 2066//1785 1948//1928
f 2091//2072 2045//2027 1978//1959
f 2100//2079 1985//1968 2082//2063
f 2099//1788 2006//1987 2080//2060
f 2100//2079 2048//2029 1985//1968
f 2101//2080 1958//1938 1988//1970
f 2073//2053 2035//2017 2069//2048
f 2102//2081 2050//2031 2076//2056
f 2103//2082 1676//1646 2024//2005
f 2103//2082 1979//1960 1676//1646
f 2115//2083 1994//1976 2029//2010
f 2051//2033 2104//2084 2071//2051
f 2105//2085 2074//2055 1952//1931
f 1753//1719 2079//2059 1727//1689
f 2105//2085 1952//1931 2032//2014
f 2087//2068 2041//2023 1956//1934
f 2073//2053 2106//2086 2055//2037
f 2107//2087 2043//2024 2062//2041
f 2121//1732 2003//1984 1941//1937
f 1842//1798 2037//2019 1968//1948
f 2108//2088 2045//2027 2091//2072
f 2108//2088 2089//2070 2045//2027
f 2078//2058 1969//1949 2030//2011
f 2082//2063 2004//1985 2093//2074
f 2088//2069 2038//2020 1970//1950
f 2075//2054 1993//1975 2066//1785
f 2077//2057 1962//1941 1784//1741
f 2109//2089 2036//2018 2043//2024
f 2110//2090 1988//1970 2014//1995
f 2112//2091 2042//2025 1979//1960
f 2085//2066 2064//2043 2097//2078
f 2113//2092 1994//1976 2094//2093
f 2085//2066 2097//2078 2114//2094
f 2113//2092 2047//2028 1994//1976
f 2080//2060 1974//1953 2090//2073
f 2115//2083 2029//2010 2070//2050
f 2081//2062 1581//1552 1604//1575
f 2092//1800 2020//2001 1965//1944
f 2051//2033 2015//1996 2072//2052
f 2096//2077 2016//1998 1973//1954
f 2116//1764 1976//1956 2013//1994
f 2116//1764 2009//1991 1976//1956
f 2095//2076 2013//1994 1966//1945
f 2074//2055 2054//2036 1984//1967
f 2117//2095 2079//2059 1753//1719
f 2118//2096 2073//2053 2069//2048
f 2091//2072 2048//2029 2100//2079
f 2119//2097 2059//2040 2086//2067
f 2120//2098 2093//2074 2050//2031
f 2120//2098 2050//2031 2102//2081
f 1842//1798 1968//1948 2012//1993
f 2109//2089 2076//2056 2036//2018
f 2119//2097 2067//2046 2059//2040
f 2107//2087 2062//2041 2111//2099
f 2101//2080 2088//2069 1958//1938
f 2121//1732 1941//1937 2075//2054
f 1758//1725 2014//1995 2042//2025
f 2122//2100 2082//2063 2093//2074
f 2094//2093 1994//1976 2115//2083
f 2123//2101 2067//2046 2119//2097
f 2109//2089 2043//2024 2107//2087
f 2099//1788 1784//1741 2006//1987
f 2123//2101 2069//2048 2067//2046
f 2111//2099 2062//2041 2085//2066
f 2124//1812 1949//1929 2084//2049
f 2090//2073 2008//1989 2081//2062
f 2125//2102 2093//2074 2120//2098
f 2117//2095 2098//2071 2079//2059
f 2085//2066 2114//2094 2132//2103
f 2126//2104 2000//1982 2044//2026
f 2026//2032 1983//1966 2052//2034
f 2127//2105 2108//2088 2091//2072
f 2110//2090 2101//2080 1988//1970
f 2125//2102 2122//2100 2093//2074
f 2128//2106 2117//2095 1753//1719
f 2129//2107 2106//2086 2073//2053
f 2129//2107 3925//2108 2106//2086
f 2130//2109 2109//2089 2107//2087
f 2123//2101 2118//2096 2069//2048
f 2131//1755 1395//1395 1449//1394
f 2131//1755 2070//2050 1395//1395
f 2132//2103 2111//2099 2085//2066
f 2143//2110 2119//2097 2086//2067
f 2134//1781 2016//1998 2096//2077
f 2100//2079 2082//2063 2122//2100
f 2135//1743 1981//1963 2065//2045
f 2136//2111 2076//2056 2109//2089
f 2137//2112 2013//1994 2095//2076
f 2138//2113 2091//2072 2100//2079
f 2140//2114 1753//1719 1445//1387
f 2141//1826 1955//1933 2000//1982
f 2142//2115 2120//2098 2102//2081
f 2111//2099 2132//2103 2133//2116
f 1764//1729 2046//2016 2003//1984
f 2143//2110 2086//2067 2098//2071
f 1758//1725 2110//2090 2014//1995
f 2102//2081 2076//2056 2136//2111
f 2130//2109 2107//2087 2111//2099
f 1823//1777 2024//2005 1706//1669
f 2139//2117 2091//2072 2138//2113
f 2139//2117 2127//2105 2091//2072
f 1775//1735 2075//2054 2066//1785
f 3889//2075 1949//1929 2124//1812
f 1772//1780 2084//2049 2063//2042
f 2136//2111 2109//2089 2130//2109
f 1850//1808 2032//2014 2041//2023
f 2111//2099 2133//2116 3938//2118
f 1762//1830 2087//2068 2017//2015
f 1762//1830 2017//2015 2058//2061
f 1800//1835 2081//2062 1604//1575
f 2144//2119 2098//2071 2117//2095
f 2128//2106 1753//1719 2140//2114
f 2145//1821 2012//1993 2078//2058
f 2145//1821 1842//1798 2012//1993
f 2129//2107 2073//2053 2118//2096
f 2146//2120 2130//2109 2111//2099
f 2146//2120 2111//2099 3938//2118
f 2147//1762 2030//2011 2038//2020
f 2113//2092 2061//2065 2047//2028
f 1821//1728 2060//2044 2046//2016
f 2148//2121 2136//2111 2130//2109
f 1758//1725 2042//2025 2112//2091
f 2138//2113 2100//2079 2149//2122
f 2142//2115 2102//2081 2136//2111
f 2150//2123 2149//2122 2100//2079
f 2150//2123 2100//2079 2122//2100
f 2150//2123 2122//2100 2151//2124
f 2125//2102 2152//2125 2153//2126
f 1807//1804 2072//2052 2054//2036
f 2125//2102 2120//2098 2142//2115
f 2134//1781 2063//2042 2016//1998
f 2136//2111 2148//2121 2154//2127
f 2151//2124 2122//2100 2153//2126
f 2142//2115 2155//2128 2152//2125
f 1817//1768 2041//2023 2087//2068
f 2135//1743 2096//2077 1981//1963
f 2148//2121 2130//2109 2146//2120
f 2153//2126 2122//2100 2125//2102
f 2154//2127 2142//2115 2136//2111
f 2156//2129 2123//2101 2119//2097
f 2154//2127 2155//2128 2142//2115
f 2143//2110 2098//2071 2144//2119
f 1839//1792 2090//2073 2081//2062
f 2152//2125 2125//2102 2142//2115
f 1790//1749 2026//2032 2052//2034
f 1805//1763 2092//1800 2009//1991
f 1865//1842 1929//1911 1826//1843
f 2095//2076 1955//1933 2141//1826
f 2147//1762 2038//2020 2088//2069
f 2126//2104 2044//2026 2060//2044
f 2157//2130 2118//2096 2123//2101
f 1823//1777 2103//2082 2024//2005
f 1806//1840 2051//2033 2072//2052
f 1815//1805 2054//2036 2074//2055
f 1850//1808 2105//2085 2032//2014
f 1782//1744 2049//2030 2026//2032
f 2158//1752 2129//2107 2118//2096
f 1769//1814 2058//2061 2068//2047
f 2147//1762 2078//2058 2030//2011
f 1778//1737 2061//2065 2113//2092
f 1819//1772 2117//2095 2128//2106
f 2141//1826 2000//1982 2126//2104
f 1765//1776 2112//2091 1979//1960
f 1765//1776 1979//1960 2103//2082
f 1767//1836 1706//1669 1716//1681
f 1767//1836 1823//1777 1706//1669
f 2159//1818 2140//2114 1445//1387
f 1795//1754 2115//2083 2070//2050
f 1795//1754 2070//2050 2131//1755
f 2159//1818 1445//1387 1471//1430
f 2160//2131 3925//2108 2129//2107
f 1772//1780 2063//2042 2134//1781
f 1815//1805 2074//2055 2105//2085
f 2156//2129 2119//2097 2143//2110
f 1817//1768 1850//1808 2041//2023
f 1789//1748 2026//2032 1790//1749
f 1833//1815 2068//2047 2083//2064
f 1800//1835 1604//1575 1624//1595
f 2116//1764 2013//1994 2137//2112
f 2157//2130 2123//2101 2156//2129
f 1759//1726 1758//1725 2112//2091
f 2124//1812 2084//2049 1772//1780
f 1821//1728 2046//2016 1764//1729
f 1807//1804 2054//2036 1815//1805
f 1819//1772 2144//2119 2117//2095
f 1771//1731 2003//1984 2121//1732
f 2158//1752 2118//2096 2157//2130
f 1774//1734 2075//2054 1775//1735
f 1782//1744 2065//2045 2049//2030
f 1774//1734 2121//1732 2075//2054
f 1817//1768 2087//2068 1762//1830
f 1785//1740 2077//2057 1784//1741
f 1785//1740 2066//1785 2077//2057
f 1792//1789 2099//1788 2080//2060
f 1778//1737 2083//2064 2061//2065
f 1804//2132 2143//2110 2144//2119
f 1839//1792 2081//2062 1800//1835
f 1811//1766 2088//2069 2101//2080
f 1811//1766 2147//1762 2088//2069
f 1805//1763 2009//1991 2116//1764
f 1836//1820 2113//2092 2094//2093
f 1829//1751 2160//2131 2129//2107
f 1843//1759 1449//1394 1486//1451
f 1760//1774 2126//2104 2060//2044
f 1843//1759 2131//1755 1449//1394
f 1798//1758 2156//2129 2143//2110
f 1789//1748 1782//1744 2026//2032
f 1837//1859 2052//2034 2037//2019
f 1776//1817 2128//2106 2140//2114
f 1833//1815 1769//1814 2068//2047
f 1787//1746 1471//1430 1526//1494
f 1791//1791 2080//2060 2090//2073
f 2092//1800 2161//2133 2020//2001
f 1793//1795 2094//2093 2115//2083
f 2124//1812 1826//1843 3889//2075
f 1812//1850 2137//2112 2095//2076
f 1780//1783 2096//2077 2135//1743
f 2162//2134 2104//2084 2051//2033
f 1851//1827 2141//1826 2126//2104
f 1815//1805 2105//2085 1850//1808
f 1831//1750 2158//1752 2157//2130
f 1763//1727 2003//1984 1771//1731
f 1763//1727 1764//1729 2003//1984
f 1801//1797 2037//2019 1842//1798
f 1802//1822 2145//1821 2078//2058
f 1762//1830 2058//2061 1769//1814
f 1833//1815 2083//2064 1778//1737
f 1819//1772 2128//2106 1776//1817
f 1759//1726 2112//2091 1765//1776
f 1787//1746 2159//1818 1471//1430
f 1844//1824 1800//1835 1624//1595
f 1768//1810 1716//1681 1725//1688
f 1829//1751 2129//2107 2158//1752
f 1797//1757 2157//2130 2156//2129
f 1810//1765 2116//1764 2137//2112
f 1798//1758 2143//2110 1804//2132
f 1848//1828 2095//2076 2141//1826
f 1766//1771 2144//2119 1819//1772
f 1837//1859 1790//1749 2052//2034
f 1761//1769 1817//1768 1762//1830
f 1809//1761 2078//2058 2147//1762
f 1776//1817 2140//2114 2159//1818
f 1793//1795 1836//1820 2094//2093
f 1792//1789 2080//2060 1791//1791
f 1799//1793 1839//1792 1800//1835
f 1780//1783 2134//1781 2096//2077
f 2135//1743 2065//2045 1782//1744
f 1806//1840 2072//2052 1807//1804
f 1801//1797 1837//1859 2037//2019
f 1797//1757 1831//1750 2157//2130
f 1760//1774 2060//2044 1821//1728
f 1816//1767 1850//1808 1817//1768
f 1813//1801 2101//2080 2110//2090
f 1770//1730 2121//1732 1774//1734
f 1766//1771 1804//2132 2144//2119
f 1765//1776 2103//2082 1823//1777
f 1779//1738 1778//1737 2113//2092
f 1768//1810 1767//1836 1716//1681
f 1779//1738 2113//2092 1836//1820
f 1783//1739 1784//1741 2099//1788
f 1791//1791 2090//2073 1839//1792
f 1793//1795 2115//2083 1795//1754
f 1797//1757 2156//2129 1798//1758
f 2092//1800 1863//1838 2161//2133
f 1845//1891 1864//1890 2162//2134
f 1845//1891 2162//2134 2051//2033
f 1845//1891 2051//2033 1806//1840
f 1812//1850 2095//2076 1848//1828
f 1803//1787 1798//1758 1804//2132
f 1802//1822 2078//2058 1809//1761
f 1851//1827 2126//2104 1760//1774
f 1814//1807 1815//1805 1850//1808
f 1813//1801 2110//2090 1758//1725
f 1828//1832 2160//2131 1829//1751
f 1824//1813 1762//1830 1769//1814
f 1768//1810 1725//1688 1695//1661
f 1830//1779 2134//1781 1780//1783
f 1803//1787 1804//2132 1766//1771
f 1844//1824 1624//1595 1648//1617
f 1818//1770 1819//1772 1776//1817
f 1810//1765 2137//2112 1812//1850
f 1825//1802 2159//1818 1787//1746
f 1841//1796 1842//1798 2145//1821
f 1813//1801 1811//1766 2101//2080
f 1849//1806 1850//1808 1816//1767
f 2169//2135 2168//2136 2170//2137
f 2183//2138 2177//2139 2348//2140
f 2178//2141 2179//2142 2174//2143
f 2343//2144 2181//2145 2349//2146
f 2184//2147 2182//2148 2317//2149
f 2342//2150 2192//2151 2165//2152
f 2199//2153 2192//2151 2342//2150
f 2194//2154 2195//2155 2196//2156
f 2166//2157 2197//2158 2167//2159
f 2174//2143 2179//2142 2163//2160
f 2163//2160 2164//2161 2172//2162
f 2181//2145 2201//2163 2349//2146
f 2349//2146 2201//2163 2176//2164
f 2185//2165 2202//2166 2345//2167
f 2317//2149 2203//2168 2319//2169
f 2345//2167 2202//2166 2180//2170
f 2182//2148 2203//2168 2317//2149
f 2196//2156 2195//2155 2168//2136
f 2191//2171 2204//2172 2173//2173
f 2190//2174 2204//2172 2191//2171
f 2179//2142 2164//2161 2163//2160
f 2164//2161 2206//2175 2172//2162
f 2168//2136 2195//2155 2170//2137
f 2165//2152 2192//2151 2333//2176
f 2201//2163 2207//2177 2176//2164
f 2198//2178 2329//2179 2327//2180
f 2319//2169 2203//2168 2338//2181
f 2172//2162 2206//2175 2199//2153
f 2333//2176 2209//2182 2187//2183
f 2192//2151 2209//2182 2333//2176
f 843//882 2208//2184 2183//2138
f 874//962 2208//2184 843//882
f 2197//2158 2211//2185 2167//2159
f 2167//2159 2211//2185 2171//2186
f 2203//2168 2212//2187 2338//2181
f 2329//2179 2218//2188 2221//2189
f 2206//2175 2213//2190 2199//2153
f 2338//2181 2212//2187 2194//2154
f 2204//2172 2247//2191 2173//2173
f 2173//2173 2247//2191 2186//2192
f 2208//2184 2210//2193 2183//2138
f 2207//2177 2214//2194 2176//2164
f 2176//2164 2214//2194 2189//2195
f 2180//2170 2215//2196 2200//2197
f 2202//2166 2215//2196 2180//2170
f 2187//2183 2216//2198 2188//2199
f 2209//2182 2216//2198 2187//2183
f 2213//2190 2217//2200 2199//2153
f 2199//2153 2217//2200 2192//2151
f 2198//2178 2218//2188 2329//2179
f 2212//2187 2219//2201 2194//2154
f 2177//2139 2220//2202 2185//2165
f 2194//2154 2219//2201 2195//2155
f 2247//2191 2268//2203 2186//2192
f 2214//2194 2222//2204 2189//2195
f 2189//2195 2222//2204 2184//2147
f 2183//2138 2210//2193 2177//2139
f 2171//2186 2223//2205 2193//2206
f 2211//2185 2223//2205 2171//2186
f 2188//2199 2216//2198 2181//2145
f 2219//2201 2224//2207 2195//2155
f 2192//2151 2226//2208 2209//2182
f 2217//2200 2226//2208 2192//2151
f 2210//2193 2220//2202 2177//2139
f 2186//2192 2268//2203 2205//2209
f 2195//2155 2224//2207 2170//2137
f 2215//2196 2227//2210 2200//2197
f 2200//2197 2227//2210 2175//2211
f 2216//2198 2228//2212 2181//2145
f 2220//2202 2229//2213 2185//2165
f 2185//2165 2229//2213 2202//2166
f 2184//2147 2231//2214 2182//2148
f 2222//2204 2231//2214 2184//2147
f 2268//2203 2232//2215 2205//2209
f 2181//2145 2228//2212 2201//2163
f 2230//2216 2212//2187 2203//2168
f 2226//2208 2233//2217 2209//2182
f 2209//2182 2233//2217 2216//2198
f 2182//2148 2231//2214 2203//2168
f 2201//2163 2234//2218 2207//2177
f 2228//2212 2234//2218 2201//2163
f 2193//2206 2237//2219 2198//2178
f 2223//2205 2237//2219 2193//2206
f 2236//2220 2239//2221 2212//2187
f 2235//2222 2204//2172 2190//2174
f 2212//2187 2239//2221 2219//2201
f 2221//2189 2240//2223 2314//2224
f 2227//2210 2241//2225 2175//2211
f 2175//2211 2241//2225 2166//2157
f 2239//2221 2242//2226 2219//2201
f 2234//2218 2243//2227 2207//2177
f 2207//2177 2243//2227 2214//2194
f 2216//2198 2244//2228 2228//2212
f 2233//2217 2244//2228 2216//2198
f 2205//2209 2246//2229 2225//2230
f 2232//2215 2246//2229 2205//2209
f 2219//2201 2242//2226 2224//2207
f 2202//2166 2248//2231 2215//2196
f 2229//2213 2248//2231 2202//2166
f 2242//2226 2249//2232 2224//2207
f 2314//2224 2240//2223 2235//2222
f 2218//2188 2250//2233 2221//2189
f 2214//2194 2251//2234 2222//2204
f 2243//2227 2251//2234 2214//2194
f 2228//2212 2252//2235 2234//2218
f 2166//2157 2241//2225 2197//2158
f 2244//2228 2252//2235 2228//2212
f 2246//2229 2253//2236 2225//2230
f 2198//2178 2254//2237 2218//2188
f 2237//2219 2254//2237 2198//2178
f 2231//2214 2255//2238 2230//2216
f 2240//2223 2258//2239 2235//2222
f 2230//2216 2255//2238 2236//2220
f 2222//2204 2260//2240 2231//2214
f 2251//2234 2260//2240 2222//2204
f 777//1247 2261//2241 2256//2242
f 2255//2238 2262//2243 2236//2220
f 2236//2220 2262//2243 2239//2221
f 2261//2241 2291//2244 2256//2242
f 2234//2218 2263//2245 2243//2227
f 2250//2233 2240//2223 2221//2189
f 2252//2235 2263//2245 2234//2218
f 2256//2242 2291//2244 2257//2246
f 2225//2230 2253//2236 2238//2247
f 2242//2226 2264//2248 2249//2232
f 2239//2221 2269//2249 2242//2226
f 2257//2246 2291//2244 2259//2250
f 2248//2231 2227//2210 2215//2196
f 2262//2243 2269//2249 2239//2221
f 2260//2240 2255//2238 2231//2214
f 2263//2245 2270//2251 2243//2227
f 2243//2227 2270//2251 2251//2234
f 2242//2226 2269//2249 2264//2248
f 2291//2244 2293//2252 2259//2250
f 2241//2225 2271//2253 2197//2158
f 2197//2158 2271//2253 2211//2185
f 2258//2239 2273//2254 2235//2222
f 2293//2252 2299//2255 2259//2250
f 2235//2222 2273//2254 2204//2172
f 2270//2251 2274//2256 2251//2234
f 2259//2250 2299//2255 2265//2257
f 2253//2236 2275//2258 2238//2247
f 2251//2234 2274//2256 2260//2240
f 2274//2256 2277//2259 2260//2240
f 2265//2257 2299//2255 2266//2260
f 2204//2172 2273//2254 2247//2191
f 1084//1081 2279//2261 858//870
f 2269//2249 2280//2262 2264//2248
f 2260//2240 2277//2259 2255//2238
f 2299//2255 2281//2263 2266//2260
f 2238//2247 2275//2258 2245//2264
f 2268//2203 2276//2265 2232//2215
f 2277//2259 2282//2266 2255//2238
f 2227//2210 2283//2267 2241//2225
f 2255//2238 2282//2266 2262//2243
f 2282//2266 2284//2268 2262//2243
f 2266//2260 2281//2263 2272//2269
f 2262//2243 2284//2268 2269//2249
f 2286//2270 2285//2271 2297//2272
f 2279//2261 2286//2270 858//870
f 2248//2231 2287//2273 2227//2210
f 858//870 2286//2270 2297//2272
f 2284//2268 2280//2262 2269//2249
f 2273//2254 2289//2274 2247//2191
f 2271//2253 2290//2275 2211//2185
f 2291//2244 2292//2276 2293//2252
f 2211//2185 2290//2275 2223//2205
f 2285//2271 2292//2276 2291//2244
f 2281//2263 2295//2277 2272//2269
f 2284//2268 2296//2278 2280//2262
f 2280//2262 2296//2278 2294//2279
f 777//1247 1269//1246 2261//2241
f 2276//2265 2246//2229 2232//2215
f 858//870 1269//1246 688//739
f 2275//2258 2315//2280 2245//2264
f 2291//2244 2297//2272 2285//2271
f 2237//2219 2298//2281 2254//2237
f 2272//2269 2295//2277 2278//2282
f 2283//2267 2300//2283 2241//2225
f 660//706 2302//2284 1084//1081
f 2286//2270 2318//2285 2285//2271
f 2305//2286 2302//2284 2326//2287
f 2293//2252 2306//2288 2299//2255
f 2292//2276 2306//2288 2293//2252
f 2247//2191 2289//2274 2268//2203
f 2295//2277 2308//2289 2278//2282
f 731//705 843//882 2326//2287
f 2326//2287 843//882 2183//2138
f 2245//2264 2315//2280 2267//2290
f 2250//2233 2316//2291 2312//2292
f 2287//2273 2283//2267 2227//2210
f 2306//2288 2320//2293 2299//2255
f 1084//1081 2302//2284 2279//2261
f 858//870 2261//2241 1269//1246
f 2318//2285 2292//2276 2285//2271
f 2297//2272 2261//2241 858//870
f 2297//2272 2291//2244 2261//2241
f 2289//2274 2276//2265 2268//2203
f 2278//2282 2308//2289 2288//2294
f 2290//2275 2323//2295 2223//2205
f 2223//2205 2323//2295 2237//2219
f 2246//2229 2313//2296 2253//2236
f 2320//2293 2324//2297 2299//2255
f 2299//2255 2324//2297 2281//2263
f 2304//2298 2308//2289 2295//2277
f 2308//2289 2303//2299 2288//2294
f 2315//2280 2325//2300 2267//2290
f 2241//2225 2328//2301 2271//2253
f 2300//2283 2328//2301 2241//2225
f 2302//2284 2305//2286 2279//2261
f 2279//2261 2305//2286 2286//2270
f 2288//2294 2309//2302 2301//2303
f 2313//2296 2330//2304 2253//2236
f 2258//2239 2331//2305 2273//2254
f 2303//2299 2309//2302 2288//2294
f 2254//2237 2250//2233 2218//2188
f 2250//2233 2312//2292 2240//2223
f 2240//2223 2312//2292 2258//2239
f 2286//2270 2305//2286 2318//2285
f 2254//2237 2316//2291 2250//2233
f 2298//2281 2316//2291 2254//2237
f 2276//2265 2333//2176 2246//2229
f 2281//2263 2334//2306 2295//2277
f 2324//2297 2334//2306 2281//2263
f 2267//2290 2325//2300 2311//2307
f 2258//2239 2312//2292 2335//2308
f 2301//2303 2309//2302 2322//2309
f 2253//2236 2330//2304 2275//2258
f 2323//2295 2298//2281 2237//2219
f 2308//2289 2304//2298 2303//2299
f 2309//2302 2307//2310 2322//2309
f 2333//2176 2313//2296 2246//2229
f 2271//2253 2340//2311 2290//2275
f 2328//2301 2340//2311 2271//2253
f 2311//2307 2341//2312 2321//2313
f 2325//2300 2341//2312 2311//2307
f 2273//2254 2342//2150 2289//2274
f 2331//2305 2342//2150 2273//2254
f 2334//2306 2304//2298 2295//2277
f 2330//2304 2343//2144 2275//2258
f 2298//2281 2174//2143 2316//2291
f 2322//2309 2307//2310 2332//2314
f 2341//2312 2337//2315 2321//2313
f 2318//2285 2345//2167 2292//2276
f 660//706 731//705 2302//2284
f 2275//2258 2349//2146 2315//2280
f 2343//2144 2349//2146 2275//2258
f 2307//2310 2310//2316 2332//2314
f 2332//2314 2310//2316 2339//2317
f 2315//2280 2344//2318 2325//2300
f 2325//2300 2344//2318 2341//2312
f 731//705 2326//2287 2302//2284
f 2290//2275 2350//2319 2323//2295
f 2340//2311 2350//2319 2290//2275
f 2289//2274 2165//2152 2276//2265
f 2342//2150 2165//2152 2289//2274
f 2292//2276 2180//2170 2306//2288
f 2345//2167 2180//2170 2292//2276
f 2335//2308 2331//2305 2258//2239
f 2316//2291 2174//2143 2312//2292
f 2310//2316 2327//2180 2339//2317
f 2337//2315 2317//2149 2321//2313
f 2321//2313 2317//2149 2336//2320
f 2305//2286 2348//2140 2318//2285
f 2326//2287 2348//2140 2305//2286
f 2349//2146 2344//2318 2315//2280
f 2334//2306 2167//2159 2304//2298
f 2339//2317 2327//2180 2346//2321
f 2312//2292 2163//2160 2335//2308
f 2231//2214 2230//2216 2203//2168
f 2174//2143 2163//2160 2312//2292
f 2306//2288 2180//2170 2320//2293
f 2165//2152 2333//2176 2276//2265
f 2350//2319 2353//2322 2323//2295
f 2314//2224 2235//2222 2190//2174
f 2323//2295 2353//2322 2298//2281
f 2327//2180 2329//2179 2346//2321
f 2230//2216 2236//2220 2212//2187
f 2167//2159 2309//2302 2303//2299
f 2304//2298 2167//2159 2303//2299
f 2348//2140 2345//2167 2318//2285
f 2333//2176 2187//2183 2313//2296
f 2320//2293 2200//2197 2324//2297
f 2180//2170 2200//2197 2320//2293
f 2336//2320 2319//2169 2347//2323
f 2317//2149 2319//2169 2336//2320
f 2298//2281 2353//2322 2174//2143
f 2313//2296 2187//2183 2330//2304
f 2346//2321 2221//2189 2351//2324
f 2329//2179 2221//2189 2346//2321
f 2163//2160 2172//2162 2335//2308
f 2335//2308 2172//2162 2331//2305
f 2353//2322 2178//2141 2174//2143
f 2171//2186 2307//2310 2309//2302
f 2347//2323 2338//2181 2352//2325
f 2319//2169 2338//2181 2347//2323
f 2349//2146 2176//2164 2344//2318
f 2167//2159 2171//2186 2309//2302
f 2341//2312 2189//2195 2337//2315
f 2200//2197 2175//2211 2324//2297
f 2187//2183 2188//2199 2330//2304
f 2324//2297 2175//2211 2334//2306
f 2351//2324 2314//2224 2354//2326
f 2221//2189 2314//2224 2351//2324
f 2189//2195 2184//2147 2337//2315
f 2307//2310 2193//2206 2310//2316
f 2331//2305 2199//2153 2342//2150
f 2172//2162 2199//2153 2331//2305
f 2334//2306 2175//2211 2167//2159
f 2344//2318 2176//2164 2341//2312
f 2338//2181 2194//2154 2352//2325
f 2352//2325 2194//2154 2355//2327
f 2314//2224 2190//2174 2354//2326
f 2326//2287 2183//2138 2348//2140
f 2177//2139 2185//2165 2348//2140
f 2348//2140 2185//2165 2345//2167
f 2188//2199 2181//2145 2330//2304
f 2330//2304 2181//2145 2343//2144
f 2175//2211 2166//2157 2167//2159
f 2337//2315 2184//2147 2317//2149
f 2171//2186 2193//2206 2307//2310
f 2310//2316 2198//2178 2327//2180
f 2193//2206 2198//2178 2310//2316
f 2176//2164 2189//2195 2341//2312
f 2354//2326 2190//2174 2191//2171
f 2355//2327 2194//2154 2196//2156
f 173//155 295//266 170//156
f 394//430 438//505 446//431
f 2356//2328 394//430 325//333
f 324//331 2356//2328 325//333
f 328//330 327//332 416//440
f 412//439 328//330 416//440
f 2357//2329 412//439 476//495
f 2357//2329 476//495 187//506
f 188//199 2357//2329 187//506
f 2358//2330 2357//2329 188//199
f 203//198 2358//2330 188//199
f 2359//2331 2358//2330 203//198
f 2359//2331 203//198 220//279
f 2359//2331 220//279 309//324
f 2359//2331 309//324 384//326
f 2360//2332 2359//2331 384//326
f 2360//2332 384//326 385//404
f 2360//2332 385//404 448//403
f 2361//2333 2360//2332 448//403
f 2361//2333 448//403 496//445
f 2362//2334 496//445 497//447
f 2362//2334 2361//2333 496//445
f 903//892 497//447 500//448
f 903//892 2362//2334 497//447
f 2245//2264 2363//2335 2238//2247
f 2245//2264 2366//2336 2363//2335
f 398//347 4056//2337 4472//348
f 398//347 2365//2338 4056//2337
f 2267//2290 2366//2336 2245//2264
f 2311//2307 2366//2336 2267//2290
f 398//347 2367//2339 2365//2338
f 952//945 2364//2340 903//892
f 399//360 2367//2339 398//347
f 952//945 2368//2341 2364//2340
f 2321//2313 2369//2342 2311//2307
f 401//369 2367//2339 399//360
f 2336//2320 2369//2342 2321//2313
f 401//369 2370//2343 2367//2339
f 2336//2320 2347//2323 2369//2342
f 402//371 2370//2343 401//369
f 402//371 2371//2344 2370//2343
f 2352//2325 2372//2345 2347//2323
f 2373//2346 2368//2341 952//945
f 1021//1016 2373//2346 952//945
f 403//384 2371//2344 402//371
f 2355//2327 2372//2345 2352//2325
f 403//384 2374//2347 2371//2344
f 1051//1045 2375//2348 2373//2346
f 1051//1045 2373//2346 1021//1016
f 2196//2156 2168//2136 2355//2327
f 404//396 2374//2347 403//384
f 404//396 2376//2349 2374//2347
f 1092//1114 2375//2348 1051//1045
f 407//408 2376//2349 404//396
f 2378//2350 2375//2348 1092//1114
f 2169//2135 2377//2351 2168//2136
f 407//408 2379//2352 2376//2349
f 411//350 2379//2352 407//408
f 2380//2353 2378//2350 1092//1114
f 1209//1198 2380//2353 1092//1114
f 413//352 2379//2352 411//350
f 413//352 2381//2354 2379//2352
f 417//427 2381//2354 413//352
f 1283//646 2380//2353 1209//1198
f 1283//646 2382//2355 2380//2353
f 417//427 2383//2356 2381//2354
f 669//648 2382//2355 1283//646
f 419//426 2383//2356 417//427
f 419//426 2384//2357 2383//2356
f 782//798 2382//2355 669//648
f 782//798 2385//2358 2382//2355
f 376//379 2384//2357 419//426
f 376//379 2386//2359 2384//2357
f 782//798 2387//2360 2385//2358
f 1005//1053 2387//2360 782//798
f 295//266 2386//2359 376//379
f 295//266 2388//2361 2386//2359
f 1168//569 2389//2362 2387//2360
f 1168//569 2387//2360 1005//1053
f 173//155 2388//2361 295//266
f 173//155 2390//2363 2388//2361
f 2391//2364 2389//2362 1168//569
f 659//571 2391//2364 1168//569
f 176//158 2390//2363 173//155
f 438//505 2392//2365 2390//2363
f 2393//2366 2391//2364 659//571
f 438//505 2390//2363 176//158
f 438//505 2394//2367 2392//2365
f 966//959 2393//2366 659//571
f 2395//2368 2393//2366 966//959
f 394//430 2394//2367 438//505
f 1172//1183 2395//2368 966//959
f 2356//2328 2394//2367 394//430
f 2396//2369 2395//2368 1172//1183
f 324//331 2397//2370 2356//2328
f 777//1247 2396//2369 1172//1183
f 328//330 2397//2370 324//331
f 777//1247 2256//2242 2396//2369
f 328//330 2398//2371 2397//2370
f 2257//2246 2399//2372 2256//2242
f 412//439 2400//2373 2398//2371
f 412//439 2398//2371 328//330
f 2259//2250 2399//2372 2257//2246
f 2259//2250 2265//2257 2399//2372
f 2357//2329 2401//2374 2400//2373
f 2357//2329 2400//2373 412//439
f 2402//2375 2266//2260 2272//2269
f 2357//2329 2403//2376 2401//2374
f 2278//2282 2402//2375 2272//2269
f 2358//2330 2403//2376 2357//2329
f 2288//2294 2402//2375 2278//2282
f 2358//2330 2404//2377 2403//2376
f 2359//2331 2404//2377 2358//2330
f 2332//2314 2301//2303 2322//2309
f 2359//2331 2405//2378 2404//2377
f 2359//2331 2406//2379 2405//2378
f 2339//2317 2407//2380 2332//2314
f 2346//2321 2407//2380 2339//2317
f 2360//2332 2406//2379 2359//2331
f 2351//2324 2407//2380 2346//2321
f 2360//2332 2408//2381 2406//2379
f 2361//2333 2408//2381 2360//2332
f 2354//2326 2409//2382 2351//2324
f 2191//2171 2409//2382 2354//2326
f 2173//2173 2409//2382 2191//2171
f 2173//2173 2410//2383 2409//2382
f 2361//2333 2362//2334 2408//2381
f 2186//2192 2410//2383 2173//2173
f 2411//2384 2410//2383 2186//2192
f 2205//2209 2411//2384 2186//2192
f 2205//2209 2413//2385 2411//2384
f 903//892 2412//2386 2362//2334
f 903//892 2364//2340 2412//2386
f 2225//2230 2413//2385 2205//2209
f 2225//2230 2363//2335 2413//2385
f 2238//2247 2363//2335 2225//2230
f 2414//2387 2483//2388 2415//2389
f 2419//2390 2416//2391 2372//2345
f 2419//2390 2372//2345 2355//2327
f 2420//2392 2418//2393 2396//2369
f 2414//2387 2417//2394 2421//2395
f 2422//2396 2414//2387 2421//2395
f 2420//2392 2396//2369 2256//2242
f 2423//2397 2420//2392 2256//2242
f 2419//2390 2355//2327 2168//2136
f 2424//2398 2419//2390 2168//2136
f 2425//2399 2422//2396 2421//2395
f 2423//2397 2256//2242 2399//2372
f 2425//2399 2421//2395 2426//2400
f 2427//2401 2423//2397 2399//2372
f 2428//2402 2425//2399 2426//2400
f 2424//2398 2168//2136 2377//2351
f 2427//2401 2399//2372 2265//2257
f 2428//2402 2426//2400 2429//2403
f 2430//2404 2427//2401 2265//2257
f 2428//2402 2429//2403 2431//2405
f 2430//2404 2265//2257 2266//2260
f 2424//2398 2377//2351 2432//2406
f 2433//2407 2430//2404 2266//2260
f 2434//2408 2428//2402 2431//2405
f 2435//2409 2424//2398 2432//2406
f 2434//2408 2431//2405 2436//2410
f 2433//2407 2266//2260 2402//2375
f 2437//2411 2433//2407 2402//2375
f 2435//2409 2432//2406 2438//2412
f 2439//2413 2434//2408 2436//2410
f 2440//2414 2435//2409 2438//2412
f 2439//2413 2436//2410 2441//2415
f 2440//2414 2438//2412 2442//2416
f 2443//2417 2437//2411 2402//2375
f 2444//2418 2439//2413 2441//2415
f 2443//2417 2402//2375 2288//2294
f 2445//2419 2444//2418 2441//2415
f 2440//2414 2442//2416 2446//2420
f 3795//2421 2439//2413 2447//2422
f 2448//2423 2444//2418 2445//2419
f 2444//2418 2447//2422 2439//2413
f 2449//2424 2443//2417 2288//2294
f 2449//2424 2288//2294 2301//2303
f 2450//2425 2440//2414 2446//2420
f 2449//2424 2301//2303 2332//2314
f 2450//2425 2446//2420 2451//2426
f 2452//2427 2449//2424 2332//2314
f 2453//2428 2450//2425 2451//2426
f 2452//2427 2332//2314 2407//2380
f 2453//2428 2451//2426 2454//2429
f 2455//2430 2452//2427 2407//2380
f 2456//2431 2453//2428 2454//2429
f 2456//2431 2454//2429 2457//2432
f 2455//2430 2407//2380 2351//2324
f 2458//2433 2455//2430 2351//2324
f 2459//2434 2456//2431 2457//2432
f 2458//2433 2351//2324 2409//2382
f 2460//2435 2458//2433 2409//2382
f 2461//2436 2459//2434 2457//2432
f 2461//2436 2457//2432 2462//2437
f 2463//2438 2460//2435 2409//2382
f 2463//2438 2409//2382 2410//2383
f 2461//2436 2462//2437 2464//2439
f 2465//2440 2461//2436 2464//2439
f 2466//2441 2463//2438 2410//2383
f 2466//2441 2410//2383 2411//2384
f 2467//2442 2464//2439 2468//2443
f 2467//2442 2465//2440 2464//2439
f 2466//2441 2411//2384 2413//2385
f 2467//2442 2468//2443 2469//2444
f 2470//2445 2466//2441 2413//2385
f 2471//2446 2467//2442 2469//2444
f 2471//2446 2469//2444 2472//2447
f 2470//2445 2413//2385 2363//2335
f 2473//2448 2470//2445 2363//2335
f 2474//2449 2471//2446 2472//2447
f 2473//2448 2363//2335 2366//2336
f 2474//2449 2472//2447 2475//2450
f 2476//2451 2474//2449 2475//2450
f 2477//2452 2473//2448 2366//2336
f 2477//2452 2366//2336 2311//2307
f 2478//2453 2477//2452 2311//2307
f 2476//2451 2475//2450 2479//2454
f 2480//2455 2476//2451 2479//2454
f 2481//2456 2311//2307 2369//2342
f 2481//2456 2478//2453 2311//2307
f 2480//2455 2479//2454 2482//2457
f 2483//2388 2480//2455 2482//2457
f 2481//2456 2369//2342 2347//2323
f 2416//2391 2481//2456 2347//2323
f 2483//2388 2482//2457 2415//2389
f 2416//2391 2347//2323 2372//2345
f 2414//2387 2415//2389 2417//2394
f 2484//2458 2485//2459 2488//2460
f 2493//2461 2506//2462 2489//2463
f 2486//2464 2489//2463 2506//2462
f 2497//2465 2498//2466 2506//2462
f 2500//2467 2488//2460 2501//2468
f 2500//2467 2501//2468 2737//2469
f 2497//2465 2506//2462 2493//2461
f 2488//2460 2515//2470 2525//2471
f 2494//2472 2495//2473 2513//2474
f 2489//2463 2486//2464 2487//2475
f 2503//2476 2732//2477 2490//2478
f 2504//2479 2487//2475 2735//2480
f 2499//2481 2484//2458 2509//2482
f 2505//2483 2496//2484 2502//2485
f 2490//2478 2491//2486 2510//2487
f 2493//2461 2489//2463 2508//2488
f 2508//2488 2489//2463 2487//2475
f 2509//2482 2488//2460 2525//2471
f 2504//2479 2735//2480 2492//2489
f 2510//2487 2494//2472 2513//2474
f 2505//2483 2492//2489 2496//2484
f 2502//2485 2511//2490 2505//2483
f 2524//2491 2490//2478 2510//2487
f 2512//2492 5035//2493 2499//2481
f 2508//2488 2487//2475 2504//2479
f 2512//2492 2499//2481 2509//2482
f 2512//2492 2509//2482 2529//2494
f 2508//2488 2504//2479 2518//2495
f 5035//2493 2512//2492 2519//2496
f 2493//2461 2520//2497 2497//2465
f 2492//2489 2505//2483 2521//2498
f 2492//2489 2521//2498 2504//2479
f 2538//2499 2503//2476 2524//2491
f 2511//2490 2523//2500 2522//2501
f 2516//2502 2525//2471 2515//2470
f 2529//2494 2509//2482 2525//2471
f 2517//2503 2524//2491 2510//2487
f 2517//2503 2546//2504 2528//2505
f 2517//2503 2513//2474 2546//2504
f 2522//2501 2505//2483 2511//2490
f 2527//2506 2498//2466 2497//2465
f 2530//2507 2527//2506 2497//2465
f 2551//2508 3794//2509 2730//2510
f 2533//2511 2520//2497 2493//2461
f 2533//2511 2493//2461 2508//2488
f 2527//2506 2535//2512 2526//2513
f 2522//2501 2521//2498 2505//2483
f 2518//2495 2504//2479 2521//2498
f 2530//2507 2535//2512 2527//2506
f 2532//2514 2525//2471 2516//2502
f 2528//2505 2524//2491 2517//2503
f 2533//2511 2508//2488 2518//2495
f 2533//2511 2537//2515 2520//2497
f 2523//2500 2538//2499 2539//2516
f 2523//2500 2539//2516 2536//2517
f 2544//2518 2538//2499 2524//2491
f 2520//2497 2530//2507 2497//2465
f 2532//2514 2541//2519 2540//2520
f 2532//2514 2540//2520 2525//2471
f 2522//2501 2542//2521 2521//2498
f 2544//2518 2524//2491 2528//2505
f 2544//2518 2528//2505 2543//2522
f 2536//2517 2522//2501 2523//2500
f 2545//2523 2518//2495 2521//2498
f 2528//2505 2546//2504 2543//2522
f 2540//2520 2534//2524 2529//2494
f 2540//2520 2529//2494 2525//2471
f 2535//2512 2530//2507 2520//2497
f 2535//2512 2520//2497 2548//2525
f 2548//2525 2520//2497 2537//2515
f 2519//2496 2552//2526 2551//2508
f 2534//2524 2552//2526 2519//2496
f 2555//2527 2554//2528 2543//2522
f 2555//2527 2543//2522 2546//2504
f 2556//2529 2532//2514 2526//2513
f 2548//2525 2550//2530 2535//2512
f 2536//2517 2542//2521 2522//2501
f 2539//2516 2557//2531 2549//2532
f 2541//2519 2532//2514 2547//2533
f 2558//2534 2548//2525 2537//2515
f 2554//2528 2553//2535 2543//2522
f 2545//2523 2533//2511 2518//2495
f 2545//2523 2537//2515 2533//2511
f 2556//2529 2526//2513 2535//2512
f 2541//2519 2561//2536 2567//2537
f 2558//2534 2550//2530 2548//2525
f 2558//2534 2537//2515 2563//2538
f 2559//2539 2553//2535 2554//2528
f 2564//2540 2557//2531 2553//2535
f 2547//2533 2561//2536 2541//2519
f 2540//2520 2552//2526 2534//2524
f 2565//2541 2558//2534 2563//2538
f 2560//2542 2561//2536 2547//2533
f 2560//2542 2566//2543 2561//2536
f 2540//2520 2567//2537 2552//2526
f 2562//2544 2555//2527 2568//2545
f 2545//2523 2563//2538 2537//2515
f 2541//2519 2567//2537 2540//2520
f 2576//2546 2571//2547 2554//2528
f 2536//2517 2572//2548 2542//2521
f 2573//2549 2560//2542 2574//2550
f 2547//2533 2532//2514 2556//2529
f 2575//2551 2556//2529 2535//2512
f 2549//2532 2536//2517 2539//2516
f 2576//2546 2562//2544 2568//2545
f 2570//2552 2563//2538 2545//2523
f 2577//2553 2569//2554 2557//2531
f 2577//2553 2557//2531 2564//2540
f 2565//2541 2578//2555 2558//2534
f 2578//2555 2565//2541 2563//2538
f 2579//2556 2545//2523 2521//2498
f 2579//2556 2521//2498 2542//2521
f 2573//2549 2566//2543 2560//2542
f 2576//2546 2568//2545 3113//2557
f 2549//2532 2572//2548 2536//2517
f 2560//2542 2547//2533 2556//2529
f 2570//2552 2545//2523 2579//2556
f 2573//2549 2582//2558 2566//2543
f 2571//2547 2576//2546 2581//2559
f 2560//2542 2556//2529 2575//2551
f 2583//2560 2576//2546 3113//2557
f 2583//2560 2581//2559 2576//2546
f 2584//2561 2563//2538 2585//2562
f 2578//2555 2563//2538 2584//2561
f 2587//2563 2573//2549 2574//2550
f 2577//2553 2580//2564 2594//2565
f 2575//2551 2535//2512 2550//2530
f 2587//2563 2590//2566 2582//2558
f 2587//2563 2582//2558 2573//2549
f 2579//2556 2563//2538 2570//2552
f 2592//2567 2542//2521 2572//2548
f 2592//2567 2579//2556 2542//2521
f 2581//2559 2583//2560 2589//2568
f 2574//2550 2560//2542 2575//2551
f 2557//2531 2569//2554 2549//2532
f 2586//2569 2577//2553 2594//2565
f 2593//2570 2584//2561 2585//2562
f 2569//2554 2572//2548 2549//2532
f 2591//2571 2590//2566 2587//2563
f 2569//2554 2595//2572 2572//2548
f 2579//2556 2585//2562 2563//2538
f 2589//2568 2583//2560 2596//2573
f 2591//2571 2597//2574 2590//2566
f 2598//2575 2594//2565 2580//2564
f 2598//2575 2580//2564 2588//2576
f 2593//2570 2585//2562 2599//2577
f 2574//2550 2575//2551 2550//2530
f 2592//2567 2585//2562 2579//2556
f 2601//2578 2550//2530 2558//2534
f 2602//2579 2591//2571 2603//2580
f 2594//2565 2605//2581 2600//2582
f 2604//2583 2592//2567 2572//2548
f 2593//2570 2606//2584 2584//2561
f 2602//2579 2597//2574 2591//2571
f 2607//2585 2605//2581 2598//2575
f 2587//2563 2574//2550 2550//2530
f 2586//2569 2595//2572 2569//2554
f 2593//2570 2599//2577 2608//2586
f 2605//2581 2609//2587 2600//2582
f 2610//2588 2607//2585 2649//2589
f 2604//2583 2572//2548 2595//2572
f 2602//2579 2611//2590 2597//2574
f 2602//2579 2603//2580 2612//2591
f 2587//2563 2550//2530 2601//2578
f 2613//2592 2649//2589 2596//2573
f 2608//2586 2606//2584 2593//2570
f 2616//2593 2602//2579 2612//2591
f 2617//2594 2604//2583 2595//2572
f 2599//2577 2585//2562 2592//2567
f 2599//2577 2592//2567 2604//2583
f 2619//2595 2615//2596 2614//2597
f 2586//2569 2569//2554 2577//2553
f 2601//2578 2558//2534 2578//2555
f 2591//2571 2587//2563 2601//2578
f 2616//2593 2611//2590 2602//2579
f 2621//2598 2610//2588 2631//2599
f 2620//2600 5137//2601 2619//2595
f 2608//2586 2622//2602 2606//2584
f 2623//2603 2618//2604 2613//2592
f 2620//2600 2624//2605 5137//2601
f 2586//2569 2626//2606 2595//2572
f 2603//2580 2601//2578 2578//2555
f 2599//2577 2604//2583 2617//2594
f 2629//2607 2624//2605 2620//2600
f 2608//2586 2632//2608 2622//2602
f 2629//2607 2620//2600 2628//2609
f 2628//2609 2620//2600 2627//2610
f 2634//2611 2608//2586 2625//2612
f 2616//2593 2635//2613 2611//2590
f 2603//2580 2578//2555 2584//2561
f 2591//2571 2601//2578 2603//2580
f 2633//2614 2635//2613 2616//2593
f 2639//2615 2621//2598 2646//2616
f 2634//2611 2632//2608 2608//2586
f 2617//2594 2608//2586 2599//2577
f 2617//2594 2595//2572 2626//2606
f 2600//2582 2586//2569 2594//2565
f 2633//2614 2640//2617 2635//2613
f 2612//2591 2603//2580 2584//2561
f 2636//2618 2646//2616 2623//2603
f 2636//2618 2641//2619 2646//2616
f 2634//2611 2625//2612 2644//2620
f 2643//2621 2617//2594 2626//2606
f 2600//2582 2626//2606 2586//2569
f 2642//2622 2640//2617 2633//2614
f 2639//2615 2646//2616 2647//2623
f 2645//2624 2634//2611 2644//2620
f 2643//2621 2608//2586 2617//2594
f 2636//2618 2648//2625 2641//2619
f 2647//2623 2650//2626 2639//2615
f 2642//2622 2651//2627 2640//2617
f 2606//2584 2612//2591 2584//2561
f 2644//2620 2652//2628 2645//2624
f 2651//2627 2642//2622 2654//2629
f 2625//2612 2608//2586 2643//2621
f 2653//2630 2655//2631 2648//2625
f 2654//2629 2657//2632 2651//2627
f 2658//2633 2656//2634 2652//2628
f 2659//2635 2647//2623 2655//2631
f 2659//2635 2650//2626 2647//2623
f 2616//2593 2612//2591 2606//2584
f 2653//2630 2662//2636 2655//2631
f 2660//2637 2657//2632 2654//2629
f 2660//2637 2664//2638 2657//2632
f 2665//2639 2643//2621 2626//2606
f 2661//2640 2662//2636 2653//2630
f 2656//2634 2658//2633 2668//2641
f 2609//2587 2626//2606 2600//2582
f 2660//2637 2666//2642 2664//2638
f 2668//2641 2667//2643 2656//2634
f 2661//2640 2672//2644 2662//2636
f 2668//2641 2671//2645 2667//2643
f 2669//2646 2672//2644 2661//2640
f 2673//2647 2765//2648 2764//2649
f 2625//2612 2643//2621 2665//2639
f 2609//2587 2676//2650 2626//2606
f 2677//2651 2674//2652 2675//2653
f 2677//2651 2675//2653 2679//2654
f 2678//2655 2679//2654 2675//2653
f 2682//2656 2681//2657 2683//2658
f 2684//2659 2686//2660 2685//2661
f 2691//2662 2689//2663 2688//2664
f 2633//2614 2616//2593 2606//2584
f 2692//2665 2637//2666 2693//2667
f 2692//2665 2693//2667 2690//2668
f 2630//2669 2676//2650 2609//2587
f 2633//2614 2606//2584 2622//2602
f 2696//2670 2691//2662 2698//2671
f 2703//2672 2697//2673 2637//2666
f 2665//2639 2626//2606 2676//2650
f 2700//2674 2637//2666 2695//2675
f 2700//2674 2702//2676 2703//2672
f 2704//2677 2665//2639 2676//2650
f 2701//2678 2697//2673 2703//2672
f 2705//2679 2706//2680 2699//2681
f 2638//2682 2676//2650 2630//2669
f 2665//2639 2644//2620 2625//2612
f 2706//2680 2705//2679 2708//2683
f 2638//2682 2621//2598 2639//2615
f 2638//2682 2711//2684 2676//2650
f 2700//2674 2712//2685 2702//2676
f 2701//2678 2703//2672 2702//2676
f 2702//2676 2715//2686 2710//2687
f 2713//2688 2712//2685 2700//2674
f 2642//2622 2622//2602 2632//2608
f 2713//2688 2700//2674 2709//2689
f 2642//2622 2633//2614 2622//2602
f 2705//2679 2710//2687 2714//2690
f 2710//2687 2701//2678 2702//2676
f 2702//2676 2712//2685 2715//2686
f 2717//2691 2698//2671 2707//2692
f 2708//2683 2721//2693 2722//2694
f 2723//2695 2704//2677 2676//2650
f 2720//2696 2713//2688 2716//2697
f 2718//2698 2712//2685 2713//2688
f 2704//2677 2644//2620 2665//2639
f 2718//2698 2713//2688 2724//2699
f 2725//2700 2717//2691 2719//2701
f 2723//2695 2676//2650 2711//2684
f 2726//2702 2714//2690 2727//2703
f 2728//2704 2722//2694 2721//2693
f 2729//2705 2728//2704 2721//2693
f 2718//2698 2724//2699 2731//2706
f 2732//2477 2720//2696 2733//2707
f 2724//2699 2720//2696 2732//2477
f 2729//2705 2714//2690 2726//2702
f 2734//2708 2638//2682 2639//2615
f 2647//2623 2646//2616 2641//2619
f 2654//2629 2632//2608 2634//2611
f 2726//2702 2506//2462 2729//2705
f 2734//2708 2711//2684 2638//2682
f 2726//2702 2486//2464 2506//2462
f 2737//2469 2728//2704 2729//2705
f 2534//2524 2512//2492 2529//2494
f 2501//2468 2485//2459 2728//2704
f 2723//2695 2644//2620 2704//2677
f 2723//2695 2652//2628 2644//2620
f 2734//2708 2736//2709 2711//2684
f 2724//2699 2732//2477 2502//2485
f 2485//2459 2501//2468 2488//2460
f 2654//2629 2634//2611 2645//2624
f 2534//2524 2519//2496 2512//2492
f 2642//2622 2632//2608 2654//2629
f 2737//2469 2506//2462 2498//2466
f 2737//2469 2507//2710 2500//2467
f 2730//2510 2519//2496 2551//2508
f 2498//2466 2507//2710 2737//2469
f 2502//2485 2732//2477 2503//2476
f 2723//2695 2711//2684 2736//2709
f 2502//2485 2503//2476 2523//2500
f 2502//2485 2523//2500 2511//2490
f 2515//2470 2488//2460 2500//2467
f 2734//2708 2639//2615 2650//2626
f 2513//2474 2517//2503 2510//2487
f 2655//2631 2641//2619 2648//2625
f 2524//2491 2503//2476 2490//2478
f 2515//2470 2500//2467 2516//2502
f 2660//2637 2654//2629 2645//2624
f 2723//2695 2658//2633 2652//2628
f 2503//2476 2538//2499 2523//2500
f 2531//2711 2513//2474 2514//2712
f 2546//2504 2513//2474 2531//2711
f 2660//2637 2645//2624 2652//2628
f 2650//2626 2736//2709 2734//2708
f 2655//2631 2647//2623 2641//2619
f 2539//2516 2538//2499 2544//2518
f 2555//2527 2546//2504 2531//2711
f 2650//2626 2738//2713 2736//2709
f 2553//2535 2544//2518 2543//2522
f 2544//2518 2557//2531 2539//2516
f 2544//2518 2553//2535 2557//2531
f 2555//2527 2562//2544 2554//2528
f 2559//2539 2564//2540 2553//2535
f 2562//2544 2576//2546 2554//2528
f 2658//2633 2723//2695 2736//2709
f 2656//2634 2660//2637 2652//2628
f 2564//2540 2580//2564 2577//2553
f 2564//2540 2559//2539 2580//2564
f 2559//2539 2588//2576 2580//2564
f 2559//2539 2554//2528 2571//2547
f 2588//2576 2559//2539 2571//2547
f 2588//2576 2571//2547 2581//2559
f 2588//2576 2581//2559 2598//2575
f 2605//2581 2594//2565 2598//2575
f 2738//2713 2650//2626 2659//2635
f 2598//2575 2581//2559 2589//2568
f 2739//2714 2736//2709 2738//2713
f 2598//2575 2589//2568 2649//2589
f 2598//2575 2649//2589 2607//2585
f 2649//2589 2589//2568 2596//2573
f 2607//2585 2609//2587 2605//2581
f 2739//2714 2658//2633 2736//2709
f 2739//2714 2668//2641 2658//2633
f 2631//2599 2610//2588 2649//2589
f 2618//2604 2649//2589 2613//2592
f 2740//2715 2738//2713 2659//2635
f 2610//2588 2630//2669 2609//2587
f 2610//2588 2609//2587 2607//2585
f 2631//2599 2649//2589 2618//2604
f 2621//2598 2638//2682 2630//2669
f 2621//2598 2630//2669 2610//2588
f 2631//2599 2646//2616 2621//2598
f 2631//2599 2618//2604 2646//2616
f 2646//2616 2618//2604 2623//2603
f 2663//2716 2655//2631 2662//2636
f 2663//2716 2659//2635 2655//2631
f 2740//2715 2741//2717 2738//2713
f 2677//2651 2773//2718 2674//2652
f 2666//2642 2660//2637 2656//2634
f 2682//2656 2680//2719 2681//2657
f 2684//2659 2685//2661 2420//2392
f 2690//2668 2689//2663 2692//2665
f 2690//2668 2687//2720 2689//2663
f 2716//2697 2698//2671 2717//2691
f 2741//2717 2739//2714 2738//2713
f 2733//2707 2490//2478 2732//2477
f 2496//2484 2724//2699 2502//2485
f 2507//2710 2498//2466 2527//2506
f 2527//2506 2516//2502 2500//2467
f 2527//2506 2500//2467 2507//2710
f 2527//2506 2526//2513 2516//2502
f 2526//2513 2532//2514 2516//2502
f 2666//2642 2742//2721 2664//2638
f 2666//2642 2656//2634 2667//2643
f 2668//2641 2739//2714 2741//2717
f 2740//2715 2659//2635 2663//2716
f 2743//2722 2740//2715 2663//2716
f 2667//2643 2742//2721 2666//2642
f 2670//2723 2662//2636 2672//2644
f 2670//2723 2663//2716 2662//2636
f 2745//2724 2741//2717 2740//2715
f 2745//2724 2744//2725 2668//2641
f 2745//2724 2668//2641 2741//2717
f 2745//2724 2740//2715 2743//2722
f 2671//2645 2742//2721 2667//2643
f 2743//2722 2663//2716 2670//2723
f 2744//2725 2671//2645 2668//2641
f 2671//2645 2746//2726 2742//2721
f 2747//2727 2743//2722 2670//2723
f 2748//2728 2672//2644 2669//2646
f 2749//2729 2745//2724 2743//2722
f 2745//2724 2749//2729 2744//2725
f 2672//2644 2750//2730 2670//2723
f 2749//2729 2743//2722 2747//2727
f 2748//2728 2750//2730 2672//2644
f 2671//2645 2744//2725 2752//2731
f 2753//2732 2670//2723 2750//2730
f 2753//2732 2747//2727 2670//2723
f 2752//2731 2744//2725 2749//2729
f 2749//2729 2747//2727 2753//2732
f 2758//2733 2671//2645 2752//2731
f 2758//2733 2746//2726 2671//2645
f 2758//2733 2755//2734 2746//2726
f 2751//2735 2750//2730 2748//2728
f 2756//2736 2753//2732 2750//2730
f 2753//2732 2757//2737 2749//2729
f 2751//2735 2756//2736 2750//2730
f 2763//2738 2752//2731 2749//2729
f 2758//2733 2752//2731 2763//2738
f 2759//2739 2751//2735 2754//2740
f 2759//2739 2756//2736 2751//2735
f 2763//2738 2749//2729 2757//2737
f 2757//2737 2753//2732 2756//2736
f 2759//2739 2760//2741 2756//2736
f 2757//2737 2756//2736 2760//2741
f 2763//2738 2755//2734 2758//2733
f 2763//2738 2762//2742 2755//2734
f 2761//2743 2757//2737 2760//2741
f 2764//2649 2759//2739 2754//2740
f 2764//2649 2765//2648 2760//2741
f 2761//2743 2760//2741 2766//2744
f 2764//2649 2760//2741 2759//2739
f 2760//2741 2765//2648 2766//2744
f 2767//2745 2763//2738 2757//2737
f 2767//2745 2762//2742 2763//2738
f 2767//2745 2757//2737 2761//2743
f 2766//2744 2765//2648 2673//2647
f 2769//2746 2766//2744 2673//2647
f 2768//2747 2766//2744 2769//2746
f 2767//2745 2770//2748 2762//2742
f 2772//2749 2767//2745 2761//2743
f 2772//2749 2770//2748 2767//2745
f 2772//2749 2761//2743 2766//2744
f 2673//2647 2771//2750 2674//2652
f 2775//2751 2769//2746 2773//2718
f 2768//2747 2772//2749 2766//2744
f 2772//2749 2774//2752 2770//2748
f 2769//2746 2673//2647 2674//2652
f 2674//2652 2773//2718 2769//2746
f 2768//2747 2774//2752 2772//2749
f 2775//2751 2768//2747 2769//2746
f 2680//2719 2773//2718 2677//2651
f 2775//2751 2774//2752 2768//2747
f 2775//2751 2776//2753 2774//2752
f 2776//2753 2775//2751 2773//2718
f 2680//2719 2677//2651 2679//2654
f 2680//2719 2679//2654 2681//2657
f 2776//2753 2773//2718 2680//2719
f 2680//2719 2682//2656 2776//2753
f 2678//2655 2780//2754 2679//2654
f 2780//2754 2678//2655 2777//2755
f 2780//2754 2683//2658 2681//2657
f 2681//2657 2679//2654 2780//2754
f 2782//2756 2780//2754 2783//2757
f 2784//2758 2779//2759 2781//2760
f 2782//2756 2683//2658 2780//2754
f 2784//2758 2781//2760 2418//2393
f 2783//2757 2780//2754 2777//2755
f 2778//2761 2783//2757 2777//2755
f 2785//2762 2782//2756 2783//2757
f 2786//2763 2783//2757 2778//2761
f 2418//2393 2685//2661 2784//2758
f 2786//2763 2778//2761 2779//2759
f 2785//2762 2783//2757 2786//2763
f 2785//2762 2787//2764 2782//2756
f 2786//2763 2779//2759 2784//2758
f 2784//2758 2785//2762 2786//2763
f 2787//2764 2785//2762 2784//2758
f 2788//2765 2686//2660 2787//2764
f 2788//2765 2784//2758 2685//2661
f 2788//2765 2787//2764 2784//2758
f 2685//2661 2686//2660 2788//2765
f 2685//2661 2418//2393 2420//2392
f 2627//2610 2620//2600 2789//2766
f 2789//2766 2688//2664 2687//2720
f 2627//2610 2693//2667 2628//2609
f 2789//2766 2620//2600 2619//2595
f 2789//2766 2619//2595 2614//2597
f 2690//2668 2627//2610 2687//2720
f 2693//2667 2627//2610 2690//2668
f 2689//2663 2687//2720 2688//2664
f 2687//2720 2627//2610 2789//2766
f 2629//2607 2697//2673 2790//2767
f 2691//2662 2688//2664 2694//2768
f 2691//2662 2696//2670 2689//2663
f 2692//2665 2689//2663 2695//2675
f 2693//2667 2637//2666 2628//2609
f 2629//2607 2628//2609 2637//2666
f 2697//2673 2629//2607 2637//2666
f 2698//2671 2691//2662 2694//2768
f 2695//2675 2637//2666 2692//2665
f 2695//2675 2689//2663 2696//2670
f 2699//2681 2791//2769 2790//2767
f 2699//2681 2790//2767 2697//2673
f 2709//2689 2700//2674 2695//2675
f 2709//2689 2695//2675 2696//2670
f 2706//2680 2791//2769 2699//2681
f 2699//2681 2697//2673 2701//2678
f 2703//2672 2637//2666 2700//2674
f 2696//2670 2698//2671 2716//2697
f 2705//2679 2699//2681 2701//2678
f 2716//2697 2709//2689 2696//2670
f 2707//2692 2698//2671 2694//2768
f 2708//2683 2705//2679 2721//2693
f 2710//2687 2705//2679 2701//2678
f 2722//2694 5208//2770 2708//2683
f 2713//2688 2709//2689 2716//2697
f 2715//2686 2727//2703 2710//2687
f 2721//2693 2705//2679 2714//2690
f 2716//2697 2717//2691 2720//2696
f 2715//2686 2712//2685 2731//2706
f 2714//2690 2710//2687 2727//2703
f 2717//2691 2707//2692 2719//2701
f 2487//2475 2727//2703 2731//2706
f 2715//2686 2731//2706 2727//2703
f 2731//2706 2712//2685 2718//2698
f 2733//2707 2720//2696 2717//2691
f 2724//2699 2713//2688 2720//2696
f 2491//2486 2733//2707 2717//2691
f 2491//2486 2717//2691 2725//2700
f 2729//2705 2721//2693 2714//2690
f 2501//2468 2728//2704 2737//2469
f 2735//2480 2487//2475 2731//2706
f 2731//2706 2724//2699 2735//2480
f 2725//2700 2719//2701 2495//2473
f 2485//2459 2484//2458 2792//2771
f 2726//2702 2727//2703 2487//2475
f 2485//2459 2722//2694 2728//2704
f 2485//2459 2792//2771 2722//2694
f 2729//2705 2506//2462 2737//2469
f 2496//2484 2735//2480 2724//2699
f 2487//2475 2486//2464 2726//2702
f 2494//2472 2725//2700 2495//2473
f 2491//2486 2725//2700 2494//2472
f 2491//2486 2494//2472 2510//2487
f 2492//2489 2735//2480 2496//2484
f 2490//2478 2733//2707 2491//2486
f 2484//2458 2488//2460 2509//2482
f 2806//2772 3276//2773 2800//2774
f 2804//2775 2805//2776 3035//2777
f 2807//2778 3026//2779 3030//2780
f 2808//2781 3026//2779 2807//2778
f 2809//2782 2793//2783 2794//2784
f 2828//2785 2811//2786 3143//2787
f 2810//2788 2799//2789 3278//2790
f 2839//2791 2813//2792 2797//2793
f 2821//2794 2822//2795 2823//2796
f 2819//2797 2820//2798 3274//2799
f 2819//2797 3274//2799 2803//2800
f 2797//2793 2798//2801 2815//2802
f 2824//2803 2881//2804 2393//2366
f 2825//2805 2806//2772 2800//2774
f 2826//2806 2822//2795 3173//2807
f 2827//2808 2828//2785 2820//2798
f 2826//2806 3173//2807 2813//2792
f 2839//2791 2830//2809 2813//2792
f 2821//2794 2833//2810 2834//2811
f 2800//2774 2799//2789 2810//2788
f 2835//2812 2842//2813 2803//2800
f 2815//2802 2798//2801 2808//2781
f 2838//2814 2808//2781 2807//2778
f 2827//2808 2820//2798 2819//2797
f 2839//2791 2797//2793 2815//2802
f 2815//2802 2808//2781 2838//2814
f 2840//2815 3275//2816 2841//2817
f 2843//2818 2837//2819 2832//2820
f 2843//2818 2832//2820 2834//2811
f 2844//2821 2823//2796 2826//2806
f 2845//2822 2812//2823 2806//2772
f 2846//2824 2839//2791 2815//2802
f 2837//2819 2849//2825 2836//2826
f 2837//2819 2847//2827 2849//2825
f 2848//2828 3188//2829 2812//2823
f 2850//2830 2815//2802 2838//2814
f 2819//2797 2842//2813 2852//2831
f 2854//2832 2816//2833 2851//2834
f 2854//2832 2851//2834 2856//2835
f 3015//2836 2800//2774 2810//2788
f 2845//2822 2806//2772 2825//2805
f 2850//2830 2858//2837 2815//2802
f 2848//2828 2812//2823 2845//2822
f 2825//2805 2800//2774 3015//2836
f 2837//2819 2843//2818 2885//2838
f 2837//2819 2885//2838 2847//2827
f 2827//2808 2751//2735 2748//2728
f 2867//2839 2854//2832 2856//2835
f 2858//2837 2846//2824 2815//2802
f 2868//2840 2389//2362 2391//2364
f 2869//2841 2859//2842 2840//2815
f 2868//2840 2831//2843 2389//2362
f 2817//2844 2848//2828 2845//2822
f 2862//2845 2751//2735 2827//2808
f 2861//2846 2871//2847 2830//2809
f 2863//2848 2887//2849 2805//2776
f 2872//2850 2855//2851 2816//2833
f 2873//2852 2859//2842 2869//2841
f 2870//2853 2838//2814 2855//2851
f 2870//2853 2850//2830 2838//2814
f 2850//2830 2875//2854 2858//2837
f 2868//2840 2878//2855 2831//2843
f 2850//2830 2870//2853 2875//2854
f 2873//2852 2876//2856 2859//2842
f 2872//2850 2870//2853 2855//2851
f 2877//2857 2823//2796 2844//2821
f 2881//2804 2868//2840 2391//2364
f 2883//2858 2823//2796 2877//2857
f 2858//2837 2875//2854 2879//2859
f 2879//2859 2861//2846 2846//2824
f 2879//2859 2846//2824 2858//2837
f 2847//2827 2885//2838 2886//2860
f 2888//2861 2871//2847 2861//2846
f 2884//2862 2878//2855 2868//2840
f 3126//2863 2889//2864 2890//2865
f 2870//2853 2872//2850 2892//2866
f 2875//2854 2870//2853 2892//2866
f 2893//2867 2834//2811 2916//2868
f 2895//2869 2843//2818 2893//2867
f 2888//2861 2903//2870 2928//2871
f 2888//2861 2898//2872 2871//2847
f 2852//2831 2764//2649 2754//2740
f 2852//2831 2754//2740 2891//2873
f 2899//2874 2856//2835 2866//2875
f 2895//2869 2906//2876 2885//2838
f 2881//2804 2884//2862 2868//2840
f 2877//2857 2898//2872 2907//2877
f 2897//2878 2764//2649 2852//2831
f 2897//2878 2673//2647 2764//2649
f 2771//2750 2897//2878 2876//2856
f 2908//2879 2909//2880 2872//2850
f 2908//2879 2872//2850 2880//2881
f 2892//2866 2872//2850 2909//2880
f 2771//2750 2673//2647 2897//2878
f 2915//2882 2887//2849 2863//2848
f 2928//2871 2903//2870 2919//2883
f 2903//2870 2922//2884 2917//2885
f 2920//2886 2893//2867 2916//2868
f 2906//2876 2895//2869 2920//2886
f 2915//2882 2863//2848 2896//2887
f 2910//2888 2877//2857 2907//2877
f 2907//2877 2898//2872 2923//2889
f 2914//2890 2674//2652 2771//2750
f 2921//2891 2892//2866 2932//2892
f 2918//2893 2920//2886 2916//2868
f 2675//2653 2914//2890 3014//2894
f 2933//2895 2909//2880 2908//2879
f 2829//2896 2884//2862 2881//2804
f 2938//2897 2880//2881 2931//2898
f 2938//2897 2908//2879 2880//2881
f 2925//2899 2930//2900 2924//2901
f 2909//2880 2933//2895 2932//2892
f 2933//2895 2908//2879 2938//2897
f 2675//2653 2674//2652 2914//2890
f 2829//2896 2809//2782 2884//2862
f 2935//2902 2918//2893 2934//2903
f 2907//2877 2939//2904 2940//2905
f 2890//2865 2900//2906 2942//2907
f 2829//2896 2881//2804 2824//2803
f 2943//2908 2945//2909 2944//2910
f 2994//2911 2933//2895 2938//2897
f 2929//2912 2678//2655 2675//2653
f 2915//2882 2896//2887 2941//2913
f 2930//2900 2925//2899 2947//2914
f 2950//2915 4356//2916 3397//2917
f 2948//2918 2949//2919 2987//2920
f 2947//2914 2925//2899 2952//2921
f 2954//2922 2934//2903 2940//2905
f 2954//2922 2935//2902 2934//2903
f 2951//2923 2915//2882 2941//2913
f 2956//2924 2952//2921 2951//2923
f 2957//2925 2921//2891 2946//2926
f 2958//2927 2959//2928 2918//2893
f 2852//2831 2835//2812 2859//2842
f 2947//2914 2962//2929 2961//2930
f 2897//2878 2852//2831 2859//2842
f 2939//2904 2960//2931 2963//2932
f 2939//2904 2963//2932 2940//2905
f 2964//2933 2931//2898 2936//2934
f 2930//2900 2947//2914 2961//2930
f 2930//2900 2961//2930 2965//2935
f 2969//2936 2970//2937 3071//2938
f 2969//2936 3071//2938 2971//2939
f 2952//2921 2962//2929 2947//2914
f 2972//2940 2966//2941 2976//2942
f 2978//2943 3267//2944 2979//2945
f 2977//2946 2957//2925 2946//2926
f 2970//2937 2969//2936 2982//2947
f 2876//2856 2897//2878 2859//2842
f 3120//2948 2974//2949 2973//2950
f 2981//2951 2970//2937 2982//2947
f 2977//2946 2989//2952 2957//2925
f 2986//2953 2972//2940 2976//2942
f 2990//2954 2948//2918 2991//2955
f 2992//2956 2957//2925 2989//2952
f 2998//2957 2963//2932 2960//2931
f 2998//2957 2960//2931 2999//2958
f 3000//2959 2983//2960 2996//2961
f 3007//2962 3278//2790 2978//2943
f 2771//2750 2876//2856 2914//2890
f 3002//2963 2988//2964 2992//2956
f 2962//2929 2952//2921 2956//2924
f 3005//2965 2991//2955 3006//2966
f 3005//2965 2990//2954 2991//2955
f 3005//2965 2985//2967 2990//2954
f 3001//2968 3007//2962 2978//2943
f 3002//2963 2992//2956 3008//2969
f 3009//2970 2962//2929 2956//2924
f 3010//2971 2982//2947 3011//2972
f 2961//2930 3012//2973 2965//2935
f 2989//2952 2977//2946 2980//2974
f 3010//2971 2981//2951 2982//2947
f 2984//2975 2380//2353 3047//2976
f 2999//2958 2985//2967 3005//2965
f 3013//2977 3179//2978 3016//2979
f 2995//2980 2994//2911 2964//2933
f 2995//2980 3018//2981 2994//2911
f 2999//2958 3005//2965 3021//2982
f 2998//2957 3004//2983 2963//2932
f 3020//2984 2986//2953 2976//2942
f 2956//2924 2951//2923 3022//2985
f 2956//2924 3022//2985 3052//2986
f 3008//2969 2992//2956 2989//2952
f 3005//2965 3006//2966 3053//2987
f 2804//2775 2810//2788 3007//2962
f 2998//2957 2999//2958 3027//2988
f 3035//2777 3015//2836 2810//2788
f 3008//2969 2989//2952 3023//2989
f 3024//2990 3004//2983 3062//2991
f 3025//2992 3006//2966 2991//2955
f 3025//2992 2991//2955 3019//2993
f 3026//2779 3010//2971 3011//2972
f 3020//2984 2976//2942 3028//2994
f 2996//2961 2983//2960 2984//2975
f 2996//2961 2984//2975 3047//2976
f 2998//2957 3027//2988 3004//2983
f 3030//2780 3026//2779 3011//2972
f 3001//2968 2814//2995 3007//2962
f 3029//2996 3033//2997 3082//2998
f 3029//2996 3002//2963 3033//2997
f 3035//2777 2810//2788 2804//2775
f 3031//2999 2989//2952 2980//2974
f 3031//2999 3036//3000 3023//2989
f 3031//2999 3023//2989 2989//2952
f 3037//3001 2999//2958 3021//2982
f 3037//3001 3027//2988 2999//2958
f 3023//2989 3032//3002 3008//2969
f 3017//3003 3012//2973 3038//3004
f 3032//3002 3033//2997 3002//2963
f 3032//3002 3002//2963 3008//2969
f 2905//3005 2894//3006 3039//3007
f 3034//3008 3042//3009 3012//2973
f 3044//3010 3031//2999 3018//2981
f 3001//2968 2795//3011 2796//3012
f 3045//3013 3022//2985 3046//3014
f 3036//3000 3032//3002 3023//2989
f 2797//2793 3020//2984 3028//2994
f 2801//3015 3007//2962 2814//2995
f 2801//3015 2804//2775 3007//2962
f 3049//3016 3034//3008 3050//3017
f 3040//3018 2832//2820 3070//3019
f 3021//2982 3053//2987 3051//3020
f 2955//3021 3039//3007 2418//2393
f 3052//2986 3045//3013 3075//3022
f 3052//2986 3075//3022 3088//3023
f 2798//2801 2797//2793 3028//2994
f 3055//3024 3056//3025 3057//3026
f 3068//3027 2795//3011 3003//3028
f 3055//3024 3175//3029 3060//3030
f 3036//3000 3061//3031 3032//3002
f 3055//3024 3063//3032 3058//3033
f 3036//3000 3048//3034 3064//3035
f 3036//3000 3031//2999 3048//3034
f 3065//3036 3066//3037 3059//3038
f 3050//3017 3052//2986 3067//3039
f 3047//2976 3068//3027 2996//2961
f 2798//2801 3028//2994 2808//2781
f 2836//2826 3069//3040 3070//3019
f 3071//2938 3055//3024 3060//3030
f 3073//3041 3034//3008 3049//3016
f 3063//3032 3055//3024 3071//2938
f 3045//3013 3072//3042 3075//3022
f 3032//3002 3076//3043 3033//2997
f 3051//3020 3053//2987 3054//3044
f 2832//2820 3040//3018 2821//2794
f 3078//3045 3036//3000 3064//3035
f 3066//3037 3065//3036 3079//3046
f 3077//3047 3037//3001 3021//2982
f 3077//3047 3021//2982 3051//3020
f 2813//2792 3020//2984 2797//2793
f 3071//2938 3060//3030 2971//2939
f 3071//2938 2966//2941 3063//3032
f 3067//3039 3049//3016 3050//3017
f 2814//2995 3001//2968 2796//3012
f 3061//3031 3076//3043 3032//3002
f 3524//3048 3079//3046 2968//3049
f 3524//3048 3066//3037 3079//3046
f 3074//3050 3037//3001 3080//3051
f 3081//3052 3082//2998 2719//2701
f 2836//2826 2849//2825 3069//3040
f 3083//3053 2495//2473 3082//2998
f 3079//3046 3063//3032 2966//2941
f 3064//3035 3048//3034 3084//3054
f 2984//2975 3180//3055 2380//2353
f 2967//3056 2973//2950 3524//3048
f 2967//3056 3524//3048 2968//3049
f 3083//3053 2514//2712 2495//2473
f 3084//3054 3085//3057 3103//3058
f 2853//3059 3269//3060 3244//3061
f 2853//3059 3086//3062 3269//3060
f 3089//3063 3091//3064 3090//3065
f 3085//3057 3250//3066 3093//3067
f 2984//2975 2983//2960 3256//3068
f 3097//3069 3099//3070 3098//3071
f 3100//3072 3101//3073 3247//3074
f 3068//3027 3047//2976 3102//3075
f 3095//3076 3103//3058 3104//3077
f 2823//2796 2822//2795 2826//2806
f 2531//2711 3096//3078 3095//3076
f 2972//2940 2968//3049 3079//3046
f 2972//2940 3092//3079 2968//3049
f 3105//3080 3252//3081 3106//3082
f 2972//2940 3079//3046 2966//2941
f 2976//2942 2966//2941 3071//2938
f 3094//3083 3108//3084 3087//3085
f 2976//2942 3071//2938 2970//2937
f 3104//3077 2555//2527 2531//2711
f 3104//3077 2531//2711 3095//3076
f 2967//3056 2968//3049 3092//3079
f 3111//3086 3101//3073 3108//3084
f 2973//2950 2967//3056 3120//2948
f 3112//3087 2568//2545 3104//3077
f 3112//3087 3104//3077 3093//3067
f 2568//2545 2555//2527 3104//3077
f 3114//3088 3136//3089 3097//3069
f 3114//3088 3097//3069 3115//3090
f 3116//3091 3110//3092 3090//3065
f 3112//3087 3117//3093 3113//2557
f 3109//3094 2801//3015 2814//2995
f 2830//2809 2844//2821 2826//2806
f 2830//2809 2826//2806 2813//2792
f 2837//2819 2836//2826 2832//2820
f 3109//3094 2804//2775 2801//3015
f 3120//2948 2967//3056 3092//3079
f 3113//2557 2568//2545 3112//3087
f 3121//3095 3117//3093 3122//3096
f 3124//3097 3110//3092 3116//3091
f 3125//3098 3119//3099 3111//3086
f 3113//2557 3121//3095 2583//2560
f 3126//2863 2796//3012 2795//3011
f 3121//3095 3122//3096 3127//3100
f 3000//2959 3256//3068 2983//2960
f 3121//3095 2596//2573 2583//2560
f 3124//3097 3129//3101 3128//3102
f 3124//3097 3128//3102 3130//3103
f 2978//2943 3278//2790 3267//2944
f 3125//3098 3132//3104 3131//3105
f 3123//3106 3114//3088 3133//3107
f 3123//3106 3133//3107 3134//3108
f 3118//3109 3132//3104 3125//3098
f 3128//3102 3132//3104 3118//3109
f 2855//2851 2807//2778 2816//2833
f 2847//2827 3135//3110 2849//2825
f 3123//3106 3264//3111 3136//3089
f 3123//3106 3137//3112 3264//3111
f 3131//3105 3132//3104 3138//3113
f 3128//3102 3142//3114 3132//3104
f 3092//3079 3139//3115 3120//2948
f 2838//2814 2807//2778 2855//2851
f 3092//3079 2972//2940 2986//2953
f 3141//3116 3142//3114 3128//3102
f 2981//2951 2976//2942 2970//2937
f 3129//3101 3143//2787 3141//3116
f 3129//3101 3141//3116 3128//3102
f 2894//3006 2395//2368 2396//2369
f 2974//2949 3120//2948 3139//3115
f 3142//3114 2648//2625 2636//2618
f 3142//3114 2636//2618 3138//3113
f 2803//2800 3270//3117 3275//2816
f 2902//3118 2901//3119 2841//2817
f 3155//3120 2814//2995 2796//3012
f 3145//3121 2841//2817 2818//3122
f 3145//3121 2818//3122 2869//2841
f 3001//2968 2979//2945 3003//3028
f 2827//2808 2748//2728 2669//2646
f 3146//3123 2393//2366 2395//2368
f 3146//3123 2824//2803 2393//2366
f 2754//2740 2751//2735 2862//2845
f 3147//3124 3146//3123 2905//3005
f 3149//3125 2904//3126 2926//3127
f 3150//3128 3151//3129 2904//3126
f 3152//3130 3151//3129 3153//3131
f 3039//3007 2894//3006 2396//2369
f 2929//2912 2675//2653 3014//2894
f 3150//3128 2955//3021 3151//3129
f 3148//3132 2974//2949 3139//3115
f 2953//3133 2781//2760 3153//3131
f 2825//2805 3015//2836 3154//3134
f 3148//3132 3615//3135 2974//2949
f 3028//2994 2976//2942 2981//2951
f 3030//2780 2816//2833 2807//2778
f 3039//3007 2396//2369 2418//2393
f 3030//2780 2817//2844 2816//2833
f 2851//2834 2816//2833 2817//2844
f 3157//3136 3158//3137 2364//2340
f 3160//3138 3157//3136 3159//3139
f 2821//2794 2834//2811 2832//2820
f 3161//3140 3163//3141 3162//3142
f 2847//2827 3748//3143 3135//3110
f 3163//3141 3161//3140 3164//3144
f 2847//2827 2886//2860 3748//3143
f 3165//3145 3166//3146 3615//3135
f 3165//3145 3615//3135 3148//3132
f 3163//3141 3167//3147 3730//3148
f 3167//3147 3163//3141 3164//3144
f 3170//3149 3139//3115 3092//3079
f 2887//2849 2865//3150 2805//2776
f 3167//3147 3164//3144 3168//3151
f 2887//2849 2925//2899 2865//3150
f 2805//2776 2804//2775 3109//3094
f 3168//3151 3164//3144 3169//3152
f 2877//2857 2844//2821 2871//2847
f 3170//3149 3092//3079 2986//2953
f 3057//3026 3730//3148 3167//3147
f 3167//3147 3168//3151 3171//3153
f 2830//2809 2839//2791 2861//2846
f 3010//2971 3028//2994 2981//2951
f 2805//2776 3109//3094 2863//2848
f 2833//2810 2821//2794 2823//2796
f 3057//3026 3167//3147 3171//3153
f 3156//3154 2866//2875 2857//3155
f 3041//3156 3148//3132 3139//3115
f 2865//3150 3156//3154 2805//2776
f 2865//3150 2866//2875 3156//3154
f 2896//2887 2863//2848 3155//3120
f 2846//2824 2861//2846 2839//2791
f 3040//3018 3165//3145 3148//3132
f 3040//3018 3148//3132 3041//3156
f 3170//3149 2986//2953 3020//2984
f 2875//2854 2922//2884 2879//2859
f 3056//3025 3322//3157 3057//3026
f 3169//3152 3172//3158 3168//3151
f 2823//2796 2883//2858 2833//2810
f 3041//3156 3139//3115 3173//2807
f 3109//3094 2814//2995 3155//3120
f 3175//3029 3057//3026 3171//3153
f 3175//3029 3055//3024 3057//3026
f 2816//2833 2854//2832 2872//2850
f 2863//2848 3109//3094 3155//3120
f 3174//3159 3172//3158 3169//3152
f 3171//3153 3168//3151 3172//3158
f 2871//2847 2844//2821 2830//2809
f 2916//2868 2834//2811 2833//2810
f 2916//2868 2833//2810 2883//2858
f 3170//3149 3173//2807 3139//3115
f 2854//2832 2880//2881 2872//2850
f 2854//2832 2867//2839 2880//2881
f 3126//2863 2890//2865 2911//3160
f 2893//2867 2843//2818 2834//2811
f 3056//3025 3059//3038 3334//3161
f 2796//3012 3126//2863 2911//3160
f 2895//2869 2885//2838 2843//2818
f 3176//3162 3171//3153 3172//3158
f 2861//2846 2903//2870 2888//2861
f 3175//3029 3171//3153 3176//3162
f 2899//2874 2867//2839 2856//2835
f 2903//2870 2861//2846 2879//2859
f 3058//3033 3059//3038 3056//3025
f 3159//3139 3157//3136 2364//2340
f 3159//3139 2364//2340 2368//2341
f 3155//3120 2796//3012 2911//3160
f 3058//3033 3056//3025 3055//3024
f 3155//3120 2911//3160 2896//2887
f 2877//2857 2871//2847 2898//2872
f 3070//3019 3069//3040 3166//3146
f 3070//3019 3166//3146 3165//3145
f 2883//2858 2910//2888 2913//3163
f 2903//2870 2879//2859 2922//2884
f 2883//2858 2877//2857 2910//2888
f 3160//3138 3158//3137 3157//3136
f 2913//3163 2916//2868 2883//2858
f 2886//2860 2885//2838 2906//2876
f 2920//2886 2895//2869 2893//2867
f 2913//3163 2918//2893 2916//2868
f 2899//2874 2880//2881 2867//2839
f 2928//2871 2949//2919 2948//2918
f 2928//2871 2919//2883 2949//2919
f 2907//2877 2923//2889 2939//2904
f 3177//3164 3158//3137 3160//3138
f 2892//2866 2922//2884 2875//2854
f 3176//3162 3060//3030 3175//3029
f 2915//2882 2952//2921 2887//2849
f 2939//2904 2923//2889 2937//3165
f 2939//2904 2937//3165 2960//2931
f 2964//2933 2994//2911 2938//2897
f 2964//2933 2938//2897 2931//2898
f 3065//3036 3058//3033 3063//3032
f 3047//2976 2380//2353 2382//2355
f 3065//3036 3059//3038 3058//3033
f 2936//2934 2930//2900 2965//2935
f 2936//2934 2965//2935 2964//2933
f 2899//2874 2866//2875 2924//2901
f 3177//3164 3430//3166 3158//3137
f 2952//2921 2915//2882 2951//2923
f 2921//2891 2922//2884 2892//2866
f 2964//2933 2965//2935 3017//3003
f 2964//2933 3017//3003 2995//2980
f 2971//2939 3060//3030 3176//3162
f 2975//3167 2954//2922 3179//2978
f 3178//3168 3159//3139 2368//2341
f 2928//2871 2898//2872 2888//2861
f 2928//2871 2923//2889 2898//2872
f 3070//3019 3165//3145 3040//3018
f 2975//3167 3179//2978 3013//2977
f 2808//2781 3028//2994 3010//2971
f 3034//3008 2961//2930 3009//2970
f 3034//3008 3012//2973 2961//2930
f 3036//3000 3078//3045 3061//3031
f 3041//3156 3173//2807 2822//2795
f 2813//2792 3170//3149 3020//2984
f 3083//3053 3076//3043 2514//2712
f 2813//2792 3173//2807 3170//3149
f 3130//3103 3108//3084 3094//3083
f 3130//3103 3094//3083 3107//3169
f 2892//2866 2909//2880 2932//2892
f 3111//3086 3118//3109 3125//3098
f 3111//3086 3108//3084 3118//3109
f 2808//2781 3010//2971 3026//2779
f 3124//3097 3130//3103 3107//3169
f 3124//3097 3107//3169 3110//3092
f 3182//3170 2845//2822 2825//2805
f 3079//3046 3065//3036 3063//3032
f 3130//3103 3118//3109 3108//3084
f 3182//3170 2825//2805 3154//3134
f 3183//3171 3160//3138 3159//3139
f 3181//3172 3430//3166 3177//3164
f 2906//2876 2920//2886 2944//2910
f 3128//3102 3118//3109 3130//3103
f 3152//3130 2929//2912 2926//3127
f 3178//3168 2368//2341 2373//2346
f 3186//3173 3160//3138 3183//3171
f 3186//3173 3177//3164 3160//3138
f 2993//3174 2980//2974 2946//2926
f 2993//3174 2946//2926 2933//2895
f 2958//2927 2975//3167 3013//2977
f 3156//3154 2857//3155 3154//3134
f 2822//2795 2821//2794 3040//3018
f 2822//2795 3040//3018 3041//3156
f 3156//3154 3015//2836 2805//2776
f 2993//3174 2933//2895 2994//2911
f 2918//2893 2913//3163 2934//2903
f 3182//3170 2817//2844 2845//2822
f 2919//2883 2903//2870 2917//2885
f 2836//2826 3070//3019 2832//2820
f 3156//3154 3154//3134 3015//2836
f 2910//2888 2934//2903 2913//3163
f 3189//3175 2906//2876 3190//3176
f 3189//3175 2886//2860 2906//2876
f 3187//3177 3183//3171 3159//3139
f 3187//3177 3159//3139 3178//3168
f 3186//3173 3181//3172 3177//3164
f 2851//2834 2817//2844 3182//3170
f 3047//2976 2382//2355 2874//3178
f 2931//2898 2880//2881 2899//2874
f 2931//2898 2899//2874 2936//2934
f 2924//2901 2936//2934 2899//2874
f 3188//2829 2971//2939 3184//3179
f 2857//3155 3182//3170 3154//3134
f 2919//2883 2917//2885 2949//2919
f 2969//2936 2971//2939 3188//2829
f 3192//3180 3183//3171 3187//3177
f 2925//2899 2887//2849 2952//2921
f 2945//2909 2906//2876 2944//2910
f 2945//2909 3190//3176 2906//2876
f 3256//3068 3180//3055 2984//2975
f 2851//2834 3182//3170 2857//3155
f 3188//2829 3184//3179 2812//2823
f 2907//2877 2934//2903 2910//2888
f 3161//3140 3181//3172 3186//3173
f 2927//3181 2917//2885 2922//2884
f 2927//3181 2922//2884 2921//2891
f 3192//3180 3186//3173 3183//3171
f 3126//2863 2795//3011 2889//2864
f 2937//3165 2923//2889 2928//2871
f 3161//3140 3616//3182 3185//3183
f 2866//2875 2851//2834 2857//3155
f 3161//3140 3185//3183 3181//3172
f 2896//2887 2911//3160 2941//2913
f 2856//2835 2851//2834 2866//2875
f 3194//3184 3186//3173 3192//3180
f 2979//2945 3261//3185 3256//3068
f 3190//3176 3196//3186 3189//3175
f 2918//2893 2944//2910 2920//2886
f 3161//3140 3162//3142 3616//3182
f 3195//3187 3178//3168 2373//2346
f 2921//2891 2932//2892 2946//2926
f 2940//2905 2934//2903 2907//2877
f 2948//2918 2937//3165 2928//2871
f 2918//2893 2959//2928 2944//2910
f 2936//2934 2924//2901 2930//2900
f 2946//2926 2932//2892 2933//2895
f 3161//3140 3186//3173 3194//3184
f 3197//3188 2373//2346 2375//2348
f 2982//2947 2969//2936 3188//2829
f 2942//2907 2900//2906 3199//3189
f 3200//3190 3178//3168 3195//3187
f 2925//2899 2866//2875 2865//3150
f 3200//3190 3187//3177 3178//3168
f 3195//3187 2373//2346 3197//3188
f 2943//2908 2944//2910 2959//2928
f 2935//2902 2954//2922 2975//3167
f 3000//2959 2979//2945 3256//3068
f 2957//2925 2927//3181 2921//2891
f 2990//2954 2937//3165 2948//2918
f 2886//2860 3302//3191 3748//3143
f 3193//3192 2942//2907 3199//3189
f 3200//3190 3192//3180 3187//3177
f 3193//3192 3201//3193 2942//2907
f 2975//3167 2958//2927 2935//2902
f 3202//3194 3161//3140 3194//3184
f 3203//3195 3194//3184 3192//3180
f 3003//3028 2979//2945 3000//2959
f 2924//2901 2866//2875 2925//2899
f 3011//2972 2982//2947 3188//2829
f 3196//3186 3204//3196 3205//3197
f 3189//3175 3302//3191 2886//2860
f 3011//2972 3188//2829 2848//2828
f 3207//3198 3192//3180 3200//3190
f 2960//2931 2937//3165 2990//2954
f 3189//3175 3191//3199 3302//3191
f 2992//2956 2988//2964 2927//3181
f 2992//2956 2927//3181 2957//2925
f 3208//3200 3194//3184 3203//3195
f 3193//3192 2385//2358 2387//2360
f 3193//3192 2387//2360 3209//3201
f 3164//3144 3161//3140 3202//3194
f 2958//2927 3013//2977 2959//2928
f 2890//2865 2889//2864 2900//2906
f 3210//3202 3200//3190 3195//3187
f 3210//3202 3195//3187 3206//3203
f 2890//2865 3212//3204 3198//3205
f 2985//2967 2960//2931 2990//2954
f 3193//3192 3209//3201 3201//3193
f 3207//3198 3203//3195 3192//3180
f 3191//3199 3189//3175 3213//3206
f 2963//2932 2954//2922 2940//2905
f 2817//2844 3030//2780 3011//2972
f 2817//2844 3011//2972 2848//2828
f 3213//3206 3216//3207 3191//3199
f 3190//3176 2945//2909 3196//3186
f 3202//3194 3194//3184 3208//3200
f 2985//2967 2999//2958 2960//2931
f 2980//2974 2977//2946 2946//2926
f 3196//3186 3213//3206 3189//3175
f 3211//3208 2943//2908 2959//2928
f 3211//3208 2997//3209 2943//2908
f 2987//2920 2988//2964 3002//2963
f 2958//2927 2918//2893 2935//2902
f 3193//3192 3199//3189 2385//2358
f 2993//3174 2994//2911 3018//2981
f 3198//3205 2911//3160 2890//2865
f 3212//3204 2890//2865 2942//2907
f 3212//3204 2942//2907 3201//3193
f 2980//2974 2993//3174 3018//2981
f 3216//3207 3218//3210 2950//2915
f 3013//2977 3016//2979 3211//3208
f 3217//3211 3197//3188 2375//2348
f 2950//2915 3397//2917 3216//3207
f 3211//3208 3221//3212 3219//3213
f 3024//2990 2963//2932 3004//2983
f 2988//2964 2949//2919 2917//2885
f 2988//2964 2917//2885 2927//3181
f 3019//2993 2991//2955 2987//2920
f 3019//2993 2987//2920 3002//2963
f 2961//2930 2962//2929 3009//2970
f 3204//3196 3196//3186 2945//2909
f 3220//3214 2911//3160 3198//3205
f 3207//3198 3200//3190 3210//3202
f 2988//2964 2987//2920 2949//2919
f 2943//2908 2997//3209 3204//3196
f 3179//2978 3043//3215 3016//2979
f 2943//2908 3204//3196 2945//2909
f 3211//3208 3016//2979 3221//3212
f 3222//3216 3202//3194 3208//3200
f 3029//2996 3019//2993 3002//2963
f 3223//3217 3197//3188 3217//3211
f 3220//3214 2941//2913 2911//3160
f 3179//2978 3024//2990 3043//3215
f 2874//3178 3102//3075 3047//2976
f 3224//3218 3203//3195 3207//3198
f 2987//2920 2991//2955 2948//2918
f 3018//2981 3031//2999 2980//2974
f 3012//2973 3017//3003 2965//2935
f 3225//3219 3207//3198 3210//3202
f 3009//2970 2956//2924 3052//2986
f 3195//3187 3197//3188 3223//3217
f 3046//3014 3226//3220 3227//3221
f 3046//3014 3229//3222 3226//3220
f 3231//3223 3018//2981 2995//2980
f 3169//3152 3164//3144 3202//3194
f 3169//3152 3202//3194 3222//3216
f 3053//2987 3006//2966 3025//2992
f 3228//3224 3203//3195 3224//3218
f 3228//3224 3208//3200 3203//3195
f 3021//2982 3005//2965 3053//2987
f 3215//3225 3205//3197 3204//3196
f 3231//3223 2995//2980 3017//3003
f 3220//3214 3212//3204 3229//3222
f 3220//3214 3198//3205 3212//3204
f 3044//3010 3018//2981 3231//3223
f 3022//2985 2941//2913 3220//3214
f 3022//2985 2951//2923 2941//2913
f 3211//3208 2959//2928 3013//2977
f 3230//3226 3207//3198 3225//3219
f 3046//3014 3227//3221 3045//3013
f 2963//2932 3179//2978 2954//2922
f 2997//3209 3215//3225 3204//3196
f 3045//3013 3052//2986 3022//2985
f 2889//2864 2795//3011 3068//3027
f 2889//2864 3068//3027 3102//3075
f 3082//2998 3236//3227 3029//2996
f 3024//2990 3179//2978 2963//2932
f 2889//2864 3102//3075 2900//2906
f 3043//3215 3024//2990 3062//2991
f 2997//3209 3211//3208 3219//3213
f 2997//3209 3219//3213 3215//3225
f 3224//3218 3207//3198 3230//3226
f 3222//3216 3208//3200 3228//3224
f 3050//3017 3034//3008 3009//2970
f 3027//2988 3037//3001 3074//3050
f 3050//3017 3009//2970 3052//2986
f 3043//3215 3234//3228 3016//2979
f 3229//3222 3022//2985 3220//3214
f 3057//3026 3322//3157 3730//3148
f 3042//3009 3038//3004 3012//2973
f 3212//3204 3201//3193 3235//3229
f 3046//3014 3022//2985 3229//3222
f 3231//3223 3017//3003 3038//3004
f 2874//3178 2382//2355 2385//2358
f 3237//3230 3195//3187 3223//3217
f 3044//3010 3048//3034 3031//2999
f 3083//3053 3082//2998 3033//2997
f 3235//3229 3229//3222 3212//3204
f 3073//3041 3242//3231 3042//3009
f 3073//3041 3042//3009 3034//3008
f 3082//2998 3081//3052 3236//3227
f 3237//3230 3206//3203 3195//3187
f 3088//3023 3067//3039 3052//2986
f 3199//3189 3102//3075 2874//3178
f 2900//2906 3102//3075 3199//3189
f 3074//3050 3280//3232 3027//2988
f 3180//3055 2375//2348 2378//2350
f 3237//3230 3210//3202 3206//3203
f 3226//3220 3229//3222 3235//3229
f 3199//3189 2874//3178 2385//2358
f 3246//3233 3222//3216 3228//3224
f 3238//3234 3235//3229 3201//3193
f 3238//3234 3201//3193 3232//3235
f 3232//3235 3201//3193 3209//3201
f 3072//3042 3089//3063 3075//3022
f 3232//3235 3209//3201 3239//3236
f 3072//3042 3091//3064 3089//3063
f 3076//3043 3083//3053 3033//2997
f 3081//3052 3054//3044 3236//3227
f 3081//3052 2719//2701 2707//2692
f 3077//3047 2694//2768 2688//2664
f 3077//3047 3051//3020 2694//2768
f 3054//3044 2694//2768 3051//3020
f 3054//3044 2707//2692 2694//2768
f 3240//3237 3210//3202 3237//3230
f 3077//3047 2688//2664 3080//3051
f 3217//3211 2375//2348 3180//3055
f 3077//3047 3080//3051 3037//3001
f 3054//3044 3081//3052 2707//2692
f 3064//3035 3084//3054 3078//3045
f 3061//3031 3096//3078 3076//3043
f 3236//3227 3025//2992 3019//2993
f 3089//3063 3088//3023 3075//3022
f 3236//3227 3019//2993 3029//2996
f 3027//2988 3062//2991 3004//2983
f 2495//2473 2719//2701 3082//2998
f 3089//3063 3087//3085 3088//3023
f 3174//3159 3169//3152 3222//3216
f 3174//3159 3222//3216 3246//3233
f 3243//3238 2853//3059 3244//3061
f 3243//3238 3244//3061 2389//2362
f 3245//3239 3073//3041 3049//3016
f 3245//3239 3049//3016 3067//3039
f 3246//3233 3228//3224 3224//3218
f 3247//3074 3073//3041 3245//3239
f 3085//3057 3084//3054 3048//3034
f 3225//3219 3210//3202 3240//3237
f 3245//3239 3067//3039 3088//3023
f 3099//3070 3091//3064 3248//3240
f 3027//2988 3280//3232 3062//2991
f 3243//3238 2389//2362 2831//2843
f 3087//3085 3245//3239 3088//3023
f 2514//2712 2513//2474 2495//2473
f 3098//3071 3099//3070 3251//3241
f 3252//3081 3241//3242 3253//3243
f 2514//2712 3076//3043 3096//3078
f 3099//3070 3090//3065 3091//3064
f 3238//3234 3226//3220 3235//3229
f 3054//3044 3053//2987 3025//2992
f 3250//3066 3105//3080 3093//3067
f 3094//3083 3089//3063 3107//3169
f 3094//3083 3087//3085 3089//3063
f 3100//3072 3245//3239 3087//3085
f 3100//3072 3247//3074 3245//3239
f 3105//3080 3250//3066 3249//3244
f 3105//3080 3249//3244 3252//3081
f 3253//3243 3101//3073 3254//3245
f 3236//3227 3054//3044 3025//2992
f 3096//3078 2531//2711 2514//2712
f 3042//3009 3242//3231 3038//3004
f 3255//3246 3230//3226 3225//3219
f 3090//3065 3107//3169 3089//3063
f 3227//3221 3226//3220 3248//3240
f 3097//3069 3090//3065 3099//3070
f 3043//3215 3062//2991 3234//3228
f 3093//3067 3105//3080 3117//3093
f 3256//3068 3217//3211 3180//3055
f 3093//3067 3104//3077 3103//3058
f 3257//3247 3224//3218 3230//3226
f 3214//3248 3213//3206 3196//3186
f 3214//3248 3216//3207 3213//3206
f 3258//3249 3044//3010 3231//3223
f 3106//3082 3252//3081 3253//3243
f 3251//3241 3226//3220 3238//3234
f 3108//3084 3101//3073 3100//3072
f 3218//3210 3216//3207 3214//3248
f 3093//3067 3117//3093 3112//3087
f 3097//3069 3098//3071 3115//3090
f 3105//3080 3122//3096 3117//3093
f 3254//3245 3106//3082 3253//3243
f 3097//3069 3136//3089 3090//3065
f 3258//3249 3048//3034 3044//3010
f 3110//3092 3107//3169 3090//3065
f 3090//3065 3136//3089 3116//3091
f 3106//3082 3122//3096 3105//3080
f 3072//3042 3045//3013 3227//3221
f 3251//3241 3248//3240 3226//3220
f 3218//3210 3214//3248 3205//3197
f 3119//3099 3101//3073 3111//3086
f 3119//3099 3254//3245 3101//3073
f 3205//3197 3214//3248 3196//3186
f 3072//3042 3248//3240 3091//3064
f 3072//3042 3227//3221 3248//3240
f 3259//3250 3260//3251 3277//3252
f 3258//3249 3231//3223 3038//3004
f 3239//3236 3269//3060 3086//3062
f 3114//3088 3115//3090 3260//3251
f 3122//3096 3106//3082 3127//3100
f 3258//3249 3085//3057 3048//3034
f 3259//3250 3277//3252 2864//3253
f 3127//3100 3254//3245 3119//3099
f 3242//3231 3247//3074 3241//3242
f 3257//3247 3246//3233 3224//3218
f 3233//3254 3238//3234 3232//3235
f 3121//3095 3113//2557 3117//3093
f 3233//3254 3232//3235 3239//3236
f 3073//3041 3247//3074 3242//3231
f 3249//3244 3038//3004 3242//3231
f 3249//3244 3258//3249 3038//3004
f 3127//3100 3119//3099 3131//3105
f 3258//3249 3250//3066 3085//3057
f 3261//3185 3223//3217 3217//3211
f 3261//3185 3217//3211 3256//3068
f 3125//3098 3131//3105 3119//3099
f 3259//3250 2864//3253 3263//3255
f 3123//3106 3136//3089 3114//3088
f 3249//3244 3250//3066 3258//3249
f 2878//2855 3262//3256 2860//3257
f 3255//3246 3225//3219 3240//3237
f 3264//3111 3129//3101 3116//3091
f 2802//3258 3280//3232 3074//3050
f 3264//3111 3116//3091 3136//3089
f 3265//3259 3238//3234 3233//3254
f 3133//3107 3114//3088 3260//3251
f 3266//3260 2613//2592 2596//2573
f 3266//3260 3121//3095 3127//3100
f 3266//3260 2596//2573 3121//3095
f 3233//3254 3239//3236 3086//3062
f 3133//3107 3260//3251 3268//3261
f 3241//3242 3249//3244 3242//3231
f 3080//3051 2688//2664 2789//2766
f 3248//3240 3251//3241 3099//3070
f 3140//3262 3129//3101 3264//3111
f 3269//3060 3209//3201 2387//2360
f 3080//3051 2802//3258 3074//3050
f 3267//2944 3240//3237 3237//3230
f 3266//3260 2623//2603 2613//2592
f 3261//3185 3237//3230 3223//3217
f 3271//3263 3246//3233 3257//3247
f 3138//3113 3132//3104 3142//3114
f 3131//3105 2636//2618 2623//2603
f 3265//3259 3251//3241 3238//3234
f 3131//3105 2623//2603 3266//3260
f 2902//3118 3133//3107 3268//3261
f 3138//3113 2636//2618 3131//3105
f 3270//3117 3134//3108 3133//3107
f 3255//3246 3257//3247 3230//3226
f 3137//3112 3123//3106 3134//3108
f 3272//3264 3140//3262 3137//3112
f 3143//2787 2811//2786 3141//3116
f 3143//2787 3129//3101 3140//3262
f 3143//2787 3140//3262 3272//3264
f 2803//2800 3134//3108 3270//3117
f 3274//2799 3137//3112 3134//3108
f 3180//3055 2378//2350 2380//2353
f 3241//3242 3252//3081 3249//3244
f 3274//2799 3134//3108 2803//2800
f 3271//3263 3174//3159 3246//3233
f 3080//3051 2789//2766 2614//2597
f 3080//3051 2614//2597 2802//3258
f 3086//3062 3265//3259 3233//3254
f 3276//2773 3257//3247 3255//3246
f 3272//3264 2828//2785 3143//2787
f 3273//3265 2653//2630 2648//2625
f 3273//3265 2648//2625 3142//3114
f 3144//3266 3273//3265 2811//2786
f 3144//3266 2653//2630 3273//3265
f 3265//3259 3086//3062 3277//3252
f 2841//2817 3275//2816 2902//3118
f 3267//2944 3237//3230 3261//3185
f 3096//3078 3061//3031 3078//3045
f 3098//3071 3251//3241 3265//3259
f 2841//2817 2901//3119 2818//3122
f 3101//3073 3241//3242 3247//3074
f 3144//3266 2661//2640 2653//2630
f 3253//3243 3241//3242 3101//3073
f 2661//2640 2811//2786 2828//2785
f 2661//2640 3144//3266 2811//2786
f 3184//3179 3172//3158 3174//3159
f 3095//3076 3078//3045 3084//3054
f 3095//3076 3096//3078 3078//3045
f 3086//3062 2853//3059 2860//3257
f 2971//2939 3176//3162 3172//3158
f 3086//3062 2860//3257 2864//3253
f 3275//2816 2835//2812 2803//2800
f 3115//3090 3098//3071 3265//3259
f 2842//2813 2819//2797 2803//2800
f 2799//2789 3255//3246 3240//3237
f 3103//3058 3095//3076 3084//3054
f 3115//3090 3265//3259 3277//3252
f 3115//3090 3277//3252 3260//3251
f 3093//3067 3103//3058 3085//3057
f 3239//3236 3209//3201 3269//3060
f 3271//3263 3257//3247 3276//2773
f 3145//3121 2840//2815 2841//2817
f 3243//3238 2860//3257 2853//3059
f 3277//3252 3086//3062 2864//3253
f 3108//3084 3100//3072 3087//3085
f 3244//3061 3269//3060 2387//2360
f 3184//3179 3174//3159 3271//3263
f 2824//2803 3147//3124 2829//2896
f 2824//2803 3146//3123 3147//3124
f 3145//3121 2869//2841 2840//2815
f 2971//2939 3172//3158 3184//3179
f 2860//3257 3243//3238 2831//2843
f 2835//2812 3275//2816 2840//2815
f 2835//2812 2840//2815 2859//2842
f 2818//3122 2793//2783 3149//3125
f 3278//2790 3240//3237 3267//2944
f 2882//3267 2829//2896 3147//3124
f 2882//3267 2809//2782 2829//2896
f 2669//2646 2828//2785 2827//2808
f 2669//2646 2661//2640 2828//2785
f 3127//3100 3106//3082 3254//3245
f 2842//2813 2835//2812 2852//2831
f 2882//3267 2793//2783 2809//2782
f 2878//2855 2860//3257 2831//2843
f 2862//2845 2819//2797 2891//2873
f 2862//2845 2827//2808 2819//2797
f 3147//3124 2904//3126 2882//3267
f 2891//2873 2819//2797 2852//2831
f 3279//3268 2869//2841 2818//3122
f 3279//3268 2818//3122 3149//3125
f 3279//3268 2873//2852 2869//2841
f 2882//3267 3149//3125 2793//2783
f 2882//3267 2904//3126 3149//3125
f 2754//2740 2862//2845 2891//2873
f 2799//2789 3240//3237 3278//2790
f 3259//3250 3268//3261 3260//3251
f 2395//2368 2905//3005 3146//3123
f 3129//3101 3124//3097 3116//3091
f 2395//2368 2894//3006 2905//3005
f 3266//3260 3127//3100 3131//3105
f 3147//3124 2905//3005 2912//3269
f 3014//2894 2876//2856 2873//2852
f 3014//2894 2914//2890 2876//2856
f 3014//2894 2873//2852 3279//3268
f 2926//3127 3014//2894 3279//3268
f 2926//3127 3279//3268 3149//3125
f 3150//3128 2904//3126 3147//3124
f 3062//2991 3280//3232 3234//3228
f 2926//3127 2904//3126 3151//3129
f 2926//3127 3151//3129 3152//3130
f 3150//3128 3147//3124 2912//3269
f 3263//3255 2902//3118 3268//3261
f 3263//3255 3268//3261 3259//3250
f 3262//3256 2864//3253 2860//3257
f 2806//2772 3271//3263 3276//2773
f 3262//3256 2878//2855 2794//2784
f 2929//2912 3014//2894 2926//3127
f 3244//3061 2387//2360 2389//2362
f 3150//3128 2912//3269 2955//3021
f 3262//3256 3263//3255 2864//3253
f 3151//3129 2953//3133 3153//3131
f 3039//3007 2912//3269 2905//3005
f 3263//3255 2901//3119 2902//3118
f 3267//2944 3261//3185 2979//2945
f 3140//3262 3264//3111 3137//3112
f 3281//3270 2929//2912 3152//3130
f 3039//3007 2955//3021 2912//3269
f 2955//3021 2953//3133 3151//3129
f 2901//3119 3263//3255 3262//3256
f 2953//3133 2955//3021 2781//2760
f 3153//3131 3281//3270 3152//3130
f 2794//2784 2878//2855 2884//2862
f 3281//3270 2777//2755 2678//2655
f 2800//2774 3255//3246 2799//2789
f 3281//3270 2678//2655 2929//2912
f 2778//2761 3281//3270 3153//3131
f 2778//2761 2777//2755 3281//3270
f 2901//3119 3262//3256 2794//2784
f 2778//2761 3153//3131 2779//2759
f 2781//2760 2955//3021 2418//2393
f 3273//3265 3142//3114 3141//3116
f 3273//3265 3141//3116 2811//2786
f 3275//2816 3270//3117 3133//3107
f 3275//2816 3133//3107 2902//3118
f 2812//2823 3184//3179 3271//3263
f 2781//2760 2779//2759 3153//3131
f 2901//3119 2794//2784 2793//2783
f 3272//3264 2820//2798 2828//2785
f 2901//3119 2793//2783 2818//3122
f 2978//2943 2979//2945 3001//2968
f 2800//2774 3276//2773 3255//3246
f 2794//2784 2884//2862 2809//2782
f 2881//2804 2391//2364 2393//2366
f 2812//2823 3271//3263 2806//2772
f 3278//2790 3007//2962 2810//2788
f 2802//3258 4608//3271 3280//3232
f 3003//3028 3000//2959 2996//2961
f 3001//2968 3003//3028 2795//3011
f 2820//2798 3137//3112 3274//2799
f 3003//3028 2996//2961 3068//3027
f 2820//2798 3272//3264 3137//3112
f 3015//2836 3035//2777 2805//2776
f 3414//3272 3289//3273 3290//3274
f 3291//3275 3292//3276 3417//3277
f 3748//3143 3302//3191 3745//3278
f 3689//3279 3341//3280 3729//3281
f 3303//3282 3354//3283 3320//3284
f 3746//3285 3293//3286 3288//3287
f 3311//3288 3312//3289 3663//3290
f 3301//3291 3313//3292 3749//3293
f 3663//3290 3312//3289 3710//3294
f 3747//3295 3288//3287 3295//3296
f 3290//3274 3324//3297 3308//3298
f 3337//3299 3291//3275 3728//3300
f 3325//3301 3339//3302 3328//3303
f 3345//3304 3346//3305 3287//3306
f 3329//3307 3348//3308 3734//3309
f 3700//3310 3350//3311 3304//3312
f 3296//3313 3350//3311 3700//3310
f 3286//3314 3285//3315 3301//3291
f 3342//3316 3353//3317 3371//3318
f 3302//3191 3357//3319 3293//3286
f 3293//3286 3360//3320 3288//3287
f 3367//3321 3359//3322 3344//3323
f 3299//3324 3285//3315 3307//3325
f 3718//3326 3310//3327 3351//3328
f 3358//3329 3364//3330 3365//3331
f 3288//3287 3366//3332 3295//3296
f 3295//3296 3366//3332 3299//3324
f 3317//3333 3368//3334 3733//3335
f 3301//3291 4312//3336 3313//3292
f 3733//3335 3368//3334 3331//3337
f 3285//3315 3370//3338 3301//3291
f 3331//3337 4347//3339 3332//3340
f 3371//3318 3353//3317 3283//3341
f 3737//3342 3372//3343 3294//3344
f 3360//3320 3366//3332 3288//3287
f 3321//3345 3363//3346 3284//3347
f 3338//3348 3284//3347 3333//3349
f 3289//3273 3324//3297 3290//3274
f 3299//3324 3373//3350 3285//3315
f 3309//3351 3310//3327 3315//3352
f 3302//3191 3191//3199 3357//3319
f 3282//3353 3374//3354 3317//3333
f 3357//3319 3360//3320 3293//3286
f 3330//3355 3374//3354 3282//3353
f 3365//3331 3298//3356 3326//3357
f 3370//3338 4312//3336 3301//3291
f 3305//3358 3306//3359 3358//3329
f 3320//3284 3340//3360 3319//3361
f 3287//3306 3375//3362 3330//3355
f 3294//3344 3376//3363 3296//3313
f 3292//3276 3349//3364 3355//3365
f 3285//3315 3373//3350 3370//3338
f 3327//3366 3346//3305 3345//3304
f 3370//3338 3377//3367 4312//3336
f 3729//3281 3378//3368 3300//3369
f 3328//3303 3380//3370 3325//3301
f 3324//3297 3379//3371 3308//3298
f 3304//3312 3380//3370 3328//3303
f 3289//3273 3356//3372 3381//3373
f 3355//3365 3356//3372 3289//3273
f 3298//3356 3316//3374 3297//3375
f 3360//3320 3382//3376 3366//3332
f 3366//3332 3383//3377 3299//3324
f 3299//3324 3383//3377 3373//3350
f 3322//3157 3334//3161 3347//3378
f 3357//3319 3382//3376 3360//3320
f 3310//3327 3384//3379 3351//3328
f 3291//3275 3349//3364 3292//3276
f 3351//3328 3385//3380 3737//3342
f 3333//3349 3386//3381 3327//3366
f 3370//3338 3373//3350 3377//3367
f 3361//3382 3318//3383 3362//3384
f 3357//3319 3216//3207 3382//3376
f 3383//3377 3388//3385 3373//3350
f 3312//3289 3309//3351 3710//3294
f 3354//3283 3389//3386 3320//3284
f 3191//3199 3216//3207 3357//3319
f 3343//3387 3339//3302 3363//3346
f 3323//3388 3340//3360 3318//3383
f 3341//3280 3378//3368 3729//3281
f 3373//3350 3387//3389 3377//3367
f 3366//3332 3390//3390 3383//3377
f 3382//3376 3390//3390 3366//3332
f 3283//3341 3306//3359 3305//3358
f 3373//3350 3388//3385 3387//3389
f 3298//3356 3391//3391 3316//3374
f 3335//3392 3393//3393 3341//3280
f 3216//3207 3390//3390 3382//3376
f 3320//3284 3395//3394 3340//3360
f 3337//3299 3432//3395 3291//3275
f 3216//3207 3397//2917 3390//3390
f 3346//3305 3375//3362 3287//3306
f 3383//3377 3396//3396 3388//3385
f 3367//3321 3362//3384 3359//3322
f 3737//3342 3385//3380 3372//3343
f 2371//2344 3398//3397 2370//2343
f 3390//3390 3396//3396 3383//3377
f 3390//3390 4356//2916 3396//3396
f 3397//2917 4356//2916 3390//3390
f 2390//2363 3400//3398 3399//3399
f 3404//3400 3401//3401 2388//2361
f 2392//2365 3402//3402 3400//3398
f 3400//3398 3402//3402 3403//3403
f 3322//3157 3056//3025 3334//3161
f 3405//3404 3404//3400 3566//3405
f 3341//3280 3393//3393 3378//3368
f 3416//3406 3673//3407 3640//3408
f 3417//3277 3673//3407 3416//3406
f 3411//3409 3418//3410 3695//3411
f 3417//3277 3419//3412 3673//3407
f 3316//3374 3420//3413 3369//3414
f 3369//3414 3420//3413 3354//3283
f 3350//3311 3380//3370 3304//3312
f 3411//3409 3308//3298 3418//3410
f 3355//3365 3349//3364 3356//3372
f 3418//3410 3371//3318 3695//3411
f 3331//3337 3368//3334 4388//3415
f 3419//3412 3355//3365 3724//3416
f 3317//3333 3374//3354 3368//3334
f 3342//3316 3418//3410 3308//3298
f 3303//3282 3369//3414 3354//3283
f 3355//3365 3289//3273 3724//3416
f 3353//3317 3342//3316 3421//3417
f 3327//3366 3386//3381 3346//3305
f 3329//3307 3352//3418 3422//3419
f 3363//3346 3424//3420 3284//3347
f 3425//3421 3283//3341 3353//3317
f 2364//2340 3392//3422 2412//2386
f 3329//3307 3422//3419 3348//3308
f 3284//3347 3427//3423 3333//3349
f 3333//3349 3427//3423 3386//3381
f 3426//3424 3428//3425 3422//3419
f 3422//3419 3428//3425 3348//3308
f 3471//3426 3432//3395 3431//3427
f 3434//3428 3425//3421 3421//3417
f 3306//3359 3435//3429 3358//3329
f 3421//3417 3425//3421 3353//3317
f 3430//3166 3436//3430 3392//3422
f 3392//3422 3436//3430 3422//3419
f 3423//3431 3428//3425 3437//3432
f 3330//3355 3440//3433 3374//3354
f 3381//3373 3324//3297 3289//3273
f 3422//3419 3436//3430 3426//3424
f 3334//3161 3393//3393 3335//3392
f 3443//3434 3442//3435 3444//3436
f 3433//3437 3445//3438 3431//3427
f 3431//3427 3445//3438 3446//3439
f 3348//3308 3428//3425 3337//3299
f 3448//3440 3447//3441 3511//3442
f 3449//3443 3444//3436 3452//3444
f 3314//3445 3398//3397 2371//2344
f 3296//3313 3376//3363 3350//3311
f 3392//3422 3352//3418 2412//2386
f 3437//3432 3441//3446 3454//3447
f 3379//3371 3439//3448 3308//3298
f 3308//3298 3439//3448 3342//3316
f 3378//3368 3455//3449 3300//3369
f 3300//3369 3455//3449 3311//3288
f 3429//3450 3389//3386 3354//3283
f 3374//3354 3456//3451 3368//3334
f 3365//3331 3364//3330 3298//3356
f 3392//3422 3422//3419 3352//3418
f 3312//3289 3457//3452 3309//3351
f 3344//3323 3415//3453 3314//3445
f 3346//3305 3458//3454 3375//3362
f 3339//3302 3459//3455 3363//3346
f 3325//3301 3460//3456 3339//3302
f 3291//3275 3432//3395 3349//3364
f 3374//3354 3461//3457 3456//3451
f 3372//3343 3462//3458 3294//3344
f 3283//3341 3425//3421 3306//3359
f 3294//3344 3462//3458 3376//3363
f 3350//3311 3463//3459 3380//3370
f 3375//3362 3440//3433 3330//3355
f 3349//3364 3464//3460 3356//3372
f 3309//3351 3465//3461 3310//3327
f 3428//3425 3423//3431 3337//3299
f 3386//3381 3458//3454 3346//3305
f 3423//3431 3433//3437 3337//3299
f 3393//3393 3467//3462 3378//3368
f 3384//3379 3385//3380 3351//3328
f 3363//3346 3394//3463 3424//3420
f 3311//3288 3455//3449 3312//3289
f 3368//3334 3456//3451 4388//3415
f 3339//3302 3460//3456 3459//3455
f 3432//3395 3471//3426 3349//3364
f 3318//3383 3468//3464 3362//3384
f 3314//3445 3469//3465 3398//3397
f 3458//3454 3453//3466 3375//3362
f 3363//3346 3459//3455 3394//3463
f 3358//3329 3435//3429 3364//3330
f 3364//3330 3470//3467 3298//3356
f 2370//2343 3398//3397 2367//2339
f 3468//3464 3359//3322 3362//3384
f 3440//3433 3461//3457 3374//3354
f 3337//3299 3433//3437 3432//3395
f 3381//3373 3472//3468 3324//3297
f 3284//3347 3424//3420 3427//3423
f 3320//3284 3389//3386 3395//3394
f 3425//3421 3442//3435 3306//3359
f 3340//3360 3473//3469 3318//3383
f 3334//3161 3059//3038 3393//3393
f 3342//3316 3439//3448 3421//3417
f 3298//3356 3470//3467 3391//3391
f 3375//3362 3474//3470 3440//3433
f 3453//3466 3474//3470 3375//3362
f 3324//3297 3466//3471 3379//3371
f 3306//3359 3442//3435 3435//3429
f 3356//3372 3475//3472 3381//3373
f 3359//3322 3415//3453 3344//3323
f 3356//3372 3464//3460 3475//3472
f 3380//3370 3476//3473 3325//3301
f 3325//3301 3476//3473 3460//3456
f 2364//2340 3158//3137 3392//3422
f 3378//3368 3467//3462 3455//3449
f 3349//3364 3471//3426 3464//3460
f 3427//3423 3458//3454 3386//3381
f 3457//3452 3465//3461 3309//3351
f 3310//3327 3477//3474 3384//3379
f 3465//3461 3477//3474 3310//3327
f 3462//3458 3478//3475 3376//3363
f 3354//3283 3479//3476 3429//3450
f 3420//3413 3479//3476 3354//3283
f 3415//3453 3469//3465 3314//3445
f 3463//3459 3480//3477 3380//3370
f 3455//3449 3482//3478 3312//3289
f 3312//3289 3482//3478 3457//3452
f 3359//3322 3483//3479 3415//3453
f 3440//3433 3484//3480 3461//3457
f 3427//3423 3485//3481 3458//3454
f 3394//3463 3486//3482 3424//3420
f 3461//3457 4444//3483 3456//3451
f 3426//3424 3441//3446 3428//3425
f 3059//3038 3066//3037 3393//3393
f 3376//3363 3487//3484 3350//3311
f 3350//3311 3487//3484 3463//3459
f 3471//3426 3488//3485 3464//3460
f 3467//3462 3489//3486 3455//3449
f 3459//3455 3490//3487 3394//3463
f 3470//3467 3491//3488 3391//3391
f 3395//3394 3473//3469 3340//3360
f 3391//3391 3491//3488 3316//3374
f 3316//3374 3491//3488 3420//3413
f 3442//3435 3443//3434 3435//3429
f 3381//3373 3475//3472 3472//3468
f 3472//3468 3466//3471 3324//3297
f 3481//3489 3372//3343 3385//3380
f 3458//3454 3474//3470 3453//3466
f 3424//3420 3486//3482 3427//3423
f 3393//3393 3066//3037 3467//3462
f 3379//3371 3447//3441 3439//3448
f 3466//3471 3447//3441 3379//3371
f 3435//3429 3443//3434 3364//3330
f 3474//3470 3484//3480 3440//3433
f 3458//3454 3492//3490 3474//3470
f 3439//3448 3438//3491 3421//3417
f 3469//3465 3493//3492 3398//3397
f 3398//3397 3494//3493 2367//2339
f 3433//3437 3431//3427 3432//3395
f 3318//3383 3473//3469 3468//3464
f 3478//3475 3487//3484 3376//3363
f 3380//3370 3480//3477 3476//3473
f 3158//3137 3430//3166 3392//3422
f 3477//3474 3495//3494 3384//3379
f 3476//3473 3496//3495 3460//3456
f 3464//3460 3488//3485 3475//3472
f 3457//3452 3497//3496 3465//3461
f 3482//3478 3497//3496 3457//3452
f 3429//3450 3498//3497 3389//3386
f 3441//3446 3437//3432 3428//3425
f 3492//3490 3484//3480 3474//3470
f 3484//3480 3499//3498 3461//3457
f 3461//3457 3499//3498 4444//3483
f 3455//3449 3500//3499 3482//3478
f 3489//3486 3500//3499 3455//3449
f 3423//3431 3445//3438 3433//3437
f 3437//3432 3445//3438 3423//3431
f 3462//3458 3501//3500 3478//3475
f 3066//3037 3502//3501 3467//3462
f 3485//3481 3492//3490 3458//3454
f 3460//3456 3490//3487 3459//3455
f 3463//3459 3487//3484 3480//3477
f 3415//3453 3503//3502 3469//3465
f 3490//3487 3504//3503 3394//3463
f 3394//3463 3504//3503 3486//3482
f 3470//3467 3505//3504 3491//3488
f 3364//3330 3506//3505 3470//3467
f 3443//3434 3506//3505 3364//3330
f 3427//3423 3507//3506 3485//3481
f 3486//3482 3507//3506 3427//3423
f 3439//3448 3447//3441 3438//3491
f 3431//3427 3508//3507 3471//3426
f 3485//3481 3509//3508 3492//3490
f 3475//3472 3510//3509 3472//3468
f 3468//3464 3483//3479 3359//3322
f 3488//3485 3512//3510 3475//3472
f 3473//3469 3513//3511 3468//3464
f 3467//3462 3502//3501 3489//3486
f 3438//3491 3450//3512 3421//3417
f 3483//3479 3503//3502 3415//3453
f 3471//3426 3508//3507 3488//3485
f 3492//3490 3514//3513 3484//3480
f 3476//3473 3515//3514 3496//3495
f 3480//3477 3515//3514 3476//3473
f 2397//2370 3516//3515 2356//2328
f 2356//2328 3518//3516 2394//2367
f 3477//3474 3517//3517 3495//3494
f 2356//2328 3516//3515 3518//3516
f 3384//3379 3495//3494 3385//3380
f 3425//3421 3434//3428 3442//3435
f 3465//3461 3497//3496 3477//3474
f 3472//3468 3510//3509 3466//3471
f 3498//3497 3520//3518 3389//3386
f 3395//3394 3520//3518 3473//3469
f 3389//3386 3520//3518 3395//3394
f 3420//3413 3521//3519 3479//3476
f 3491//3488 3521//3519 3420//3413
f 3460//3456 3496//3495 3490//3487
f 3469//3465 3522//3520 3493//3492
f 3486//3482 3523//3521 3507//3506
f 3066//3037 3524//3048 3502//3501
f 2398//2371 3525//3522 2397//2370
f 3466//3471 3511//3442 3447//3441
f 3430//3166 3181//3172 3436//3430
f 2390//2363 3399//3399 2388//2361
f 3500//3499 3526//3523 3482//3478
f 3482//3478 3526//3523 3497//3496
f 2392//2365 3400//3398 2390//2363
f 3487//3484 3527//3524 3480//3477
f 2367//2339 3494//3493 2365//2338
f 3519//3525 3516//3515 2397//2370
f 3504//3503 3529//3526 3486//3482
f 3484//3480 3514//3513 3499//3498
f 2397//2370 3525//3522 3519//3525
f 3509//3508 3528//3527 3492//3490
f 3508//3507 3530//3528 3488//3485
f 3398//3397 3493//3492 3494//3493
f 3442//3435 3434//3428 3444//3436
f 3468//3464 3532//3529 3483//3479
f 3426//3424 3533//3530 3441//3446
f 2388//2361 3401//3401 2386//2359
f 3489//3486 3534//3531 3500//3499
f 3502//3501 3534//3531 3489//3486
f 3478//3475 3535//3532 3487//3484
f 3475//3472 3512//3510 3510//3509
f 3443//3434 3536//3533 3506//3505
f 3450//3512 3434//3428 3421//3417
f 3518//3516 3402//3402 2394//2367
f 3436//3430 3181//3172 3426//3424
f 2400//2373 3525//3522 2398//2371
f 3510//3509 3537//3534 3466//3471
f 3514//3513 3531//3535 3499//3498
f 3429//3450 3538//3536 3498//3497
f 3479//3476 3538//3536 3429//3450
f 3399//3399 3404//3400 2388//2361
f 2394//2367 3402//3402 2392//2365
f 3372//3343 3540//3537 3462//3458
f 3481//3489 3540//3537 3372//3343
f 3495//3494 3481//3489 3385//3380
f 3485//3481 3541//3538 3509//3508
f 3507//3506 3541//3538 3485//3481
f 3516//3515 3542//3539 3518//3516
f 3501//3500 3543//3540 3478//3475
f 3492//3490 3528//3527 3514//3513
f 3447//3441 3450//3512 3438//3491
f 3469//3465 3544//3541 3522//3520
f 3503//3502 3544//3541 3469//3465
f 3444//3436 3449//3443 3443//3434
f 3519//3525 3545//3542 3516//3515
f 2400//2373 3546//3543 3525//3522
f 3181//3172 3533//3530 3426//3424
f 3470//3467 3506//3505 3505//3504
f 3490//3487 3547//3544 3504//3503
f 3496//3495 3547//3544 3490//3487
f 3400//3398 3566//3405 3399//3399
f 3477//3474 3549//3545 3517//3517
f 3497//3496 3549//3545 3477//3474
f 3431//3427 3446//3439 3508//3507
f 3480//3477 3527//3524 3515//3514
f 3566//3405 3404//3400 3399//3399
f 3466//3471 3537//3534 3511//3442
f 3488//3485 3530//3528 3512//3510
f 3494//3493 3539//3546 2365//2338
f 3529//3526 3523//3521 3486//3482
f 3525//3522 3545//3542 3519//3525
f 2365//2338 3539//3546 4056//2337
f 3543//3540 3535//3532 3478//3475
f 3528//3527 3985//3547 3514//3513
f 3552//3548 3542//3539 3516//3515
f 3483//3479 3553//3549 3503//3502
f 3518//3516 3555//3550 3402//3402
f 3542//3539 3555//3550 3518//3516
f 3515//3514 3554//3551 3496//3495
f 2403//2376 3559//3552 2401//2374
f 2401//2374 3558//3553 2400//2373
f 3513//3511 3532//3529 3468//3464
f 3524//3048 3534//3531 3502//3501
f 3523//3521 3541//3538 3507//3506
f 3533//3530 3454//3447 3441//3446
f 3546//3543 3548//3554 3525//3522
f 3487//3484 3535//3532 3527//3524
f 3449//3443 3536//3533 3443//3434
f 3534//3531 3561//3555 3500//3499
f 3514//3513 3985//3547 3531//3535
f 3527//3524 3562//3556 3515//3514
f 3434//3428 3556//3557 3444//3436
f 3495//3494 3563//3558 3481//3489
f 3545//3542 3552//3548 3516//3515
f 3517//3517 3563//3558 3495//3494
f 2386//2359 3551//3559 2384//2357
f 3509//3508 3564//3560 3528//3527
f 3541//3538 3564//3560 3509//3508
f 3561//3555 3526//3523 3500//3499
f 3540//3537 3565//3561 3462//3458
f 3462//3458 3565//3561 3501//3500
f 3437//3432 3567//3562 3445//3438
f 3548//3554 3545//3542 3525//3522
f 3454//3447 3567//3562 3437//3432
f 3404//3400 3406//3563 3401//3401
f 3493//3492 3550//3564 3494//3493
f 3401//3401 3551//3559 2386//2359
f 3528//3527 3557//3565 3985//3547
f 3522//3520 3568//3566 3493//3492
f 3555//3550 3403//3403 3402//3402
f 3450//3512 3556//3557 3434//3428
f 3504//3503 3547//3544 3529//3526
f 2384//2357 3569//3567 2383//2356
f 3450//3512 3451//3568 3556//3557
f 3550//3564 3570//3569 3494//3493
f 3494//3493 3570//3569 3539//3546
f 3529//3526 3571//3570 3523//3521
f 3524//3048 2973//2950 3534//3531
f 3497//3496 3572//3571 3549//3545
f 3526//3523 3572//3571 3497//3496
f 3985//3547 3557//3565 4035//3572
f 4065//3573 3539//3546 3570//3569
f 3532//3529 3553//3549 3483//3479
f 3400//3398 3573//3574 3566//3405
f 3403//3403 3573//3574 3400//3398
f 3496//3495 3554//3551 3547//3544
f 3520//3518 3574//3575 3473//3469
f 3473//3469 3574//3575 3513//3511
f 3551//3559 3560//3576 2384//2357
f 3513//3511 3575//3577 3532//3529
f 3564//3560 3557//3565 3528//3527
f 3527//3524 3576//3578 3562//3556
f 3535//3532 3576//3578 3527//3524
f 3521//3519 3538//3536 3479//3476
f 2404//2377 3577//3579 2403//2376
f 3561//3555 3578//3580 3526//3523
f 2400//2373 3579//3581 3546//3543
f 3558//3553 3579//3581 2400//2373
f 3405//3404 3406//3563 3404//3400
f 3447//3441 3580//3582 3450//3512
f 3448//3440 3580//3582 3447//3441
f 3406//3563 3581//3583 3401//3401
f 3552//3548 3582//3584 3542//3539
f 3553//3549 3544//3541 3503//3502
f 3515//3514 3562//3556 3554//3551
f 3523//3521 3583//3585 3541//3538
f 3498//3497 3584//3586 3520//3518
f 3559//3552 3558//3553 2401//2374
f 3401//3401 3585//3587 3551//3559
f 3508//3507 3586//3588 3530//3528
f 2973//2950 2974//2949 3534//3531
f 4035//3572 3557//3565 4059//3589
f 3493//3492 3568//3566 3550//3564
f 3526//3523 3578//3580 3572//3571
f 3565//3561 3543//3540 3501//3500
f 3548//3554 3409//3590 3545//3542
f 3491//3488 3587//3591 3521//3519
f 3505//3504 3587//3591 3491//3488
f 3506//3505 3588//3592 3505//3504
f 3564//3560 3589//3593 3557//3565
f 3543//3540 3590//3594 3535//3532
f 3560//3576 3569//3567 2384//2357
f 2403//2376 3577//3579 3559//3552
f 3549//3545 3591//3595 3517//3517
f 3517//3517 3591//3595 3563//3558
f 3541//3538 3583//3585 3564//3560
f 3510//3509 3592//3596 3537//3534
f 3555//3550 3407//3597 3403//3403
f 3547//3544 3571//3570 3529//3526
f 3523//3521 3571//3570 3583//3585
f 3545//3542 3599//3598 3552//3548
f 3567//3562 3593//3599 3445//3438
f 3445//3438 3593//3599 3446//3439
f 3572//3571 3594//3600 3549//3545
f 3481//3489 3563//3558 3540//3537
f 3544//3541 3595//3601 3522//3520
f 3542//3539 3582//3584 3555//3550
f 3551//3559 3596//3602 3560//3576
f 3590//3594 3576//3578 3535//3532
f 3553//3549 3598//3603 3544//3541
f 2974//2949 3561//3555 3534//3531
f 3409//3590 3599//3598 3545//3542
f 3185//3183 3533//3530 3181//3172
f 3579//3581 3409//3590 3546//3543
f 3546//3543 3409//3590 3548//3554
f 3532//3529 3600//3604 3553//3549
f 3554//3551 3601//3605 3547//3544
f 3565//3561 3603//3606 3543//3540
f 2383//2356 3604//3607 2381//2354
f 3537//3534 3605//3608 3511//3442
f 3511//3442 3605//3608 3448//3440
f 3581//3583 3585//3587 3401//3401
f 3549//3545 3594//3600 3591//3595
f 3512//3510 3592//3596 3510//3509
f 3571//3570 3606//3609 3583//3585
f 3556//3557 3607//3610 3444//3436
f 3449//3443 3609//3611 3536//3533
f 3557//3565 3589//3593 4059//3589
f 3578//3580 3610//3612 3572//3571
f 3562//3556 3611//3613 3554//3551
f 3583//3585 3589//3593 3564//3560
f 3407//3597 3613//3614 3403//3403
f 3592//3596 3614//3615 3537//3534
f 3561//3555 3615//3135 3578//3580
f 3530//3528 3586//3588 3512//3510
f 3601//3605 3571//3570 3547//3544
f 3560//3576 3596//3602 3569//3567
f 2974//2949 3615//3135 3561//3555
f 3185//3183 3616//3182 3533//3530
f 3533//3530 3616//3182 3454//3447
f 3451//3568 3602//3616 3556//3557
f 3572//3571 3617//3617 3594//3600
f 3569//3567 3604//3607 2383//2356
f 3577//3579 3597//3618 3559//3552
f 3521//3519 3618//3619 3538//3536
f 3576//3578 3619//3620 3562//3556
f 3405//3404 3620//3621 3406//3563
f 3406//3563 3620//3621 3581//3583
f 3522//3520 3595//3601 3568//3566
f 2404//2377 3608//3622 3577//3579
f 3597//3618 3621//3623 3559//3552
f 3559//3552 3621//3623 3558//3553
f 3540//3537 3622//3624 3565//3561
f 3563//3558 3622//3624 3540//3537
f 3573//3574 3623//3625 3566//3405
f 3566//3405 3623//3625 3405//3404
f 3536//3533 3624//3626 3506//3505
f 3506//3505 3624//3626 3588//3592
f 2405//2378 3608//3622 2404//2377
f 3585//3587 3596//3602 3551//3559
f 3568//3566 3625//3627 3550//3564
f 3601//3605 3626//3628 3571//3570
f 3409//3590 3408//3629 3599//3598
f 3520//3518 3627//3630 3574//3575
f 3513//3511 3574//3575 3575//3577
f 3602//3616 3607//3610 3556//3557
f 3520//3518 3584//3586 3627//3630
f 3582//3584 3628//3631 3555//3550
f 3555//3550 3628//3631 3407//3597
f 3403//3403 3613//3614 3573//3574
f 3575//3577 3600//3604 3532//3529
f 3598//3603 3595//3601 3544//3541
f 4059//3589 3589//3593 4088//3632
f 3449//3443 3452//3444 3609//3611
f 3569//3567 3612//3633 3604//3607
f 3550//3564 3625//3627 3570//3569
f 3610//3612 3629//3634 3572//3571
f 3572//3571 3629//3634 3617//3617
f 3498//3497 3630//3635 3584//3586
f 3538//3536 3630//3635 3498//3497
f 3615//3135 3610//3612 3578//3580
f 3608//3622 3631//3636 3577//3579
f 3616//3182 3567//3562 3454//3447
f 3611//3613 3601//3605 3554//3551
f 3593//3599 3632//3637 3446//3439
f 3446//3439 3632//3637 3508//3507
f 3450//3512 3580//3582 3451//3568
f 3596//3602 3612//3633 3569//3567
f 2381//2354 3633//3638 2379//2352
f 3505//3504 3588//3592 3587//3591
f 3599//3598 3634//3639 3552//3548
f 3552//3548 3634//3639 3582//3584
f 3587//3591 3618//3619 3521//3519
f 3619//3620 3611//3613 3562//3556
f 3583//3585 3606//3609 3589//3593
f 3590//3594 3635//3640 3576//3578
f 3579//3581 3636//3641 3409//3590
f 3585//3587 3637//3642 3596//3602
f 2406//2379 3638//3643 2405//2378
f 3605//3608 3639//3644 3448//3440
f 3448//3440 3639//3644 3580//3582
f 3571//3570 3626//3628 3606//3609
f 3631//3636 3640//3408 3577//3579
f 3606//3609 4088//3632 3589//3593
f 3615//3135 3166//3146 3610//3612
f 3604//3607 3633//3638 2381//2354
f 3591//3595 3622//3624 3563//3558
f 3616//3182 3162//3142 3567//3562
f 3628//3631 3613//3614 3407//3597
f 3444//3436 3641//3645 3452//3444
f 3607//3610 3641//3645 3444//3436
f 3584//3586 3642//3646 3627//3630
f 3603//3606 3590//3594 3543//3540
f 3553//3549 3643//3647 3598//3603
f 3600//3604 3643//3647 3553//3549
f 3594//3600 3644//3648 3591//3595
f 3568//3566 3645//3649 3625//3627
f 3610//3612 3646//3650 3629//3634
f 3512//3510 3655//3651 3592//3596
f 3408//3629 3410//3652 3599//3598
f 3601//3605 3647//3653 3626//3628
f 3582//3584 3634//3639 3628//3631
f 3573//3574 3649//3654 3623//3625
f 3613//3614 3649//3654 3573//3574
f 3621//3623 3650//3655 3558//3553
f 3558//3553 3650//3655 3579//3581
f 3626//3628 3651//3656 3606//3609
f 3577//3579 3640//3408 3597//3618
f 3565//3561 3652//3657 3603//3606
f 3622//3624 3652//3657 3565//3561
f 3596//3602 3653//3658 3612//3633
f 3632//3637 3586//3588 3508//3507
f 3405//3404 3654//3659 3620//3621
f 3623//3625 3654//3659 3405//3404
f 3628//3631 3412//3660 3613//3614
f 3611//3613 3656//3661 3601//3605
f 3409//3590 3636//3641 3408//3629
f 3595//3601 3645//3649 3568//3566
f 3614//3615 3605//3608 3537//3534
f 3606//3609 3657//3662 4088//3632
f 3588//3592 3658//3663 3587//3591
f 3166//3146 3646//3650 3610//3612
f 3617//3617 3644//3648 3594//3600
f 3619//3620 3659//3664 3611//3613
f 3598//3603 3660//3665 3595//3601
f 3638//3643 3608//3622 2405//2378
f 3602//3616 3661//3666 3607//3610
f 3620//3621 3662//3667 3581//3583
f 3581//3583 3662//3667 3585//3587
f 3656//3661 3647//3653 3601//3605
f 3592//3596 3663//3290 3614//3615
f 3648//3668 3663//3290 3592//3596
f 3591//3595 3644//3648 3622//3624
f 3608//3622 3665//3669 3631//3636
f 3635//3640 3666//3670 3576//3578
f 3576//3578 3666//3670 3619//3620
f 3452//3444 3667//3671 3609//3611
f 3575//3577 3668//3672 3600//3604
f 3574//3575 3668//3672 3575//3577
f 3657//3662 4118//3673 4088//3632
f 3451//3568 3669//3674 3602//3616
f 3651//3656 3657//3662 3606//3609
f 3604//3607 3670//3675 3633//3638
f 3580//3582 3669//3674 3451//3568
f 3612//3633 3671//3676 3604//3607
f 3609//3611 3672//3677 3536//3533
f 3536//3533 3672//3677 3624//3626
f 3166//3146 3069//3040 3646//3650
f 3659//3664 3656//3661 3611//3613
f 3640//3408 3673//3407 3597//3618
f 3597//3618 3673//3407 3621//3623
f 3567//3562 3675//3678 3593//3599
f 3650//3655 3676//3679 3579//3581
f 3579//3581 3676//3679 3636//3641
f 3646//3650 3677//3680 3629//3634
f 3636//3641 3413//3681 3408//3629
f 3637//3642 3653//3658 3596//3602
f 3617//3617 3678//3682 3644//3648
f 3629//3634 3678//3682 3617//3617
f 3603//3606 3679//3683 3590//3594
f 3599//3598 3411//3409 3634//3639
f 3410//3652 3411//3409 3599//3598
f 3655//3651 3648//3668 3592//3596
f 3412//3660 3664//3684 3613//3614
f 3622//3624 3680//3685 3652//3657
f 3647//3653 3651//3656 3626//3628
f 3634//3639 3412//3660 3628//3631
f 3644//3648 3681//3686 3622//3624
f 3538//3536 3618//3619 3630//3635
f 3649//3654 3654//3659 3623//3625
f 3671//3676 3670//3675 3604//3607
f 3654//3659 3682//3687 3620//3621
f 3645//3649 3683//3688 3625//3627
f 3676//3679 3413//3681 3636//3641
f 3643//3647 3660//3665 3598//3603
f 3630//3635 3684//3689 3584//3586
f 3584//3586 3684//3689 3642//3646
f 3666//3670 3659//3664 3619//3620
f 3580//3582 3639//3644 3669//3674
f 2379//2352 3685//3690 2376//2349
f 3646//3650 3686//3691 3677//3680
f 3681//3686 3680//3685 3622//3624
f 3069//3040 3686//3691 3646//3650
f 3632//3637 3687//3692 3586//3588
f 3624//3626 3688//3693 3588//3592
f 3588//3592 3688//3693 3658//3663
f 3586//3588 3689//3279 3512//3510
f 2406//2379 3692//3694 3638//3643
f 3621//3623 3673//3407 3650//3655
f 3664//3684 3649//3654 3613//3614
f 3629//3634 3677//3680 3678//3682
f 3590//3594 3690//3695 3635//3640
f 3679//3683 3690//3695 3590//3594
f 3649//3654 3691//3696 3654//3659
f 2408//2381 3692//3694 2406//2379
f 3587//3591 3693//3697 3618//3619
f 3600//3604 3694//3698 3643//3647
f 3634//3639 3695//3411 3412//3660
f 3408//3629 3413//3681 3410//3652
f 3605//3608 3696//3699 3639//3644
f 3653//3658 3674//3700 3612//3633
f 3652//3657 3679//3683 3603//3606
f 3669//3674 3697//3701 3602//3616
f 3678//3682 3681//3686 3644//3648
f 3657//3662 4144//3702 4118//3673
f 3631//3636 3416//3406 3640//3408
f 3651//3656 3698//3703 3657//3662
f 3665//3669 3416//3406 3631//3636
f 3656//3661 3699//3704 3647//3653
f 3595//3601 3701//3705 3645//3649
f 3607//3610 3702//3706 3641//3645
f 3661//3666 3702//3706 3607//3610
f 3162//3142 3675//3678 3567//3562
f 3647//3653 3703//3707 3651//3656
f 3512//3510 3689//3279 3655//3651
f 3585//3587 3704//3708 3637//3642
f 3662//3667 3704//3708 3585//3587
f 3641//3645 3667//3671 3452//3444
f 3678//3682 3705//3709 3681//3686
f 3659//3664 3706//3710 3656//3661
f 3593//3599 3707//3711 3632//3637
f 3675//3678 3707//3711 3593//3599
f 3620//3621 3682//3687 3662//3667
f 3673//3407 3419//3412 3650//3655
f 3643//3647 3708//3712 3660//3665
f 3609//3611 3667//3671 3672//3677
f 3627//3630 3668//3672 3574//3575
f 3668//3672 3694//3698 3600//3604
f 3706//3710 3699//3704 3656//3661
f 3638//3643 3665//3669 3608//3622
f 3413//3681 3709//3713 3410//3652
f 3410//3652 3709//3713 3411//3409
f 3614//3615 3710//3294 3605//3608
f 3663//3290 3710//3294 3614//3615
f 3699//3704 3703//3707 3647//3653
f 3681//3686 3711//3714 3680//3685
f 3657//3662 3698//3703 4144//3702
f 3651//3656 3703//3707 3698//3703
f 3602//3616 3697//3701 3661//3666
f 3641//3645 3702//3706 3700//3310
f 3650//3655 3419//3412 3676//3679
f 3694//3698 3708//3712 3643//3647
f 3666//3670 3706//3710 3659//3664
f 3618//3619 3712//3715 3630//3635
f 3635//3640 3713//3716 3666//3670
f 3690//3695 3713//3716 3635//3640
f 3652//3657 3714//3717 3679//3683
f 3680//3685 3714//3717 3652//3657
f 3696//3699 3315//3352 3639//3644
f 3612//3633 3674//3700 3671//3676
f 3641//3645 3700//3310 3667//3671
f 3678//3682 3716//3718 3705//3709
f 3677//3680 3716//3718 3678//3682
f 3664//3684 3715//3719 3649//3654
f 3660//3665 3701//3705 3595//3601
f 3637//3642 3303//3282 3653//3658
f 3069//3040 2849//2825 3686//3691
f 3633//3638 3685//3690 2379//2352
f 3645//3649 3701//3705 3683//3688
f 3686//3691 3717//3720 3677//3680
f 3411//3409 3695//3411 3634//3639
f 3639//3644 3718//3326 3669//3674
f 3412//3660 3695//3411 3664//3684
f 3699//3704 3719//3721 3703//3707
f 3637//3642 3704//3708 3303//3282
f 3687//3692 3720//3722 3586//3588
f 3586//3588 3720//3722 3689//3279
f 3712//3715 3684//3689 3630//3635
f 3717//3720 3716//3718 3677//3680
f 3684//3689 3721//3723 3642//3646
f 3707//3711 3687//3692 3632//3637
f 3691//3696 3682//3687 3654//3659
f 3703//3707 3722//3724 3698//3703
f 3627//3630 3723//3725 3668//3672
f 3642//3646 3723//3725 3627//3630
f 3162//3142 3163//3141 3675//3678
f 3711//3714 3714//3717 3680//3685
f 3676//3679 3414//3272 3413//3681
f 3705//3709 3711//3714 3681//3686
f 3419//3412 3724//3416 3676//3679
f 3638//3643 3336//3726 3665//3669
f 3679//3683 3714//3717 3690//3695
f 3701//3705 3725//3727 3683//3688
f 3669//3674 3718//3326 3697//3701
f 3685//3690 3344//3323 2376//2349
f 3702//3706 3296//3313 3700//3310
f 3698//3703 3722//3724 4144//3702
f 3633//3638 3361//3382 3685//3690
f 3719//3721 3726//3728 3703//3707
f 3624//3626 3672//3677 3688//3693
f 2849//2825 3717//3720 3686//3691
f 3705//3709 3727//3729 3711//3714
f 3639//3644 3315//3352 3718//3326
f 3655//3651 3729//3281 3648//3668
f 3344//3323 2374//2347 2376//2349
f 3163//3141 3730//3148 3675//3678
f 3695//3411 3715//3719 3664//3684
f 3714//3717 3731//3730 3690//3695
f 3691//3696 3365//3331 3682//3687
f 3706//3710 3732//3731 3699//3704
f 3660//3665 3733//3335 3701//3705
f 3653//3658 3303//3282 3674//3700
f 3715//3719 3305//3358 3649//3654
f 3587//3591 3321//3345 3693//3697
f 3658//3663 3321//3345 3587//3591
f 3671//3676 3323//3388 3670//3675
f 3685//3690 3367//3321 3344//3323
f 3710//3294 3696//3699 3605//3608
f 3694//3698 3282//3353 3708//3712
f 3682//3687 3297//3375 3662//3667
f 3662//3667 3297//3375 3704//3708
f 3718//3326 3351//3328 3697//3701
f 3675//3678 3730//3148 3707//3711
f 3674//3700 3319//3361 3671//3676
f 3667//3671 3328//3303 3672//3677
f 3726//3728 3722//3724 3703//3707
f 3692//3694 3734//3309 3638//3643
f 3666//3670 3735//3732 3706//3710
f 3135//3110 3717//3720 2849//2825
f 3723//3725 3694//3698 3668//3672
f 3717//3720 3736//3733 3716//3718
f 3661//3666 3737//3342 3702//3706
f 3413//3681 3414//3272 3709//3713
f 3697//3701 3737//3342 3661//3666
f 3716//3718 3738//3734 3705//3709
f 3705//3709 3738//3734 3727//3729
f 3683//3688 3725//3727 4280//3735
f 3699//3704 3732//3731 3719//3721
f 3618//3619 3693//3697 3712//3715
f 3690//3695 3739//3736 3713//3716
f 3731//3730 3739//3736 3690//3695
f 3676//3679 3724//3416 3414//3272
f 3714//3717 3711//3714 3731//3730
f 3665//3669 3728//3300 3416//3406
f 3695//3411 3371//3318 3715//3719
f 3709//3713 3308//3298 3411//3409
f 3336//3726 3728//3300 3665//3669
f 3734//3309 3336//3726 3638//3643
f 3670//3675 3361//3382 3633//3638
f 3732//3731 3740//3737 3719//3721
f 3708//3712 3733//3335 3660//3665
f 3717//3720 3135//3110 3736//3733
f 3713//3716 3735//3732 3666//3670
f 3716//3718 3736//3733 3738//3734
f 3729//3281 3300//3369 3648//3668
f 3365//3331 3326//3357 3682//3687
f 3735//3732 3741//3738 3706//3710
f 3706//3710 3741//3738 3732//3731
f 3711//3714 3742//3739 3731//3730
f 3642//3646 3345//3304 3723//3725
f 2362//2334 3352//3418 2408//2381
f 3727//3729 3742//3739 3711//3714
f 3721//3723 3345//3304 3642//3646
f 3305//3358 3691//3696 3649//3654
f 3704//3708 3369//3414 3303//3282
f 3726//3728 3743//3740 3722//3724
f 3707//3711 3730//3148 3687//3692
f 3414//3272 3290//3274 3709//3713
f 3723//3725 3287//3306 3694//3698
f 3728//3300 3417//3277 3416//3406
f 3688//3693 3343//3387 3658//3663
f 3658//3663 3343//3387 3321//3345
f 3719//3721 3740//3737 3726//3728
f 3417//3277 3292//3276 3419//3412
f 3687//3692 3335//3392 3720//3722
f 3693//3697 3338//3348 3712//3715
f 3724//3416 3289//3273 3414//3272
f 3733//3335 3332//3340 3701//3705
f 3701//3705 3332//3340 3725//3727
f 3740//3737 3744//3741 3726//3728
f 3684//3689 3333//3349 3721//3723
f 3712//3715 3333//3349 3684//3689
f 3672//3677 3328//3303 3688//3693
f 3648//3668 3300//3369 3663//3290
f 3326//3357 3297//3375 3682//3687
f 3736//3733 3745//3278 3738//3734
f 3722//3724 3743//3740 4230//3742
f 2408//2381 3352//3418 3692//3694
f 3731//3730 3742//3739 3739//3736
f 3323//3388 3361//3382 3670//3675
f 3700//3310 3304//3312 3667//3671
f 3667//3671 3304//3312 3328//3303
f 3738//3734 3746//3285 3727//3729
f 3727//3729 3746//3285 3742//3739
f 3730//3148 3322//3157 3687//3692
f 3726//3728 3744//3741 3743//3740
f 3734//3309 3348//3308 3336//3726
f 3689//3279 3729//3281 3655//3651
f 3741//3738 3740//3737 3732//3731
f 3361//3382 3367//3321 3685//3690
f 3745//3278 3746//3285 3738//3734
f 3737//3342 3294//3344 3702//3706
f 3347//3378 3335//3392 3687//3692
f 3371//3318 3305//3358 3715//3719
f 3287//3306 3282//3353 3694//3698
f 3739//3736 3735//3732 3713//3716
f 3292//3276 3355//3365 3419//3412
f 3358//3329 3365//3331 3691//3696
f 2374//2347 3314//3445 2371//2344
f 3736//3733 3748//3143 3745//3278
f 3135//3110 3748//3143 3736//3733
f 3693//3697 3321//3345 3338//3348
f 3344//3323 3314//3445 2374//2347
f 3297//3375 3316//3374 3704//3708
f 3728//3300 3291//3275 3417//3277
f 3322//3157 3347//3378 3687//3692
f 3674//3700 3320//3284 3319//3361
f 3303//3282 3320//3284 3674//3700
f 3735//3732 3307//3325 3741//3738
f 3352//3418 3734//3309 3692//3694
f 3741//3738 3286//3314 3740//3737
f 3740//3737 3749//3293 3744//3741
f 3338//3348 3333//3349 3712//3715
f 3733//3335 3331//3337 3332//3340
f 3323//3388 3318//3383 3361//3382
f 3710//3294 3309//3351 3696//3699
f 3319//3361 3340//3360 3671//3676
f 3671//3676 3340//3360 3323//3388
f 3742//3739 3746//3285 3747//3295
f 3742//3739 3747//3295 3739//3736
f 3305//3358 3358//3329 3691//3696
f 3282//3353 3317//3333 3708//3712
f 3708//3712 3317//3333 3733//3335
f 3351//3328 3737//3342 3697//3701
f 3290//3274 3308//3298 3709//3713
f 3300//3369 3311//3288 3663//3290
f 3371//3318 3283//3341 3305//3358
f 3702//3706 3294//3344 3296//3313
f 2412//2386 3352//3418 2362//2334
f 3336//3726 3337//3299 3728//3300
f 3287//3306 3330//3355 3282//3353
f 3744//3741 3749//3293 3743//3740
f 3739//3736 3295//3296 3735//3732
f 3725//3727 3332//3340 4280//3735
f 3345//3304 3287//3306 3723//3725
f 3720//3722 3341//3280 3689//3279
f 3286//3314 3749//3293 3740//3737
f 3418//3410 3342//3316 3371//3318
f 3315//3352 3310//3327 3718//3326
f 3747//3295 3295//3296 3739//3736
f 3321//3345 3284//3347 3338//3348
f 3745//3278 3293//3286 3746//3285
f 3343//3387 3363//3346 3321//3345
f 3741//3738 3285//3315 3286//3314
f 3307//3325 3285//3315 3741//3738
f 3326//3357 3298//3356 3297//3375
f 3348//3308 3337//3299 3336//3726
f 3749//3293 3313//3292 3743//3740
f 3746//3285 3288//3287 3747//3295
f 3352//3418 3329//3307 3734//3309
f 3333//3349 3327//3366 3721//3723
f 3721//3723 3327//3366 3345//3304
f 3347//3378 3334//3161 3335//3392
f 3328//3303 3339//3302 3688//3693
f 3688//3693 3339//3302 3343//3387
f 3361//3382 3362//3384 3367//3321
f 3295//3296 3299//3324 3735//3732
f 3735//3732 3299//3324 3307//3325
f 3335//3392 3341//3280 3720//3722
f 3286//3314 3301//3291 3749//3293
f 3704//3708 3316//3374 3369//3414
f 3745//3278 3302//3191 3293//3286
f 3696//3699 3309//3351 3315//3352
f 3752//1361 3751//3743 1424//1362
f 2270//2251 2263//2245 2252//2235
f 3753//3744 3750//3745 1490//1497
f 3750//3745 2270//2251 2252//2235
f 3750//3745 2252//2235 3751//3743
f 3754//1426 3751//3743 3752//1361
f 3754//1426 3750//3745 3751//3743
f 3753//3744 3755//1498 3756//3746
f 3760//3747 2282//2266 3758//3748
f 3760//3747 3758//3748 3759//3749
f 3760//3747 3759//3749 3761//3750
f 3758//3748 2277//2259 3756//3746
f 3758//3748 2282//2266 2277//2259
f 3767//3751 1697//1665 1700//1664
f 3767//3751 3766//3752 3765//3753
f 3767//3751 3765//3753 1697//1665
f 1609//1580 3758//3748 3756//3746
f 1609//1580 3756//3746 3757//1563
f 3767//3751 3768//3754 3766//3752
f 1699//1673 3768//3754 3767//3751
f 1699//1673 3767//3751 1700//1664
f 3770//3755 1675//1645 1475//1436
f 1490//1497 3750//3745 3754//1426
f 2210//2193 3771//3756 3772//3757
f 3755//1498 3753//3744 1490//1497
f 1386//1381 3773//3758 3772//3757
f 1756//1722 3774//3759 3773//3758
f 3757//1563 3756//3746 3755//1498
f 1747//1716 3774//3759 1748//1720
f 1747//1716 3775//3760 3774//3759
f 3760//3747 2284//2268 2282//2266
f 1734//1709 3775//3760 1747//1716
f 2296//2278 2284//2268 3760//3747
f 2296//2278 3760//3747 3761//3750
f 1734//1709 3777//3761 3775//3760
f 3778//3762 874//962 1305//1262
f 3778//3762 1305//1262 1307//1265
f 3764//3763 3776//3764 3762//3765
f 3779//3766 1734//1709 1717//1695
f 3779//3766 3777//3761 1734//1709
f 3764//3767 1722//3767 1696//3767
f 3771//3756 2208//2184 874//962
f 3771//3756 874//962 3778//3762
f 2300//2283 3779//3766 3780//3768
f 3782//1405 3771//3756 3778//3762
f 3782//1405 3778//3762 1307//1265
f 2328//2301 2300//2283 3780//3768
f 3771//3756 2210//2193 2208//2184
f 2328//2301 3780//3768 3781//3769
f 2350//2319 2340//2311 3763//3770
f 3782//1405 3772//3757 3771//3756
f 3772//3757 2220//2202 2210//2193
f 1386//1381 3772//3757 3782//1405
f 3766//3752 2350//2319 3763//3770
f 3773//3758 2220//2202 3772//3757
f 3765//3753 3763//3770 3776//3764
f 3765//3753 3766//3752 3763//3770
f 1756//1722 3773//3758 1386//1381
f 2353//2322 2350//2319 3766//3752
f 3774//3759 2220//2202 3773//3758
f 3774//3759 2229//2213 2220//2202
f 2178//2141 2353//2322 3768//3754
f 3775//3760 2229//2213 3774//3759
f 3775//3760 2248//2231 2229//2213
f 3777//3761 2287//2273 2248//2231
f 3777//3761 2248//2231 3775//3760
f 3779//3766 2287//2273 3777//3761
f 3779//3766 2283//2267 2287//2273
f 3779//3766 2300//2283 2283//2267
f 2274//2256 3756//3746 2277//2259
f 3783//1686 3780//3768 3779//3766
f 3783//1686 3779//3766 1717//1695
f 3770//3755 1609//1580 1675//1645
f 3781//3769 3780//3768 3783//1686
f 3762//3765 2328//2301 3781//3769
f 3762//3765 2340//2311 2328//2301
f 1722//1685 3781//3769 3783//1686
f 1475//1436 3761//3750 3770//3755
f 3762//3765 3781//3769 1722//1685
f 3784//3771 2296//2278 3761//3750
f 3784//3771 3761//3750 1475//1436
f 1697//1665 3765//3753 1696//1667
f 3774//3759 1756//1722 1748//1720
f 3764//3763 3762//3765 1722//1685
f 3785//3772 2178//2141 3768//3754
f 3785//3772 2179//2142 2178//2141
f 3764//3763 1696//1667 3765//3753
f 3786//1672 3768//3754 1699//1673
f 3786//1672 3785//3772 3768//3754
f 3764//3763 3765//3753 3776//3764
f 3766//3752 3768//3754 2353//2322
f 3787//3773 2179//2142 3785//3772
f 3787//3773 2164//2161 2179//2142
f 3788//1682 3785//3772 3786//1672
f 3788//1682 3787//3773 3785//3772
f 3750//3745 3753//3744 2270//2251
f 3753//3744 2274//2256 2270//2251
f 3789//3774 2206//2175 2164//2161
f 3789//3774 2164//2161 3787//3773
f 3789//3774 3787//3773 3788//1682
f 3753//3744 3756//3746 2274//2256
f 1723//1700 3789//3774 3788//1682
f 3790//3775 2206//2175 3789//3774
f 3790//3775 2213//2190 2206//2175
f 3758//3748 1609//1580 3759//3749
f 1723//1700 3790//3775 3789//3774
f 3790//3775 2217//2200 2213//2190
f 3759//3749 1609//1580 3770//3755
f 1732//1706 3790//3775 1723//1700
f 3759//3749 3770//3755 3761//3750
f 3791//3776 2217//2200 3790//3775
f 3792//1712 3791//3776 3790//3775
f 1732//1706 3792//1712 3790//3775
f 3791//3776 2226//2208 2217//2200
f 3793//3777 2233//2217 2226//2208
f 3793//3777 2226//2208 3791//3776
f 1750//1715 3791//3776 3792//1712
f 1750//1715 3793//3777 3791//3776
f 3762//3765 3776//3764 3763//3770
f 3762//3765 3763//3770 2340//2311
f 3793//3777 2244//2228 2233//2217
f 1754//1723 3793//3777 1750//1715
f 3769//3778 2244//2228 3793//3777
f 1424//1362 3793//3777 1754//1723
f 1424//1362 3769//3778 3793//3777
f 3751//3743 2244//2228 3769//3778
f 3751//3743 2252//2235 2244//2228
f 1424//1362 3751//3743 3769//3778
f 3795//3779 3797//3779 3796//3779
f 3798//3779 3799//3779 3794//3779
f 3796//3779 3799//3779 3798//3779
f 3797//3779 3800//3779 3796//3779
f 3796//3779 3801//3779 3799//3779
f 3800//3779 3802//3779 3796//3779
f 3796//3779 3803//3779 3801//3779
f 3802//3779 3804//3779 3796//3779
f 3796//3779 3805//3779 3803//3779
f 3804//3779 3806//3779 3796//3779
f 3796//3779 3809//3779 3805//3779
f 3806//3779 3810//3779 3796//3779
f 3796//3779 3811//3779 3809//3779
f 2770//3779 3807//3779 2762//3779
f 3810//3779 3812//3779 3796//3779
f 2762//3779 3807//3779 2755//3779
f 2755//3779 3807//3779 2746//3779
f 2746//3779 3807//3779 2742//3779
f 2742//3779 3807//3779 2664//3779
f 2664//3779 3807//3779 2657//3780
f 2657//3780 3807//3779 2651//3781
f 3796//3779 3813//3779 3811//3779
f 2651//3781 3807//3779 2640//3782
f 2640//3782 3807//3779 2635//3779
f 3812//3779 3814//3779 3796//3779
f 2635//3779 3807//3779 2611//3779
f 2611//3779 3807//3779 2597//3779
f 2597//3779 3807//3779 2590//3779
f 2590//3779 3807//3779 2582//3779
f 3814//3779 3815//3779 3796//3779
f 3796//3779 3816//3779 3813//3779
f 3815//3779 3817//3779 3796//3779
f 3796//3779 3818//3779 3816//3779
f 2683//3779 3808//3779 2682//3783
f 2682//3783 3808//3779 2776//3784
f 2776//3784 3808//3779 2774//3785
f 2774//3785 3808//3779 2770//3779
f 3817//3779 3819//3779 3796//3779
f 2770//3779 3808//3779 3807//3779
f 3796//3779 3820//3779 3818//3779
f 3807//3779 2566//3779 2582//3779
f 3819//3779 3821//3779 3796//3779
f 3796//3779 3822//3786 3820//3779
f 3821//3779 3823//3779 3796//3779
f 3807//3779 2561//3779 2566//3779
f 3796//3779 3824//3787 3822//3786
f 3823//3779 3825//3788 3796//3779
f 3807//3779 2567//3779 2561//3779
f 3796//3779 3825//3788 3824//3787
f 3826//3779 3828//3789 3796//3779
f 3826//3779 3796//3779 3798//3779
f 3807//3779 3796//3779 3828//3789
f 2423//3779 3796//3779 2420//3779
f 2427//3779 3796//3779 2423//3779
f 2430//3779 3796//3779 2427//3779
f 2433//3779 3796//3779 2430//3779
f 2437//3779 3796//3779 2433//3779
f 2443//3779 3796//3779 2437//3779
f 2683//3779 3796//3779 3808//3779
f 2449//3779 3796//3779 2443//3779
f 2452//3779 3796//3779 2449//3779
f 2455//3779 3796//3779 2452//3779
f 2458//3779 3796//3779 2455//3779
f 2460//3779 3796//3779 2458//3779
f 2463//3779 3796//3779 2460//3779
f 2466//3779 3796//3779 2463//3779
f 2470//3779 3796//3779 2466//3779
f 2473//3779 3796//3779 2470//3779
f 2477//3779 3796//3779 2473//3779
f 2478//3779 3796//3779 2477//3779
f 2481//3779 3796//3779 2478//3779
f 2416//3779 3796//3779 2481//3779
f 2419//3779 3796//3779 2416//3779
f 2424//3779 3796//3779 2419//3779
f 2435//3779 3796//3779 2424//3779
f 2440//3779 3796//3779 2435//3779
f 2450//3779 3796//3779 2440//3779
f 2453//3779 3796//3779 2450//3779
f 2456//3779 3796//3779 2453//3779
f 2459//3779 3796//3779 2456//3779
f 2461//3779 3796//3779 2459//3779
f 2465//3779 3796//3779 2461//3779
f 2467//3779 3796//3779 2465//3779
f 2471//3779 3796//3779 2467//3779
f 2474//3779 3796//3779 2471//3779
f 2476//3779 3796//3779 2474//3779
f 2480//3779 3796//3779 2476//3779
f 2483//3779 3796//3779 2480//3779
f 2414//3779 3796//3779 2483//3779
f 2422//3779 3796//3779 2414//3779
f 2425//3779 3796//3779 2422//3779
f 2428//3779 3796//3779 2425//3779
f 2434//3779 3796//3779 2428//3779
f 2420//3779 3796//3779 2684//3779
f 2684//3779 3796//3779 2686//3779
f 2686//3779 3796//3779 2787//3779
f 2787//3779 3796//3779 2782//3779
f 2782//3779 3796//3779 2683//3779
f 2567//3779 3828//3789 2552//3779
f 3807//3779 3828//3789 2567//3779
f 3828//3789 3827//3790 2552//3779
f 2434//3779 2439//3779 3796//3779
f 3828//3789 3829//3779 3827//3790
f 3827//3790 2551//3779 2552//3779
f 3829//3779 2551//3779 3827//3790
f 3829//3779 3794//3779 2551//3779
f 2439//3779 3795//3779 3796//3779
f 3798//3779 3794//3779 3829//3779
f 3830//3791 3829//3791 3828//3791
f 3830//3792 3798//3792 3829//3792
f 3831//3793 3796//3793 3807//3793
f 3798//3794 3830//3794 3826//3794
f 3830//3795 3828//3795 3826//3795
f 3807//3796 3808//3797 3831//3797
f 3796//3798 3831//3797 3808//3797
f 3833//3799 6185//3800 17//3801
f 3832//3802 6307//3803 61//3804
f 6185//3800 3834//3805 17//3801
f 61//3804 6273//3806 57//3807
f 17//3801 3834//3805 19//3808
f 6307//3803 6273//3806 61//3804
f 3834//3805 3835//3809 19//3808
f 6132//3810 57//3807 6273//3806
f 6132//3810 6139//3811 57//3807
f 3835//3809 3836//3812 19//3808
f 3836//3812 3837//3813 19//3808
f 6342//3814 55//3815 6139//3811
f 19//3808 3837//3813 21//3816
f 6139//3811 55//3815 57//3807
f 3838//3817 21//3816 3837//3813
f 6342//3814 6315//3818 55//3815
f 6323//3819 21//3816 3838//3817
f 55//3815 6315//3818 51//3820
f 6323//3819 23//3821 21//3816
f 3839//3822 23//3821 6323//3819
f 6315//3818 6314//3823 51//3820
f 49//13 51//3820 84//11
f 84//11 51//3820 6314//3823
f 3839//3822 25//3824 23//3821
f 3840//3825 6146//3826 13//3827
f 13//3827 3841//3828 14//3829
f 14//3829 3841//3828 6176//3830
f 6344//3831 25//3824 3839//3822
f 50//3832 48//3833 3842//3834
f 6344//3831 27//3835 25//3824
f 3843//3836 27//3835 6344//3831
f 48//3833 3844//3837 3842//3834
f 3845//3838 27//3835 3843//3836
f 3846//3839 50//3832 3842//3834
f 3845//3838 29//3840 27//3835
f 6127//3841 29//3840 3845//3838
f 6114//3842 30//3843 6127//3841
f 6127//3841 30//3843 29//3840
f 6124//3844 34//3845 6114//3842
f 6114//3842 34//3845 30//3843
f 6123//3846 34//3845 6124//3844
f 6123//3846 37//3847 34//3845
f 6130//3848 37//3847 6123//3846
f 6138//3849 37//3847 6130//3848
f 37//3847 6138//3849 39//3850
f 6151//3851 39//3850 6138//3849
f 6153//3852 39//3850 6151//3851
f 3849//3853 41//3854 6153//3852
f 6153//3852 41//3854 39//3850
f 3849//3853 3850//3855 41//3854
f 6347//3856 3854//3857 3850//3855
f 6328//3858 43//3859 3854//3857
f 3848//3860 45//3861 3851//3862
f 6328//3858 45//3861 43//3859
f 6293//3863 45//3861 6328//3858
f 6293//3863 3851//3862 45//3861
f 6294//3864 3848//3860 3851//3862
f 56//3865 3852//3866 58//3867
f 6294//3864 3847//3868 3848//3860
f 6295//3869 3847//3868 6294//3864
f 3844//3837 48//3833 3853//3870
f 3853//3870 48//3833 6295//3869
f 6295//3869 48//3833 3847//3868
f 6226//3871 50//3832 3846//3839
f 58//3867 3852//3866 60//3872
f 6226//3871 54//3873 50//3832
f 6301//3874 54//3873 6226//3871
f 6213//3875 54//3873 6301//3874
f 6213//3875 56//3865 54//3873
f 6232//3876 56//3865 6213//3875
f 6232//3876 3852//3866 56//3865
f 6227//3877 3852//3866 6232//3876
f 41//3854 3854//3857 43//3859
f 6235//3878 3852//3866 6227//3877
f 6235//3878 60//3872 3852//3866
f 6238//3879 60//3872 6235//3878
f 41//3854 3850//3855 3854//3857
f 6238//3879 65//3880 60//3872
f 3855//3881 65//3880 6238//3879
f 3856//3882 65//3880 3855//3881
f 70//3883 65//3880 3856//3882
f 6263//3884 70//3883 3856//3882
f 3857//3885 70//3883 6263//3884
f 3857//3885 77//3886 70//3883
f 3858//3887 77//3886 3857//3885
f 3858//3887 79//3888 77//3886
f 3859//3889 79//3888 3858//3887
f 3859//3889 80//3890 79//3888
f 6269//3891 80//3890 3859//3889
f 80//3890 6269//3891 81//3892
f 6351//3893 81//3892 6269//3891
f 3860//3894 9//3895 6351//3893
f 6351//3893 9//3895 81//3892
f 3861//3896 9//3895 3860//3894
f 3862//3897 9//3895 3861//3896
f 3862//3897 11//3898 9//3895
f 3863//3899 11//3898 3862//3897
f 6256//3900 8//3901 3863//3899
f 3863//3899 8//3901 11//3898
f 6244//3902 8//3901 6256//3900
f 68//103 6319//3903 75//3904
f 6244//3902 3864//3905 8//3901
f 8//3901 3864//3905 82//3906
f 6319//3903 6318//3907 75//3904
f 3864//3905 6275//3908 82//3906
f 6318//3907 6343//3909 75//3904
f 75//3904 6343//3909 76//3910
f 6343//3909 3865//3911 76//3910
f 6275//3908 6206//3912 82//3906
f 3865//3911 6317//3913 76//3910
f 6206//3912 6203//3914 82//3906
f 82//3906 6203//3914 78//3915
f 76//3910 3866//3916 10//3917
f 6317//3913 3866//3916 76//3910
f 6203//3914 3867//3918 78//3915
f 3866//3916 6322//3919 10//3917
f 10//3917 6322//3919 13//3827
f 3867//3918 6207//3920 78//3915
f 6322//3919 3840//3825 13//3827
f 6207//3920 3868//3921 78//3915
f 3841//3828 13//3827 6146//3826
f 78//3915 3868//3921 71//3922
f 3868//3921 6209//3923 71//3922
f 3844//3837 3853//3870 3846//3839
f 14//3829 6176//3830 16//3924
f 6209//3923 6303//3925 71//3922
f 6176//3830 3833//3799 16//3924
f 3853//3870 6226//3871 3846//3839
f 6303//3925 3832//3802 71//3922
f 71//3922 3832//3802 61//3804
f 16//3924 3833//3799 17//3801
f 3870//3926 3869//3927 3896//3928
f 3870//3926 3876//3929 3869//3927
f 3873//3930 3871//3931 3872//3932
f 3873//3930 3872//3932 3874//3933
f 3875//3934 1996//1981 3876//3929
f 3875//3934 1992//1974 1996//1981
f 3875//3934 3876//3929 3870//3926
f 3873//3930 3874//3933 3877//3935
f 5348//3936 3875//3934 3870//3926
f 3877//3935 3874//3933 3878//3937
f 3877//3935 3878//3937 3879//3938
f 3784//3771 1992//1974 3875//3934
f 3784//3771 1474//1435 1992//1974
f 1474//1435 3784//3771 1475//1436
f 3879//3938 3878//3937 3880//3939
f 2294//2279 3784//3771 3875//3934
f 3879//3938 3880//3939 3881//3940
f 2294//2279 2296//2278 3784//3771
f 1826//1843 1929//1911 3883//3941
f 3885//3942 3883//3941 3884//3943
f 3885//3942 3887//3944 3883//3941
f 3888//3945 3889//2075 3887//3944
f 3890//3946 3882//3947 3892//3948
f 1991//2006 3889//2075 3891//3949
f 3894//3950 3890//3946 3892//3948
f 1991//2006 3891//3949 3895//3951
f 1916//1898 1991//2006 3895//3951
f 3899//3952 3898//3953 3897//3954
f 3898//3953 3899//3952 5344//3955
f 1935//1965 2020//2001 3901//3956
f 1935//1965 3901//3956 3902//3957
f 1935//1965 3902//3957 3903//3958
f 1909//1889 1935//1965 3903//3958
f 3904//3959 3903//3958 3902//3957
f 3904//3959 3902//3957 5389//3960
f 1909//1889 3903//3958 3909//3961
f 1909//1889 3909//3961 1864//1890
f 3884//3943 3883//3941 1929//1911
f 3884//3943 1929//1911 3905//3962
f 3909//3961 3907//3963 3910//3964
f 2162//2134 3909//3961 3910//3964
f 3887//3944 1826//1843 3883//3941
f 3887//3944 3889//2075 1826//1843
f 2104//2084 2162//2134 3910//3964
f 3888//3945 3887//3944 3885//3942
f 2104//2084 3910//3964 3912//3965
f 3912//3965 3910//3964 3911//3966
f 2071//2051 2104//2084 3912//3965
f 2071//2051 3912//3965 3914//3967
f 5311//3968 3889//2075 3888//3945
f 3914//3967 3912//3965 3913//3969
f 3891//3949 3889//2075 5311//3968
f 2022//2003 2071//2051 3914//3967
f 2022//2003 3914//3967 3916//3970
f 3917//3971 5271//3972 5288//3973
f 3914//3967 3915//3974 3916//3970
f 1939//1919 2022//2003 3916//3970
f 3917//3971 5288//3973 3918//3975
f 1939//1919 3916//3970 3919//3976
f 3920//3977 3895//3951 3891//3949
f 3916//3970 5271//3972 3919//3976
f 1863//1838 1916//1898 3895//3951
f 3922//3978 1863//1838 3895//3951
f 3922//3978 3895//3951 3920//3977
f 1905//1885 3923//3979 3921//3980
f 1905//1885 3921//3980 1828//1832
f 3923//3979 3918//3975 3921//3980
f 3899//3952 2161//2133 1863//1838
f 3874//3933 3872//3932 5307//3981
f 3899//3952 1863//1838 3922//3978
f 1828//1832 3921//3980 3871//3931
f 5344//3955 3899//3952 3922//3978
f 3921//3980 3918//3975 3871//3931
f 3874//3933 5307//3981 5316//3982
f 3878//3937 3874//3933 5316//3982
f 3873//3930 1828//1832 3871//3931
f 3897//3954 2020//2001 2161//2133
f 3873//3930 2160//2131 1828//1832
f 3880//3939 3878//3937 5328//3983
f 3901//3956 2020//2001 3897//3954
f 3880//3939 5328//3983 3924//3984
f 3900//3985 3897//3954 3898//3953
f 3900//3985 3901//3956 3897//3954
f 3925//2108 3877//3935 3879//3938
f 3896//3928 3869//3927 3894//3950
f 3881//3940 2106//2086 3879//3938
f 3899//3952 3897//3954 2161//2133
f 2019//2000 3886//3986 3890//3946
f 3890//3946 3886//3986 3882//3947
f 2011//1992 2019//2000 3890//3946
f 2011//1992 3890//3946 3893//3987
f 3901//3956 3900//3985 3902//3957
f 3893//3987 3890//3946 3894//3950
f 3903//3958 3904//3959 3909//3961
f 2002//1983 2011//1992 3893//3987
f 2002//1983 3893//3987 3869//3927
f 3907//3963 3906//3988 3910//3964
f 3908//3989 3906//3988 3907//3963
f 3910//3964 3906//3988 3911//3966
f 3909//3961 3904//3959 3907//3963
f 2162//2134 1864//1890 3909//3961
f 3908//3989 3907//3963 3904//3959
f 3908//3989 3904//3959 5389//3960
f 3908//3990 5389//3990 3906//3990
f 3912//3965 3911//3966 3913//3969
f 1905//1885 3919//3976 3923//3979
f 1905//1885 1939//1919 3919//3976
f 2160//2131 3873//3930 3877//3935
f 3914//3967 3913//3969 3915//3974
f 2160//2131 3877//3935 3925//2108
f 3881//3940 2055//2037 2106//2086
f 2106//2086 3925//2108 3879//3938
f 3924//3984 3881//3940 3880//3939
f 3916//3970 3915//3974 5271//3972
f 3927//3991 2055//2037 3881//3940
f 3926//3992 3881//3940 3924//3984
f 3926//3992 3927//3991 3881//3940
f 3919//3976 5271//3972 3917//3971
f 3893//3987 3894//3950 3869//3927
f 3919//3976 3917//3971 3923//3979
f 3886//3986 2055//2037 3927//3991
f 3886//3986 2019//2000 2055//2037
f 3882//3947 3927//3991 3926//3992
f 3882//3947 3886//3986 3927//3991
f 3923//3979 3917//3971 3918//3975
f 3876//3929 1996//1981 2002//1983
f 3871//3931 3918//3975 3872//3932
f 3876//3929 2002//1983 3869//3927
f 3928//3993 3929//3994 3964//3995
f 3930//3996 2089//2070 2108//2088
f 3929//3994 3928//3993 3931//3997
f 3931//3997 3928//3993 2146//2120
f 3934//3998 2108//2088 2127//2105
f 3934//3998 3930//3996 2108//2088
f 3937//3999 3935//4000 5552//4001
f 3936//4002 3931//3997 2146//2120
f 3936//4002 2146//2120 3938//2118
f 3936//4002 3938//2118 3939//4003
f 1928//1910 1971//1951 3941//4004
f 3943//4005 3940//4006 2139//2117
f 3945//4007 3948//4008 3946//4009
f 3943//4005 2139//2117 2138//2113
f 3943//4005 3948//4008 3945//4007
f 3949//4010 3947//4011 3966//4012
f 2149//2122 3943//4005 2138//2113
f 2149//2122 3948//4008 3943//4005
f 3934//3998 3932//4013 3930//3996
f 2149//2122 3950//4014 3948//4008
f 3950//4014 2149//2122 2150//2123
f 3932//4013 3937//3999 5552//4001
f 3934//3998 2127//2105 3937//3999
f 3950//4014 6093//4015 3951//4016
f 3950//4014 2151//2124 6093//4015
f 2150//2123 2151//2124 3950//4014
f 3939//4003 3931//3997 3936//4002
f 6093//4015 3953//4017 3952//4018
f 2151//2124 3953//4017 6093//4015
f 3953//4017 2151//2124 2153//2126
f 3952//4018 3954//4019 6093//4015
f 3956//4020 2153//2126 2152//2125
f 3941//4004 3905//3962 1929//1911
f 2155//2128 3958//4021 2152//2125
f 3944//4022 3942//4023 3941//4004
f 3957//4024 3961//4025 3959//4026
f 3962//4027 3960//4028 3944//4022
f 2154//2127 3961//4025 2155//2128
f 3962//4027 3963//4029 3960//4028
f 3959//4026 3965//4030 3964//3995
f 3966//4012 3963//4029 3962//4027
f 3966//4012 3947//4011 3963//4029
f 2148//2121 3965//4030 2154//2127
f 3945//4007 3935//4000 3940//4006
f 3943//4005 3945//4007 3940//4006
f 3928//3993 2148//2121 2146//2120
f 3950//4014 3946//4009 3948//4008
f 3950//4014 3951//4016 3946//4009
f 2133//2116 3967//4031 3939//4003
f 2133//2116 3939//4003 3938//2118
f 2133//2116 3968//4032 3967//4031
f 2132//2103 3968//4032 2133//2116
f 2132//2103 3969//4033 3968//4032
f 2114//2094 3969//4033 2132//2103
f 3944//4022 3960//4028 3942//4023
f 3944//4022 1971//1951 2034//1997
f 3930//3996 3966//4012 2089//2070
f 3930//3996 3949//4010 3966//4012
f 3933//4034 3947//4011 3949//4010
f 3933//4035 5552//4035 3947//4035
f 3933//4034 3932//4013 5552//4001
f 3932//4013 3949//4010 3930//3996
f 3932//4013 3933//4034 3949//4010
f 3937//3999 3932//4013 3934//3998
f 3970//4036 3969//4033 2114//2094
f 3970//4036 2114//2094 2097//2078
f 3937//3999 2127//2105 3940//4006
f 3940//4006 3935//4000 3937//3999
f 3940//4006 2127//2105 2139//2117
f 3971//4037 3970//4036 2097//2078
f 3971//4037 2097//2078 2056//2038
f 3972//4038 2056//2038 2025//2007
f 3973//4039 3972//4038 2025//2007
f 3973//4039 2025//2007 1977//1957
f 3952//4018 3953//4017 2153//2126
f 3956//4020 3954//4019 3952//4018
f 3956//4020 3952//4018 2153//2126
f 3956//4020 3955//4040 3954//4019
f 1320//1282 1002//999 3975//1839
f 2152//2125 3955//4040 3956//4020
f 1928//1910 3941//4004 1929//1911
f 2152//2125 3957//4024 3955//4040
f 2152//2125 3958//4021 3957//4024
f 1971//1951 3944//4022 3941//4004
f 3958//4021 2155//2128 3961//4025
f 3958//4021 3961//4025 3957//4024
f 2057//2039 3944//4022 2034//1997
f 2057//2039 3962//4027 3944//4022
f 3961//4025 3965//4030 3959//4026
f 3976//4041 3962//4027 2057//2039
f 3961//4025 2154//2127 3965//4030
f 3976//4041 2057//2039 2089//2070
f 3976//4041 3966//4012 3962//4027
f 2089//2070 3966//4012 3976//4041
f 3965//4030 2148//2121 3928//3993
f 3965//4030 3928//3993 3964//3995
f 3977//4042 3978//4043 4401//4044
f 3985//3547 4000//4045 4467//4046
f 3985//3547 4467//4046 3531//3535
f 4008//4047 3987//4048 3990//4049
f 3999//4050 4460//4051 4447//4052
f 3982//4053 4450//4054 3987//4048
f 3991//4055 4465//4056 4003//4057
f 4015//4058 4007//4059 4020//4060
f 4025//4061 3997//4062 4466//4063
f 4026//4064 3994//4065 3986//4066
f 4029//4067 4018//4068 4027//4069
f 4030//4070 4002//4071 4449//4072
f 4030//4070 4449//4072 4014//4073
f 4033//4074 3979//4075 4456//4076
f 4033//4074 4456//4076 3982//4053
f 4034//4077 4028//4078 3989//4079
f 4035//3572 4000//4045 3985//3547
f 4036//4080 4445//4081 4005//4082
f 4035//3572 4003//4057 4000//4045
f 4036//4080 4001//4083 4445//4081
f 4037//4084 3991//4055 4003//4057
f 4038//4085 4454//4086 3980//4087
f 4040//4088 4025//4061 4006//4089
f 4044//4090 4011//4091 4038//4085
f 4004//4092 4426//4093 4009//4094
f 4045//4095 4010//4096 3979//4075
f 4026//4064 3986//4066 3997//4062
f 4050//4097 4017//4098 4018//4068
f 4048//4099 4042//4100 4011//4091
f 4034//4077 3989//4079 3988//4101
f 4049//4102 3981//4103 3998//4104
f 4049//4102 4031//4105 3981//4103
f 4051//4106 4015//4058 4020//4060
f 4052//4107 3990//4049 4013//4108
f 4052//4107 4008//4047 3990//4049
f 4040//4088 4006//4089 4024//4109
f 4053//4110 3997//4062 4025//4061
f 4037//4084 4009//4094 3991//4055
f 4033//4074 4045//4095 3979//4075
f 4041//4111 4021//4112 4042//4100
f 4054//4113 4451//4114 4023//4115
f 4053//4110 4026//4064 3997//4062
f 4054//4113 4005//4082 4451//4114
f 4055//4116 3977//4042 4405//4117
f 4008//4047 3982//4053 3987//4048
f 4058//4118 3996//4119 4028//4078
f 4057//4120 4004//4092 4009//4094
f 4059//3589 4037//4084 4003//4057
f 4059//3589 4003//4057 4035//3572
f 4060//4121 4013//4108 4016//4122
f 4060//4121 4016//4122 4004//4092
f 4071//4123 4043//4124 4046//4125
f 3999//4050 3998//4104 4460//4051
f 4041//4111 4042//4100 4048//4099
f 4061//4126 4040//4088 4024//4109
f 4062//4127 4081//4128 4012//4129
f 4063//4130 4009//4094 4037//4084
f 4064//4131 3988//4101 4007//4059
f 4064//4131 4034//4077 3988//4101
f 4030//4070 3980//4087 4002//4071
f 4065//3573 4023//4115 4056//2337
f 4066//4132 3999//4050 4010//4096
f 4067//4133 4058//4118 4028//4078
f 4063//4130 4037//4084 4059//3589
f 4029//4067 4050//4097 4018//4068
f 4055//4116 4405//4117 3984//4134
f 4068//4135 3992//4136 3993//4137
f 4069//4138 4025//4061 4040//4088
f 4069//4138 4053//4110 4025//4061
f 4049//4102 4024//4109 4031//4105
f 4041//4111 4070//4139 4021//4112
f 4063//4130 4057//4120 4009//4094
f 4072//4140 4068//4135 4047//4141
f 4064//4131 4007//4059 4015//4058
f 4073//4142 4026//4064 4053//4110
f 4074//4143 4060//4121 4004//4092
f 4075//4144 3984//4134 3983//4145
f 4048//4099 4011//4091 4044//4090
f 4075//4144 4055//4116 3984//4134
f 4076//4146 3982//4053 4008//4047
f 4076//4146 4033//4074 3982//4053
f 4077//4147 4051//4106 4050//4097
f 4094//4148 4015//4058 4051//4106
f 4078//4149 3980//4087 4030//4070
f 4047//4141 4001//4083 4036//4080
f 4079//4150 4050//4097 4029//4067
f 4083//4151 4070//4139 4041//4111
f 4080//4152 4066//4132 4010//4096
f 4060//4121 4052//4107 4013//4108
f 4082//4153 4049//4102 3998//4104
f 4082//4153 3998//4104 3999//4050
f 4084//4154 4067//4133 4028//4078
f 4084//4154 4028//4078 4034//4077
f 4054//4113 4036//4080 4005//4082
f 4090//4155 4039//4156 4071//4123
f 4086//4157 4023//4115 4065//3573
f 4086//4157 4054//4113 4023//4115
f 4061//4126 4024//4109 4049//4102
f 4087//4158 4038//4085 3980//4087
f 4074//4143 4004//4092 4057//4120
f 4080//4152 4010//4096 4045//4095
f 4088//3632 4063//4130 4059//3589
f 4089//4159 4040//4088 4061//4126
f 4089//4159 4069//4138 4040//4088
f 4091//4160 4053//4110 4069//4138
f 4094//4148 4064//4131 4015//4058
f 4096//4161 4075//4144 3983//4145
f 4097//4162 4061//4126 4049//4102
f 4091//4160 4073//4142 4053//4110
f 4106//4163 4041//4111 4048//4099
f 4098//4164 4045//4095 4033//4074
f 4099//4165 4052//4107 4060//4121
f 4100//4166 4074//4143 4057//4120
f 4100//4166 4057//4120 4063//4130
f 4101//4167 4076//4146 4008//4047
f 4101//4167 4008//4047 4052//4107
f 4102//4168 4049//4102 4082//4153
f 4065//3573 4056//2337 3539//3546
f 4032//4169 4096//4161 3983//4145
f 4087//4158 3980//4087 4078//4149
f 4044//4090 4038//4085 4087//4158
f 4093//4170 4094//4148 4051//4106
f 4093//4170 4051//4106 4077//4147
f 4090//4155 4071//4123 4095//4171
f 4064//4131 4084//4154 4034//4077
f 4111//4172 4062//4127 4070//4139
f 4106//4163 4048//4099 4044//4090
f 4107//4173 4069//4138 4089//4159
f 4109//4174 4082//4153 3999//4050
f 4108//4175 4086//4157 4065//3573
f 4109//4174 3999//4050 4066//4132
f 4110//4176 4050//4097 4079//4150
f 4110//4176 4077//4147 4050//4097
f 4104//4177 4089//4159 4061//4126
f 4112//4178 4041//4111 4106//4163
f 4113//4179 4054//4113 4086//4157
f 4107//4173 4091//4160 4069//4138
f 4079//4150 4029//4067 4085//4180
f 4115//4181 4104//4177 4061//4126
f 4115//4181 4061//4126 4097//4162
f 4116//4182 4085//4180 4090//4155
f 4102//4168 4097//4162 4049//4102
f 4099//4165 4060//4121 4074//4143
f 4117//4183 4058//4118 4067//4133
f 4117//4183 4103//4184 4058//4118
f 4118//3673 4063//4130 4088//3632
f 4118//3673 4100//4166 4063//4130
f 4119//4185 4070//4139 4083//4151
f 4120//4186 4033//4074 4076//4146
f 4120//4186 4098//4164 4033//4074
f 4121//4187 4044//4090 4087//4158
f 4108//4175 4065//3573 3570//3569
f 4099//4165 4101//4167 4052//4107
f 4100//4166 4105//4188 4074//4143
f 4109//4174 4066//4132 4080//4152
f 4096//4161 4032//4169 4103//4184
f 4122//4189 4090//4155 4095//4171
f 4105//4188 4099//4165 4074//4143
f 4119//4185 4111//4172 4070//4139
f 4126//4190 4068//4135 4072//4140
f 4129//4191 4080//4152 4045//4095
f 4116//4182 4079//4150 4085//4180
f 4132//4192 4102//4168 4082//4153
f 4132//4192 4082//4153 4109//4174
f 4133//4193 4107//4173 4089//4159
f 4137//4194 4136//4195 4130//4196
f 4133//4193 4089//4159 4104//4177
f 4110//4176 4093//4170 4077//4147
f 4139//4197 4117//4183 4067//4133
f 4139//4197 4067//4133 4084//4154
f 4125//4198 4124//4199 4127//4200
f 4112//4178 4083//4151 4041//4111
f 4131//4201 4127//4200 4128//4202
f 4140//4203 4134//4204 4141//4205
f 4113//4179 4114//4206 4054//4113
f 4144//3702 4100//4166 4118//3673
f 4145//4207 4104//4177 4115//4181
f 4146//4208 4097//4162 4102//4168
f 4135//4209 4125//4198 4127//4200
f 4143//4210 4136//4195 4137//4194
f 4108//4175 4113//4179 4086//4157
f 4147//4211 4101//4167 4099//4165
f 4149//4212 4076//4146 4101//4167
f 4149//4212 4120//4186 4076//4146
f 4150//4213 4105//4188 4100//4166
f 4151//4214 4110//4176 4079//4150
f 4152//4215 4083//4151 4112//4178
f 4143//4210 4142//4216 4136//4195
f 4126//4190 4123//4217 4068//4135
f 4154//4218 4045//4095 4098//4164
f 4154//4218 4129//4191 4045//4095
f 4153//4219 4130//4196 4124//4199
f 4153//4219 4124//4199 4125//4198
f 4157//4220 4107//4173 4133//4193
f 4158//4221 4141//4205 4159//4222
f 4129//4191 4109//4174 4080//4152
f 4160//4223 4099//4165 4105//4188
f 4153//4219 4137//4194 4130//4196
f 4145//4207 4133//4193 4104//4177
f 4163//4224 4116//4182 4090//4155
f 4164//4225 4181//4226 4142//4216
f 4143//4210 4148//4227 4142//4216
f 4166//4228 4078//4149 4030//4070
f 4166//4228 4030//4070 4123//4217
f 4167//4229 4125//4198 4135//4209
f 4168//4230 4075//4144 4096//4161
f 4115//4181 4097//4162 4146//4208
f 4169//4231 4114//4206 4113//4179
f 4170//4232 4087//4158 4078//4149
f 4153//4219 4143//4210 4137//4194
f 4146//4208 4102//4168 4132//4192
f 4171//4233 4044//4090 4121//4187
f 4171//4233 4106//4163 4044//4090
f 4163//4224 4090//4155 4122//4189
f 4158//4221 4156//4234 4141//4205
f 4144//3702 4150//4213 4100//4166
f 4172//4235 4111//4172 4119//4185
f 4151//4214 4079//4150 4116//4182
f 4166//4228 4123//4217 4126//4190
f 4173//4236 4084//4154 4064//4131
f 4173//4236 4139//4197 4084//4154
f 4175//4237 4113//4179 4108//4175
f 4147//4211 4149//4212 4101//4167
f 4150//4213 4160//4223 4105//4188
f 4119//4185 4083//4151 4152//4215
f 4179//4238 4098//4164 4120//4186
f 4179//4238 4154//4218 4098//4164
f 4180//4239 4153//4219 4167//4229
f 4093//4170 4165//4240 4094//4148
f 4167//4229 4135//4209 4155//4241
f 4183//4242 4148//4227 4143//4210
f 4185//4243 4109//4174 4129//4191
f 4160//4223 4147//4211 4099//4165
f 4186//4244 4142//4216 4148//4227
f 4186//4244 4164//4225 4142//4216
f 4168//4230 4096//4161 4103//4184
f 4187//4245 4115//4181 4146//4208
f 4169//4231 4161//4246 4114//4206
f 4188//4247 4131//4201 4177//4248
f 4176//4249 4167//4229 4155//4241
f 4176//4249 4155//4241 4188//4247
f 4170//4232 4121//4187 4087//4158
f 4189//4250 4145//4207 4115//4181
f 4190//4251 4163//4224 4122//4189
f 4174//4252 4151//4214 4116//4182
f 4190//4251 4122//4189 4182//4253
f 4191//4254 4162//4255 4093//4170
f 4192//4256 4146//4208 4132//4192
f 4191//4254 4093//4170 4110//4176
f 4193//4257 4143//4210 4153//4219
f 4112//4178 4106//4163 4171//4233
f 4194//4258 4168//4230 4103//4184
f 3625//3627 4108//4175 3570//3569
f 4213//4259 4159//4222 4178//4260
f 4185//4243 4132//4192 4109//4174
f 4189//4250 4133//4193 4145//4207
f 4197//4261 4149//4212 4147//4211
f 4198//4262 4199//4263 4181//4226
f 4150//4213 4144//3702 3722//3724
f 4201//4264 4160//4223 4150//4213
f 4185//4243 4129//4191 4154//4218
f 4175//4237 4169//4231 4113//4179
f 4175//4237 4108//4175 3625//3627
f 4202//4265 4161//4246 4169//4231
f 4174//4252 4116//4182 4163//4224
f 4203//4266 4117//4183 4139//4197
f 4205//4267 4120//4186 4149//4212
f 4205//4267 4179//4238 4120//4186
f 4211//4268 4188//4247 4177//4248
f 4180//4239 4193//4257 4153//4219
f 4193//4257 4183//4242 4143//4210
f 4206//4269 4167//4229 4176//4249
f 4207//4270 4147//4211 4160//4223
f 4194//4258 4103//4184 4117//4183
f 4208//4271 4156//4234 4158//4221
f 4209//4272 4181//4226 4164//4225
f 4210//4273 4115//4181 4187//4245
f 4210//4273 4189//4250 4115//4181
f 4206//4269 4180//4239 4167//4229
f 4212//4274 4151//4214 4174//4252
f 4213//4259 4214//4275 4158//4221
f 4192//4256 4187//4245 4146//4208
f 4215//4276 4111//4172 4172//4235
f 4189//4250 4184//4277 4133//4193
f 4216//4278 4173//4236 4064//4131
f 4216//4278 4064//4131 4094//4148
f 4217//4279 4132//4192 4185//4243
f 4217//4279 4192//4256 4132//4192
f 4219//4280 4121//4187 4170//4232
f 4220//4281 4119//4185 4152//4215
f 4221//4282 4166//4228 4126//4190
f 4175//4237 3625//3627 3683//3688
f 4222//4283 4186//4244 4148//4227
f 4223//4284 4197//4261 4147//4211
f 4196//4285 4165//4240 4093//4170
f 4225//4286 4112//4178 4171//4233
f 4226//4287 4227//4288 4166//4228
f 4162//4255 4196//4285 4093//4170
f 4189//4250 4229//4289 4184//4277
f 4230//3742 4201//4264 4150//4213
f 4231//4290 4169//4231 4175//4237
f 4232//4291 4187//4245 4192//4256
f 4209//4272 4198//4262 4181//4226
f 4230//3742 4150//4213 3722//3724
f 4233//4292 4185//4243 4154//4218
f 4233//4292 4154//4218 4179//4238
f 4201//4264 4207//4270 4160//4223
f 4234//4293 4139//4197 4173//4236
f 4234//4293 4203//4266 4139//4197
f 4232//4291 4210//4273 4187//4245
f 4222//4283 4148//4227 4183//4242
f 4235//4294 4174//4252 4163//4224
f 4197//4261 4205//4267 4149//4212
f 4214//4275 4208//4271 4158//4221
f 4237//4295 4192//4256 4217//4279
f 4198//4262 4238//4296 4199//4263
f 4239//4297 4183//4242 4193//4257
f 4240//4298 4172//4235 4119//4185
f 4165//4240 4216//4278 4094//4148
f 4229//4289 4189//4250 4210//4273
f 4202//4265 4204//4299 4161//4246
f 4250//4300 4180//4239 4206//4269
f 4207//4270 4223//4284 4147//4211
f 4218//4301 4176//4249 4224//4302
f 4194//4258 4200//4303 4168//4230
f 4218//4301 4206//4269 4176//4249
f 4244//4304 4152//4215 4112//4178
f 4219//4280 4171//4233 4121//4187
f 4278//4305 4214//4275 4213//4259
f 4209//4272 4164//4225 4186//4244
f 4231//4290 4202//4265 4169//4231
f 4246//4306 4215//4276 4172//4235
f 4237//4295 4232//4291 4192//4256
f 4248//4307 4233//4292 4179//4238
f 4249//4308 4250//4300 4206//4269
f 4250//4300 4193//4257 4180//4239
f 4244//4304 4112//4178 4225//4286
f 4151//4214 4191//4254 4110//4176
f 4226//4287 4166//4228 4221//4282
f 4253//4309 4224//4302 4211//4268
f 4254//4310 4190//4251 4182//4253
f 4255//4311 4208//4271 4214//4275
f 4256//4312 4207//4270 4201//4264
f 4249//4308 4206//4269 4218//4301
f 4235//4294 4163//4224 4190//4251
f 4203//4266 4194//4258 4117//4183
f 4248//4307 4179//4238 4205//4267
f 4257//4313 4232//4291 4237//4295
f 4247//4314 4236//4315 4195//4316
f 4233//4292 4217//4279 4185//4243
f 4259//4317 4186//4244 4222//4283
f 4259//4317 4241//4318 4186//4244
f 4254//4310 4182//4253 4215//4276
f 4245//4319 4212//4274 4174//4252
f 4241//4318 4209//4272 4186//4244
f 4262//4320 4171//4233 4219//4280
f 4263//4321 4223//4284 4207//4270
f 4264//4322 4229//4289 4210//4273
f 4220//4281 4152//4215 4244//4304
f 4267//4323 4232//4291 4257//4313
f 4267//4323 4210//4273 4232//4291
f 3683//3688 4231//4290 4175//4237
f 4268//4324 4258//4325 4198//4262
f 4268//4324 4198//4262 4209//4272
f 4269//4326 4205//4267 4197//4261
f 4269//4326 4248//4307 4205//4267
f 3743//3740 4201//4264 4230//3742
f 3743//3740 4256//4312 4201//4264
f 4216//4278 4234//4293 4173//4236
f 4223//4284 4269//4326 4197//4261
f 4260//4327 4239//4297 4193//4257
f 4271//4328 4217//4279 4233//4292
f 4271//4328 4237//4295 4217//4279
f 4272//4329 4202//4265 4231//4290
f 4255//4311 4242//4330 4208//4271
f 4273//4331 4233//4292 4248//4307
f 4265//4332 4243//4333 4228//4334
f 4266//4335 4238//4296 4198//4262
f 4256//4312 4263//4321 4207//4270
f 4278//4305 4255//4311 4214//4275
f 4251//4336 4204//4299 4202//4265
f 4264//4322 4210//4273 4267//4323
f 4260//4327 4193//4257 4250//4300
f 4265//4332 4228//4334 4261//4337
f 4277//4338 4224//4302 4253//4309
f 4279//4339 4235//4294 4190//4251
f 4279//4339 4190//4251 4254//4310
f 4280//3735 4231//4290 3683//3688
f 4282//4340 4250//4300 4249//4308
f 4274//4341 4254//4310 4215//4276
f 4284//4342 4233//4292 4273//4331
f 4284//4342 4271//4328 4233//4292
f 4266//4335 4276//4343 4238//4296
f 4286//4344 4249//4308 4218//4301
f 4287//4345 4245//4319 4174//4252
f 4287//4345 4174//4252 4235//4294
f 4258//4325 4266//4335 4198//4262
f 4288//4346 4227//4288 4226//4287
f 4283//4347 4263//4321 4256//4312
f 4262//4320 4225//4286 4171//4233
f 4290//4348 4257//4313 4237//4295
f 4290//4348 4237//4295 4271//4328
f 4291//4349 4219//4280 4227//4288
f 4292//4350 4196//4285 4162//4255
f 4270//4351 4151//4214 4212//4274
f 4293//4352 4264//4322 4267//4323
f 4252//4353 4194//4258 4203//4266
f 4321//4354 4255//4311 4278//4305
f 4281//4355 4244//4304 4225//4286
f 4272//4329 4231//4290 4280//3735
f 3313//3292 4256//4312 3743//3740
f 4289//4356 4241//4318 4259//4317
f 4290//4348 4267//4323 4257//4313
f 4297//4357 4242//4330 4255//4311
f 4245//4319 4275//4358 4212//4274
f 4299//4359 4248//4307 4269//4326
f 4298//4360 4268//4324 4209//4272
f 4299//4359 4273//4331 4248//4307
f 4282//4340 4260//4327 4250//4300
f 4300//4361 4223//4284 4263//4321
f 4300//4361 4269//4326 4223//4284
f 4295//4362 4277//4338 4253//4309
f 4290//4348 4271//4328 4284//4342
f 4302//4363 4252//4353 4203//4266
f 3313//3292 4283//4347 4256//4312
f 4270//4351 4191//4254 4151//4214
f 4283//4347 4300//4361 4263//4321
f 4313//4364 4288//4346 4226//4287
f 4247//4314 4278//4305 4236//4315
f 4293//4352 4267//4323 4290//4348
f 4301//4365 4254//4310 4274//4341
f 4304//4366 4290//4348 4284//4342
f 4286//4344 4218//4301 4277//4338
f 4299//4359 4284//4342 4273//4331
f 4305//4367 4202//4265 4272//4329
f 4305//4367 4251//4336 4202//4265
f 4275//4358 4270//4351 4212//4274
f 4306//4368 4261//4337 4296//4369
f 4306//4368 4265//4332 4261//4337
f 4274//4341 4215//4276 4246//4306
f 4281//4355 4225//4286 4262//4320
f 4291//4349 4227//4288 4288//4346
f 4309//4370 4240//4298 4220//4281
f 4283//4347 3313//3292 4312//3336
f 4303//4371 4276//4343 4266//4335
f 4311//4372 4284//4342 4299//4359
f 4312//3336 4307//4373 4283//4347
f 4314//4374 4266//4335 4258//4325
f 4295//4362 4253//4309 4297//4357
f 4300//4361 4299//4359 4269//4326
f 4292//4350 4162//4255 4191//4254
f 4315//4375 4220//4281 4244//4304
f 4315//4375 4244//4304 4294//4376
f 4310//4377 4293//4352 4290//4348
f 4316//4378 4165//4240 4196//4285
f 4316//4378 4216//4278 4165//4240
f 4318//4379 4209//4272 4241//4318
f 4318//4379 4298//4360 4209//4272
f 4304//4366 4310//4377 4290//4348
f 4307//4373 4300//4361 4283//4347
f 4319//4380 4297//4357 4255//4311
f 4320//4381 4321//4354 4278//4305
f 4311//4372 4304//4366 4284//4342
f 4302//4363 4203//4266 4234//4293
f 4322//4382 4234//4293 4216//4278
f 3377//3367 4307//4373 4312//3336
f 4352//4383 4260//4327 4282//4340
f 4323//4384 4289//4356 4259//4317
f 4324//4385 4299//4359 4300//4361
f 4314//4374 4258//4325 4268//4324
f 4326//4386 4304//4366 4311//4372
f 4320//4381 4278//4305 4247//4314
f 4329//4387 4291//4349 4288//4346
f 4330//4388 4301//4365 4274//4341
f 4294//4376 4244//4304 4281//4355
f 4324//4385 4300//4361 4307//4373
f 4279//4339 4287//4345 4235//4294
f 4337//4389 4255//4311 4321//4354
f 4332//4390 4299//4359 4324//4385
f 4332//4390 4311//4372 4299//4359
f 4318//4379 4241//4318 4289//4356
f 4333//4391 4302//4363 4234//4293
f 4334//4392 4249//4308 4286//4344
f 4334//4392 4282//4340 4249//4308
f 4336//4393 4254//4310 4301//4365
f 4336//4393 4279//4339 4254//4310
f 4338//4394 4304//4366 4326//4386
f 4338//4394 4310//4377 4304//4366
f 4316//4378 4196//4285 4292//4350
f 3377//3367 4324//4385 4307//4373
f 4340//4395 4322//4382 4216//4278
f 4308//4396 4352//4383 4282//4340
f 3387//3389 4324//4385 3377//3367
f 4342//4397 4313//4364 4285//4398
f 4343//4399 4246//4306 4317//4400
f 4343//4399 4274//4341 4246//4306
f 4344//4401 4285//4398 4251//4336
f 4344//4401 4251//4336 4305//4367
f 4346//4402 4295//4362 4297//4357
f 4347//3339 4305//4367 4272//4329
f 4347//3339 4272//4329 4280//3735
f 4349//4403 4326//4386 4311//4372
f 4349//4403 4311//4372 4332//4390
f 4348//4404 4286//4344 4277//4338
f 4350//4405 4292//4350 4191//4254
f 4334//4392 4308//4396 4282//4340
f 3388//3385 4324//4385 3387//3389
f 3388//3385 4332//4390 4324//4385
f 4351//4406 4314//4374 4268//4324
f 4317//4400 4240//4298 4309//4370
f 4353//4407 4275//4358 4245//4319
f 4354//4408 4303//4371 4266//4335
f 4331//4409 4296//4369 4339//4410
f 3396//3396 4332//4390 3388//3385
f 4349//4403 4338//4394 4326//4386
f 4331//4409 4306//4368 4296//4369
f 4337//4389 4319//4380 4255//4311
f 4349//4403 2950//2915 4338//4394
f 4349//4403 4332//4390 3396//3396
f 4357//4411 4325//4412 4276//4343
f 4349//4403 3396//3396 4356//2916
f 4356//2916 2950//2915 4349//4403
f 4358//4413 4323//4384 4259//4317
f 4131//4201 4128//4202 4134//4204
f 4322//4382 4333//4391 4234//4293
f 4131//4201 4135//4209 4127//4200
f 4131//4201 4188//4247 4135//4209
f 4140//4203 4141//4205 4156//4234
f 4125//4198 4167//4229 4153//4219
f 4131//4201 4134//4204 4140//4203
f 4131//4201 4140//4203 4177//4248
f 4323//4384 4318//4379 4289//4356
f 4188//4247 4155//4241 4135//4209
f 4341//4414 4270//4351 4275//4358
f 4359//4415 4360//4416 4321//4354
f 4140//4203 4156//4234 4208//4271
f 4359//4415 4321//4354 4320//4381
f 4208//4271 4177//4248 4140//4203
f 4188//4247 4224//4302 4176//4249
f 4158//4221 4159//4222 4213//4259
f 4351//4406 4268//4324 4298//4360
f 4178//4260 4195//4316 4236//4315
f 4208//4271 4242//4330 4211//4268
f 4208//4271 4211//4268 4177//4248
f 4211//4268 4224//4302 4188//4247
f 4350//4405 4191//4254 4270//4351
f 4354//4408 4266//4335 4314//4374
f 4236//4315 4213//4259 4178//4260
f 4243//4333 4195//4316 4228//4334
f 4361//4417 4220//4281 4315//4375
f 4361//4417 4309//4370 4220//4281
f 4278//4305 4213//4259 4236//4315
f 4363//4418 4316//4378 4292//4350
f 4243//4333 4247//4314 4195//4316
f 4362//4419 4277//4338 4295//4362
f 4242//4330 4253//4309 4211//4268
f 4357//4411 4276//4343 4303//4371
f 4222//4283 4183//4242 4239//4297
f 4218//4301 4224//4302 4277//4338
f 4253//4309 4242//4330 4297//4357
f 4364//4420 4327//4421 4291//4349
f 4364//4420 4291//4349 4329//4387
f 4243//4333 4345//4422 4247//4314
f 4243//4333 4265//4332 4345//4422
f 4260//4327 4328//4423 4239//4297
f 4239//4297 4328//4423 4259//4317
f 4374//4424 4352//4383 4308//4396
f 4239//4297 4259//4317 4222//4283
f 4346//4402 4297//4357 4319//4380
f 4260//4327 4352//4383 4328//4423
f 4328//4423 4358//4413 4259//4317
f 4340//4395 4216//4278 4316//4378
f 4360//4416 4337//4389 4321//4354
f 4345//4422 4320//4381 4247//4314
f 4344//4401 4342//4397 4285//4398
f 4352//4383 4366//4425 4328//4423
f 4328//4423 4383//4426 4358//4413
f 4370//4427 4294//4376 4281//4355
f 4370//4427 4281//4355 4335//4428
f 4347//3339 4280//3735 3332//3340
f 4367//4429 4320//4381 4345//4422
f 4366//4425 4352//4383 4376//4430
f 4366//4425 4383//4426 4328//4423
f 4337//4389 4360//4416 4372//4431
f 4374//4424 4308//4396 4334//4392
f 4366//4425 4376//4430 4383//4426
f 4379//4432 4381//4433 4380//4434
f 4372//4431 4371//4435 4337//4389
f 4342//4397 4355//4436 4313//4364
f 4383//4426 4392//4437 4358//4413
f 4374//4424 4384//4438 4376//4430
f 4371//4435 4385//4439 4377//4440
f 4386//4441 4373//4442 4387//4443
f 4388//3415 4344//4401 4305//4367
f 4388//3415 4305//4367 4347//3339
f 4382//4444 4371//4435 4372//4431
f 4378//4445 4384//4438 4374//4424
f 4376//4430 4392//4437 4383//4426
f 4376//4430 4391//4446 4392//4437
f 4392//4437 4396//4447 4381//4433
f 4392//4437 4395//4448 4396//4447
f 4430//4449 4440//4450 4393//4451
f 4382//4444 4385//4439 4371//4435
f 4371//4435 4319//4380 4337//4389
f 4394//4452 4396//4447 4395//4448
f 4394//4452 4380//4434 4396//4447
f 4394//4452 4436//4453 4380//4434
f 4397//4454 4408//4455 4386//4441
f 4397//4454 4440//4450 4408//4455
f 4390//4456 4378//4445 4435//4457
f 4399//4458 4350//4405 4270//4351
f 4392//4437 4020//4060 4395//4448
f 4345//4422 4265//4332 4306//4368
f 4400//4459 4317//4400 4309//4370
f 4398//4460 4397//4454 4386//4441
f 4390//4456 4384//4438 4378//4445
f 4390//4456 4043//4124 4384//4438
f 4398//4460 4387//4443 3996//4119
f 4398//4460 4386//4441 4387//4443
f 3984//4134 4393//4451 4440//4450
f 4402//4461 4306//4368 4331//4409
f 4348//4404 4334//4392 4286//4344
f 3984//4134 4440//4450 4397//4454
f 4403//4462 4287//4345 4279//4339
f 4018//4068 4017//4098 4020//4060
f 4018//4068 4020//4060 4392//4437
f 4404//4463 4333//4391 4322//4382
f 4395//4448 4020//4060 4007//4059
f 4027//4069 4018//4068 4391//4446
f 3989//4079 3996//4119 4387//4443
f 3983//4145 3984//4134 4397//4454
f 3983//4145 4397//4454 4398//4460
f 4405//4117 4401//4044 4430//4449
f 4405//4117 3977//4042 4401//4044
f 4043//4124 4027//4069 4384//4438
f 4043//4124 4039//4156 4027//4069
f 4042//4100 4021//4112 4385//4439
f 4369//4464 4331//4409 4339//4410
f 4379//4432 4298//4360 4318//4379
f 4379//4432 4351//4406 4298//4360
f 4407//4465 4279//4339 4336//4393
f 4032//4169 3983//4145 4398//4460
f 3993//4137 4047//4141 4068//4135
f 3993//4137 4001//4083 4047//4141
f 3993//4137 4437//4466 4001//4083
f 4012//4129 4022//4467 4062//4127
f 4032//4169 4398//4460 3996//4119
f 4032//4169 3996//4119 4058//4118
f 4405//4117 4393//4451 3984//4134
f 4408//4455 4357//4411 4303//4371
f 4409//4468 4322//4382 4340//4395
f 4410//4469 4340//4395 4316//4378
f 4046//4125 4019//4470 4012//4129
f 4411//4471 4245//4319 4287//4345
f 4411//4471 4353//4407 4245//4319
f 4412//4472 4335//4428 4375//4473
f 4043//4124 4071//4123 4039//4156
f 4017//4098 4051//4106 4020//4060
f 4017//4098 4050//4097 4051//4106
f 4046//4125 4043//4124 4019//4470
f 4363//4418 4292//4350 4350//4405
f 4081//4128 4046//4125 4012//4129
f 4039//4156 4029//4067 4027//4069
f 4039//4156 4085//4180 4029//4067
f 4070//4139 4022//4467 4021//4112
f 4413//4474 4330//4388 4274//4341
f 4413//4474 4274//4341 4343//4399
f 4375//4473 4327//4421 4364//4420
f 4362//4419 4348//4404 4277//4338
f 4070//4139 4062//4127 4022//4467
f 4036//4080 4054//4113 4114//4206
f 4379//4432 4318//4379 4323//4384
f 4090//4155 4085//4180 4039//4156
f 4092//4475 4081//4128 4062//4127
f 4095//4171 4071//4123 4046//4125
f 4095//4171 4046//4125 4081//4128
f 4095//4171 4081//4128 4092//4475
f 4414//4476 4355//4436 4342//4397
f 4114//4206 4047//4141 4036//4080
f 4123//4217 4030//4070 4014//4073
f 4111//4172 4092//4475 4062//4127
f 4161//4246 4047//4141 4114//4206
f 4377//4440 4319//4380 4371//4435
f 4138//4477 4092//4475 4111//4172
f 4138//4477 4095//4171 4092//4475
f 4377//4440 4346//4402 4319//4380
f 4161//4246 4072//4140 4047//4141
f 4353//4407 4341//4414 4275//4358
f 4138//4477 4182//4253 4122//4189
f 4138//4477 4122//4189 4095//4171
f 4111//4172 4215//4276 4138//4477
f 4370//4427 4315//4375 4294//4376
f 4161//4246 4126//4190 4072//4140
f 4204//4299 4126//4190 4161//4246
f 4227//4288 4170//4232 4078//4149
f 4227//4288 4078//4149 4166//4228
f 4182//4253 4138//4477 4215//4276
f 4386//4441 4354//4408 4314//4374
f 4399//4458 4270//4351 4341//4414
f 4400//4459 4309//4370 4361//4417
f 4221//4282 4204//4299 4251//4336
f 4221//4282 4126//4190 4204//4299
f 4240//4298 4119//4185 4220//4281
f 4219//4280 4170//4232 4227//4288
f 4246//4306 4172//4235 4240//4298
f 4221//4282 4251//4336 4285//4398
f 4246//4306 4240//4298 4317//4400
f 4221//4282 4285//4398 4313//4364
f 4372//4431 4360//4416 4359//4415
f 4291//4349 4262//4320 4219//4280
f 4313//4364 4226//4287 4221//4282
f 4346//4402 4362//4419 4295//4362
f 4262//4320 4291//4349 4327//4421
f 4327//4421 4281//4355 4262//4320
f 4288//4346 4313//4364 4355//4436
f 4415//4478 4342//4397 4344//4401
f 4335//4428 4281//4355 4327//4421
f 4335//4428 4327//4421 4375//4473
f 4355//4436 4329//4387 4288//4346
f 4381//4433 4323//4384 4358//4413
f 4416//4479 4364//4420 4329//4387
f 4417//4480 4344//4401 4388//3415
f 4370//4427 4335//4428 4412//4472
f 4364//4420 4416//4479 4418//4481
f 4418//4481 4419//4482 4364//4420
f 4420//4483 4421//4484 4422//4485
f 4423//4486 4420//4483 4422//4485
f 4424//4487 4426//4093 4427//4488
f 4016//4122 4427//4488 4426//4093
f 4016//4122 4426//4093 4004//4092
f 4068//4135 4014//4073 3992//4136
f 4068//4135 4123//4217 4014//4073
f 4032//4169 4058//4118 4103//4184
f 4420//4483 4315//4375 4370//4427
f 4428//4489 4301//4365 4330//4388
f 4428//4489 4336//4393 4301//4365
f 4367//4429 4368//4490 4320//4381
f 4429//4491 4348//4404 4362//4419
f 4430//4449 4389//4492 4325//4412
f 4368//4490 4359//4415 4320//4381
f 4381//4433 4379//4432 4323//4384
f 4419//4482 4375//4473 4364//4420
f 4431//4493 4343//4399 4317//4400
f 4431//4493 4317//4400 4400//4459
f 4388//3415 4347//3339 3331//3337
f 4414//4476 4329//4387 4355//4436
f 4409//4468 4404//4463 4322//4382
f 4373//4442 4314//4374 4351//4406
f 4432//4494 4410//4469 4316//4378
f 4408//4455 4303//4371 4354//4408
f 4432//4494 4316//4378 4363//4418
f 4373//4442 4386//4441 4314//4374
f 4433//4495 4399//4458 4341//4414
f 4376//4430 4352//4383 4374//4424
f 4429//4491 4362//4419 4346//4402
f 4430//4449 4325//4412 4357//4411
f 4378//4445 4374//4424 4334//4392
f 4378//4445 4334//4392 4348//4404
f 4414//4476 4342//4397 4415//4478
f 4402//4461 4345//4422 4306//4368
f 4434//4496 4363//4418 4350//4405
f 4434//4496 4350//4405 4399//4458
f 4365//4497 4369//4464 4339//4410
f 4436//4453 4373//4442 4351//4406
f 4403//4462 4411//4471 4287//4345
f 4386//4441 4408//4455 4354//4408
f 4437//4466 4331//4409 4369//4464
f 4438//4498 4329//4387 4414//4476
f 4438//4498 4416//4479 4329//4387
f 4439//4499 4404//4463 4409//4468
f 4407//4465 4403//4462 4279//4339
f 4415//4478 4344//4401 4417//4480
f 4440//4450 4430//4449 4357//4411
f 4428//4489 4330//4388 4413//4474
f 4441//4500 4432//4494 4363//4418
f 4420//4483 4361//4417 4315//4375
f 3456//3451 4417//4480 4388//3415
f 4425//4501 4412//4472 4375//4473
f 4425//4501 4375//4473 4419//4482
f 4392//4437 4381//4433 4358//4413
f 4442//4502 4340//4395 4410//4469
f 4442//4502 4409//4468 4340//4395
f 4406//4503 4429//4491 4346//4402
f 4435//4457 4378//4445 4348//4404
f 4421//4484 4370//4427 4412//4472
f 4421//4484 4420//4483 4370//4427
f 4443//4504 4341//4414 4353//4407
f 4443//4504 4433//4495 4341//4414
f 4435//4457 4348//4404 4429//4491
f 4436//4453 4351//4406 4379//4432
f 4444//3483 4415//4478 4417//4480
f 4445//4081 4365//4497 4446//4505
f 4447//4052 4336//4393 4428//4489
f 4447//4052 4407//4465 4336//4393
f 4440//4450 4357//4411 4408//4455
f 4448//4506 4372//4431 4359//4415
f 4449//4072 4345//4422 4402//4461
f 4449//4072 4367//4429 4345//4422
f 4433//4495 4434//4496 4399//4458
f 4450//4054 4343//4399 4431//4493
f 4450//4054 4413//4474 4343//4399
f 3993//4137 4402//4461 4331//4409
f 3993//4137 4331//4409 4437//4466
f 4436//4453 4379//4432 4380//4434
f 4452//4507 4418//4481 4416//4479
f 4452//4507 4416//4479 4438//4498
f 4444//3483 4417//4480 3456//3451
f 4442//4502 4410//4469 4432//4494
f 4453//4508 4363//4418 4434//4496
f 4453//4508 4441//4500 4363//4418
f 4423//4486 4361//4417 4420//4483
f 4423//4486 4400//4459 4361//4417
f 4455//4509 4414//4476 4415//4478
f 4396//4447 4380//4434 4381//4433
f 4456//4076 4428//4489 4413//4474
f 4457//4510 4359//4415 4368//4490
f 4421//4484 4412//4472 4425//4501
f 3981//4103 4411//4471 4403//4462
f 4406//4503 4346//4402 4377//4440
f 4459//4511 4409//4468 4442//4502
f 4459//4511 4439//4499 4409//4468
f 4460//4051 4403//4462 4407//4465
f 4461//4512 4435//4457 4429//4491
f 4448//4506 4382//4444 4372//4431
f 4424//4487 4419//4482 4418//4481
f 4424//4487 4425//4501 4419//4482
f 4002//4071 4368//4490 4367//4429
f 4443//4504 4353//4407 4411//4471
f 4455//4509 4438//4498 4414//4476
f 4462//4513 4406//4503 4377//4440
f 4455//4509 4415//4478 4444//3483
f 4427//4488 4421//4484 4425//4501
f 4463//4514 4433//4495 4443//4504
f 4464//4515 4432//4494 4441//4500
f 4464//4515 4442//4502 4432//4494
f 4427//4488 4425//4501 4424//4487
f 4448//4506 4359//4415 4454//4086
f 4385//4439 4462//4513 4377//4440
f 4458//4516 4452//4507 4438//4498
f 3989//4079 4373//4442 4436//4453
f 3989//4079 4387//4443 4373//4442
f 4430//4449 4401//4044 4389//4492
f 4384//4438 4391//4446 4376//4430
f 4465//4056 4418//4481 4452//4507
f 4445//4081 4369//4464 4365//4497
f 4423//4486 4431//4493 4400//4459
f 4456//4076 4413//4474 4450//4054
f 4466//4063 4453//4508 4434//4496
f 4006//4089 4434//4496 4433//4495
f 3992//4136 4402//4461 3993//4137
f 4467//4046 4458//4516 4438//4498
f 4467//4046 4438//4498 4455//4509
f 4457//4510 4368//4490 4002//4071
f 4002//4071 4367//4429 4449//4072
f 4011//4091 4382//4444 4448//4506
f 4019//4470 4435//4457 4461//4512
f 4019//4470 4390//4456 4435//4457
f 4018//4068 4392//4437 4391//4446
f 4016//4122 4422//4485 4421//4484
f 3987//4048 4431//4493 4423//4486
f 4001//4083 4369//4464 4445//4081
f 4454//4086 4359//4415 4457//4510
f 3499//3498 4455//4509 4444//3483
f 3979//4075 4447//4052 4428//4489
f 3979//4075 4428//4489 4456//4076
f 4461//4512 4429//4491 4406//4503
f 4465//4056 4424//4487 4418//4481
f 4466//4063 4434//4496 4006//4089
f 4006//4089 4433//4495 4463//4514
f 4027//4069 4391//4446 4384//4438
f 4460//4051 3981//4103 4403//4462
f 3992//4136 4449//4072 4402//4461
f 4464//4515 4459//4511 4442//4502
f 3986//4066 4464//4515 4441//4500
f 3986//4066 4441//4500 4453//4508
f 4393//4451 4405//4117 4430//4449
f 3981//4103 4443//4504 4411//4471
f 4016//4122 4421//4484 4427//4488
f 4007//4059 4394//4452 4395//4448
f 4007//4059 3988//4101 4394//4452
f 4042//4100 4382//4444 4011//4091
f 4452//4507 4458//4516 4467//4046
f 4042//4100 4385//4439 4382//4444
f 3988//4101 4436//4453 4394//4452
f 3988//4101 3989//4079 4436//4453
f 4022//4467 4406//4503 4462//4513
f 3531//3535 4455//4509 3499//3498
f 3531//3535 4467//4046 4455//4509
f 4014//4073 4449//4072 3992//4136
f 3990//4049 4423//4486 4422//4485
f 3991//4055 4424//4487 4465//4056
f 3991//4055 4426//4093 4424//4487
f 4021//4112 4462//4513 4385//4439
f 3995//4517 4459//4511 4464//4515
f 3987//4048 4450//4054 4431//4493
f 4022//4467 4461//4512 4406//4503
f 4000//4045 4452//4507 4467//4046
f 4005//4082 4445//4081 4446//4505
f 4005//4082 4446//4505 4451//4114
f 4019//4470 4043//4124 4390//4456
f 4001//4083 4437//4466 4369//4464
f 3982//4053 4456//4076 4450//4054
f 3990//4049 3987//4048 4423//4486
f 3980//4087 4457//4510 4002//4071
f 3997//4062 3986//4066 4453//4508
f 3997//4062 4453//4508 4466//4063
f 4010//4096 4447//4052 3979//4075
f 4460//4051 4407//4465 4447//4052
f 4000//4045 4465//4056 4452//4507
f 4009//4094 4426//4093 3991//4055
f 4031//4105 4463//4514 4443//4504
f 4031//4105 4443//4504 3981//4103
f 4012//4129 4461//4512 4022//4467
f 4025//4061 4466//4063 4006//4089
f 4010//4096 3999//4050 4447//4052
f 4012//4129 4019//4470 4461//4512
f 4013//4108 4422//4485 4016//4122
f 4013//4108 3990//4049 4422//4485
f 3998//4104 3981//4103 4460//4051
f 4038//4085 4448//4506 4454//4086
f 4038//4085 4011//4091 4448//4506
f 3980//4087 4454//4086 4457//4510
f 4003//4057 4465//4056 4000//4045
f 4024//4109 4006//4089 4463//4514
f 4021//4112 4022//4467 4462//4513
f 3994//4065 4464//4515 3986//4066
f 3994//4065 3995//4517 4464//4515
f 4028//4078 3996//4119 3989//4079
f 4031//4105 4024//4109 4463//4514
f 2442//2416 5390//4518 4469//4519
f 4470//4520 4536//4521 4468//4522
f 2438//2412 5390//4518 2442//2416
f 4471//4523 4470//4520 4468//4522
f 4473//4524 4470//4520 4471//4523
f 2377//2351 2169//2135 2432//2406
f 4056//2337 4474//4525 4472//348
f 4475//4526 4473//4524 4471//4523
f 4475//4526 4476//4527 4473//4524
f 4023//4115 4474//4525 4056//2337
f 4023//4115 4477//4528 4474//4525
f 4478//4529 4476//4527 4475//4526
f 4451//4114 4477//4528 4023//4115
f 4479//4530 4476//4527 4478//4529
f 4480//4531 4479//4530 4478//4529
f 4451//4114 4481//4532 4477//4528
f 4446//4505 4481//4532 4451//4114
f 4482//4533 4479//4530 4480//4531
f 4446//4505 4483//4534 4481//4532
f 4365//4497 4483//4534 4446//4505
f 4484//4535 4482//4533 4480//4531
f 4365//4497 4485//4536 4483//4534
f 4339//4410 4485//4536 4365//4497
f 4486//4537 4482//4533 4484//4535
f 4487//4538 4485//4536 4339//4410
f 4296//4369 4487//4538 4339//4410
f 4488//4539 4486//4537 4484//4535
f 4261//4337 4489//4540 4487//4538
f 4261//4337 4487//4538 4296//4369
f 4490//4541 4486//4537 4488//4539
f 4491//4542 4490//4541 4488//4539
f 4492//4543 4490//4541 4491//4542
f 4228//4334 4489//4540 4261//4337
f 4493//4544 4489//4540 4228//4334
f 4228//4334 4494//4545 4493//4544
f 4195//4316 4494//4545 4228//4334
f 4495//4546 4494//4545 4195//4316
f 4496//4547 4497//4548 4492//4543
f 4178//4260 4495//4546 4195//4316
f 4496//4547 4492//4543 4491//4542
f 4498//4549 4495//4546 4178//4260
f 4159//4222 4498//4549 4178//4260
f 4499//4550 4497//4548 4496//4547
f 4499//4550 4500//4551 4497//4548
f 4501//4552 4498//4549 4159//4222
f 4141//4205 4501//4552 4159//4222
f 4502//4553 4501//4552 4141//4205
f 4503//4554 4500//4551 4499//4550
f 4141//4205 4504//4555 4502//4553
f 4505//4556 4500//4551 4503//4554
f 4134//4204 4504//4555 4141//4205
f 4134//4204 4506//4557 4504//4555
f 4128//4202 4506//4557 4134//4204
f 4507//4558 4505//4556 4503//4554
f 4128//4202 4508//4559 4506//4557
f 4127//4200 4508//4559 4128//4202
f 2441//2415 4510//4560 4507//4558
f 2441//2415 4507//4558 4503//4554
f 4127//4200 4509//4561 4508//4559
f 4124//4199 4509//4561 4127//4200
f 2436//2410 4510//4560 2441//2415
f 4130//4196 4512//4562 4124//4199
f 2431//2405 4511//4563 2436//2410
f 2431//2405 4513//4564 4511//4563
f 4136//4195 4512//4562 4130//4196
f 4514//4565 4512//4562 4136//4195
f 2429//2403 4513//4564 2431//2405
f 4142//4216 4515//4566 4514//4565
f 4142//4216 4514//4565 4136//4195
f 2421//2395 4516//4567 2426//2400
f 4142//4216 4517//4568 4515//4566
f 2421//2395 5360//4569 4516//4567
f 4181//4226 4517//4568 4142//4216
f 4181//4226 4518//4570 4517//4568
f 2417//2394 5360//4569 2421//2395
f 2417//2394 5359//4571 5360//4569
f 2415//2389 5359//4571 2417//2394
f 4181//4226 4519//4572 4518//4570
f 4199//4263 4519//4572 4181//4226
f 2482//2457 4520//4573 2415//2389
f 4238//4296 4519//4572 4199//4263
f 2482//2457 5398//4574 4520//4573
f 4521//4575 4519//4572 4238//4296
f 2479//2454 5398//4574 2482//2457
f 2479//2454 5370//4576 5398//4574
f 4238//4296 4522//4577 4521//4575
f 4276//4343 4522//4577 4238//4296
f 2475//2450 5370//4576 2479//2454
f 2475//2450 4523//4578 5370//4576
f 2475//2450 4524//4579 4523//4578
f 4325//4412 4522//4577 4276//4343
f 2472//2447 4524//4579 2475//2450
f 4525//4580 4524//4579 2472//2447
f 4389//4492 4526//4581 4325//4412
f 5285//4582 4525//4580 2472//2447
f 2469//2444 5285//4582 2472//2447
f 4389//4492 4527//4583 4526//4581
f 4401//4044 4527//4583 4389//4492
f 4401//4044 4528//4584 4527//4583
f 2464//2439 4529//4585 2468//2443
f 2464//2439 4530//4586 4529//4585
f 2462//2437 4530//4586 2464//2439
f 2457//2432 4531//4587 2462//2437
f 2457//2432 4532//4588 4531//4587
f 4533//4589 4528//4584 4401//4044
f 2457//2432 4534//4590 4532//4588
f 2454//2429 4534//4590 2457//2432
f 2454//2429 4535//4591 4534//4590
f 4533//4589 4536//4521 4528//4584
f 2451//2426 4535//4591 2454//2429
f 2446//2420 4537//4592 2451//2426
f 2446//2420 4469//4519 4537//4592
f 4468//4522 4536//4521 4533//4589
f 2442//2416 4469//4519 2446//2420
f 4542//4593 4540//4594 4541//4595
f 4680//4596 4554//4597 4553//4598
f 4558//4599 4554//4597 4680//4596
f 4681//4600 4559//4601 4561//4602
f 4711//4603 4559//4601 4563//4604
f 4567//4605 4561//4602 4559//4601
f 4567//4605 4559//4601 4711//4603
f 4571//4606 4570//4607 4553//4598
f 4554//4597 4571//4606 4553//4598
f 5004//4608 4574//4609 5002//4610
f 4554//4597 4697//4611 4575//4612
f 4544//4613 4576//4614 4986//4615
f 4986//4615 4576//4614 4573//4616
f 4571//4606 4579//4617 4578//4618
f 4571//4606 4575//4612 4579//4617
f 4567//4605 4735//4619 4715//4620
f 4715//4620 4735//4619 4584//4621
f 4580//4622 4581//4623 4582//4624
f 4610//4625 4550//4626 4549//4627
f 4583//4628 4579//4617 4575//4612
f 4576//4614 4544//4613 4560//4629
f 4715//4620 4584//4621 4585//4630
f 4583//4628 4586//4631 4579//4617
f 4588//4632 4581//4623 4589//4633
f 4589//4633 4581//4623 4629//4634
f 4736//4635 4761//4636 4735//4619
f 4591//4637 4592//4638 4593//4639
f 4550//4626 4594//4640 4491//4542
f 4597//4641 4595//4642 4590//4643
f 4751//4644 4598//4645 4750//4646
f 4741//4647 4598//4645 4751//4644
f 5016//4648 4599//4649 4589//4633
f 4600//4650 4601//4651 4602//4652
f 4550//4626 4572//4653 4594//4640
f 4602//4652 4601//4651 4603//4654
f 4566//4655 4568//4656 4555//4657
f 4604//4658 4603//4654 4609//4659
f 4605//4660 4603//4654 4606//4661
f 4606//4661 4603//4654 4604//4658
f 4609//4659 4607//4662 4608//3271
f 4612//4663 4611//4664 4616//4665
f 4610//4625 4572//4653 4550//4626
f 4904//4666 4611//4664 4612//4663
f 4904//4666 4613//4667 4611//4664
f 5004//4608 4615//4668 4574//4609
f 4611//4664 4613//4667 4618//4669
f 4573//4616 4614//4670 4564//4671
f 4576//4614 4617//4672 4573//4616
f 3280//3232 4607//4662 3234//3228
f 4667//4673 4619//4674 4927//4675
f 4621//4676 4620//4677 4622//4678
f 4548//4679 4660//4680 4562//4681
f 4624//4682 4623//4683 4616//4665
f 4947//4684 4625//4685 4626//4686
f 4626//4686 4625//4685 4965//4687
f 4580//4622 4629//4634 4581//4623
f 4627//4688 4596//4689 4628//4690
f 4735//4619 4761//4636 4584//4621
f 4630//4691 4623//4683 4624//4682
f 4631//4692 4596//4689 4627//4688
f 4650//4693 4562//4681 4587//4694
f 4545//4695 4617//4672 4576//4614
f 4574//4609 4660//4680 4548//4679
f 4539//4696 4632//4697 5004//4608
f 5004//4608 4632//4697 4615//4668
f 4573//4616 4633//4698 4614//4670
f 4573//4616 4617//4672 4633//4698
f 4718//4699 4635//4700 4727//4701
f 4540//4594 5001//4702 4634//4703
f 4634//4703 5001//4702 4638//4704
f 3280//3232 4608//3271 4607//4662
f 4635//4700 4639//4705 4727//4701
f 4640//4706 4639//4705 4552//4707
f 4568//4656 4678//4708 4555//4657
f 4568//4656 4636//4709 4678//4708
f 4572//4653 4637//4710 4594//4640
f 4644//4711 4547//4712 4641//4713
f 4539//4696 4645//4714 4632//4697
f 4555//4657 4645//4714 4539//4696
f 4640//4706 4646//4715 4639//4705
f 4644//4711 4643//4716 4547//4712
f 4647//4717 4643//4716 4644//4711
f 2802//3258 4642//4718 4608//3271
f 4647//4717 4551//4719 4643//4716
f 5182//4720 4551//4719 4647//4717
f 4640//4706 2445//2419 4646//4715
f 5010//4721 4642//4718 2614//2597
f 4475//4526 4648//4722 4478//4529
f 4548//4679 4650//4693 4649//4723
f 4632//4697 4651//4724 4615//4668
f 4642//4718 2802//3258 2614//2597
f 3994//4065 4026//4064 4765//4725
f 4026//4064 4653//4726 4765//4725
f 4655//4727 4654//4728 4764//4729
f 4662//4730 4656//4731 4587//4694
f 4594//4640 4637//4710 4657//4732
f 4931//4733 4688//4734 4636//4709
f 4655//4727 4659//4735 4654//4728
f 4587//4694 4661//4736 4662//4730
f 4654//4728 4659//4735 4664//4737
f 4587//4694 4562//4681 4661//4736
f 4669//4738 4668//4739 4663//4740
f 4637//4710 4621//4676 4657//4732
f 4660//4680 4661//4736 4562//4681
f 4670//4741 4667//4673 4666//4742
f 4658//4743 4663//4740 4665//4744
f 4672//4745 4673//4746 4674//4747
f 4632//4697 4675//4748 4651//4724
f 4645//4714 4675//4748 4632//4697
f 4667//4673 4670//4741 4676//4749
f 4615//4668 4671//4750 4574//4609
f 4615//4668 4651//4724 4671//4750
f 4655//4727 4677//4751 4659//4735
f 4659//4735 4677//4751 4679//4752
f 4677//4751 4682//4753 4679//4752
f 4678//4708 4683//4754 4645//4714
f 4671//4750 4692//4755 4660//4680
f 4829//4756 4651//4724 4675//4748
f 4133//4193 4563//4604 4157//4220
f 4665//4744 4558//4599 4680//4596
f 4673//4746 4681//4600 4561//4602
f 4685//4757 4558//4599 4665//4744
f 4829//4756 4686//4758 4651//4724
f 4645//4714 4683//4754 4675//4748
f 4678//4708 4684//4759 4683//4754
f 4688//4734 4687//4760 4684//4759
f 4668//4739 4689//4761 4690//4762
f 4686//4758 4691//4763 4651//4724
f 4133//4193 4184//4277 4563//4604
f 4661//4736 4693//4764 4694//4765
f 4965//4687 4695//4766 4696//4767
f 4685//4757 4690//4762 4697//4611
f 4684//4759 4698//4768 4683//4754
f 4687//4760 4698//4768 4684//4759
f 4563//4604 4559//4601 4681//4600
f 4695//4766 4703//4769 4696//4767
f 4696//4767 4703//4769 4701//4770
f 4689//4761 4704//4771 4690//4762
f 4561//4602 4704//4771 4689//4761
f 4703//4769 4538//4772 4701//4770
f 4704//4771 4714//4773 4690//4762
f 4690//4762 4714//4773 4697//4611
f 4693//4764 4730//4774 4694//4765
f 4577//4775 4705//4776 4700//4777
f 4698//4768 4582//4624 4707//4778
f 4708//4779 4705//4776 4577//4775
f 4698//4768 4706//4780 4582//4624
f 4184//4277 4229//4289 4709//4781
f 4580//4622 4582//4624 4999//4782
f 4999//4782 4582//4624 4706//4780
f 4705//4776 4713//4783 4710//4784
f 4708//4779 4713//4783 4705//4776
f 4715//4620 4714//4773 4704//4771
f 4229//4289 4264//4322 4709//4781
f 4730//4774 4716//4785 4694//4765
f 4694//4765 4716//4785 4702//4786
f 4557//4787 4718//4699 4556//4788
f 4711//4603 4735//4619 4567//4605
f 4714//4773 4720//4789 4717//4790
f 4714//4773 4585//4630 4720//4789
f 4593//4639 4710//4784 4713//4783
f 4720//4789 4726//4791 4717//4790
f 4728//4792 4709//4781 4719//4793
f 4719//4793 4709//4781 4264//4322
f 4556//4788 4718//4699 4727//4701
f 4729//4794 4716//4785 4730//4774
f 4731//4795 4716//4785 4729//4794
f 4702//4786 4716//4785 4733//4796
f 4710//4784 4629//4634 4580//4622
f 4727//4701 4732//4797 4556//4788
f 4556//4788 4732//4797 4503//4554
f 4738//4798 4593//4639 4713//4783
f 4721//4799 4739//4800 4737//4801
f 4593//4639 4629//4634 4710//4784
f 4503//4554 4732//4797 2441//2415
f 4740//4802 4736//4635 4735//4619
f 4742//4803 4843//4804 4733//4796
f 4484//4535 4843//4804 4742//4803
f 4743//4805 4583//4628 4726//4791
f 4646//4715 4732//4797 4727//4701
f 4745//4806 4293//4352 4310//4377
f 4744//4807 4293//4352 4745//4806
f 2445//2419 4732//4797 4646//4715
f 2441//2415 4732//4797 2445//2419
f 4728//4792 4740//4802 4709//4781
f 4724//4808 4747//4809 4746//4810
f 4736//4635 4740//4802 4913//4811
f 4724//4808 4749//4812 4747//4809
f 4750//4646 4749//4812 4724//4808
f 4551//4719 4640//4706 4552//4707
f 4737//4801 4591//4637 4738//4798
f 4595//4642 4584//4621 4590//4643
f 4737//4801 4739//4800 4591//4637
f 4725//4813 4751//4644 5011//4814
f 4716//4785 4731//4795 4733//4796
f 4753//4815 4739//4800 4721//4799
f 4756//4816 4755//4817 4757//4818
f 4740//4802 4728//4792 4754//4819
f 4736//4635 4758//4820 4761//4636
f 4913//4811 4758//4820 4736//4635
f 4583//4628 4743//4805 4748//4821
f 4652//4822 3994//4065 4765//4725
f 4750//4646 4763//4823 4749//4812
f 4757//4818 4760//4824 4759//4825
f 4629//4634 4592//4638 4589//4633
f 4584//4621 4761//4636 4590//4643
f 4760//4824 4764//4729 4759//4825
f 4748//4821 4743//4805 4766//4826
f 4770//4827 4743//4805 4726//4791
f 4767//4828 4768//4829 4712//4830
f 4653//4726 4769//4831 4765//4725
f 4760//4824 4769//4831 4658//4743
f 4073//4142 4653//4726 4026//4064
f 4658//4743 4764//4729 4760//4824
f 4769//4831 4653//4726 4669//4738
f 4488//4539 4549//4627 4550//4626
f 4600//4650 4752//4832 4772//4833
f 4751//4644 4750//4646 5011//4814
f 5011//4814 4750//4646 4724//4808
f 4759//4825 4764//4729 4654//4728
f 4073//4142 4774//4834 4653//4726
f 4773//4835 4753//4815 4938//4836
f 4653//4726 4774//4834 4669//4738
f 4761//4636 4758//4820 4775//4837
f 4091//4160 4774//4834 4073//4142
f 4599//4649 4777//4838 4588//4632
f 4754//4819 4758//4820 4913//4811
f 4592//4638 4778//4839 4589//4633
f 4591//4637 4780//4840 4592//4638
f 4754//4819 4775//4837 4758//4820
f 4590//4643 4781//4841 4597//4641
f 4669//4738 4774//4834 4674//4747
f 4770//4827 4782//4842 4783//4843
f 4401//4044 3978//4043 4533//4589
f 3978//4043 4789//4844 4533//4589
f 4815//4845 4731//4795 4771//4846
f 4764//4729 4658//4743 4655//4727
f 4784//4847 4731//4795 4815//4845
f 3977//4042 4786//4848 3978//4043
f 4533//4589 4789//4844 4785//4849
f 4769//4831 4669//4738 4658//4743
f 4787//4850 4779//4851 4773//4835
f 4746//4810 4747//4809 4788//4852
f 3978//4043 4786//4848 4789//4844
f 4658//4743 4669//4738 4663//4740
f 4091//4160 4672//4745 4774//4834
f 4107//4173 4672//4745 4091//4160
f 4775//4837 4781//4841 4761//4636
f 4669//4738 4674//4747 4668//4739
f 4533//4589 4785//4849 4791//4853
f 4658//4743 4665//4744 4655//4727
f 4533//4589 4791//4853 4468//4522
f 4480//4531 4656//4731 4484//4535
f 3221//3212 4781//4841 4775//4837
f 4813//4854 4781//4841 3221//3212
f 3221//3212 4775//4837 3219//3213
f 4772//4833 4601//4651 4600//4650
f 4055//4116 4792//4855 3977//4042
f 4774//4834 4672//4745 4674//4747
f 3977//4042 4792//4855 4786//4848
f 4781//4841 4794//4856 4597//4641
f 4795//4857 4796//4858 4599//4649
f 4786//4848 4792//4855 4797//4859
f 4687//4760 4688//4734 4799//4860
f 4799//4860 4688//4734 4798//4861
f 4779//4851 4787//4850 4801//4862
f 4788//4852 4747//4809 4802//4863
f 4484//4535 4656//4731 4699//4864
f 4803//4865 5016//4648 4804//4866
f 4807//4867 4772//4833 4794//4856
f 4789//4844 4806//4868 4785//4849
f 4107//4173 4157//4220 4672//4745
f 4599//4649 5016//4648 4795//4857
f 4574//4609 4671//4750 4660//4680
f 4808//4869 4793//4870 4801//4862
f 4674//4747 4673//4746 4668//4739
f 4055//4116 4809//4871 4792//4855
f 4075//4144 4809//4871 4055//4116
f 4668//4739 4685//4757 4663//4740
f 4663//4740 4685//4757 4665//4744
f 4672//4745 4157//4220 4673//4746
f 4807//4867 4794//4856 4813//4854
f 4656//4731 4662//4730 4699//4864
f 4778//4839 4793//4870 4814//4872
f 4655//4727 4680//4596 4677//4751
f 4665//4744 4680//4596 4655//4727
f 4785//4849 4806//4868 4791//4853
f 4157//4220 4681//4600 4673//4746
f 4792//4855 4818//4873 4797//4859
f 4813//4854 3221//3212 3016//2979
f 4561//4602 4689//4761 4673//4746
f 4673//4746 4689//4761 4668//4739
f 4563//4604 4681//4600 4157//4220
f 4817//4874 4811//4875 4810//4876
f 4819//4877 4820//4878 4787//4850
f 4787//4850 4820//4878 4834//4879
f 4810//4876 4821//4880 4817//4874
f 4680//4596 4553//4598 4677//4751
f 4792//4855 4822//4881 4818//4873
f 4827//4882 4802//4863 4828//4883
f 4788//4852 4802//4863 4827//4882
f 4763//4823 4805//4884 4823//4885
f 4168//4230 4200//4303 4075//4144
f 4796//4858 4830//4886 4805//4884
f 4683//4754 4829//4756 4675//4748
f 4795//4857 4830//4886 4796//4858
f 4791//4853 4831//4887 4468//4522
f 4793//4870 4808//4869 4814//4872
f 4468//4522 4831//4887 4824//4888
f 4747//4809 4832//4889 4802//4863
f 4823//4885 4832//4889 4747//4809
f 4683//4754 4707//4778 4829//4756
f 4698//4768 4707//4778 4683//4754
f 4712//4830 4692//4755 4691//4763
f 4885//4890 4819//4877 4833//4891
f 4828//4883 4802//4863 4832//4889
f 4801//4862 4834//4879 4826//4892
f 4468//4522 4824//4888 4471//4523
f 4818//4873 4822//4881 4839//4893
f 4791//4853 4835//4894 4831//4887
f 4817//4874 4836//4895 4811//4875
f 4707//4778 4582//4624 4722//4896
f 3016//2979 3234//3228 4813//4854
f 4813//4854 3234//3228 4807//4867
f 4823//4885 4805//4884 4837//4897
f 4806//4868 4835//4894 4791//4853
f 4710//4784 4580//4622 4999//4782
f 4786//4848 4797//4859 4789//4844
f 4840//4898 4834//4879 4820//4878
f 4789//4844 4797//4859 4806//4868
f 4806//4868 4842//4899 4835//4894
f 4818//4873 4806//4868 4797//4859
f 4200//4303 4809//4871 4075//4144
f 4792//4855 4809//4871 4822//4881
f 4838//4900 4844//4901 4830//4886
f 4200//4303 4822//4881 4809//4871
f 4822//4881 4853//4902 4839//4893
f 4806//4868 4818//4873 4839//4893
f 4822//4881 4200//4303 4846//4903
f 4839//4893 4842//4899 4806//4868
f 4200//4303 4849//4904 4846//4903
f 4842//4899 4839//4893 4851//4905
f 4609//4659 4608//3271 4604//4658
f 4850//4906 4846//4903 4852//4907
f 4850//4906 4853//4902 4846//4903
f 4822//4881 4846//4903 4853//4902
f 4849//4904 4852//4907 4846//4903
f 4194//4258 4849//4904 4200//4303
f 4252//4353 4849//4904 4194//4258
f 4252//4353 4852//4907 4849//4904
f 4707//4778 4722//4896 4725//4813
f 4725//4813 4722//4896 4741//4647
f 4850//4906 4852//4907 4854//4908
f 4293//4352 4719//4793 4264//4322
f 4852//4907 4857//4909 4855//4910
f 4302//4363 4857//4909 4252//4353
f 4252//4353 4857//4909 4852//4907
f 4852//4907 4855//4910 4854//4908
f 4832//4889 4858//4911 4895//4912
f 4582//4624 4581//4623 4722//4896
f 4855//4910 4860//4913 4854//4908
f 4854//4908 4860//4913 4859//4914
f 4861//4915 4860//4913 4857//4909
f 4708//4779 4738//4798 4713//4783
f 4857//4909 4860//4913 4855//4910
f 4831//4887 4862//4916 4824//4888
f 4863//4917 4856//4918 4871//4919
f 4404//4463 4861//4915 4857//4909
f 4866//4920 4859//4914 4860//4913
f 5196//4921 4864//4922 4863//4917
f 4863//4917 4864//4922 4856//4918
f 4834//4879 4840//4898 4881//4923
f 4860//4913 4861//4915 4866//4920
f 4404//4463 4867//4924 4861//4915
f 4708//4779 4737//4801 4738//4798
f 4869//4925 4845//4926 4844//4901
f 4879//4927 4866//4920 4861//4915
f 4404//4463 4439//4499 4867//4924
f 4870//4928 4879//4927 4861//4915
f 4293//4352 4744//4807 4719//4793
f 4871//4919 4872//4929 4606//4661
f 4837//4897 4845//4926 4873//4930
f 4861//4915 4867//4924 4870//4928
f 4439//4499 4756//4816 4867//4924
f 4756//4816 4870//4928 4867//4924
f 4876//4931 4875//4932 4877//4933
f 4877//4933 4875//4932 4878//4934
f 3995//4517 4755//4817 4459//4511
f 4874//4935 4864//4922 5196//4921
f 4839//4893 4853//4902 4868//4936
f 4866//4920 4879//4927 4880//4937
f 4722//4896 4581//4623 4588//4632
f 4439//4499 4755//4817 4756//4816
f 4459//4511 4755//4817 4439//4499
f 4725//4813 4741//4647 4751//4644
f 4847//4938 4903//4939 4858//4911
f 4874//4935 4848//4940 4864//4922
f 4879//4927 4883//4941 4880//4937
f 4886//4942 4848//4940 4874//4935
f 4881//4923 4840//4898 4892//4943
f 4831//4887 4835//4894 4862//4916
f 4719//4793 4744//4807 4728//4792
f 4484//4535 4742//4803 4488//4539
f 4870//4928 4887//4944 4879//4927
f 4824//4888 4888//4945 4471//4523
f 4886//4942 4885//4890 4848//4940
f 4887//4944 4870//4928 4756//4816
f 4891//4946 4873//4930 4845//4926
f 4759//4825 4756//4816 4757//4818
f 4869//4925 4891//4946 4845//4926
f 4839//4893 4868//4936 4851//4905
f 4734//4947 4729//4794 4730//4774
f 4881//4923 4892//4943 4882//4948
f 4893//4949 4894//4950 4895//4912
f 5013//4951 4890//4952 4884//4953
f 4824//4888 4862//4916 4888//4945
f 4896//4954 4840//4898 4886//4942
f 4903//4939 4898//4955 4858//4911
f 4734//4947 4768//4829 4729//4794
f 4880//4937 4883//4941 4889//4956
f 5013//4951 4900//4957 4890//4952
f 4756//4816 4759//4825 4887//4944
f 4858//4911 4898//4955 4893//4949
f 4840//4898 4896//4954 4892//4943
f 4902//4958 4894//4950 4893//4949
f 4879//4927 4901//4959 4883//4941
f 4887//4944 4901//4959 4879//4927
f 4586//4631 4748//4821 4721//4799
f 4903//4939 4873//4930 4904//4666
f 3995//4517 4652//4822 4755//4817
f 3994//4065 4652//4822 3995//4517
f 4712//4830 4768//4829 4734//4947
f 4905//4960 4892//4943 4896//4954
f 4338//4394 4745//4806 4310//4377
f 4906//4961 4908//4962 4900//4957
f 4900//4957 4908//4962 5008//4963
f 4755//4817 4652//4822 4757//4818
f 4903//4939 4612//4663 4898//4955
f 4910//4964 4904//4666 4891//4946
f 4887//4944 4759//4825 4899//4965
f 4891//4946 4904//4666 4873//4930
f 4657//4732 4911//4966 4594//4640
f 4912//4967 4908//4962 4906//4961
f 4913//4811 4740//4802 4754//4819
f 4914//4968 4892//4943 4905//4960
f 4652//4822 4760//4824 4757//4818
f 4842//4899 4915//4969 4835//4894
f 4771//4846 4731//4795 4729//4794
f 4748//4821 4916//4970 4721//4799
f 4613//4667 4904//4666 4910//4964
f 4914//4968 4917//4971 4892//4943
f 4744//4807 4754//4819 4728//4792
f 4908//4962 4912//4967 4910//4964
f 4897//4972 4918//4973 4909//4974
f 4919//4975 4917//4971 4914//4968
f 4920//4976 4918//4973 4902//4958
f 4754//4819 4744//4807 4776//4977
f 4927//4675 4621//4676 4800//4978
f 4800//4978 4621//4676 4637//4710
f 4899//4965 4921//4979 4887//4944
f 4471//4523 4888//4945 4907//4980
f 4898//4955 4926//4981 4893//4949
f 4471//4523 4907//4980 4475//4526
f 4887//4944 4921//4979 4901//4959
f 4897//4972 4670//4741 4878//4934
f 4909//4974 4670//4741 4897//4972
f 4925//4982 4613//4667 4912//4967
f 4912//4967 4613//4667 4910//4964
f 4765//4725 4760//4824 4652//4822
f 4612//4663 4926//4981 4898//4955
f 4927//4675 4620//4677 4621//4676
f 4917//4971 4924//4983 4923//4984
f 4616//4665 4926//4981 4612//4663
f 4842//4899 4851//4905 4915//4969
f 4729//4794 4768//4829 4929//4985
f 4920//4976 4902//4958 4930//4986
f 4916//4970 4938//4836 4721//4799
f 4721//4799 4938//4836 4753//4815
f 4889//4956 4931//4733 4568//4656
f 4883//4941 4931//4733 4889//4956
f 4835//4894 4922//4987 4862//4916
f 4723//4988 4767//4828 4712//4830
f 4657//4732 4932//4989 4933//4990
f 4766//4826 4916//4970 4748//4821
f 4666//4742 4667//4673 4927//4675
f 4835//4894 4915//4969 4922//4987
f 4338//4394 2950//2915 3218//3210
f 4902//4958 4935//4991 4930//4986
f 4906//4961 4937//4992 4912//4967
f 4912//4967 4937//4992 4925//4982
f 4938//4836 4916//4970 4766//4826
f 4923//4984 4937//4992 4906//4961
f 4909//4974 4934//4993 4670//4741
f 4746//4810 4767//4828 4723//4988
f 4925//4982 4937//4992 4936//4994
f 4899//4965 4928//4995 4921//4979
f 4888//4945 4862//4916 4945//4996
f 4939//4997 4937//4992 4940//4998
f 4920//4976 4934//4993 4909//4974
f 4929//4985 4768//4829 4941//4999
f 4759//4825 4928//4995 4899//4965
f 4654//4728 4928//4995 4759//4825
f 4648//4722 4587//4694 4656//4731
f 4883//4941 4901//4959 4931//4733
f 4333//4391 4857//4909 4302//4363
f 4765//4725 4769//4831 4760//4824
f 4939//4997 4936//4994 4937//4992
f 4621//4676 4622//4678 5015//5000
f 4901//4959 4942//5001 4931//4733
f 4616//4665 4946//5002 4926//4981
f 4819//4877 4773//4835 4938//4836
f 4478//4529 4656//4731 4480//4531
f 4926//4981 4946//5002 4935//4991
f 4948//5003 4934//4993 4947//4684
f 4853//4902 4976//5004 4868//4936
f 4670//4741 4948//5003 4676//4749
f 4934//4993 4948//5003 4670//4741
f 4746//4810 4788//4852 4767//4828
f 4496//4547 4950//5005 4499//4550
f 4733//4796 4731//4795 4742//4803
f 4970//5006 4930//4986 4935//4991
f 4935//4991 4946//5002 4970//5006
f 4768//4829 4767//4828 4941//4999
f 4951//5007 4921//4979 4928//4995
f 4901//4959 4921//4979 4942//5001
f 4931//4733 4636//4709 4568//4656
f 4911//4966 4933//4990 4950//5005
f 4783//4843 4952//5008 4766//4826
f 4949//5009 4953//5010 4618//4669
f 4952//5008 4954//5011 4766//4826
f 4956//5012 4949//5009 4936//4994
f 4921//4979 4951//5007 4942//5001
f 4970//5006 4944//5013 4930//4986
f 4957//5014 4944//5013 4970//5006
f 4731//4795 4784//4847 4742//4803
f 4676//4749 4948//5003 4943//5015
f 4776//4977 3215//3225 4754//4819
f 4943//5015 4948//5003 4959//5016
f 4956//5012 4953//5010 4949//5009
f 4960//5017 4953//5010 4956//5012
f 4811//4875 4952//5008 4810//4876
f 4404//4463 4857//4909 4333//4391
f 4766//4826 4954//5011 4938//4836
f 4754//4819 3219//3213 4775//4837
f 4729//4794 4929//4985 4771//4846
f 4815//4845 4929//4985 4961//5018
f 4771//4846 4929//4985 4815//4845
f 4853//4902 4962//5019 4976//5004
f 4850//4906 4962//5019 4853//4902
f 3215//3225 3219//3213 4754//4819
f 4933//4990 4958//5020 4955//5021
f 4664//4737 4928//4995 4654//4728
f 4953//5010 4960//5017 4624//4682
f 4975//5022 4946//5002 4630//4691
f 4767//4828 4788//4852 4941//4999
f 4957//5014 4947//4684 4944//5013
f 4941//4999 4788//4852 4827//4882
f 4625//4685 4947//4684 4957//5014
f 4928//4995 4664//4737 4951//5007
f 4555//4657 4678//4708 4645//4714
f 4626//4686 4959//5016 4948//5003
f 4965//4687 4959//5016 4626//4686
f 4933//4990 4963//5023 4950//5005
f 4955//5021 4963//5023 4933//4990
f 4811//4875 4954//5011 4952//5008
f 4943//5015 4959//5016 4964//5024
f 4622//4678 4966//5025 4958//5020
f 4942//5001 4798//4861 4931//4733
f 4967//5026 4630//4691 4968//5027
f 4954//5011 4825//5028 4938//4836
f 4938//4836 4825//5028 4819//4877
f 4957//5014 4969//5029 4971//5030
f 4970//5006 4969//5029 4957//5014
f 4964//5024 4966//5025 4622//4678
f 4819//4877 4787//4850 4773//4835
f 4678//4708 4636//4709 4684//4759
f 4929//4985 4941//4999 4961//5018
f 4966//5025 4973//5031 4958//5020
f 4972//5032 4973//5031 4966//5025
f 4974//5033 4965//4687 4696//4767
f 4931//4733 4798//4861 4688//4734
f 4967//5026 4975//5022 4630//4691
f 4868//4936 4976//5004 4851//4905
f 4833//4891 4954//5011 4811//4875
f 4951//5007 4664//4737 4798//4861
f 4965//4687 4974//5033 4959//5016
f 4825//5028 4954//5011 4833//4891
f 4963//5023 4499//4550 4950//5005
f 4951//5007 4798//4861 4942//5001
f 4959//5016 4977//5034 4964//5024
f 4955//5021 4978//5035 4963//5023
f 4975//5022 4967//5026 4969//5029
f 4981//5036 4971//5030 4980//5037
f 4977//5034 4966//5025 4964//5024
f 4636//4709 4688//4734 4684//4759
f 4955//5021 4982//5038 4978//5035
f 4967//5026 4983//5039 4969//5029
f 4659//4735 4679//4752 4664//4737
f 4664//4737 4679//4752 4798//4861
f 4854//4908 4865//5040 4850//4906
f 4850//4906 4865//5040 4962//5019
f 4980//5037 4983//5039 4984//5041
f 4979//5042 4986//4615 4982//5038
f 4973//5031 4972//5032 4985//5043
f 4475//4526 4907//4980 4648//4722
f 4963//5023 4987//5044 4499//4550
f 4988//5045 4987//5044 4963//5023
f 4862//4916 4989//5046 4945//4996
f 4974//5033 4569//5047 4977//5034
f 4815//4845 4961//5018 4816//5048
f 4981//5036 4980//5037 4990//5049
f 4990//5049 4980//5037 4984//5041
f 4961//5018 4941//4999 4876//4931
f 4538//4772 4991//5050 4701//4770
f 4742//4803 4610//4625 4549//4627
f 4569//5047 4992//5051 4985//5043
f 4798//4861 4679//4752 4799//4860
f 4815//4845 4993//5052 4784//4847
f 4985//5043 4992//5051 4544//4613
f 4544//4613 4992//5051 4560//4629
f 4987//5044 4557//4787 4556//4788
f 4988//5045 4557//4787 4987//5044
f 4993//5052 4610//4625 4784//4847
f 4784//4847 4610//4625 4742//4803
f 4851//4905 4994//5053 4915//4969
f 4541//4595 4992//5051 4569//5047
f 4991//5050 4596//4689 4569//5047
f 4564//4671 4614//4670 4565//5054
f 4565//5054 4614//4670 4988//5045
f 4854//4908 4859//4914 4865//5040
f 4596//4689 4541//4595 4569//5047
f 4538//4772 4596//4689 4991//5050
f 4543//5055 4628//4690 4538//4772
f 4538//4772 4628//4690 4596//4689
f 4941//4999 4827//4882 4876//4931
f 4610//4625 4993//5052 4790//5056
f 4706//4780 4687//4760 4799//4860
f 4698//4768 4687//4760 4706//4780
f 4851//4905 4996//5057 4994//5053
f 4560//4629 4634//4703 4576//4614
f 4961//5018 4876//4931 4816//5048
f 4596//4689 4542//4593 4541//4595
f 4976//5004 4996//5057 4851//4905
f 4557//4787 4635//4700 4718//4699
f 4816//5048 4997//5058 4815//4845
f 4540//4594 4634//4703 4560//4629
f 4815//4845 4997//5058 4993//5052
f 4662//4730 4702//4786 4699//4864
f 4679//4752 4995//5059 4799//4860
f 4700//4777 4995//5059 4679//4752
f 4922//4987 4989//5046 4862//4916
f 4633//4698 4635//4700 4614//4670
f 4945//4996 4649//4723 4888//4945
f 4634//4703 4545//4695 4576//4614
f 4790//5056 4993//5052 4800//4978
f 4638//4704 4545//4695 4634//4703
f 4631//4692 4542//4593 4596//4689
f 4546//5060 4633//4698 4617//4672
f 4552//4707 4633//4698 4546//5060
f 4995//5059 4999//4782 4799//4860
f 4633//4698 4639//4705 4635//4700
f 4545//4695 4546//5060 4617//4672
f 4542//4593 5001//4702 4540//4594
f 4922//4987 5002//4610 4989//5046
f 5000//5061 5001//4702 4542//4593
f 4907//4980 4650//4693 4648//4722
f 4999//4782 4706//4780 4799//4860
f 4552//4707 4639//4705 4633//4698
f 5001//4702 5003//5062 4638//4704
f 4705//4776 4995//5059 4700//4777
f 4545//4695 4643//4716 4546//5060
f 4993//5052 4997//5058 4800//4978
f 4546//5060 4551//4719 4552//4707
f 4915//4969 5004//4608 4922//4987
f 4638//4704 4641//4713 4545//4695
f 4945//4996 4989//5046 4649//4723
f 4547//4712 4545//4695 4641//4713
f 4705//4776 4999//4782 4995//5059
f 4827//4882 4828//4883 4998//5063
f 4888//4945 4650//4693 4907//4980
f 4998//5063 4828//4883 4895//4912
f 4836//4895 4885//4890 4833//4891
f 4545//4695 4547//4712 4643//4716
f 5003//5062 4641//4713 4638//4704
f 4856//4918 4864//4922 4817//4874
f 4817//4874 4864//4922 4836//4895
f 4827//4882 4998//5063 4876//4931
f 4639//4705 4646//4715 4727//4701
f 5005//5064 4844//4901 4838//4900
f 4643//4716 4551//4719 4546//5060
f 4705//4776 4710//4784 4999//4782
f 4962//5019 5006//5065 4976//5004
f 4976//5004 5006//5065 4996//5057
f 4800//4978 4997//5058 4812//5066
f 4876//4931 4998//5063 4875//4932
f 2445//2419 4640//4706 5182//4720
f 4890//4952 5007//5067 4884//4953
f 5182//4720 4640//4706 4551//4719
f 4662//4730 4661//4736 4694//4765
f 4832//4889 4895//4912 4828//4883
f 4691//4763 4671//4750 4651//4724
f 4660//4680 4693//4764 4661//4736
f 4692//4755 4693//4764 4660//4680
f 4922//4987 5004//4608 5002//4610
f 4915//4969 4994//5053 5004//4608
f 4692//4755 4671//4750 4691//4763
f 4677//4751 4570//4607 4682//4753
f 4888//4945 4649//4723 4650//4693
f 4876//4931 4877//4933 4816//5048
f 4668//4739 4690//4762 4685//4757
f 4694//4765 4702//4786 4662//4730
f 4816//5048 4877//4933 4997//5058
f 4679//4752 4682//4753 4700//4777
f 4890//4952 4841//5068 5007//5067
f 4677//4751 4553//4598 4570//4607
f 4685//4757 4697//4611 4558//4599
f 4836//4895 4848//4940 4885//4890
f 4841//5068 5008//4963 4838//4900
f 4699//4864 4843//4804 4484//4535
f 4707//4778 4725//4813 4829//4756
f 4558//4599 4697//4611 4554//4597
f 4875//4932 4998//5063 4878//4934
f 4700//4777 4570//4607 4577//4775
f 4890//4952 5008//4963 4841//5068
f 4682//4753 4570//4607 4700//4777
f 4869//4925 4844//4901 5005//5064
f 4865//5040 5006//5065 4962//5019
f 4572//4653 4790//5056 4637//4710
f 4610//4625 4790//5056 4572//4653
f 4686//4758 4723//4988 4691//4763
f 4829//4756 4723//4988 4686//4758
f 4184//4277 4711//4603 4563//4604
f 4838//4900 5008//4963 5005//5064
f 4996//5057 5009//5069 4994//5053
f 4697//4611 4714//4773 4717//4790
f 4837//4897 4873//4930 4847//4938
f 4554//4597 4575//4612 4571//4606
f 4702//4786 4733//4796 4699//4864
f 4895//4912 4894//4950 4998//5063
f 4812//5066 4997//5058 4666//4742
f 4575//4612 4697//4611 4717//4790
f 4704//4771 4567//4605 4715//4620
f 4561//4602 4567//4605 4704//4771
f 4734//4947 4693//4764 4692//4755
f 4829//4756 4724//4808 4723//4988
f 4692//4755 4712//4830 4734//4947
f 4570//4607 4578//4618 4577//4775
f 4571//4606 4578//4618 4570//4607
f 4734//4947 4730//4774 4693//4764
f 4900//4957 5008//4963 4890//4952
f 4184//4277 4709//4781 4711//4603
f 4998//5063 4894//4950 4878//4934
f 4878//4934 4894//4950 4897//4972
f 4871//4919 4606//4661 5010//4721
f 4715//4620 4585//4630 4714//4773
f 4577//4775 4737//4801 4708//4779
f 4721//4799 4737//4801 4578//4618
f 4578//4618 4737//4801 4577//4775
f 4709//4781 4735//4619 4711//4603
f 4829//4756 5011//4814 4724//4808
f 4725//4813 5011//4814 4829//4756
f 4691//4763 4723//4988 4712//4830
f 4717//4790 4726//4791 4575//4612
f 4859//4914 4880//4937 4865//5040
f 4740//4802 4735//4619 4709//4781
f 4865//5040 4880//4937 5006//5065
f 4699//4864 4733//4796 4843//4804
f 4578//4618 4579//4617 4721//4799
f 4721//4799 4579//4617 4586//4631
f 4726//4791 4583//4628 4575//4612
f 4997//5058 4877//4933 4666//4742
f 4720//4789 5012//5070 4726//4791
f 4585//4630 5012//5070 4720//4789
f 4908//4962 5005//5064 5008//4963
f 5010//4721 4606//4661 4642//4718
f 4585//4630 4584//4621 4595//4642
f 4858//4911 4893//4949 4895//4912
f 5012//5070 4585//4630 4752//4832
f 4748//4821 4586//4631 4583//4628
f 4910//4964 4869//4925 4908//4962
f 4908//4962 4869//4925 5005//5064
f 4752//4832 4585//4630 4595//4642
f 4741//4647 4722//4896 4588//4632
f 4790//5056 4800//4978 4637//4710
f 4746//4810 4723//4988 4724//4808
f 4629//4634 4593//4639 4592//4638
f 4882//4948 5013//4951 4884//4953
f 4762//5071 5012//5070 4752//4832
f 4726//4791 5012//5070 4770//4827
f 4869//4925 4910//4964 4891//4946
f 4882//4948 4892//4943 5013//4951
f 4739//4800 4753//4815 4591//4637
f 4738//4798 4591//4637 4593//4639
f 4996//5057 4566//4655 5009//5069
f 5006//5065 4566//4655 4996//5057
f 4745//4806 5014//5072 4744//4807
f 4744//4807 5014//5072 4776//4977
f 4866//4920 4880//4937 4859//4914
f 4762//5071 4770//4827 5012//5070
f 4666//4742 4878//4934 4670//4741
f 4877//4933 4878//4934 4666//4742
f 4491//4542 4594//4640 4496//4547
f 4892//4943 4917//4971 5013//4951
f 4779//4851 4753//4815 4773//4835
f 4812//5066 4927//4675 4800//4978
f 4904//4666 4612//4663 4903//4939
f 4741//4647 4588//4632 4777//4838
f 4599//4649 4588//4632 4589//4633
f 5013//4951 4923//4984 4900//4957
f 4338//4394 5014//5072 4745//4806
f 4900//4957 4923//4984 4906//4961
f 4752//4832 4600//4650 4762//5071
f 4753//4815 4779//4851 4591//4637
f 4602//4652 4762//5071 4600//4650
f 4770//4827 4762//5071 4602//4652
f 4666//4742 4927//4675 4812//5066
f 4752//4832 4597//4641 4772//4833
f 5009//5069 4539//4696 4994//5053
f 4994//5053 4539//4696 5004//4608
f 4595//4642 4597//4641 4752//4832
f 4338//4394 3218//3210 5014//5072
f 4590//4643 4761//4636 4781//4841
f 4770//4827 4783//4843 4743//4805
f 4743//4805 4783//4843 4766//4826
f 4777//4838 4598//4645 4741//4647
f 4917//4971 4923//4984 5013//4951
f 4782//4842 4770//4827 4602//4652
f 4932//4989 4657//4732 5015//5000
f 4763//4823 4750//4646 4598//4645
f 4779//4851 4780//4840 4591//4637
f 4933//4990 4911//4966 4657//4732
f 4592//4638 4780//4840 4778//4839
f 5016//4648 4589//4633 4778//4839
f 4793//4870 4780//4840 4779//4851
f 4778//4839 4780//4840 4793//4870
f 4594//4640 4911//4966 4496//4547
f 5014//5072 3218//3210 3205//3197
f 4657//4732 4621//4676 5015//5000
f 4777//4838 4599//4649 4796//4858
f 5016//4648 4778//4839 4804//4866
f 4782//4842 4602//4652 4603//4654
f 4783//4843 4782//4842 4952//5008
f 4952//5008 4782//4842 4810//4876
f 4598//4645 4796//4858 4763//4823
f 4777//4838 4796//4858 4598//4645
f 3215//3225 5014//5072 3205//3197
f 4823//4885 4747//4809 4749//4812
f 4597//4641 4794//4856 4772//4833
f 4911//4966 4950//5005 4496//4547
f 3215//3225 4776//4977 5014//5072
f 4936//4994 4949//5009 4925//4982
f 4925//4982 4949//5009 4618//4669
f 4779//4851 4801//4862 4793//4870
f 4763//4823 4796//4858 4805//4884
f 4794//4856 4781//4841 4813//4854
f 4880//4937 4889//4956 5006//5065
f 5006//5065 4889//4956 4566//4655
f 4944//5013 4947//4684 4934//4993
f 4782//4842 4603//4654 4810//4876
f 4810//4876 4603//4654 4821//4880
f 4803//4865 4804//4866 4814//4872
f 4814//4872 4804//4866 4778//4839
f 4607//4662 4772//4833 4807//4867
f 4609//4659 4772//4833 4607//4662
f 4763//4823 4823//4885 4749//4812
f 4947//4684 4626//4686 4948//5003
f 4968//5027 4624//4682 4960//5017
f 4609//4659 4601//4651 4772//4833
f 4609//4659 4603//4654 4601//4651
f 4605//4660 4821//4880 4603//4654
f 4787//4850 4834//4879 4801//4862
f 4803//4865 4795//4857 5016//4648
f 4622//4678 4958//5020 5015//5000
f 4968//5027 4630//4691 4624//4682
f 4817//4874 4821//4880 4605//4660
f 4946//5002 4975//5022 4970//5006
f 4825//5028 4833//4891 4819//4877
f 4811//4875 4836//4895 4833//4891
f 4830//4886 4795//4857 4838//4900
f 4838//4900 4795//4857 4803//4865
f 4826//4892 4808//4869 4801//4862
f 5007//5067 4814//4872 4808//4869
f 4488//4539 4742//4803 4549//4627
f 4838//4900 4803//4865 4841//5068
f 4814//4872 4841//5068 4803//4865
f 4975//5022 4969//5029 4970//5006
f 4971//5030 4625//4685 4957//5014
f 4981//5036 4625//4685 4971//5030
f 4820//4878 4819//4877 4885//4890
f 5007//5067 4841//5068 4814//4872
f 4989//5046 4548//4679 4649//4723
f 4847//4938 4823//4885 4837//4897
f 4832//4889 4823//4885 4847//4938
f 4844//4901 4845//4926 4830//4886
f 4837//4897 4805//4884 4845//4926
f 4845//4926 4805//4884 4830//4886
f 4807//4867 3234//3228 4607//4662
f 4605//4660 4872//4929 4817//4874
f 4817//4874 4872//4929 4856//4918
f 4808//4869 4826//4892 5007//5067
f 4625//4685 4981//5036 4965//4687
f 4965//4687 4981//5036 4695//4766
f 4548//4679 4562//4681 4650//4693
f 4834//4879 4882//4948 4826//4892
f 4858//4911 4832//4889 4847//4938
f 5007//5067 4826//4892 4884//4953
f 4969//5029 4980//5037 4971//5030
f 4606//4661 4604//4658 4642//4718
f 4983//5039 4980//5037 4969//5029
f 4642//4718 4604//4658 4608//3271
f 4834//4879 4881//4923 4882//4948
f 4974//5033 4696//4767 4701//4770
f 4836//4895 4864//4922 4848//4940
f 4606//4661 4872//4929 4605//4660
f 4826//4892 4882//4948 4884//4953
f 4872//4929 4871//4919 4856//4918
f 4840//4898 4885//4890 4886//4942
f 4820//4878 4885//4890 4840//4898
f 4873//4930 4903//4939 4847//4938
f 4648//4722 4656//4731 4478//4529
f 4918//4973 4897//4972 4894//4950
f 4894//4950 4902//4958 4918//4973
f 4909//4974 4918//4973 4920//4976
f 4488//4539 4550//4626 4491//4542
f 4893//4949 4926//4981 4902//4958
f 4919//4975 4924//4983 4917//4971
f 4648//4722 4650//4693 4587//4694
f 4618//4669 4613//4667 4925//4982
f 4935//4991 4902//4958 4926//4981
f 4989//5046 4574//4609 4548//4679
f 5002//4610 4574//4609 4989//5046
f 4937//4992 4923//4984 4940//4998
f 4940//4998 4923//4984 4924//4983
f 4934//4993 4930//4986 4944//5013
f 4920//4976 4930//4986 4934//4993
f 4619//4674 4620//4677 4927//4675
f 4973//5031 4985//5043 4986//4615
f 4676//4749 4619//4674 4667//4673
f 5009//5069 4555//4657 4539//4696
f 4611//4664 4624//4682 4616//4665
f 4566//4655 4555//4657 5009//5069
f 4616//4665 4623//4683 4946//5002
f 4619//4674 4622//4678 4620//4677
f 4573//4616 4564//4671 4986//4615
f 4953//5010 4624//4682 4618//4669
f 4618//4669 4624//4682 4611//4664
f 4982//5038 4564//4671 4565//5054
f 4889//4956 4568//4656 4566//4655
f 4990//5049 4695//4766 4981//5036
f 4987//5044 4556//4788 4499//4550
f 4499//4550 4556//4788 4503//4554
f 4933//4990 5015//5000 4958//5020
f 4932//4989 5015//5000 4933//4990
f 4622//4678 4619//4674 4964//5024
f 4676//4749 4943//5015 4619//4674
f 4619//4674 4943//5015 4964//5024
f 4623//4683 4630//4691 4946//5002
f 4985//5043 4544//4613 4986//4615
f 4979//5042 4958//5020 4973//5031
f 4955//5021 4958//5020 4979//5042
f 4990//5049 4703//4769 4695//4766
f 4977//5034 4959//5016 4974//5033
f 4955//5021 4979//5042 4982//5038
f 4973//5031 4986//4615 4979//5042
f 4978//5035 4982//5038 4565//5054
f 4569//5047 4985//5043 4977//5034
f 4977//5034 4985//5043 4966//5025
f 4966//5025 4985//5043 4972//5032
f 4703//4769 4543//5055 4538//4772
f 4564//4671 4982//5038 4986//4615
f 4974//5033 4991//5050 4569//5047
f 4701//4770 4991//5050 4974//5033
f 4963//5023 4565//5054 4988//5045
f 4978//5035 4565//5054 4963//5023
f 4988//5045 4614//4670 4557//4787
f 4990//5049 4543//5055 4703//4769
f 4557//4787 4614//4670 4635//4700
f 4992//5051 4541//4595 4560//4629
f 4560//4629 4541//4595 4540//4594
f 5262//5073 5263//5074 5032//5075
f 5024//5076 5025//5077 4896//4954
f 5038//5078 2499//2481 5035//2493
f 5025//5077 5043//5079 5036//5080
f 5029//5081 5037//5082 5263//5074
f 5050//5083 5020//5084 5038//5078
f 5028//5085 5037//5082 5029//5081
f 5034//5086 5039//5087 5033//5088
f 5047//5089 5032//5075 5263//5074
f 5039//5087 5040//5090 5033//5088
f 5020//5084 5041//5091 5042//5092
f 5263//5074 5037//5082 5047//5089
f 5036//5080 5026//5093 5025//5077
f 5031//5094 5044//5095 5034//5086
f 5032//5075 5044//5095 5031//5094
f 5030//5096 5045//5097 5022//5098
f 5046//5099 5045//5097 5027//5100
f 5041//5091 5046//5099 5027//5100
f 5017//5101 5048//5102 5043//5079
f 5041//5091 5050//5083 5051//5103
f 5034//5086 5044//5095 5039//5087
f 5052//5104 5026//5093 5049//5105
f 4896//4954 5052//5104 4905//4960
f 5053//5106 5069//5107 5040//5090
f 5022//5098 5055//5108 5028//5085
f 2519//2496 5060//5109 5035//2493
f 5054//5110 5060//5109 2519//2496
f 5045//5097 5055//5108 5022//5098
f 5028//5085 5056//5111 5037//5082
f 5041//5091 5051//5103 5046//5099
f 5032//5075 5047//5089 5044//5095
f 5036//5080 5049//5105 5026//5093
f 5051//5103 5050//5083 5058//5112
f 5053//5106 5059//5113 5069//5107
f 5060//5109 5050//5083 5038//5078
f 5058//5112 5050//5083 5060//5109
f 5037//5082 5056//5111 5047//5089
f 5039//5087 5053//5106 5040//5090
f 5051//5103 5057//5114 5046//5099
f 5039//5087 5044//5095 5063//5115
f 5055//5108 5062//5116 5028//5085
f 5055//5108 5061//5117 5062//5116
f 5047//5089 5065//5118 5044//5095
f 5051//5103 5066//5119 5057//5114
f 5063//5115 5053//5106 5039//5087
f 5064//5120 5066//5119 5051//5103
f 5070//5121 5049//5105 5068//5122
f 5028//5085 5062//5116 5056//5111
f 5047//5089 5071//5123 5065//5118
f 5057//5114 5066//5119 5072//5124
f 5056//5111 5071//5123 5047//5089
f 5067//5125 5071//5123 5056//5111
f 5062//5116 5073//5126 5056//5111
f 5076//5127 5070//5121 5068//5122
f 5061//5117 5073//5126 5062//5116
f 5056//5111 5073//5126 5067//5125
f 5058//5112 5064//5120 5051//5103
f 3799//5128 5077//5129 5054//5110
f 5080//5130 5053//5106 5063//5115
f 5090//5131 5079//5132 5078//5133
f 3803//5134 5081//5135 5066//5119
f 5070//5121 5076//5127 5083//5136
f 5084//5137 5067//5125 5073//5126
f 5077//5129 5064//5120 5058//5112
f 4919//4975 5083//5136 4924//4983
f 5057//5114 5087//5138 5055//5108
f 5068//5122 5082//5139 5076//5127
f 3805//5140 5081//5135 3803//5134
f 3801//5141 5077//5129 3799//5128
f 5044//5095 5065//5118 5063//5115
f 3801//5141 5064//5120 5077//5129
f 5055//5108 5087//5138 5061//5117
f 5053//5106 5075//5142 5059//5113
f 5080//5130 5075//5142 5053//5106
f 3805//5140 5072//5124 5081//5135
f 5067//5125 5084//5137 5088//5143
f 5088//5143 5071//5123 5067//5125
f 5076//5127 5091//5144 5083//5136
f 5089//5145 5091//5144 5076//5127
f 5090//5131 5101//5146 5082//5139
f 3801//5141 5066//5119 5064//5120
f 5059//5113 5075//5142 5079//5132
f 3805//5140 5086//5147 5072//5124
f 5057//5114 5072//5124 5087//5138
f 3803//5134 5066//5119 3801//5141
f 5086//5147 5092//5148 5093//5149
f 3809//5150 5086//5147 3805//5140
f 5090//5131 5085//5151 5101//5146
f 5071//5123 5095//5152 5065//5118
f 5082//5139 5089//5145 5076//5127
f 5065//5118 5097//5153 5063//5115
f 5098//5154 5088//5143 5084//5137
f 5092//5148 5099//5155 5093//5149
f 5065//5118 5095//5152 5097//5153
f 5072//5124 5086//5147 5087//5138
f 3809//5150 5092//5148 5086//5147
f 5082//5139 5101//5146 5089//5145
f 5089//5145 5101//5146 5102//5156
f 5075//5142 5078//5133 5079//5132
f 5063//5115 5097//5153 5080//5130
f 5098//5154 5096//5157 5088//5143
f 5087//5138 5093//5149 5061//5117
f 5101//5146 5085//5151 5100//5158
f 5093//5149 5099//5155 5104//5159
f 5101//5146 5100//5158 5102//5156
f 5088//5143 5095//5152 5071//5123
f 5080//5130 5078//5133 5075//5142
f 3809//5150 5099//5155 5092//5148
f 3811//5160 5099//5155 3809//5150
f 5061//5117 5093//5149 5073//5126
f 5089//5145 4939//4997 4940//4998
f 5096//5157 5095//5152 5088//5143
f 5085//5151 5103//5161 5100//5158
f 5096//5157 5098//5154 5105//5162
f 5078//5133 5085//5151 5090//5131
f 5087//5138 5086//5147 5093//5149
f 5093//5149 5108//5163 5073//5126
f 5132//5164 4936//4994 4939//4997
f 5110//5165 5078//5133 5080//5130
f 3811//5160 5104//5159 5099//5155
f 5097//5153 5112//5166 5080//5130
f 5105//5162 5113//5167 5114//5168
f 3813//5169 5104//5159 3811//5160
f 5073//5126 5108//5163 5084//5137
f 5096//5157 5097//5153 5095//5152
f 5111//5170 5113//5167 5098//5154
f 5098//5154 5113//5167 5105//5162
f 5143//5171 4956//5012 4936//4994
f 3813//5169 5106//5172 5104//5159
f 5110//5165 5094//5173 5078//5133
f 5078//5133 5094//5173 5085//5151
f 5105//5162 5097//5153 5096//5157
f 3813//5169 5115//5174 5106//5172
f 5106//5172 5115//5174 5118//5175
f 5105//5162 5112//5166 5097//5153
f 5117//5176 5109//5177 5119//5178
f 5108//5163 5120//5179 5084//5137
f 5115//5174 5121//5180 5118//5175
f 5093//5149 5104//5159 5108//5163
f 5113//5167 5123//5181 5114//5168
f 5080//5130 5124//5182 5110//5165
f 5112//5166 5124//5182 5080//5130
f 5125//5183 5122//5184 5117//5176
f 5117//5176 5122//5184 5116//5185
f 5108//5163 5104//5159 5120//5179
f 3813//5169 5121//5180 5115//5174
f 5114//5168 5123//5181 5126//5186
f 5118//5175 5121//5180 5127//5187
f 5094//5173 5103//5161 5085//5151
f 3816//5188 5121//5180 3813//5169
f 5122//5184 5125//5183 5133//5189
f 5128//5190 5117//5176 5119//5178
f 5114//5168 5112//5166 5105//5162
f 5153//5191 4960//5017 4956//5012
f 5084//5137 5120//5179 5098//5154
f 5104//5159 5106//5172 5120//5179
f 5130//5192 5094//5173 5110//5165
f 3816//5188 5127//5187 5121//5180
f 5114//5168 5124//5182 5112//5166
f 5129//5193 5126//5186 5123//5181
f 5127//5187 5134//5194 5131//5195
f 3816//5188 5134//5194 5127//5187
f 3818//5196 5134//5194 3816//5188
f 5180//5197 4968//5027 4960//5017
f 5125//5183 5136//5198 5133//5189
f 5138//5199 5139//5200 5128//5190
f 5130//5192 5103//5161 5094//5173
f 2619//2595 5137//2601 2615//2596
f 5129//5193 5135//5201 5126//5186
f 5131//5195 5134//5194 5140//5202
f 5120//5179 5106//5172 5098//5154
f 5110//5165 5124//5182 5130//5192
f 5135//5201 5145//5203 5141//5204
f 5137//2601 2624//2605 5142//5205
f 5124//5182 5144//5206 5130//5192
f 5139//5200 5146//5207 5147//5208
f 3818//5196 5140//5202 5134//5194
f 5106//5172 5118//5175 5098//5154
f 5098//5154 5118//5175 5111//5170
f 5140//5202 5148//5209 5149//5210
f 5152//5211 4967//5026 4968//5027
f 5141//5204 5145//5203 5150//5212
f 2624//2605 5151//5213 5142//5205
f 3820//5214 5140//5202 3818//5196
f 5114//5168 5144//5206 5124//5182
f 5126//5186 5144//5206 5114//5168
f 3820//5214 5148//5209 5140//5202
f 5147//5208 5146//5207 5152//5211
f 5103//5161 5119//5178 5109//5177
f 5155//5215 4967//5026 5152//5211
f 5156//5216 5150//5212 5145//5203
f 5130//5192 5119//5178 5103//5161
f 5157//5217 5152//5211 5146//5207
f 4967//5026 5155//5215 4983//5039
f 5158//5218 5119//5178 5130//5192
f 5148//5209 5159//5219 5149//5210
f 3820//5214 5159//5219 5148//5209
f 3822//5220 5159//5219 3820//5214
f 5152//5211 5157//5217 5160//5221
f 5162//5222 5161//5223 5156//5216
f 5156//5216 5161//5223 5150//5212
f 5160//5221 4983//5039 5155//5215
f 5118//5175 5127//5187 5111//5170
f 3822//5220 5163//5224 5159//5219
f 5164//5225 5160//5221 5157//5217
f 3824//5226 5163//5224 3822//5220
f 5167//5227 4984//5041 5160//5221
f 5160//5221 4984//5041 4983//5039
f 5144//5206 5166//5228 5130//5192
f 5163//5224 3824//5226 5169//5229
f 5168//5230 5160//5221 5164//5225
f 5162//5222 5165//5231 5161//5223
f 5111//5170 5131//5195 5113//5167
f 5169//5229 3824//5226 3825//5232
f 5172//5233 5165//5231 5162//5222
f 5174//5234 4984//5041 5167//5227
f 5167//5227 5168//5230 5170//5235
f 5160//5221 5168//5230 5167//5227
f 5171//5236 5165//5231 5172//5233
f 5117//5176 5128//5190 5125//5183
f 5173//5237 4990//5049 5174//5234
f 5174//5234 4990//5049 4984//5041
f 5135//5201 5166//5228 5126//5186
f 5126//5186 5166//5228 5144//5206
f 3812//5238 5175//5239 5254//5240
f 3810//5241 5175//5239 3812//5238
f 4641//4713 5177//5242 5176//5243
f 5003//5062 5177//5242 4641//4713
f 5127//5187 5131//5195 5111//5170
f 5176//5243 5177//5242 5179//5244
f 5130//5192 5166//5228 5158//5218
f 5153//5191 5133//5189 5180//5197
f 5179//5244 3806//5245 5181//5246
f 5181//5246 3806//5245 3804//5247
f 5113//5167 5131//5195 5123//5181
f 5182//4720 5183//5248 2445//2419
f 5184//5249 5183//5248 5182//4720
f 3802//5250 5184//5249 5257//5251
f 3802//5250 3800//5252 5184//5249
f 3800//5252 5183//5248 5184//5249
f 5185//5253 5128//5190 5158//5218
f 5158//5218 5128//5190 5119//5178
f 5142//5205 5188//5254 5258//5255
f 5187//5256 5188//5254 5142//5205
f 5258//5255 5188//5254 5186//5257
f 5141//5204 5166//5228 5135//5201
f 5131//5195 5129//5193 5123//5181
f 5186//5257 4863//4917 4871//4919
f 2629//2607 5154//5258 2624//2605
f 2790//2767 5154//5258 2629//2607
f 5190//5259 5188//5254 5189//5260
f 5151//5213 5191//5261 5189//5260
f 5186//5257 5190//5259 4863//4917
f 5188//5254 5190//5259 5186//5257
f 5131//5195 5140//5202 5129//5193
f 5141//5204 5185//5253 5166//5228
f 5166//5228 5185//5253 5158//5218
f 5191//5261 5154//5258 5192//5262
f 4863//4917 5190//5259 5195//5263
f 5185//5253 5138//5199 5128//5190
f 5192//5262 5193//5264 5191//5261
f 5191//5261 5193//5264 5189//5260
f 5197//5265 5138//5199 5185//5253
f 4863//4917 5195//5263 5196//4921
f 5199//5266 5198//5267 5192//5262
f 5180//5197 5147//5208 4968//5027
f 5192//5262 5194//5268 5193//5264
f 5192//5262 5198//5267 5194//5268
f 5194//5268 5198//5267 5207//5269
f 5196//4921 5195//5263 5204//5270
f 5204//5270 5195//5263 5209//5271
f 5200//5272 5194//5268 5202//5273
f 5199//5266 5207//5269 5198//5267
f 5206//5274 5207//5269 5199//5266
f 5221//5275 5206//5274 5208//2770
f 5208//2770 5206//5274 5205//5276
f 5150//5212 5185//5253 5141//5204
f 5129//5193 5149//5210 5135//5201
f 5196//4921 5204//5270 4874//4935
f 5140//5202 5149//5210 5129//5193
f 5206//5274 5213//5277 5214//5278
f 5210//5279 5216//5280 5203//5281
f 5138//5199 5215//5282 5139//5200
f 4874//4935 5217//5283 4886//4942
f 5219//5284 5220//5285 5218//5286
f 5218//5286 5220//5285 5221//5275
f 5197//5265 5215//5282 5138//5199
f 5019//5287 5221//5275 5220//5285
f 5035//2493 5060//5109 5038//5078
f 5213//5277 5221//5275 5019//5287
f 5185//5253 5222//5288 5197//5265
f 5223//5289 5215//5282 5197//5265
f 5019//5287 5224//5290 5213//5277
f 5135//5201 5149//5210 5145//5203
f 5021//5291 5210//5279 5261//5292
f 5225//5293 5226//5294 5042//5092
f 5147//5208 5152//5211 4968//5027
f 5220//5285 5030//5096 5019//5287
f 5225//5293 5030//5096 5220//5285
f 5017//5101 5018//5295 5216//5280
f 5150//5212 5222//5288 5185//5253
f 5215//5282 5227//5296 5146//5207
f 5042//5092 5027//5100 5225//5293
f 5223//5289 5227//5296 5215//5282
f 5225//5293 5027//5100 5030//5096
f 5197//5265 5222//5288 5223//5289
f 5149//5210 5159//5219 5145//5203
f 5030//5096 5022//5098 5019//5287
f 2730//2510 5054//5110 2519//2496
f 5017//5101 5043//5079 5018//5295
f 5021//5291 5040//5090 5017//5101
f 5060//5109 5077//5129 5058//5112
f 5041//5091 5027//5100 5042//5092
f 5030//5096 5027//5100 5045//5097
f 4896//4954 5025//5077 5052//5104
f 5054//5110 5077//5129 5060//5109
f 3794//2509 5054//5110 2730//2510
f 5150//5212 5223//5289 5222//5288
f 5161//5223 5223//5289 5150//5212
f 3799//5128 5054//5110 3794//2509
f 5048//5102 5036//5080 5043//5079
f 5052//5104 5025//5077 5026//5093
f 5228//5297 5227//5296 5223//5289
f 5145//5203 5159//5219 5156//5216
f 5146//5207 5227//5296 5157//5217
f 5017//5101 5069//5107 5048//5102
f 4905//4960 5052//5104 4914//4968
f 5048//5102 5049//5105 5036//5080
f 5079//5132 5069//5107 5059//5113
f 5079//5132 5048//5102 5069//5107
f 5070//5121 5052//5104 5049//5105
f 5070//5121 4914//4968 5052//5104
f 5048//5102 5074//5298 5049//5105
f 5072//5124 5066//5119 5081//5135
f 5070//5121 4919//4975 4914//4968
f 5083//5136 4919//4975 5070//5121
f 5074//5298 5068//5122 5049//5105
f 5227//5296 5230//5299 5157//5217
f 5090//5131 5048//5102 5079//5132
f 5048//5102 5090//5131 5074//5298
f 5161//5223 5229//5300 5223//5289
f 5074//5298 5082//5139 5068//5122
f 5228//5297 5230//5299 5227//5296
f 5152//5211 5160//5221 5155//5215
f 5074//5298 5090//5131 5082//5139
f 5083//5136 5091//5144 4924//4983
f 5159//5219 5163//5224 5156//5216
f 5223//5289 5229//5300 5228//5297
f 5091//5144 4940//4998 4924//4983
f 5091//5144 5089//5145 4940//4998
f 5165//5231 5229//5300 5161//5223
f 5107//5301 5102//5156 5100//5158
f 5089//5145 5132//5164 4939//4997
f 5089//5145 5102//5156 5132//5164
f 5109//5177 5100//5158 5103//5161
f 5132//5164 5102//5156 5116//5185
f 5116//5185 5102//5156 5107//5301
f 5132//5164 5143//5171 4936//4994
f 5109//5177 5107//5301 5100//5158
f 5156//5216 5169//5229 5162//5222
f 5165//5231 5228//5297 5229//5300
f 5132//5164 5116//5185 5143//5171
f 5156//5216 5163//5224 5169//5229
f 5143//5171 5116//5185 5122//5184
f 5143//5171 5153//5191 4956//5012
f 5231//5302 5230//5299 5228//5297
f 5116//5185 5107//5301 5117//5176
f 5117//5176 5107//5301 5109//5177
f 5143//5171 5122//5184 5153//5191
f 5153//5191 5122//5184 5133//5189
f 5230//5299 5164//5225 5157//5217
f 5139//5200 5125//5183 5128//5190
f 5153//5191 5180//5197 4960//5017
f 5180//5197 5133//5189 5136//5198
f 5125//5183 5139//5200 5136//5198
f 5180//5197 5136//5198 5147//5208
f 5147//5208 5136//5198 5139//5200
f 5215//5282 5146//5207 5139//5200
f 5257//5251 5184//5249 5182//4720
f 5187//5256 5151//5213 5189//5260
f 5231//5302 5164//5225 5230//5299
f 5200//5272 5201//5303 5193//5264
f 5195//5263 5190//5259 5201//5303
f 5203//5281 5201//5303 5200//5272
f 5165//5231 5231//5302 5228//5297
f 5194//5268 5207//5269 5202//5273
f 5202//5273 5207//5269 5211//5304
f 5209//5271 5212//5305 5204//5270
f 5216//5280 5212//5305 5209//5271
f 5232//5306 5164//5225 5231//5302
f 5202//5273 5211//5304 5210//5279
f 5018//5295 5043//5079 5025//5077
f 5021//5291 5033//5088 5040//5090
f 5017//5101 5040//5090 5069//5107
f 5171//5236 5231//5302 5165//5231
f 5055//5108 5046//5099 5057//5114
f 3806//5245 5178//5307 3810//5241
f 5045//5097 5046//5099 5055//5108
f 5178//5307 3806//5245 5179//5244
f 5232//5306 5168//5230 5164//5225
f 3823//5308 5169//5229 3825//5232
f 5171//5236 5232//5306 5231//5302
f 5169//5229 5172//5233 5162//5222
f 3823//5308 5172//5233 5169//5229
f 5232//5306 5233//5309 5168//5230
f 5168//5230 5233//5309 5170//5235
f 5234//5310 5174//5234 5170//5235
f 5170//5235 5174//5234 5167//5227
f 5171//5236 5235//5311 5232//5306
f 5172//5233 5236//5312 5171//5236
f 3821//5313 5172//5233 3823//5308
f 5232//5306 5235//5311 5233//5309
f 5170//5235 5233//5309 5234//5310
f 5171//5236 5236//5312 5235//5311
f 4990//5049 5173//5237 4543//5055
f 3821//5313 5236//5312 5172//5233
f 5237//5314 5173//5237 5234//5310
f 5234//5310 5173//5237 5174//5234
f 5173//5237 5238//5315 4543//5055
f 5239//5316 5234//5310 5233//5309
f 5235//5311 5239//5316 5233//5309
f 5236//5312 5240//5317 5235//5311
f 3821//5313 5240//5317 5236//5312
f 3819//5318 5240//5317 3821//5313
f 5237//5314 5238//5315 5173//5237
f 5237//5314 5234//5310 5239//5316
f 5238//5315 4628//4690 4543//5055
f 5240//5317 5241//5319 5235//5311
f 5235//5311 5241//5319 5239//5316
f 5243//5320 5238//5315 5237//5314
f 5239//5316 5242//5321 5237//5314
f 5238//5315 5244//5322 4628//4690
f 5239//5316 5241//5319 5242//5321
f 3819//5318 5241//5319 5240//5317
f 5243//5320 5244//5322 5238//5315
f 4628//4690 5244//5322 4627//4688
f 5245//5323 5243//5320 5237//5314
f 3817//5324 5241//5319 3819//5318
f 5241//5319 5246//5325 5242//5321
f 5237//5314 5242//5321 5245//5323
f 5245//5323 5244//5322 5243//5320
f 3817//5324 5246//5325 5241//5319
f 5247//5326 4627//4688 5245//5323
f 5245//5323 4627//4688 5244//5322
f 5247//5326 5245//5323 5248//5327
f 5242//5321 5246//5325 5245//5323
f 5247//5326 4631//4692 4627//4688
f 5246//5325 5249//5328 5245//5323
f 5248//5327 5250//5329 5247//5326
f 3815//5330 5246//5325 3817//5324
f 5251//5331 4631//4692 5247//5326
f 5245//5323 5249//5328 5248//5327
f 3815//5330 5249//5328 5246//5325
f 5247//5326 5250//5329 5251//5331
f 5249//5328 5252//5332 5248//5327
f 4542//4593 5251//5331 5000//5061
f 4631//4692 5251//5331 4542//4593
f 3815//5330 5252//5332 5249//5328
f 5248//5327 5252//5332 5250//5329
f 5250//5329 5253//5333 5251//5331
f 3814//5334 5252//5332 3815//5330
f 5251//5331 5253//5333 5000//5061
f 5250//5329 5254//5240 5253//5333
f 5252//5332 5254//5240 5250//5329
f 5253//5333 5001//4702 5000//5061
f 3814//5334 5254//5240 5252//5332
f 5253//5333 5003//5062 5001//4702
f 5254//5240 5175//5239 5253//5333
f 3812//5238 5254//5240 3814//5334
f 5253//5333 5255//5335 5003//5062
f 5177//5242 5003//5062 5255//5335
f 5175//5239 5255//5335 5253//5333
f 5175//5239 5178//5307 5255//5335
f 3810//5241 5178//5307 5175//5239
f 4641//4713 5176//5243 4644//4711
f 5255//5335 5178//5307 5177//5242
f 5177//5242 5178//5307 5179//5244
f 3804//5247 5256//5336 5181//5246
f 5179//5244 5181//5246 5176//5243
f 5176//5243 5181//5246 4644//4711
f 3802//5250 5256//5336 3804//5247
f 3802//5250 5257//5251 5256//5336
f 5181//5246 5256//5336 4644//4711
f 4644//4711 5256//5336 4647//4717
f 2445//2419 5183//5248 2448//2423
f 5256//5336 5257//5251 4647//4717
f 4647//4717 5257//5251 5182//4720
f 2448//2423 5183//5248 3797//5337
f 2615//2596 5258//5255 5010//4721
f 5142//5205 5258//5255 5137//2601
f 5137//2601 5258//5255 2615//2596
f 5010//4721 5258//5255 4871//4919
f 5187//5256 5142//5205 5151//5213
f 3797//5337 5183//5248 3800//5252
f 5258//5255 5186//5257 4871//4919
f 2448//2423 3795//2421 2447//2422
f 3797//5337 3795//2421 2448//2423
f 2615//2596 5010//4721 2614//2597
f 5188//5254 5187//5256 5189//5260
f 5192//5262 5154//5258 2790//2767
f 5201//5303 5190//5259 5189//5260
f 5193//5264 5201//5303 5189//5260
f 2624//2605 5154//5258 5151//5213
f 5151//5213 5154//5258 5191//5261
f 2790//2767 5205//5276 5192//5262
f 2791//2769 5205//5276 2790//2767
f 5192//5262 5205//5276 5199//5266
f 5209//5271 5195//5263 5201//5303
f 5194//5268 5200//5272 5193//5264
f 2706//2680 5205//5276 2791//2769
f 5203//5281 5209//5271 5201//5303
f 2708//2683 5208//2770 2706//2680
f 2706//2680 5208//2770 5205//5276
f 5205//5276 5206//5274 5199//5266
f 5200//5272 5202//5273 5203//5281
f 5214//5278 5207//5269 5206//5274
f 5216//5280 5209//5271 5203//5281
f 2722//2694 5219//5284 5208//2770
f 5208//2770 5219//5284 5218//5286
f 5214//5278 5259//5338 5207//5269
f 5202//5273 5210//5279 5203//5281
f 5211//5304 5207//5269 5259//5338
f 5208//2770 5218//5286 5221//5275
f 5221//5275 5213//5277 5206//5274
f 5204//5270 5217//5283 4874//4935
f 2722//2694 5226//5294 5219//5284
f 2792//2771 5226//5294 2722//2694
f 5259//5338 5261//5292 5211//5304
f 5213//5277 5260//5339 5214//5278
f 5217//5283 5212//5305 5018//5295
f 5204//5270 5212//5305 5217//5283
f 5216//5280 5018//5295 5212//5305
f 5210//5279 5021//5291 5216//5280
f 5214//5278 5260//5339 5259//5338
f 5210//5279 5211//5304 5261//5292
f 5226//5294 5225//5293 5219//5284
f 5219//5284 5225//5293 5220//5285
f 5213//5277 5224//5290 5260//5339
f 5018//5295 5024//5076 5217//5283
f 2484//2458 5023//5340 2792//2771
f 5023//5340 5226//5294 2792//2771
f 5019//5287 5029//5081 5224//5290
f 5021//5291 5261//5292 5033//5088
f 5260//5339 5262//5073 5259//5338
f 5259//5338 5262//5073 5261//5292
f 5224//5290 5263//5074 5260//5339
f 5261//5292 5034//5086 5033//5088
f 5260//5339 5263//5074 5262//5073
f 5029//5081 5263//5074 5224//5290
f 5042//5092 5226//5294 5023//5340
f 5025//5077 5024//5076 5018//5295
f 4886//4942 5024//5076 4896//4954
f 5021//5291 5017//5101 5216//5280
f 5019//5287 5022//5098 5029//5081
f 5217//5283 5024//5076 4886//4942
f 5261//5292 5031//5094 5034//5086
f 5020//5084 2499//2481 5038//5078
f 5032//5075 5031//5094 5262//5073
f 5262//5073 5031//5094 5261//5292
f 5023//5340 5020//5084 5042//5092
f 5041//5091 5020//5084 5050//5083
f 2499//2481 5020//5084 2484//2458
f 2484//2458 5020//5084 5023//5340
f 5028//5085 5029//5081 5022//5098
f 5266//5341 5293//5342 5284//5343
f 5266//5341 5284//5343 5283//5344
f 5268//5345 5269//5346 5351//5347
f 3885//3942 5291//5348 5373//5349
f 5273//5350 5274//5351 5412//5352
f 5275//5353 5280//5354 5276//5355
f 5275//5353 5284//5343 5280//5354
f 5282//5356 4525//4580 5285//4582
f 5284//5343 5275//5353 5283//5344
f 5288//3973 5271//3972 5416//5357
f 5289//5358 4529//4585 5292//5359
f 5279//5360 5296//5361 5417//5362
f 5284//5343 5294//5363 5280//5354
f 3884//3943 3905//3962 5291//5348
f 5271//3972 3915//3974 5272//5364
f 5298//5365 5281//5366 5414//5367
f 5298//5365 5414//5367 5286//5368
f 5297//5369 3885//3942 5373//5349
f 5265//5370 5282//5356 5285//4582
f 5300//5371 5412//5352 5278//5372
f 5300//5371 5273//5350 5412//5352
f 5310//5373 5277//5374 5301//5375
f 5310//5373 5301//5375 5410//5376
f 5383//5377 5295//5378 5305//5379
f 5383//5377 5405//5380 5295//5378
f 5299//5381 5279//5360 5267//5382
f 3918//3975 5287//5383 5296//5361
f 3918//3975 5288//3973 5287//5383
f 5303//5384 5266//5341 5283//5344
f 5265//5370 5285//4582 2469//2444
f 5306//5385 5310//5373 5410//5376
f 5298//5365 5286//5368 5274//5351
f 5307//3981 5296//5361 5279//5360
f 3885//3942 3884//3943 5291//5348
f 5308//5386 5264//5387 5281//5366
f 5309//5388 5299//5381 5267//5382
f 5310//5373 5278//5372 5277//5374
f 5310//5373 5300//5371 5278//5372
f 5311//3968 5297//5369 5290//5389
f 5273//5350 5298//5365 5274//5351
f 5299//5381 5307//3981 5279//5360
f 3872//3932 5296//5361 5307//3981
f 5289//5358 5265//5370 2469//2444
f 5382//5390 5305//5379 5304//5391
f 5313//5392 5306//5385 5410//5376
f 5313//5392 5410//5376 2170//2137
f 5309//5388 5267//5382 5264//5387
f 5314//5393 5302//5394 5374//5395
f 5298//5365 5308//5386 5281//5366
f 5313//5392 2170//2137 2224//2207
f 3888//3945 3885//3942 5297//5369
f 3872//3932 3918//3975 5296//5361
f 5289//5358 2469//2444 2468//2443
f 3891//3949 5290//5389 5293//5342
f 3891//3949 5311//3968 5290//5389
f 5308//5386 5309//5388 5264//5387
f 5316//3982 5307//3981 5299//5381
f 3888//3945 5297//5369 5311//3968
f 4529//4585 5289//5358 2468//2443
f 5315//5396 5293//5342 5266//5341
f 5316//3982 5299//5381 5309//5388
f 5320//5397 5402//5398 5282//5356
f 5321//5399 5303//5384 5312//5400
f 5321//5399 5266//5341 5303//5384
f 5317//5401 5298//5365 5273//5350
f 5322//5402 5382//5390 5304//5391
f 5323//5403 5314//5393 5420//5404
f 5318//5405 5300//5371 5310//5373
f 5324//5406 5310//5373 5306//5385
f 5324//5406 5319//5407 5310//5373
f 3878//3937 5316//3982 5309//5388
f 5325//5408 5308//5386 5298//5365
f 5326//5409 5321//5399 5312//5400
f 5326//5409 5312//5400 5302//5394
f 5327//5410 5317//5401 5273//5350
f 5328//3983 5309//5388 5308//5386
f 5329//5411 5320//5397 5282//5356
f 5327//5410 5273//5350 5300//5371
f 5315//5396 3891//3949 5293//5342
f 5330//5412 5322//5402 5304//5391
f 5330//5412 5304//5391 5403//5413
f 5337//5414 5324//5406 5306//5385
f 5337//5414 5306//5385 5313//5392
f 5328//3983 3878//3937 5309//5388
f 5331//5415 5327//5410 5300//5371
f 5317//5401 5325//5408 5298//5365
f 5332//5416 5326//5409 5302//5394
f 5337//5414 2224//2207 2249//2232
f 5337//5414 5313//5392 2224//2207
f 5333//5417 4529//4585 4530//4586
f 5331//5415 5300//5371 5318//5405
f 5329//5411 5282//5356 5265//5370
f 3924//3984 5328//3983 5308//5386
f 5334//5418 5323//5403 5405//5380
f 5335//5419 5331//5415 5318//5405
f 5332//5416 5302//5394 5314//5393
f 5325//5408 3924//3984 5308//5386
f 5329//5411 5265//5370 5289//5358
f 5320//5397 5330//5412 5403//5413
f 5336//5420 5318//5405 5319//5407
f 5336//5420 5335//5419 5318//5405
f 3920//3977 5315//5396 5266//5341
f 5338//5421 5324//5406 5337//5414
f 5338//5421 2249//2232 2264//2248
f 5338//5421 5337//5414 2249//2232
f 3920//3977 3891//3949 5315//5396
f 3882//3947 5325//5408 5317//5401
f 5336//5420 5319//5407 5324//5406
f 3926//3992 3924//3984 5325//5408
f 5338//5421 5336//5420 5324//5406
f 5339//5422 4530//4586 2462//2437
f 5339//5422 5333//5417 4530//4586
f 3922//3978 3920//3977 5266//5341
f 3892//3948 5317//5401 5327//5410
f 3892//3948 3882//3947 5317//5401
f 3882//3947 3926//3992 5325//5408
f 5343//5423 5899//5424 4510//4560
f 3894//3950 3892//3948 5327//5410
f 3894//3950 5327//5410 5331//5415
f 5335//5419 5340//5425 5331//5415
f 3894//3950 5331//5415 5340//5425
f 5342//5426 5343//5423 2436//2410
f 5339//5422 2462//2437 4531//4587
f 5344//3955 5266//5341 5321//5399
f 5345//5427 2436//2410 4511//4563
f 5344//3955 3922//3978 5266//5341
f 5344//3955 5321//5399 5346//5428
f 5345//5427 5342//5426 2436//2410
f 5336//5420 5340//5425 5335//5419
f 5347//5429 5338//5421 2264//2248
f 5345//5427 4511//4563 4513//4564
f 3896//3928 3894//3950 5340//5425
f 5347//5429 5336//5420 5338//5421
f 5348//3936 5340//5425 5336//5420
f 5349//5430 5899//5424 5343//5423
f 5349//5430 5350//5431 5899//5424
f 5348//3936 5336//5420 5347//5429
f 3870//3926 3896//3928 5340//5425
f 5347//5429 2264//2248 2280//2262
f 5351//5347 5345//5427 4513//4564
f 5348//3936 3870//3926 5340//5425
f 5351//5347 4513//4564 2429//2403
f 5352//5432 5332//5416 5314//5393
f 5347//5429 2280//2262 2294//2279
f 5353//5433 5349//5430 5343//5423
f 3875//3934 5348//3936 5347//5429
f 5353//5433 5343//5423 5342//5426
f 2294//2279 3875//3934 5347//5429
f 5343//5423 4510//4560 2436//2410
f 5354//5434 5351//5347 2429//2403
f 5351//5347 5269//5346 5345//5427
f 5354//5434 2429//2403 2426//2400
f 5355//5435 5339//5422 4531//4587
f 5355//5435 4531//4587 4532//4588
f 5387//5436 5323//5403 5334//5418
f 5269//5346 5356//5437 5345//5427
f 5354//5434 5270//5438 5268//5345
f 5357//5439 5292//5359 4529//4585
f 5357//5439 4529//4585 5333//5417
f 5322//5402 5341//5440 5382//5390
f 5358//5441 5270//5438 5354//5434
f 5352//5432 5314//5393 5323//5403
f 5356//5437 5353//5433 5342//5426
f 5359//4571 5361//5442 5360//4569
f 5356//5437 5342//5426 5345//5427
f 5364//5443 5361//5442 5359//4571
f 5364//5443 5368//5444 5361//5442
f 5362//5445 5365//5446 5400//5447
f 5366//5448 5329//5411 5289//5358
f 5367//5449 5361//5442 5368//5444
f 5358//5441 2426//2400 4516//4567
f 5358//5441 5354//5434 2426//2400
f 5371//5450 5370//4576 4523//4578
f 5294//5363 5373//5349 5372//5451
f 5367//5449 5368//5444 5374//5395
f 5375//5452 5357//5439 5333//5417
f 5369//5453 5400//5447 5291//5348
f 5376//5454 5377//5455 5371//5450
f 5380//5456 5367//5449 5374//5395
f 5380//5456 5401//5457 5367//5449
f 5376//5454 5371//5450 5413//5458
f 5413//5458 5304//5391 5376//5454
f 5305//5379 5377//5455 5376//5454
f 5379//5459 4532//4588 4534//4590
f 5349//5430 5363//5460 5350//5431
f 5379//5459 5355//5435 4532//4588
f 5380//5456 5302//5394 5312//5400
f 5305//5379 5382//5390 5383//5377
f 5381//5461 5289//5358 5292//5359
f 5381//5461 5366//5448 5289//5358
f 5411//5462 5358//5441 4516//4567
f 5411//5462 4516//4567 5360//4569
f 5383//5377 5341//5440 5334//5418
f 5334//5418 5384//5463 5387//5436
f 5361//5442 5411//5462 5360//4569
f 5384//5463 5388//5464 5387//5436
f 5388//5464 5384//5463 3906//3988
f 5301//5375 5277//5374 5390//4518
f 5391//5465 5356//5437 5269//5346
f 5351//5347 5354//5434 5268//5345
f 5392//5466 5375//5452 5333//5417
f 5392//5466 5333//5417 5339//5422
f 5362//5445 5363//5460 5349//5430
f 5393//5467 5385//5468 5320//5397
f 5393//5467 5320//5397 5329//5411
f 5395//5469 5384//5463 5341//5440
f 3898//3953 5346//5428 5386//5470
f 3898//3953 5344//3955 5346//5428
f 5357//5439 5381//5461 5292//5359
f 5370//4576 5371//5450 5377//5455
f 5397//5471 4534//4590 4535//4591
f 5370//4576 5377//5455 5398//4574
f 5397//5471 5379//5459 4534//4590
f 3900//3985 5394//5472 5352//5432
f 5365//5446 5362//5445 5349//5430
f 5365//5446 5349//5430 5353//5433
f 5280//5354 5294//5363 5372//5451
f 5395//5469 5341//5440 5378//5473
f 5276//5355 5391//5465 5269//5346
f 5276//5355 5269//5346 5268//5345
f 3898//3953 5386//5470 5394//5472
f 5402//5398 5304//5391 5413//5458
f 5376//5454 5304//5391 5305//5379
f 5403//5413 5304//5391 5402//5398
f 5366//5448 5393//5467 5329//5411
f 5374//5395 5302//5394 5380//5456
f 3900//3985 3898//3953 5394//5472
f 5270//5438 5276//5355 5268//5345
f 5372//5451 5353//5433 5356//5437
f 5372//5451 5365//5446 5353//5433
f 5396//5474 2415//2389 4520//4573
f 5406//5475 5395//5469 5378//5473
f 5396//5474 5364//5443 2415//2389
f 5382//5390 5341//5440 5383//5377
f 5407//5476 4535//4591 2451//2426
f 5407//5476 5397//5471 4535//4591
f 5346//5428 5321//5399 5326//5409
f 5408//5477 5339//5422 5355//5435
f 5408//5477 5392//5466 5339//5422
f 5326//5409 5394//5472 5386//5470
f 5341//5440 5384//5463 5334//5418
f 5409//5478 5406//5475 5385//5468
f 5372//5451 5356//5437 5391//5465
f 5408//5477 5355//5435 5379//5459
f 5401//5457 5404//5479 5411//5462
f 5389//3960 5352//5432 5387//5436
f 5411//5462 5404//5479 5358//5441
f 5364//5443 5359//4571 2415//2389
f 5377//5455 5396//5474 4520//4573
f 5411//5462 5361//5442 5367//5449
f 5377//5455 4520//4573 5398//4574
f 5369//5453 5363//5460 5362//5445
f 5399//5480 5368//5444 5364//5443
f 5275//5353 5276//5355 5270//5438
f 5409//5478 5385//5468 5393//5467
f 5377//5455 5295//5378 5396//5474
f 3902//3957 3900//3985 5352//5432
f 5280//5354 5372//5451 5391//5465
f 5412//5352 5407//5476 2451//2426
f 5413//5458 5371//5450 4523//4578
f 5412//5352 2451//2426 4537//4592
f 5414//5367 5408//5477 5379//5459
f 5400//5447 5369//5453 5362//5445
f 5401//5457 5380//5456 5312//5400
f 5388//5464 5389//3960 5387//5436
f 5367//5449 5401//5457 5411//5462
f 5416//5357 5409//5478 5393//5467
f 5280//5354 5391//5465 5276//5355
f 5389//3960 3902//3957 5352//5432
f 5417//5362 5381//5461 5357//5439
f 5373//5349 5400//5447 5365//5446
f 5373//5349 5365//5446 5372//5451
f 5419//5481 5275//5353 5270//5438
f 5419//5481 5270//5438 5404//5479
f 5416//5357 5393//5467 5366//5448
f 5326//5409 5386//5470 5346//5428
f 5394//5472 5326//5409 5332//5416
f 5412//5352 4537//4592 4469//4519
f 5286//5368 5414//5367 5379//5459
f 5286//5368 5379//5459 5397//5471
f 5279//5360 5357//5439 5375//5452
f 5279//5360 5417//5362 5357//5439
f 5287//5383 5416//5357 5366//5448
f 3906//3988 5384//5463 5395//5469
f 5278//5372 5412//5352 4469//4519
f 4524//4579 5413//5458 4523//4578
f 5401//5457 5419//5481 5404//5479
f 4524//4579 5402//5398 5413//5458
f 5401//5457 5303//5384 5419//5481
f 5377//5455 5305//5379 5295//5378
f 5314//5393 5374//5395 5415//5482
f 5314//5393 5415//5482 5420//5404
f 5287//5383 5366//5448 5381//5461
f 5390//4518 5278//5372 4469//4519
f 3911//3966 3906//3988 5395//5469
f 5274//5351 5397//5471 5407//5476
f 5274//5351 5286//5368 5397//5471
f 5383//5377 5334//5418 5405//5380
f 5267//5382 5375//5452 5392//5466
f 5267//5382 5279//5360 5375//5452
f 4525//4580 5402//5398 4524//4579
f 5415//5482 5368//5444 5399//5480
f 5415//5482 5374//5395 5368//5444
f 5352//5432 5323//5403 5387//5436
f 5378//5473 5341//5440 5322//5402
f 3913//3969 3911//3966 5395//5469
f 3913//3969 5395//5469 5406//5475
f 5388//5483 3906//5483 5389//5483
f 5417//5362 5287//5383 5381//5461
f 5283//5344 5275//5353 5419//5481
f 5301//5375 5390//4518 2438//2412
f 5412//5352 5274//5351 5407//5476
f 5418//5484 5396//5474 5295//5378
f 5272//5364 3913//3969 5406//5475
f 5291//5348 5421//5485 5369//5453
f 5290//5389 5297//5369 5373//5349
f 5290//5389 5373//5349 5294//5363
f 5303//5384 5283//5344 5419//5481
f 5410//5376 5301//5375 2438//2412
f 5420//5404 5415//5482 5399//5480
f 5410//5376 2438//2412 2432//2406
f 5420//5404 5399//5480 5418//5484
f 5373//5349 5291//5348 5400//5447
f 5403//5413 5402//5398 5320//5397
f 5264//5387 5267//5382 5392//5466
f 5264//5387 5392//5466 5408//5477
f 5420//5404 5405//5380 5323//5403
f 5277//5374 5278//5372 5390//4518
f 5330//5412 5320//5397 5385//5468
f 5378//5473 5330//5412 5385//5468
f 5378//5473 5322//5402 5330//5412
f 5352//5432 5394//5472 5332//5416
f 5291//5348 3905//3962 5421//5485
f 5406//5475 5378//5473 5385//5468
f 5406//5475 5409//5478 5272//5364
f 5319//5407 5318//5405 5310//5373
f 5404//5479 5270//5438 5358//5441
f 5271//3972 5272//5364 5409//5478
f 5399//5480 5364//5443 5396//5474
f 5399//5480 5396//5474 5418//5484
f 5282//5356 5402//5398 4525//4580
f 2170//2137 5410//5376 2432//2406
f 2170//2137 2432//2406 2169//2135
f 5312//5400 5303//5384 5401//5457
f 5281//5366 5264//5387 5408//5477
f 5281//5366 5408//5477 5414//5367
f 5288//3973 5416//5357 5287//5383
f 3915//3974 3913//3969 5272//5364
f 5271//3972 5409//5478 5416//5357
f 5293//5342 5290//5389 5294//5363
f 5293//5342 5294//5363 5284//5343
f 5296//5361 5287//5383 5417//5362
f 5405//5380 5420//5404 5418//5484
f 5405//5380 5418//5484 5295//5378
f 5426//5486 6033//5487 5480//5488
f 3971//4037 2056//2038 6101//5489
f 3972//4038 6101//5489 2056//2038
f 5432//5490 5456//5491 6092//5492
f 5442//5493 5443//5494 6058//5495
f 5442//5493 6058//5495 5423//5496
f 5444//5497 5445//5498 5446//5499
f 5448//5500 6056//5501 5449//5502
f 5538//5503 5451//5504 5452//5505
f 5462//5506 5463//5507 5429//5508
f 5427//5509 967//960 5428//5510
f 5465//5511 5896//5512 5467//5513
f 5425//5514 3972//4038 3973//4039
f 5425//5514 5438//5515 3972//4038
f 5422//5516 6103//5517 5437//5518
f 5474//5519 5433//5520 5422//5516
f 5475//5521 5476//5522 6042//5523
f 5427//5509 981//978 967//960
f 5475//5521 6042//5523 5447//5524
f 3973//4039 5437//5518 5425//5514
f 5477//5525 5478//5526 5461//5527
f 5483//5528 5542//5529 5544//5530
f 5484//5531 6081//5532 6067//5533
f 5484//5531 6067//5533 5424//5534
f 5485//5535 5423//5496 6069//5536
f 5436//5537 6072//5538 5479//5539
f 5487//5540 5427//5509 5433//5520
f 5487//5540 5433//5520 5474//5519
f 6097//5541 4482//4533 4486//4537
f 5437//5518 3973//4039 1977//1957
f 5494//5542 6043//5543 5946//5544
f 1977//1957 5422//5516 5437//5518
f 1977//1957 1945//1943 5422//5516
f 5505//5545 5447//5524 5506//5546
f 5505//5545 5506//5546 5507//5547
f 5474//5519 5422//5516 1945//1943
f 5498//5548 6096//5549 6074//5550
f 5487//5540 981//978 5427//5509
f 5487//5540 994//994 981//978
f 3974//1881 5474//5519 1945//1943
f 5512//5551 6095//5552 6085//5553
f 5512//5551 6085//5553 5501//5554
f 3974//1881 5487//5540 5474//5519
f 5518//5555 5449//5502 6061//5556
f 1002//999 994//994 5487//5540
f 3974//1881 3975//1839 5487//5540
f 5521//5557 5466//5558 5510//5559
f 5432//5490 5441//5560 5470//5561
f 5522//5562 5452//5505 5523//5563
f 5522//5562 5523//5563 5508//5564
f 1002//999 5487//5540 3975//1839
f 815//809 764//751 6080//5565
f 5471//5566 6028//5567 5534//5568
f 5465//5511 5869//5569 5896//5512
f 6027//5570 5960//5571 5458//5572
f 5532//5573 6066//5574 5504//5575
f 5532//5573 5464//5576 6066//5574
f 5535//5577 5533//5578 5536//5579
f 5537//5580 5455//5581 5538//5503
f 5539//5582 5536//5579 5540//5583
f 5541//5584 5423//5496 5485//5535
f 5539//5582 5535//5577 5536//5579
f 5488//5585 5479//5539 5489//5586
f 5542//5529 5540//5583 5543//5587
f 5509//5588 5501//5554 6082//5589
f 5542//5529 5539//5582 5540//5583
f 5544//5530 5542//5529 5543//5587
f 5483//5528 5470//5561 5542//5529
f 5544//5530 5543//5587 5492//5590
f 5545//5591 5518//5555 5546//5592
f 5547//5593 5510//5559 5514//5594
f 5548//5595 5459//5596 5516//5597
f 5492//5590 5493//5598 5549//5599
f 5548//5595 5516//5597 5515//5600
f 5491//5601 5454//5602 5453//5603
f 6077//5604 5899//5424 5350//5431
f 5485//5535 6069//5536 5436//5537
f 5531//5605 5469//5606 6076//5607
f 5426//5486 5435//5608 6033//5487
f 5553//5609 5457//5610 5471//5566
f 5491//5601 5546//5592 5450//5611
f 5554//5612 5460//5613 5463//5507
f 5555//5614 5517//5615 5476//5522
f 5556//5616 6096//5549 5498//5548
f 5557//5617 5946//5544 5473//5618
f 5558//5619 5456//5491 5432//5490
f 5559//5620 5449//5502 5518//5555
f 5560//5621 5531//5605 5517//5615
f 5561//5622 5429//5508 6078//5623
f 5562//5624 5527//5625 5444//5497
f 5562//5624 5528//5626 5527//5625
f 5561//5622 5462//5506 5429//5508
f 5564//5627 5470//5561 5483//5528
f 5453//5603 5443//5494 5442//5493
f 5458//5572 5869//5569 5465//5511
f 5565//5628 5444//5497 5446//5499
f 5566//5629 5479//5539 5488//5585
f 5567//5630 5431//5631 5468//5632
f 5567//5630 5430//5633 5431//5631
f 5616//5634 5502//5635 5503//5636
f 5568//5637 5514//5594 5448//5500
f 5563//5638 5471//5566 5534//5568
f 5569//5639 6097//5541 4486//4537
f 5483//5528 5544//5530 5492//5590
f 5570//5640 5440//5641 5525//5642
f 5570//5640 5439//5643 5440//5641
f 5571//5644 5970//5645 5496//5646
f 5571//5644 5496//5646 5519//5647
f 5442//5493 5423//5496 5541//5584
f 5494//5542 5519//5647 5520//5648
f 5504//5575 6081//5532 5484//5531
f 5572//5649 5477//5525 5461//5527
f 5554//5612 5463//5507 5462//5506
f 5573//5650 5446//5499 6095//5552
f 5573//5650 6095//5552 5512//5551
f 5553//5609 781//801 5457//5610
f 5553//5609 871//922 781//801
f 5574//5651 5512//5551 5501//5554
f 5574//5651 5501//5554 5509//5588
f 5559//5620 5448//5500 5449//5502
f 5556//5616 5534//5568 6096//5549
f 5558//5619 5509//5588 5456//5491
f 5555//5614 5476//5522 5475//5521
f 5575//5652 5464//5576 5532//5573
f 5575//5652 5493//5598 5464//5576
f 5562//5624 5529//5653 5528//5626
f 5576//5654 5499//5655 5466//5558
f 5576//5654 5466//5558 5521//5557
f 5577//5656 5468//5632 5469//5606
f 5577//5656 5469//5606 5531//5605
f 5578//5657 5537//5580 5538//5503
f 5564//5627 5432//5490 5470//5561
f 5554//5612 5461//5527 5460//5613
f 5503//5636 5996//5658 6077//5604
f 5566//5629 5436//5537 5479//5539
f 5579//5659 5515//5600 5455//5581
f 5579//5659 5455//5581 5537//5580
f 5580//5660 5491//5601 5453//5603
f 5581//5661 5509//5588 5558//5619
f 5582//5662 5467//5513 5482//5663
f 5568//5637 5547//5593 5514//5594
f 5583//5664 5538//5503 5452//5505
f 5583//5664 5452//5505 5522//5562
f 5521//5557 5510//5559 5547//5593
f 5585//5665 5447//5524 5505//5545
f 5586//5666 5481//5667 5472//5668
f 5586//5666 5480//5488 5481//5667
f 5545//5591 5546//5592 5491//5601
f 5587//5669 5529//5653 5562//5624
f 5553//5609 5471//5566 5563//5638
f 5588//5670 5495//5671 6044//5672
f 5589//5673 5432//5490 5564//5627
f 5590//5674 5534//5568 5556//5616
f 5591//5675 5558//5619 5432//5490
f 5562//5624 5444//5497 5565//5628
f 5560//5621 5517//5615 5555//5614
f 5565//5628 5446//5499 5573//5650
f 5592//5676 5435//5608 5426//5486
f 5592//5676 5511//5677 5435//5608
f 5593//5678 5946//5544 5557//5617
f 5593//5678 5494//5542 5946//5544
f 5594//5679 5497//5680 5511//5677
f 5566//5629 5485//5535 5436//5537
f 5549//5599 5483//5528 5492//5590
f 5595//5681 5442//5493 5541//5584
f 5596//5682 5453//5603 5442//5493
f 5597//5683 5508//5564 5430//5633
f 5597//5683 5430//5633 5567//5630
f 5598//5684 5525//5642 5497//5680
f 5587//5669 5584//5685 5529//5653
f 5599//5686 5486//5687 6097//5541
f 5600//5688 5518//5555 5545//5591
f 906//899 5459//5596 5548//5595
f 906//899 815//809 5459//5596
f 5601//5689 5477//5525 5572//5649
f 5559//5620 5568//5637 5448//5500
f 5602//5690 5538//5503 5583//5664
f 5603//5691 5499//5655 5576//5654
f 5603//5691 5498//5548 5499//5655
f 5569//5639 5599//5686 6097//5541
f 5581//5661 5574//5651 5509//5588
f 5553//5609 1004//1001 871//922
f 5585//5665 5475//5521 5447//5524
f 5582//5662 5465//5511 5467//5513
f 5604//5692 5461//5527 5554//5612
f 5604//5692 5572//5649 5461//5527
f 5590//5674 5563//5638 5534//5568
f 5605//5693 5553//5609 5563//5638
f 5607//5694 5491//5601 5580//5660
f 5608//5695 5545//5591 5491//5601
f 5609//5696 5483//5528 5549//5599
f 5350//5431 5503//5636 6077//5604
f 5610//5697 5504//5575 5484//5531
f 5611//5698 5970//5645 5571//5644
f 5611//5698 5472//5668 5970//5645
f 5612//5699 5584//5685 5587//5669
f 5434//5700 6022//5701 5495//5671
f 5613//5702 5570//5640 5525//5642
f 5598//5684 5613//5702 5525//5642
f 5614//5703 5507//5547 5439//5643
f 5614//5703 5439//5643 5570//5640
f 5600//5688 5559//5620 5518//5555
f 5591//5675 5581//5661 5558//5619
f 5615//5704 6027//5570 5458//5572
f 5615//5704 5473//5618 6027//5570
f 5616//5634 5513//5705 5502//5635
f 5567//5630 5468//5632 5577//5656
f 5599//5686 5490//5706 5486//5687
f 5617//5707 5573//5650 5512//5551
f 5601//5689 5488//5585 5477//5525
f 5617//5707 5512//5551 5574//5651
f 5618//5708 5554//5612 5462//5506
f 5619//5709 5485//5535 5566//5629
f 5620//5710 5493//5598 5575//5652
f 5620//5710 5549//5599 5493//5598
f 5622//5711 5604//5692 5554//5612
f 5500//5712 4500//4551 5606//5713
f 5623//5714 5574//5651 5581//5661
f 982//975 5515//5600 5579//5659
f 982//975 5548//5595 5515//5600
f 5624//5715 5562//5624 5565//5628
f 5604//5692 5601//5689 5572//5649
f 5591//5675 5432//5490 5589//5673
f 5602//5690 5578//5657 5538//5503
f 5625//5716 5564//5627 5483//5528
f 5605//5693 1004//1001 5553//5609
f 5625//5716 5483//5528 5609//5696
f 5626//5717 5475//5521 5585//5665
f 5596//5682 5442//5493 5595//5681
f 5606//5713 4500//4551 4505//4556
f 5627//5718 5480//5488 5586//5666
f 5627//5718 5426//5486 5480//5488
f 5629//5719 5504//5575 5610//5697
f 5628//5720 5559//5620 5600//5688
f 5630//5721 5561//5622 6078//5623
f 5579//5659 5537//5580 5578//5657
f 5631//5722 5484//5531 5424//5534
f 5632//5723 5588//5670 6044//5672
f 5632//5723 6044//5672 5513//5705
f 5633//5724 5590//5674 5556//5616
f 5634//5725 5521//5557 5547//5593
f 5635//5726 5556//5616 5498//5548
f 5635//5726 5498//5548 5603//5691
f 5637//5727 5453//5603 5596//5682
f 5637//5727 5580//5660 5453//5603
f 5638//5728 5488//5585 5601//5689
f 5639//5729 5522//5562 5508//5564
f 5639//5729 5508//5564 5597//5683
f 982//975 906//899 5548//5595
f 5640//5730 5615//5704 5458//5572
f 5595//5681 5541//5584 5485//5535
f 5643//5731 5562//5624 5624//5715
f 5644//5732 5596//5682 5595//5681
f 5645//5733 5567//5630 5577//5656
f 5608//5695 5491//5601 5607//5694
f 5624//5715 5565//5628 5573//5650
f 5628//5720 5621//5734 5559//5620
f 5646//5735 5519//5647 5494//5542
f 5600//5688 5545//5591 5608//5695
f 5626//5717 5555//5614 5475//5521
f 5647//5736 5458//5572 5465//5511
f 5629//5719 5532//5573 5504//5575
f 5630//5721 6078//5623 5434//5700
f 5648//5737 5511//5677 5592//5676
f 5648//5737 5594//5679 5511//5677
f 5650//5738 5612//5699 5587//5669
f 5646//5735 5494//5542 5593//5678
f 5614//5703 5505//5545 5507//5547
f 5634//5725 5576//5654 5521//5557
f 5651//5739 5578//5657 5602//5690
f 5605//5693 5563//5638 5590//5674
f 5622//5711 5554//5612 5618//5708
f 5652//5740 5560//5621 5555//5614
f 5618//5708 5462//5506 5561//5622
f 5638//5728 5566//5629 5488//5585
f 5653//5741 5549//5599 5620//5710
f 5598//5684 5497//5680 5594//5679
f 5641//5742 5596//5682 5644//5732
f 5643//5731 5587//5669 5562//5624
f 5654//5743 5531//5605 5560//5621
f 5655//5744 5547//5593 5568//5637
f 5656//5745 5564//5627 5625//5716
f 5656//5745 5589//5673 5564//5627
f 5617//5707 5574//5651 5623//5714
f 5649//5746 4486//4537 4490//4541
f 5621//5734 5568//5637 5559//5620
f 5649//5746 5569//5639 4486//4537
f 5657//5747 5607//5694 5580//5660
f 5657//5747 5580//5660 5637//5727
f 5658//5748 5490//5706 5599//5686
f 5658//5748 6041//5749 5490//5706
f 5659//5750 5619//5709 5566//5629
f 5654//5743 5577//5656 5531//5605
f 5660//5751 5591//5675 5589//5673
f 5661//5752 5576//5654 5634//5725
f 5652//5740 5555//5614 5626//5717
f 5658//5748 5424//5534 6059//5753
f 5658//5748 6059//5753 6041//5749
f 5637//5727 5596//5682 5641//5742
f 5662//5754 5590//5674 5633//5724
f 5663//5755 5595//5681 5485//5535
f 5663//5755 5485//5535 5619//5709
f 5665//5756 5630//5721 5434//5700
f 5633//5724 5556//5616 5635//5726
f 5615//5704 5557//5617 5473//5618
f 5609//5696 5549//5599 5653//5741
f 5664//5757 5503//5636 5350//5431
f 5666//5758 5625//5716 5609//5696
f 5665//5756 5434//5700 5495//5671
f 5667//5759 5581//5661 5591//5675
f 5667//5759 5591//5675 5636//5760
f 5636//5760 5591//5675 5660//5751
f 5655//5744 5634//5725 5547//5593
f 5610//5697 5484//5531 5631//5722
f 5640//5730 5458//5572 5647//5736
f 5659//5750 5566//5629 5638//5728
f 5668//1054 982//975 5579//5659
f 5669//5761 5600//5688 5608//5695
f 5670//5762 5612//5699 5650//5738
f 5663//5755 5644//5732 5595//5681
f 5671//5763 5624//5715 5573//5650
f 5661//5752 5603//5691 5576//5654
f 5645//5733 5597//5683 5567//5630
f 5672//5764 5569//5639 5649//5746
f 5639//5729 5583//5664 5522//5562
f 5673//5765 5619//5709 5659//5750
f 5674//5766 5472//5668 5611//5698
f 5674//5766 5586//5666 5472//5668
f 5675//5767 5578//5657 5651//5739
f 5675//5767 5579//5659 5578//5657
f 1119//1112 1004//1001 5605//5693
f 5676//5768 5587//5669 5643//5731
f 5676//5768 5650//5738 5587//5669
f 5677//5769 5532//5573 5629//5719
f 5678//5770 5601//5689 5604//5692
f 5679//5771 5618//5708 5561//5622
f 5681//5772 5614//5703 5570//5640
f 5681//5772 5570//5640 5613//5702
f 5682//5773 5513//5705 5616//5634
f 5682//5773 5632//5723 5513//5705
f 5669//5761 5628//5720 5600//5688
f 5683//5774 5482//5663 5500//5712
f 5686//5775 5500//5712 5606//5713
f 5688//5776 5590//5674 5662//5754
f 5705//5777 5631//5722 5424//5534
f 5688//5776 5605//5693 5590//5674
f 5689//5778 5646//5735 5593//5678
f 5690//5779 5685//5780 5687//5781
f 5665//5756 5495//5671 5588//5670
f 5691//5782 5585//5665 5505//5545
f 5691//5782 5505//5545 5614//5703
f 5692//5783 5616//5634 5503//5636
f 5692//5783 5503//5636 5664//5757
f 5693//5784 5603//5691 5661//5752
f 5694//5785 5592//5676 5426//5486
f 5694//5785 5426//5486 5627//5718
f 5696//5786 5568//5637 5621//5734
f 5696//5786 5655//5744 5568//5637
f 5698//5787 5607//5694 5657//5747
f 4528//4584 5687//5781 5685//5780
f 5700//5788 5644//5732 5663//5755
f 5670//5762 5642//5789 5612//5699
f 5671//5763 5643//5731 5624//5715
f 5660//5751 5589//5673 5656//5745
f 5702//5790 5617//5707 5623//5714
f 5704//5791 5687//5781 4528//4584
f 5705//5777 5424//5534 5658//5748
f 5703//5792 5621//5734 5628//5720
f 5684//5793 5601//5689 5678//5770
f 5654//5743 5560//5621 5652//5740
f 5706//5794 5628//5720 5669//5761
f 5680//5795 5573//5650 5617//5707
f 5707//5796 5602//5690 5583//5664
f 5707//5796 5583//5664 5639//5729
f 5672//5764 5599//5686 5569//5639
f 5708//5797 5623//5714 5581//5661
f 5708//5797 5581//5661 5667//5759
f 5656//5745 5625//5716 5666//5758
f 5677//5769 5575//5652 5532//5573
f 5715//5798 5690//5779 5687//5781
f 5638//5728 5601//5689 5684//5793
f 5679//5771 5561//5622 5630//5721
f 5709//5799 5645//5733 5577//5656
f 5709//5799 5577//5656 5654//5743
f 5711//5800 5593//5678 5557//5617
f 5711//5800 5557//5617 5615//5704
f 5673//5765 5663//5755 5619//5709
f 5712//5801 5633//5724 5635//5726
f 5713//5802 5690//5779 5715//5798
f 5693//5784 5635//5726 5603//5691
f 5714//5803 5598//5684 5594//5679
f 5714//5803 5594//5679 5648//5737
f 5718//5804 5606//5713 4505//4556
f 5688//5776 1119//1112 5605//5693
f 5695//5805 5690//5779 5713//5802
f 5715//5798 5687//5781 5704//5791
f 5666//5758 5609//5696 5653//5741
f 5716//5806 5604//5692 5622//5711
f 5698//5787 5608//5695 5607//5694
f 5697//5807 5643//5731 5671//5763
f 5716//5806 5678//5770 5604//5692
f 5720//5808 5610//5697 5631//5722
f 5721//5809 5639//5729 5597//5683
f 5683//5774 5582//5662 5482//5663
f 5704//5791 4528//4584 4536//4521
f 5722//5810 5657//5747 5637//5727
f 5722//5810 5637//5727 5641//5742
f 5723//5811 5642//5789 5670//5762
f 5676//5768 5670//5762 5650//5738
f 5721//5809 5597//5683 5645//5733
f 5647//5736 5465//5511 5582//5662
f 5725//5812 5652//5740 5626//5717
f 5726//5813 5519//5647 5646//5735
f 5727//5814 5715//5798 5704//5791
f 5727//5814 5704//5791 4536//4521
f 5728//5815 5614//5703 5681//5772
f 5729//5816 5671//5763 5573//5650
f 5729//5816 5573//5650 5680//5795
f 5730//5817 5717//5818 5701//5819
f 5731//5820 5701//5819 5695//5805
f 5732//5821 5643//5731 5697//5807
f 5732//5821 5676//5768 5643//5731
f 1194//1185 1119//1112 5688//5776
f 5733//5822 5627//5718 5586//5666
f 5733//5822 5586//5666 5674//5766
f 5734//5823 5655//5744 5696//5786
f 5734//5823 5634//5725 5655//5744
f 5735//5824 5715//5798 5727//5814
f 5736//5825 5660//5751 5656//5745
f 5680//5795 5617//5707 5702//5790
f 5731//5820 5695//5805 5713//5802
f 5710//5826 5575//5652 5677//5769
f 5739//5827 5608//5695 5698//5787
f 1088//1085 5668//1054 5579//5659
f 1088//1085 5579//5659 5675//5767
f 5735//5824 5713//5802 5715//5798
f 5741//5828 5632//5723 5682//5773
f 5741//5828 5588//5670 5632//5723
f 5742//5829 5654//5743 5652//5740
f 5743//5830 5713//5802 5735//5824
f 5719//5831 5696//5786 5621//5734
f 5730//5817 5701//5819 5731//5820
f 5724//5832 5717//5818 5730//5817
f 5683//5774 5500//5712 5686//5775
f 5744//5833 5644//5732 5700//5788
f 5744//5833 5641//5742 5644//5732
f 5706//5794 5703//5792 5628//5720
f 5700//5788 5663//5755 5673//5765
f 5723//5811 5699//5834 5642//5789
f 5745//5835 5724//5832 5730//5817
f 5719//5831 5621//5734 5703//5792
f 5747//5836 5626//5717 5585//5665
f 5747//5836 5585//5665 5691//5782
f 5620//5710 5575//5652 5710//5826
f 5749//5837 5670//5762 5676//5768
f 4507//4558 5718//5804 4505//4556
f 5752//5838 5646//5735 5689//5778
f 5743//5830 5735//5824 5746//5839
f 5753//5840 5662//5754 5633//5724
f 5753//5840 5633//5724 5712//5801
f 5731//5820 5713//5802 5743//5830
f 5739//5827 5669//5761 5608//5695
f 5754//5841 5671//5763 5729//5816
f 5712//5801 5635//5726 5693//5784
f 5755//5842 5623//5714 5708//5797
f 5756//5843 5740//5844 5724//5832
f 5756//5843 5724//5832 5745//5835
f 5755//5842 5702//5790 5623//5714
f 5726//5813 5571//5644 5519//5647
f 5761//5845 5735//5824 5727//5814
f 5758//5846 5693//5784 5661//5752
f 5759//5847 5659//5750 5638//5728
f 5760//5848 5582//5662 5683//5774
f 5761//5845 5727//5814 4536//4521
f 5762//5849 5645//5733 5709//5799
f 5763//5850 5716//5806 5622//5711
f 5764//5851 5740//5844 5756//5843
f 5765//5852 5651//5739 5602//5690
f 5763//5850 5622//5711 5618//5708
f 5765//5852 5602//5690 5707//5796
f 5764//5851 5748//5853 5740//5844
f 5750//5854 5700//5788 5673//5765
f 5767//5855 5730//5817 5731//5820
f 5767//5855 5731//5820 5743//5830
f 5768//5856 5636//5760 5660//5751
f 5769//5857 5613//5702 5598//5684
f 5768//5856 5667//5759 5636//5760
f 5769//5857 5598//5684 5714//5803
f 5770//5858 5657//5747 5722//5810
f 5770//5858 5698//5787 5657//5747
f 5771//5859 5735//5824 5761//5845
f 5772//5860 5592//5676 5694//5785
f 5772//5860 5648//5737 5592//5676
f 5773//5861 5699//5834 5723//5811
f 5734//5823 5661//5752 5634//5725
f 5771//5859 5746//5839 5735//5824
f 5742//5829 5737//5862 5654//5743
f 5774//5863 5666//5758 5653//5741
f 5761//5845 4536//4521 4470//4520
f 5759//5847 5751//5864 5659//5750
f 5775//5865 5629//5719 5610//5697
f 5776//5866 5745//5835 5730//5817
f 5776//5866 5730//5817 5767//5855
f 5750//5854 5673//5765 5659//5750
f 5777//5867 5739//5827 5698//5787
f 5766//5868 5748//5853 5764//5851
f 5723//5811 5670//5762 5749//5837
f 5744//5833 5722//5810 5641//5742
f 5759//5847 5638//5728 5684//5793
f 5754//5841 5697//5807 5671//5763
f 5686//5775 5606//5713 5718//5804
f 5776//5866 5756//5843 5745//5835
f 5707//5796 5639//5729 5721//5809
f 5779//5869 5593//5678 5711//5800
f 5778//5870 5620//5710 5710//5826
f 5779//5869 5689//5778 5593//5678
f 5780//5871 5743//5830 5746//5839
f 5781//5872 5766//5868 5764//5851
f 5782//5873 5662//5754 5753//5840
f 5782//5873 5688//5776 5662//5754
f 5752//5838 5726//5813 5646//5735
f 5664//5757 5350//5431 5363//5460
f 5783//5874 5599//5686 5672//5764
f 5739//5827 5706//5794 5669//5761
f 5784//5875 5766//5868 5781//5872
f 5785//5876 5700//5788 5750//5854
f 5767//5855 5743//5830 5780//5871
f 5773//5861 5738//5877 5699//5834
f 5787//5878 5764//5851 5756//5843
f 5787//5878 5756//5843 5776//5866
f 5788//5879 5696//5786 5719//5831
f 5789//5880 5614//5703 5728//5815
f 5789//5880 5691//5782 5614//5703
f 5786//5881 5771//5859 5761//5845
f 5709//5799 5654//5743 5737//5862
f 5790//5882 5680//5795 5702//5790
f 5790//5882 5702//5790 5755//5842
f 5791//5883 5682//5773 5616//5634
f 5791//5883 5616//5634 5692//5783
f 5792//5884 5744//5833 5700//5788
f 5760//5848 5647//5736 5582//5662
f 5793//5885 5679//5771 5630//5721
f 5786//5881 5761//5845 4470//4520
f 5794//5886 5732//5821 5697//5807
f 5747//5836 5725//5812 5626//5717
f 5794//5886 5697//5807 5754//5841
f 5750//5854 5659//5750 5751//5864
f 5795//5887 5781//5872 5764//5851
f 5726//5813 5611//5698 5571//5644
f 5796//5888 5776//5866 5767//5855
f 5775//5865 5677//5769 5629//5719
f 5797//5889 5656//5745 5666//5758
f 5798//5890 5771//5859 5786//5881
f 5798//5890 5746//5839 5771//5859
f 5799//5891 5712//5801 5693//5784
f 5799//5891 5693//5784 5758//5846
f 5800//5892 5588//5670 5741//5828
f 5801//5893 5767//5855 5780//5871
f 1180//1172 1088//1085 5675//5767
f 5647//5736 5615//5704 5640//5730
f 5795//5887 5764//5851 5787//5878
f 5758//5846 5661//5752 5734//5823
f 5803//5894 5676//5768 5732//5821
f 5777//5867 5698//5787 5770//5858
f 5804//5895 5675//5767 5651//5739
f 5804//5895 5651//5739 5765//5852
f 5778//5870 5653//5741 5620//5710
f 5806//5896 5779//5869 5711//5800
f 5780//5871 5746//5839 5798//5890
f 5763//5850 5618//5708 5679//5771
f 5807//5897 5784//5875 5781//5872
f 5808//5898 5706//5794 5739//5827
f 5809//5899 5708//5797 5667//5759
f 5809//5899 5667//5759 5768//5856
f 5796//5888 5767//5855 5801//5893
f 5788//5879 5719//5831 5703//5792
f 5812//5900 5707//5796 5721//5809
f 5813//5901 5645//5733 5762//5849
f 5813//5901 5721//5809 5645//5733
f 5814//5902 5759//5847 5684//5793
f 5815//5903 5630//5721 5665//5756
f 5742//5829 5652//5740 5725//5812
f 5757//5904 5738//5877 5773//5861
f 5816//5905 5787//5878 5776//5866
f 5816//5905 5776//5866 5796//5888
f 5805//5906 5781//5872 5795//5887
f 5807//5897 5781//5872 5805//5906
f 5770//5858 5722//5810 5744//5833
f 5817//5907 5627//5718 5733//5822
f 5810//5908 5784//5875 5807//5897
f 5817//5907 5694//5785 5627//5718
f 5797//5889 5666//5758 5774//5863
f 5818//5909 5739//5827 5777//5867
f 5819//5910 5736//5825 5656//5745
f 5820//5911 5780//5871 5798//5890
f 5821//5912 5744//5833 5792//5884
f 5822//5913 5677//5769 5775//5865
f 1240//1243 1194//1185 5688//5776
f 1240//1243 5688//5776 5782//5873
f 5823//5914 5796//5888 5801//5893
f 5824//5915 5734//5823 5696//5786
f 5824//5915 5696//5786 5788//5879
f 5832//5916 5686//5775 5718//5804
f 5825//5917 5653//5741 5778//5870
f 5827//5918 5758//5846 5734//5823
f 5828//5919 5681//5772 5613//5702
f 5828//5919 5613//5702 5769//5857
f 5802//5920 5751//5864 5759//5847
f 5829//5921 5768//5856 5660//5751
f 5830//5922 5798//5890 5786//5881
f 5829//5921 5660//5751 5736//5825
f 5831//5923 5615//5704 5647//5736
f 5833//5924 5703//5792 5706//5794
f 5801//5893 5780//5871 5820//5911
f 5833//5924 5706//5794 5808//5898
f 5834//5925 5733//5822 5674//5766
f 5835//5926 5785//5876 5750//5854
f 5792//5884 5700//5788 5785//5876
f 5803//5894 5749//5837 5676//5768
f 5837//5927 5647//5736 5760//5848
f 5793//5885 5763//5850 5679//5771
f 5839//5928 5807//5897 5805//5906
f 4473//4524 5786//5881 4470//4520
f 5840//5929 5765//5852 5707//5796
f 5841//5930 5712//5801 5799//5891
f 5841//5930 5753//5840 5712//5801
f 5842//5931 5732//5821 5794//5886
f 5804//5895 1180//1172 5675//5767
f 5820//5911 5798//5890 5830//5922
f 5844//5932 5811//5933 5810//5908
f 5844//5932 5810//5908 5807//5897
f 5845//5934 5762//5849 5709//5799
f 5846//5935 5683//5774 5686//5775
f 5847//5936 5805//5906 5795//5887
f 5848//5937 5689//5778 5779//5869
f 5826//5938 5665//5756 5588//5670
f 5849//5939 5796//5888 5823//5914
f 5849//5939 5816//5905 5796//5888
f 5850//5940 5795//5887 5787//5878
f 5851//5941 5714//5803 5648//5737
f 5852//5942 5680//5795 5790//5882
f 5850//5940 5787//5878 5816//5905
f 5851//5941 5648//5737 5772//5860
f 5852//5942 5729//5816 5680//5795
f 5831//5923 5711//5800 5615//5704
f 5853//5943 5630//5721 5815//5903
f 5830//5922 5786//5881 4473//4524
f 5853//5943 5793//5885 5630//5721
f 5871//5944 5747//5836 5691//5782
f 5871//5944 5691//5782 5789//5880
f 5854//5945 5824//5915 5788//5879
f 5855//5946 5751//5864 5802//5920
f 5836//5947 5811//5933 5843//5948
f 5856//5949 5801//5893 5820//5911
f 5857//5950 5611//5698 5726//5813
f 5843//5948 5811//5933 5844//5932
f 5857//5950 5674//5766 5611//5698
f 5860//5951 5716//5806 5763//5850
f 5814//5902 5684//5793 5678//5770
f 5839//5928 5805//5906 5847//5936
f 5862//5952 5725//5812 5747//5836
f 5825//5917 5774//5863 5653//5741
f 5826//5938 5815//5903 5665//5756
f 5863//5953 5792//5884 5785//5876
f 5864//5954 5709//5799 5737//5862
f 5864//5954 5845//5934 5709//5799
f 5865//5955 5777//5867 5770//5858
f 5846//5935 5760//5848 5683//5774
f 5720//5808 5775//5865 5610//5697
f 5847//5936 5795//5887 5850//5940
f 5866//5956 5723//5811 5749//5837
f 5867//5957 5858//5958 5757//5904
f 5823//5914 5801//5893 5856//5949
f 5868//5959 5749//5837 5803//5894
f 5849//5939 5823//5914 5861//5960
f 5869//5569 4490//4541 4492//4543
f 5791//5883 5741//5828 5682//5773
f 5869//5569 5649//5746 4490//4541
f 5808//5898 5739//5827 5818//5909
f 5845//5934 5813//5901 5762//5849
f 5870//5961 5807//5897 5839//5928
f 5822//5913 5710//5826 5677//5769
f 5855//5946 5750//5854 5751//5864
f 5819//5910 5656//5745 5797//5889
f 5872//5962 5733//5822 5834//5925
f 5843//5948 5524//5963 5836//5947
f 5873//5964 5744//5833 5821//5912
f 5873//5964 5770//5858 5744//5833
f 1220//1209 1180//1172 5804//5895
f 5842//5931 5803//5894 5732//5821
f 5874//5965 5631//5722 5705//5777
f 619//544 1240//1243 5782//5873
f 5720//5808 5631//5722 5838//5966
f 5840//5929 5707//5796 5812//5900
f 5835//5926 5750//5854 5855//5946
f 5875//5967 5708//5797 5809//5899
f 5875//5967 5755//5842 5708//5797
f 5799//5891 5758//5846 5827//5918
f 5876//5968 5757//5904 5773//5861
f 5870//5961 5844//5932 5807//5897
f 5877//5969 5753//5840 5841//5930
f 5877//5969 5782//5873 5753//5840
f 5879//5970 5788//5879 5703//5792
f 5878//5971 5830//5922 4473//4524
f 5879//5970 5703//5792 5833//5924
f 5852//5942 5754//5841 5729//5816
f 5880//5972 5692//5783 5664//5757
f 5880//5972 5664//5757 5363//5460
f 5865//5955 5818//5909 5777//5867
f 5882//5973 5848//5937 5779//5869
f 5881//5974 5820//5911 5830//5922
f 5883//5975 5860//5951 5763//5850
f 5884//5976 5823//5914 5856//5949
f 5526//5977 5524//5963 5843//5948
f 5885//5978 5737//5862 5742//5829
f 5886//5979 5718//5804 4507//4558
f 5887//5980 5647//5736 5837//5927
f 5848//5937 5752//5838 5689//5778
f 5888//5981 5808//5898 5818//5909
f 5889//5982 5728//5815 5681//5772
f 5890//5983 5809//5899 5768//5856
f 5889//5982 5681//5772 5828//5919
f 5827//5918 5734//5823 5824//5915
f 5658//5748 5599//5686 5783//5874
f 5892//5984 5850//5940 5816//5905
f 5893//5985 5711//5800 5831//5923
f 5881//5974 5856//5949 5820//5911
f 5866//5956 5773//5861 5723//5811
f 5881//5974 5830//5922 5878//5971
f 5804//5895 5765//5852 5840//5929
f 5894//5986 5839//5928 5847//5936
f 5862//5952 5742//5829 5725//5812
f 5861//5960 5823//5914 5884//5976
f 5821//5912 5792//5884 5863//5953
f 5817//5907 5733//5822 5872//5962
f 5897//5987 5841//5930 5799//5891
f 5866//5956 5749//5837 5868//5959
f 5898//5988 5843//5948 5844//5932
f 5900//5989 5816//5905 5849//5939
f 5902//5990 5799//5891 5827//5918
f 5526//5977 5843//5948 5891//5991
f 5878//5971 4473//4524 4476//4527
f 5903//5992 5772//5860 5694//5785
f 5903//5992 5694//5785 5817//5907
f 5904//5993 5847//5936 5850//5940
f 5904//5993 5850//5940 5892//5984
f 5814//5902 5678//5770 5716//5806
f 5906//5994 5803//5894 5842//5931
f 5905//5995 5846//5935 5686//5775
f 5907//5996 5844//5932 5870//5961
f 5908//5997 5759//5847 5814//5902
f 5894//5986 5870//5961 5839//5928
f 5891//5991 5843//5948 5898//5988
f 5829//5921 5736//5825 5819//5910
f 5863//5953 5785//5876 5835//5926
f 5909//5998 5849//5939 5861//5960
f 5910//5999 5721//5809 5813//5901
f 5910//5999 5812//5900 5721//5809
f 5911//6000 5754//5841 5852//5942
f 5838//5966 5631//5722 5874//5965
f 5912//6001 5769//5857 5714//5803
f 5912//6001 5714//5803 5851//5941
f 5881//5974 5884//5976 5856//5949
f 5892//5984 5816//5905 5900//5989
f 5888//5981 5833//5924 5808//5898
f 5913//6002 5827//5918 5824//5915
f 5831//5923 5647//5736 5887//5980
f 5898//5988 5844//5932 5907//5996
f 5894//5986 5847//5936 5904//5993
f 5890//5983 5768//5856 5829//5921
f 5914//6003 5861//5960 5884//5976
f 5915//6004 5865//5955 5770//5858
f 5916//6005 5774//5863 5825//5917
f 5916//6005 5797//5889 5774//5863
f 5915//6004 5770//5858 5873//5964
f 5834//5925 5674//5766 5857//5950
f 5917//6006 5773//5861 5866//5956
f 5895//6007 5763//5850 5793//5885
f 5918//6008 5755//5842 5875//5967
f 5918//6008 5790//5882 5755//5842
f 5919//6009 5710//5826 5822//5913
f 5919//6009 5778//5870 5710//5826
f 5920//6010 5821//5912 5863//5953
f 5530//6011 5526//5977 5891//5991
f 5886//5979 4507//4558 5899//5424
f 5921//6012 5879//5970 5833//5924
f 5879//5970 5854//5945 5788//5879
f 5900//5989 5849//5939 5909//5998
f 5902//5990 5897//5987 5799//5891
f 620//545 619//544 5782//5873
f 5922//6013 5686//5775 5832//5916
f 620//545 5782//5873 5877//5969
f 5826//5938 5588//5670 5800//5892
f 5886//5979 5832//5916 5718//5804
f 5923//6014 5804//5895 5840//5929
f 5883//5975 5763//5850 5895//6007
f 5907//5996 5870//5961 5894//5986
f 5924//6015 5862//5952 5747//5836
f 5924//6015 5747//5836 5871//5944
f 5897//5987 5877//5969 5841//5930
f 5926//6016 5716//5806 5860//5951
f 5926//6016 5814//5902 5716//5806
f 5901//6017 5524//5963 5526//5977
f 5927//6018 5757//5904 5876//5968
f 5927//6018 5867//5957 5757//5904
f 5885//5978 5742//5829 5862//5952
f 5893//5985 5806//5896 5711//5800
f 5804//5895 1274//1250 1220//1209
f 5911//6000 5794//5886 5754//5841
f 5913//6002 5824//5915 5854//5945
f 5928//6019 5692//5783 5880//5972
f 5928//6019 5791//5883 5692//5783
f 5929//6020 5813//5901 5845//5934
f 5868//5959 5803//5894 5906//5994
f 5930//6021 5871//5944 5789//5880
f 5931//6022 5873//5964 5821//5912
f 5899//5424 4507//4558 4510//4560
f 5933//6023 5759//5847 5908//5997
f 5933//6023 5802//5920 5759//5847
f 5932//6024 5881//5974 5878//5971
f 5530//6011 5891//5991 5898//5988
f 5934//6025 5888//5981 5818//5909
f 5934//6025 5818//5909 5865//5955
f 5853//5943 5895//6007 5793//5885
f 5935//6026 5936//6027 5901//6017
f 5937//6028 5861//5960 5914//6003
f 5937//6028 5909//5998 5861//5960
f 5917//6006 5876//5968 5773//5861
f 5939//6029 5877//5969 5897//5987
f 5864//5954 5737//5862 5885//5978
f 5941//6030 5904//5993 5892//5984
f 5941//6030 5892//5984 5900//5989
f 5942//6031 5827//5918 5913//6002
f 5943//6032 5789//5880 5728//5815
f 5943//6032 5728//5815 5889//5982
f 5944//6033 5901//6017 5526//5977
f 5945//6034 5865//5955 5915//6004
f 5946//5544 5658//5748 5783//5874
f 5947//6035 5907//5996 5894//5986
f 5947//6035 5894//5986 5925//6036
f 5859//6037 5858//5958 5867//5957
f 5948//6038 5778//5870 5919//6009
f 5925//6036 5894//5986 5904//5993
f 5949//6039 5875//5967 5809//5899
f 5949//6039 5809//5899 5890//5983
f 5950//6040 5881//5974 5932//6024
f 5951//6041 5857//5950 5726//5813
f 5819//5910 5797//5889 5916//6005
f 5926//6016 5908//5997 5814//5902
f 5921//6012 5833//5924 5888//5981
f 5550//6042 5926//6016 5860//5951
f 5878//5971 4476//4527 4479//4530
f 5937//6028 5900//5989 5909//5998
f 5952//6043 5794//5886 5911//6000
f 5935//6026 5901//6017 5944//6033
f 5551//6044 5860//5951 5883//5975
f 5931//6022 5915//6004 5873//5964
f 5953//6045 5854//5945 5879//5970
f 5905//5995 5686//5775 5922//6013
f 5954//6046 5863//5953 5835//5926
f 5955//6047 5821//5912 5920//6010
f 5956//6048 5853//5943 5815//5903
f 5957//6049 5726//5813 5752//5838
f 5533//5578 5530//6011 5898//5988
f 5869//5569 4492//4543 5896//5512
f 5923//6014 1274//1250 5804//5895
f 5958//6050 5884//5976 5881//5974
f 5958//6050 5881//5974 5950//6040
f 5959//6051 5900//5989 5937//6028
f 5960//5571 5672//5764 5649//5746
f 5961//6052 5876//5968 5917//6006
f 5944//6033 5526//5977 5530//6011
f 5962//6053 5877//5969 5939//6029
f 5963//6054 5806//5896 5893//5985
f 5942//6031 5902//5990 5827//5918
f 5964//6055 5920//6010 5863//5953
f 5840//5929 5812//5900 5910//5999
f 5965//6056 5897//5987 5902//5990
f 5966//6057 5760//5848 5846//5935
f 5966//6057 5837//5927 5760//5848
f 5940//6058 5829//5921 5819//5910
f 5959//6051 5941//6030 5900//5989
f 5536//5579 5907//5996 5947//6035
f 5536//5579 5898//5988 5907//5996
f 5967//6059 5879//5970 5921//6012
f 5933//6023 5855//5946 5802//5920
f 5953//6045 5913//6002 5854//5945
f 5948//6038 5825//5917 5778//5870
f 5968//6060 5925//6036 5904//5993
f 5918//6008 5852//5942 5790//5882
f 5951//6041 5834//5925 5857//5950
f 5969//6061 5769//5857 5912//6001
f 5969//6061 5828//5919 5769//5857
f 5970//5645 5720//5808 5838//5966
f 5971//6062 5884//5976 5958//6050
f 5971//6062 5914//6003 5884//5976
f 5550//6042 5860//5951 5551//6044
f 5952//6043 5842//5931 5794//5886
f 5931//6022 5821//5912 5955//6047
f 5972//6063 5888//5981 5934//6025
f 5962//6053 620//545 5877//5969
f 5973//6064 5871//5944 5930//6021
f 5896//5512 4492//4543 4497//4548
f 5934//6025 5865//5955 5945//6034
f 5975//6065 5851//5941 5772//5860
f 5975//6065 5772//5860 5903//5992
f 5964//6055 5863//5953 5954//6046
f 5976//6066 5819//5910 5916//6005
f 5977//6067 5835//5926 5855//5946
f 5932//6024 5878//5971 4479//4530
f 5977//6067 5855//5946 5933//6023
f 5957//6049 5752//5838 5848//5937
f 5979//6068 5965//6056 5902//5990
f 5979//6068 5902//5990 5942//6031
f 5536//5579 5533//5578 5898//5988
f 5980//6069 5936//6027 5935//6026
f 5981//6070 5866//5956 5868//5959
f 5981//6070 5917//6006 5866//5956
f 5961//6052 5927//6018 5876//5968
f 5982//6071 5953//6045 5879//5970
f 5983//6072 5918//6008 5875//5967
f 5983//6072 5875//5967 5949//6039
f 5984//6073 5840//5929 5910//5999
f 5985//6074 5914//6003 5971//6062
f 5986//6075 5845//5934 5864//5954
f 5985//6074 5937//6028 5914//6003
f 5987//6076 5885//5978 5862//5952
f 5987//6076 5862//5952 5924//6015
f 5989//6077 5530//6011 5533//5578
f 5988//6078 5800//5892 5741//5828
f 5989//6077 5944//6033 5530//6011
f 5980//6069 6329//6079 5936//6027
f 5990//6080 5815//5903 5826//5938
f 5965//6056 5939//6029 5897//5987
f 5972//6063 5921//6012 5888//5981
f 5991//6081 5947//6035 5925//6036
f 5991//6081 5925//6036 5968//6060
f 5941//6030 5968//6060 5904//5993
f 5520//5648 5874//5965 5705//5777
f 5923//6014 690//602 1274//1250
f 5992//6082 5903//5992 5817//5907
f 5993//6083 5817//5907 5872//5962
f 5994//6084 5825//5917 5948//6038
f 5930//6021 5789//5880 5943//6032
f 5995//6085 5938//6086 5859//6037
f 5982//6071 5879//5970 5967//6059
f 5998//6087 5852//5942 5918//6008
f 5997//6088 5872//5962 5834//5925
f 5997//6088 5834//5925 5951//6041
f 5880//5972 5363//5460 5369//5453
f 5999//6089 5842//5931 5952//6043
f 5964//6055 5955//6047 5920//6010
f 5966//6057 5887//5980 5837//5927
f 6000//6090 5913//6002 5953//6045
f 6000//6090 5942//6031 5913//6002
f 6002//6091 5859//6037 5867//5957
f 6002//6091 5867//5957 5927//6018
f 6001//6092 5962//6053 5939//6029
f 6003//6093 5726//5813 5957//6049
f 6003//6093 5951//6041 5726//5813
f 5996//5658 5922//6013 5832//5916
f 6043//5543 5705//5777 5658//5748
f 6004//6094 5923//6014 5840//5929
f 5978//6095 5864//5954 5885//5978
f 5954//6046 5835//5926 5977//6067
f 6005//6096 5968//6060 5941//6030
f 6006//6097 5921//6012 5972//6063
f 6006//6097 5967//6059 5921//6012
f 6007//6098 5927//6018 5961//6052
f 6009//6099 5988//6078 5741//5828
f 6009//6099 5741//5828 5791//5883
f 6010//6100 5828//5919 5969//6061
f 6010//6100 5889//5982 5828//5919
f 5996//5658 5832//5916 5886//5979
f 6011//6101 6329//6079 5980//6069
f 6012//6102 5831//5923 5887//5980
f 6013//6103 5890//5983 5829//5921
f 6013//6103 5829//5921 5940//6058
f 5959//6051 5937//6028 5985//6074
f 6014//6104 5989//6077 5533//5578
f 6014//6104 5533//5578 5535//5577
f 5540//5583 5947//6035 5991//6081
f 5540//5583 5536//5579 5947//6035
f 736//711 620//545 5962//6053
f 6015//6105 5813//5901 5929//6020
f 6032//6106 5945//6034 5915//6004
f 6032//6106 5915//6004 5931//6022
f 6016//6107 5779//5869 5806//5896
f 6017//6108 5791//5883 5928//6019
f 6016//6107 5806//5896 5963//6054
f 6018//6109 5955//6047 5964//6055
f 6019//6110 5980//6069 5935//6026
f 6020//6111 5868//5959 5906//5994
f 5998//6087 5911//6000 5852//5942
f 6022//5701 5887//5980 5966//6057
f 6023//6112 5935//6026 5944//6033
f 5481//5667 5720//5808 5970//5645
f 6001//6092 736//711 5962//6053
f 5481//5667 5775//5865 5720//5808
f 6024//6113 5965//6056 5979//6068
f 6025//6114 5954//6046 5977//6067
f 6004//6094 5840//5929 5984//6073
f 6062//6115 5950//6040 5932//6024
f 6001//6092 5939//6029 5965//6056
f 5973//6064 5924//6015 5871//5944
f 5975//6065 5912//6001 5851//5941
f 5976//6066 5940//6058 5819//5910
f 6026//6116 5953//6045 5982//6071
f 5999//6089 5906//5994 5842//5931
f 6027//5570 5783//5874 5672//5764
f 6027//5570 5672//5764 5960//5571
f 5956//6048 5815//5903 5990//6080
f 6028//5567 5929//6020 5845//5934
f 6028//5567 5845//5934 5986//6075
f 6029//6117 5934//6025 5945//6034
f 6030//6118 5945//6034 6032//6106
f 6031//6119 5964//6055 5954//6046
f 5869//5569 5960//5571 5649//5746
f 6004//6094 690//602 5923//6014
f 6032//6106 5931//6022 5955//6047
f 6019//6110 5935//6026 6023//6112
f 6033//5487 5948//6038 5919//6009
f 6000//6090 5979//6068 5942//6031
f 6034//6120 5991//6081 5968//6060
f 5978//6095 5885//5978 5987//6076
f 6034//6120 5968//6060 6005//6096
f 6036//6121 5941//6030 5959//6051
f 6023//6112 5944//6033 5989//6077
f 6037//6122 5903//5992 5992//6082
f 6037//6122 5975//6065 5903//5992
f 6038//6123 6011//6101 5980//6069
f 6038//6123 5980//6069 6019//6110
f 6039//6124 5967//6059 6006//6097
f 6012//6102 5887//5980 6022//5701
f 6040//6125 5938//6086 5995//6085
f 6040//6125 5974//6126 5938//6086
f 3945//4007 5883//5975 5895//6007
f 6041//5749 5985//6074 5971//6062
f 5958//6050 5950//6040 6062//6115
f 6042//5523 5918//6008 5983//6072
f 6043//5543 5658//5748 5946//5544
f 6009//6099 5791//5883 6017//6108
f 6012//6102 5893//5985 5831//5923
f 6000//6090 5953//6045 6026//6116
f 6044//5672 5846//5935 5905//5995
f 6015//6105 5910//5999 5813//5901
f 6015//6105 5984//6073 5910//5999
f 6032//6106 5955//6047 6018//6109
f 6045//6127 5964//6055 6031//6119
f 5994//6084 5916//6005 5825//5917
f 6020//6111 5981//6070 5868//5959
f 5963//6054 5893//5985 6012//6102
f 6047//6128 6004//6094 5984//6073
f 6029//6117 5972//6063 5934//6025
f 5993//6083 5872//5962 5997//6088
f 6048//6129 5933//6023 5908//5997
f 6049//6130 6018//6109 5964//6055
f 6050//6131 6006//6097 5972//6063
f 5978//6095 5986//6075 5864//5954
f 5520//5648 5705//5777 6043//5543
f 6051//6132 5945//6034 6030//6118
f 6031//6119 5954//6046 6025//6114
f 6052//6133 5979//6068 6000//6090
f 6054//6134 5924//6015 5973//6064
f 5440//5641 5940//6058 5976//6066
f 6039//6124 5982//6071 5967//6059
f 6048//6129 5908//5997 5926//6016
f 6021//6135 5895//6007 5853//5943
f 6055//6136 6011//6101 6038//6123
f 6004//6094 691//603 690//602
f 5981//6070 5961//6052 5917//6006
f 3951//4016 5550//6042 5551//6044
f 6056//5501 5930//6021 5943//6032
f 3945//4007 5895//6007 6021//6135
f 5995//6085 5859//6037 6002//6091
f 6057//6137 6001//6092 5965//6056
f 6057//6137 5965//6056 6024//6113
f 5431//5631 5906//5994 5999//6089
f 791//780 736//711 6001//6092
f 6058//5495 5992//6082 5817//5907
f 6059//5753 5985//6074 6041//5749
f 6058//5495 5817//5907 5993//6083
f 6060//6138 5977//6067 5933//6023
f 6060//6138 5933//6023 6048//6129
f 5469//5606 5999//6089 5952//6043
f 6061//5556 5889//5982 6010//6100
f 6062//6115 4479//4530 4482//4533
f 5496//5646 5838//5966 5874//5965
f 6061//5556 5943//6032 5889//5982
f 6062//6115 5932//6024 4479//4530
f 5551//6044 5883//5975 3945//4007
f 5543//5587 5991//6081 6034//6120
f 5543//5587 5540//5583 5991//6081
f 6063//6139 6002//6091 5927//6018
f 5946//5544 5783//5874 6027//5570
f 6074//5550 5978//6095 5987//6076
f 3951//4016 6053//6140 5550//6042
f 5998//6087 5952//6043 5911//6000
f 6051//6132 6029//6117 5945//6034
f 6064//6141 5982//6071 6039//6124
f 6065//6142 5989//6077 6014//6104
f 5956//6048 6021//6135 5853//5943
f 6066//5574 5941//6030 6036//6121
f 6066//5574 6005//6096 5941//6030
f 5476//5522 5998//6087 5918//6008
f 5476//5522 5918//6008 6042//5523
f 5478//5526 5882//5973 5779//5869
f 5478//5526 5779//5869 6016//6107
f 6067//5533 5959//6051 5985//6074
f 5523//5563 5981//6070 6020//6111
f 6067//5533 5985//6074 6059//5753
f 6068//6143 6030//6118 6032//6106
f 6070//6144 6014//6104 5535//5577
f 6046//6145 6000//6090 6026//6116
f 6070//6144 5535//5577 5539//5582
f 6069//5536 5993//6083 5997//6088
f 5440//5641 6013//6103 5940//6058
f 5463//5507 5963//6054 6012//6102
f 6089//6146 6068//6143 6032//6106
f 5506//5546 5949//6039 5890//5983
f 5506//5546 5890//5983 6013//6103
f 6071//6147 5979//6068 6052//6133
f 6071//6147 6024//6113 5979//6068
f 6035//6148 6011//6101 6055//6136
f 6053//6140 5926//6016 5550//6042
f 6050//6131 6039//6124 6006//6097
f 5495//5671 5966//6057 5846//5935
f 5495//5671 5846//5935 6044//5672
f 6072//5538 5951//6041 6003//6093
f 6072//5538 5997//6088 5951//6041
f 6057//6137 791//780 6001//6092
f 6054//6134 5987//6076 5924//6015
f 5451//5504 5961//6052 5981//6070
f 6073//6149 5990//6080 5826//5938
f 6073//6149 5826//5938 5800//5892
f 6052//6133 6000//6090 6046//6145
f 6050//6131 5972//6063 6029//6117
f 5450//5611 5969//6061 5912//6001
f 5450//5611 5912//6001 5975//6065
f 6015//6105 5929//6020 6028//5567
f 6049//6130 5964//6055 6045//6127
f 6065//6142 6023//6112 5989//6077
f 5454//5602 5975//6065 6037//6122
f 6060//6138 6025//6114 5977//6067
f 5435//5608 5994//6084 5948//6038
f 5431//5631 6020//6111 5906//5994
f 6089//6146 6032//6106 6018//6109
f 6076//5607 5952//6043 5998//6087
f 6077//5604 5996//5658 5886//5979
f 5481//5667 5822//5913 5775//5865
f 6078//5623 6012//6102 6022//5701
f 5496//5646 5970//5645 5838//5966
f 6079//6150 6052//6133 6046//6145
f 5899//5424 6077//5604 5886//5979
f 6080//5565 6008//6151 5974//6126
f 6080//5565 5974//6126 6040//6125
f 6063//6139 5927//6018 6007//6098
f 5441//5560 6014//6104 6070//6144
f 5514//5594 5973//6064 5930//6021
f 5514//5594 5930//6021 6056//5501
f 3946//4009 3951//4016 5551//6044
f 6064//6141 6026//6116 5982//6071
f 5486//5687 5958//6050 6062//6115
f 6081//5532 6036//6121 5959//6051
f 5482//5663 4497//4548 4500//4551
f 6081//5532 5959//6051 6067//5533
f 6082//5589 6038//6123 6019//6110
f 5516//5597 6040//6125 5995//6085
f 5464//5576 6005//6096 6066//5574
f 5464//5576 6034//6120 6005//6096
f 5441//5560 6065//6142 6014//6104
f 5460//5613 5963//6054 5463//5507
f 6083//6152 6071//6147 6052//6133
f 6047//6128 691//603 6004//6094
f 5439//5643 6013//6103 5440//5641
f 5466//5558 5987//6076 6054//6134
f 5421//5485 5880//5972 5369//5453
f 5478//5526 5848//5937 5882//5973
f 6084//6153 791//780 6057//6137
f 6085//5553 6035//6148 6055//6136
f 6086//6154 6051//6132 6030//6118
f 6086//6154 6030//6118 6068//6143
f 5423//5496 6058//5495 5993//6083
f 6087//6155 6024//6113 6071//6147
f 6087//6155 6057//6137 6024//6113
f 5501//5554 6038//6123 6082//5589
f 6089//6146 6018//6109 6049//6130
f 6097//5541 5486//5687 6062//6115
f 6064//6141 6046//6145 6026//6116
f 5430//5633 6020//6111 5431//5631
f 6065//6142 6019//6110 6023//6112
f 6056//5501 5943//6032 6061//5556
f 5494//5542 5520//5648 6043//5543
f 6091//6156 6050//6131 6029//6117
f 6091//6156 6029//6117 6051//6132
f 5497//5680 5916//6005 5994//6084
f 5510//5559 6054//6134 5973//6064
f 6083//6152 6052//6133 6079//6150
f 5497//5680 5976//6066 5916//6005
f 5447//5524 5983//6072 5949//6039
f 5447//5524 5949//6039 5506//5546
f 5489//5586 6003//6093 5957//6049
f 6084//6153 844//853 791//780
f 6073//6149 5800//5892 5988//6078
f 6092//5492 6065//6142 5441//5560
f 6093//4015 5926//6016 6053//6140
f 5490//5706 5958//6050 5486//5687
f 5490//5706 5971//6062 5958//6050
f 5546//5592 6010//6100 5969//6061
f 5546//5592 5969//6061 5450//5611
f 5496//5646 5874//5965 5520//5648
f 5502//5635 5905//5995 5922//6013
f 5502//5635 5922//6013 5996//5658
f 6017//6108 5928//6019 5880//5972
f 5455//5581 6002//6091 6063//6139
f 5455//5581 5995//6085 6002//6091
f 6094//6157 6064//6141 6039//6124
f 5501//5554 6055//6136 6038//6123
f 6095//5552 6210//6158 6035//6148
f 6076//5607 5469//5606 5952//6043
f 5431//5631 5999//6089 5469//5606
f 6096//5549 5978//6095 6074//5550
f 6096//5549 5986//6075 5978//6095
f 6088//6159 6039//6124 6050//6131
f 6069//5536 5997//6088 6072//5538
f 5552//4001 5956//6048 5990//6080
f 5443//5494 6037//6122 5992//6082
f 5443//5494 5992//6082 6058//5495
f 5460//5613 6016//6107 5963//6054
f 5466//5558 6074//5550 5987//6076
f 5542//5529 6070//6144 5539//5582
f 6098//6160 6046//6145 6064//6141
f 6098//6160 6079//6150 6046//6145
f 6099//6161 6050//6131 6091//6156
f 6099//6161 6088//6159 6050//6131
f 3957//4024 6025//6114 6060//6138
f 5461//5527 5478//5526 6016//6107
f 6080//5565 6075//6162 6008//6151
f 5421//5485 6017//6108 5880//5972
f 5467//5513 5896//5512 4497//4548
f 5457//5610 5984//6073 6015//6105
f 6090//6163 6210//6158 6095//5552
f 5525//5642 5976//6066 5497//5680
f 5451//5504 6007//6098 5961//6052
f 5493//5598 6034//6120 5464//5576
f 6022//5701 5966//6057 5495//5671
f 5493//5598 5543//5587 6034//6120
f 5423//5496 5993//6083 6069//5536
f 6100//6164 6087//6155 6071//6147
f 6082//5589 6019//6110 6065//6142
f 6047//6128 781//801 691//603
f 6101//5489 6094//6157 6039//6124
f 5430//5633 5523//5563 6020//6111
f 6101//5489 6039//6124 6088//6159
f 6066//5574 6036//6121 6081//5532
f 3946//4009 5551//6044 3945//4007
f 5450//5611 5975//6065 5454//5602
f 5511//5677 5994//6084 5435//5608
f 6084//6153 6057//6137 6087//6155
f 6095//5552 6035//6148 6085//5553
f 3954//4019 6060//6138 6048//6129
f 6041//5749 5971//6062 5490//5706
f 6091//6156 6051//6132 6086//6154
f 5470//5561 6070//6144 5542//5529
f 3959//4026 6045//6127 6031//6119
f 5480//5488 5919//6009 5822//5913
f 5480//5488 5822//5913 5481//5667
f 6072//5538 6003//6093 5489//5586
f 3959//4026 6025//6114 3957//4024
f 3959//4026 6031//6119 6025//6114
f 6085//5553 6055//6136 5501//5554
f 6100//6164 6071//6147 6083//6152
f 5452//5505 5451//5504 5981//6070
f 5452//5505 5981//6070 5523//5563
f 5477//5525 5848//5937 5478//5526
f 5477//5525 5957//6049 5848//5937
f 5499//5655 6074//5550 5466//5558
f 5517//5615 5998//6087 5476//5522
f 5456//5491 6065//6142 6092//5492
f 3955//4040 6060//6138 3954//4019
f 6102//6165 6064//6141 6094//6157
f 5448//5500 5514//5594 6056//5501
f 764//751 6075//6162 6080//5565
f 5429//5508 5463//5507 6012//6102
f 5434//5700 6078//5623 6022//5701
f 3954//4019 5926//6016 6093//4015
f 3954//4019 6048//6129 5926//6016
f 3935//4000 5956//6048 5552//4001
f 3935//4000 6021//6135 5956//6048
f 6044//5672 5905//5995 5502//5635
f 3964//3995 6045//6127 3959//4026
f 3931//3997 6089//6146 6049//6130
f 5459//5596 6080//5565 6040//6125
f 5459//5596 6040//6125 5516//5597
f 5492//5590 5543//5587 5493//5598
f 910//925 844//853 6084//6153
f 5441//5560 6070//6144 5470//5561
f 5435//5608 5948//6038 6033//5487
f 5467//5513 4497//4548 5482//5663
f 5479//5539 6072//5538 5489//5586
f 5552//4001 5990//6080 6073//6149
f 3957//4024 6060//6138 3955//4040
f 5538//5503 6063//6139 6007//6098
f 5538//5503 6007//6098 5451//5504
f 3951//4016 6093//4015 6053//6140
f 3935//4000 3945//4007 6021//6135
f 3929//3994 6049//6130 6045//6127
f 3929//3994 3931//3997 6049//6130
f 3929//3994 6045//6127 3964//3995
f 5449//5502 6056//5501 6061//5556
f 5508//5564 5523//5563 5430//5633
f 5516//5597 5995//6085 5455//5581
f 6102//6165 6098//6160 6064//6141
f 6084//6153 6087//6155 6100//6164
f 5466//5558 6054//6134 5510//5559
f 6103//5517 6083//6152 6079//6150
f 5531//5605 6076//5607 5998//6087
f 6103//5517 6079//6150 6098//6160
f 6097//5541 6062//6115 4482//4533
f 3967//4031 6068//6143 6089//6146
f 5471//5566 6015//6105 6028//5567
f 6104//6166 6101//5489 6088//6159
f 5510//5559 5973//6064 5514//5594
f 5507//5547 6013//6103 5439//5643
f 5507//5547 5506//5546 6013//6103
f 5436//5537 6069//5536 6072//5538
f 3931//3997 3939//4003 6089//6146
f 5457//5610 6047//6128 5984//6073
f 6104//6166 6088//6159 6099//6161
f 5518//5555 6010//6100 5546//5592
f 5518//5555 6061//5556 6010//6100
f 5473//5618 5946//5544 6027//5570
f 5534//5568 6028//5567 5986//6075
f 5534//5568 5986//6075 6096//5549
f 764//751 208//189 6075//6162
f 5428//5510 6084//6153 6100//6164
f 5429//5508 6012//6102 6078//5623
f 5482//5663 4500//4551 5500//5712
f 5453//5603 5454//5602 6037//6122
f 5453//5603 6037//6122 5443//5494
f 5456//5491 6082//5589 6065//6142
f 3947//4011 6073//6149 5988//6078
f 5480//5488 6033//5487 5919//6009
f 5447//5524 6042//5523 5983//6072
f 3969//4033 6099//6161 6091//6156
f 5446//5499 5445//5498 6090//6163
f 5446//5499 6090//6163 6095//5552
f 5477//5525 5489//5586 5957//6049
f 6086//6154 3968//4032 3969//4033
f 3968//4032 6068//6143 3967//4031
f 3968//4032 6086//6154 6068//6143
f 5424//5534 6067//5533 6059//5753
f 5461//5527 6016//6107 5460//5613
f 3967//4031 6089//6146 3939//4003
f 5497//5680 5994//6084 5511//5677
f 3947//4011 5552//4001 6073//6149
f 5428//5510 910//925 6084//6153
f 5458//5572 5960//5571 5869//5569
f 5504//5575 6066//5574 6081//5532
f 3963//4029 5988//6078 6009//6099
f 3963//4029 3947//4011 5988//6078
f 5472//5668 5481//5667 5970//5645
f 5457//5610 781//801 6047//6128
f 5444//5497 5527//5625 5445//5498
f 5513//5705 6044//5672 5502//5635
f 3969//4033 6091//6156 6086//6154
f 5433//5520 6083//6152 6103//5517
f 5433//5520 6100//6164 6083//6152
f 5468//5632 5431//5631 5469//5606
f 5438//5515 6094//6157 6101//5489
f 5519//5647 5496//5646 5520//5648
f 3960//4028 6017//6108 5421//5485
f 3960//4028 3963//4029 6009//6099
f 3960//4028 6009//6099 6017//6108
f 3970//4036 6099//6161 3969//4033
f 5471//5566 5457//5610 6015//6105
f 5538//5503 5455//5581 6063//6139
f 5425//5514 6098//6160 6102//6165
f 5432//5490 6092//5492 5441//5560
f 5491//5601 5450//5611 5454//5602
f 5498//5548 6074//5550 5499//5655
f 5503//5636 5502//5635 5996//5658
f 3941//4004 5421//5485 3905//3962
f 5433//5520 5428//5510 6100//6164
f 3942//4023 3960//4028 5421//5485
f 5509//5588 6082//5589 5456//5491
f 5525//5642 5440//5641 5976//6066
f 5531//5605 5998//6087 5517//5615
f 3970//4036 6104//6166 6099//6161
f 3970//4036 3971//4037 6101//5489
f 3970//4036 6101//5489 6104//6166
f 5515//5600 5516//5597 5455//5581
f 3941//4004 3942//4023 5421//5485
f 5488//5585 5489//5586 5477//5525
f 815//809 6080//5565 5459//5596
f 967//960 910//925 5428//5510
f 3972//4038 5438//5515 6101//5489
f 5427//5509 5428//5510 5433//5520
f 5438//5515 5425//5514 6102//6165
f 5438//5515 6102//6165 6094//6157
f 5437//5518 6098//6160 5425//5514
f 5437//5518 6103//5517 6098//6160
f 5422//5516 5433//5520 6103//5517
f 4528//4584 5685//5780 6105//6167
f 4527//4583 4528//4584 6105//6167
f 4325//4412 4526//4581 6106//6168
f 4325//4412 6106//6168 6107//6169
f 4522//4577 4325//4412 6107//6169
f 4522//4577 6107//6169 6108//6170
f 4521//4575 4522//4577 6108//6170
f 4518//4570 4519//4572 6109//6171
f 4517//4568 4518//4570 6169//6172
f 6114//3842 6143//6173 6350//6174
f 6119//6175 6120//6176 6339//6177
f 6117//6178 6123//3846 6124//3844
f 6124//3844 6114//3842 6350//6174
f 6114//3842 6127//3841 6143//6173
f 6125//6179 6128//6180 6126//6181
f 6116//6182 6130//3848 6117//6178
f 6112//6183 6113//6184 6131//6185
f 6123//3846 6117//6178 6130//3848
f 6133//6186 6134//6187 4501//4552
f 6278//6188 6138//3849 6274//6189
f 6278//6188 6280//6190 6138//3849
f 6132//3810 6312//6191 6139//3811
f 6135//6192 6137//6193 6140//6194
f 6141//6195 6118//6196 5858//5958
f 6141//6195 5858//5958 5859//6037
f 6274//6189 6130//3848 6116//6182
f 6274//6189 6138//3849 6130//3848
f 6131//6185 6147//6197 6112//6183
f 6145//6198 6345//6199 3840//3825
f 6151//3851 6138//3849 6280//6190
f 6133//6186 4501//4552 4502//4553
f 6152//6200 6141//6195 5859//6037
f 6151//3851 6280//6190 6153//3852
f 6152//6200 5859//6037 5938//6086
f 6146//3826 3840//3825 6345//6199
f 6154//6201 5836//5947 5524//5963
f 6149//6202 3841//3828 6146//3826
f 6149//6202 6146//3826 6148//6203
f 4512//4562 6143//6173 4124//4199
f 6115//6204 6128//6180 6125//6179
f 6154//6201 5524//5963 6157//6205
f 6158//6206 6133//6186 4502//4553
f 6154//6201 6160//6207 6159//6208
f 6154//6201 6159//6208 5811//5933
f 6154//6201 5811//5933 5836//5947
f 6155//6209 6161//6210 6162//6211
f 6155//6209 6162//6211 6156//6212
f 6163//6213 6147//6197 6131//6185
f 6163//6213 6131//6185 6118//6196
f 6115//6204 6164//6214 6128//6180
f 6152//6200 5938//6086 5974//6126
f 6165//6215 6161//6210 6155//6209
f 6165//6215 6155//6209 6159//6208
f 6154//6201 6157//6205 6330//6216
f 6159//6208 6160//6207 6168//6217
f 6126//6181 6170//6218 6135//6192
f 6126//6181 6135//6192 6352//6219
f 5974//6126 6166//6220 6152//6200
f 6165//6215 6159//6208 6172//6221
f 6168//6217 6172//6221 6159//6208
f 6165//6215 6173//6222 6174//6223
f 6165//6215 6174//6223 6161//6210
f 3841//3828 6149//6202 6176//3830
f 6117//6178 4512//4562 4514//4565
f 6177//6224 6173//6222 6165//6215
f 6177//6224 6165//6215 6172//6221
f 6186//6225 6172//6221 6168//6217
f 6186//6225 6168//6217 6349//6226
f 6173//6222 6179//6227 6180//6228
f 6173//6222 6180//6228 6174//6223
f 6173//6222 6181//6229 6179//6227
f 6112//6183 6164//6214 6115//6204
f 6321//6230 6158//6206 4504//4555
f 6184//6231 6166//6220 5974//6126
f 6184//6231 5974//6126 6008//6151
f 6128//6180 6170//6218 6126//6181
f 6179//6227 6187//6232 6180//6228
f 6179//6227 6216//6233 6187//6232
f 6179//6227 6188//6234 6216//6233
f 6112//6183 6189//6235 6164//6214
f 6141//6195 6163//6213 6118//6196
f 6141//6195 6190//6236 6163//6213
f 6181//6229 6173//6222 6191//6237
f 3860//3894 6182//6238 6183//6239
f 6179//6227 6181//6229 6192//6240
f 6194//6241 6141//6195 6152//6200
f 6200//6242 6184//6231 6008//6151
f 6195//6243 6199//6244 6136//6245
f 6195//6243 6197//6246 6202//6247
f 6136//6245 6199//6244 6137//6193
f 6136//6245 6137//6193 6135//6192
f 6147//6197 6189//6235 6112//6183
f 6204//6248 6321//6230 4506//4557
f 6128//6180 6205//6249 6170//6218
f 6207//3920 6203//3914 6276//6250
f 6207//3920 6276//6250 6208//6251
f 6207//3920 3867//3918 6203//3914
f 6207//3920 6208//6251 3868//3921
f 6194//6241 6152//6200 6166//6220
f 6200//6242 6008//6151 6075//6162
f 6200//6242 6075//6162 208//189
f 6204//6248 4506//4557 4508//4559
f 6136//6245 6197//6246 6195//6243
f 6212//6252 3860//3894 6183//6239
f 6164//6214 6218//6253 6205//6249
f 6164//6214 6205//6249 6128//6180
f 6197//6246 6136//6245 6135//6192
f 6219//6254 6204//6248 4508//4559
f 6163//6213 6221//6255 6147//6197
f 6170//6218 6197//6246 6135//6192
f 209//190 6200//6242 208//189
f 6175//6256 6219//6254 4508//4559
f 6215//6257 6216//6233 6227//3877
f 209//190 6201//6258 6200//6242
f 6163//6213 6119//6175 6221//6255
f 6228//6259 6090//6163 5527//5625
f 6222//6260 6223//6261 6194//6241
f 6222//6260 6194//6241 6166//6220
f 3862//3897 6212//6252 6311//6262
f 3862//3897 3861//3896 6212//6252
f 3862//3897 6311//6262 6338//6263
f 6188//6234 6227//3877 6216//6233
f 6189//6235 6231//6264 6164//6214
f 6224//6265 6240//6266 6225//6267
f 6190//6236 6120//6176 6119//6175
f 6190//6236 6119//6175 6163//6213
f 6227//3877 6232//3876 6215//6257
f 6189//6235 6234//6268 6231//6264
f 6227//3877 6188//6234 6235//3878
f 6236//6269 6175//6256 4509//4561
f 6236//6269 4509//4561 4124//4199
f 6251//6270 6237//6271 6297//6272
f 6143//6173 6236//6269 4124//4199
f 6205//6249 6242//6273 6170//6218
f 6230//6274 6238//3879 6235//3878
f 6230//6274 6235//3878 6188//6234
f 6240//6266 6243//6275 6241//6276
f 6245//6277 6191//6237 6246//6278
f 6260//6279 6243//6275 6240//6266
f 6260//6279 6240//6266 6249//6280
f 6350//6174 6143//6173 4512//4562
f 6247//6281 6305//6282 6250//6283
f 6251//6270 6250//6283 6305//6282
f 6331//6284 6243//6275 6252//6285
f 6331//6284 6239//6286 6243//6275
f 6221//6255 6189//6235 6147//6197
f 6218//6253 6242//6273 6205//6249
f 6253//6287 6245//6277 6246//6278
f 6346//6288 6109//6171 4519//4572
f 6253//6287 6254//6289 6261//6290
f 6256//3900 6338//6263 6233//6291
f 6256//3900 3863//3899 6338//6263
f 6259//6292 6254//6289 6337//6293
f 6259//6292 6337//6293 6309//6294
f 6259//6292 6309//6294 6257//6295
f 4521//4575 6346//6288 4519//4572
f 6255//6296 6182//6238 6250//6283
f 6253//6287 6261//6290 3858//3887
f 6253//6287 3857//3885 6263//3884
f 6253//6287 3858//3887 3857//3885
f 6264//6297 6266//6298 6260//6279
f 6244//3902 6256//3900 6233//6291
f 6117//6178 6350//6174 4512//4562
f 6221//6255 6268//6299 6234//6268
f 6221//6255 6234//6268 6189//6235
f 6221//6255 6119//6175 6268//6299
f 6259//6292 6267//6300 6269//3891
f 6270//6301 4521//4575 6108//6170
f 6262//6302 6223//6261 6222//6260
f 6116//6182 6117//6178 4514//4565
f 6264//6297 6137//6193 6199//6244
f 6271//6303 6222//6260 6201//6258
f 6267//6300 6351//3893 6269//3891
f 6267//6300 6334//6304 6351//3893
f 6116//6182 4514//4565 4515//4566
f 6116//6182 4515//4566 4517//4568
f 6272//6305 6292//6306 6121//6307
f 6262//6302 6222//6260 6271//6303
f 6273//3806 6272//6305 6132//3810
f 3864//3905 6198//6308 6199//6244
f 6149//6202 6150//6309 6176//3830
f 6111//6310 3833//3799 6150//6309
f 6274//6189 6116//6182 4517//4568
f 3833//3799 6176//3830 6150//6309
f 6265//6311 232//213 271//263
f 6275//3908 6199//6244 6195//6243
f 6275//3908 3864//3905 6199//6244
f 6276//6250 6197//6246 6170//6218
f 6276//6250 6202//6247 6197//6246
f 6281//6312 6277//6313 6223//6261
f 6278//6188 6274//6189 4517//4568
f 6278//6188 4517//4568 6169//6172
f 6276//6250 6170//6218 6242//6273
f 6281//6312 6223//6261 6262//6302
f 6268//6299 6231//6264 6234//6268
f 6206//3912 6195//6243 6202//6247
f 6206//3912 6275//3908 6195//6243
f 6280//6190 6169//6172 4518//4570
f 6280//6190 6278//6188 6169//6172
f 6282//6314 6268//6299 6119//6175
f 6283//6315 6106//6168 4526//4581
f 6288//6316 6281//6312 6262//6302
f 6208//6251 6276//6250 6242//6273
f 6208//6251 6242//6273 6218//6253
f 6203//3914 6206//3912 6202//6247
f 6203//3914 6202//6247 6276//6250
f 4527//4583 6283//6315 4526//4581
f 6285//6317 6262//6302 6271//6303
f 6285//6317 6288//6316 6262//6302
f 6286//6318 4518//4570 6109//6171
f 6286//6318 6280//6190 4518//4570
f 6287//6319 6011//6101 6035//6148
f 6287//6319 6035//6148 6210//6158
f 6290//6320 6218//6253 6231//6264
f 6290//6320 6208//6251 6218//6253
f 6291//6321 6286//6318 6109//6171
f 6346//6288 6291//6321 6109//6171
f 6294//3864 3851//3862 6293//3863
f 6226//3871 6196//6322 6300//6323
f 5717//5818 6215//6257 5701//5819
f 6290//6320 6231//6264 6268//6299
f 6300//6323 6214//6324 6213//3875
f 6122//6325 6277//6313 6281//6312
f 6122//6325 6292//6306 6277//6313
f 6287//6319 6224//6265 6225//6267
f 6287//6319 6217//6326 6224//6265
f 6289//6327 6297//6272 6296//6328
f 6298//6329 6290//6320 6268//6299
f 6220//6330 6211//6331 6225//6267
f 6213//3875 6301//3874 6300//6323
f 6281//6312 6129//6332 6122//6325
f 6300//6323 5685//5780 5690//5779
f 3868//3921 6208//6251 6290//6320
f 6298//6329 6268//6299 6282//6314
f 6270//6301 6346//6288 4521//4575
f 6129//6332 6281//6312 6288//6316
f 6217//6326 6090//6163 6228//6259
f 6217//6326 6210//6158 6090//6163
f 6209//3923 3868//3921 6290//6320
f 6225//6267 6241//6276 6220//6330
f 6302//6333 6129//6332 6288//6316
f 5695//5805 6300//6323 5690//5779
f 6325//6334 6270//6301 6108//6170
f 6303//3925 6209//3923 6290//6320
f 6215//6257 6232//3876 6213//3875
f 6214//6324 5695//5805 5701//5819
f 308//277 6299//6335 293//265
f 6325//6334 6107//6169 6106//6168
f 6305//6282 6237//6271 6251//6270
f 6303//3925 6290//6320 6298//6329
f 6325//6334 6108//6170 6107//6169
f 3832//3802 6303//3925 6298//6329
f 6241//6276 6239//6286 6220//6330
f 6241//6276 6243//6275 6239//6286
f 6215//6257 6214//6324 5701//5819
f 6307//3803 6298//6329 6304//6336
f 6307//3803 3832//3802 6298//6329
f 6251//6270 6297//6272 6239//6286
f 6239//6286 6255//6296 6251//6270
f 6180//6228 5740//5844 5748//5853
f 6239//6286 6331//6284 6255//6296
f 6247//6281 6250//6283 6258//6337
f 6310//6338 6325//6334 6106//6168
f 6247//6281 6258//6337 6257//6295
f 3858//3887 6261//6290 6259//6292
f 6273//3806 6307//3803 6304//6336
f 6333//6339 6183//6239 6255//6296
f 6174//6223 6180//6228 5748//5853
f 6272//6305 6121//6307 6122//6325
f 6308//6340 6302//6333 6299//6335
f 6212//6252 6183//6239 6333//6339
f 3859//3889 3858//3887 6259//6292
f 6312//6191 6272//6305 6122//6325
f 6283//6315 6310//6338 6106//6168
f 6272//6305 6273//3806 6304//6336
f 6269//3891 3859//3889 6259//6292
f 6338//6263 3863//3899 3862//3897
f 6162//6211 6174//6223 5748//5853
f 6304//6336 6292//6306 6272//6305
f 6162//6211 5748//5853 5766//5868
f 6308//6340 308//277 314//282
f 6313//6341 6302//6333 6308//6340
f 6132//3810 6272//6305 6312//6191
f 314//282 6313//6341 6308//6340
f 6187//6232 5717//5818 5724//5832
f 6156//6212 6162//6211 5766//5868
f 6111//6310 6185//3800 3833//3799
f 6111//6310 6110//6342 6185//3800
f 6284//6343 6283//6315 4527//4583
f 6178//6344 3834//3805 6142//6345
f 6187//6232 5724//5832 5740//5844
f 6142//6345 6185//3800 6110//6342
f 6133//6186 6279//6346 6134//6187
f 6156//6212 5766//5868 5784//5875
f 6193//6347 6284//6343 4527//4583
f 6319//3903 6144//6348 6318//3907
f 6180//6228 6187//6232 5740//5844
f 6155//6209 6156//6212 5784//5875
f 3834//3805 6185//3800 6142//6345
f 3866//3916 6317//3913 6320//6349
f 6105//6167 6193//6347 4527//4583
f 6155//6209 5784//5875 5810//5908
f 6155//6209 5810//5908 5811//5933
f 6159//6208 6155//6209 5811//5933
f 6196//6322 6105//6167 5685//5780
f 6161//6210 6174//6223 6162//6211
f 3855//3881 6230//6274 6179//6227
f 6300//6323 6196//6322 5685//5780
f 6192//6240 3855//3881 6179//6227
f 6326//6350 6229//6351 6327//6352
f 6270//6301 3854//3857 6347//3856
f 6214//6324 6300//6323 5695//5805
f 6328//3858 3854//3857 6270//6301
f 6284//6343 6193//6347 6295//3869
f 6140//6194 6327//6352 6135//6192
f 3853//3870 6193//6347 6105//6167
f 3853//3870 6295//3869 6193//6347
f 6249//6280 6264//6297 6260//6279
f 6329//6079 6225//6267 6211//6331
f 6333//6339 6311//6262 6212//6252
f 6252//6285 6311//6262 6333//6339
f 6295//3869 6294//3864 6284//6343
f 6287//6319 6210//6158 6217//6326
f 6226//3871 6300//6323 6301//3874
f 6226//3871 6105//6167 6196//6322
f 3860//3894 6212//6252 3861//3896
f 3853//3870 6105//6167 6226//3871
f 6190//6236 6141//6195 6194//6241
f 6211//6331 6220//6330 6297//6272
f 6211//6331 6297//6272 6289//6327
f 6222//6260 6166//6220 6184//6231
f 6223//6261 6190//6236 6194//6241
f 6220//6330 6239//6286 6297//6272
f 6201//6258 6222//6260 6184//6231
f 6218//6253 6164//6214 6231//6264
f 6120//6176 6190//6236 6223//6261
f 209//190 6265//6311 6201//6258
f 209//190 232//213 6265//6311
f 6120//6176 6223//6261 6277//6313
f 6248//6353 6247//6281 6257//6295
f 6271//6303 6201//6258 6265//6311
f 6257//6295 6306//6354 6248//6353
f 6257//6295 6309//6294 6306//6354
f 6338//6263 6311//6262 6266//6298
f 6265//6311 271//263 6271//6303
f 6339//6177 6282//6314 6119//6175
f 6282//6314 6304//6336 6298//6329
f 6282//6314 6292//6306 6304//6336
f 6339//6177 6277//6313 6292//6306
f 6339//6177 6292//6306 6282//6314
f 6285//6317 6271//6303 271//263
f 6171//6355 3836//3812 6178//6344
f 6171//6355 6134//6187 3836//3812
f 293//265 6285//6317 271//263
f 293//265 6299//6335 6285//6317
f 6178//6344 3836//3812 3835//3809
f 6299//6335 6288//6316 6285//6317
f 6178//6344 3835//3809 3834//3805
f 3837//3813 3836//3812 6134//6187
f 6279//6346 3837//3813 6134//6187
f 6299//6335 6302//6333 6288//6316
f 308//277 6308//6340 6299//6335
f 6340//6356 6312//6191 6122//6325
f 3838//3817 3837//3813 6279//6346
f 6312//6191 6340//6356 6315//3818
f 6315//3818 6302//6333 6313//6341
f 6315//3818 6340//6356 6302//6333
f 6342//3814 6312//6191 6315//3818
f 6315//3818 6313//6341 6314//3823
f 6216//6233 6215//6257 5717//5818
f 6314//3823 314//282 84//11
f 6314//3823 6313//6341 314//282
f 6219//6254 6341//6357 6204//6248
f 6216//6233 5717//5818 6187//6232
f 6319//3903 68//103 6144//6348
f 6146//3826 6345//6199 6148//6203
f 6316//6358 3865//3911 6343//3909
f 6316//6358 6317//3913 3865//3911
f 3850//3855 3849//3853 6347//3856
f 6293//3863 6310//6338 6283//6315
f 6188//6234 6179//6227 6230//6274
f 6293//3863 6283//6315 6294//3864
f 5527//5625 6229//6351 6228//6259
f 6284//6343 6294//3864 6283//6315
f 5528//5626 5529//5653 6324//6359
f 6329//6079 6011//6101 6287//6319
f 6296//6328 6332//6360 6330//6216
f 6296//6328 6330//6216 6167//6361
f 6296//6328 6167//6361 6289//6327
f 6228//6259 6229//6351 6326//6350
f 6245//6277 6192//6240 6181//6229
f 6287//6319 6225//6267 6329//6079
f 6237//6271 6305//6282 6332//6360
f 6237//6271 6296//6328 6297//6272
f 6237//6271 6332//6360 6296//6328
f 6246//6278 6186//6225 6336//6362
f 6335//6363 6305//6282 6247//6281
f 6247//6281 6248//6353 6335//6363
f 6337//6293 6336//6362 6306//6354
f 6337//6293 6306//6354 6309//6294
f 6233//6291 6266//6298 6264//6297
f 6233//6291 6264//6297 6199//6244
f 6326//6350 6327//6352 6140//6194
f 6321//6230 6323//3819 6158//6206
f 6133//6186 6158//6206 3838//3817
f 6133//6186 3838//3817 6279//6346
f 6321//6230 3839//3822 6323//3819
f 3839//3822 6321//6230 6204//6248
f 3838//3817 6158//6206 6323//3819
f 6243//6275 6266//6298 6252//6285
f 6243//6275 6260//6279 6266//6298
f 4483//4534 6317//3913 4481//4532
f 6137//6193 6249//6280 6140//6194
f 6236//6269 6219//6254 6175//6256
f 6267//6300 6258//6337 6334//6304
f 6267//6300 6257//6295 6258//6337
f 6263//3884 3856//3882 6192//6240
f 6252//6285 6333//6339 6331//6284
f 6137//6193 6264//6297 6249//6280
f 6341//6357 3843//3836 6344//3831
f 6182//6238 6334//6304 6258//6337
f 6266//6298 6311//6262 6252//6285
f 4493//4544 6111//6310 4489//4540
f 6144//6348 68//103 4472//348
f 6144//6348 4472//348 4474//4525
f 6184//6231 6200//6242 6201//6258
f 6339//6177 6120//6176 6277//6313
f 6292//6306 6122//6325 6121//6307
f 6318//3907 6144//6348 4474//4525
f 6122//6325 6129//6332 6340//6356
f 6340//6356 6129//6332 6302//6333
f 6343//3909 4474//4525 4477//4528
f 6139//3811 6312//6191 6342//3814
f 6343//3909 6318//3907 4474//4525
f 6270//6301 6347//3856 6346//6288
f 6270//6301 6325//6334 6328//3858
f 6316//6358 4477//4528 4481//4532
f 6316//6358 6343//3909 4477//4528
f 6328//3858 6325//6334 6310//6338
f 6328//3858 6310//6338 6293//3863
f 6317//3913 6316//6358 4481//4532
f 6145//6198 3866//3916 6320//6349
f 6145//6198 6322//3919 3866//3916
f 5936//6027 6329//6079 6211//6331
f 5936//6027 6211//6331 6289//6327
f 6320//6349 6317//3913 4483//4534
f 6332//6360 6348//6364 6330//6216
f 6322//3919 6145//6198 3840//3825
f 6335//6363 6332//6360 6305//6282
f 6335//6363 6348//6364 6332//6360
f 6145//6198 6320//6349 4483//4534
f 6191//6237 6173//6222 6177//6224
f 6191//6237 6177//6224 6246//6278
f 6186//6225 6246//6278 6177//6224
f 6306//6354 6335//6363 6248//6353
f 6306//6354 6349//6226 6335//6363
f 6306//6354 6336//6362 6349//6226
f 6345//6199 4483//4534 4485//4536
f 6345//6199 6145//6198 4483//4534
f 6246//6278 6336//6362 6337//6293
f 6266//6298 6233//6291 6338//6263
f 6148//6203 6345//6199 4485//4536
f 6199//6244 6244//3902 6233//6291
f 6199//6244 6198//6308 6244//3902
f 6198//6308 3864//3905 6244//3902
f 4498//4549 6178//6344 4495//4546
f 6215//6257 6213//3875 6214//6324
f 6090//6163 5445//5498 5527//5625
f 3839//3822 6204//6248 6344//3831
f 6219//6254 3843//3836 6341//6357
f 6148//6203 4485//4536 4487//4538
f 6225//6267 6240//6266 6241//6276
f 6341//6357 6344//3831 6204//6248
f 6217//6326 6228//6259 6326//6350
f 6224//6265 6217//6326 6326//6350
f 4501//4552 6134//6187 4498//4549
f 5528//5626 6229//6351 5527//5625
f 6149//6202 6148//6203 4487//4538
f 6150//6309 4487//4538 4489//4540
f 6150//6309 6149//6202 4487//4538
f 6229//6351 5528//5626 6352//6219
f 3855//3881 6238//3879 6230//6274
f 6158//6206 4502//4553 4504//4555
f 6249//6280 6326//6350 6140//6194
f 6249//6280 6224//6265 6326//6350
f 6249//6280 6240//6266 6224//6265
f 6111//6310 6150//6309 4489//4540
f 3855//3881 6192//6240 3856//3882
f 6253//6287 6246//6278 6337//6293
f 6286//6318 6153//3852 6280//6190
f 6286//6318 6291//6321 3849//3853
f 6347//3856 6291//6321 6346//6288
f 6153//3852 6286//6318 3849//3853
f 6192//6240 6245//6277 6263//3884
f 6347//3856 3849//3853 6291//6321
f 6157//6205 5901//6017 6167//6361
f 6250//6283 6251//6270 6255//6296
f 6157//6205 5524//5963 5901//6017
f 6254//6289 6253//6287 6337//6293
f 6321//6230 4504//4555 4506//4557
f 6110//6342 6111//6310 4493//4544
f 6110//6342 4493//4544 4494//4545
f 6157//6205 6167//6361 6330//6216
f 6289//6327 5901//6017 5936//6027
f 6289//6327 6167//6361 5901//6017
f 6154//6201 6330//6216 6348//6364
f 6160//6207 6154//6201 6348//6364
f 6142//6345 4494//4545 4495//4546
f 6142//6345 6110//6342 4494//4545
f 6349//6226 6160//6207 6348//6364
f 6349//6226 6348//6364 6335//6363
f 6349//6226 6168//6217 6160//6207
f 6177//6224 6172//6221 6186//6225
f 6353//6365 6324//6359 5529//5653
f 6353//6365 5529//5653 5584//5685
f 6229//6351 6352//6219 6327//6352
f 6255//6296 6331//6284 6333//6339
f 6250//6283 6182//6238 6258//6337
f 6353//6365 5584//5685 5612//5699
f 6253//6287 6263//3884 6245//6277
f 6354//6366 5612//5699 5642//5789
f 6354//6366 6353//6365 5612//5699
f 6324//6359 6126//6181 6352//6219
f 6324//6359 6352//6219 5528//5626
f 6354//6366 5642//5789 5699//5834
f 6186//6225 6349//6226 6336//6362
f 6259//6292 6261//6290 6254//6289
f 6113//6184 6354//6366 5699//5834
f 6353//6365 6125//6179 6126//6181
f 6353//6365 6126//6181 6324//6359
f 6259//6292 6257//6295 6267//6300
f 6178//6344 6142//6345 4495//4546
f 6131//6185 6113//6184 5699//5834
f 6181//6229 6191//6237 6245//6277
f 6131//6185 5699//5834 5738//5877
f 6352//6219 6135//6192 6327//6352
f 6171//6355 6178//6344 4498//4549
f 6131//6185 5738//5877 5757//5904
f 6183//6239 6182//6238 6255//6296
f 6354//6366 6125//6179 6353//6365
f 6354//6366 6115//6204 6125//6179
f 6175//6256 4508//4559 4509//4561
f 3845//3838 6236//6269 6127//3841
f 3845//3838 3843//3836 6219//6254
f 3845//3838 6219//6254 6236//6269
f 6134//6187 6171//6355 4498//4549
f 6118//6196 6131//6185 5757//5904
f 6350//6174 6117//6178 6124//3844
f 6143//6173 6127//3841 6236//6269
f 6113//6184 6115//6204 6354//6366
f 6118//6196 5757//5904 5858//5958
f 6351//3893 6182//6238 3860//3894
f 6351//3893 6334//6304 6182//6238
f 6112//6183 6115//6204 6113//6184
f 3846//6367 6355//6368 6356//6369
f 3846//6367 3842//6370 6355//6368
f 3844//6371 3846//6372 6357//6373
f 3846//6372 6356//6372 6357//6373
f 6355//6374 3844//6375 6357//6376
f 3842//6377 3844//6375 6355//6374
f 6357//6378 6356//6378 6355//6378
f 2448//6379 6358//6380 6359//6381
f 2448//6379 2447//6380 6358//6380
f 6359//6382 6360//6383 2448//6382
f 6360//6383 2444//6382 2448//6382
f 6358//6384 2444//6385 6360//6385
f 2447//6384 2444//6385 6358//6384
f 6358//6378 6360//6378 6359//6378
